"tabela","indice","tipo_indice","reservado_kb","usado_kb","dados_kb","linhas"
"GE_LOG_PROCESSO","PK__GE_LOG_P__3765F658B450BAF7","CLUSTERED","3379528","3378896","3362088","12714111"
"IV_AgendaLog","PK__IV_Agend__3765F6589FEDCFFC","CLUSTERED","2833928","2833448","2819584","11143876"
"GE_LgTb","PK__GE_LgTb__3765F65882301789","CLUSTERED","2562736","2562536","2556024","11861777"
"IV_Historico","PK__IV_Historico__16300F6F","CLUSTERED","1018184","1018032","1014960","2485762"
"GE_LOG_PROCESSO","GE_LG_PRCIE3_3","NONCLUSTERED","834504","834184","824768","12714111"
"GE_Log2","PK__GE_Log2__017D4447051D4F7B","CLUSTERED","786120","785840","783128","4591737"
"GEP_SyncUsrSat","PK__GEP_Sync__7412625419799C95","CLUSTERED","711304","701496","695648","3970706"
"GE_LgTb","GE_LgTbIE1","NONCLUSTERED","577432","577280","573968","11861777"
"GEP_SyncUsrSat","GEP_SyncUsrSatIE1","NONCLUSTERED","570056","429800","419392","4838103"
"GEP_SyncUsrSat","NonClusteredIndex-20190205-100126","NONCLUSTERED","566984","550024","541016","3970717"
"GE_LOG_PROCESSO","GE_LG_PRC_IE1_3","NONCLUSTERED","564168","563864","559632","12714111"
"GEP_SyncUsrSat","IDX_GEP_SYNC_IE4","NONCLUSTERED","523080","370224","361944","4466865"
"GEP_SyncUsrSat","IDX_GEPSYNCUSRSAT_1","NONCLUSTERED","493192","396160","390480","4171088"
"X_TOTVS_CRM_FATURAMENTO","X_TOTVS_CRM_FATURAMENTO_PK","CLUSTERED","492424","475256","461000","809821"
"X_TOTVS_CRM_FATURAMENTO","X_TOTVS_CRM_FATURAMENTO_SUGES_01","NONCLUSTERED","485192","454176","450896","809821"
"IV_Processo","PK__IV_Processo__284EBFAA","CLUSTERED","474496","474256","473064","1190768"
"GE_LgTb","GE_LgTbIE2","NONCLUSTERED","473688","473560","471168","11861777"
"GEP_EMAILSENT","PK__GEP_EMAI__493CB61010EE67E7","CLUSTERED","467024","466168","193000","1172916"
"GE_LgTb","GE_LGTBIE3","NONCLUSTERED","447720","447664","445024","11861777"
"IV_Agenda","PK__IV_Agenda__6A518D31","CLUSTERED","440008","439792","438208","966941"
"GE_LOG_PROCESSO","GE_LG_PRCIE2_3","NONCLUSTERED","419656","419352","415328","12714111"
"IMP_Titulo","PK__IMP_Titu__A3113E5716634512","CLUSTERED","407768","403464","401304","892131"
"GEP_SyncUsrSat","gep_syncusrsat_dedup","NONCLUSTERED","390592","388928","384176","3970706"
"GEP_SyncUsrSat","GEP_SYNCUSRSATIE4","NONCLUSTERED","388104","284424","279960","4161294"
"X_TOTVS_CRM_FATURAMENTO","X_TOTVS_CRM_FATURAMENTO_SUGES_02","NONCLUSTERED","370760","358072","355728","809821"
"IV_ProcDado","PK__IV_ProcDado__26667738","CLUSTERED","360776","360528","359384","1532670"
"GEP_SyncUsrSat","NonClusteredIndex-20190205-095930","NONCLUSTERED","353480","279136","275128","3971625"
"X_TOTVS_CRM_FATURAMENTO","X_TOTVS_CRM_FATURAMENTO_ID_COD_CHAVE_ITEM","NONCLUSTERED","336776","147016","129696","809821"
"GEP_JobAgdExecLog","(heap)","HEAP","321808","320264","116592","2185808"
"GE_LOG_PROCESSO","GE_LG_PRCIE4_3","NONCLUSTERED","294088","293768","291664","12714111"
"X_TOTVS_CRM_FATURAMENTO","X_TOTVS_CRM_FATURAMENTO_ID_COD_CHAVE_NF","NONCLUSTERED","292552","119736","108520","809821"
"EXT_NFSItem","PK__EXT_NFSI__38CC6B8D9301B2E0","CLUSTERED","275328","275088","273880","1300126"
"GE_LgTb","XIE3GE_LgTb","NONCLUSTERED","272616","272496","271488","11861777"
"X_V_IMP_CRM_IMP_NF","X_V_IMP_CRM_IMP_NF_PK","CLUSTERED","254656","237512","236808","815854"
"X_TOTVS_CRM_FATURAMENTO","X_TOTVS_CRM_FATURAMENTO_ID_IDX","NONCLUSTERED","241032","103056","95728","809821"
"EXT_VeicPlanoMan","PK__EXT_Veic__39090714B3A2A698","CLUSTERED","219016","218944","218440","3571257"
"X_V_IMP_CRM_IMP_NF","X_V_IMP_CRM_IMP_NF_SQL_ITEM","NONCLUSTERED","212928","196064","191864","815854"
"GE_LOG_PESSOA","PK__GE_LOG_P__3765F658FF973A8C","CLUSTERED","211528","211272","210160","961628"
"EXT_VeicModelo","PK__EXT_Veic__B0D718B76029CE0C","CLUSTERED","209224","209176","208792","4431168"
"EXT_Titulo","PK__EXT_Titu__A3113E575E097FF1","CLUSTERED","207360","207136","206304","577925"
"X_V_IMP_CRM_IMP_NF","X_V_IMP_CRM_IMP_NF_ID_INTEGRADO_CHAVE_ITEM","NONCLUSTERED","193472","176064","172808","815854"
"X_T_IMP_CRM_TITULO","(heap)","HEAP","191824","190944","190864","958542"
"GE_LOG_HISTORICO","PK__GE_LOG_H__3765F658D516AC5F","CLUSTERED","186952","186472","185480","1048114"
"X_V_IMP_CRM_IMP_NF","X_V_IMP_CRM_IMP_NF_SQL_NF","NONCLUSTERED","183872","167552","164688","815854"
"IV_HistoricoNota","PK__IV_HistoricoNota__172433A8","CLUSTERED","178624","176696","3832","188666"
"GE_LOG_TRANS","PK__GE_LOG_T__3765F658708DDE74","CLUSTERED","171208","170968","170048","803647"
"GE_Log2","GE_Log2IE3","NONCLUSTERED","170376","170056","168792","4591737"
"GEP_Import_bkpjun","(heap)","HEAP","160712","160696","160688","502009"
"EXT_TituloMov","PK__EXT_Titu__1174875FAEF83FC2","CLUSTERED","156736","156472","155856","1134039"
"X_TOTVS_CRM_FATURAMENTO","X_TOTVS_CRM_FATURAMENTO_ID_ORIGEM_DATA","NONCLUSTERED","153608","61336","60680","809821"
"X_TOTVS_BI_FATURAMENTO_POS_VENDAS","PK__X_TOTVS___3214EC2781A7BF54","CLUSTERED","149136","148952","148368","407100"
"X_TOTVS_CRM_FATURAMENTO","X_TOTVS_CRM_FATURAMENTO_UN_CHAVE_ITEM","NONCLUSTERED","147784","70712","69168","809821"
"GE_Log2","GE_Log2IE4","NONCLUSTERED","147400","146880","145864","4591737"
"EXT_NFS","PK__EXT_NFS__0DD2EFAB5EEAC422","CLUSTERED","137344","137056","136576","390755"
"GE_LOG_EXT","PK__GE_LOG_E__3765F658AA2F0107","CLUSTERED","128776","128224","127520","622641"
"GE_Log2","GE_Log2IE1","NONCLUSTERED","127432","126960","126224","4591737"
"GE_Log2","GE_Log2IE2","NONCLUSTERED","120904","120400","119720","4591737"
"IV_Historico","IV_HISTORICOIE7","NONCLUSTERED","113032","112680","111904","2485762"
"X_V_IMP_CRM_IMP_NF","X_V_IMP_CRM_IMP_NF_ID_CHAVE_ITEM","NONCLUSTERED","94528","60744","59496","815854"
"GE_LOG_HISTORICO","GE_LG_HSTIE3_0","NONCLUSTERED","92360","91912","90584","1048114"
"GE_Figura","PK__GE_Figur__2158CC57DFAB1BB2","CLUSTERED","90536","90160","232","4886"
"IV_ClientePropr","PK__IV_ClientePropr__7B7C1933","CLUSTERED","86856","86064","85632","246938"
"EXT_VeicPlanoMan","XIE1EXT_VeicPlanoMan","NONCLUSTERED","85128","85088","84784","3571257"
"IV_Historico","IV_HistoricoIF1","NONCLUSTERED","84680","84440","83992","2485762"
"GE_LOG_PESSOA","GE_LG_PESIE3_1","NONCLUSTERED","83464","83200","82208","961628"
"IV_Historico","IV_HistoricoIE2","NONCLUSTERED","82184","81896","81432","2485762"
"IMP_OS","PK__IMP_OS__B87C231DD3D702B4","CLUSTERED","81976","81784","81320","287868"
"EXT_VeicModPlano","PK__EXT_Veic__E34788C6B6D17E3B","CLUSTERED","81480","81416","81168","3571235"
"IV_Historico","IV_HistoricoIE6","NONCLUSTERED","79688","79360","78888","2485762"
"IV_ProcStatMonit","PK__IV_ProcStatMonit__33C07256","CLUSTERED","74184","73920","73536","865629"
"GE_LOG_TRANS","GE_LG_TRNSIE3_7","NONCLUSTERED","72200","72080","71072","803647"
"EXT_VeicPlanoMan","XIF1EXT_VeicPlanoMan","NONCLUSTERED","71000","70960","70720","3571257"
"EXT_VeicModPlano","XIF1EXT_VeicModPlano","NONCLUSTERED","70984","70944","70720","3571235"
"EXT_VeicModPlano","XIF2EXT_VeicModPlano","NONCLUSTERED","70984","70944","70720","3571235"
"EXT_VeicModPlano","XPKEXT_VeicModPlano","NONCLUSTERED","70984","70944","70720","3571235"
"GE_Pessoa","PK__GE_Pesso__A374A08CC9348B76","CLUSTERED","70920","70696","70368","119345"
"EXT_VeicModelo","IDX_EXT_VEICMODFAM","NONCLUSTERED","70280","70248","70064","4431168"
"X_T_IMP_CRM_TITULO","X_T_IMP_CRM_TITULO_Obs_IDX","NONCLUSTERED","69768","51112","50248","479271"
"IMP_OSITEM","PK__IMP_OSIT__5F0501CC5A65BDA8","CLUSTERED","68216","67984","67728","399040"
"IMP_NFSItem","PK__IMP_NFSI__E3AB6FE0D943DCFE","CLUSTERED","65536","61792","61200","67404"
"IV_ProcFaseMonit","PK__IV_ProcF__318467F5627E6ACC","CLUSTERED","65096","64808","64440","666855"
"GE_LOG_HISTORICO","GE_LG_HSTIE1_0","NONCLUSTERED","64968","64544","63904","1048114"
"IV_Historico","IV_HistoricoIF2","NONCLUSTERED","62280","61928","61576","2485762"
"IV_Historico","IV_HistoricoIE5","NONCLUSTERED","61448","61128","60776","2485762"
"X_V_IMP_CRM_IMP_NF_BKP_18_09_2023","(heap)","HEAP","60680","60672","60664","415762"
"X_TOTVS_CRM_FATURAMENTO","X_TOTVS_CRM_FATURAMENTO_ID_DATA","NONCLUSTERED","60168","41464","41160","809821"
"IV_Agenda","IV_AgendaIE7","NONCLUSTERED","59208","58800","58240","966941"
"GE_LOG_EXT","GE_LG_EXTIE3_6","NONCLUSTERED","56776","56240","55528","622641"
"GE_LOG_PESSOA","GE_LG_PESIE1_1","NONCLUSTERED","56200","55568","55088","961628"
"IV_ClientePropr_ITA","(heap)","HEAP","52616","52576","52568","157900"
"J1_PRODUTO","PK__J1_PRODU__4C136A08F3FEAF76","CLUSTERED","52616","52256","51864","211292"
"IV_ProcDado","IV_ProcDadoIE5","NONCLUSTERED","52616","52328","51976","1532670"
"GE_LOG_TRANS","GE_LG_TRNSIE1_7","NONCLUSTERED","51080","50736","50160","803647"
"IVS_Pes","PK__IVS_Pes__1295DCF666F2779D","CLUSTERED","49992","49696","49360","139065"
"IV_ProcDado","IV_ProcDadoIE2","NONCLUSTERED","49224","48960","48632","1532670"
"IV_ProcDado","IV_ProcDadoIE1","NONCLUSTERED","48776","48528","48208","1532670"
"IV_Historico","IV_HistoricoPK","NONCLUSTERED","47560","47184","46968","2485762"
"EXT_NFSItem","XIF2EXT_NFSItem","NONCLUSTERED","47232","46864","46536","1300126"
"IV_Agenda","IV_AgendaIE12","NONCLUSTERED","45064","44656","44248","966941"
"IV_ProcDado","IV_ProcDadoIE4","NONCLUSTERED","44488","44088","43800","1532670"
"IV_ProcDado","IV_ProcDadoIE3","NONCLUSTERED","44424","44088","43792","1532670"
"IV_SelecaoPessoa","PK__IV_SelecaoPessoa__4D804459","CLUSTERED","44232","36848","36448","581059"
"X_T_IMP_CRM_TITULO_bkp_11_04","(heap)","HEAP","42320","42248","42224","242762"
"GEP_EMAILSENT","IDX_EMAILSENT_PARA","NONCLUSTERED","41928","41344","40712","586458"
"GE_PessoaSimilar","PK__GE_PessoaSimilar__36D1E92B","CLUSTERED","40592","40576","40352","124222"
"IV_Agenda","IV_AgendaIE2","NONCLUSTERED","40584","40192","39856","966941"
"J1_PRODUTO","J1_PRODUTO_IDX1","NONCLUSTERED","40200","39576","39224","211292"
"GE_Pessoa_BKPJUN","(heap)","HEAP","40008","39944","39936","88142"
"IV_STATUS_DEPTO","IDX_IV_STATUS_DEPTO1","NONCLUSTERED","39752","39496","39048","477344"
"IV_Agenda","IV_AgendaIE11","NONCLUSTERED","38728","37512","37224","966941"
"EXT_NFSItem","XIF3EXT_NFSItem","NONCLUSTERED","38272","37928","37632","1300126"
"IV_Agenda","IV_AgendaIF2","NONCLUSTERED","37448","37136","36856","966941"
"GE_LOG_EXT","GE_LG_EXTIE1_6","NONCLUSTERED","37384","36968","36592","622641"
"IV_ProcDado","IV_ProcDadoIF1","NONCLUSTERED","36872","36392","36168","1532670"
"IV_ProcLink","PK__IV_ProcL__DF64D5AE6076202E","CLUSTERED","36864","36720","36544","602150"
"GE_PessoaMural","PK__GE_PessoaMural__320D340E","CLUSTERED","36424","36376","36272","145313"
"IV_Processo","IV_ProcessoIE5","NONCLUSTERED","36344","36232","36024","1190768"
"GE_LOG_HISTORICO","GE_LG_HSTIE2_0","NONCLUSTERED","36232","35664","35248","1048114"
"IV_Processo","IV_ProcessoIE3","NONCLUSTERED","35960","35784","35576","1190768"
"IV_Processo","IV_ProcessoIE4","NONCLUSTERED","34992","34848","34656","1190768"
"IV_SelecaoPessoa","IV_SelecaoPessoIF2","NONCLUSTERED","34440","28584","28280","581059"
"GEP_JobAgdExecLog","XIE1GEP_JobAgdExecLo","NONCLUSTERED","34248","33672","33392","1092904"
"IV_SelecaoPessoa","IV_SelecaoPessoPK","NONCLUSTERED","33928","28192","27896","581059"
"IV_HistLink","PK__IV_HistLink__153BEB36","CLUSTERED","33600","33368","33208","645850"
"IV_Agenda","IV_AgendaIF1","NONCLUSTERED","33352","32936","32688","966941"
"EXT_Titulo_bkp_11_04","(heap)","HEAP","33096","33088","33080","108061"
"EXT_NFSItem","XIF4EXT_NFSItem","NONCLUSTERED","32896","32552","32296","1300126"
"IV_Agenda","IV_AgendaIE10","NONCLUSTERED","32840","32616","32336","966941"
"EXT_TituloMov","XIF1EXT_TituloMov","NONCLUSTERED","32640","32424","32184","1134039"
"IV_Interacao","PK__IV_Interacao__135E8FBC","CLUSTERED","30560","30408","30296","720525"
"GE_LOG_PESSOA","GE_LG_PESIE2_1","NONCLUSTERED","30472","30000","29680","961628"
"GE_LOG_TRANS","GE_LG_TRNSIE2_7","NONCLUSTERED","30280","29864","29504","803647"
"IV_ProcFaseMonit","XIE1IV_ProcFaseMonit","NONCLUSTERED","29896","29552","29240","666855"
"EXT_Titulo","EXT_TITULOIE2","NONCLUSTERED","29824","29480","29128","577925"
"IV_Agenda","IV_AgendaIE13","NONCLUSTERED","29704","29328","29088","966941"
"IV_Agenda","IV_AgendaIE9","NONCLUSTERED","28936","28536","28296","966941"
"IV_STATUS_DEPTO","(heap)","HEAP","28488","27600","27528","477344"
"GE_LOG_HISTORICO","GE_LG_HSTIE4_0","NONCLUSTERED","27720","27272","27016","1048114"
"IV_ProcDado","IV_ProcDadoPK","NONCLUSTERED","27592","27280","27120","1532670"
"IV_CbrCobrancaTitLog","PK__IV_CbrCo__A97CC778AC6220C4","CLUSTERED","27456","27136","26976","304684"
"IV_ProcStatMonit","IV_ProcStatMoniIF1","NONCLUSTERED","26440","25992","25800","865629"
"IV_ProcStatMonit","IV_ProcStatMoniPK","NONCLUSTERED","26440","25992","25800","865629"
"EXT_NFSItem","EXT_NFSITEMIF1","NONCLUSTERED","26368","26000","25824","1300126"
"EXT_Titulo","XIE5EXT_Titulo","NONCLUSTERED","26112","25344","25096","577925"
"IV_Agenda","IV_AgendaIE8","NONCLUSTERED","25864","25456","25248","966941"
"IMP_OSITEM","IDX_IMP_OSITEM_1","NONCLUSTERED","24760","23952","23688","399040"
"IV_SelecaoPessoa","IV_SelecaoPessoIF1","NONCLUSTERED","24584","24160","23968","581059"
"X_TOTVS_BI_FATURAMENTO_POS_VENDAS","X_TOTVS_BI_FATURAMENTO_POS_VENDAS_ID_IDX","NONCLUSTERED","24464","24360","23968","407100"
"EXT_Pessoa","PK__EXT_Pess__7061465DBCF5E474","CLUSTERED","24384","24024","23848","58204"
"IV_Agenda","IV_AgendaIF3","NONCLUSTERED","24136","23640","23432","966941"
"GE_LOG_PESSOA","GE_LG_PESIE4_1","NONCLUSTERED","23688","23264","23040","961628"
"EXT_Titulo","IDX_EXT_TITULO_01","NONCLUSTERED","23168","22792","22576","577925"
"GE_LOG_CONFIG","PK__GE_LOG_C__3765F65876E8FAF6","CLUSTERED","22856","22288","22104","110308"
"IV_Processo","IV_ProcessoPK","NONCLUSTERED","22064","21936","21824","1190768"
"IMP_OSITEM","IDX_IMP_OSITEM","NONCLUSTERED","21880","21200","20976","399040"
"IV_HistLink","IV_HistLinkIE2","NONCLUSTERED","21824","21608","21424","645850"
"GE_PessoaFonema","GE_PessoaFonemaIE1","NONCLUSTERED","21696","21424","21240","458635"
"IMP_OSITEM","XIE2IMP_OSITEM","NONCLUSTERED","21496","21280","21016","399040"
"IMP_NFS","PK__IMP_NFS__0DD2EFAB913F832D","CLUSTERED","21312","20728","20520","18378"
"GE_PessoaFonema","PK__GE_PessoaFonema__2F30C763","CLUSTERED","20808","20336","20152","458635"
"IV_ProcLink","IV_PROCLINK_IDX3","NONCLUSTERED","20736","20520","20264","602150"
"IV_ProcLink","IV_ProcLinkIE2","NONCLUSTERED","20608","20392","20208","602150"
"IV_ProcLink","IV_PROCLINKIE2x","NONCLUSTERED","20544","20392","20208","602150"
"IV_CBRTITULOHST","IDX_IV_CBRTITULOHST","CLUSTERED","20472","20416","20256","173530"
"GE_LOG_EXT","GE_LG_EXTIE2_6","NONCLUSTERED","20296","19872","19632","622641"
"EXT_OSITEM","PK__EXT_OSIT__4463D2A83E06D9B4","CLUSTERED","19256","19056","18912","182238"
"EXT_Titulo","XIF1EXT_Titulo","NONCLUSTERED","19200","18056","17888","577925"
"GE_LOG_TRANS","GE_LG_TRNSIE4_7","NONCLUSTERED","19016","18616","18416","803647"
"GE_PessoaFonema","GE_PessoaFonemaIF1","NONCLUSTERED","18952","18512","18336","458635"
"GE_PessoaFonema","GE_PessoaFonemaPK","NONCLUSTERED","18824","18512","18336","458635"
"IV_Questionario","PK__IV_Questionario__178D7CA5","CLUSTERED","18824","18448","18304","88017"
"IMP_Titulo","XPKIMP_Titulo","NONCLUSTERED","18520","18072","17912","892131"
"EXT_NFS","EXT_NFSIE4","NONCLUSTERED","18432","18248","18040","390755"
"IV_Interacao","XIE1IV_Interacao","NONCLUSTERED","18144","18000","17880","720525"
"IV_Agenda","IV_AgendaPK","NONCLUSTERED","17480","17048","16912","966941"
"DMN_DocHst","PK__DMN_DocH__AED5C93A318CF887","CLUSTERED","17480","16488","16312","189651"
"EXT_TituloMov","XPKEXT_TituloMov","NONCLUSTERED","17408","16968","16832","1134039"
"IV_ProcLink","XIF1IV_ProcLinkx","NONCLUSTERED","17344","17144","17000","602150"
"IMP_OS","EXT_OSAK1_0","NONCLUSTERED","16952","16760","16544","287868"
"IV_CBRCRITMON","PK__IV_CBRCR__5FA7721D9974E1CB","CLUSTERED","16896","16472","16328","128167"
"DMN_Doc","PK__DMN_Doc__E97A788829326739","CLUSTERED","16712","15464","15312","71488"
"IV_ProcFaseMonit","IV_PROCFASEMONIIF1","NONCLUSTERED","16648","16328","16176","666855"
"GE_PessoaFone","PK__GE_PessoaFone__77B67547","CLUSTERED","15944","15504","15360","113612"
"IV_CbrCobrancaTit","PK__IV_CbrCo__68594A6CB7EFF64E","CLUSTERED","15488","15304","15152","155204"
"GEP_EMAILSENT","IDX_EMAILSENT_DTAENVIO","NONCLUSTERED","15432","14928","14760","586458"
"EXT_Produto","PK__EXT_Prod__2E883C23F4043BB4","CLUSTERED","15232","14896","14784","78749"
"GE_Contato","PK__GE_Conta__3F7BFE1F99FB1C33","CLUSTERED","15048","14144","14000","41282"
"GE_LOG_EXT","GE_LG_EXTIE4_6","NONCLUSTERED","14856","14368","14192","622641"
"GE_PessoaNomeFonema","PK__GE_PessoaNomeFon__33015847","CLUSTERED","14536","14120","13984","152610"
"EXT_Titulo","EXT_TITULOIE1","NONCLUSTERED","14264","13864","13720","577925"
"EXT_Titulo","IDX_EXT_TITULO","NONCLUSTERED","14264","13864","13720","577925"
"EXT_NFS","EXT_NFS_IdNFS_IDX_Empresa_NRO_NF_Serie","NONCLUSTERED","13760","13560","13400","390755"
"IMP_OSITEM","IDX_IMP_OSITEM_0","NONCLUSTERED","13688","13248","13112","399040"
"GEP_EMAILSENT","IDX_EMAILSENT_ORIGEM","NONCLUSTERED","13640","13360","13216","586458"
"EXT_NFS","IDX_EXT_NFS_0","NONCLUSTERED","13056","12656","12528","390755"
"IV_HistLink","IV_HistLinkIE1","NONCLUSTERED","12928","12536","12416","645850"
"GE_Pessoa_ITA","(heap)","HEAP","12680","12656","12648","28377"
"IV_CbrCobrancaTitLog","XIF1IV_CbrCobrTitLog","NONCLUSTERED","12096","11704","11544","304684"
"IV_ProcLink","IV_ProcLinkIE1","NONCLUSTERED","11904","11712","11592","602150"
"IV_ProcLink","IV_PROCLINKIE1x","NONCLUSTERED","11904","11712","11592","602150"
"IV_HistLink","IV_HistLinkPK","NONCLUSTERED","11840","11544","11440","645850"
"X_TOTVS_BI_FATURAMENTO_POS_VENDAS","X_TOTVS_BI_FATURAMENTO_POS_VENDAS_ID_ORIGEM_DATA","NONCLUSTERED","11728","11664","11544","407100"
"EXT_NFS","XIF4EXT_NFS","NONCLUSTERED","11584","10256","10120","390755"
"IV_Ciencia","PK__IV_Ciencia__77AB884F","CLUSTERED","11400","10984","10872","173996"
"GEP_EMAILSENT","IDX_EMAILSENT_STATUS","NONCLUSTERED","11400","11024","10896","586458"
"EXT_NFS","XIE2EXT_NFS","NONCLUSTERED","11264","9880","9736","390755"
"IV_SMS","PK__IV_SMS__38DA2D2E","CLUSTERED","11256","10896","10784","26749"
"nfsaida$","(heap)","HEAP","11144","11144","11136","62619"
"EXT_NFS","XIE3EXT_NFS","NONCLUSTERED","11136","10760","10632","390755"
"GE_LOG_CONFIG","GE_LG_CFG_IE3_5","NONCLUSTERED","11080","10648","10448","110308"
"IV_Interacao","XIF1IV_Interacao","NONCLUSTERED","10976","10880","10808","720525"
"GE_PessoaNomeFonema","GE_PessoaNomeFoIE1","NONCLUSTERED","10952","10240","10080","152610"
"GE_PessoaNomeFonema","GE_PESSOANOMEFOIE2","NONCLUSTERED","10952","9952","9776","152610"
"IV_ProcPerspMonit","PK__IV_ProcPerspMoni__2D1374C7","CLUSTERED","10824","9856","9736","129453"
"IV_ClientePropr","IV_ClienteProprIE1","NONCLUSTERED","10568","9448","9296","246938"
"EXT_NFS","IDX_EXT_NFS","NONCLUSTERED","10560","9512","9368","390755"
"IMP_NFSItem","XIE2IMP_NFSItem","NONCLUSTERED","10488","10104","9888","67404"
"EXT_OSITEM","EXT_OSITEMIF1","NONCLUSTERED","10232","8736","8624","182238"
"EXT_OSITEM","IDX_EXT_OSITEM","NONCLUSTERED","10168","8752","8632","182238"
"IVS_Pes","UNQ_IVS_PESCRT","NONCLUSTERED","10096","9944","9848","139065"
"IV_ProcProduto","PK__IV_ProcProduto__2EFBBD39","CLUSTERED","9608","9224","9104","63675"
"EXT_NFS","IDX_EXT_NFS_1","NONCLUSTERED","9472","8376","8264","390755"
"EXT_Pessoa_bkpago22","(heap)","HEAP","9104","9048","9032","27280"
"IV_ClientePropr","IV_ClienteProprIF1","NONCLUSTERED","9032","8408","8280","246938"
"GE_PessoaFone_BKPJUN","(heap)","HEAP","8840","8816","8808","69894"
"EXT_NFS","XIF5EXT_NFS","NONCLUSTERED","8832","7912","7792","390755"
"GE_Pessoa","GE_PessoaIE1","NONCLUSTERED","8824","8456","8320","119345"
"IMP_NFSItem","IDX_IMP_NFSITEM","NONCLUSTERED","8768","8392","8256","67404"
"IMP_OS","XIE3IMP_OS","NONCLUSTERED","8632","8248","8112","287868"
"DMN_DocPes","PK__DMN_DocP__3DE3070415A7C5CC","CLUSTERED","8008","6920","6800","76610"
"IV_ProcDocto","PK__IV_ProcDocto__275A9B71","CLUSTERED","7368","6384","6264","76693"
"IMP_OS","IDX_IMP_OS","NONCLUSTERED","7224","6776","6672","287868"
"GE_Email","PK_GE_Email","CLUSTERED","7104","5848","5752","39402"
"IV_Q_ACOMPANH_VENDA_JDE","(heap)","HEAP","7032","5840","5784","12686"
"GE_UsrParam","PK__GE_UsrParam__4CC12A4A","CLUSTERED","7008","4416","4288","17043"
"GE_LOG_CONFIG","GE_LG_CFG_IE1_5","NONCLUSTERED","6984","6600","6464","110308"
"GE_PessoaMural","GE_PessoaMuralIE3","NONCLUSTERED","6872","6672","6600","145313"
"EXT_NFS","IDX_EXT_NFS_2","NONCLUSTERED","6848","5896","5800","390755"
"EXT_NFS","IDX_EXT_NFS_3","NONCLUSTERED","6848","5896","5800","390755"
"GE_Contato_BKPJUN","(heap)","HEAP","6664","6664","6656","28051"
"IV_ClientePropr","IV_ClienteProprIF2","NONCLUSTERED","6600","5544","5440","246938"
"IV_ClientePropr","IV_ClienteProprIE2","NONCLUSTERED","6600","5680","5568","246938"
"IV_ProcRef","PK__IV_ProcRef__2FEFE172","CLUSTERED","6576","6168","6040","61975"
"DMN_DocHst","DMN_DocHstIF1","NONCLUSTERED","6536","5552","5440","189651"
"DMN_DocHst","DMN_DocHstPK","NONCLUSTERED","6536","5552","5440","189651"
"IV_Ciencia","IV_CienciaIF1","NONCLUSTERED","6472","5424","5320","173996"
"IV_Ciencia","IV_CienciaPK","NONCLUSTERED","6472","5424","5320","173996"
"IV_CBRTITULOHST","XIE1IV_CBRTITULOHST","NONCLUSTERED","6472","6432","6376","173530"
"IV_CbrCobrancaTit","XIF1IV_CbrCobrancaTi","NONCLUSTERED","6464","5904","5792","155204"
"IV_CBRTITULOHST","XIF1IV_CBRTITULOHST","NONCLUSTERED","6448","6064","5968","173530"
"GE_PessoaSimilar","GE_PessoaSimilaIE2","NONCLUSTERED","6416","6360","6288","124222"
"GE_PessoaSimilar","GE_PessoaSimilaIE3","NONCLUSTERED","6104","6000","5936","124222"
"GE_PessoaLink","GE_PessoaLinkPK","NONCLUSTERED","6040","4696","4576","33353"
"X_TOTVS_BI_FATURAMENTO_POS_VENDAS","X_TOTVS_BI_FATURAMENTO_POS_VENDAS_ID_DATA","NONCLUSTERED","5904","5776","5728","407100"
"GE_Pessoa","GE_PessoaIF1","NONCLUSTERED","5896","4584","4480","119345"
"IV_CbrCobrancaTit","XIF2IV_CbrCobrancaTi","NONCLUSTERED","5824","5168","5064","155204"
"IV_CbrCobrancaTit","XPKIV_CbrCobrancaTit","NONCLUSTERED","5824","5168","5064","155204"
"GEP_JOBFILALOG","PK__GEP_JOBFILALOG__25C758BA","CLUSTERED","5768","4456","4360","14704"
"GE_PessoaFone_ITA","(heap)","HEAP","5768","5744","5736","42594"
"GE_ContatoPapel","PK__GE_Conta__22882B3AB9AB6E3F","CLUSTERED","5768","4744","4624","43663"
"GE_PessoaFone","XIF1GE_PessoaFone","NONCLUSTERED","5704","4816","4712","113612"
"IV_CbrCobranca","PK__IV_CbrCo__02685989C26828CE","CLUSTERED","5696","4912","4824","64449"
"GE_PessoaLink_BKPJUN","(heap)","HEAP","5640","5616","5608","90857"
"GE_PessoaLink_bkpago22","(heap)","HEAP","5512","5488","5480","92068"
"IV_CbrCobrancaTitLog","XPKIV_CbrCobrTitLog","NONCLUSTERED","5440","4616","4528","304684"
"GE_Pessoa","GE_PessoaIE4","NONCLUSTERED","5384","4160","4056","119345"
"IMP_NFSItem","IDX_IMP_NFSITEM_1","NONCLUSTERED","5376","5016","4920","67404"
"GE_PessoaSimilar","GE_PessoaSimilaPK","NONCLUSTERED","5328","5304","5256","124222"
"GE_PessoaSimilar","GE_PessoaSimilaIF1","NONCLUSTERED","5328","5304","5256","124222"
"GE_PessoaNomeFonema","GE_PessoaNomeFoIF1","NONCLUSTERED","5256","4200","4104","152610"
"GE_PessoaLink","GE_PessoaLinkIF1","NONCLUSTERED","5248","4352","4256","33353"
"EXT_Produto","IDX_EXT_PRODUTO","NONCLUSTERED","5248","4176","4072","78749"
"GE_PessoaNomeFonema","GE_PessoaNomeFoPK","NONCLUSTERED","5192","4200","4104","152610"
"GE_LOG_CONFIG","GE_LG_CFG_IE2_5","NONCLUSTERED","5064","4544","4424","110308"
"IMP_OS","IDX_IMP_OS_0","NONCLUSTERED","5048","4424","4344","287868"
"GE_Pessoa","GE_PessoaIE5","NONCLUSTERED","5000","4040","3936","119345"
"GE_PessoaFone","XIE1GE_PessoaFone","NONCLUSTERED","4992","4048","3952","113612"
"IV_ClientePropr","IV_ClienteProprPK","NONCLUSTERED","4936","4056","3960","246938"
"IV_ProcPerspMonit","IV_ProcPerspMonIF1","NONCLUSTERED","4936","3784","3680","129453"
"IV_ProcPerspMonit","IV_ProcPerspMonPK","NONCLUSTERED","4872","3968","3872","129453"
"IV_ProcRef","IV_ProcRefIE1","NONCLUSTERED","4848","4352","4264","61975"
"GE_LOG_CONTATO","PK__GE_LOG_C__3765F65893DA8C1D","CLUSTERED","4808","3880","3784","19925"
"GE_Pessoa","GE_PessoaIE2","NONCLUSTERED","4800","3712","3616","119345"
"GE_PessoaSimilar","GE_PessoaSimilaIF2","NONCLUSTERED","4752","4712","4664","124222"
"GE_Pessoa","GE_PessoaIE6","NONCLUSTERED","4744","3640","3536","119345"
"GE_Pessoa","idxGE_PESSOAPRC","NONCLUSTERED","4736","3976","3880","119345"
"GE_PessoaMural","GE_PessoaMuralIE2","NONCLUSTERED","4696","4448","4392","145313"
"GE_Pessoa","GE_PessoaIF2","NONCLUSTERED","4680","3616","3520","119345"
"GE_PessoaMural","GE_PessoaMuralIE1","NONCLUSTERED","4624","4488","4448","145313"
"GE_Pessoa","GE_PessoaIE7","NONCLUSTERED","4616","3864","3760","119345"
"IVS_PES_NELSON","(heap)","HEAP","4488","4416","4408","134872"
"IV_SMSLog","PK__IV_SMSLog__39CE5167","CLUSTERED","4456","4104","4040","27430"
"GE_UsuarioPerm","GE_USUARIOPERMIE2","NONCLUSTERED","4424","3312","3200","38684"
"GE_PessoaVersao","PK__GE_PessoaVersao__38BA319D","CLUSTERED","4416","3728","3632","12021"
"EXT_Produto","EXT_PRODUTOAK1","NONCLUSTERED","4352","3280","3192","78749"
"GE_UsuarioPerm","IDX_GE_USUARIOPERM_01","NONCLUSTERED","4296","3216","3104","38684"
"GE_UsuarioPerm","GE_UsuarioPermIF1","NONCLUSTERED","4288","3224","3112","38684"
"EXT_Pessoa","EXT_PESSOAIE3_0x","NONCLUSTERED","4280","3784","3688","58204"
"IV_ProcRef","IV_ProcRefIF1","NONCLUSTERED","4272","3952","3856","61975"
"IV_ProcRef","IV_ProcRefPK","NONCLUSTERED","4272","3952","3856","61975"
"EXT_Titulo_BKP_22_03_2023_BAIXADOS","(heap)","HEAP","4232","4232","4224","16705"
"GE_UsuarioPerm","PK__GE_UsuarioPerm__4F9D96F5","CLUSTERED","4160","3160","3064","38684"
"GE_UsrParam","GE_UsrParamPK","NONCLUSTERED","4128","2512","2400","17043"
"GE_UsrParam","GE_UsrParamIF1","NONCLUSTERED","4120","2504","2400","17043"
"DMN_DocPes","DMN_DocPesPK","NONCLUSTERED","4040","3328","3232","76610"
"IV_Questionario","IV_QuestionarioIE3","NONCLUSTERED","4040","3160","3064","88017"
"IV_Questionario","IV_QuestionarioIF1","NONCLUSTERED","4040","3232","3136","88017"
"GE_ContatoPapel","GE_ContatoPapelIF1","NONCLUSTERED","4032","3008","2912","43663"
"GE_ContatoPapel","GE_ContatoPapelPK","NONCLUSTERED","4032","3008","2912","43663"
"GE_PessoaLink","(heap)","HEAP","3960","2696","2640","33353"
"DMN_DocPes","DMN_DocPesIF1","NONCLUSTERED","3912","3328","3232","76610"
"GE_UsuarioPerm","GE_UsuarioPermIE1","NONCLUSTERED","3912","2840","2736","38684"
"GE_UsuarioPerm","GE_UsuarioPermPK","NONCLUSTERED","3912","2920","2816","38684"
"IV_Questionario","IV_QUESTIONARIE3","NONCLUSTERED","3912","3136","3040","88017"
"IMP_NFS","EXT_NFSIE4_0","NONCLUSTERED","3896","3528","3424","18378"
"GE_Pessoa","GE_PessoaIE8","NONCLUSTERED","3880","3440","3368","119345"
"IV_Resultado","PK__IV_Resultado__43F6DA1F","CLUSTERED","3848","3120","3040","4209"
"GE_Pessoa","GE_PessoaIF3","NONCLUSTERED","3784","2856","2760","119345"
"GE_Pessoa","GE_PessoaIF4","NONCLUSTERED","3784","2856","2760","119345"
"GE_PessoaFone","XIF2GE_PessoaFone","NONCLUSTERED","3784","2848","2752","113612"
"IV_Questionario","IV_QuestionarioIE1","NONCLUSTERED","3720","2952","2856","88017"
"EXT_VeicProp","PK__EXT_Veic__B440E9300166C7A2","CLUSTERED","3640","2832","2768","12621"
"GE_PessoaLinkbkp","(heap)","HEAP","3592","3568","3560","58741"
"GE_LOG_CONFIG","GE_LG_CFG_IE4_5","NONCLUSTERED","3592","3080","2984","110308"
"IVS_Pes_RAO_Pneus_02_03","(heap)","HEAP","3536","3528","3512","18261"
"IV_ProcDocto","IV_ProcDoctoIF2","NONCLUSTERED","3528","2856","2760","76693"
"IV_ProcDocto","IV_ProcDoctoPK","NONCLUSTERED","3528","2856","2760","76693"
"GEP_ImportAprovacao","PK__GEP_Impo__CA1E3C887E7F7B16","CLUSTERED","3520","3440","3368","4875"
"IV_Questionario","IV_QuestionarioIF2","NONCLUSTERED","3464","2712","2616","88017"
"IVS_TGLCLICLIENT","(heap)","HEAP","3464","3424","3416","16654"
"GE_ModuloPerm","PK__GE_Modul__A5B7226E7DE5B431","CLUSTERED","3176","2848","2776","25218"
"GE_Email","XIE1GE_Email","NONCLUSTERED","3144","2416","2320","39402"
"IV_Questionario","IV_QuestionarioIE2","NONCLUSTERED","3080","2424","2328","88017"
"EXT_Pessoa","XIF1EXT_Pessoa","NONCLUSTERED","3000","2456","2376","58204"
"IV_CbrCobranca","XIF1IV_CbrCobranca","NONCLUSTERED","3000","2368","2304","64449"
"GE_PessoaMural","GE_PessoaMuralPK","NONCLUSTERED","2960","2768","2744","145313"
"IV_ProcProduto","IV_ProcProdutoPK","NONCLUSTERED","2952","2184","2104","63675"
"EXT_VeicKM","PK__EXT_Veic__9A698ECD58A0C5FB","CLUSTERED","2872","2144","2080","17378"
"IV_Questionario","IDX_IV_QUESTIONARIO","NONCLUSTERED","2824","2192","2112","88017"
"DMN_DocPes","DMN_DocPesIF2","NONCLUSTERED","2760","2128","2048","76610"
"GE_Pessoa","GE_PessoaIE3","NONCLUSTERED","2744","2176","2112","119345"
"IV_SelecaoCriterio","PK__IV_SelecaoCriter__4C8C2020","CLUSTERED","2680","1904","400","5784"
"EXT_Veic","PK__EXT_Veic__A8BACEFE00A0ED18","CLUSTERED","2608","2152","2096","8020"
"GE_ModuloPerm","GE_ModuloPermPK","NONCLUSTERED","2600","2280","2216","25218"
"GE_ContatoPapel_BKPJUN","(heap)","HEAP","2568","2560","2552","35413"
"GE_Contato","GE_ContatoIE2","NONCLUSTERED","2568","1896","1816","41282"
"IV_ProcDocto","IV_ProcDoctoIF3","NONCLUSTERED","2568","1944","1864","76693"
"EXT_Pessoa","EXT_PESSOAIE4_0x","NONCLUSTERED","2552","2024","1960","58204"
"GE_ModuloPerm","GE_ModuloPermIF1","NONCLUSTERED","2536","2224","2160","25218"
"GE_PessoaLink","IDX_GE_PESSOALINK_01","NONCLUSTERED","2504","1888","1792","33353"
"GE_Pessoa","GE_PessoaPK","NONCLUSTERED","2496","1848","1776","119345"
"GE_Contato","GE_ContatoIE1","NONCLUSTERED","2496","1912","1840","41282"
"GE_LOG_CONTATO","GE_LG_CTTOIE3_2","NONCLUSTERED","2440","1800","1704","19925"
"GE_ModuloPerm","GE_ModuloPermIF2","NONCLUSTERED","2392","2176","2128","25218"
"GE_ModuloPerm","GE_ModuloPermIF3","NONCLUSTERED","2384","2088","2016","25218"
"GE_Contato_ITA","(heap)","HEAP","2376","2320","2312","10866"
"DMN_Doc","DMN_DocIF1","NONCLUSTERED","2376","1896","1816","71488"
"IV_GlobalPar","PK__IV_GlobalPar__125F7E8B","CLUSTERED","2376","1144","1064","3403"
"IV_CbrCobranca","XIF3IV_CbrCobranca","NONCLUSTERED","2304","1744","1672","64449"
"IV_HistoricoNota","IV_HistoricoNotPK","NONCLUSTERED","2232","1624","1560","94333"
"GE_PessoaEndOutroBc","PK__GE_Pesso__E57719785504518C","CLUSTERED","2224","1824","1768","30943"
"IV_CbrCobranca","XIF4IV_CbrCobranca","NONCLUSTERED","2168","1600","1536","64449"
"IV_CbrCobranca","XIF2IV_CbrCobranca","NONCLUSTERED","2168","1600","1536","64449"
"IMP_NFS","IDX_IMP_NFS","NONCLUSTERED","2168","1904","1840","18378"
"IV_Q_ACOMPANHAM_VENDA_IMP","(heap)","HEAP","2160","1584","1536","6616"
"EXT_OS","PK__EXT_OS__B87C231D41A98A61","CLUSTERED","2104","1832","1768","8099"
"IV_Q_COMISSAO","(heap)","HEAP","2096","1584","1536","7165"
"GE_PessoaEnd","PK__GE_Pesso__E57719780F636BA5","CLUSTERED","1976","1576","1512","6480"
"GE_Contato","PK_GE_CONTATO","NONCLUSTERED","1928","1448","1368","41282"
"GE_PessoaFis","PK__GE_Pesso__A374A08C147780FC","CLUSTERED","1912","1448","1384","5314"
"IV_AcaoAuto","PK__IV_AcaoAuto__63A48FA2","CLUSTERED","1896","1464","1384","5958"
"GEP_Import","PK__GEP_Import__5832DCF6","CLUSTERED","1864","960","872","743"
"IV_Questionario","IV_QuestionarioPK","NONCLUSTERED","1800","1472","1392","88017"
"GE_Contato","GE_ContatoIF1","NONCLUSTERED","1792","1344","1272","41282"
"GE_Contato","GE_ContatoPK","NONCLUSTERED","1792","1344","1272","41282"
"EXT_Pessoa","IDX_EXT_PESSOA","NONCLUSTERED","1792","1472","1400","58204"
"IV_Q_ACOMP_VEND_MAQUINAS","(heap)","HEAP","1776","1488","1440","1535"
"teste333","(heap)","HEAP","1736","1688","1680","24024"
"GE_LOG_CONTATO","GE_LG_CTTOIE1_2","NONCLUSTERED","1728","1296","1224","19925"
"EXT_Produto","IDX_EXT_PRODUTO_ERP","NONCLUSTERED","1720","1240","1176","78749"
"GE_PessoaLink_ITA","(heap)","HEAP","1672","1616","1608","24864"
"DMN_Doc","DMN_DocPK","NONCLUSTERED","1608","1200","1120","71488"
"GE_UsuarioPerm_BKPJUN","(heap)","HEAP","1608","1576","1568","31120"
"GE_PessoaEndOutroBc","GE_PessoaEndOutAK1","NONCLUSTERED","1584","1240","1184","30943"
"IMP_NFS","IDX_IMP_NFS_0","NONCLUSTERED","1512","1240","1192","18378"
"IMP_NFS","IDX_IMP_NFS_1","NONCLUSTERED","1512","1240","1192","18378"
"IMP_REL_TBA101_PG2","(heap)","HEAP","1488","1440","1424","4674"
"IV_CbrCobranca","XPKIV_CbrCobranca","NONCLUSTERED","1464","1024","960","64449"
"IV_SMS","IV_SMSIE1","NONCLUSTERED","1448","1208","1160","26749"
"GE_Cidade","PK__GE_Cidad__95B1809438B79C47","CLUSTERED","1440","1240","1200","10214"
"IV_Q_ACOMPANHAMENTO_VENDA","(heap)","HEAP","1416","744","736","1715"
"GE_PessoaLink","IDX_GE_PESSOALINK_U01","NONCLUSTERED","1400","856","792","33353"
"IV_SMSLog","IV_SMSLOGIF1","NONCLUSTERED","1384","1032","984","27430"
"IVS_TGLCLIFIS","(heap)","HEAP","1344","1304","1296","11232"
"GE_PessoaNota","PK__GE_PessoaNota__33F57C80","CLUSTERED","1344","1136","64","2464"
"IV_CbrCobrancaLote","PK__IV_CbrCo__4E4659D22F91BDB9","CLUSTERED","1344","960","888","21048"
"IV_Q_VENDA_EQUIPAMENTO","(heap)","HEAP","1320","1200","1160","2715"
"mig_ge_pessoa_bkp","(heap)","HEAP","1288","1240","1232","28084"
"GE_Cidade_BKPJUN","(heap)","HEAP","1288","1264","1256","9966"
"GE_PessoaRelacao","PK__GE_PessoaRelacao__35DDC4F2","CLUSTERED","1264","968","912","5601"
"EXT_Titulo_BKP_22_03_2023","(heap)","HEAP","1224","1168","1160","4635"
"X_TOTVS_BI_FATURAMENTO_MAQUINAS","(heap)","HEAP","1200","1040","992","9224"
"GE_PessoaEndOutroBc","GE_PessoaEndOutIF1","NONCLUSTERED","1192","872","824","30943"
"GE_PessoaEndOutroBc","GE_PessoaEndOutPK","NONCLUSTERED","1192","872","824","30943"
"EXT_VeicKM","XIF2EXT_VeicKM","NONCLUSTERED","1136","808","752","17378"
"EXT_VeicKM","XIF3EXT_VeicKM","NONCLUSTERED","1136","792","736","17378"
"EXT_VeicKM","IDX_EXT_VEICKM_0","NONCLUSTERED","1136","800","744","17378"
"IV_SMS","XIE3IV_SMS","NONCLUSTERED","1128","1024","976","26749"
"IV_SMS","IV_SMSIF3","NONCLUSTERED","1128","1008","960","26749"
"IV_RESULTADO_3110","(heap)","HEAP","1096","1056","1048","2826"
"IMP_NFS","XIE3IMP_NFS","NONCLUSTERED","1088","912","840","18378"
"IV_CbrCobrancaLote","XIF1IV_CbrCobrancaLo","NONCLUSTERED","1080","744","680","21048"
"IV_Q_GESTAO_CREDITO","(heap)","HEAP","1072","904","856","1506"
"IV_SMSLog","XIE1IV_SMSLog","NONCLUSTERED","1064","808","760","27430"
"IV_Q_AFERICAO_PECAS","(heap)","HEAP","1032","472","464","1719"
"IV_Questao","PK__IV_Questao__13BCEBC1","CLUSTERED","1016","704","640","2303"
"GE_CampoMemo","PK_GE_CampoMemo","CLUSTERED","1016","624","560","3275"
"GE_Email","XPKGE_Email","NONCLUSTERED","1016","712","648","39402"
"GE_LOG_CONTATO","GE_LG_CTTOIE2_2","NONCLUSTERED","1008","688","632","19925"
"IV_AgdLink","PK__IV_AgdLi__2C94937421555E39","CLUSTERED","1008","728","672","4534"
"IV_SMS","IV_SMSIF1","NONCLUSTERED","1008","704","648","26749"
"IV_SMS","IV_SMSIF2","NONCLUSTERED","1000","688","640","26749"
"IV_SMS","IV_SMSIF4","NONCLUSTERED","1000","688","640","26749"
"IV_SMS","XIF5IV_SMS","NONCLUSTERED","1000","688","640","26749"
"IV_HistInfo","PK__IV_HistInfo__6A7188C2","CLUSTERED","968","792","720","17250"
"IMP_LINKPESSOA","(heap)","HEAP","968","960","952","20757"
"IMP_REL_TBA101","(heap)","HEAP","944","376","328","906"
"GE_Usuario","PK__GE_Usuario__4DB54E83","CLUSTERED","944","664","608","1388"
"IV_Q_INCENTIVO","(heap)","HEAP","944","648","600","2079"
"IV_SMS","IV_SMSIE2","NONCLUSTERED","936","672","624","26749"
"GE_QVCons","PK__GE_QVCons__414F779E","CLUSTERED","936","616","48","268"
"IV_Q_VENDA","(heap)","HEAP","896","696","632","2806"
"IV_ResMsgPapel","PK__IV_ResMsgPapel__420E91AD","CLUSTERED","896","648","576","1338"
"EXT_VeicProp","IDX_EXT_VeicPrpNF","NONCLUSTERED","880","616","560","12621"
"GE_CampoMemo","GE_CampoMemoIF1","NONCLUSTERED","880","600","528","3275"
"GE_CampoMemo","GE_CampoMemoPK","NONCLUSTERED","880","600","528","3275"
"OUT_Pessoa","PK_OUT_Pessoa","CLUSTERED","848","800","784","1918"
"IV_Q_OS_GARANTIA","(heap)","HEAP","824","664","608","7786"
"EXT_OS","EXT_OSAK1","NONCLUSTERED","824","672","608","8099"
"EXT_VeicKM","IDX_EXT_VEICKM","NONCLUSTERED","816","584","528","17378"
"GE_PessoaEnd_BKPJUN","(heap)","HEAP","776","728","720","3739"
"IMP_Titulo_bkp_11_04","(heap)","HEAP","776","768","760","2168"
"IV_AgendaCtrl","PK__IV_AgendaCtrl__6B45B16A","CLUSTERED","768","512","456","1172"
"EXT_VeicProp","IDX_EXT_VEICPROP_0","NONCLUSTERED","752","544","488","12621"
"EXT_VeicProp","XIF3EXT_VeicProp","NONCLUSTERED","744","544","496","12621"
"GE_LOG_CONTATO","GE_LG_CTTOIE4_2","NONCLUSTERED","744","520","472","19925"
"EXT_VeicProp","IDX_EXT_VEICPROP","NONCLUSTERED","736","504","464","12621"
"IV_Q_AFERICAO_SERVICOS","(heap)","HEAP","712","240","232","635"
"IV_PropriLista","PK__IV_PropriLista__3C55B857","CLUSTERED","680","512","464","7375"
"EXT_Veic","IDX_EXT_VEIC_CHASSI","NONCLUSTERED","680","432","384","8020"
"EXT_Veic","IDX_EXT_VEIC_CHSC","NONCLUSTERED","680","472","424","8020"
"GE_PessoaRelacao","GE_PessoaRelacaIE1","NONCLUSTERED","680","480","432","5601"
"GE_PessoaRelacao_BKPJUN","(heap)","HEAP","648","640","632","5543"
"IV_AgendaCtrl","IV_AgendaCtrlIF2","NONCLUSTERED","632","408","360","1172"
"IV_Operador","PK__IV_Operador__1BE8E8C5","CLUSTERED","624","432","376","941"
"IV_AgdLink","IV_AGDLINKIE2","NONCLUSTERED","616","416","368","4534"
"GE_PessoaRelacao","GE_PessoaRelacaIE3","NONCLUSTERED","616","448","400","5601"
"GE_PessoaRelacao","GE_PessoaRelacaPK","NONCLUSTERED","608","424","384","5601"
"GE_PessoaRelacao","GE_PessoaRelacaIE2","NONCLUSTERED","608","424","384","5601"
"IV_Q_GESTAO_CREDITO_IMP","(heap)","HEAP","608","440","408","807"
"ww","(heap)","HEAP","584","552","544","8991"
"EXT_OS","IDX_EXT_OS_SEQP","NONCLUSTERED","560","416","360","8099"
"IV_CbrCobrancaLote","XPKIV_CbrCobrancaLot","NONCLUSTERED","560","376","320","21048"
"IV_AgdLink","IV_AGDLINKIE1","NONCLUSTERED","552","344","296","4534"
"X_TOTVS_BI_FATURAMENTO_MAQUINAS","X_TOTVS_BI_FATURAMENTO_MAQUINAS_filial_IDX","NONCLUSTERED","552","424","376","4612"
"IV_Q_CONT_COMISSAO_22","(heap)","HEAP","552","408","368","2251"
"IV_Q_VENDA_AMS","(heap)","HEAP","552","376","336","775"
"IV_QuestaoLista","PK__IV_QuestaoLista__15A53433","CLUSTERED","544","400","360","3995"
"X_TOTVS_BI_FATURAMENTO_MAQUINAS","X_TOTVS_BI_FATURAMENTO_MAQUINAS_seq_pessoa_IDX","NONCLUSTERED","544","368","328","9224"
"EXT_Veic","IDX_EXT_VEIC","NONCLUSTERED","544","352","312","8020"
"GE_PessoaEnd_ITA","(heap)","HEAP","520","480","472","2779"
"X_T_IMP_CRM_VEICULO","X_T_IMP_CRM_VEICULO_PK","CLUSTERED","520","400","384","7279"
"IVS_TGLCLIJUR","(heap)","HEAP","520","512","504","5438"
"IV_GlobalPar","IV_GLOBALPAR_IDX1","NONCLUSTERED","512","296","224","3403"
"EXT_OS","IDX_EXT_OS","NONCLUSTERED","504","360","296","8099"
"IV_AcaoAuto","IV_AcaoAutoIF2","NONCLUSTERED","496","312","256","5958"
"IV_AcaoAuto","IV_AcaoAutoIF3","NONCLUSTERED","488","312","264","5958"
"IV_HistInfo","XIF1IV_HistInfo","NONCLUSTERED","488","312","272","17250"
"IV_Acao","PK__IV_Acao__61BC4730","CLUSTERED","488","328","280","980"
"IV_Q_SERVICO_EXTERNOS_JD","(heap)","HEAP","488","352","312","1662"
"IV_Q_PECAS_AFERICAO","(heap)","HEAP","488","312","272","5174"
"IV_Q_AVALIA_USADO_ENTRADA","(heap)","HEAP","488","320","280","823"
"IV_Q_ADM_FINANCEIRO","(heap)","HEAP","488","312","272","1884"
"IV_Q_ACOMP_VENDA_FINANC","(heap)","HEAP","480","352","320","2605"
"IV_Q_VENDA_SEMINOVO","(heap)","HEAP","480","328","296","3072"
"EXT_Veic","IDX_EXT_VEIC_MOD","NONCLUSTERED","480","320","280","8020"
"GE_PessoaVersao","GE_PessoaVersaoIF1","NONCLUSTERED","464","328","304","12021"
"GE_PessoaVersao","GE_PessoaVersaoPK","NONCLUSTERED","464","328","304","12021"
"GEP_ImportTry","PK__GEP_ImportTry__5927012F","CLUSTERED","464","288","240","2631"
"IV_Q_AFERICAO_VENDA_MQ_IM","(heap)","HEAP","456","152","144","604"
"IV_AgendaCtrl","IV_AgendaCtrlPK","NONCLUSTERED","448","312","256","1172"
"IV_AgendaCtrl","IV_AgendaCtrlIF1","NONCLUSTERED","448","312","256","1172"
"EXT_Veic","IDX_EXT_VEICPLMAN","NONCLUSTERED","432","264","208","8020"
"IV_Resultado","IV_ResultadoIE1","NONCLUSTERED","432","280","224","4209"
"IV_QuestaoLista","IV_QuestaoListaIF1","NONCLUSTERED","424","272","224","3995"
"IV_QuestaoLista","IV_QuestaoListaPK","NONCLUSTERED","424","272","224","3995"
"EXT_Veic","XIF4EXT_Veic","NONCLUSTERED","424","272","224","8020"
"IV_ClienteAtrib","PK__IV_ClienteAtrib__7993D0C1","CLUSTERED","416","304","264","2018"
"GE_PessoaEnd","GE_PessoaEndIF1","NONCLUSTERED","408","312","280","6480"
"GE_PessoaEnd","GE_PessoaEndIF2","NONCLUSTERED","408","296","264","6480"
"IV_Q_VENDA_PERDIDA","(heap)","HEAP","400","288","272","1511"
"IV_TxtPadrao","PK__IV_TxtPadrao__4F688CCB","CLUSTERED","400","224","56","424"
"IV_PropriLista_ITA","(heap)","HEAP","392","368","360","7520"
"GE_PessoaRelacao_ITA","(heap)","HEAP","392","352","344","3092"
"GE_ContatoPapel_ITA","(heap)","HEAP","392","336","328","5032"
"IV_Q_OS_GARANTIA","PK__IV_Q_OS___7484C68CA7116901","NONCLUSTERED","360","232","184","7786"
"IV_ResultadoCmpl","PK__IV_ResultadoCmpl__44EAFE58","CLUSTERED","360","208","160","3113"
"X_TOTVS_BI_FATURAMENTO_MAQUINAS","X_TOTVS_BI_FATURAMENTO_MAQUINAS_cod_produto_IDX","NONCLUSTERED","352","232","192","4612"
"IV_PropriLista","IV_PropriListaIF1","NONCLUSTERED","352","288","248","7375"
"IV_PropriLista","IV_PropriListaPK","NONCLUSTERED","352","288","248","7375"
"IV_Q_COMISSAO","PK__IV_Q_COMISSAO__2EB1A476","NONCLUSTERED","352","208","168","7165"
"GE_PessoaFis","GE_PessoaFisIF2","NONCLUSTERED","352","216","176","5314"
"GE_PessoaFis","GE_PessoaFisIF4","NONCLUSTERED","352","240","200","5314"
"GE_UsuarioSenhaMem","PK_GE_UsuarioSenhaMem","CLUSTERED","352","240","200","2490"
"GE_PessoaFis","GE_PessoaFisIF5","NONCLUSTERED","344","240","208","5314"
"GE_PessoaFis","GE_PessoaFisIF6","NONCLUSTERED","344","240","208","5314"
"GE_PessoaFis","GE_PessoaFisIF7","NONCLUSTERED","344","240","208","5314"
"GE_PessoaFis","GE_PessoaFisIF8","NONCLUSTERED","344","240","208","5314"
"GE_PessoaFis","GE_PessoaFisIF3","NONCLUSTERED","344","240","208","5314"
"GE_EMAILTEMPLATE","PK__GE_EMAIL__02F93BE9F4CAC59F","CLUSTERED","344","256","8","16"
"IV_Q_GAR_DATA_SERVICO","(heap)","HEAP","344","240","216","4888"
"IV_Q_GESTAO_PRODUTO_IMPL","(heap)","HEAP","344","256","232","813"
"OUT_Log","PK_OUT_Log","CLUSTERED","344","216","184","1766"
"X_T_IMP_CRM_VEICULO","X_T_IMP_CRM_VEICULO_UNIQUE","NONCLUSTERED","328","176","160","7279"
"X_T_IMP_CRM_VEICULO","X_T_IMP_CRM_VEICULO_ID_CHAINT","NONCLUSTERED","328","168","152","7279"
"X_T_IMP_CRM_VEICULO","X_T_IMP_CRM_VEICULO_ID_CHAINT_X_INTEGRADO","NONCLUSTERED","328","208","192","7279"
"IV_Q_RESPONSAVEL_TECNICO","(heap)","HEAP","328","168","160","2115"
"GE_Usuario_BKP20250520","(heap)","HEAP","328","320","312","1302"
"GEP_Fila","PK__GEP_Fila__628287DAFA0DE699","CLUSTERED","328","120","32","81"
"IV_ClientePropr_BKPJUN","(heap)","HEAP","328","320","312","1000"
"IV_ListSQL","PK__IV_ListSQL__181857E1","CLUSTERED","312","184","24","720"
"IVS_Carteira","PK__IVS_Carteira__69285ECE","CLUSTERED","304","168","136","655"
"IV_ResultadoCmpl","IV_ResultadoCmpIF1","NONCLUSTERED","288","192","152","3113"
"IV_Q_PECAS_AFERICAO","PK__IV_Q_PEC__7484C68C119265A3","NONCLUSTERED","288","160","120","5174"
"IV_Q_OFERECE_RENOV_SEGURO","(heap)","HEAP","288","192","160","975"
"IV_Q_SERVICOS_AFERICAO","(heap)","HEAP","288","184","152","2204"
"IV_AcaoAuto","IV_AcaoAutoPK","NONCLUSTERED","288","192","152","5958"
"GE_Cidade","GE_CidadePK","NONCLUSTERED","288","184","144","10214"
"EXT_OS","XIF3EXT_OS","NONCLUSTERED","288","208","168","8099"
"EXT_APROVACAO","PK_EXT_APROVACAO","CLUSTERED","280","176","144","2669"
"GE_Alias","PK_GE_Alias","CLUSTERED","280","160","128","1413"
"GE_ObjDinamico","PK__GE_ObjDi__FC9B53DE94EEC70D","CLUSTERED","280","184","64","392"
"GE_PessoaEnd","GE_PessoaEndIF3","NONCLUSTERED","280","208","176","6480"
"GE_PessoaEnd","GE_PessoaEndPK","NONCLUSTERED","280","208","176","6480"
"IV_Q_GAR_DATA_SERVICO","PK__IV_Q_GAR__7484C68CE2F4E24D","NONCLUSTERED","280","152","120","4888"
"IV_Q_ACOMP_VENDA_DIRETAJD","(heap)","HEAP","280","192","168","270"
"IV_Q_ACOMPANH_VENDA_JDE","PK__IV_Q_ACOMPANH_VE__3C40A9BE","NONCLUSTERED","280","184","152","6343"
"IV_Selecao","PK__IV_Selecao__4AA3D7AE","CLUSTERED","280","160","128","550"
"VBI_CONTA","PK__VBI_CONT__4CE55003E921DAE8","CLUSTERED","272","232","208","1004"
"GE_PessoaClasse","PK__GE_Pesso__2DFF04D2E11C002F","CLUSTERED","272","192","168","1909"
"GE_QVConsVar","PK__GE_QVConsVar__442BE449","CLUSTERED","272","168","144","581"
"GE_ParamLista","PK__GE_Param__D7946655F521FA96","CLUSTERED","272","184","144","405"
"IV_GlobalPar","IV_GlobalParIF1","NONCLUSTERED","272","152","120","3403"
"GEP_Fila","GEP_FilaIE1","NONCLUSTERED","272","104","16","81"
"GEP_Fila","GEP_FilaIE2","NONCLUSTERED","272","104","16","81"
"GEP_Fila","GEP_FilaIE3","NONCLUSTERED","272","104","16","81"
"IV_Q_VENDA_PERDIDA_JDE","(heap)","HEAP","264","96","88","296"
"IV_VENDEDOR","PK__IV_Equipe__0D9AC96E","CLUSTERED","256","112","72","351"
"IV_VENDEDOREMPR","PK__IV_EquipeEmpr__35FDC083","CLUSTERED","248","112","80","940"
"IV_ProcResultado","IV_ProcResultadIF1","NONCLUSTERED","248","120","80","2161"
"IV_ProcResultado","IV_ProcResultadIF2","NONCLUSTERED","248","112","72","2161"
"GEP_ImportTry","GEP_ImportTryPK","NONCLUSTERED","248","136","96","2631"
"GEP_EMailSend","PK__GEP_EMai__493CB600EEBA6035","CLUSTERED","224","168","8","0"
"GE_Figura","GE_FiguraPK","NONCLUSTERED","224","136","104","2443"
"IV_Q_COMISSAO_SERV_AMS","(heap)","HEAP","224","128","96","448"
"IV_Q_VENDA_SERVICOS_AMS","(heap)","HEAP","224","152","120","468"
"IV_Resultado","IV_ResultadoIF2","NONCLUSTERED","216","152","120","4209"
"IV_Q_VENDA_PERDIDA_PROD","(heap)","HEAP","216","112","88","286"
"IV_Q_COMISSAO_AMS","(heap)","HEAP","216","112","88","633"
"IV_Q_CHASSI_EQUIPAMENTO","(heap)","HEAP","216","104","80","1039"
"GE_PessoaAlerta","PK__GE_Pesso__6E9A1EA0FBB5C757","CLUSTERED","216","112","80","237"
"EXT_OS","IDX_EXT_OS_0","NONCLUSTERED","216","160","128","8099"
"IV_ClienteAtrib","IV_ClienteAtribIF1","NONCLUSTERED","216","160","128","2018"
"IV_ClienteAtrib","IV_ClienteAtribPK","NONCLUSTERED","216","160","128","2018"
"GEP_Import","GEP_ImportIE1","NONCLUSTERED","208","88","56","743"
"IMP_REL_TBA101_PG2","IX_IMP_REL_TBA101_PG2_codusuario","NONCLUSTERED","208","136","112","1558"
"EXT_Pot_Pecas","PK_EXT_Pot_Pecas","CLUSTERED","208","192","168","1287"
"CONTAS","(heap)","HEAP","208","176","160","1003"
"EXT_Veic","IDX_EXT_VEIC_PLACA","NONCLUSTERED","208","152","128","8020"
"GE_CTRL2","PK__GE_CTRL2__C41D9C18855898AB","CLUSTERED","208","120","96","287"
"GE_PessoaFis","GE_PessoaFisPK","NONCLUSTERED","208","152","128","5314"
"GE_Membro","GE_MembroIF1","NONCLUSTERED","208","136","104","1593"
"GE_Membro","GE_MembroIF2","NONCLUSTERED","208","120","88","1593"
"GE_Membro","GE_MembroPK","NONCLUSTERED","208","120","88","1593"
"IV_Q_CHASSI_PMP","(heap)","HEAP","208","112","96","767"
"IV_Q_DEMONSTRACAO_JD","(heap)","HEAP","208","120","104","252"
"IV_Q_ACOMPANHAM_VENDA_IMP","PK__IV_Q_ACOMPANHAM___5C6D822E","NONCLUSTERED","208","112","88","3308"
"IV_ProcResultado","PK__IV_ProcResultado__31D829E4","CLUSTERED","200","136","104","2161"
"IV_Q_AFERICAO_POS_SOLUCAO","(heap)","HEAP","200","120","112","452"
"IV_Resultado","IV_RESULTADOIE2","NONCLUSTERED","200","112","96","4209"
"IV_ResMsgPapel","IV_ResMsgPapelIF1","NONCLUSTERED","200","128","96","1338"
"IV_SelecaoCriterio","IV_SelecaoCriteIF1","NONCLUSTERED","200","136","104","2892"
"IV_SelecaoCriterio","IV_SelecaoCritePK","NONCLUSTERED","200","136","104","2892"
"GE_POLSEGPERM","PK__GE_POLSEGPERM__405B5365","CLUSTERED","200","128","88","818"
"IMP_REL_TBA101","IX_IMP_REL_TBA101_codusuario","NONCLUSTERED","200","88","72","302"
"GE_Usuario","GE_UsuarioAK1","NONCLUSTERED","200","112","72","1388"
"GE_UsuarioSenhaMem","GE_UsuarioSenhaIF1","NONCLUSTERED","192","112","80","2490"
"GE_UsuarioSenhaMem","GE_UsuarioSenhaPK","NONCLUSTERED","192","112","80","2490"
"IV_Campanha","PK__IV_Campanha__76B76416","CLUSTERED","192","96","64","179"
"IV_GlobalPar","IV_GlobalParPK","NONCLUSTERED","192","120","96","3403"
"GE_Membro","PK__GE_Membr__AE31A404F5379463","CLUSTERED","192","128","96","1593"
"IV_ResMsgPapel","IV_ResMsgPapelIF2","NONCLUSTERED","192","96","64","1338"
"IV_ResMsgPapel","IDX_IV_RESMSGPAPEL_01","NONCLUSTERED","192","104","64","1338"
"IV_ResMsgPapel","XIF3IV_ResMsgPapel","NONCLUSTERED","192","104","64","1338"
"IV_ResMsgPapel","XIF4IV_ResMsgPapel","NONCLUSTERED","192","88","56","1338"
"IV_ResMsgPapel","IV_ResMsgPapelPK","NONCLUSTERED","184","72","32","1338"
"GE_POLSEGPERM","GE_PolSegPermIE1","NONCLUSTERED","184","88","56","818"
"GE_POLSEGPERM","GE_PolSegPermIF2","NONCLUSTERED","184","88","56","818"
"GE_POLSEGPERM","GE_PolSegPermPK","NONCLUSTERED","184","88","56","818"
"IV_ObjFlow","PK__IV_ObjFl__B2AEFB8BAB419CF8","CLUSTERED","184","120","88","726"
"IV_ObjFlow","XPKIV_ObjFlow","NONCLUSTERED","176","72","40","726"
"GE_Usuario","GE_UsuarioIF2","NONCLUSTERED","176","96","64","1388"
"GEP_UsrSat","PK__GEP_UsrSat__60C822F7","CLUSTERED","176","80","48","71"
"GE_PessoaDestino","PK__GE_Pesso__B1D1DAE51B7F93C3","CLUSTERED","176","72","8","0"
"EXT_TIT_ACRESC","PK_EXT_TIT_ACRESC","CLUSTERED","176","120","64","1575"
"IV_ProcResultado","IV_ProcResultadIF3","NONCLUSTERED","176","96","64","2161"
"IV_ProcResultado","IV_ProcResultadPK","NONCLUSTERED","176","96","64","2161"
"GE_PessoaDestino","GE_PessoaDestinIF1","NONCLUSTERED","168","64","8","0"
"GE_PessoaDestino","GE_PessoaDestinIF2","NONCLUSTERED","168","64","8","0"
"GE_PessoaDestino","GE_PessoaDestinPK","NONCLUSTERED","168","64","8","0"
"GE_PolSegCtrl","PK__GE_PolSegCtrl__3C8AC281","CLUSTERED","168","72","32","254"
"IV_Formulario","PK__IV_Formulario__39237A9A","CLUSTERED","168","72","48","176"
"IV_ListSQL","IV_ListSQLPK","NONCLUSTERED","168","64","24","360"
"IV_ProcAcao","IV_ProcAcaoIF2","NONCLUSTERED","160","64","32","740"
"IV_ProcAcao","IV_ProcAcaoPK","NONCLUSTERED","160","64","32","740"
"IV_Distribui","PK__IV_Distribui__08D61451","CLUSTERED","160","64","32","620"
"GE_ParamLista","GE_ParamListaIE1","NONCLUSTERED","160","80","48","405"
"GE_ParamLista","GE_ParamListaIE2","NONCLUSTERED","160","104","72","405"
"GE_Cidade_CRM","PK__GE_Cidad__95B18094FA87402A","CLUSTERED","152","112","80","729"
"GEP_JOBFILA","PK__GEP_JOBFILA__24D33481","CLUSTERED","152","96","8","25"
"IV_Q_AFERICAO_MAQ_1_CONT","(heap)","HEAP","152","104","80","873"
"IV_VENDEDOREMPR","XIF1IV_EquipeEmpr","NONCLUSTERED","152","64","40","940"
"IV_VENDEDOREMPR","XPKIV_EquipeEmpr","NONCLUSTERED","152","64","40","940"
"IV_Q_VENDER_RENOVACAO_SEG","(heap)","HEAP","144","96","80","362"
"IV_Q_VENDA_SEMINOVO","PK__IV_Q_VEN__7484C68C6F5A5D7F","NONCLUSTERED","144","96","72","3072"
"IV_Q_VENDA_PERDIDA_MAQIMP","(heap)","HEAP","144","96","80","313"
"IV_Q_VENDA_PERDIDA_FY25","(heap)","HEAP","144","72","56","247"
"IV_Q_VENDA_EQUIPAMENTO","PK__IV_Q_VEN__7484C68C1A8326F3","NONCLUSTERED","144","88","64","2715"
"IV_Q_RETORNADO_JD","(heap)","HEAP","144","80","64","773"
"IV_Q_VENDA","PK__IV_Q_VEN__7484C68C22A3CCC7","NONCLUSTERED","144","96","72","2806"
"IV_Q_REV_DATA_SERVICO","(heap)","HEAP","144","72","56","74"
"IV_Q_OS_ABERTA","(heap)","HEAP","144","72","56","771"
"IV_Q_LIBERAR_DEMONSTRACAO","(heap)","HEAP","144","72","56","65"
"IV_Q_LICENCAS_PUK","(heap)","HEAP","144","96","80","156"
"IV_Q_RESPONSAVEL_TECNICO","PK__IV_Q_RESPONSAVEL__6E372CAE","NONCLUSTERED","144","88","64","2115"
"IV_Q_ADM_FINANCEIRO","PK__IV_Q_ADM__7484C68C84BA3103","NONCLUSTERED","144","72","48","1884"
"IV_Q_ACOMP_VENDA_USADO","(heap)","HEAP","144","120","104","256"
"IV_Q_ACOMP_VENDA_FINANC","PK__IV_Q_ACO__7484C68CDE4E2645","NONCLUSTERED","144","88","64","2605"
"IV_Q_ACOMP_VEND_MAQUINAS","PK__IV_Q_ACO__7484C68C5C8F3886","NONCLUSTERED","144","64","40","1535"
"IV_Q_AFERICAO_IMPLEMENTO","(heap)","HEAP","144","88","72","440"
"IV_Q_AFERICAO_MAQ_3_CONT","(heap)","HEAP","144","88","72","484"
"IV_Q_AFERICAO_VENDA_MAQ","(heap)","HEAP","144","96","80","979"
"IV_Q_CHASSI_ENTREGA_FISIC","(heap)","HEAP","144","96","80","1064"
"IV_Q_DEMONSTRACAO_NF","(heap)","HEAP","144","72","56","64"
"IV_Q_GAR_FAB_SOL_PECA","(heap)","HEAP","144","88","72","640"
"IV_Q_DEVOLUCAO_PECA","(heap)","HEAP","144","88","72","581"
"IV_Q_GESTAO_PRODUTO___AMS","(heap)","HEAP","144","88","72","177"
"IV_Q_GESTAO_CREDITO_AMS","(heap)","HEAP","144","104","88","175"
"IV_Q_CONT_COMISSAO_22","PK__IV_Q_CON__7484C68C7E231B2A","NONCLUSTERED","144","80","56","2251"
"IV_ResVinc","PK__IV_ResVinc__48BB8F3C","CLUSTERED","144","96","72","966"
"IVS_PES_MAQ_PECAS","(heap)","HEAP","144","128","112","1365"
"VBI_CONTAFAM","PK__VBI_CONT__4CE550036E06FD51","CLUSTERED","144","120","96","1004"
"GEP_JOBFILA","GEP_JOBFILAIE2","NONCLUSTERED","144","88","8","25"
"IV_AgdLink","IV_AgdLinkPK","NONCLUSTERED","144","96","72","4534"
"GE_Alias","GE_ALIASIE1","NONCLUSTERED","144","104","80","1413"
"GE_CONSSQL","PK__GE_CONSS__CF288582D046B8C0","CLUSTERED","144","32","8","2"
"EXT_Vendedor","PK__EXT_Vend__16D6C7CABC45CEAF","CLUSTERED","144","88","56","563"
"GE_PessoaClasse","GE_PessoaClasseIF1","NONCLUSTERED","144","88","64","1909"
"GE_PessoaClasse","GE_PessoaClassePK","NONCLUSTERED","144","88","64","1909"
"GE_PessoaClasse","GE_PessoaClasseIE1","NONCLUSTERED","136","88","72","1909"
"CONTAS2","(heap)","HEAP","136","88","80","1003"
"GEP_EMailSend","IDX_GEP_EMLSND_SEQCO","NONCLUSTERED","136","80","8","0"
"gep_excfrota","(heap)","HEAP","136","112","104","1180"
"GE_QVConsHst","PK__GE_QVConsHst__4337C010","CLUSTERED","136","80","8","138"
"GE_SyncParam","PK__GE_SyncP__BF490468AAD36354","CLUSTERED","136","104","88","635"
"GE_SyncParam","XIE1GE_SyncParam","NONCLUSTERED","136","80","64","635"
"IMP_PESSOA","PK__IMP_PESS__7061465D093962E5","CLUSTERED","136","80","8","0"
"teste_acesso","(heap)","HEAP","136","80","72","471"
"IVS_PES_PNEUS","(heap)","HEAP","136","96","88","1313"
"ivs_callcenter","(heap)","HEAP","136","88","80","3475"
"IV_Q_ACOMPAN_COMPRA_JDE","(heap)","HEAP","136","88","80","153"
"IV_Q_AFERICAO_MAQ_2_CONT","(heap)","HEAP","136","96","88","541"
"IV_Q_QUALIDADE_PECAS","(heap)","HEAP","136","88","80","642"
"IV_Q_QUALIDADE_SERVICOS","(heap)","HEAP","136","80","72","345"
"IV_Q_VP_SEM_PARTICIPACAO","(heap)","HEAP","136","64","56","94"
"IV_Questao","IV_QuestaoIF1","NONCLUSTERED","128","104","80","2303"
"IV_Questao","IV_QuestaoPK","NONCLUSTERED","128","104","80","2303"
"IV_Resultado","IV_ResultadoPK","NONCLUSTERED","128","80","56","4209"
"IV_Q_SERVICOS_AFERICAO","PK__IV_Q_SER__7484C68C202CE128","NONCLUSTERED","128","88","56","2204"
"IV_Q_DEMO_MAQUINAS","(heap)","HEAP","128","80","64","109"
"IVS_CartCid","PK__IVS_CartCid__6740165C","CLUSTERED","128","80","56","673"
"IV_Acao","IV_AcaoIF1","NONCLUSTERED","128","72","48","980"
"EXT_Vendedor","XIE2EXT_Vendedor","NONCLUSTERED","128","72","40","563"
"GE_Bairro","PK__GE_Bairr__CF9E91039F6526F9","CLUSTERED","120","64","32","619"
"EXT_Vendedor","XIE1EXT_Vendedor","NONCLUSTERED","112","56","24","563"
"GE_ParametroGlobal","PK__GE_Param__4F9DB9BBF21D75CC","CLUSTERED","112","56","32","239"
"GE_ParametroGlobal","GE_ParametroGloPK","NONCLUSTERED","104","48","24","239"
"GE_PolSegItem","PK__GE_PolSegItem__3D7EE6BA","CLUSTERED","104","48","24","108"
"GE_Aplicacao","PK__GE_Aplic__2EFA6BD5FFAAEED4","CLUSTERED","104","48","24","184"
"IMP_PESSOA","EXT_PESSOAIE3_0","NONCLUSTERED","104","48","8","0"
"GE_Usuario","GE_UsuarioPK","NONCLUSTERED","104","48","24","1388"
"IV_CodProcesso","PK__IV_CodProcesso__031D3AFB","CLUSTERED","104","48","24","62"
"IV_ProcAcao","PK__IV_ProcAcao__238A0A8D","CLUSTERED","104","48","24","740"
"IV_Selecao","IDX_IV_SELECAO_1","NONCLUSTERED","104","48","24","550"
"IV_ProcSt","PK__IV_ProcSt__32CC4E1D","CLUSTERED","104","48","24","250"
"IV_Q_COMISSAO_SERV_AMS","PK__IV_Q_COM__7484C68C15584266","NONCLUSTERED","96","48","16","448"
"IV_Q_COMISSAO_CONTACHAVE","(heap)","HEAP","96","48","32","144"
"IV_Q_EVENTOS_AFERICAO","(heap)","HEAP","96","40","32","67"
"IV_Q_AFERICAO_MAQ_1_CONT","PK__IV_Q_AFE__7484C68C28A09B5A","NONCLUSTERED","96","40","24","873"
"IV_ProcFase","PK__IV_ProcFase__2942E3E3","CLUSTERED","96","40","24","273"
"IV_ResVinc","IV_ResVincIF1","NONCLUSTERED","96","40","24","966"
"IV_ResVinc","IV_ResVincPK","NONCLUSTERED","96","40","24","966"
"IV_Operador","IV_OperadorPK","NONCLUSTERED","96","56","24","941"
"IMP_PESSOA","EXT_PESSOAIE1_0","NONCLUSTERED","96","40","8","0"
"EXT_Vendedor","XPKEXT_Vendedor","NONCLUSTERED","96","48","16","563"
"DMN_DocTp","PK__DMN_DocT__E97B64A7F5B63030","CLUSTERED","88","48","24","108"
"GE_PolSegCtrl","GE_PolSegCtrlIE1","NONCLUSTERED","88","48","24","254"
"GE_PolSegCtrl","GE_PolSegCtrlIF1","NONCLUSTERED","88","40","16","254"
"GE_PessoaNota","GE_PessoaNotaPK","NONCLUSTERED","88","48","24","1232"
"GE_ParamLista","GE_ParamListaIE3","NONCLUSTERED","88","56","32","405"
"GE_Permissao","GE_PermissaoIF1","NONCLUSTERED","88","40","16","302"
"GE_Permissao","GE_PermissaoIF2","NONCLUSTERED","88","40","16","302"
"GE_Permissao","GE_PermissaoIF3","NONCLUSTERED","88","40","16","302"
"GE_Permissao","GE_PermissaoPK","NONCLUSTERED","88","40","16","302"
"GE_Permissao","PK__GE_Permi__9FBEA4C320CBFE47","CLUSTERED","88","48","24","302"
"IV_ProcAcao","IV_ProcAcaoIF1","NONCLUSTERED","88","48","24","740"
"IV_GlobalParCtrl","PK__IV_GlobalParCtrl__1353A2C4","CLUSTERED","88","40","16","48"
"IV_Distribui","IV_DistribuiIF1","NONCLUSTERED","88","48","24","620"
"IV_Distribui","IV_DistribuiIF2","NONCLUSTERED","88","48","24","620"
"IV_Distribui","IV_DistribuiPK","NONCLUSTERED","88","48","24","620"
"IV_Acao","IV_AcaoPK","NONCLUSTERED","88","48","24","980"
"IV_Selecao","IV_SelecaoPK","NONCLUSTERED","88","40","16","550"
"IV_Selecao","IDX_IV_SELECAO_0","NONCLUSTERED","88","40","16","550"
"IV_VENDEDOR","IV_EquipeAK1","NONCLUSTERED","88","40","16","351"
"IVS_CartDepto","PK__IVS_CartDepto__68343A95","CLUSTERED","88","40","16","206"
"IVS_Carteira","XIF1IVS_Carteira","NONCLUSTERED","88","40","16","655"
"IVS_Carteira","XIF3IVS_Carteira","NONCLUSTERED","88","40","16","655"
"IVS_Carteira","XIF4IVS_CARTEIRA","NONCLUSTERED","88","40","16","655"
"IVS_Carteira","XIF5IVS_Carteira","NONCLUSTERED","88","40","16","655"
"IV_Q_ACOMPAN_VEND_CONCESS","(heap)","HEAP","88","48","32","98"
"IV_Propriedade","PK__IV_Propriedade__3B61941E","CLUSTERED","88","56","32","52"
"IV_Q_AFERICAO_IMPLEMENTO","PK__IV_Q_AFE__7484C68CEA35B86D","NONCLUSTERED","88","40","16","440"
"IV_Q_VENDA_SERVICOS_AMS","PK__IV_Q_VEN__7484C68C0A86A9A5","NONCLUSTERED","88","40","16","468"
"IV_Q_TESTE1","(heap)","HEAP","80","24","8","2"
"IV_Q_TESTE1","PK__IV_Q_TES__7484C68CB004914B","NONCLUSTERED","80","24","8","2"
"IV_Q_TESTE2","(heap)","HEAP","80","24","8","1"
"IV_Q_TESTE2","PK__IV_Q_TES__7484C68C6E2C2085","NONCLUSTERED","80","24","8","1"
"IV_Q_VENDA_PERDIDA_PROD","PK__IV_Q_VEN__7484C68CE1C15D20","NONCLUSTERED","80","24","8","286"
"IV_Q_AVAL_USADO_ENTRADA","(heap)","HEAP","80","80","64","200"
"IV_Q_GESTAO_CREDITO_AMS","PK__IV_Q_GES__7484C68C35BFE7D2","NONCLUSTERED","80","24","8","175"
"IV_Q_GESTAO_CREDITO","PK__IV_Q_GES__7484C68CA6636464","NONCLUSTERED","80","64","40","1506"
"IV_Q_COMISSAO_USADO","(heap)","HEAP","80","80","64","240"
"IV_VENDEDOREMPR","IV_EQUIPEEMPRIE1","NONCLUSTERED","80","40","24","940"
"testepiv","(heap)","HEAP","80","24","8","12"
"GEP_Import","GEP_ImportPK","NONCLUSTERED","80","40","16","743"
"GEP_ImportErro","GEP_ImportErroIE1","NONCLUSTERED","80","24","8","0"
"EXT_NFSOper","PK__EXT_NFSO__F97DD5D906F158BE","CLUSTERED","80","32","16","241"
"EXT_CONDPAGTO","(heap)","HEAP","72","48","40","22"
"Espaco_Tabelas","(heap)","HEAP","72","64","56","735"
"EXT_AGUARDENTREGA","(heap)","HEAP","72","40","32","52"
"EXT_VEICREF","(heap)","HEAP","72","16","8","40"
"EXT_VEICFAMREF","(heap)","HEAP","72","16","8","23"
"GE_CONSSQL","XIF1GE_CONSSQL","NONCLUSTERED","72","16","8","1"
"GE_CONSSQL","GE_QVCONSAK11","NONCLUSTERED","72","16","8","1"
"GE_Membro_BKP20250520","(heap)","HEAP","72","72","64","1915"
"GE_EMAILTEMPLATE","IDX_GE_EMAILTEMPLATE_01","NONCLUSTERED","72","16","8","8"
"GE_EMAILAGD","PK__GE_EMAIL__BA7D91569876B8A9","CLUSTERED","72","16","8","2"
"GE_EMAILAGD","XIE1GE_EMAILAGD","NONCLUSTERED","72","16","8","2"
"GE_EMAILAGD","XIF1GE_EMAILAGD","NONCLUSTERED","72","16","8","2"
"GE_EMAILAGD","XIF2GE_EMAILAGD","NONCLUSTERED","72","16","8","2"
"GE_CTRLUSR","PK__GE_CTRLU__C41D9C1826DB7678","CLUSTERED","72","16","8","33"
"gep_excfrotarep","(heap)","HEAP","72","56","48","425"
"GEP_IMPORT_GUI","(heap)","HEAP","72","32","24","52"
"GE_SyncParam","XIE2GE_SyncParam","NONCLUSTERED","72","72","56","635"
"GE_SyncParam","XPKGE_SyncParam","NONCLUSTERED","72","72","56","635"
"IV_OcrmAgd","PK_IV_OcrmAgd","CLUSTERED","72","16","8","16"
"IV_OcrmDest","PK_IV_OcrmDest","CLUSTERED","72","16","8","17"
"IV_Agenda_bkp20250717","(heap)","HEAP","72","16","8","1"
"IV_AcaoMon","IV_AcaoMonIF1","NONCLUSTERED","72","16","8","0"
"IV_AcaoMon","IV_AcaoMonIF2","NONCLUSTERED","72","16","8","0"
"IV_AcaoMon","IV_AcaoMonPK","NONCLUSTERED","72","16","8","0"
"IV_AcaoMon","PK__IV_AcaoMon__658CD814","CLUSTERED","72","16","8","0"
"usuarios$","(heap)","HEAP","72","24","16","158"
"TEMP","(heap)","HEAP","72","72","64","1026"
"SYSCONVERT1","(heap)","HEAP","72","16","8","3"
"SYSCONVERT2","(heap)","HEAP","72","16","8","24"
"SYSCONVERT3","(heap)","HEAP","72","16","8","14"
"VBI_CONTAPAI","PK__VBI_CONT__4CE5500321E13E98","CLUSTERED","72","72","56","243"
"IV_USRSTATUS","PK__IV_USRST__59D861DE2E2E2BD4","CLUSTERED","72","40","24","183"
"IVS_DEPTOPOT","PK__IVS_DEPT__2C683F3CC591CEBD","CLUSTERED","72","16","8","126"
"mig_ge_pessoa","(heap)","HEAP","72","16","8","5"
"IV_Q_COMPETIDORES_NA_NEGO","(heap)","HEAP","72","72","64","101"
"IV_Q_COTA_CONSORCIO","(heap)","HEAP","72","40","32","81"
"IV_Q_COTA_CONSORCIO","PK__IV_Q_COT__7484C68C55368A7F","NONCLUSTERED","72","16","8","81"
"IV_Q_GESTAO_PRODUTO___AMS","PK__IV_Q_GES__7484C68C0262FC07","NONCLUSTERED","72","16","8","177"
"IV_Q_GESTAO_CREDITO_IMP","PK__IV_Q_GES__7484C68C7AF6636D","NONCLUSTERED","72","40","24","807"
"IV_Q_DEVOLUCAO_PECA","PK__IV_Q_DEV__7484C68CAEE6BD47","NONCLUSTERED","72","32","16","581"
"IV_Q_DEVOLUCAO_PUK","(heap)","HEAP","72","16","8","7"
"IV_Q_DEVOLUCAO_PUK","PK__IV_Q_DEV__7484C68CA8ADF160","NONCLUSTERED","72","16","8","7"
"IV_Q_GAR_FAB_SOL_PECA","PK__IV_Q_GAR__7484C68CB8714A26","NONCLUSTERED","72","32","16","640"
"IV_Q_DEMONSTRACAO_NF","PK__IV_Q_DEM__7484C68CC98C5EC3","NONCLUSTERED","72","16","8","64"
"IV_Q_DEMONSTRACAO_JD","PK__IV_Q_DEM__7484C68C41C443AE","NONCLUSTERED","72","16","8","252"
"IV_Q_DEMONSTRACAO_LOG","(heap)","HEAP","72","32","24","39"
"IV_Q_DEMONSTRACAO_LOG","PK__IV_Q_DEM__7484C68C72C0A913","NONCLUSTERED","72","16","8","39"
"IV_Q_AVAL_USADO_ENTRADA","PK__IV_Q_AVA__7484C68CAEF1DC4D","NONCLUSTERED","72","16","8","200"
"IV_Q_CHASSI_ENTREGA_FISIC","PK__IV_Q_CHA__7484C68CEAD9926A","NONCLUSTERED","72","48","32","1064"
"IV_Q_CHASSI_EQUIPAMENTO","PK__IV_Q_CHA__7484C68C8546023A","NONCLUSTERED","72","40","24","1039"
"IV_Q_CHASSI_PMP","PK__IV_Q_CHA__7484C68CDEAAA16D","NONCLUSTERED","72","40","24","767"
"IV_Q_APRESENTACAO_JDE","(heap)","HEAP","72","72","64","123"
"IV_Q_CANCELAMENTO_SEGURO","(heap)","HEAP","72","16","8","4"
"IV_Q_CANCELAMENTO_SEGURO","PK__IV_Q_CAN__7484C68C37302ACA","NONCLUSTERED","72","16","8","4"
"IV_Q_AFERICAO_PECAS","PK__IV_Q_AFERICAO_PE__66CB1510","NONCLUSTERED","72","72","56","1719"
"IV_Q_AGUARDAR_PECAS","(heap)","HEAP","72","32","24","31"
"IV_Q_AGUARDAR_PECAS","PK__IV_Q_AGU__7484C68C173E1A2A","NONCLUSTERED","72","16","8","31"
"IV_Q_ALTERADO_PAGAMENTO","PK__IV_Q_ALT__7484C68C62FE1B79","NONCLUSTERED","72","16","8","0"
"IV_Q_APROVACAO_TCSM","(heap)","HEAP","72","40","32","27"
"IV_Q_APROVACAO_TCSM","PK__IV_Q_APR__7484C68C5ABE00E1","NONCLUSTERED","72","16","8","27"
"IV_Q_ATUALIZACAO_PUK","(heap)","HEAP","72","24","16","4"
"IV_Q_ATUALIZACAO_PUK","PK__IV_Q_ATU__7484C68C9488C9B3","NONCLUSTERED","72","16","8","4"
"IV_Propriedade_BKPJUN","(heap)","HEAP","72","16","8","21"
"IV_Propriedade_ITA","(heap)","HEAP","72","24","16","32"
"IV_Q_ABERTURA_OS_REVISAO","(heap)","HEAP","72","16","8","10"
"IV_Q_ABERTURA_OS_REVISAO","PK__IV_Q_ABE__7484C68CDD6E13FE","NONCLUSTERED","72","16","8","10"
"IV_Q_ACOMPANHAMENTO_VENDA","PK__IV_Q_ACOMPANHAME__7953D99F","NONCLUSTERED","72","72","56","1715"
"IV_Q_AFERICAO_MAQ_1_WEB","(heap)","HEAP","72","16","8","2"
"IV_Q_AFERICAO_MAQ_1_WEB","PK__IV_Q_AFE__7484C68C7DE1275E","NONCLUSTERED","72","16","8","2"
"IV_Processo_bkp20250717","(heap)","HEAP","72","16","8","1"
"IV_Q_VENDA_PERDIDA_SEGURO","(heap)","HEAP","72","24","16","13"
"IV_Q_VENDA_PERDIDA_SEGURO","PK__IV_Q_VEN__7484C68C7FF77614","NONCLUSTERED","72","16","8","13"
"IV_Q_VENDA_PERDIDA_TESTE","PK__IV_Q_VEN__7484C68C86468E0E","NONCLUSTERED","72","16","8","0"
"IV_Q_VENDA_PNEUS","(heap)","HEAP","72","32","24","9"
"IV_Q_VENDA_PNEUS","PK__IV_Q_VEN__7484C68CEDE5BE58","NONCLUSTERED","72","16","8","9"
"IV_Q_VENDA_PRECISION_UP","(heap)","HEAP","72","16","8","2"
"IV_Q_VENDA_PRECISION_UP","PK__IV_Q_VEN__7484C68CC4234AB6","NONCLUSTERED","72","16","8","2"
"IV_Q_VENDA_PERDIDA_MAQIMP","PK__IV_Q_VEN__7484C68C78EAFA76","NONCLUSTERED","72","16","8","313"
"IV_Q_VENDA_PERDIDA_IMPLEM","(heap)","HEAP","72","72","64","125"
"IV_Q_VENDA_CONSORCIO","(heap)","HEAP","72","48","40","47"
"IV_Q_VENDA_CONSORCIO","PK__IV_Q_VEN__7484C68C2A2F1F98","NONCLUSTERED","72","16","8","47"
"IV_Q_VENDA_PERDIDA_FY25","PK__IV_Q_VEN__7484C68CBF6A716B","NONCLUSTERED","72","16","8","247"
"IV_Q_VENDA_DSI","(heap)","HEAP","72","16","8","1"
"IV_Q_VENDA_DSI","PK__IV_Q_VEN__7484C68CD4DF4BF7","NONCLUSTERED","72","16","8","1"
"IV_Q_TICKET_DSI","(heap)","HEAP","72","16","8","1"
"IV_Q_TICKET_DSI","PK__IV_Q_TIC__7484C68C263DB53A","NONCLUSTERED","72","16","8","1"
"IV_Q_SOLICITACAO_TCAT","(heap)","HEAP","72","16","8","1"
"IV_Q_SOLICITACAO_TCAT","PK__IV_Q_SOL__7484C68C17D63FB6","NONCLUSTERED","72","16","8","1"
"IV_Q_TESTE_PRIMEIRO_JD","(heap)","HEAP","72","16","8","3"
"IV_Q_TESTE_PRIMEIRO_JD","PK__IV_Q_TES__7484C68CED2CA4D0","NONCLUSTERED","72","16","8","3"
"IV_Q_RETORNADO_JD","PK__IV_Q_RET__7484C68C6F80221C","NONCLUSTERED","72","40","24","773"
"IV_Q_REV_DATA_SERVICO","PK__IV_Q_REV__7484C68C1A96AE21","NONCLUSTERED","72","16","8","74"
"IV_Q_REVISAO_100H","(heap)","HEAP","72","16","8","1"
"IV_Q_REVISAO_100H","PK__IV_Q_REV__7484C68CCE82B06A","NONCLUSTERED","72","16","8","1"
"IV_Q_REVISAO_1100_1150H","(heap)","HEAP","72","16","8","1"
"IV_Q_REVISAO_1100_1150H","PK__IV_Q_REV__7484C68C703FA8DC","NONCLUSTERED","72","16","8","1"
"IV_Q_REVISAO_450_600H","(heap)","HEAP","72","16","8","1"
"IV_Q_REVISAO_450_600H","PK__IV_Q_REV__7484C68C0A2C386D","NONCLUSTERED","72","16","8","1"
"IV_Q_ROMANEIO_DEV_PECA","(heap)","HEAP","72","16","8","1"
"IV_Q_ROMANEIO_DEV_PECA","PK__IV_Q_ROM__7484C68CC1F44F7D","NONCLUSTERED","72","16","8","1"
"IV_Q_SEPARACAO_PEDIDO","(heap)","HEAP","72","16","8","6"
"IV_Q_SEPARACAO_PEDIDO","PK__IV_Q_SEP__7484C68C6D3EC677","NONCLUSTERED","72","16","8","6"
"IV_Q_RECEBIMENTO_A_PRAZO","(heap)","HEAP","72","32","24","16"
"IV_Q_RECEBIMENTO_A_PRAZO","PK__IV_Q_REC__7484C68CAF02BE21","NONCLUSTERED","72","16","8","16"
"IV_Q_RECEBIMENTO_COMISSAO","PK__IV_Q_REC__7484C68C30AC8DE3","NONCLUSTERED","72","16","8","0"
"IV_Q_PEDIDO_KAM","(heap)","HEAP","72","24","16","14"
"IV_Q_PEDIDO_KAM","PK__IV_Q_PED__7484C68C4A7B601E","NONCLUSTERED","72","16","8","14"
"IV_Q_PEDIDO_SAM","(heap)","HEAP","72","40","32","48"
"IV_Q_PEDIDO_SAM","PK__IV_Q_PED__7484C68C99C97191","NONCLUSTERED","72","16","8","48"
"IV_Q_PERCEPCAO_JD","(heap)","HEAP","72","40","32","45"
"IV_Q_PERCEPCAO_JD","PK__IV_Q_PER__7484C68C30F528C7","NONCLUSTERED","72","16","8","45"
"IV_Q_PRODUTO_RD","(heap)","HEAP","72","48","40","473"
"IV_Q_PRODUTO_RD","PK__IV_Q_PRO__7484C68C7D0BE65B","NONCLUSTERED","72","32","16","473"
"IV_Q_PROPOSTA_COMERCIAL","(heap)","HEAP","72","24","16","24"
"IV_Q_PROPOSTA_COMERCIAL","PK__IV_Q_PRO__7484C68C07D1F8F1","NONCLUSTERED","72","16","8","24"
"IV_Q_LICENCAS_PUK","PK__IV_Q_LIC__7484C68C23B5DEE4","NONCLUSTERED","72","16","8","156"
"IV_Q_LIBERAR_DEMONSTRACAO","PK__IV_Q_LIB__7484C68CD03965E5","NONCLUSTERED","72","16","8","65"
"IV_Q_GESTAO_PRODUTO_IMPL","PK__IV_Q_GES__7484C68C5F053E9F","NONCLUSTERED","72","40","24","813"
"IV_Q_HORIMETRO_AGREGA","(heap)","HEAP","72","16","8","1"
"IV_Q_HORIMETRO_AGREGA","PK__IV_Q_HOR__7484C68C00825C56","NONCLUSTERED","72","16","8","1"
"IV_Q_INTERESSE_FUTURO_PRO","(heap)","HEAP","72","16","8","10"
"IV_Q_INTERESSE_FUTURO_PRO","PK__IV_Q_INT__7484C68C94F54456","NONCLUSTERED","72","16","8","10"
"IV_Q_INTERESSE_PROJETO_IR","(heap)","HEAP","72","16","8","25"
"IV_Q_INTERESSE_PROJETO_IR","PK__IV_Q_INT__7484C68CCBCD7666","NONCLUSTERED","72","16","8","25"
"IV_Q_OS_ABERTA","PK__IV_Q_OS___7484C68C73CFC500","NONCLUSTERED","72","40","24","771"
"IV_Q_OS_CORTESIA","(heap)","HEAP","72","56","48","78"
"IV_Q_OS_CORTESIA","PK__IV_Q_OS___7484C68C6DAADA40","NONCLUSTERED","72","16","8","78"
"IV_Q_OFERECE_RENOV_SEGURO","PK__IV_Q_OFE__7484C68C03B3BB41","NONCLUSTERED","72","40","24","975"
"IV_Q_VENDA_VP_PNEUS","(heap)","HEAP","72","16","8","4"
"IV_Q_VENDA_VP_PNEUS","PK__IV_Q_VEN__7484C68C4D83BCB9","NONCLUSTERED","72","16","8","4"
"IV_Q_VENDAPERDIDA_SEGURO","(heap)","HEAP","72","32","24","12"
"IV_Q_VENDAPERDIDA_SEGURO","PK__IV_Q_VEN__7484C68C44039E87","NONCLUSTERED","72","16","8","12"
"IV_Q_VENDER_RENOVACAO_SEG","PK__IV_Q_VEN__7484C68CCE506EEC","NONCLUSTERED","72","32","16","362"
"IV_Q_VISITA_DSI","(heap)","HEAP","72","16","8","4"
"IV_Q_VISITA_DSI","PK__IV_Q_VIS__7484C68C1BF74F76","NONCLUSTERED","72","16","8","4"
"IV_Q_VP_PULVERIZADOR","PK__IV_Q_VP___7484C68C6C6BB4BF","NONCLUSTERED","72","16","8","0"
"IV_Q_VP_COLHEDORA","(heap)","HEAP","72","16","8","1"
"IV_Q_VP_COLHEDORA","PK__IV_Q_VP___7484C68CDA147D5D","NONCLUSTERED","72","16","8","1"
"IV_Q_VP_COLHEITADEIRA","(heap)","HEAP","72","16","8","3"
"IV_Q_VP_COLHEITADEIRA","PK__IV_Q_VP___7484C68C8787214E","NONCLUSTERED","72","16","8","3"
"IV_Q_VP_PLANTADEIRA","(heap)","HEAP","72","16","8","3"
"IV_Q_VP_PLANTADEIRA","PK__IV_Q_VP___7484C68CBCE880C7","NONCLUSTERED","72","16","8","3"
"IV_Q_VP_SEM_PARTICIPACAO","PK__IV_Q_VP___7484C68C228C7F49","NONCLUSTERED","72","16","8","94"
"IV_Q_VP_TRATOR","(heap)","HEAP","72","40","32","21"
"IV_Q_VP_TRATOR","PK__IV_Q_VP___7484C68C6D22992C","NONCLUSTERED","72","16","8","21"
"IV_Q_INCENTIVO","PK__IV_Q_INCENTIVO__1E112859","NONCLUSTERED","64","64","48","2079"
"IV_Q_QUALIDADE_VENDAMAQ","(heap)","HEAP","64","64","56","141"
"IV_Q_AVALIA_IMPLEM_USADO","(heap)","HEAP","64","64","56","60"
"IV_Q_APRESENTACAO","(heap)","HEAP","64","64","56","211"
"IV_Q_AFERICAO_SERV_WEB","(heap)","HEAP","56","56","48","31"
"IV_Q_SERVICO_EXTERNOS_JD","PK__IV_Q_SER__7484C68CE57BD022","NONCLUSTERED","56","56","40","1662"
"IV_Q_VENDA_PERDIDA","PK__IV_Q_VENDA_PERDI__2CFE662E","NONCLUSTERED","56","56","40","1511"
"IVS_CALL_FORAREGIAO","(heap)","HEAP","56","56","48","2360"
"IV_CbrCriterio","PK__IV_CbrCr__F0D33A2E1102801B","CLUSTERED","56","56","40","122"
"gep_excseqcar","(heap)","HEAP","56","56","48","3143"
"GE_QVRegra","PK__GE_QVRegra__35099C4A","CLUSTERED","56","56","40","234"
"EXT_TIT_ACRESC","EXT_TIT_ACRESC_01","NONCLUSTERED","56","56","24","1575"
"GE_PessoaAlerta","GE_PessoaAlertaIF1","NONCLUSTERED","48","48","32","237"
"IV_CbrCriterioDef","PK__IV_CbrCr__35BD5EE05FB48836","CLUSTERED","48","48","32","231"
"IV_Evento","PK__IV_Evento__0E8EEDA7","CLUSTERED","48","48","32","132"
"IV_ResultadoInstr","PK__IV_ResultadoInst__45DF2291","CLUSTERED","48","48","8","196"
"IV_Q_ACOMP_VENDA_DIRETA","(heap)","HEAP","48","48","40","125"
"IV_Q_ACOMPANHA_COMPRA_IMP","(heap)","HEAP","40","40","32","26"
"IV_Q_AFERICAO_SERVICOS","PK__IV_Q_AFERICAO_SE__5B596264","NONCLUSTERED","40","40","24","635"
"IV_Q_AFERICAO_VENDA_MAQ","PK__IV_Q_AFE__7484C68C18465410","NONCLUSTERED","40","40","24","979"
"IV_Q_AFERICAO_VENDA_MQ_IM","PK__IV_Q_AFERICAO_VE__723CC7BC","NONCLUSTERED","40","40","24","604"
"IV_Q_AVALIA_USADO_ENTRADA","PK__IV_Q_AVALIA_USAD__656CDC83","NONCLUSTERED","40","40","24","823"
"IV_Q_CHEGADA_IMPLEMENTO","(heap)","HEAP","40","40","32","61"
"IV_Q_DEMONSTRACAO_TRATOR","(heap)","HEAP","40","40","32","32"
"IV_Q_VENDA_AMS","PK__IV_Q_VEN__7484C68CA2B6C2E7","NONCLUSTERED","40","40","24","775"
"IV_Q_RESULTADO_DEMO","(heap)","HEAP","40","40","32","23"
"IV_Q_PROSPECCAO_SERV__JD","(heap)","HEAP","40","40","32","104"
"OUT_Contato","PK_OUT_Contato","CLUSTERED","40","40","24","147"
"IVS_CartCid","IVS_CartCidIF1","NONCLUSTERED","40","40","24","673"
"VBI_CONTA","IDX_VBI_CONTAGERENC_0","NONCLUSTERED","40","40","24","1004"
"IV_AcaoRem","PK__IV_AcaoRem__6680FC4D","CLUSTERED","40","40","24","266"
"CONTAS","CONTASX1","NONCLUSTERED","40","40","24","1003"
"CONTAS","CONTASX2","NONCLUSTERED","40","40","24","1003"
"CONTAS","CONTASX3","NONCLUSTERED","40","40","24","1003"
"GE_Consulta","PK__GE_Consu__F75B1C4287E91EB2","CLUSTERED","40","40","8","4"
"GE_AtributoFixo","PK__GE_Atrib__682FA8127E52E449","CLUSTERED","40","40","24","183"
"GE_Bairro","GE_BairroIF1","NONCLUSTERED","32","32","16","619"
"GE_Bairro","GE_BairroPK","NONCLUSTERED","32","32","16","619"
"GE_AtributoFixo","GE_AtributoFixoIE1","NONCLUSTERED","32","32","16","183"
"GE_Col","GE_COLIF1","NONCLUSTERED","32","32","16","217"
"GE_Cidade_CRM","GE_CidadePK","NONCLUSTERED","32","32","16","729"
"GE_Col","PK__GE_Col__33CEEA481D191254","CLUSTERED","32","32","16","217"
"GE_PessoaAlerta","GE_PessoaAlertaPK","NONCLUSTERED","32","32","16","237"
"GE_ObjDinAplic","GE_ObjDinAplicIE1","NONCLUSTERED","32","32","16","124"
"GE_ObjDinAplic","GE_ObjDinAplicIF1","NONCLUSTERED","32","32","16","124"
"GE_ObjDinAplic","GE_ObjDinAplicPK","NONCLUSTERED","32","32","16","124"
"GE_ObjDinAplic","PK__GE_ObjDi__6EC55BB7F001B240","CLUSTERED","32","32","16","124"
"ge_pessoaativa","(heap)","HEAP","32","32","24","1175"
"gep_excseqcarok","(heap)","HEAP","32","32","24","1668"
"GE_QVConsVar","GE_QVConsVarIF1","NONCLUSTERED","32","32","16","581"
"GE_QVConsVar","GE_QVConsVarPK","NONCLUSTERED","32","32","16","581"
"GE_TempLong","PK__GE_TempLong__499AA4DC","CLUSTERED","32","32","8","14"
"IMP_PESSOA","EXT_PESSOAIE4_0","NONCLUSTERED","32","32","8","0"
"IMP_PESSOA","IDX_IMP_PESSOA","NONCLUSTERED","32","32","8","0"
"IVS_CartCid","IVS_CartCidIF2","NONCLUSTERED","32","32","16","673"
"IVS_CartCid","IVS_CartCidPK","NONCLUSTERED","32","32","16","673"
"IVS_DeptoRes","PK__IVS_DeptoRes__6CF8EFB2","CLUSTERED","32","32","16","63"
"IV_Q_QUALIDADE_PECAS","PK__IV_Q_QUALIDADE_P__07B7D2E6","NONCLUSTERED","32","32","16","642"
"IV_Q_VENDA_PERDIDA_IMPL","(heap)","HEAP","32","32","24","31"
"IV_Q_VENDA_PERDIDA_JDE","PK__IV_Q_VENDA_PERDI__4B5804C5","NONCLUSTERED","32","32","16","296"
"IV_Q_COMPETIDORES_NA_NEG","(heap)","HEAP","32","32","24","104"
"IV_Q_DEMO_TRATOR","(heap)","HEAP","32","32","24","43"
"IV_Q_COMPETID_NEGOC_IMPL","(heap)","HEAP","32","32","24","13"
"IV_Q_COMISSAO_AMS","PK__IV_Q_COM__7484C68CFA423269","NONCLUSTERED","32","32","16","633"
"IV_Q_AFERICAO_POS_SOLUCAO","PK__IV_Q_AFERICAO_PO__0737E4A2","NONCLUSTERED","32","32","16","452"
"IV_Q_AFERICAO_MAQ_3_CONT","PK__IV_Q_AFE__7484C68C6F2431B8","NONCLUSTERED","32","32","16","484"
"IV_Q_ACOMP_VENDA_MANITOU","(heap)","HEAP","32","32","24","21"
"IV_Q_AFERICAO_MAQ_2_CONT","PK__IV_Q_AFE__7484C68C578C6B12","NONCLUSTERED","32","32","16","541"
"IV_Q_AFERICAO_CSC","(heap)","HEAP","24","24","16","32"
"IV_Q_AFERICAO_DE_PECAS","(heap)","HEAP","24","24","16","2"
"IV_Q_APRESENT_IMPLEMENTO","(heap)","HEAP","24","24","16","43"
"IV_Q_DOC_ANALISE_CREDITO","(heap)","HEAP","24","24","16","21"
"GEP_EXCFROTASEQ","(heap)","HEAP","24","24","16","1128"
"GEP_EXCFROTASEQDEL","(heap)","HEAP","24","24","16","1082"
"GE_IMPORTA_CART","(heap)","HEAP","24","24","16","22"
"GE_Empresa","GE_EmpresaAK1","NONCLUSTERED","16","16","8","18"
"GE_Empresa","GE_EmpresaPK","NONCLUSTERED","16","16","8","18"
"GE_Empresa","PK__GE_Empre__4D90386E64151DBA","CLUSTERED","16","16","8","18"
"GE_Mod","GE_ModPK","NONCLUSTERED","16","16","8","32"
"GE_Mod","PK__GE_Mod__D47F63DCD4B895ED","CLUSTERED","16","16","8","32"
"GE_Modulo","GE_ModuloIF1","NONCLUSTERED","16","16","8","48"
"GE_Modulo","GE_ModuloPK","NONCLUSTERED","16","16","8","48"
"GE_Modulo","PK__GE_Modul__E424BB092EAD87CC","CLUSTERED","16","16","8","48"
"GE_ParamLista","GE_ParamListaPK","NONCLUSTERED","16","16","8","405"
"GE_ObjDinamico","GE_ObjDinamicoPK","NONCLUSTERED","16","16","8","196"
"GE_QVPasta","GE_QVPastaIF1","NONCLUSTERED","16","16","8","28"
"GE_QVPasta","GE_QVPastaPK","NONCLUSTERED","16","16","8","28"
"GE_QVPasta","PK__GE_QVPasta__45200882","CLUSTERED","16","16","8","28"
"GE_QVPastaCons","GE_QVPastaConsIF1","NONCLUSTERED","16","16","8","114"
"GE_QVPastaCons","GE_QVPastaConsIF2","NONCLUSTERED","16","16","8","114"
"GE_QVPastaCons","GE_QVPastaConsPK","NONCLUSTERED","16","16","8","114"
"GE_QVPastaCons","PK__GE_QVPastaCons__46142CBB","CLUSTERED","16","16","8","114"
"GE_QVRegra","GE_QVREGRAIF1","NONCLUSTERED","16","16","8","234"
"GE_PolSegCtrl","GE_PolSegCtrlIF2","NONCLUSTERED","16","16","8","254"
"GE_PolSegCtrl","GE_PolSegCtrlPK","NONCLUSTERED","16","16","8","254"
"GE_PolSegItLst","GE_PolSegItLstIF1","NONCLUSTERED","16","16","8","66"
"GE_PolSegItLst","GE_PolSegItLstPK","NONCLUSTERED","16","16","8","66"
"GE_PolSegItLst","PK__GE_PolSegItLst__3E730AF3","CLUSTERED","16","16","8","66"
"GE_PolSegParams","GE_PolSegParamsIF1","NONCLUSTERED","16","16","8","1"
"GE_PolSegParams","GE_PolSegParamsPK","NONCLUSTERED","16","16","8","1"
"GE_PolSegParams","PK__GE_PolSegParams__3F672F2C","CLUSTERED","16","16","8","1"
"GE_PolSegItem","GE_PolSegItemIF1","NONCLUSTERED","16","16","8","108"
"GE_PolSegItem","GE_PolSegItemPK","NONCLUSTERED","16","16","8","108"
"GE_QVCons","GE_QVConsAK1","NONCLUSTERED","16","16","8","134"
"GE_QVCons","GE_QVConsPK","NONCLUSTERED","16","16","8","134"
"GE_PolSeg","GE_PolSegPK","NONCLUSTERED","16","16","8","11"
"GE_PolSeg","PK__GE_PolSeg__3AA27A0F","CLUSTERED","16","16","8","11"
"GE_PolSegAces","GE_PolSegAcesIF2","NONCLUSTERED","16","16","8","3"
"GE_PolSegAces","GE_PolSegAcesPK","NONCLUSTERED","16","16","8","3"
"GE_PolSegAces","PK__GE_PolSegAces__3B969E48","CLUSTERED","16","16","8","3"
"GE_CampoPerm","GE_CampoPermIF1","NONCLUSTERED","16","16","8","17"
"GE_CampoPerm","GE_CampoPermPK","NONCLUSTERED","16","16","8","17"
"GE_CampoPerm","PK_GE_CampoPerm","CLUSTERED","16","16","8","17"
"GE_Col","GE_ColPK","NONCLUSTERED","16","16","8","217"
"GE_Consulta","GE_ConsultaIE1","NONCLUSTERED","16","16","8","2"
"GE_Consulta","GE_ConsultaIF1","NONCLUSTERED","16","16","8","2"
"GE_Consulta","GE_ConsultaPK","NONCLUSTERED","16","16","8","2"
"GE_ConsultaVar","GE_ConsultaVarIF1","NONCLUSTERED","16","16","8","3"
"GE_ConsultaVar","GE_ConsultaVarPK","NONCLUSTERED","16","16","8","3"
"GE_ConsultaVar","PK__GE_Consu__2735ED754700E5CB","CLUSTERED","16","16","8","3"
"GE_CtrlE","GE_CtrlEPK","NONCLUSTERED","16","16","8","16"
"GE_CtrlE","PK__GE_CtrlE__C41D9C18A6D75B17","CLUSTERED","16","16","8","16"
"GE_CtrlM","GE_CtrlMPK","NONCLUSTERED","16","16","8","31"
"GE_CtrlM","PK__GE_CtrlM__C41D9C183308D05F","CLUSTERED","16","16","8","31"
"GE_CtrlME","GE_CtrlMEPK","NONCLUSTERED","16","16","8","36"
"GE_CtrlME","PK__GE_CtrlM__C41D9C18ADF6C1B8","CLUSTERED","16","16","8","36"
"GE_AtributoFixo","GE_AtributoFixoIE2","NONCLUSTERED","16","16","8","183"
"GE_AtributoFixo","GE_AtributoFixoPK","NONCLUSTERED","16","16","8","183"
"GE_AppModulo","GE_AppModuloPK","NONCLUSTERED","16","16","8","30"
"GE_AppModulo","PK__GE_AppMo__D47F63DC6CCA87DE","CLUSTERED","16","16","8","30"
"GE_Aplicacao","GE_AplicacaoAK1","NONCLUSTERED","16","16","8","184"
"GE_Aplicacao","GE_AplicacaoIF1","NONCLUSTERED","16","16","8","184"
"GE_Aplicacao","GE_AplicacaoPK","NONCLUSTERED","16","16","8","184"
"EXT_VeicTipoMan","PK__EXT_Veic__4CD003F38FDDC4D5","CLUSTERED","16","16","8","1"
"EXT_VeicTipoMan","XPKEXT_VeicTipoMan","NONCLUSTERED","16","16","8","1"
"EXT_VeicFam","IDX_EXT_VEICFAM","NONCLUSTERED","16","16","8","68"
"EXT_VeicFam","PK__EXT_Veic__545E036ED9D44969","CLUSTERED","16","16","8","68"
"EXT_VeicFam","XIF2EXT_VeicFam","NONCLUSTERED","16","16","8","68"
"EXT_VeicMarca","IDX_EXT_VMARCA","NONCLUSTERED","16","16","8","5"
"EXT_VeicMarca","PK__EXT_Veic__0A2E7064CD4646F6","CLUSTERED","16","16","8","5"
"EXT_VeicMarca","XIF1EXT_VeicMarca","NONCLUSTERED","16","16","8","5"
"EXT_VeicMarca","XIF2EXT_VeicMarca","NONCLUSTERED","16","16","8","5"
"EXT_VeicMarcaEmp","PK__EXT_Veic__BA864ED09A16FCAA","CLUSTERED","16","16","8","2"
"EXT_VeicMarcaEmp","XIE1EXT_VeicMarcaEmp","NONCLUSTERED","16","16","8","2"
"EXT_VeicMarcaEmp","XIE2EXT_VeicMarcaEmp","NONCLUSTERED","16","16","8","2"
"EXT_VeicMarcaEmp","XIF1EXT_VeicMarcaEmp","NONCLUSTERED","16","16","8","2"
"EXT_VeicMarcaEmp","XPKEXT_VeicMarcaEmp","NONCLUSTERED","16","16","8","2"
"andre","(heap)","HEAP","16","16","8","3"
"DMN_DocTp","DMN_DocTpPK","NONCLUSTERED","16","16","8","108"
"DUAL","(heap)","HEAP","16","16","8","1"
"EXT_NFSOper","XIE1EXT_NFSOper","NONCLUSTERED","16","16","8","241"
"EXT_NFSOper","XIF1EXT_NFSOper","NONCLUSTERED","16","16","8","241"
"EXT_NFSOperEmp","IDX_EXT_NFSOPEMPR","NONCLUSTERED","16","16","8","330"
"EXT_NFSOperEmp","IDX_EXT_NFSOPEMPR_0","NONCLUSTERED","16","16","8","330"
"EXT_NFSOperEmp","PK__EXT_NFSO__C207E533738F740F","CLUSTERED","16","16","8","330"
"GEP_JOBAGD","GEP_JOBAGDIE1","NONCLUSTERED","16","16","8","25"
"GEP_JOBAGD","IDX_GEP_JOBAGD","NONCLUSTERED","16","16","8","25"
"GEP_JOBAGD","IDX_GEP_JOBAGD_01","NONCLUSTERED","16","16","8","25"
"GEP_JOBAGD","PK__GEP_JOBAGD__22EAEC0F","CLUSTERED","16","16","8","25"
"GEP_JobMonitor","PK__GEP_JobMonitor__7C7B2A64","CLUSTERED","16","16","8","2"
"GEP_JOBCAD","PK__GEP_JOBCAD__23DF1048","CLUSTERED","16","16","8","71"
"GEP_Processo","GEP_ProcessoPK","NONCLUSTERED","16","16","8","8"
"GEP_Processo","PK__GEP_Processo__5EDFDA85","CLUSTERED","16","16","8","8"
"GEP_ParEnvia","GEP_ParEnviaPK","NONCLUSTERED","16","16","8","3"
"GEP_ParEnvia","PK__GEP_ParEnvia__5B0F49A1","CLUSTERED","16","16","8","3"
"GEP_ParRecebe","GEP_ParRecebePK","NONCLUSTERED","16","16","8","14"
"GEP_ParRecebe","PK__GEP_ParRecebe__5C036DDA","CLUSTERED","16","16","8","14"
"GEP_ParRecEnvia","GEP_ParRecEnviaIF1","NONCLUSTERED","16","16","8","0"
"GEP_ParRecEnvia","GEP_ParRecEnviaIF2","NONCLUSTERED","16","16","8","0"
"GEP_ParRecEnvia","GEP_ParRecEnviaPK","NONCLUSTERED","16","16","8","0"
"GEP_ParRecEnvia","PK__GEP_ParRecEnvia__5CF79213","CLUSTERED","16","16","8","0"
"GEP_UsrSat","XIF1GEP_UsrSat","NONCLUSTERED","16","16","8","71"
"GE_TipoLogradouro","GE_TipoLogradouPK","NONCLUSTERED","16","16","8","124"
"GE_TipoLogradouro","PK__GE_TipoLogradour__4AD8E1D8","CLUSTERED","16","16","8","124"
"GE_UsrAcSp","GE_UsrAcSpPK","NONCLUSTERED","16","16","8","0"
"GE_UsrAcSp","PK__GE_UsrAc__72BB6B13079F1A46","CLUSTERED","16","16","8","0"
"GE_Tab","GE_TabPK","NONCLUSTERED","16","16","8","12"
"GE_Tab","PK__GE_Tab__7212AA8A","CLUSTERED","16","16","8","12"
"GE_QVConsCol","GE_QVConsColIF1","NONCLUSTERED","16","16","8","40"
"GE_QVConsCol","GE_QVConsColPK","NONCLUSTERED","16","16","8","40"
"GE_QVConsCol","PK__GE_QVConsCol__42439BD7","CLUSTERED","16","16","8","40"
"GE_QVConsHst","GE_QVConsHstIF1","NONCLUSTERED","16","16","8","69"
"GE_QVConsHst","GE_QVConsHstPK","NONCLUSTERED","16","16","8","69"
"GE_Sequencia","GE_SequenciaPK","NONCLUSTERED","16","16","8","77"
"GE_Sequencia","PK__GE_Sequencia__48F09966","CLUSTERED","16","16","8","77"
"GE_Sistema","GE_SistemaPK","NONCLUSTERED","16","16","8","11"
"GE_Sistema","PK__GE_Sistema__49E4BD9F","CLUSTERED","16","16","8","11"
"GEP_UsrSat","GEP_UsrSatPK","NONCLUSTERED","16","16","8","71"
"IV_AcaoAtendente","IV_AcaoAtendentIF1","NONCLUSTERED","16","16","8","0"
"IV_AcaoAtendente","IV_AcaoAtendentIF2","NONCLUSTERED","16","16","8","0"
"IV_AcaoAtendente","IV_AcaoAtendentPK","NONCLUSTERED","16","16","8","0"
"IV_AcaoAtendente","PK__IV_AcaoAtendente__62B06B69","CLUSTERED","16","16","8","0"
"IV_AcaoCtrl","IV_AcaoCtrlIF1","NONCLUSTERED","16","16","8","44"
"IV_AcaoCtrl","IV_AcaoCtrlPK","NONCLUSTERED","16","16","8","44"
"IV_AcaoCtrl","PK__IV_AcaoCtrl__6498B3DB","CLUSTERED","16","16","8","44"
"IV_AcaoCtrl","XIF2IV_AcaoCtrl","NONCLUSTERED","16","16","8","44"
"IV_Campanha","XIF10IV_CAMPANHA","NONCLUSTERED","16","16","8","179"
"IV_Campanha","XIF11IV_CAMPANHA","NONCLUSTERED","16","16","8","179"
"IV_Campanha","XIF1IV_CAMPANHA","NONCLUSTERED","16","16","8","179"
"IV_Campanha","XIF5IV_Campanha","NONCLUSTERED","16","16","8","179"
"IV_Campanha","XIF6IV_CAMPANHA","NONCLUSTERED","16","16","8","179"
"IV_Campanha","XIF7IV_Campanha","NONCLUSTERED","16","16","8","179"
"IV_Campanha","XIF8IV_CAMPANHA","NONCLUSTERED","16","16","8","179"
"IV_Campanha","XIF9IV_CAMPANHA","NONCLUSTERED","16","16","8","179"
"IV_AcaoRem","IV_AcaoRemIF1","NONCLUSTERED","16","16","8","266"
"IV_AcaoRem","IV_AcaoRemIF2","NONCLUSTERED","16","16","8","266"
"IV_AcaoRem","IV_AcaoRemPK","NONCLUSTERED","16","16","8","266"
"IV_AtribLista","IV_AtribListaIF1","NONCLUSTERED","16","16","8","37"
"IV_AtribLista","IV_AtribListaPK","NONCLUSTERED","16","16","8","37"
"IV_AtribLista","PK__IV_AtribLista__73DAF76B","CLUSTERED","16","16","8","37"
"IV_Atributo","IV_AtributoPK","NONCLUSTERED","16","16","8","10"
"IV_Atributo","PK__IV_Atributo__74CF1BA4","CLUSTERED","16","16","8","10"
"IV_CbrCriterioDef","XIF1IV_CbrCriterioDe","NONCLUSTERED","16","16","8","231"
"IV_CbrCriterioDef","XPKIV_CbrCriterioDef","NONCLUSTERED","16","16","8","231"
"IV_CBRCRITERIOMSG","PK__IV_CBRCR__61C3CFEBC1839AFA","CLUSTERED","16","16","8","3"
"IV_CBRCRITERIOMSG","XIF1IV_CBRCRITERIOMS","NONCLUSTERED","16","16","8","3"
"IV_CBRCRITERIOMSG","XIF2IV_CBRCRITERIOMS","NONCLUSTERED","16","16","8","3"
"IV_CBRCRITERIOMSG","XIF3IV_CBRCRITERIOMS","NONCLUSTERED","16","16","8","3"
"IV_CbrCriterio","XIF1IV_CbrCriterio","NONCLUSTERED","16","16","8","122"
"IV_CbrCriterio","XIF2IV_CbrCriterio","NONCLUSTERED","16","16","8","122"
"IV_CbrCriterio","XIF3IV_CbrCriterio","NONCLUSTERED","16","16","8","122"
"IV_CbrCriterio","XIF4IV_CbrCriterio","NONCLUSTERED","16","16","8","122"
"IV_CbrCriterio","XIF5IV_CbrCriterio","NONCLUSTERED","16","16","8","122"
"IV_CbrCriterio","XIF6IV_CbrCriterio","NONCLUSTERED","16","16","8","122"
"IV_CbrCriterio","XIF7IV_CbrCriterio","NONCLUSTERED","16","16","8","122"
"IV_CbrCriterio","XPKIV_CbrCriterio","NONCLUSTERED","16","16","8","122"
"IV_ClasseRes","IV_ClasseResPK","NONCLUSTERED","16","16","8","40"
"IV_ClasseRes","PK__IV_ClasseRes__789FAC88","CLUSTERED","16","16","8","40"
"IV_CodPrcEmpr","IV_CodPrcEmprIF1","NONCLUSTERED","16","16","8","17"
"IV_CodPrcEmpr","IV_CodPrcEmprIF2","NONCLUSTERED","16","16","8","17"
"IV_CodPrcEmpr","IV_CodPrcEmprPK","NONCLUSTERED","16","16","8","17"
"IV_CodPrcEmpr","PK__IV_CodPrcEmpr__0134F289","CLUSTERED","16","16","8","17"
"IV_CodProcComent","IV_CodProcComenIF1","NONCLUSTERED","16","16","8","1"
"IV_CodProcComent","IV_CodProcComenPK","NONCLUSTERED","16","16","8","1"
"IV_CodProcComent","PK__IV_CodProcComent__022916C2","CLUSTERED","16","16","8","1"
"IV_CodProcesso","IV_CodProcessoPK","NONCLUSTERED","16","16","8","62"
"IV_Evento","IV_EventoAK1","NONCLUSTERED","16","16","8","132"
"IV_Evento","IV_EventoIE1","NONCLUSTERED","16","16","8","132"
"IV_Evento","IV_EventoPK","NONCLUSTERED","16","16","8","132"
"IV_GlobalParLista","IV_GlobalParLisIF1","NONCLUSTERED","16","16","8","197"
"IV_GlobalParLista","IV_GlobalParLisPK","NONCLUSTERED","16","16","8","197"
"IV_GlobalParLista","PK__IV_GlobalParList__1447C6FD","CLUSTERED","16","16","8","197"
"IV_Campanha","IV_CampanhaPK","NONCLUSTERED","16","16","8","179"
"IV_Formulario","IV_FormularioPK","NONCLUSTERED","16","16","8","176"
"IV_ConhecFonema","IV_ConhecFonemaIF1","NONCLUSTERED","16","16","8","19"
"IV_ConhecFonema","IV_ConhecFonemaPK","NONCLUSTERED","16","16","8","19"
"IV_ConhecFonema","PK__IV_ConhecFonema__04115F34","CLUSTERED","16","16","8","19"
"IV_Conhecimento","IV_ConhecimentoIE1","NONCLUSTERED","16","16","8","9"
"IV_Conhecimento","IV_ConhecimentoIF1","NONCLUSTERED","16","16","8","9"
"IV_Conhecimento","IV_ConhecimentoPK","NONCLUSTERED","16","16","8","9"
"IV_Conhecimento","PK__IV_Conhecimento__0505836D","CLUSTERED","16","16","8","9"
"IV_ConhecLeitura","IV_ConhecLeiturIF1","NONCLUSTERED","16","16","8","50"
"IV_ConhecLeitura","IV_ConhecLeiturIF2","NONCLUSTERED","16","16","8","50"
"IV_ConhecLeitura","IV_ConhecLeiturPK","NONCLUSTERED","16","16","8","50"
"IV_ConhecLeitura","PK__IV_ConhecLeitura__05F9A7A6","CLUSTERED","16","16","8","50"
"IV_DoctoApl","IV_DoctoAplIF1","NONCLUSTERED","16","16","8","6"
"IV_DoctoApl","IV_DoctoAplPK","NONCLUSTERED","16","16","8","6"
"IV_DoctoApl","PK__IV_DoctoApl__09CA388A","CLUSTERED","16","16","8","6"
"IV_DoctoAplUso","IV_DoctoAplUsoIF1","NONCLUSTERED","16","16","8","3"
"IV_DoctoAplUso","IV_DoctoAplUsoPK","NONCLUSTERED","16","16","8","3"
"IV_DoctoAplUso","PK__IV_DoctoAplUso__0ABE5CC3","CLUSTERED","16","16","8","3"
"IV_DoctoTipo","IV_DoctoTipoPK","NONCLUSTERED","16","16","8","3"
"IV_DoctoTipo","PK__IV_DoctoTipo__0BB280FC","CLUSTERED","16","16","8","3"
"IV_OpBloq","IV_OpBloqIF1","NONCLUSTERED","16","16","8","4"
"IV_OpBloq","IV_OpBloqPK","NONCLUSTERED","16","16","8","4"
"IV_OpBloq","PK__IV_OpBloq__1AF4C48C","CLUSTERED","16","16","8","4"
"IV_GlobalParCtrl","IV_GlobalParCtrPK","NONCLUSTERED","16","16","8","48"
"IV_Motivo","IV_MotivoPK","NONCLUSTERED","16","16","8","45"
"IV_Motivo","PK__IV_Motivo__190C7C1A","CLUSTERED","16","16","8","45"
"IV_OPTEMAIL","IDX_IV_OPTEMAIL","NONCLUSTERED","16","16","8","21"
"IV_OPTEMAIL","IDX_IV_OPTEMAIL01","NONCLUSTERED","16","16","8","21"
"IV_OPTEMAIL","PK__IV_OPTEM__49FE5E1E86897F66","CLUSTERED","16","16","8","21"
"IV_OPTEMAIL","XIF2IV_OPTEMAIL","NONCLUSTERED","16","16","8","21"
"IV_OPTFONE","IDX_IV_OPTFONE","NONCLUSTERED","16","16","8","2"
"IV_OPTFONE","IDX_IV_OPTFONE_02","NONCLUSTERED","16","16","8","2"
"IV_OPTFONE","PK__IV_OPTFO__C4D3B2D12729D2AB","CLUSTERED","16","16","8","2"
"IV_OPTFONE","XIF1IV_OPTFONE","NONCLUSTERED","16","16","8","2"
"IV_Pcte","IV_PcteAK1","NONCLUSTERED","16","16","8","1"
"IV_Pcte","IV_PctePK","NONCLUSTERED","16","16","8","1"
"IV_Pcte","PK__IV_Pcte__1DD13137","CLUSTERED","16","16","8","1"
"IV_PcteAtrFx","IV_PcteAtrFxIF1","NONCLUSTERED","16","16","8","22"
"IV_PcteAtrFx","IV_PcteAtrFxPK","NONCLUSTERED","16","16","8","22"
"IV_PcteAtrFx","PK__IV_PcteAtrFx__1EC55570","CLUSTERED","16","16","8","22"
"IV_Q_DOC_ANALISE_CREDITO","PK__IV_Q_DOC__7484C68C9635851D","NONCLUSTERED","16","16","8","21"
"IV_Q_DEMONSTRACAO_TRATOR","PK__IV_Q_DEMONSTRACA__29F710FA","NONCLUSTERED","16","16","8","32"
"IV_Q_EVENTOS_AFERICAO","PK__IV_Q_EVE__7484C68C6734B103","NONCLUSTERED","16","16","8","67"
"IV_Q_COMISSAO_USADO","PK__IV_Q_COM__7484C68CFDF57907","NONCLUSTERED","16","16","8","240"
"IV_Q_COMPETID_NEGOC_IMPL","PK__IV_Q_COMPETID_NE__7AF2094E","NONCLUSTERED","16","16","8","13"
"IV_Q_COMISSAO_CONTACHAVE","PK__IV_Q_COM__7484C68C2E3F6B41","NONCLUSTERED","16","16","8","144"
"IV_Q_COMPETIDORES_NA_NEGO","PK__IV_Q_COMPETIDORE__758348BB","NONCLUSTERED","16","16","8","101"
"IV_Q_DEMO_TRATOR","PK__IV_Q_DEMO_TRATOR__255D4466","NONCLUSTERED","16","16","8","43"
"IV_Q_COMPETIDORES_NA_NEG","PK__IV_Q_COMPETIDORE__218CB382","NONCLUSTERED","16","16","8","104"
"IV_Q_DEMO_MAQUINAS","PK__IV_Q_DEM__7484C68C97DE9164","NONCLUSTERED","16","16","8","109"
"IV_Q_APRESENT_IMPLEMENTO","PK__IV_Q_APRESENT_IM__02932B16","NONCLUSTERED","16","16","8","43"
"IV_Q_APRESENTACAO","PK__IV_Q_APRESENTACA__292DD54A","NONCLUSTERED","16","16","8","211"
"IV_Q_AVALIA_COLHEIT_USADA","(heap)","HEAP","16","16","8","1"
"IV_Q_AVALIA_COLHEIT_USADA","PK__IV_Q_AVALIA_COLH__26467BA7","NONCLUSTERED","16","16","8","1"
"IV_Q_AVALIACAO_AMS_USADO","(heap)","HEAP","16","16","8","4"
"IV_Q_AVALIACAO_AMS_USADO","PK__IV_Q_AVA__7484C68C3EC8C808","NONCLUSTERED","16","16","8","4"
"IV_Q_CHEGADA_IMPLEMENTO","PK__IV_Q_CHEGADA_IMP__2C8964E2","NONCLUSTERED","16","16","8","61"
"IV_Q_AVALIA_IMPLEM_USADO","PK__IV_Q_AVA__7484C68C1AC092C9","NONCLUSTERED","16","16","8","60"
"IV_Q_APRESENTACAO_JDE","PK__IV_Q_APRESENTACA__4F2895A9","NONCLUSTERED","16","16","8","123"
"IV_Q_AFERICAO_MAQ_3_WEB","(heap)","HEAP","16","16","8","3"
"IV_Q_AFERICAO_MAQ_3_WEB","PK__IV_Q_AFE__7484C68CD3F5037C","NONCLUSTERED","16","16","8","3"
"IV_Q_AFERICAO_SERV_WEB","PK__IV_Q_AFE__7484C68C3A144200","NONCLUSTERED","16","16","8","31"
"IV_Q_AVAL_COLH_CANA_USADA","(heap)","HEAP","16","16","8","1"
"IV_Q_AVAL_COLH_CANA_USADA","PK__IV_Q_AVAL_COLH_C__2A170C8B","NONCLUSTERED","16","16","8","1"
"IV_Q_AFERICAO_DE_PECAS","PK__IV_Q_AFE__7484C68C5D398166","NONCLUSTERED","16","16","8","2"
"IV_Q_AFERICAO_CSC","PK__IV_Q_AFE__7484C68C8AFD2C81","NONCLUSTERED","16","16","8","32"
"IV_Q_AFE_VENDA_MQ_IM_USAD","(heap)","HEAP","16","16","8","1"
"IV_Q_AFE_VENDA_MQ_IM_USAD","PK__IV_Q_AFE_VENDA_M__4E89772B","NONCLUSTERED","16","16","8","1"
"IV_Q_AFERICAO_MAQ_2_WEB","(heap)","HEAP","16","16","8","1"
"IV_Q_AFERICAO_MAQ_2_WEB","PK__IV_Q_AFE__7484C68C79D5A2E0","NONCLUSTERED","16","16","8","1"
"IV_Q_ACOMP_VENDA_MANITOU","PK__IV_Q_ACO__7484C68C99FC29B0","NONCLUSTERED","16","16","8","21"
"IV_Q_ACOMP_VENDA_USADO","PK__IV_Q_ACO__7484C68CFDE148D1","NONCLUSTERED","16","16","8","256"
"IV_Q_ACOMPAN_VEND_CONCESS","PK__IV_Q_ACO__7484C68CEBC40BD3","NONCLUSTERED","16","16","8","98"
"IV_Q_ACOMPAN_COMPRA_JDE","PK__IV_Q_ACOMPAN_COM__18F76D81","NONCLUSTERED","16","16","8","153"
"IV_Q_ACOMPANHA_COMPRA_IMP","PK__IV_Q_ACOMPANHA_C__41C478EA","NONCLUSTERED","16","16","8","26"
"IV_Q_ACOMP_VENDA_DIRETA","PK__IV_Q_ACOMP_VENDA__5FA9E18C","NONCLUSTERED","16","16","8","125"
"IV_Q_ACOMP_VENDA_DIRETAJD","PK__IV_Q_ACO__7484C68C8DC3FA9F","NONCLUSTERED","16","16","8","270"
"IV_Q_ACOMP_VENDA_LOCACAO","(heap)","HEAP","16","16","8","15"
"IV_Q_ACOMP_VENDA_LOCACAO","PK__IV_Q_ACO__7484C68C71293718","NONCLUSTERED","16","16","8","15"
"IV_Propriedade","IV_PropriedadeAK1","NONCLUSTERED","16","16","8","52"
"IV_Propriedade","IV_PropriedadePK","NONCLUSTERED","16","16","8","52"
"IV_ProcFase","IV_ProcFaseIF1","NONCLUSTERED","16","16","8","273"
"IV_ProcFase","IV_ProcFasePK","NONCLUSTERED","16","16","8","273"
"IV_ProcPersp","IV_ProcPerspIF1","NONCLUSTERED","16","16","8","67"
"IV_ProcPersp","IV_ProcPerspPK","NONCLUSTERED","16","16","8","67"
"IV_ProcPersp","PK__IV_ProcPersp__2C1F508E","CLUSTERED","16","16","8","67"
"IV_ProcSt","IV_ProcStIF1","NONCLUSTERED","16","16","8","250"
"IV_ProcSt","IV_ProcStPK","NONCLUSTERED","16","16","8","250"
"IV_ProcVinc","IV_ProcVincIF1","NONCLUSTERED","16","16","8","192"
"IV_ProcVinc","IV_ProcVincPK","NONCLUSTERED","16","16","8","192"
"IV_ProcVinc","PK__IV_ProcVinc__35A8BAC8","CLUSTERED","16","16","8","192"
"IV_Produto","IV_ProdutoAK1","NONCLUSTERED","16","16","8","1"
"IV_Produto","IV_ProdutoIE1","NONCLUSTERED","16","16","8","1"
"IV_Produto","IV_ProdutoIE2","NONCLUSTERED","16","16","8","1"
"IV_Produto","IV_ProdutoPK","NONCLUSTERED","16","16","8","1"
"IV_Produto","PK__IV_Produto__369CDF01","CLUSTERED","16","16","8","1"
"IV_Q_VENDA_PERDIDA_MANITO","(heap)","HEAP","16","16","8","6"
"IV_Q_VENDA_PERDIDA_MANITO","PK__IV_Q_VEN__7484C68CD189A8B9","NONCLUSTERED","16","16","8","6"
"IV_Q_VENDA_PERDIDA_IMPLEM","PK__IV_Q_VENDA_PERDI__24E8431A","NONCLUSTERED","16","16","8","125"
"IV_Q_VENDA_PERDIDA_IMPL","PK__IV_Q_VENDA_PERDI__1C5DEA11","NONCLUSTERED","16","16","8","31"
"IV_Q_QUALIDADE_SERVICOS","PK__IV_Q_QUALIDADE_S__1605F23D","NONCLUSTERED","16","16","8","345"
"IV_Q_QUALIDADE_VENDAMAQ","PK__IV_Q_QUALIDADE_V__12356159","NONCLUSTERED","16","16","8","141"
"IV_Q_RESULTADO_DEMO","PK__IV_Q_RES__7484C68CD3D71EC9","NONCLUSTERED","16","16","8","23"
"IV_Q_RECEBIMENTO_FINANC","(heap)","HEAP","16","16","8","4"
"IV_Q_RECEBIMENTO_FINANC","PK__IV_Q_RECEBIMENTO__0055DCE9","NONCLUSTERED","16","16","8","4"
"IV_Q_PROSPECCAO_SERV__JD","PK__IV_Q_PRO__7484C68C4739D21C","NONCLUSTERED","16","16","8","104"
"IV_Q_PREMIO_DEMO","(heap)","HEAP","16","16","8","21"
"IV_Q_PREMIO_DEMO","PK__IV_Q_PRE__7484C68CC8848625","NONCLUSTERED","16","16","8","21"
"IV_Q_PREVISAO_RECEBIMENTO","(heap)","HEAP","16","16","8","4"
"IV_Q_PREVISAO_RECEBIMENTO","PK__IV_Q_PREVISAO_RE__349F87F6","NONCLUSTERED","16","16","8","4"
"IV_Q_LOCACAO_COMISSAO","(heap)","HEAP","16","16","8","15"
"IV_Q_LOCACAO_COMISSAO","PK__IV_Q_LOC__7484C68C7CB40800","NONCLUSTERED","16","16","8","15"
"IV_ResClasse","IV_ResClasseIF1","NONCLUSTERED","16","16","8","236"
"IV_ResClasse","IV_ResClasseIF2","NONCLUSTERED","16","16","8","236"
"IV_ResClasse","IV_ResClassePK","NONCLUSTERED","16","16","8","236"
"IV_ResClasse","PK__IV_ResClasse__4026493B","CLUSTERED","16","16","8","236"
"IV_Q_VISITA_EXP_CLIENTE","(heap)","HEAP","16","16","8","16"
"IV_Q_VISITA_EXP_CLIENTE","PK__IV_Q_VIS__7484C68CF04ECD0F","NONCLUSTERED","16","16","8","16"
"IVS_DeptoRes","IVS_DeptoResIF1","NONCLUSTERED","16","16","8","63"
"IVS_DeptoRes","IVS_DeptoResIF2","NONCLUSTERED","16","16","8","63"
"IVS_DeptoRes","IVS_DeptoResPK","NONCLUSTERED","16","16","8","63"
"IVS_DeptoEmpr","IVS_DeptoEmprIF1","NONCLUSTERED","16","16","8","13"
"IVS_DeptoEmpr","IVS_DeptoEmprIF2","NONCLUSTERED","16","16","8","13"
"IVS_DeptoEmpr","IVS_DeptoEmprIF3","NONCLUSTERED","16","16","8","13"
"IVS_DeptoEmpr","IVS_DeptoEmprPK","NONCLUSTERED","16","16","8","13"
"IVS_DeptoEmpr","PK__IVS_DeptoEmpr__6C04CB79","CLUSTERED","16","16","8","13"
"IVS_DeptoEmpr","XIF4IVS_DEPTOEMPR","NONCLUSTERED","16","16","8","13"
"IVS_Carteira","IVS_CarteiraPK","NONCLUSTERED","16","16","8","655"
"IVS_CartDepto","IVS_CartDeptoIF1","NONCLUSTERED","16","16","8","206"
"IVS_CartDepto","IVS_CartDeptoIF2","NONCLUSTERED","16","16","8","206"
"IVS_CartDepto","IVS_CartDeptoPK","NONCLUSTERED","16","16","8","206"
"IVS_Depto","IVS_DeptoAK1","NONCLUSTERED","16","16","8","29"
"IVS_Depto","IVS_DeptoIF1","NONCLUSTERED","16","16","8","29"
"IVS_Depto","IVS_DeptoIF3","NONCLUSTERED","16","16","8","29"
"IVS_Depto","IVS_DeptoIF4","NONCLUSTERED","16","16","8","29"
"IVS_Depto","IVS_DeptoPK","NONCLUSTERED","16","16","8","29"
"IVS_Depto","PK__IVS_Depto__6A1C8307","CLUSTERED","16","16","8","29"
"OUT_PessoaLink","PK_OUT_PessoaLink","CLUSTERED","16","16","8","122"
"OUT_PessoaRelacao","PK_OUT_PessoaRelacao","CLUSTERED","16","16","8","9"
"IVS_Segm","IVS_SegmPK","NONCLUSTERED","16","16","8","8"
"IVS_Segm","PK__IVS_Segm__6EE13824","CLUSTERED","16","16","8","8"
"IVS_UsrMeta","IVS_UsrMetaAK1","NONCLUSTERED","16","16","8","1"
"IVS_UsrMeta","IVS_UsrMetaIE1","NONCLUSTERED","16","16","8","1"
"IVS_UsrMeta","IVS_UsrMetaIF1","NONCLUSTERED","16","16","8","1"
"IVS_UsrMeta","IVS_UsrMetaIF2","NONCLUSTERED","16","16","8","1"
"IVS_UsrMeta","IVS_UsrMetaPK","NONCLUSTERED","16","16","8","1"
"IVS_UsrMeta","PK__IVS_UsrMeta__6FD55C5D","CLUSTERED","16","16","8","1"
"IVT_DePara","PK__IVT_DePara__41F98314","CLUSTERED","16","16","8","12"
"ivs_callcidades","(heap)","HEAP","16","16","8","83"
"IV_VENDEDOR","IV_EquipePK","NONCLUSTERED","16","16","8","351"
"IV_TxtPadrao","IV_TxtPadraoPK","NONCLUSTERED","16","16","8","212"
"IV_TIPOCONTEUDO","PK__IV_TIPOC__089F916C3C16609A","CLUSTERED","16","16","8","1"
"IV_TxtPadraoUso","IV_TxtPadraoUsoIF1","NONCLUSTERED","16","16","8","5"
"IV_TxtPadraoUso","IV_TxtPadraoUsoPK","NONCLUSTERED","16","16","8","5"
"IV_TxtPadraoUso","PK__IV_TxtPadraoUso__505CB104","CLUSTERED","16","16","8","5"
"IV_SelecaoColList","IV_SelecaoColLiPK","NONCLUSTERED","16","16","8","35"
"IV_SelecaoColList","PK__IV_SelecaoColLis__4B97FBE7","CLUSTERED","16","16","8","35"
"IV_ResultadoInstr","IV_ResultadoInsPK","NONCLUSTERED","16","16","8","98"
"VBI_CONTAPAI","IDX_VBI_CONTAPAI_1","NONCLUSTERED","16","16","8","243"
"VBI_CONTAPAI","IDX_VBI_CONTAPAIC_2","NONCLUSTERED","16","16","8","243"
"teste","(heap)","HEAP","16","16","0","0"
"VBI_CONTAPAI","VBI_CONTAPIX1","NONCLUSTERED","16","16","8","243"
"VBI_CONTAPAI","VBI_CONTAPIX2","NONCLUSTERED","16","16","8","243"
"IV_Q_VP_PULVERIZADOR","(heap)","HEAP","8","8","0","0"
"IV_Q_RECEBIMENTO_COMISSAO","(heap)","HEAP","8","8","0","0"
"IV_Q_RECEB_FINAN_IMPLEM","(heap)","HEAP","8","8","0","0"
"IV_Q_VENDA_PERDIDA_TESTE","(heap)","HEAP","8","8","0","0"
"IV_Q_AVAL_TRATORES_USADOS","(heap)","HEAP","8","8","0","0"
"IV_Q_ALTERADO_PAGAMENTO","(heap)","HEAP","8","8","0","0"
"IV_Q_AFERICAO_SUPORTE_INT","(heap)","HEAP","8","8","0","0"
"GEP_ImportErro","(heap)","HEAP","8","8","0","0"
"GEP_JOBNOTIFICAR","PK__GEP_JOBNOTIFICAR__27AFA12C","CLUSTERED","0","0","0","0"
"GEP_JOBNOTIFICAR","XIF2GEP_JOBNOTIFICAR","NONCLUSTERED","0","0","0","0"
"GEP_Notificar","GEP_NotificarIF1","NONCLUSTERED","0","0","0","0"
"GEP_Notificar","GEP_NotificarPK","NONCLUSTERED","0","0","0","0"
"GEP_Notificar","PK__GEP_Notificar__5A1B2568","CLUSTERED","0","0","0","0"
"GEP_PABX","PK__GEP_PABX__EE3F544DD0CB2DB5","CLUSTERED","0","0","0","0"
"GEP_PABX","XPKGEP_PABX","NONCLUSTERED","0","0","0","0"
"GEP_EMAILSENTREL","PK__GEP_EMAI__D39674F292C160CE","CLUSTERED","0","0","0","0"
"IMP_EMAIL","IDX_IMP_EMAIL","NONCLUSTERED","0","0","0","0"
"IMP_EMAIL","PK__IMP_EMAI__B4CA2AEB75680080","CLUSTERED","0","0","0","0"
"IMP_Evento","IDX_IMP_EVENTO","NONCLUSTERED","0","0","0","0"
"IMP_Evento","PK__IMP_Even__034EFC046674F3F3","CLUSTERED","0","0","0","0"
"IMP_Evento","XIE2IMP_Evento","NONCLUSTERED","0","0","0","0"
"IMP_Evento","XIE3IMP_Evento","NONCLUSTERED","0","0","0","0"
"IMP_Evento","XIE4IMP_EVENTO","NONCLUSTERED","0","0","0","0"
"IMP_FORMAPGTO","IDX_IMP_FORMAPGTO","NONCLUSTERED","0","0","0","0"
"IMP_FORMAPGTO","PK__IMP_FORM__D6E14D4664EC38D9","CLUSTERED","0","0","0","0"
"IMP_FORMAPGTO","XIE2IMP_FORMAPGTO","NONCLUSTERED","0","0","0","0"
"GEP_ProcControle","GEP_ProcControlPK","NONCLUSTERED","0","0","0","0"
"GEP_ProcControle","PK__GEP_ProcControle__5DEBB64C","CLUSTERED","0","0","0","0"
"GEP_ProcImport","(heap)","HEAP","0","0","0","0"
"GEP_ProcImport","GEP_PROCIMPORTIE1","NONCLUSTERED","0","0","0","0"
"GEP_ProcImport","GEP_PROCIMPORTIE2","NONCLUSTERED","0","0","0","0"
"GE_TabRegra","GE_TABREGRAAK1","NONCLUSTERED","0","0","0","0"
"GE_TabRegra","GE_TABREGRAIF1","NONCLUSTERED","0","0","0","0"
"GE_TabRegra","GE_TABREGRAIF2","NONCLUSTERED","0","0","0","0"
"GE_TabRegra","GE_TabRegraPK","NONCLUSTERED","0","0","0","0"
"GE_TabRegra","PK__GE_TabRegra__73FAF2FC","CLUSTERED","0","0","0","0"
"GE_UsrCtrl","GE_UsrCtrlIE1","NONCLUSTERED","0","0","0","0"
"GE_UsrCtrl","GE_UsrCtrlPK","NONCLUSTERED","0","0","0","0"
"GE_UsrCtrl","PK__GE_UsrCtrl__4BCD0611","CLUSTERED","0","0","0","0"
"GE_URACENARIO","IDX_GE_URACENARIO_0","NONCLUSTERED","0","0","0","0"
"GE_URACENARIO","PK__GE_URACE__167BABA18F8CD502","CLUSTERED","0","0","0","0"
"GEP_EMAILSENDREL","PK__GEP_EMAI__5F46C7F3C51CBA05","CLUSTERED","0","0","0","0"
"GE_USUARIOCMPL","PK__GE_USUAR__59D861DEEA3D37F6","CLUSTERED","0","0","0","0"
"GE_UsuarioLink","GE_UsuarioLinkIF1","NONCLUSTERED","0","0","0","0"
"GE_UsuarioLink","GE_UsuarioLinkPK","NONCLUSTERED","0","0","0","0"
"GE_UsuarioLink","PK__GE_UsuarioLink__4EA972BC","CLUSTERED","0","0","0","0"
"GEL_CEP","GEL_CEPIE1","NONCLUSTERED","0","0","0","0"
"GEL_CEP","GEL_CEPIE2","NONCLUSTERED","0","0","0","0"
"GEL_CEP","GEL_CEPIF1","NONCLUSTERED","0","0","0","0"
"GEL_CEP","GEL_CEPPK","NONCLUSTERED","0","0","0","0"
"GEL_CEP","PK__GEL_CEP__5091BB2E","CLUSTERED","0","0","0","0"
"GEL_CepAlerta","GEL_CepAlertaPK","NONCLUSTERED","0","0","0","0"
"GEL_CepAlerta","PK__GEL_CepAlerta__5185DF67","CLUSTERED","0","0","0","0"
"GEL_CepOrig","GEL_CepOrigPK","NONCLUSTERED","0","0","0","0"
"GEL_CepOrig","PK__GEL_CepOrig__527A03A0","CLUSTERED","0","0","0","0"
"GEL_Cidade","GEL_CidadePK","NONCLUSTERED","0","0","0","0"
"GEL_Cidade","PK__GEL_Cidade__536E27D9","CLUSTERED","0","0","0","0"
"GEL_Conv","GEL_ConvAK1","NONCLUSTERED","0","0","0","0"
"GEL_Conv","GEL_ConvPK","NONCLUSTERED","0","0","0","0"
"GEL_Conv","PK__GEL_Conv__54624C12","CLUSTERED","0","0","0","0"
"GEL_ConvDe","GEL_ConvDeAK1","NONCLUSTERED","0","0","0","0"
"GEL_ConvDe","GEL_ConvDeIF1","NONCLUSTERED","0","0","0","0"
"GEL_ConvDe","GEL_ConvDePK","NONCLUSTERED","0","0","0","0"
"GEL_ConvDe","PK__GEL_ConvDe__5556704B","CLUSTERED","0","0","0","0"
"GEP_CidadeEmprDest","IDX_GEP_USRCIDADE","NONCLUSTERED","0","0","0","0"
"GEP_CidadeEmprDest","IDX_GEP_USRCIDADEUSR","NONCLUSTERED","0","0","0","0"
"GEP_CidadeEmprDest","PK__GEP_CidadeEmprDe__3AAD6707","CLUSTERED","0","0","0","0"
"IV_CampPesMsg","IDX_IV_CAMPPESMSG_3","NONCLUSTERED","0","0","0","0"
"IV_CampPesMsg","IDX_IV_CAMPPESMSG_4","NONCLUSTERED","0","0","0","0"
"IV_CampPesMsg","IDX_IV_CAMPPESMSG_5","NONCLUSTERED","0","0","0","0"
"IV_CampPesMsg","IDX_IV_CAMPPESMSG_SEQCAMPANHA","NONCLUSTERED","0","0","0","0"
"IV_CampPesMsg","IDX_IV_CAMPPESMSG_SEQPESSOA","NONCLUSTERED","0","0","0","0"
"IV_CampPesMsg","IDX_IVCAMPPESMSG_02","NONCLUSTERED","0","0","0","0"
"IV_CampPesMsg","IDX_IVCAMPPESMSG_04","NONCLUSTERED","0","0","0","0"
"IV_CampPesMsg","IDX_IVCAMPPESMSG_05","NONCLUSTERED","0","0","0","0"
"IV_CampPesMsg","IDX_IVCAMPPESMSG_06","NONCLUSTERED","0","0","0","0"
"IV_CampPesMsg","IDX_IVCAMPPESMSG_07","NONCLUSTERED","0","0","0","0"
"IV_CampPesMsg","IDX_IVCAMPPESMSG_08","NONCLUSTERED","0","0","0","0"
"IV_CampPesMsg","IDX_IVCAMPPESMSG_STATUS","NONCLUSTERED","0","0","0","0"
"IV_CampPesMsg","PK__IV_CampP__FFE14B9970C3BC30","CLUSTERED","0","0","0","0"
"IV_CampPesMsg","XIF1RIV_CampPesMsg","NONCLUSTERED","0","0","0","0"
"IV_CampPesMsg","XPKRIV_CampPesMsg","NONCLUSTERED","0","0","0","0"
"IV_CampPessoa","PK__IV_CampP__8F5B70755B021E6B","CLUSTERED","0","0","0","0"
"IV_CampPessoa","XIF1RIV_CampPessoa","NONCLUSTERED","0","0","0","0"
"IV_CampPessoa","XIF2RIV_CampPessoa","NONCLUSTERED","0","0","0","0"
"IV_CampPessoa","XIF3RIV_CampPessoa","NONCLUSTERED","0","0","0","0"
"IV_CampPessoa","XPKRIV_CampPessoa","NONCLUSTERED","0","0","0","0"
"IV_CAMPSELECAO","IDX_IV_CAMPSELECAO","NONCLUSTERED","0","0","0","0"
"IV_CAMPSELECAO","IDX_IV_CAMPSELECAO_0","NONCLUSTERED","0","0","0","0"
"IV_CAMPSELECAO","PK__IV_CAMPS__916D557236BA1B79","CLUSTERED","0","0","0","0"
"IV_CampVoucher","IDX_IV_CAMPVOUCHER_SEQCAMPANHA","NONCLUSTERED","0","0","0","0"
"IV_CampVoucher","IDX_IV_CAMPVOUCHER_SEQPESSOA","NONCLUSTERED","0","0","0","0"
"IV_CampVoucher","PK__IV_CampV__8F5B70752306DCE0","CLUSTERED","0","0","0","0"
"IV_CampVoucher","XIE1IV_CAMPVOUCHER","NONCLUSTERED","0","0","0","0"
"IV_CampVoucher","XIE1RIV_CampVoucher","NONCLUSTERED","0","0","0","0"
"IV_CampVoucher","XPKRIV_CampVoucher","NONCLUSTERED","0","0","0","0"
"IV_CartContratante","PK__IV_CartContratan__4436D141","CLUSTERED","0","0","0","0"
"IV_CartContratante","XAK1IV_CartContratan","NONCLUSTERED","0","0","0","0"
"IV_CartContratante","XIE2IV_CartContratan","NONCLUSTERED","0","0","0","0"
"IV_CartContratante","XIF1IV_CartContratan","NONCLUSTERED","0","0","0","0"
"IV_CartContratante","XIF2IV_CartContratan","NONCLUSTERED","0","0","0","0"
"IV_CartContratante","XIF3IV_CartContratan","NONCLUSTERED","0","0","0","0"
"IV_CartCred","IV_CARTCREDIF1","NONCLUSTERED","0","0","0","0"
"IV_CartCred","IV_CARTCREDIF3","NONCLUSTERED","0","0","0","0"
"IV_CartCred","IV_CARTCREDIF4","NONCLUSTERED","0","0","0","0"
"IV_CartCred","IV_CARTCREDIF5","NONCLUSTERED","0","0","0","0"
"IV_CartCred","IV_CARTCREDNRO","NONCLUSTERED","0","0","0","0"
"IV_CartCred","PK__IV_CartCred__461F19B3","CLUSTERED","0","0","0","0"
"IV_CartCred","XAK1IV_CartCred","NONCLUSTERED","0","0","0","0"
"IV_CartCred","XIF6IV_CartCred","NONCLUSTERED","0","0","0","0"
"IV_CartCred","XIF7IV_CartCred","NONCLUSTERED","0","0","0","0"
"IV_CartLoteCartao","PK__IV_CartLoteCarta__48076225","CLUSTERED","0","0","0","0"
"IV_CartLoteCartao","XIF1IV_CartLoteCarta","NONCLUSTERED","0","0","0","0"
"IV_CartLoteCartao","XIF2IV_CartLoteCarta","NONCLUSTERED","0","0","0","0"
"IV_CartLoteImp","PK__IV_CartLoteImp__49EFAA97","CLUSTERED","0","0","0","0"
"IV_CartLoteImp","XIF1IV_CartLoteImp","NONCLUSTERED","0","0","0","0"
"IV_CartMarca","PK__IV_CartMarca__4BD7F309","CLUSTERED","0","0","0","0"
"IV_CARTPESORIGEM","PK__IV_CARTP__B239D4516A04BC08","CLUSTERED","0","0","0","0"
"IV_CARTPESSOA","PK__IV_CARTP__9EBEC2B128B2E058","CLUSTERED","0","0","0","0"
"IV_CartProduto","PK__IV_CartProduto__4DC03B7B","CLUSTERED","0","0","0","0"
"IV_CartProduto","XIF1IV_CartProduto","NONCLUSTERED","0","0","0","0"
"IV_CartProposta","IDX_IV_CARTPROPOSTA","NONCLUSTERED","0","0","0","0"
"IV_CartProposta","IV_CARTPROPOSTA_IDX10","NONCLUSTERED","0","0","0","0"
"IV_CartProposta","IV_CARTPROPOSTAIE1","NONCLUSTERED","0","0","0","0"
"IV_CartProposta","IV_CARTPROPOSTAIE2","NONCLUSTERED","0","0","0","0"
"IV_CartProposta","IV_CARTPROPOSTAIE4","NONCLUSTERED","0","0","0","0"
"IV_CartProposta","IV_CARTPROPOSTAIF1","NONCLUSTERED","0","0","0","0"
"IV_CartProposta","IV_CARTPROPOSTAIF2","NONCLUSTERED","0","0","0","0"
"IV_CartProposta","IV_CARTPROPOSTAIF4","NONCLUSTERED","0","0","0","0"
"IV_CartProposta","IV_CARTPROPOSTAIF5","NONCLUSTERED","0","0","0","0"
"IV_CartProposta","PK__IV_CartProposta__4FA883ED","CLUSTERED","0","0","0","0"
"IV_CartProposta","XIF7IV_CartProposta","NONCLUSTERED","0","0","0","0"
"IV_CartProposta","XIF8IV_CartProposta","NONCLUSTERED","0","0","0","0"
"IV_CartTitular","PK__IV_CartTitular__5190CC5F","CLUSTERED","0","0","0","0"
"IV_CartTitular","XIE1IV_CartTitular","NONCLUSTERED","0","0","0","0"
"IV_CartTitular","XIF2IV_CartTitular","NONCLUSTERED","0","0","0","0"
"IV_CartTitular","XIF3IV_CartTitular","NONCLUSTERED","0","0","0","0"
"IV_CartTitular","XIF4IV_CartTitular","NONCLUSTERED","0","0","0","0"
"IV_AcaoAutoCtrl","PK_IV_AcaoAutoCtrl","CLUSTERED","0","0","0","0"
"IV_AcaoCmpl","PK__IV_AcaoC__9FB531FB4D741C1F","CLUSTERED","0","0","0","0"
"IV_AcaoCmpl","XIF1IV_AcaoCmpl","NONCLUSTERED","0","0","0","0"
"IV_AcaoCmpl","XPKIV_AcaoCmpl","NONCLUSTERED","0","0","0","0"
"IV_ACAOANEXA","(heap)","HEAP","0","0","0","0"
"IMP_PESSOACONTATO","PK__IMP_PESS__4F4354735DE1D552","CLUSTERED","0","0","0","0"
"IMP_PESSOAFONE","PK__IMP_PESS__4EBB23887A143455","CLUSTERED","0","0","0","0"
"IMP_PRODUTO","EXT_PRODUTOAK1_0","NONCLUSTERED","0","0","0","0"
"IMP_PRODUTO","PK__IMP_PROD__ED0C5933C1DF0505","CLUSTERED","0","0","0","0"
"IMP_VEICULO","EXT_VEICULOAK1","NONCLUSTERED","0","0","0","0"
"IMP_VEICULO","PK__IMP_VEIC__673A1D7153680069","CLUSTERED","0","0","0","0"
"IMP_VEICULO","XIE3IMP_VEICULO","NONCLUSTERED","0","0","0","0"
"IMP_VEICULO_INTEGRADO","(heap)","HEAP","0","0","0","0"
"IMP_LOGAPROVACAO","PK__IMP_LOGA__CA1E3C88B6220E47","CLUSTERED","0","0","0","0"
"IMP_NFSCMPL","IDX_IMP_NFSCMPL","NONCLUSTERED","0","0","0","0"
"IMP_NFSCMPL","PK__IMP_NFSC__367F41070CDD0688","CLUSTERED","0","0","0","0"
"IMP_NFSCMPL","XIE2IMP_NFSCMPL","NONCLUSTERED","0","0","0","0"
"Gep_UsrPabx","PK__Gep_UsrP__6B10D4A5041BEB07","CLUSTERED","0","0","0","0"
"Gep_UsrPabx","XIF1Gep_UsrPabx","NONCLUSTERED","0","0","0","0"
"Gep_UsrPabx","XPKGep_UsrPabx","NONCLUSTERED","0","0","0","0"
"IMP_OSSOLIC","IDX_IMP_OSSOLIC","NONCLUSTERED","0","0","0","0"
"IMP_OSSOLIC","PK__IMP_OSSO__491C2E9CC527C210","CLUSTERED","0","0","0","0"
"IMP_OSSOLIC","XIE2IMP_OSSOLIC","NONCLUSTERED","0","0","0","0"
"IMP_Pedido","PK__IMP_Pedi__9D335DC302FA6484","CLUSTERED","0","0","0","0"
"IMP_Pedido","XIE1IMP_Pedido","NONCLUSTERED","0","0","0","0"
"IMP_Pedido","XPKIMP_Pedido","NONCLUSTERED","0","0","0","0"
"IMP_PedidoItem","PK__IMP_Pedi__8E9C2D7E60D1F365","CLUSTERED","0","0","0","0"
"IMP_PedidoItem","XIE1IMP_PedidoItem","NONCLUSTERED","0","0","0","0"
"IMP_PedidoItem","XIE2IMP_PEDIDOITEM","NONCLUSTERED","0","0","0","0"
"IMP_PedidoItem","XIE3IMP_PEDIDOITEM","NONCLUSTERED","0","0","0","0"
"IMP_PedidoItem","XPKIMP_PedidoItem","NONCLUSTERED","0","0","0","0"
"IV_Pessoa","IV_PessoaAK1","NONCLUSTERED","0","0","0","0"
"IV_Pessoa","IV_PessoaPK","NONCLUSTERED","0","0","0","0"
"IV_Pessoa","PK__IV_Pessoa__1FB979A9","CLUSTERED","0","0","0","0"
"IV_PessoaStat","PK__IV_PessoaStat__697D6489","CLUSTERED","0","0","0","0"
"IV_PessoaStat","XIF1IV_PessoaStat","NONCLUSTERED","0","0","0","0"
"IV_PlanoAtiv","IV_PlanoAtivAK1","NONCLUSTERED","0","0","0","0"
"IV_PlanoAtiv","IV_PlanoAtivPK","NONCLUSTERED","0","0","0","0"
"IV_PlanoAtiv","PK__IV_PlanoAtiv__21A1C21B","CLUSTERED","0","0","0","0"
"IV_OS","IDX_IV_OS","NONCLUSTERED","0","0","0","0"
"IV_OS","IDX_IV_OS_0","NONCLUSTERED","0","0","0","0"
"IV_OS","PK__IV_OS__C83207F528A23F61","CLUSTERED","0","0","0","0"
"IV_PAREVTEXTRES","PK__IV_PAREV__447A2B4B2363CA50","CLUSTERED","0","0","0","0"
"IV_PAREVTEXTRES","XIF1IV_PAREVTEXTRES","NONCLUSTERED","0","0","0","0"
"IV_ProcAtiv","IV_ProcAtivPK","NONCLUSTERED","0","0","0","0"
"IV_ProcAtiv","PK__IV_ProcAtiv__247E2EC6","CLUSTERED","0","0","0","0"
"IV_ProcComent","IV_ProcComentIF1","NONCLUSTERED","0","0","0","0"
"IV_ProcComent","IV_ProcComentPK","NONCLUSTERED","0","0","0","0"
"IV_ProcComent","PK__IV_ProcComent__257252FF","CLUSTERED","0","0","0","0"
"IV_ObjVenda","IV_ObjVendaIE1","NONCLUSTERED","0","0","0","0"
"IV_ObjVenda","IV_ObjVendaPK","NONCLUSTERED","0","0","0","0"
"IV_ObjVenda","PK__IV_ObjVenda__1A00A053","CLUSTERED","0","0","0","0"
"IV_HISTORICOTAG","IDX_IV_HISTORICO","NONCLUSTERED","0","0","0","0"
"IV_HISTORICOTAG","PK__IV_HISTO__BBA2F64BB6EF4044","CLUSTERED","0","0","0","0"
"IV_LEADFACEBOOK","PK__IV_LEADF__33741ABA26549B4D","CLUSTERED","0","0","0","0"
"IV_LEADFACEITEM","PK__IV_LEADF__ED6B74DA9F666308","CLUSTERED","0","0","0","0"
"IV_eMail","IV_eMailIF1","NONCLUSTERED","0","0","0","0"
"IV_eMail","IV_eMailIF2","NONCLUSTERED","0","0","0","0"
"IV_eMail","IV_eMailPK","NONCLUSTERED","0","0","0","0"
"IV_eMail","PK__IV_eMail__0CA6A535","CLUSTERED","0","0","0","0"
"IV_EMAILESTATISTICA","IDX_IVEMAILESTATISTICA_0","NONCLUSTERED","0","0","0","0"
"IV_EMAILESTATISTICA","IDX_IVEMAILESTATISTICA_1","NONCLUSTERED","0","0","0","0"
"IV_EMAILESTATISTICA","IDX_IVEMAILESTATISTICA_2","NONCLUSTERED","0","0","0","0"
"IV_EMAILESTATISTICA","IDX_IVEMAILESTATISTICA_3","NONCLUSTERED","0","0","0","0"
"IV_EMAILESTATISTICA","PK__IV_EMAIL__2AE5C942FDA2751A","CLUSTERED","0","0","0","0"
"IV_ESTRPRODUTO","PK__IV_ESTRP__6EF3AC1E6310D093","CLUSTERED","0","0","0","0"
"IV_CustoMidia","IV_CustoMidiaIE1","NONCLUSTERED","0","0","0","0"
"IV_CustoMidia","IV_CustoMidiaPK","NONCLUSTERED","0","0","0","0"
"IV_CustoMidia","PK__IV_CustoMidia__06EDCBDF","CLUSTERED","0","0","0","0"
"IV_Departamento","IV_DepartamentoPK","NONCLUSTERED","0","0","0","0"
"IV_Departamento","PK__IV_Departamento__07E1F018","CLUSTERED","0","0","0","0"
"IV_EventoAcao","PK__IV_Event__E8B08E982DB60A6A","CLUSTERED","0","0","0","0"
"IV_EventoAcao","XIF1IV_EventoAcao","NONCLUSTERED","0","0","0","0"
"IV_EventoAcao","XIF2IV_EventoAcao","NONCLUSTERED","0","0","0","0"
"IV_EventoAcao","XIF3IV_EventoAcao","NONCLUSTERED","0","0","0","0"
"IV_EventoAcao","XIF4IV_EventoAcao","NONCLUSTERED","0","0","0","0"
"IV_EventoAcao","XPKIV_EventoAcao","NONCLUSTERED","0","0","0","0"
"IV_FichaNegVeic","IV_FichaNegVeicIE1","NONCLUSTERED","0","0","0","0"
"IV_FichaNegVeic","IV_FichaNegVeicIE2","NONCLUSTERED","0","0","0","0"
"IV_FichaNegVeic","IV_FichaNegVeicIE3","NONCLUSTERED","0","0","0","0"
"IV_FichaNegVeic","IV_FichaNegVeicIF1","NONCLUSTERED","0","0","0","0"
"IV_FichaNegVeic","IV_FichaNegVeicPK","NONCLUSTERED","0","0","0","0"
"IV_FichaNegVeic","PK__IV_FichaNegVeic__0F8311E0","CLUSTERED","0","0","0","0"
"IV_FoneCtrl","IV_FoneCtrlPK","NONCLUSTERED","0","0","0","0"
"IV_FoneCtrl","PK__IV_FoneCtrl__10773619","CLUSTERED","0","0","0","0"
"IV_FoneCtrl2","(heap)","HEAP","0","0","0","0"
"IV_FoneCtrlHst","IV_FoneCtrlHstIF1","NONCLUSTERED","0","0","0","0"
"IV_FoneCtrlHst","IV_FoneCtrlHstPK","NONCLUSTERED","0","0","0","0"
"IV_FoneCtrlHst","PK__IV_FoneCtrlHst__116B5A52","CLUSTERED","0","0","0","0"
"IV_ClientePropCmpl","IV_ClientePropCPK","NONCLUSTERED","0","0","0","0"
"IV_ClientePropCmpl","PK__IV_ClientePropCm__7A87F4FA","CLUSTERED","0","0","0","0"
"IV_CobrCrit","IV_CobrCritIF1","NONCLUSTERED","0","0","0","0"
"IV_CobrCrit","IV_CobrCritIF2","NONCLUSTERED","0","0","0","0"
"IV_CobrCrit","IV_CobrCritIF3","NONCLUSTERED","0","0","0","0"
"IV_CobrCrit","IV_CobrCritPK","NONCLUSTERED","0","0","0","0"
"IV_CobrCrit","PK__IV_CobrCrit__7C703D6C","CLUSTERED","0","0","0","0"
"IV_CobrCritAgd","IV_CobrCritAgdIF1","NONCLUSTERED","0","0","0","0"
"IV_CobrCritAgd","IV_CobrCritAgdIF3","NONCLUSTERED","0","0","0","0"
"IV_CobrCritAgd","IV_CobrCritAgdPK","NONCLUSTERED","0","0","0","0"
"IV_CobrCritAgd","PK__IV_CobrCritAgd__7D6461A5","CLUSTERED","0","0","0","0"
"IV_CobrCritDef","IV_CobrCritDefIF1","NONCLUSTERED","0","0","0","0"
"IV_CobrCritDef","IV_CobrCritDefPK","NONCLUSTERED","0","0","0","0"
"IV_CobrCritDef","PK__IV_CobrCritDef__7E5885DE","CLUSTERED","0","0","0","0"
"IV_CobrCritMon","IV_CobrCritMonIF1","NONCLUSTERED","0","0","0","0"
"IV_CobrCritMon","IV_CobrCritMonPK","NONCLUSTERED","0","0","0","0"
"IV_CobrCritMon","PK__IV_CobrCritMon__7F4CAA17","CLUSTERED","0","0","0","0"
"IV_CobrTit","IV_CobrTitIE1","NONCLUSTERED","0","0","0","0"
"IV_CobrTit","IV_CobrTitIF1","NONCLUSTERED","0","0","0","0"
"IV_CobrTit","IV_CobrTitPK","NONCLUSTERED","0","0","0","0"
"IV_CobrTit","PK__IV_CobrTit__0040CE50","CLUSTERED","0","0","0","0"
"IV_CbrCobrancaMon","PK__IV_CbrCo__784E175F8E773C55","CLUSTERED","0","0","0","0"
"IV_CbrCobrancaMon","XIF1IV_CbrCobrancaMo","NONCLUSTERED","0","0","0","0"
"IV_CbrCobrancaMon","XPKIV_CbrCobrancaMon","NONCLUSTERED","0","0","0","0"
"IV_CBRCOBRANCAHST","PK__IV_CBRCO__636E780E623C9AFA","CLUSTERED","0","0","0","0"
"IV_CBRCOBRANCAHST","XIF1IV_CBRCOBRANCAHS","NONCLUSTERED","0","0","0","0"
"IV_CBRCOBRANCAHST","XIF2IV_CBRCOBRANCAHS","NONCLUSTERED","0","0","0","0"
"IV_CFinDocAceito","IV_CFINDOCACEITIF1","NONCLUSTERED","0","0","0","0"
"IV_CFinDocAceito","IV_CFIndOCACEITIF2","NONCLUSTERED","0","0","0","0"
"IV_CFinDocAceito","PK__IV_CFinDocAceito__7DB96760","CLUSTERED","0","0","0","0"
"IV_CbrTitulo","PK__IV_CbrTi__A3113E5757869AA3","CLUSTERED","0","0","0","0"
"IV_CbrTitulo","XPKIV_CbrTitulo","NONCLUSTERED","0","0","0","0"
"IV_BaseInformacao","IV_BaseInformacPK","NONCLUSTERED","0","0","0","0"
"IV_BaseInformacao","PK__IV_BaseInformaca__75C33FDD","CLUSTERED","0","0","0","0"
"IV_BonusCC","PK__IV_BonusCC__163AFC67","CLUSTERED","0","0","0","0"
"IV_BonusCC","XIE1IV_BonusCC","NONCLUSTERED","0","0","0","0"
"IV_BonusCC","XIE2IV_BonusCC","NONCLUSTERED","0","0","0","0"
"IV_BonusCC","XIF1IV_BonusCC","NONCLUSTERED","0","0","0","0"
"IV_AGENDAITEM","PK__IV_AGEND__CD4A95D12209C44C","CLUSTERED","0","0","0","0"
"IV_AtdBloq","IV_AtdBloqIF1","NONCLUSTERED","0","0","0","0"
"IV_AtdBloq","IV_AtdBloqPK","NONCLUSTERED","0","0","0","0"
"IV_AtdBloq","PK__IV_AtdBloq__6D2DF9DC","CLUSTERED","0","0","0","0"
"IV_Atendente","IV_AtendenteIF1","NONCLUSTERED","0","0","0","0"
"IV_Atendente","IV_AtendentePK","NONCLUSTERED","0","0","0","0"
"IV_Atendente","PK__IV_Atendente__6E221E15","CLUSTERED","0","0","0","0"
"IV_Ativ","IV_AtivPK","NONCLUSTERED","0","0","0","0"
"IV_Ativ","PK__IV_Ativ__6F16424E","CLUSTERED","0","0","0","0"
"IV_AtivAgenda","PK__IV_AtivA__42B4D58B5D8DD158","CLUSTERED","0","0","0","0"
"IV_AtivAgenda","XIF1IV_AtivAgenda","NONCLUSTERED","0","0","0","0"
"IV_AtivAgenda","XIF2IV_AtivAgenda","NONCLUSTERED","0","0","0","0"
"IV_ATIVGRUPO","IDX_IV_ATIVGRUPO_0","NONCLUSTERED","0","0","0","0"
"IV_ATIVGRUPO","PK__IV_ATIVG__A97F33C50BC109A5","CLUSTERED","0","0","0","0"
"IV_ATIVMODELO","PK__IV_ATIVM__70974A8ED080B561","CLUSTERED","0","0","0","0"
"IV_ATIVPADRAO","IDX_IV_ATIVPADRAOX","NONCLUSTERED","0","0","0","0"
"IV_ATIVPADRAO","PK__IV_ATIVP__6A5E4F39F700BE89","CLUSTERED","0","0","0","0"
"IV_AtivProc","IV_AtivProcIF2","NONCLUSTERED","0","0","0","0"
"IV_AtivProc","IV_AtivProcPK","NONCLUSTERED","0","0","0","0"
"IV_AtivProc","PK__IV_AtivProc__72E6D332","CLUSTERED","0","0","0","0"
"IV_ACAOURACENARIO","PK__IV_ACAOU__06FE15783A5F3C83","CLUSTERED","0","0","0","0"
"IV_AGDPLANACAO","IDX_IV_AGDPLANACAO_1","NONCLUSTERED","0","0","0","0"
"IV_AGDPLANACAO","IDX_IV_AGDPLANACAO_ACAO","NONCLUSTERED","0","0","0","0"
"IV_AGDPLANACAO","IDX_IV_AGDPLANACAO_SEQUSUARIO","NONCLUSTERED","0","0","0","0"
"IV_AGDPLANACAO","PK__IV_AGDPL__58AFBC85D6C69B82","CLUSTERED","0","0","0","0"
"IV_AGDPLANTRG","PK__IV_AGDPL__AF488020D367C2D4","CLUSTERED","0","0","0","0"
"IV_AgdRec","IV_AgdRecIF1","NONCLUSTERED","0","0","0","0"
"IV_AgdRec","IV_AgdRecIF2","NONCLUSTERED","0","0","0","0"
"IV_AgdRec","IV_AgdRecIF3","NONCLUSTERED","0","0","0","0"
"IV_AgdRec","IV_AgdRecIF4","NONCLUSTERED","0","0","0","0"
"IV_AgdRec","IV_AgdRecPK","NONCLUSTERED","0","0","0","0"
"IV_AgdRec","PK__IV_AgdRec__686944BF","CLUSTERED","0","0","0","0"
"IV_AgdUsr","IV_AgdUsrIF1","NONCLUSTERED","0","0","0","0"
"IV_AgdUsr","IV_AgdUsrPK","NONCLUSTERED","0","0","0","0"
"IV_AgdUsr","PK__IV_AgdUsr__695D68F8","CLUSTERED","0","0","0","0"
"IV_AGENDACMPL","PK__IV_AGEND__60998463755A308E","CLUSTERED","0","0","0","0"
"EXT_NFSCmpl","EXT_NFSCMPLIF1","NONCLUSTERED","0","0","0","0"
"EXT_NFSCmpl","PK__EXT_NFSC__6EB51BBB2FCB34E2","CLUSTERED","0","0","0","0"
"EXT_EMAIL","IDX_EXT_EMAIL","NONCLUSTERED","0","0","0","0"
"EXT_EMAIL","IDX_EXT_EMAIL_0","NONCLUSTERED","0","0","0","0"
"EXT_EMAIL","IDX_EXT_EMAIL_1","NONCLUSTERED","0","0","0","0"
"EXT_EMAIL","PK__EXT_EMAI__B4CA2AEB2641D59D","CLUSTERED","0","0","0","0"
"EXT_FormaPgto","EXT_FORMAPGTOIF1","NONCLUSTERED","0","0","0","0"
"EXT_FormaPgto","PK__EXT_Form__70BCFB7F457DBACC","CLUSTERED","0","0","0","0"
"CBR_CLIENTECONTA","IDX_CBR_CLIENTECONTA_CPF","NONCLUSTERED","0","0","0","0"
"CBR_CLIENTECONTA","PK__CBR_CLIE__29303D1F283A142C","CLUSTERED","0","0","0","0"
"CLARITY_BINA","(heap)","HEAP","0","0","0","0"
"CLARITY_BINA","IDX_CLARITY_BINA_0","NONCLUSTERED","0","0","0","0"
"DMN_DocArq","DMN_DocArqPK","NONCLUSTERED","0","0","0","0"
"DMN_DocArq","PK__DMN_DocA__E97A7888DE14F885","CLUSTERED","0","0","0","0"
"DMN_DocObs","DMN_DocObsPK","NONCLUSTERED","0","0","0","0"
"DMN_DocObs","PK__DMN_DocO__E97A7888D2D8F196","CLUSTERED","0","0","0","0"
"DMN_DocVrs","DMN_DocVrsIF1","NONCLUSTERED","0","0","0","0"
"DMN_DocVrs","DMN_DocVrsPK","NONCLUSTERED","0","0","0","0"
"DMN_DocVrs","PK__DMN_DocV__DBB20EF31CAEE4E2","CLUSTERED","0","0","0","0"
"DMN_DocProj","DMN_DocProjIF1","NONCLUSTERED","0","0","0","0"
"DMN_DocProj","DMN_DocProjIF2","NONCLUSTERED","0","0","0","0"
"DMN_DocProj","DMN_DocProjPK","NONCLUSTERED","0","0","0","0"
"DMN_DocProj","PK__DMN_DocP__5308B81253E3BBAA","CLUSTERED","0","0","0","0"
"DMN_DocProp","DMN_DocPropIF1","NONCLUSTERED","0","0","0","0"
"DMN_DocProp","DMN_DocPropIF2","NONCLUSTERED","0","0","0","0"
"DMN_DocProp","DMN_DocPropPK","NONCLUSTERED","0","0","0","0"
"DMN_DocProp","PK__DMN_DocP__D2DA107CC086AAB1","CLUSTERED","0","0","0","0"
"EXT_VeicAgd","IDX_EXT_VEICAGD","NONCLUSTERED","0","0","0","0"
"EXT_VeicAgd","PK__EXT_Veic__0D4FECDB34BA173A","CLUSTERED","0","0","0","0"
"EXT_VeicAgd","XIE1EXT_VeicAgd","NONCLUSTERED","0","0","0","0"
"EXT_VeicAgd","XIE2EXT_VeicAgd","NONCLUSTERED","0","0","0","0"
"EXT_VeicAgd","XIE3EXT_VeicAgd","NONCLUSTERED","0","0","0","0"
"EXT_VeicAgd","XIE4EXT_VeicAgd","NONCLUSTERED","0","0","0","0"
"EXT_VeicAgd","XIE5EXT_VeicAgd","NONCLUSTERED","0","0","0","0"
"EXT_VeicAgd","XIE6EXT_VeicAgd","NONCLUSTERED","0","0","0","0"
"EXT_VeicAgd","XIE7EXT_VeicAgd","NONCLUSTERED","0","0","0","0"
"EXT_VeicAgd","XIF2EXT_VeicAgd","NONCLUSTERED","0","0","0","0"
"EXT_VEICAGDERP","IDX_EXT_VEICAGDERP","NONCLUSTERED","0","0","0","0"
"EXT_VEICAGDERP","PK__EXT_VEIC__D461931EC0A35977","CLUSTERED","0","0","0","0"
"EXT_VeicAvalFoto","PK__EXT_Veic__B913BC4CE941EA95","CLUSTERED","0","0","0","0"
"EXT_VeicAvalFoto","XIF1EXT_VeicAvalFoto","NONCLUSTERED","0","0","0","0"
"EXT_VeicAvalFoto","XPKEXT_VeicAvalFoto","NONCLUSTERED","0","0","0","0"
"EXT_VeicAvalia","PK__EXT_Veic__46BBF4846EBC693D","CLUSTERED","0","0","0","0"
"EXT_VeicAvalia","XIE1EXT_VeicAvalia","NONCLUSTERED","0","0","0","0"
"EXT_VeicAvalia","XIE2EXT_VeicAvalia","NONCLUSTERED","0","0","0","0"
"EXT_VeicAvalia","XIE3EXT_VeicAvalia","NONCLUSTERED","0","0","0","0"
"EXT_VeicAvalia","XIE4EXT_VeicAvalia","NONCLUSTERED","0","0","0","0"
"EXT_VeicAvalia","XIE5EXT_VeicAvalia","NONCLUSTERED","0","0","0","0"
"EXT_VeicAvalia","XIF1EXT_VeicAvalia","NONCLUSTERED","0","0","0","0"
"EXT_VeicAvalia","XPKEXT_VeicAvalia","NONCLUSTERED","0","0","0","0"
"EXT_PESSOACONTATO","IDX_EXT_PESSOACONTATO","NONCLUSTERED","0","0","0","0"
"EXT_PESSOACONTATO","IDX_EXT_PESSOACONTATO_0","NONCLUSTERED","0","0","0","0"
"EXT_PESSOACONTATO","PK__EXT_PESS__4F435473B021655B","CLUSTERED","0","0","0","0"
"EXT_PESSOAFONE","PK__EXT_PESS__4EBB238807B17403","CLUSTERED","0","0","0","0"
"EXT_OSSolic","EXT_OSSOLICIF1","NONCLUSTERED","0","0","0","0"
"EXT_OSSolic","PK__EXT_OSSo__6CEDE1F4BAB11998","CLUSTERED","0","0","0","0"
"EXT_Pedido","PK__EXT_Pedi__9D335DC34DE7BBA1","CLUSTERED","0","0","0","0"
"EXT_Pedido","XIE1EXT_Pedido","NONCLUSTERED","0","0","0","0"
"EXT_Pedido","XIE2EXT_Pedido","NONCLUSTERED","0","0","0","0"
"EXT_Pedido","XIE3EXT_Pedido","NONCLUSTERED","0","0","0","0"
"EXT_Pedido","XIE4EXT_Pedido","NONCLUSTERED","0","0","0","0"
"EXT_Pedido","XIE5EXT_Pedido","NONCLUSTERED","0","0","0","0"
"EXT_Pedido","XIF1EXT_Pedido","NONCLUSTERED","0","0","0","0"
"EXT_Pedido","XIF2EXT_Pedido","NONCLUSTERED","0","0","0","0"
"EXT_Pedido","XPKEXT_Pedido","NONCLUSTERED","0","0","0","0"
"EXT_PedidoItem","PK__EXT_Pedi__BFC6373614BD8AC7","CLUSTERED","0","0","0","0"
"EXT_PedidoItem","XIF2EXT_PedidoItem","NONCLUSTERED","0","0","0","0"
"EXT_PedidoItem","XIF3EXT_PedidoItem","NONCLUSTERED","0","0","0","0"
"EXT_PedidoItem","XPKEXT_PedidoItem","NONCLUSTERED","0","0","0","0"
"EXT_VeicPlanoMnFX","IDX_EXT_PLMANFX","NONCLUSTERED","0","0","0","0"
"EXT_VeicPlanoMnFX","PK__EXT_Veic__ED46B9513C44B360","CLUSTERED","0","0","0","0"
"EXT_VeicPlanoMnFX","UQ__EXT_Veic__5C2BD78E5350DF58","NONCLUSTERED","0","0","0","0"
"EXT_VeicPlanoMnFX","UQ__EXT_Veic__5C2BD78EBE49BB2B","NONCLUSTERED","0","0","0","0"
"EXT_VeicPlanoMnFX","XAK1EXT_VeicPlanoMnF","NONCLUSTERED","0","0","0","0"
"EXT_TituloCmpl","PK__EXT_Titu__A3113E57EC29C706","CLUSTERED","0","0","0","0"
"GE_CampoExig","GE_CampoExigIF1","NONCLUSTERED","0","0","0","0"
"GE_CampoExig","GE_CampoExigPK","NONCLUSTERED","0","0","0","0"
"GE_CampoExig","PK__GE_Campo__FCF5DAD01DC49350","CLUSTERED","0","0","0","0"
"GE_CTRLMU","(heap)","HEAP","0","0","0","0"
"GE_CTRLMU","IDX_GE_CTRLMU_K01","NONCLUSTERED","0","0","0","0"
"GE_CTRLMU","IDX_GE_CTRLMU_SEQUSUARIO","NONCLUSTERED","0","0","0","0"
"GE_CONTATOAPP","IDX_GE_CONTATOAPP_01","NONCLUSTERED","0","0","0","0"
"GE_CONTATOAPP","IDX_GE_CONTATOAPP_02","NONCLUSTERED","0","0","0","0"
"GE_CONTATOAPP","PK__GE_CONTA__D54471E68C130075","CLUSTERED","0","0","0","0"
"GE_ContatoEmail","(heap)","HEAP","0","0","0","0"
"GE_ContatoEmail","XPKGE_ContatoEmail","NONCLUSTERED","0","0","0","0"
"GE_CONSVAR","PK__GE_CONSV__9B8D36B00FB0B7B0","CLUSTERED","0","0","0","0"
"GE_CONSVAR","XAK3GE_CONSVAR","NONCLUSTERED","0","0","0","0"
"GE_CONSVAR","XIF1GE_CONSVAR","NONCLUSTERED","0","0","0","0"
"GE_CONSVARLST","PK__GE_CONSV__35DCB034DB12FD09","CLUSTERED","0","0","0","0"
"GE_CONSVARLST","XIF1GE_CONSVARLST","NONCLUSTERED","0","0","0","0"
"GE_CFinConj","(heap)","HEAP","0","0","0","0"
"GE_CFinConj","GE_CFINCONJIF2","NONCLUSTERED","0","0","0","0"
"GE_CFinDocto","(heap)","HEAP","0","0","0","0"
"GE_CFinDocto","GE_CFINDOCTOIF1","NONCLUSTERED","0","0","0","0"
"GE_CFinDocto","GE_CFINDOCTOIF3","NONCLUSTERED","0","0","0","0"
"GE_CFinDocto","GE_CFINDOCTOIF4","NONCLUSTERED","0","0","0","0"
"GE_CFinDocto","GE_CFINDOCTOIF5","NONCLUSTERED","0","0","0","0"
"GE_CFinFis","(heap)","HEAP","0","0","0","0"
"GE_CFinFis","GE_CFINFISIE1","NONCLUSTERED","0","0","0","0"
"GE_CFinFis","GE_CFINFISIF1","NONCLUSTERED","0","0","0","0"
"GE_CFinRPes","(heap)","HEAP","0","0","0","0"
"GE_CFinRPes","GE_CFINRPESIF1","NONCLUSTERED","0","0","0","0"
"GE_CFinRPes","GE_CFINRPESIF2","NONCLUSTERED","0","0","0","0"
"GE_ColPosition","GE_ColPositionIE1","NONCLUSTERED","0","0","0","0"
"GE_ColPosition","GE_ColPositionPK","NONCLUSTERED","0","0","0","0"
"GE_ColPosition","PK__GE_ColPo__BDFC3E87BED0D603","CLUSTERED","0","0","0","0"
"GE_ColRegra","GE_COLREGRAAK1","NONCLUSTERED","0","0","0","0"
"GE_ColRegra","GE_COLREGRAIF1","NONCLUSTERED","0","0","0","0"
"GE_ColRegra","GE_COLREGRAIF2","NONCLUSTERED","0","0","0","0"
"GE_ColRegra","GE_ColRegraPK","NONCLUSTERED","0","0","0","0"
"GE_ColRegra","PK__GE_ColRe__42CA2BCC78C1559C","CLUSTERED","0","0","0","0"
"GE_CONSHST","PK__GE_CONSH__CD6635BE40C6BDA9","CLUSTERED","0","0","0","0"
"GE_CONSHST","XIF1GE_CONSHST","NONCLUSTERED","0","0","0","0"
"GE_CIdadePref","GE_CIdadePrefIF1","NONCLUSTERED","0","0","0","0"
"GE_CIdadePref","GE_CIdadePrefPK","NONCLUSTERED","0","0","0","0"
"GE_CIdadePref","PK__GE_CIdad__61688312DA4983A8","CLUSTERED","0","0","0","0"
"GE_PessoaUnidade","GE_PessoaUnidadPK","NONCLUSTERED","0","0","0","0"
"GE_PessoaUnidade","PK__GE_PessoaUnidade__37C60D64","CLUSTERED","0","0","0","0"
"GE_PessoaPasw","GE_PessoaPaswPK","NONCLUSTERED","0","0","0","0"
"GE_PessoaPasw","PK__GE_PessoaPasw__34E9A0B9","CLUSTERED","0","0","0","0"
"GE_PESSOAREDESOCIAL","PK__GE_PESSO__C50C958CB5C52732","CLUSTERED","0","0","0","0"
"GE_PROCESSOWEB","PK__GE_PROCE__C8342852E37CDFAC","CLUSTERED","0","0","0","0"
"GE_Regiao","GE_RegiaoPK","NONCLUSTERED","0","0","0","0"
"GE_Regiao","PK__GE_Regiao__470850F4","CLUSTERED","0","0","0","0"
"GE_RelPasta","PK__GE_RelPa__61E733949022AB94","CLUSTERED","0","0","0","0"
"GE_RelPasta","XIF1GE_RelPasta","NONCLUSTERED","0","0","0","0"
"GE_RelPasta","XPKGE_RelPasta","NONCLUSTERED","0","0","0","0"
"GE_RelPastaCons","PK__GE_RelPa__5D15BBCC19653F4A","CLUSTERED","0","0","0","0"
"GE_RelPastaCons","XIF1GE_RelPastaCons","NONCLUSTERED","0","0","0","0"
"GE_RelPastaCons","XIF2GE_RelPastaCons","NONCLUSTERED","0","0","0","0"
"GE_RelPastaCons","XPKGE_RelPastaCons","NONCLUSTERED","0","0","0","0"
"GE_RELTEMPLATE","PK__GE_RELTE__01DB06A4F78198D5","CLUSTERED","0","0","0","0"
"GE_Rota","GE_RotaIE1","NONCLUSTERED","0","0","0","0"
"GE_Rota","GE_RotaIE2","NONCLUSTERED","0","0","0","0"
"GE_Rota","GE_RotaPK","NONCLUSTERED","0","0","0","0"
"GE_Rota","PK__GE_Rota__47FC752D","CLUSTERED","0","0","0","0"
"GE_PESSOAATIVAUSR","PK__GE_PESSO__59D861DEA046F17D","CLUSTERED","0","0","0","0"
"GE_Pessoa_BKP28052025","(heap)","HEAP","0","0","0","0"
"GE_PessoaAlt","PK__GE_PessoaAlt__2F3BB45B","CLUSTERED","0","0","0","0"
"GE_PessoaAlt","XIE1GE_PessoaAlt","NONCLUSTERED","0","0","0","0"
"GE_PessoaAlt","XIF1GE_PessoaAlt","NONCLUSTERED","0","0","0","0"
"GE_PessoaAlt","XIF2GE_PessoaAlt","NONCLUSTERED","0","0","0","0"
"GE_PessoaAlt","XIF3GE_PessoaAlt","NONCLUSTERED","0","0","0","0"
"GE_PessoaDel","GE_PESSOAIE1","NONCLUSTERED","0","0","0","0"
"GE_PessoaDel","GE_PESSOAIE2","NONCLUSTERED","0","0","0","0"
"GE_PessoaDel","GE_PESSOAIE3","NONCLUSTERED","0","0","0","0"
"GE_PessoaDel","GE_PESSOAIE4","NONCLUSTERED","0","0","0","0"
"GE_PessoaDel","GE_PESSOAIE5","NONCLUSTERED","0","0","0","0"
"GE_PessoaDel","GE_PESSOAIE6","NONCLUSTERED","0","0","0","0"
"GE_PessoaDel","GE_PESSOAIE7","NONCLUSTERED","0","0","0","0"
"GE_PessoaDel","GE_PESSOAIE8","NONCLUSTERED","0","0","0","0"
"GE_PessoaDel","PK__GE_Pesso__A374A08C051EA217","CLUSTERED","0","0","0","0"
"GE_PessoaEmail","GE_PessoaEmailIE1","NONCLUSTERED","0","0","0","0"
"GE_PessoaEmail","GE_PessoaEmailIF1","NONCLUSTERED","0","0","0","0"
"GE_PessoaEmail","GE_PessoaEmailPK","NONCLUSTERED","0","0","0","0"
"GE_PessoaEmail","PK_GE_PessoaEmail","CLUSTERED","0","0","0","0"
"GE_PessoaEndAlt","PK__GE_PessoaEndAlt__3123FCCD","CLUSTERED","0","0","0","0"
"GE_PessoaEndAlt","XIE1GE_PessoaEndAlt","NONCLUSTERED","0","0","0","0"
"GE_PessoaEndAlt","XIF1GE_PessoaEndAlt","NONCLUSTERED","0","0","0","0"
"GE_PessoaEndAlt","XIF2GE_PessoaEndAlt","NONCLUSTERED","0","0","0","0"
"GE_PessoaEndAlt","XIF3GE_PessoaEndAlt","NONCLUSTERED","0","0","0","0"
"GE_PessoaEndAlt","XIF4GE_PessoaEndAlt","NONCLUSTERED","0","0","0","0"
"GE_PessoaJur","GE_PessoaJurPK","NONCLUSTERED","0","0","0","0"
"GE_PessoaJur","PK__GE_PessoaJur__3024EB9C","CLUSTERED","0","0","0","0"
"GE_PesDelVinc","PK__GE_PesDe__0068D8ADF30C0674","CLUSTERED","0","0","0","0"
"GE_PesDelVinc","XIF1GE_PesDelVinc","NONCLUSTERED","0","0","0","0"
"GE_PesDelVinc","XPKGE_PesDelVinc","NONCLUSTERED","0","0","0","0"
"GE_LogAtividade","PK__GE_LogAt__B5AEFE609CDB2E9A","CLUSTERED","0","0","0","0"
"GE_LogAtividade","XPKGE_LogAtividade","NONCLUSTERED","0","0","0","0"
"GE_MobileConfig","PK__GE_Mobil__54575050328EE2A5","CLUSTERED","0","0","0","0"
"GE_MobileConfig","XIF1GE_MobileConfig","NONCLUSTERED","0","0","0","0"
"GE_MobileConfig","XIF2GE_MobileConfig","NONCLUSTERED","0","0","0","0"
"GE_MobileConfig","XIF3GE_MobileConfig","NONCLUSTERED","0","0","0","0"
"GE_MobileConfig","XIF4GE_MobileConfig","NONCLUSTERED","0","0","0","0"
"GE_MobileConfig","XPKGE_MobileConfig","NONCLUSTERED","0","0","0","0"
"GE_MOBILEPROP","IDX_GE_MOBILEPRO_SEQMOBILECON","NONCLUSTERED","0","0","0","0"
"GE_MOBILEPROP","IDX_GE_MOBILEPRO_SEQPROPRIEDA","NONCLUSTERED","0","0","0","0"
"GE_MOBILEPROP","PK__GE_MOBIL__912F0C35374F234A","CLUSTERED","0","0","0","0"
"GE_FCadConj","GE_FCadConjPK","NONCLUSTERED","0","0","0","0"
"GE_FCadConj","PK__GE_FCadC__9EDAB5C24096A028","CLUSTERED","0","0","0","0"
"GE_FCadF","GE_FCadFIE1","NONCLUSTERED","0","0","0","0"
"GE_FCadF","GE_FCadFIF1","NONCLUSTERED","0","0","0","0"
"GE_FCadF","GE_FCadFPK","NONCLUSTERED","0","0","0","0"
"GE_FCadF","PK__GE_FCadF__9EDAB5C2B60DAC3D","CLUSTERED","0","0","0","0"
"GE_FCadInstCred","GE_FCadInstCredIE1","NONCLUSTERED","0","0","0","0"
"GE_FCadInstCred","GE_FCadInstCredIF1","NONCLUSTERED","0","0","0","0"
"GE_FCadInstCred","GE_FCadInstCredPK","NONCLUSTERED","0","0","0","0"
"GE_FCadInstCred","PK__GE_FCadI__466133F1030D41AA","CLUSTERED","0","0","0","0"
"GE_FcadRBanc","GE_FcadRBancAK1","NONCLUSTERED","0","0","0","0"
"GE_FcadRBanc","GE_FcadRBancIF1","NONCLUSTERED","0","0","0","0"
"GE_FcadRBanc","GE_FcadRBancPK","NONCLUSTERED","0","0","0","0"
"GE_FcadRBanc","PK__GE_FcadR__5F8AF3E034BED1DE","CLUSTERED","0","0","0","0"
"GE_FcadRCom","GE_FcadRComAK1","NONCLUSTERED","0","0","0","0"
"GE_FcadRCom","GE_FcadRComIF1","NONCLUSTERED","0","0","0","0"
"GE_FcadRCom","GE_FcadRComPK","NONCLUSTERED","0","0","0","0"
"GE_FcadRCom","PK__GE_FcadR__0183399111DF8701","CLUSTERED","0","0","0","0"
"GE_FCadRPes","GE_FCadRPesIF1","NONCLUSTERED","0","0","0","0"
"GE_FCadRPes","GE_FCadRPesPK","NONCLUSTERED","0","0","0","0"
"GE_FCadRPes","PK__GE_FCadR__06800694243B0A95","CLUSTERED","0","0","0","0"
"GE_FERIADO","PK__GE_FERIA__51C519F3A9649081","CLUSTERED","0","0","0","0"
"GE_FERIADO","XIF1GE_FERIADO","NONCLUSTERED","0","0","0","0"
"GE_DiaNaoUtil","GE_DiaNaoUtilPK","NONCLUSTERED","0","0","0","0"
"GE_DiaNaoUtil","PK__GE_DiaNa__77387D0A22948A4F","CLUSTERED","0","0","0","0"
"GE_FONEINVALIDO","PK__GE_FONEI__D6F1694E28C52261","CLUSTERED","0","0","0","0"
"GE_Grafico","(heap)","HEAP","0","0","0","0"
"GE_Grafico","GE_GRAFICOAK1","NONCLUSTERED","0","0","0","0"
"GE_Help","GE_HelpPK","NONCLUSTERED","0","0","0","0"
"GE_Help","PK__GE_Help__2EFA6BD51A3422BC","CLUSTERED","0","0","0","0"
"GE_EMAILINVALIDO","PK__GE_EMAIL__161CF725D4575611","CLUSTERED","0","0","0","0"
"GE_EmailSpam","IDX_GE_EMAILSPAM_01","NONCLUSTERED","0","0","0","0"
"GE_EmailSpam","PK_GE_EmailSpam","CLUSTERED","0","0","0","0"
"GE_EmailSpam","XPKGE_EmailSpam","NONCLUSTERED","0","0","0","0"
"GE_IntCtrl","GE_IntCtrlPK","NONCLUSTERED","0","0","0","0"
"GE_IntCtrl","PK__GE_IntCt__5C8BB26F3E498CA7","CLUSTERED","0","0","0","0"
"GE_LOG_CARTCRED","GE_LG_CRTCRIE2_4","NONCLUSTERED","0","0","0","0"
"GE_LOG_CARTCRED","GE_LG_CRTCRIE3_4","NONCLUSTERED","0","0","0","0"
"GE_LOG_CARTCRED","GE_LG_CRTCRIE4_4","NONCLUSTERED","0","0","0","0"
"GE_LOG_CARTCRED","GE_LGCRTCRIE1_4","NONCLUSTERED","0","0","0","0"
"GE_LOG_CARTCRED","PK__GE_LOG_C__3765F65855908242","CLUSTERED","0","0","0","0"
"IV_Q_AFERICAO_SUPORTE_INT","PK__IV_Q_AFE__7484C68CE7B925E5","NONCLUSTERED","0","0","0","0"
"IV_Q_APRESENT_EQUIPAMENTO","(heap)","HEAP","0","0","0","0"
"IV_Q_APRESENT_EQUIPAMENTO","PK__IV_Q_APRESENT_EQ__1CC7FE65","NONCLUSTERED","0","0","0","0"
"IV_Q_AVAL_TRATORES_USADOS","PK__IV_Q_AVAL_TRATOR__2275EAC3","NONCLUSTERED","0","0","0","0"
"IV_Q_CANHOTO_DIGITAL","(heap)","HEAP","0","0","0","0"
"IV_Q_CANHOTO_DIGITAL","PK__IV_Q_CAN__7484C68C95BD098A","NONCLUSTERED","0","0","0","0"
"IV_Q_COM_INTERESSE_FUTURO","(heap)","HEAP","0","0","0","0"
"IV_Q_COM_INTERESSE_FUTURO","PK__IV_Q_COM__7484C68C917BC6FF","NONCLUSTERED","0","0","0","0"
"IV_Q_CADASTROS_LISTAS","(heap)","HEAP","0","0","0","0"
"IV_Q_CADASTROS_LISTAS","PK__IV_Q_CADASTROS_L__00F4FB67","NONCLUSTERED","0","0","0","0"
"IV_Q_CANCEL_RENOVACAO_SEG","(heap)","HEAP","0","0","0","0"
"IV_Q_CANCEL_RENOVACAO_SEG","PK__IV_Q_CAN__7484C68CB11CA168","NONCLUSTERED","0","0","0","0"
"IV_Q_DEMONSTR_COLHEITAD","(heap)","HEAP","0","0","0","0"
"IV_Q_DEMONSTR_COLHEITAD","PK__IV_Q_DEMONSTR_CO__5DCBBABB","NONCLUSTERED","0","0","0","0"
"IV_Q_DEMO_EQUIP_JD","(heap)","HEAP","0","0","0","0"
"IV_Q_DEMO_EQUIP_JD","PK__IV_Q_DEM__7484C68CB585539E","NONCLUSTERED","0","0","0","0"
"IV_Q_DEMO_IMPLEMENTO","(heap)","HEAP","0","0","0","0"
"IV_Q_DEMO_IMPLEMENTO","PK__IV_Q_DEMO_IMPLEM__7949B7FE","NONCLUSTERED","0","0","0","0"
"IV_Q_CONDICOES_DE_VENDAS","(heap)","HEAP","0","0","0","0"
"IV_Q_CONDICOES_DE_VENDAS","PK__IV_Q_CON__7484C68C9514B28B","NONCLUSTERED","0","0","0","0"
"IV_Q_COMISSAO_VD_LOCACAO","(heap)","HEAP","0","0","0","0"
"IV_Q_COMISSAO_VD_LOCACAO","PK__IV_Q_COM__7484C68C9984F8C7","NONCLUSTERED","0","0","0","0"
"IV_Q_EXP_FLUXO_MODELER","(heap)","HEAP","0","0","0","0"
"IV_Q_EXP_FLUXO_MODELER","PK__IV_Q_EXP__7484C68CED4D834C","NONCLUSTERED","0","0","0","0"
"IV_Q_FORA_SERVICO_PMP","(heap)","HEAP","0","0","0","0"
"IV_Q_FORA_SERVICO_PMP","PK__IV_Q_FOR__7484C68C749D19C0","NONCLUSTERED","0","0","0","0"
"IV_Q_FORM_TREINO","(heap)","HEAP","0","0","0","0"
"IV_Q_FORM_TREINO","PK__IV_Q_FOR__7484C68C574B5ABD","NONCLUSTERED","0","0","0","0"
"IV_ProjColec","IV_ProjColecPK","NONCLUSTERED","0","0","0","0"
"IV_ProjColec","PK__IV_ProjColec__3791033A","CLUSTERED","0","0","0","0"
"IV_ProjDocto","PK__IV_ProjD__5308B8129D3248AE","CLUSTERED","0","0","0","0"
"IV_ProjDocto","XIF1IV_ProjDocto","NONCLUSTERED","0","0","0","0"
"IV_ProjDocto","XIF2IV_ProjDocto","NONCLUSTERED","0","0","0","0"
"IV_ProjEquipe","IV_ProjEquipeIF1","NONCLUSTERED","0","0","0","0"
"IV_ProjEquipe","IV_ProjEquipeIF2","NONCLUSTERED","0","0","0","0"
"IV_ProjEquipe","IV_ProjEquipePK","NONCLUSTERED","0","0","0","0"
"IV_ProjEquipe","PK__IV_ProjEquipe__38852773","CLUSTERED","0","0","0","0"
"IV_Projeto","IV_ProjetoIF1","NONCLUSTERED","0","0","0","0"
"IV_Projeto","IV_ProjetoPK","NONCLUSTERED","0","0","0","0"
"IV_Projeto","PK__IV_Projeto__39794BAC","CLUSTERED","0","0","0","0"
"IV_ProjPessoa","IV_ProjPessoaIF1","NONCLUSTERED","0","0","0","0"
"IV_ProjPessoa","IV_ProjPessoaIF2","NONCLUSTERED","0","0","0","0"
"IV_ProjPessoa","IV_ProjPessoaPK","NONCLUSTERED","0","0","0","0"
"IV_ProjPessoa","PK__IV_ProjPessoa__3A6D6FE5","CLUSTERED","0","0","0","0"
"IV_ProcRelacao","IV_ProcRelacaoIF1","NONCLUSTERED","0","0","0","0"
"IV_ProcRelacao","IV_ProcRelacaoIF2","NONCLUSTERED","0","0","0","0"
"IV_ProcRelacao","IV_ProcRelacaoIF3","NONCLUSTERED","0","0","0","0"
"IV_ProcRelacao","IV_ProcRelacaoPK","NONCLUSTERED","0","0","0","0"
"IV_ProcRelacao","PK__IV_ProcRelacao__30E405AB","CLUSTERED","0","0","0","0"
"IV_ProcProjeto","IV_PROCPROJETOIF1","NONCLUSTERED","0","0","0","0"
"IV_ProcProjeto","IV_PROCPROJETOIF2","NONCLUSTERED","0","0","0","0"
"IV_ProcProjeto","PK__IV_ProcProjeto__36F1E4BC","CLUSTERED","0","0","0","0"
"IV_PROCPESLINK","PK__IV_PROCP__5FF079A979EB57B0","CLUSTERED","0","0","0","0"
"IV_PROCTAG","IDX_IV_PROCTAG","NONCLUSTERED","0","0","0","0"
"IV_PROCTAG","PK__IV_PROCT__747141519E2D82F4","CLUSTERED","0","0","0","0"
"IV_ProcTpRel","IV_ProcTpRelPK","NONCLUSTERED","0","0","0","0"
"IV_ProcTpRel","PK__IV_ProcTpRel__34B4968F","CLUSTERED","0","0","0","0"
"IV_PropriListaLk","IV_PropriListaLIE1","NONCLUSTERED","0","0","0","0"
"IV_PropriListaLk","IV_PropriListaLIF1","NONCLUSTERED","0","0","0","0"
"IV_PropriListaLk","IV_PropriListaLPK","NONCLUSTERED","0","0","0","0"
"IV_PropriListaLk","PK__IV_PropriListaLk__3D49DC90","CLUSTERED","0","0","0","0"
"IV_PUSH","IDX_IV_PUSH_01","NONCLUSTERED","0","0","0","0"
"IV_PUSH","IDX_IV_PUSH_02","NONCLUSTERED","0","0","0","0"
"IV_PUSH","IDX_IV_PUSH_03","NONCLUSTERED","0","0","0","0"
"IV_PUSH","IDX_IV_PUSH_04","NONCLUSTERED","0","0","0","0"
"IV_PUSH","PK__IV_PUSH__6928302B9978D833","CLUSTERED","0","0","0","0"
"IV_Q_VENDA_DIRETA","(heap)","HEAP","0","0","0","0"
"IV_Q_VENDA_DIRETA","PK__IV_Q_VEN__7484C68C221694F1","NONCLUSTERED","0","0","0","0"
"IV_Q_VENDA_MAQUINA_FY25","(heap)","HEAP","0","0","0","0"
"IV_Q_VENDA_MAQUINA_FY25","PK__IV_Q_VEN__7484C68CFA2D061B","NONCLUSTERED","0","0","0","0"
"IV_Q_REVISAO_800H","(heap)","HEAP","0","0","0","0"
"IV_Q_REVISAO_800H","PK__IV_Q_REV__7484C68C34E08508","NONCLUSTERED","0","0","0","0"
"IV_Q_REVISAO_FIM_GARANTIA","(heap)","HEAP","0","0","0","0"
"IV_Q_REVISAO_FIM_GARANTIA","PK__IV_Q_REV__7484C68C66AD7DBC","NONCLUSTERED","0","0","0","0"
"IV_Q_REVISAO_1500H","(heap)","HEAP","0","0","0","0"
"IV_Q_REVISAO_1500H","PK__IV_Q_REV__7484C68C1DB11742","NONCLUSTERED","0","0","0","0"
"IV_Q_RECEB_FINAN_IMPLEM","PK__IV_Q_RECEB_FINAN__3AD78439","NONCLUSTERED","0","0","0","0"
"IV_Q_PESQUISA_NPS","(heap)","HEAP","0","0","0","0"
"IV_Q_PESQUISA_NPS","PK__IV_Q_PES__7484C68C02E1C1AD","NONCLUSTERED","0","0","0","0"
"IV_Q_PESQUISA_TI","(heap)","HEAP","0","0","0","0"
"IV_Q_PESQUISA_TI","PK__IV_Q_PES__7484C68C5CB12F8B","NONCLUSTERED","0","0","0","0"
"IV_Q_ORIGEM_DA_RENDA","(heap)","HEAP","0","0","0","0"
"IV_Q_ORIGEM_DA_RENDA","PK__IV_Q_ORIGEM_DA_R__0A7E65A1","NONCLUSTERED","0","0","0","0"
"IV_Q_PEDIDO_GC","(heap)","HEAP","0","0","0","0"
"IV_Q_PEDIDO_GC","PK__IV_Q_PED__7484C68C006CDDCA","NONCLUSTERED","0","0","0","0"
"IV_Q_OS_REVISAO_ENTREGA","(heap)","HEAP","0","0","0","0"
"IV_Q_OS_REVISAO_ENTREGA","PK__IV_Q_OS___7484C68CF9D1FC10","NONCLUSTERED","0","0","0","0"
"IV_Q_VP_RENOVACAO_SEGURO","(heap)","HEAP","0","0","0","0"
"IV_Q_VP_RENOVACAO_SEGURO","PK__IV_Q_VP___7484C68C2FAA6443","NONCLUSTERED","0","0","0","0"
"IV_ResEvtOut","IV_ResEvtOutIF1","NONCLUSTERED","0","0","0","0"
"IV_ResEvtOut","IV_ResEvtOutPK","NONCLUSTERED","0","0","0","0"
"IV_ResEvtOut","PK__IV_ResEvtOut__411A6D74","CLUSTERED","0","0","0","0"
"IV_RESJOB","IDX_IV_RESJOB","NONCLUSTERED","0","0","0","0"
"IV_RESJOB","IDX_IV_RESJOB_0","NONCLUSTERED","0","0","0","0"
"IV_RESJOB","PK__IV_RESJO__DC200B82A662C84C","CLUSTERED","0","0","0","0"
"IV_Recurso","IV_RecursoPK","NONCLUSTERED","0","0","0","0"
"IV_Recurso","PK__IV_Recurso__3E3E00C9","CLUSTERED","0","0","0","0"
"IV_RecUso","IV_RecUsoIF1","NONCLUSTERED","0","0","0","0"
"IV_RecUso","IV_RecUsoPK","NONCLUSTERED","0","0","0","0"
"IV_RecUso","PK__IV_RecUso__3F322502","CLUSTERED","0","0","0","0"
"IV_ResultadoReq","IV_ResultadoReqIF1","NONCLUSTERED","0","0","0","0"
"IV_ResultadoReq","IV_ResultadoReqIF2","NONCLUSTERED","0","0","0","0"
"IV_ResultadoReq","IV_ResultadoReqIF3","NONCLUSTERED","0","0","0","0"
"IV_ResultadoReq","IV_ResultadoReqPK","NONCLUSTERED","0","0","0","0"
"IV_ResultadoReq","PK__IV_ResultadoReq__46D346CA","CLUSTERED","0","0","0","0"
"IV_ResultadoWeb","IV_ResultadoWebIF1","NONCLUSTERED","0","0","0","0"
"IV_ResultadoWeb","IV_ResultadoWebPK","NONCLUSTERED","0","0","0","0"
"IV_ResultadoWeb","PK__IV_ResultadoWeb__47C76B03","CLUSTERED","0","0","0","0"
"IV_ResParam","IV_ResParamPK","NONCLUSTERED","0","0","0","0"
"IV_ResParam","PK__IV_ResParam__4302B5E6","CLUSTERED","0","0","0","0"
"IV_WHATSAPP","PK__IV_WHATS__6092F5DCA4D692F4","CLUSTERED","0","0","0","0"
"IVC_ATENDENTE","IDX_IVC_ATENDENTE_0","NONCLUSTERED","0","0","0","0"
"IVC_ATENDENTE","PK__IVC_ATEN__59D861DEE66318A2","CLUSTERED","0","0","0","0"
"IVC_ATENDENTELOG","PK__IVC_ATEN__B1B74CEA5E3C3A97","CLUSTERED","0","0","0","0"
"IVC_CHAMADALOG","PK__IVC_CHAM__3119230B68278C33","CLUSTERED","0","0","0","0"
"IVC_EQUIPE","PK__IVC_EQUI__EFAE8DBD322D9315","CLUSTERED","0","0","0","0"
"IVC_EQUIPEUSR","IDX_IVC_EQUIPEUSR","NONCLUSTERED","0","0","0","0"
"IVC_EQUIPEUSR","IDX_IVC_EQUIPEUSR_0","NONCLUSTERED","0","0","0","0"
"IVC_EQUIPEUSR","PK__IVC_EQUI__97228905BCC242F5","CLUSTERED","0","0","0","0"
"IVC_RAMAL","PK__IVC_RAMA__A341CFDB6E4AC604","CLUSTERED","0","0","0","0"
"IVF_Acordo","IVF_AcordoIF2","NONCLUSTERED","0","0","0","0"
"IVF_Acordo","IVF_AcordoIF3","NONCLUSTERED","0","0","0","0"
"IVF_Acordo","IVF_AcordoPK","NONCLUSTERED","0","0","0","0"
"IVF_Acordo","PK__IVF_Acordo__5150D53D","CLUSTERED","0","0","0","0"
"IVF_Agregado","IVF_AGREGADOIF1","NONCLUSTERED","0","0","0","0"
"IVF_Agregado","IVF_AgregadoIF2","NONCLUSTERED","0","0","0","0"
"IVF_Agregado","IVF_AgregadoIF4","NONCLUSTERED","0","0","0","0"
"IVF_Agregado","IVF_AgregadoIF5","NONCLUSTERED","0","0","0","0"
"IVF_Agregado","IVF_AgregadoPK","NONCLUSTERED","0","0","0","0"
"IVF_Agregado","PK__IVF_Agregado__5244F976","CLUSTERED","0","0","0","0"
"IVF_AgregCC","IVF_AgregCCIF1","NONCLUSTERED","0","0","0","0"
"IVF_AgregCC","IVF_AgregCCPK","NONCLUSTERED","0","0","0","0"
"IVF_AgregCC","PK__IVF_AgregCC__53391DAF","CLUSTERED","0","0","0","0"
"IVF_AgregCC","XIF1IVF_AgregCC","NONCLUSTERED","0","0","0","0"
"IVF_Financeira","IVF_FinanceiraAK1","NONCLUSTERED","0","0","0","0"
"IVF_Financeira","IVF_FinanceiraIF1","NONCLUSTERED","0","0","0","0"
"IVF_Financeira","IVF_FinanceiraPK","NONCLUSTERED","0","0","0","0"
"IVF_Financeira","PK__IVF_Financeira__542D41E8","CLUSTERED","0","0","0","0"
"IVF_FinancEmpr","IVF_FinancEmprIF1","NONCLUSTERED","0","0","0","0"
"IVF_FinancEmpr","IVF_FinancEmprPK","NONCLUSTERED","0","0","0","0"
"IVF_FinancEmpr","PK__IVF_FinancEmpr__55216621","CLUSTERED","0","0","0","0"
"IVF_FinancImpTx","PK__IVF_FinancImpTx__3D89D3B2","CLUSTERED","0","0","0","0"
"IVF_FinancImpTx","XIF1IVF_FinancImpTx","NONCLUSTERED","0","0","0","0"
"IVF_Molicar","IVF_MolicarAK1","NONCLUSTERED","0","0","0","0"
"IVF_Molicar","IVF_MolicarIE1","NONCLUSTERED","0","0","0","0"
"IVF_Molicar","IVF_MolicarIE2","NONCLUSTERED","0","0","0","0"
"IVF_Molicar","IVF_MolicarIE3","NONCLUSTERED","0","0","0","0"
"IVF_Molicar","IVF_MolicarPK","NONCLUSTERED","0","0","0","0"
"IVF_Molicar","PK__IVF_Molicar__56158A5A","CLUSTERED","0","0","0","0"
"IVF_Plano","IVF_PlanoIE1","NONCLUSTERED","0","0","0","0"
"IVF_Plano","IVF_PlanoIF2","NONCLUSTERED","0","0","0","0"
"IVF_Plano","IVF_PlanoIF3","NONCLUSTERED","0","0","0","0"
"IVF_Plano","IVF_PlanoPK","NONCLUSTERED","0","0","0","0"
"IVF_Plano","PK__IVF_Plano__5709AE93","CLUSTERED","0","0","0","0"
"IVF_PlanoIndic","IVF_PlanoIndicIF1","NONCLUSTERED","0","0","0","0"
"IVF_PlanoIndic","IVF_PlanoIndicIF3","NONCLUSTERED","0","0","0","0"
"IVF_PlanoIndic","IVF_PlanoIndicIF4","NONCLUSTERED","0","0","0","0"
"IVF_PlanoIndic","IVF_PlanoIndicPK","NONCLUSTERED","0","0","0","0"
"IVF_PlanoIndic","PK__IVF_PlanoIndic__57FDD2CC","CLUSTERED","0","0","0","0"
"IVF_Prazo","IVF_PrazoPK","NONCLUSTERED","0","0","0","0"
"IVF_Prazo","PK__IVF_Prazo__58F1F705","CLUSTERED","0","0","0","0"
"IVF_Proposta","IVF_PropostaIE1","NONCLUSTERED","0","0","0","0"
"IVF_Proposta","IVF_PropostaIE2","NONCLUSTERED","0","0","0","0"
"IVF_Proposta","IVF_PropostaIF2","NONCLUSTERED","0","0","0","0"
"IVF_Proposta","IVF_PropostaIF3","NONCLUSTERED","0","0","0","0"
"IVF_Proposta","IVF_PropostaIF4","NONCLUSTERED","0","0","0","0"
"IVF_Proposta","IVF_PropostaPK","NONCLUSTERED","0","0","0","0"
"IVF_Proposta","PK__IVF_Proposta__59E61B3E","CLUSTERED","0","0","0","0"
"IVF_Proposta","XIF4IVF_Proposta","NONCLUSTERED","0","0","0","0"
"IVF_PropostaHst","IVF_PropostaHstIF1","NONCLUSTERED","0","0","0","0"
"IVF_PropostaHst","PK__IVF_Prop__FEE0FE1D7A9BB2E6","CLUSTERED","0","0","0","0"
"IVF_PropostaObs","IVF_PropostaObsIF1","NONCLUSTERED","0","0","0","0"
"IVF_PropostaObs","IVF_PropostaObsPK","NONCLUSTERED","0","0","0","0"
"IVF_PropostaObs","PK__IVF_PropostaObs__5BCE63B0","CLUSTERED","0","0","0","0"
"IVF_PropostaResult","IVF_PropostaResIF1","NONCLUSTERED","0","0","0","0"
"IVF_PropostaResult","IVF_PropostaResPK","NONCLUSTERED","0","0","0","0"
"IVF_PropostaResult","PK__IVF_PropostaResu__5CC287E9","CLUSTERED","0","0","0","0"
"IVF_Tabela","IVF_TabelaIF1","NONCLUSTERED","0","0","0","0"
"IVF_Tabela","IVF_TabelaPK","NONCLUSTERED","0","0","0","0"
"IVF_Tabela","PK__IVF_Tabela__5DB6AC22","CLUSTERED","0","0","0","0"
"IVF_TabelaFiltro","IVF_TabelaFiltrIE1","NONCLUSTERED","0","0","0","0"
"IVF_TabelaFiltro","IVF_TabelaFiltrIF1","NONCLUSTERED","0","0","0","0"
"IVF_TabelaFiltro","IVF_TabelaFiltrPK","NONCLUSTERED","0","0","0","0"
"IVF_TabelaFiltro","PK__IVF_TabelaFiltro__5EAAD05B","CLUSTERED","0","0","0","0"
"IVF_TabEmpr","IVF_TabEmprIF1","NONCLUSTERED","0","0","0","0"
"IVF_TabEmpr","IVF_TabEmprPK","NONCLUSTERED","0","0","0","0"
"IVF_TabEmpr","PK__IVF_TabEmpr__5F9EF494","CLUSTERED","0","0","0","0"
"IVF_TabIndice","IVF_TabIndicePK","NONCLUSTERED","0","0","0","0"
"IVF_TabIndice","PK__IVF_TabIndice__609318CD","CLUSTERED","0","0","0","0"
"IVF_TipoAgregado","IVF_TipoAgregadAK1","NONCLUSTERED","0","0","0","0"
"IVF_TipoAgregado","IVF_TipoAgregadPK","NONCLUSTERED","0","0","0","0"
"IVF_TipoAgregado","PK__IVF_TipoAgregado__61873D06","CLUSTERED","0","0","0","0"
"IVF_TpAgrPessoa","IVF_TpAgrPessoaIF1","NONCLUSTERED","0","0","0","0"
"IVF_TpAgrPessoa","IVF_TpAgrPessoaIF2","NONCLUSTERED","0","0","0","0"
"IVF_TpAgrPessoa","IVF_TpAgrPessoaPK","NONCLUSTERED","0","0","0","0"
"IVF_TpAgrPessoa","PK__IVF_TpAgrPessoa__627B613F","CLUSTERED","0","0","0","0"
"IVM_Material","IVM_MaterialPK","NONCLUSTERED","0","0","0","0"
"IVM_Material","PK__IVM_Material__636F8578","CLUSTERED","0","0","0","0"
"IVM_MatPessoa","IVM_MatPessoaIF1","NONCLUSTERED","0","0","0","0"
"IVM_MatPessoa","IVM_MatPessoaIF2","NONCLUSTERED","0","0","0","0"
"IVM_MatPessoa","IVM_MatPessoaPK","NONCLUSTERED","0","0","0","0"
"IVM_MatPessoa","PK__IVM_MatPessoa__6463A9B1","CLUSTERED","0","0","0","0"
"IVM_ProcMat","IVM_ProcMatIF1","NONCLUSTERED","0","0","0","0"
"IVM_ProcMat","IVM_ProcMatPK","NONCLUSTERED","0","0","0","0"
"IVM_ProcMat","PK__IVM_ProcMat__6557CDEA","CLUSTERED","0","0","0","0"
"IVM_ProcMatItem","IVM_ProcMatItemIF1","NONCLUSTERED","0","0","0","0"
"IVM_ProcMatItem","IVM_ProcMatItemIF2","NONCLUSTERED","0","0","0","0"
"IVM_ProcMatItem","IVM_ProcMatItemPK","NONCLUSTERED","0","0","0","0"
"IVM_ProcMatItem","PK__IVM_ProcMatItem__664BF223","CLUSTERED","0","0","0","0"
"IVP_PedCritica","PK__IVP_PedCritica__0DA5B666","CLUSTERED","0","0","0","0"
"IVP_PedCritica","XIF1IVP_PedCritica","NONCLUSTERED","0","0","0","0"
"IVP_ProdImagem","(heap)","HEAP","0","0","0","0"
"IVP_ProdImagem","XIF1IVP_ProdImagem","NONCLUSTERED","0","0","0","0"
"IVP_TabPreco","IVP_ProdPrecoIF2","NONCLUSTERED","0","0","0","0"
"IVP_TabPreco","IVP_ProdPrecoIF3","NONCLUSTERED","0","0","0","0"
"IVP_TabPreco","PK__IVP_TabPreco__08E10149","CLUSTERED","0","0","0","0"
"IVP_TabPreco","XIF4IVP_TabPreco","NONCLUSTERED","0","0","0","0"
"IVP_Vendedor","IVP_VendedorAK1","NONCLUSTERED","0","0","0","0"
"IVP_Vendedor","IVP_VendedorIE1","NONCLUSTERED","0","0","0","0"
"IVP_Vendedor","PK__IVP_Vendedor__5A3B20F9","CLUSTERED","0","0","0","0"
"teste_fefa","(heap)","HEAP","0","0","0","0"
"sysdiagrams","PK__sysdiagrams__68143F04","CLUSTERED","0","0","0","0"
"sysdiagrams","UK_principal_name","NONCLUSTERED","0","0","0","0"
"SYSDUMMY","(heap)","HEAP","0","0","0","0"
"IV_RetProcRegra","IV_RETPROCREGRAIF1","NONCLUSTERED","0","0","0","0"
"IV_RetProcRegra","IV_RETPROCREGRAIF2","NONCLUSTERED","0","0","0","0"
"IV_RetProcRegra","PK__IV_RetProcRegra__37E608F5","CLUSTERED","0","0","0","0"
"IV_SegPerfil","IV_SegPerfilPK","NONCLUSTERED","0","0","0","0"
"IV_SegPerfil","PK__IV_SegPerfil__49AFB375","CLUSTERED","0","0","0","0"
"IV_SELPROMOPRD","PK__IV_SELPR__0E6FBA8C2032FD77","CLUSTERED","0","0","0","0"
"IV_SELPROMOPRD","XIF1IV_SELPROMOPRD","NONCLUSTERED","0","0","0","0"
"IV_SELPROMOPRD","XIF2IV_SELPROMOPRD","NONCLUSTERED","0","0","0","0"
"IV_Unidade","(heap)","HEAP","0","0","0","0"
"IV_URADISPARO","IDX_IV_URADISPARO_0","NONCLUSTERED","0","0","0","0"
"IV_URADISPARO","IDX_IV_URADISPARO_1","NONCLUSTERED","0","0","0","0"
"IV_URADISPARO","IDX_IV_URADISPARO_2","NONCLUSTERED","0","0","0","0"
"IV_URADISPARO","PK__IV_URADI__C93BF9A6483FD5FE","CLUSTERED","0","0","0","0"
"IV_URARELATORIO","IDX_IV_URARELATORIO_0","NONCLUSTERED","0","0","0","0"
"IV_URARELATORIO","PK__IV_URARE__22E93AB6257B2C26","CLUSTERED","0","0","0","0"
"IV_USRPUSH","IDX_IV_PUSH_1","NONCLUSTERED","0","0","0","0"
"IV_USRPUSH","IDX_IV_PUSH_2","NONCLUSTERED","0","0","0","0"
"IV_USRPUSH","IDX_IV_PUSH_4","NONCLUSTERED","0","0","0","0"
"IV_USRPUSH","PK__IV_USRPU__6928302B3ABBC564","CLUSTERED","0","0","0","0"
"IV_TAGCAD","(heap)","HEAP","0","0","0","0"
"IV_TAGCAD","IDX_IV_TAGCAD","NONCLUSTERED","0","0","0","0"
"IV_TC_PESSOA","(heap)","HEAP","0","0","0","0"
"IV_TC_PESSOA","PK__IV_TC_PE__7484C68C261FD11D","NONCLUSTERED","0","0","0","0"
"IV_TEMPLATEPROJ","PK__IV_TEMPL__B5066C547D067CEC","CLUSTERED","0","0","0","0"
"IV_TpPgto","IV_TpPgtoAK1","NONCLUSTERED","0","0","0","0"
"IV_TpPgto","IV_TpPgtoPK","NONCLUSTERED","0","0","0","0"
"IV_TpPgto","PK__IV_TpPgto__4E746892","CLUSTERED","0","0","0","0"
"IV_TxtPadConta","PK__IV_TxtPadConta__3AC275A0","CLUSTERED","0","0","0","0"
"IVS_CanalVenda","PK__IVS_CanalVenda__5852D887","CLUSTERED","0","0","0","0"
"IVS_CartCategoria","IVS_CartCategorIF1","NONCLUSTERED","0","0","0","0"
"IVS_CartCategoria","IVS_CartCategorIF2","NONCLUSTERED","0","0","0","0"
"IVS_CartCategoria","PK__IVS_CartCategori__5946FCC0","CLUSTERED","0","0","0","0"
"IVS_Regional","PK__IVS_Regional__575EB44E","CLUSTERED","0","0","0","0"
"JDE_CATEGORY","PK__JDE_CATE__23CAF1D8ABCDE4C3","CLUSTERED","0","0","0","0"
"JDE_EQUIPAMENTS","JDE_EQUIPAMENTS_FKI2","NONCLUSTERED","0","0","0","0"
"JDE_EQUIPAMENTS","JDE_EQUIPAMENTS_FKIn","NONCLUSTERED","0","0","0","0"
"JDE_EQUIPAMENTS","PK__JDE_EQUI__31F503419C3E557D","CLUSTERED","0","0","0","0"
"JDE_PURCHASE","PK__JDE_PURC__F78207A166D6DB35","CLUSTERED","0","0","0","0"
"JDE_PURCHASE","XIF1JDE_PURCHASE","NONCLUSTERED","0","0","0","0"
"JDE_QUOTE","JDE_COTACAO_FKIndex1","NONCLUSTERED","0","0","0","0"
"JDE_QUOTE","PK__JDE_QUOT__C7709243A2901C8E","CLUSTERED","0","0","0","0"
"JDE_QUOTE_ITEM","JDE_QUOTE_ITEM_FKInd","NONCLUSTERED","0","0","0","0"
"JDE_QUOTE_ITEM","PK__JDE_QUOT__C46FC2772347354E","CLUSTERED","0","0","0","0"
"JDE_QUOTE_ITEM","XIF2JDE_QUOTE_ITEM","NONCLUSTERED","0","0","0","0"
"JDE_SALES_PERSON","PK__JDE_SALE__E94D99DEB811F2B1","CLUSTERED","0","0","0","0"
"JDE_SUB_CATEGORY","PK__JDE_SUB___F8206469F6090D6B","CLUSTERED","0","0","0","0"
"LOG_INTEGRACAO_FATURAMENTO_TOTVS","LOG_INTEGRACAO_FATURAMENTO_TOTVS_PK","CLUSTERED","0","0","0","0"
"IVS_DeptoDePara","IVS_DeptoDeParaIF2","NONCLUSTERED","0","0","0","0"
"IVS_DeptoDePara","IVS_DeptoDeParaPK","NONCLUSTERED","0","0","0","0"
"IVS_DeptoDePara","PK__IVS_DeptoDePara__6B10A740","CLUSTERED","0","0","0","0"
"IVS_Categoria","PK__IVS_Categoria__548247A3","CLUSTERED","0","0","0","0"
"IVS_NegCategoria","IVS_NegCategoriIF1","NONCLUSTERED","0","0","0","0"
"IVS_NegCategoria","PK__IVS_NegCategoria__55766BDC","CLUSTERED","0","0","0","0"
"IVS_NegCategoria","XIF2IVS_NegCategoria","NONCLUSTERED","0","0","0","0"
"IVS_Negocio","PK__IVS_Negocio__566A9015","CLUSTERED","0","0","0","0"
