Origem,Pasta,Arquivo,Extensao,TamanhoBytes,ModificadoUtc,Sha256,TipoDetectado,PeArquitetura,PeSubsystem,PeTimestampUtc,FileVersion,ProductVersion,CompanyName,ProductName,FileDescription,Copyright,AssemblyNome,AssemblyVersao,TargetFramework,TiposPublicos,QtdReferencias,Referencias,Observacao
ECS-ST-TSPLUS:TDev,<raiz>,AgendaCinza.ico,.ico,1150,2011-07-13 00:37:20,,outro,,,,,,,,,,,,,,,,SHA256 nao calculado (extensao fora da lista)
ECS-ST-TSPLUS:TDev,<raiz>,AgendaVerde.ico,.ico,1150,2011-09-21 19:47:11,,outro,,,,,,,,,,,,,,,,SHA256 nao calculado (extensao fora da lista)
ECS-ST-TSPLUS:TDev,<raiz>,AgendaVermelho.ico,.ico,1150,2011-07-13 00:16:38,,outro,,,,,,,,,,,,,,,,SHA256 nao calculado (extensao fora da lista)
ECS-ST-TSPLUS:TDev,<raiz>,CRM_Tool_AjustProcStatistica.exe,.exe,7435398,2023-08-01 14:00:07,b6d58cb8b2218a12c5a2407fd9fb1a96c5c28a057b197bc292ce7f32f18935e7,nativo (PE sem CLI header),I386,WindowsGui,2021-01-22 00:04:40,3.2.1.5,3.2.15,Dia System,Métodos Comerciais Peugeot,Aplicação de atualizações,Peugeot Citroen do Brasil,,,,,,,
ECS-ST-TSPLUS:TDev,<raiz>,PTF_Movimenta_Logs_4_01_hum_xx.EXE,.EXE,7515475,2023-10-11 21:31:17,f14f55106660223ab76e1f4d568a5a7e65c715fa83a197e84e02250661767122,nativo (PE sem CLI header),I386,WindowsGui,2021-01-22 00:04:40,3.0.0.105,3.105.00,Vórtice Sistemas Ltda.,vCRM PTF,Aplicação de atualizações,Vórtice Sistemas Ltda.,,,,,,,
ECS-ST-TSPLUS:TDev,<raiz>,SQL.ini,.ini,659,2026-08-23 21:36:40,8c02e23b6801ea0144e12db5d1f9d2154b887873c660a655c3f2cd7bbf704671,configuracao,,,,,,,,,,,,,,,,
ECS-ST-TSPLUS:TDev,<raiz>,SQLx.ini,.ini,823,2021-09-09 13:19:30,fa348dc57ccf370f13b88aae528eb9d2dcc536904736bc6afe97cc1a7e47cfbf,configuracao,,,,,,,,,,,,,,,,
ECS-ST-TSPLUS:TDev,<raiz>,SQL_Modelo.ini,.ini,823,2021-09-09 13:19:30,fa348dc57ccf370f13b88aae528eb9d2dcc536904736bc6afe97cc1a7e47cfbf,configuracao,,,,,,,,,,,,,,,,
ECS-ST-TSPLUS:TDev,<raiz>,vaCONFIG.ini,.ini,2409,2022-02-24 15:11:43,d7c2229fbb1c734f9cb057bc83e7770546c1a30b86e9ec9996c5bab1769a23a2,configuracao,,,,,,,,,,,,,,,,
ECS-ST-TSPLUS:TDev,<raiz>,vaControlSet1.cll,.cll,97075,2026-08-06 17:23:40,e50c17b14141f6afeee83397178b020339b06fc2f05387ad661a6e044922778a,licenca Vortice,,,,,,,,,,,,,,,,
ECS-ST-TSPLUS:TDev,<raiz>,vaControlSet2.cll,.cll,150,2026-08-06 17:23:41,4b471e9ec6208f447fb083dadf0e91a2e3ec06f55ba3303dcae8b792deea684c,licenca Vortice,,,,,,,,,,,,,,,,
ECS-ST-TSPLUS:TDev,<raiz>,vaControlSet_GLOBAL.cll,.cll,250,2026-08-06 17:23:42,e70e647749e74fb349675869154e8184165391fd6ddbcfc0e3acd631f2b8a574,licenca Vortice,,,,,,,,,,,,,,,,
ECS-ST-TSPLUS:TDev,<raiz>,vaControlSet_INTERVISION.cll,.cll,250,2026-08-06 17:23:39,94575a85a15981496c629dee02180e351ec3e993def56f03a4b37db74467fc41,licenca Vortice,,,,,,,,,,,,,,,,
ECS-ST-TSPLUS:TDev,<raiz>,vaMENSLIB.INI,.INI,9801,2008-02-14 13:46:44,21c05d2055bf4edef09246a8c316d1d5773c879a71314c6dc48e409b459b4972,configuracao,,,,,,,,,,,,,,,,
ECS-ST-TSPLUS:TDev,<raiz>,Vortice_Config.INI,.INI,1587,2026-08-23 19:57:30,d8c08678339023f5cb14355bb6929d3748ec4bcc808e8aaf9d899cd6e8a31415,configuracao,,,,,,,,,,,,,,,,
ECS-ST-TSPLUS:TDev,<raiz>,Vortice_Config_Modelo.INI,.INI,860,2021-09-09 13:18:45,71910de954442409bf6d7ab3d29ac6f18ae748b440817bbfd47bd1ac55986623,configuracao,,,,,,,,,,,,,,,,
ECS-ST-TSPLUS:TDev,<raiz>,vSqlTalk_Usr.exe,.exe,4632185,2025-04-08 17:52:41,d6f31f31d85418f5e8842adeefe228bdbae4be26dbc7810e976460bc0d5409bc,nativo (PE sem CLI header),I386,WindowsGui,2021-01-22 00:04:40,,,,,,,,,,,,,
ECS-ST-TSPLUS:TDev,<raiz>\app,CONSHIS1.QRP,.QRP,9692,2009-02-28 00:15:31,,relatorio Gupta Report Builder,,,,,,,,,,,,,,,,SHA256 nao calculado (extensao fora da lista)
ECS-ST-TSPLUS:TDev,<raiz>\app,CONSHISTORICO.QRP,.QRP,17837,2010-07-14 14:41:48,,relatorio Gupta Report Builder,,,,,,,,,,,,,,,,SHA256 nao calculado (extensao fora da lista)
ECS-ST-TSPLUS:TDev,<raiz>\app,CRM2GES101.QRP,.QRP,40184,2025-06-27 20:27:15,,relatorio Gupta Report Builder,,,,,,,,,,,,,,,,SHA256 nao calculado (extensao fora da lista)
ECS-ST-TSPLUS:TDev,<raiz>\app,CRM2GES201.QRP,.QRP,40042,2025-06-27 21:24:21,,relatorio Gupta Report Builder,,,,,,,,,,,,,,,,SHA256 nao calculado (extensao fora da lista)
ECS-ST-TSPLUS:TDev,<raiz>\app,CRM2GOP101.QRP,.QRP,14594,2008-02-28 21:48:35,,relatorio Gupta Report Builder,,,,,,,,,,,,,,,,SHA256 nao calculado (extensao fora da lista)
ECS-ST-TSPLUS:TDev,<raiz>\app,CRM2GOP103.QRP,.QRP,31051,2023-04-12 17:46:10,,relatorio Gupta Report Builder,,,,,,,,,,,,,,,,SHA256 nao calculado (extensao fora da lista)
ECS-ST-TSPLUS:TDev,<raiz>\app,CRM2GOP104.Qrp,.Qrp,30949,2017-09-04 19:29:05,,relatorio Gupta Report Builder,,,,,,,,,,,,,,,,SHA256 nao calculado (extensao fora da lista)
ECS-ST-TSPLUS:TDev,<raiz>\app,CRM2GOP105.QRP,.QRP,14284,2019-08-26 12:38:48,,relatorio Gupta Report Builder,,,,,,,,,,,,,,,,SHA256 nao calculado (extensao fora da lista)
ECS-ST-TSPLUS:TDev,<raiz>\app,CRM2GOP106.QRP,.QRP,18176,2013-05-11 14:33:40,,relatorio Gupta Report Builder,,,,,,,,,,,,,,,,SHA256 nao calculado (extensao fora da lista)
ECS-ST-TSPLUS:TDev,<raiz>\app,CRM2GOP201.Qrp,.Qrp,15665,2010-11-05 20:13:04,,relatorio Gupta Report Builder,,,,,,,,,,,,,,,,SHA256 nao calculado (extensao fora da lista)
ECS-ST-TSPLUS:TDev,<raiz>\app,CRM2GOP505.qrp,.qrp,23296,2016-06-06 18:43:25,,relatorio Gupta Report Builder,,,,,,,,,,,,,,,,SHA256 nao calculado (extensao fora da lista)
ECS-ST-TSPLUS:TDev,<raiz>\app,CRM_NotaFiscal.exe,.exe,7189840,2025-03-14 13:54:06,75127f2370f88adc3d3d0e726fa457c4feaec1b913c9286157d5a2d424407ea5,nativo (PE sem CLI header),I386,WindowsGui,2021-01-22 00:04:40,,,,,,,,,,,,,
ECS-ST-TSPLUS:TDev,<raiz>\app,CRM_NotaFiscalVeic.exe,.exe,7042933,2024-10-15 20:59:35,453aa45b34fa646475c413d27760f04ba49cd6f22179318fd418df9c8810d7fb,nativo (PE sem CLI header),I386,WindowsGui,2021-01-22 00:04:40,,,,,,,,,,,,,
ECS-ST-TSPLUS:TDev,<raiz>\app,CRM_Pedido.exe,.exe,6892205,2024-10-10 17:18:49,3fd3d3b8c32cab3c35a6d5a4538308ecffeeb122cf6215130221c0e8bc7e7e2c,nativo (PE sem CLI header),I386,WindowsGui,2021-01-22 00:04:40,,,,,,,,,,,,,
ECS-ST-TSPLUS:TDev,<raiz>\app,CRM_PedidoConsulta.exe,.exe,7042956,2024-10-15 20:59:05,d3a4bf82068a82c83f50102b7f2920c2a51d6212c8ae50efd22af6443d683a75,nativo (PE sem CLI header),I386,WindowsGui,2021-01-22 00:04:40,,,,,,,,,,,,,
ECS-ST-TSPLUS:TDev,<raiz>\app,CRM_Tool_AjustProcStatistica.exe,.exe,7435398,2023-08-01 14:00:07,b6d58cb8b2218a12c5a2407fd9fb1a96c5c28a057b197bc292ce7f32f18935e7,nativo (PE sem CLI header),I386,WindowsGui,2021-01-22 00:04:40,3.2.1.5,3.2.15,Dia System,Métodos Comerciais Peugeot,Aplicação de atualizações,Peugeot Citroen do Brasil,,,,,,,
ECS-ST-TSPLUS:TDev,<raiz>\app,CRM_Tool_GeraProcEstatistic.exe,.exe,7532307,2024-10-11 14:14:27,4d0cba389c0d28bfaac722a4d272c4de1ed3815c3ccfc1f29012252232370293,nativo (PE sem CLI header),I386,WindowsGui,2021-01-22 00:04:40,3.2.1.5,3.2.15,Dia System,Métodos Comerciais Peugeot,Aplicação de atualizações,Peugeot Citroen do Brasil,,,,,,,
ECS-ST-TSPLUS:TDev,<raiz>\app,CRM_Tool_GeraProcEstatistica.exe,.exe,7680782,2025-07-22 12:03:33,d38bc6fc583de3f2b51c73e3ccf7218f5becce58efda966a000837bb5aa0453b,nativo (PE sem CLI header),I386,WindowsGui,2021-01-22 00:04:40,3.2.1.5,3.2.15,Dia System,Métodos Comerciais Peugeot,Aplicação de atualizações,Peugeot Citroen do Brasil,,,,,,,
ECS-ST-TSPLUS:TDev,<raiz>\app,GES2USU01.QRP,.QRP,13473,2024-06-25 16:13:48,,relatorio Gupta Report Builder,,,,,,,,,,,,,,,,SHA256 nao calculado (extensao fora da lista)
ECS-ST-TSPLUS:TDev,<raiz>\app,GES_Seguranca.exe,.exe,8361581,2025-10-29 15:29:18,be676814fec4a474f211bb3994cb0006f32f3ef6674528adf5e96cd95c78033c,nativo (PE sem CLI header),I386,WindowsGui,2021-01-22 00:04:40,,,,,,,,,,,,,
ECS-ST-TSPLUS:TDev,<raiz>\app,gptdodbu32.dll,.dll,300536,2021-01-21 19:28:46,fc600f2fdf458d782ba1069d1595469701c6713e8b6aace215b0183aa95fd99b,nativo (PE sem CLI header),I386,WindowsGui,2021-01-21 23:59:37,"7.3.4, Build 64934",7.3.4,Open Text Corporation,Team Developer,SQLRouter/GUPTA ODBC ROUTER,Copyright © 2021 Open Text. All Rights Reserved.,,,,,,,
ECS-ST-TSPLUS:TDev,<raiz>\app,IVC2COB01.Qrp,.Qrp,18341,2011-04-28 11:41:49,,relatorio Gupta Report Builder,,,,,,,,,,,,,,,,SHA256 nao calculado (extensao fora da lista)
ECS-ST-TSPLUS:TDev,<raiz>\app,IVC2COB02.qrp,.qrp,29239,2011-06-08 16:40:16,,relatorio Gupta Report Builder,,,,,,,,,,,,,,,,SHA256 nao calculado (extensao fora da lista)
ECS-ST-TSPLUS:TDev,<raiz>\app,IVC2COB03.QRP,.QRP,26182,2011-01-17 11:55:28,,relatorio Gupta Report Builder,,,,,,,,,,,,,,,,SHA256 nao calculado (extensao fora da lista)
ECS-ST-TSPLUS:TDev,<raiz>\app,IVC7CAR01_CartaoPrivate.qrp,.qrp,3863,2013-12-02 21:44:26,,relatorio Gupta Report Builder,,,,,,,,,,,,,,,,SHA256 nao calculado (extensao fora da lista)
ECS-ST-TSPLUS:TDev,<raiz>\app,IVF1FIN02.qrp,.qrp,17422,2011-06-03 21:18:52,,relatorio Gupta Report Builder,,,,,,,,,,,,,,,,SHA256 nao calculado (extensao fora da lista)
ECS-ST-TSPLUS:TDev,<raiz>\app,IVF2FIN10.QRP,.QRP,46257,2012-02-01 16:40:18,,relatorio Gupta Report Builder,,,,,,,,,,,,,,,,SHA256 nao calculado (extensao fora da lista)
ECS-ST-TSPLUS:TDev,<raiz>\app,IVF2FIN11.qrp,.qrp,34681,2013-07-03 20:24:05,,relatorio Gupta Report Builder,,,,,,,,,,,,,,,,SHA256 nao calculado (extensao fora da lista)
ECS-ST-TSPLUS:TDev,<raiz>\app,IVF2FIN12.qrp,.qrp,31865,2011-11-15 11:26:33,,relatorio Gupta Report Builder,,,,,,,,,,,,,,,,SHA256 nao calculado (extensao fora da lista)
ECS-ST-TSPLUS:TDev,<raiz>\app,IVF2FIN13.qrp,.qrp,48022,2014-11-03 20:02:00,,relatorio Gupta Report Builder,,,,,,,,,,,,,,,,SHA256 nao calculado (extensao fora da lista)
ECS-ST-TSPLUS:TDev,<raiz>\app,IVF2FIN14.qrp,.qrp,36951,2014-12-22 16:04:03,,relatorio Gupta Report Builder,,,,,,,,,,,,,,,,SHA256 nao calculado (extensao fora da lista)
ECS-ST-TSPLUS:TDev,<raiz>\app,IVF2PRP01.QRP,.QRP,49849,2012-06-15 21:37:55,,relatorio Gupta Report Builder,,,,,,,,,,,,,,,,SHA256 nao calculado (extensao fora da lista)
ECS-ST-TSPLUS:TDev,<raiz>\app,IVM2MAT00.QRP,.QRP,27748,2010-04-03 14:37:46,,relatorio Gupta Report Builder,,,,,,,,,,,,,,,,SHA256 nao calculado (extensao fora da lista)
ECS-ST-TSPLUS:TDev,<raiz>\app,IVM2MAT00_Custeio.QRP,.QRP,35680,2013-04-18 19:15:22,,relatorio Gupta Report Builder,,,,,,,,,,,,,,,,SHA256 nao calculado (extensao fora da lista)
ECS-ST-TSPLUS:TDev,<raiz>\app,IVM2MAT00_Item.QRP,.QRP,27748,2010-04-03 14:37:46,,relatorio Gupta Report Builder,,,,,,,,,,,,,,,,SHA256 nao calculado (extensao fora da lista)
ECS-ST-TSPLUS:TDev,<raiz>\app,IVOrdemServico.exe,.exe,7179404,2025-03-14 13:53:14,d12907fed7f6463b75f28bdac776b83fe72d18cb2310c5e4dcc7d45494390c57,nativo (PE sem CLI header),I386,WindowsGui,2021-01-22 00:04:40,,,,,,,,,,,,,
ECS-ST-TSPLUS:TDev,<raiz>\app,IVS2ACA00_AcaoRelacao - Copia.QRP,.QRP,25209,2022-12-01 22:03:43,,relatorio Gupta Report Builder,,,,,,,,,,,,,,,,SHA256 nao calculado (extensao fora da lista)
ECS-ST-TSPLUS:TDev,<raiz>\app,IVS2ACA00_AcaoRelacao.QRP,.QRP,25210,2022-12-01 22:08:24,,relatorio Gupta Report Builder,,,,,,,,,,,,,,,,SHA256 nao calculado (extensao fora da lista)
ECS-ST-TSPLUS:TDev,<raiz>\app,IVS2ACA01.Qrp,.Qrp,12981,2008-05-15 17:37:07,,relatorio Gupta Report Builder,,,,,,,,,,,,,,,,SHA256 nao calculado (extensao fora da lista)
ECS-ST-TSPLUS:TDev,<raiz>\app,IVS2ACA03.Qrp,.Qrp,13363,2009-12-04 11:05:50,,relatorio Gupta Report Builder,,,,,,,,,,,,,,,,SHA256 nao calculado (extensao fora da lista)
ECS-ST-TSPLUS:TDev,<raiz>\app,IVS2AGE00_AgendaRelat.QRP,.QRP,28044,2013-01-18 19:46:48,,relatorio Gupta Report Builder,,,,,,,,,,,,,,,,SHA256 nao calculado (extensao fora da lista)
ECS-ST-TSPLUS:TDev,<raiz>\app,IVS2AGE00_AgendaRelatorio.QRP,.QRP,15747,2009-02-28 00:19:07,,relatorio Gupta Report Builder,,,,,,,,,,,,,,,,SHA256 nao calculado (extensao fora da lista)
ECS-ST-TSPLUS:TDev,<raiz>\app,IVS2AGE04_RelAtd_Tres_x_Pag_NMMS.qrp,.qrp,32167,2008-02-18 16:22:04,,relatorio Gupta Report Builder,,,,,,,,,,,,,,,,SHA256 nao calculado (extensao fora da lista)
ECS-ST-TSPLUS:TDev,<raiz>\app,IVS2AGE04_RelAtd_Um_x_Pagina.qrp,.qrp,49041,2008-02-17 15:37:08,,relatorio Gupta Report Builder,,,,,,,,,,,,,,,,SHA256 nao calculado (extensao fora da lista)
ECS-ST-TSPLUS:TDev,<raiz>\app,IVS2AGE05_RelAtd_Tres_x_Pagina_NMMS.QRP,.QRP,39629,2012-07-26 22:21:36,,relatorio Gupta Report Builder,,,,,,,,,,,,,,,,SHA256 nao calculado (extensao fora da lista)
ECS-ST-TSPLUS:TDev,<raiz>\app,IVS2AGE05_RelAtd_Tres_x_Pagina__PROD_NMMS.QRP,.QRP,39811,2012-07-26 22:22:09,,relatorio Gupta Report Builder,,,,,,,,,,,,,,,,SHA256 nao calculado (extensao fora da lista)
ECS-ST-TSPLUS:TDev,<raiz>\app,IVS2AGE05_RelAtd_Um_x_Pagina.QRP,.QRP,44775,2012-07-26 22:20:40,,relatorio Gupta Report Builder,,,,,,,,,,,,,,,,SHA256 nao calculado (extensao fora da lista)
ECS-ST-TSPLUS:TDev,<raiz>\app,IVS2ATV02.QRP,.QRP,26691,2012-11-09 20:01:30,,relatorio Gupta Report Builder,,,,,,,,,,,,,,,,SHA256 nao calculado (extensao fora da lista)
ECS-ST-TSPLUS:TDev,<raiz>\app,IVS2ATV03.QRP,.QRP,22998,2011-09-09 13:49:23,,relatorio Gupta Report Builder,,,,,,,,,,,,,,,,SHA256 nao calculado (extensao fora da lista)
ECS-ST-TSPLUS:TDev,<raiz>\app,IVS2ATV10.QRP,.QRP,40876,2015-09-23 12:58:11,,relatorio Gupta Report Builder,,,,,,,,,,,,,,,,SHA256 nao calculado (extensao fora da lista)
ECS-ST-TSPLUS:TDev,<raiz>\app,IVS2ATV15.QRP,.QRP,41672,2017-08-15 14:40:03,,relatorio Gupta Report Builder,,,,,,,,,,,,,,,,SHA256 nao calculado (extensao fora da lista)
ECS-ST-TSPLUS:TDev,<raiz>\app,IVS2EVT01.Qrp,.Qrp,25922,2010-06-30 17:31:26,,relatorio Gupta Report Builder,,,,,,,,,,,,,,,,SHA256 nao calculado (extensao fora da lista)
ECS-ST-TSPLUS:TDev,<raiz>\app,IVS2FNG01.QRP,.QRP,46297,2019-09-05 16:17:22,,relatorio Gupta Report Builder,,,,,,,,,,,,,,,,SHA256 nao calculado (extensao fora da lista)
ECS-ST-TSPLUS:TDev,<raiz>\app,IVS2FRM01.qrp,.qrp,20894,2012-04-15 13:30:38,,relatorio Gupta Report Builder,,,,,,,,,,,,,,,,SHA256 nao calculado (extensao fora da lista)
ECS-ST-TSPLUS:TDev,<raiz>\app,IVS2HST02HistoricoRelat.qrp,.qrp,18442,2010-11-04 14:11:34,,relatorio Gupta Report Builder,,,,,,,,,,,,,,,,SHA256 nao calculado (extensao fora da lista)
ECS-ST-TSPLUS:TDev,<raiz>\app,IVS2HST02_HistDocto.QRP,.QRP,8664,2006-11-24 21:36:30,,relatorio Gupta Report Builder,,,,,,,,,,,,,,,,SHA256 nao calculado (extensao fora da lista)
ECS-ST-TSPLUS:TDev,<raiz>\app,IVS2HST02_HistFAX.QRP,.QRP,9877,2006-11-24 21:28:25,,relatorio Gupta Report Builder,,,,,,,,,,,,,,,,SHA256 nao calculado (extensao fora da lista)
ECS-ST-TSPLUS:TDev,<raiz>\app,IVS2MET01.Qrp,.Qrp,19668,2008-12-04 20:34:24,,relatorio Gupta Report Builder,,,,,,,,,,,,,,,,SHA256 nao calculado (extensao fora da lista)
ECS-ST-TSPLUS:TDev,<raiz>\app,IVS2NEG01.QRP,.QRP,26069,2008-08-12 12:48:49,,relatorio Gupta Report Builder,,,,,,,,,,,,,,,,SHA256 nao calculado (extensao fora da lista)
ECS-ST-TSPLUS:TDev,<raiz>\app,IVS2NEG02.QRP,.QRP,21278,2011-05-24 19:51:54,,relatorio Gupta Report Builder,,,,,,,,,,,,,,,,SHA256 nao calculado (extensao fora da lista)
ECS-ST-TSPLUS:TDev,<raiz>\app,IVS2NEG03.Qrp,.Qrp,24664,2011-12-13 11:56:05,,relatorio Gupta Report Builder,,,,,,,,,,,,,,,,SHA256 nao calculado (extensao fora da lista)
ECS-ST-TSPLUS:TDev,<raiz>\app,IVS2NEG04.QRP,.QRP,35353,2013-12-16 12:49:31,,relatorio Gupta Report Builder,,,,,,,,,,,,,,,,SHA256 nao calculado (extensao fora da lista)
ECS-ST-TSPLUS:TDev,<raiz>\app,IVS2NEG05.QRP,.QRP,33095,2012-10-25 17:49:36,,relatorio Gupta Report Builder,,,,,,,,,,,,,,,,SHA256 nao calculado (extensao fora da lista)
ECS-ST-TSPLUS:TDev,<raiz>\app,IVS2NEG05_PorDiaDaSemana.QRP,.QRP,37266,2012-10-30 13:24:14,,relatorio Gupta Report Builder,,,,,,,,,,,,,,,,SHA256 nao calculado (extensao fora da lista)
ECS-ST-TSPLUS:TDev,<raiz>\app,IVS2NEG05_PorDiadoMes.QRP,.QRP,36677,2012-10-30 13:25:25,,relatorio Gupta Report Builder,,,,,,,,,,,,,,,,SHA256 nao calculado (extensao fora da lista)
ECS-ST-TSPLUS:TDev,<raiz>\app,IVS2NEG05_PorMesdoAno.QRP,.QRP,37137,2012-10-30 13:25:39,,relatorio Gupta Report Builder,,,,,,,,,,,,,,,,SHA256 nao calculado (extensao fora da lista)
ECS-ST-TSPLUS:TDev,<raiz>\app,IVS2NEG07.Qrp,.Qrp,29513,2011-08-29 13:38:11,,relatorio Gupta Report Builder,,,,,,,,,,,,,,,,SHA256 nao calculado (extensao fora da lista)
ECS-ST-TSPLUS:TDev,<raiz>\app,IVS2NEG09.Qrp,.Qrp,31190,2011-08-25 12:02:00,,relatorio Gupta Report Builder,,,,,,,,,,,,,,,,SHA256 nao calculado (extensao fora da lista)
ECS-ST-TSPLUS:TDev,<raiz>\app,IVS2NEG10.Qrp,.Qrp,32399,2011-08-25 12:02:00,,relatorio Gupta Report Builder,,,,,,,,,,,,,,,,SHA256 nao calculado (extensao fora da lista)
ECS-ST-TSPLUS:TDev,<raiz>\app,IVS2NEG12.Qrp,.Qrp,20364,2007-11-01 13:32:57,,relatorio Gupta Report Builder,,,,,,,,,,,,,,,,SHA256 nao calculado (extensao fora da lista)
ECS-ST-TSPLUS:TDev,<raiz>\app,IVS2NEG13.Qrp,.Qrp,17527,2010-08-12 13:08:48,,relatorio Gupta Report Builder,,,,,,,,,,,,,,,,SHA256 nao calculado (extensao fora da lista)
ECS-ST-TSPLUS:TDev,<raiz>\app,IVS2NEG13_retrato.Qrp,.Qrp,17344,2008-08-01 00:23:07,,relatorio Gupta Report Builder,,,,,,,,,,,,,,,,SHA256 nao calculado (extensao fora da lista)
ECS-ST-TSPLUS:TDev,<raiz>\app,IVS2NEG14.qrp,.qrp,36177,2013-07-25 15:17:20,,relatorio Gupta Report Builder,,,,,,,,,,,,,,,,SHA256 nao calculado (extensao fora da lista)
ECS-ST-TSPLUS:TDev,<raiz>\app,IVS2OVD01.Qrp,.Qrp,14778,2007-12-13 17:44:38,,relatorio Gupta Report Builder,,,,,,,,,,,,,,,,SHA256 nao calculado (extensao fora da lista)
ECS-ST-TSPLUS:TDev,<raiz>\app,IVS2PRC00.Qrp,.Qrp,16678,2026-05-05 19:21:05,,relatorio Gupta Report Builder,,,,,,,,,,,,,,,,SHA256 nao calculado (extensao fora da lista)
ECS-ST-TSPLUS:TDev,<raiz>\app,IVS2PRC01_ProcessoAnalise.QRP,.QRP,46444,2025-06-24 11:20:22,,relatorio Gupta Report Builder,,,,,,,,,,,,,,,,SHA256 nao calculado (extensao fora da lista)
ECS-ST-TSPLUS:TDev,<raiz>\app,IVS2RES00_ResultadoRelacao.QRP,.QRP,15751,2009-02-28 00:14:50,,relatorio Gupta Report Builder,,,,,,,,,,,,,,,,SHA256 nao calculado (extensao fora da lista)
ECS-ST-TSPLUS:TDev,<raiz>\app,IVS4AGE04.QRP,.QRP,15325,2013-05-11 14:39:18,,relatorio Gupta Report Builder,,,,,,,,,,,,,,,,SHA256 nao calculado (extensao fora da lista)
ECS-ST-TSPLUS:TDev,<raiz>\app,IV_Etiqueta 2 carreras.QRP,.QRP,6552,2006-06-13 13:58:47,,relatorio Gupta Report Builder,,,,,,,,,,,,,,,,SHA256 nao calculado (extensao fora da lista)
ECS-ST-TSPLUS:TDev,<raiz>\app,IV_Etiqueta 3 carreras PIMACO 6180 jato tinta.QRP,.QRP,6097,2006-06-13 13:59:16,,relatorio Gupta Report Builder,,,,,,,,,,,,,,,,SHA256 nao calculado (extensao fora da lista)
ECS-ST-TSPLUS:TDev,<raiz>\app,IV_Etiqueta 3 carreras PIMACO 6180.QRP,.QRP,6097,2006-06-13 13:59:00,,relatorio Gupta Report Builder,,,,,,,,,,,,,,,,SHA256 nao calculado (extensao fora da lista)
ECS-ST-TSPLUS:TDev,<raiz>\app,odbsal32.dll,.dll,17400,2021-01-21 19:28:46,372ee316dd68272c0a421d0ac467d44e47f8cbe36689c86edc791751fc6b2abd,nativo (PE sem CLI header),I386,WindowsGui,2021-01-22 00:13:10,"7.3.4, Build 64934",7.3.4,Open Text Corporation,Team Developer,SQLRouter/ODBC SAL Add-On Library,Copyright © 2021 Open Text. All Rights Reserved.,,,,,,,
ECS-ST-TSPLUS:TDev,<raiz>\app,OMN2PSM00.Qrp,.Qrp,23662,2007-05-07 14:52:00,,relatorio Gupta Report Builder,,,,,,,,,,,,,,,,SHA256 nao calculado (extensao fora da lista)
ECS-ST-TSPLUS:TDev,<raiz>\app,PEC_501_Análise do cenário de peças.qrp,.qrp,45548,2024-08-07 14:01:43,,relatorio Gupta Report Builder,,,,,,,,,,,,,,,,SHA256 nao calculado (extensao fora da lista)
ECS-ST-TSPLUS:TDev,<raiz>\app,PES2FCF01_RolFichaCadastralPF.QRP,.QRP,105290,2013-08-30 19:25:40,,relatorio Gupta Report Builder,,,,,,,,,,,,,,,,SHA256 nao calculado (extensao fora da lista)
ECS-ST-TSPLUS:TDev,<raiz>\app,PES2FCF02_RolFichaCadastralPJ.QRP,.QRP,88119,2013-04-22 17:21:19,,relatorio Gupta Report Builder,,,,,,,,,,,,,,,,SHA256 nao calculado (extensao fora da lista)
ECS-ST-TSPLUS:TDev,<raiz>\app,RELANAAG.QRP,.QRP,6760,2007-05-07 14:43:54,,relatorio Gupta Report Builder,,,,,,,,,,,,,,,,SHA256 nao calculado (extensao fora da lista)
ECS-ST-TSPLUS:TDev,<raiz>\app,Sqlodb32.dll,.dll,332792,2021-01-21 19:28:46,d785f73f3592afcc861d4b599914011d280e39b48f799844a5b6ca46a733a1ac,nativo (PE sem CLI header),I386,WindowsGui,2021-01-22 00:15:45,"7.3.4, Build 64934",7.3.4,Open Text Corporation,Team Developer,SQLRouter/ODBC,Copyright © 2021 Open Text. All Rights Reserved.,,,,,,,
ECS-ST-TSPLUS:TDev,<raiz>\app,TDev - Shortcut.lnk,.lnk,816,2025-08-07 11:28:39,,outro,,,,,,,,,,,,,,,,SHA256 nao calculado (extensao fora da lista)
ECS-ST-TSPLUS:TDev,<raiz>\app,Teste_Conexao_CnxString.exe,.exe,3977304,2026-06-09 19:21:09,81aeb4bdea889e494871a298963ebea9dacf8682145419d6239e568b9e3dae60,nativo (PE sem CLI header),I386,WindowsGui,2021-01-22 00:04:40,,,,,,,,,,,,,
ECS-ST-TSPLUS:TDev,<raiz>\app,vCRM Atendente.exe,.exe,15451774,2026-03-17 13:10:25,51fba2747f9a868b9ff6dd40cbd4a70a03c9e7b7c00b06ce78f6ef59da513f01,nativo (PE sem CLI header),I386,WindowsGui,2021-01-22 00:04:40,4.03.01,4.03.01,Vórtice Sistemas Ltda,Vórtico CRM,Vórtico CRM e Workflow,Vórtice Sistemas Ltda,,,,,,,
ECS-ST-TSPLUS:TDev,<raiz>\app,vCRM_Admin.exe,.exe,10175564,2026-06-15 16:52:50,820d9c5fb0e7842af4e4213b0377bb3768ca68392dbc96ee06c4ea65601070f0,nativo (PE sem CLI header),I386,WindowsGui,2021-01-22 00:04:40,4.02.01,4.02.01,Vórtice Sistemas Ltda,Vórtico CRM,,Vórtice Sistemas Ltda 2023,,,,,,,
ECS-ST-TSPLUS:TDev,<raiz>\app,vCRM_AjustaEmail.exe,.exe,4598805,2023-05-04 12:53:25,375b83714f24510c0f65df5af2ab8271a4e9e33cc34d69ad21294602af17df87,nativo (PE sem CLI header),I386,WindowsGui,2021-01-22 00:04:40,,,,,,,,,,,,,
ECS-ST-TSPLUS:TDev,<raiz>\app,vCRM_Cobranca.exe,.exe,7852196,2025-05-15 18:34:48,e7297c31a3dc77ae6611dd7fcc8c8ffeaf6a22f92b9bb5ee9bdca5d91ffc3c73,nativo (PE sem CLI header),I386,WindowsGui,2021-01-22 00:04:40,,,,,,,,,,,,,
ECS-ST-TSPLUS:TDev,<raiz>\app,vCRM_Config.exe,.exe,10513927,2026-07-10 17:59:15,55a0950746ff1f4e8193020f4b633d43009793ae4f67ef7f4093ca5b21d8caea,nativo (PE sem CLI header),I386,WindowsGui,2021-01-22 00:04:40,4.01.00,4.01,Vórtice Sistemas Ltda,Vórtico CRM,Vórtico Configurador,Vórtice Sistemas Ltda 2021,,,,,,,
ECS-ST-TSPLUS:TDev,<raiz>\app,vCRM_ConsultaTitulos.exe,.exe,7207477,2025-03-14 13:50:04,9f9024b7639df5a28a80a167fa23f432a75317d46f63f9b4c150c3a938707494,nativo (PE sem CLI header),I386,WindowsGui,2021-01-22 00:04:40,4.03.01,,Vórtice Sistemas Ltda,Vortico CRM Consulta Títulos,Vortico CRM Consulta Títulos,(c) Vórtice Sistemas - 2004 - 2024,,,,,,,
ECS-ST-TSPLUS:TDev,<raiz>\app,vCRM_DocClear.exe,.exe,7264691,2024-10-15 21:00:29,fce31114c99b544978f87b256cabd877bfb944c3086c5e7268b25c0fa96088c5,nativo (PE sem CLI header),I386,WindowsGui,2021-01-22 00:04:40,,,,,,,,,,,,,
ECS-ST-TSPLUS:TDev,<raiz>\app,vCRM_Higienizador.exe,.exe,7326635,2025-08-13 19:21:28,25f624c84562c93b59c9a9136c5e839441cf52f923dcd6f333974af79008f7e6,nativo (PE sem CLI header),I386,WindowsGui,2021-01-22 00:04:40,4.03.01,4.03.01,Vórticeo Sistemas,Vórtico Higienizador,Higieniza a base de dados,Vórtice Sistemas,,,,,,,
ECS-ST-TSPLUS:TDev,<raiz>\app,vCRM_QlikImport.exe,.exe,7433285,2023-05-04 13:05:30,2d583719b7e6452d13c89be32aad70d80d93a6681dc7a308f0d3e62d7ebfb75b,nativo (PE sem CLI header),I386,WindowsGui,2021-01-22 00:04:40,,,,,,,,,,,,,
ECS-ST-TSPLUS:TDev,<raiz>\app,vCRM_RunGEPImport.exe,.exe,7838767,2024-10-09 17:57:11,ca03696c1f2390d04dc041c1e30b96cb61b38150bc5b684ef659eb9cb2329c72,nativo (PE sem CLI header),I386,WindowsGui,2021-01-22 00:04:40,4.01.01,4.01.01,Vórtice Sistemas Ltda,Vortico CRM Importador,Vortico CRM Importador,Vórtice Sistemas Ltda,,,,,,,
ECS-ST-TSPLUS:TDev,<raiz>\app,vCRM_RunImportIMP.exe,.exe,8604387,2023-11-23 14:20:49,c87992ef677334fb8a7382eac20d579950610ff0819b7989f60c47faa17d5fdc,nativo (PE sem CLI header),I386,WindowsGui,2021-01-22 00:04:40,,,,,,,,,,,,,
ECS-ST-TSPLUS:TDev,<raiz>\app,vCRM_RunImportIMP_NEW.exe,.exe,8658043,2024-09-27 13:31:25,6d17b00f963af6fce5e5dae5d46c32cb359d872bb2c481f6335eb5145b4f9e59,nativo (PE sem CLI header),I386,WindowsGui,2021-01-22 00:04:40,4.01.01,4.01.01,Vórtice Sistemas Ltda,Vórtico CRM Importador,Importador de integração,Vórtice Sistemas,,,,,,,
ECS-ST-TSPLUS:TDev,<raiz>\app,vCRM_RunMovOUT.exe,.exe,7872336,2024-05-15 14:31:39,dfcf14258628dfcc77c816f7989b2a52a7870aec404eed2417a207e304b2d7ca,nativo (PE sem CLI header),I386,WindowsGui,2021-01-22 00:04:40,,,,,,,,,,,,,
ECS-ST-TSPLUS:TDev,<raiz>\app,vCRM_Super.exe,.exe,12129829,2025-12-22 12:57:42,0107232b165b0f02887eb99e1efd987983ce66aa3883e1e479e622b721e819e8,nativo (PE sem CLI header),I386,WindowsGui,2021-01-22 00:04:40,4.03.00,4.03,Vórtice Sistemas Ltda,Vórtico CRM,CRM and Workflow software,Vórtice Sistemas Ltda 2024,,,,,,,
ECS-ST-TSPLUS:TDev,<raiz>\app,vCRM_Super_OLD.exe,.exe,12129829,2025-12-22 12:57:42,0107232b165b0f02887eb99e1efd987983ce66aa3883e1e479e622b721e819e8,nativo (PE sem CLI header),I386,WindowsGui,2021-01-22 00:04:40,4.03.00,4.03,Vórtice Sistemas Ltda,Vórtico CRM,CRM and Workflow software,Vórtice Sistemas Ltda 2024,,,,,,,
ECS-ST-TSPLUS:TDev,<raiz>\app,Vortico Call Center.EXE,.EXE,7319805,2024-01-05 17:53:00,5cacb0f331b5b24437e7c75f6477cf2833f4065f770cba3a3b022feb4ec5f3cb,nativo (PE sem CLI header),I386,WindowsGui,2021-01-22 00:04:40,,,,,,,,,,,,,
ECS-ST-TSPLUS:TDev,<raiz>\app,vWorkflow Modeler.exe,.exe,10672734,2025-11-11 13:37:22,3cbff8e1fca5f2c9750ba4763a3d325383659a14f7cc55f90d6c4ee1641ea79f,nativo (PE sem CLI header),I386,WindowsGui,2021-01-22 00:04:40,4.03,4.03,Vórtice Sistemas Ltda,Vórtico Modeler,Vórtico Modeler,Vórtice Sisemas 2004-2024,,,,,,,
ECS-ST-TSPLUS:TDev,<raiz>\app,vWorkflow Modeler_old.exe,.exe,10661989,2025-09-15 20:03:12,401bf3fbb45fe15945062527dbd0ebfb55482b8eb62ec533b95052d2082a3dcc,nativo (PE sem CLI header),I386,WindowsGui,2021-01-22 00:04:40,4.03,4.03,Vórtice Sistemas Ltda,Vórtico Modeler,Vórtico Modeler,Vórtice Sisemas 2004-2024,,,,,,,
ECS-ST-TSPLUS:TDev,<raiz>\AppSrv,ServProcesso.exe,.exe,9274161,2026-01-09 18:41:00,f933a92c4499370c79a5aca8e5c3e93ab02749a2855e7054e92d8c5a62ac70d0,nativo (PE sem CLI header),I386,WindowsGui,2021-01-22 00:04:40,4.02.02.15,4.02.02.15,Vórtice Sistemas,Vórtico CRM,Vörtico CRM Servidor de Processos,(C) Vórtice Sistemas Ltda,,,,,,,
ECS-ST-TSPLUS:TDev,<raiz>\AppSrv,ServProcessoSetup.exe,.exe,7288665,2025-03-14 13:48:36,f367b7900323145d10ff11acc971442b2289fbebd77a244d265be874a8ff7ae7,nativo (PE sem CLI header),I386,WindowsGui,2021-01-22 00:04:40,,,,,,,,,,,,,
ECS-ST-TSPLUS:TDev,<raiz>\AppSrv,ServProcesso_old1.exe,.exe,9237961,2025-09-25 18:31:12,23e777313e1d76b4daa1734f52d96a279b692fd03b1f9be397e18f6945a372b2,nativo (PE sem CLI header),I386,WindowsGui,2021-01-22 00:04:40,4.02.02.15,4.02.02.15,Vórtice Sistemas,Vórtico CRM,Vörtico CRM Servidor de Processos,(C) Vórtice Sistemas Ltda,,,,,,,
ECS-ST-TSPLUS:TDev,<raiz>\AppSrv,ServProcesso_old2.exe,.exe,9261162,2025-12-02 19:05:41,4f08664826ed7de0a2d779200c4b8e78fd1d9070ce2d9bfc4e83fb226ae3f902,nativo (PE sem CLI header),I386,WindowsGui,2021-01-22 00:04:40,4.02.02.15,4.02.02.15,Vórtice Sistemas,Vórtico CRM,Vörtico CRM Servidor de Processos,(C) Vórtice Sistemas Ltda,,,,,,,
ECS-ST-TSPLUS:TDev,<raiz>\AppSrv,ServProcesso_OLDD.exe,.exe,9261897,2025-12-12 19:22:12,a8f154fd404a9323e0462baae379966a66f9628acf2fcae9e8523e753e3f41e0,nativo (PE sem CLI header),I386,WindowsGui,2021-01-22 00:04:40,4.02.02.15,4.02.02.15,Vórtice Sistemas,Vórtico CRM,Vörtico CRM Servidor de Processos,(C) Vórtice Sistemas Ltda,,,,,,,
ECS-ST-TSPLUS:TDev,<raiz>\AppSrv,vCRM_RunAutoTask.exe,.exe,7279973,2025-03-14 13:59:41,c17cf5cb524a369ac1bf49d93b6c827db32b75e3327faaa46a8e2341a7ed2ea7,nativo (PE sem CLI header),I386,WindowsGui,2021-01-22 00:04:40,,,,,,,,,,,,,
ECS-ST-TSPLUS:TDev,<raiz>\AppSrv,vCRM_RunGEPImport.exe,.exe,7810371,2025-12-17 14:38:27,041e7130a09b2111ee325a986da29e61f69ab328c291a6cccbb07f866938f86d,nativo (PE sem CLI header),I386,WindowsGui,2021-01-22 00:04:40,,,,,,,,,,,,,
ECS-ST-TSPLUS:TDev,<raiz>\AppSrv,vCRM_RunImportIMP.exe,.exe,8743808,2026-03-20 08:50:49,2977011cab4d69f560f227506c620e66553c795bbab39cd9f5630bcad3299278,nativo (PE sem CLI header),I386,WindowsGui,2021-01-22 00:04:40,,,,,,,,,,,,,
ECS-ST-TSPLUS:TDev,<raiz>\AppSrv,vCRM_RunImportIMP_old.exe,.exe,8720888,2025-12-17 14:37:22,ff993825750869fe1afd4034d3ac739fb8364e06d02308fbcd2f33f73c5275d6,nativo (PE sem CLI header),I386,WindowsGui,2021-01-22 00:04:40,,,,,,,,,,,,,
ECS-ST-TSPLUS:TDev,<raiz>\AppSrv,vCRM_RunMovOUT.exe,.exe,8105582,2025-03-14 13:49:33,afca3ce9199d5d55fd9d775f6d66e32ed543f27f1af3c3ecd9c4a109f138ad7a,nativo (PE sem CLI header),I386,WindowsGui,2021-01-22 00:04:40,,,,,,,,,,,,,
ECS-ST-TSPLUS:TDev,<raiz>\ControlSet_old,vaControlSet1.cll,.cll,97075,2026-02-19 16:03:32,e50c17b14141f6afeee83397178b020339b06fc2f05387ad661a6e044922778a,licenca Vortice,,,,,,,,,,,,,,,,
ECS-ST-TSPLUS:TDev,<raiz>\ControlSet_old,vaControlSet2.cll,.cll,150,2026-02-19 16:03:32,a18be44b528d6c45dafcdd12e9ebe6001d5a4d922629f5766687577343e0a1df,licenca Vortice,,,,,,,,,,,,,,,,
ECS-ST-TSPLUS:TDev,<raiz>\ControlSet_old,vaControlSet_GLOBAL.cll,.cll,250,2026-02-19 16:03:21,1c805d198c478045381db03c6bb5983405fbbf6e4a62e371c1bfd2d3b1f50d48,licenca Vortice,,,,,,,,,,,,,,,,
ECS-ST-TSPLUS:TDev,<raiz>\ControlSet_old,vaControlSet_INTERVISION.cll,.cll,250,2026-02-19 16:03:32,d2a19ed74d44e7c8271270ba358b9d123c48058fc7c1a2b2bcfa1d642854da63,licenca Vortice,,,,,,,,,,,,,,,,
ECS-ST-TSPLUS:TDev,<raiz>\intervision,CRM_NotaFiscal.exe,.exe,6900372,2023-09-18 13:56:34,1a59ea64f6caaf70e655d41a0a086fe138799132b9daee41061aefb1bf30add5,nativo (PE sem CLI header),I386,WindowsGui,2021-01-22 00:04:40,,,,,,,,,,,,,
ECS-ST-TSPLUS:TDev,<raiz>\intervision,IVOrdemServico.exe,.exe,6967248,2024-09-19 12:02:54,37831dc9f075155e4eceec3496c65676c8627fbded60cb3e6320618e484a6931,nativo (PE sem CLI header),I386,WindowsGui,2021-01-22 00:04:40,,,,,,,,,,,,,
ECS-ST-TSPLUS:TDev,<raiz>\Licença,Licenca_Colorado_18_09_2023.vlc,.vlc,14185,2023-09-18 18:47:05,9c61156175bbc531dee015c08161d8743dfd2acf324ddf8f3380725c216b5e03,licenca Vortice,,,,,,,,,,,,,,,,
ECS-ST-TSPLUS:TDev,<raiz>\Licença,Licenca_Tracbel_02062025 WebCRM old.vlc,.vlc,15630,2025-06-03 19:37:10,2201d58eae30bf2bce6a45d075c17a6777015974ed70dfe3e66918de582df6a8,licenca Vortice,,,,,,,,,,,,,,,,
ECS-ST-TSPLUS:TDev,<raiz>\Licença,Licenca_Tracbel_08052025 OUTCRM.vlc,.vlc,15406,2025-05-08 12:09:59,0191879b9524143ff3b05c230f90547ed623a9c391184d17e4afd61ae41a9e44,licenca Vortice,,,,,,,,,,,,,,,,
ECS-ST-TSPLUS:TDev,<raiz>\Licença,Licenca_Tracbel_Daniel_16032026.vlc,.vlc,16414,2026-03-16 19:39:01,719f95413bbb7b473d64c34b2f67a72acb90137476cbfc269ac9c03154617fa2,licenca Vortice,,,,,,,,,,,,,,,,
ECS-ST-TSPLUS:TDev,<raiz>\Licença,Licenca_Tracbel_Daniel_16042025.vlc,.vlc,15182,2025-04-16 18:24:00,c70d8caf423c7473d7344a9e4933e059070b07b5417fe48f76c79a197fa6216b,licenca Vortice,,,,,,,,,,,,,,,,
ECS-ST-TSPLUS:TDev,<raiz>\Licença,Licenca_Tracbel_Diego_08042025 48mbl.vlc,.vlc,14730,2025-04-08 14:14:00,6a8000f49ad208d8529b20bed77c658377ba0f57f0adc11c88df31d8bd87e750,licenca Vortice,,,,,,,,,,,,,,,,
ECS-ST-TSPLUS:TDev,<raiz>\Licença,Licenca_Tracbel_Diego_08042025 65mbl 300atd.vlc,.vlc,14730,2025-04-10 18:04:05,54c9021de1ad2c84d1a9ad7c6cb6052135857a0866684aaffbf9e2dbd96e065f,licenca Vortice,,,,,,,,,,,,,,,,
ECS-ST-TSPLUS:TDev,<raiz>\Licença,Licenca_Tracbel_Diego_08042025 65mbl.vlc,.vlc,14710,2025-04-09 20:04:25,92e874892728894d144b489dc7b2ae52ac995470ec8b9466f94098d5b247d8de,licenca Vortice,,,,,,,,,,,,,,,,
ECS-ST-TSPLUS:TDev,<raiz>\Licença,Licenca_Tracbel_Diego_14032025 43mbl.vlc,.vlc,14730,2025-03-14 18:51:53,2d88054f9098b130d78be32b14ec0a3bc34357ea7ebfdff14fa646c0b35cbdab,licenca Vortice,,,,,,,,,,,,,,,,
ECS-ST-TSPLUS:TDev,<raiz>\Licença,Licenca_Tracbel_Diego_21032025 47mbl.vlc,.vlc,14730,2025-03-21 14:34:50,12779a701d7ab59eeb32e0d8640e2bb48e5058c7a8e820faac0dc341461c986e,licenca Vortice,,,,,,,,,,,,,,,,
ECS-ST-TSPLUS:TDev,<raiz>\Licença,Licenca_Tracbel_Modeler Pri_040225_HOMOLOG.vlc,.vlc,14730,2025-02-04 19:47:38,6887d7a759698a99ff3b9d864510783457622681e1f579b0a9368d99680b1946,licenca Vortice,,,,,,,,,,,,,,,,
ECS-ST-TSPLUS:TDev,<raiz>\Licença,Licenca_Tracbel_PriDaniel_02122024.vlc,.vlc,17093,2024-12-02 15:23:36,58d57c72fdf6f453c39f329849b46916cf9c628dfa77c37ec0dd6cad6b5fb345,licenca Vortice,,,,,,,,,,,,,,,,
ECS-ST-TSPLUS:TDev,<raiz>\Licença,Licenca_Tracbel_PriDaniel_06122024.vlc,.vlc,17093,2024-12-06 12:29:46,a2375d7f79d14fb4845e34d167f50e7081db8bf90b42ef17047b9dc0bed81859,licenca Vortice,,,,,,,,,,,,,,,,
ECS-ST-TSPLUS:TDev,<raiz>\Licença,Licenca_Tracbel_Pri_23122024.vlc,.vlc,17093,2024-12-23 22:53:22,8089f355e689013073d5f0dc54724e36a80344bf53324422f579eb42a9847bb6,licenca Vortice,,,,,,,,,,,,,,,,
ECS-ST-TSPLUS:TDev,<raiz>\Licença,licença extra vortico webcrm tracbel 280426.vlc,.vlc,16414,2026-04-29 13:19:08,2243fa22643d6997108eebbc98c1c3187ef5c0a618026d985293cd871d319657,licenca Vortice,,,,,,,,,,,,,,,,
ECS-ST-TSPLUS:TDev,<raiz>\Licença,VRTC_USER_DANIEL_03022025.vlu,.vlu,4798,2025-02-03 20:07:22,,outro,,,,,,,,,,,,,,,,SHA256 nao calculado (extensao fora da lista)
ECS-ST-TSPLUS:TDev,<raiz>\Log,CargaJupiter_RICARDO_MORETTI_260825.log,.log,6196968,2026-08-25 12:04:13,,log,,,,,,,,,,,,,,,,SHA256 nao calculado (extensao fora da lista)
ECS-ST-TSPLUS:TDev,<raiz>\Log,CargaJupiter_RICARDO_MORETTI_260827.log,.log,9207754,2026-08-27 11:58:02,,log,,,,,,,,,,,,,,,,SHA256 nao calculado (extensao fora da lista)
ECS-ST-TSPLUS:TDev,<raiz>\Log,CargaJupiter_RICARDO_MORETTI_260828.log,.log,17441054,2026-08-28 14:24:38,,log,,,,,,,,,,,,,,,,SHA256 nao calculado (extensao fora da lista)
ECS-ST-TSPLUS:TDev,<raiz>\Log,Erros_Dia_2026-08-23.txt,.txt,692,2026-08-23 21:20:35,,outro,,,,,,,,,,,,,,,,SHA256 nao calculado (extensao fora da lista)
ECS-ST-TSPLUS:TDev,<raiz>\Log,Erros_Dia_2026-08-24.txt,.txt,2255,2026-08-24 11:38:01,,outro,,,,,,,,,,,,,,,,SHA256 nao calculado (extensao fora da lista)
ECS-ST-TSPLUS:TDev,<raiz>\Log,Erros_Dia_2026-08-25.txt,.txt,2108,2026-08-25 12:02:22,,outro,,,,,,,,,,,,,,,,SHA256 nao calculado (extensao fora da lista)
ECS-ST-TSPLUS:TDev,<raiz>\Log,Erros_Dia_2026-08-26.txt,.txt,1510,2026-08-26 10:45:05,,outro,,,,,,,,,,,,,,,,SHA256 nao calculado (extensao fora da lista)
ECS-ST-TSPLUS:TDev,<raiz>\Log,Erros_Dia_2026-08-27.txt,.txt,2044,2026-08-27 12:17:28,,outro,,,,,,,,,,,,,,,,SHA256 nao calculado (extensao fora da lista)
ECS-ST-TSPLUS:TDev,<raiz>\Log,GeraAgendaEquilibrada_260825.log,.log,11038,2026-08-25 12:07:47,,log,,,,,,,,,,,,,,,,SHA256 nao calculado (extensao fora da lista)
ECS-ST-TSPLUS:TDev,<raiz>\Log,GLOBAL_SEGURANCA_TraceDebug_Dia_2026-08-23_.log,.log,111,2026-08-23 21:20:32,,log,,,,,,,,,,,,,,,,SHA256 nao calculado (extensao fora da lista)
ECS-ST-TSPLUS:TDev,<raiz>\Log,Vinculo de clientes a carteira_AMANDA_PRADO_260825.log,.log,115316,2026-08-25 20:45:03,,log,,,,,,,,,,,,,,,,SHA256 nao calculado (extensao fora da lista)
ECS-ST-TSPLUS:TDev,<raiz>\Log,Vinculo de clientes a carteira_THIAGO_CARABOLANTE_260825.log,.log,10877,2026-08-25 20:09:21,,log,,,,,,,,,,,,,,,,SHA256 nao calculado (extensao fora da lista)
ECS-ST-TSPLUS:TDev,<raiz>\qrp,AMS_FIELD_Relatorio_AMS_Field.qvw,.qvw,1451,2020-10-26 13:44:00,,view/consulta Vortice,,,,,,,,,,,,,,,,SHA256 nao calculado (extensao fora da lista)
ECS-ST-TSPLUS:TDev,<raiz>\qrp,AMS_SERVIÇ_Relatorio_AMS_Servi_o.qvw,.qvw,1489,2020-12-29 13:51:33,,view/consulta Vortice,,,,,,,,,,,,,,,,SHA256 nao calculado (extensao fora da lista)
ECS-ST-TSPLUS:TDev,<raiz>\qrp,CART_Carteira_Pe_as.qvw,.qvw,1226,2020-08-10 16:28:59,,view/consulta Vortice,,,,,,,,,,,,,,,,SHA256 nao calculado (extensao fora da lista)
ECS-ST-TSPLUS:TDev,<raiz>\qrp,CNS_0002_Agendas_Abertas.qrp,.qrp,25719,2012-05-08 18:21:02,,relatorio Gupta Report Builder,,,,,,,,,,,,,,,,SHA256 nao calculado (extensao fora da lista)
ECS-ST-TSPLUS:TDev,<raiz>\qrp,CONS00138_Relatório_Primeiro_JD.qvw,.qvw,695,2023-08-18 20:14:16,,view/consulta Vortice,,,,,,,,,,,,,,,,SHA256 nao calculado (extensao fora da lista)
ECS-ST-TSPLUS:TDev,<raiz>\qrp,Copy of JDE_010_CoberturaCarteira.qrp,.qrp,47468,2012-02-27 15:10:14,,relatorio Gupta Report Builder,,,,,,,,,,,,,,,,SHA256 nao calculado (extensao fora da lista)
ECS-ST-TSPLUS:TDev,<raiz>\qrp,FLX01_Resumo_do_Fluxo.QRP,.QRP,23314,2012-04-30 14:00:37,,relatorio Gupta Report Builder,,,,,,,,,,,,,,,,SHA256 nao calculado (extensao fora da lista)
ECS-ST-TSPLUS:TDev,<raiz>\qrp,FRM_0001_Formulário Acompanhamento de vendas produto.qrp,.qrp,42569,2022-07-28 20:15:55,,relatorio Gupta Report Builder,,,,,,,,,,,,,,,,SHA256 nao calculado (extensao fora da lista)
ECS-ST-TSPLUS:TDev,<raiz>\qrp,FRM_0001_Formulário Acompanhamento de vendas produto.qrp.old,.old,35200,2022-07-28 20:09:27,,outro,,,,,,,,,,,,,,,,SHA256 nao calculado (extensao fora da lista)
ECS-ST-TSPLUS:TDev,<raiz>\qrp,FRM_0002_Formulario Acompanhamento de vendas produto implemento.qrp,.qrp,33064,2022-06-01 19:33:24,,relatorio Gupta Report Builder,,,,,,,,,,,,,,,,SHA256 nao calculado (extensao fora da lista)
ECS-ST-TSPLUS:TDev,<raiz>\qrp,FRM_0003_Formulario Acompanhamento de venda AMS.qrp,.qrp,33064,2022-06-01 19:33:24,,relatorio Gupta Report Builder,,,,,,,,,,,,,,,,SHA256 nao calculado (extensao fora da lista)
ECS-ST-TSPLUS:TDev,<raiz>\qrp,FRM_0003_Formulario_Acompanhamento_de_venda_AMS.qvw,.qvw,1687,2022-06-03 17:05:36,,view/consulta Vortice,,,,,,,,,,,,,,,,SHA256 nao calculado (extensao fora da lista)
ECS-ST-TSPLUS:TDev,<raiz>\qrp,FRM_0004_Formulario_de_Produtos_N_o_Faturados.qvw,.qvw,936,2022-06-10 17:54:45,,view/consulta Vortice,,,,,,,,,,,,,,,,SHA256 nao calculado (extensao fora da lista)
ECS-ST-TSPLUS:TDev,<raiz>\qrp,FRM_0010_Formulario_Entrega_Equipamento_JDE.qvw,.qvw,1101,2023-05-08 17:28:02,,view/consulta Vortice,,,,,,,,,,,,,,,,SHA256 nao calculado (extensao fora da lista)
ECS-ST-TSPLUS:TDev,<raiz>\qrp,FRM_001A_Formulário Acompanhamento de vendas.qrp,.qrp,39416,2019-05-07 14:24:04,,relatorio Gupta Report Builder,,,,,,,,,,,,,,,,SHA256 nao calculado (extensao fora da lista)
ECS-ST-TSPLUS:TDev,<raiz>\qrp,FRM_001_Formulário Acompanhamento de vendas.qrp,.qrp,43052,2014-02-05 12:24:54,,relatorio Gupta Report Builder,,,,,,,,,,,,,,,,SHA256 nao calculado (extensao fora da lista)
ECS-ST-TSPLUS:TDev,<raiz>\qrp,FRM_002A_Formulário Acompanhamento de implemento.qrp,.qrp,28599,2015-07-26 18:26:47,,relatorio Gupta Report Builder,,,,,,,,,,,,,,,,SHA256 nao calculado (extensao fora da lista)
ECS-ST-TSPLUS:TDev,<raiz>\qrp,FRM_002A_Formulário_Acompanhamento_de_vendas_implemento_(novo).qvw,.qvw,2149,2022-06-03 17:05:55,,view/consulta Vortice,,,,,,,,,,,,,,,,SHA256 nao calculado (extensao fora da lista)
ECS-ST-TSPLUS:TDev,<raiz>\qrp,FRM_003_Formulário Controle de Comissão.qrp,.qrp,31247,2017-07-06 19:04:51,,relatorio Gupta Report Builder,,,,,,,,,,,,,,,,SHA256 nao calculado (extensao fora da lista)
ECS-ST-TSPLUS:TDev,<raiz>\qrp,FRM_003_Formulário Controle de Comissão_VTC.qrp,.qrp,31191,2017-06-08 13:15:09,,relatorio Gupta Report Builder,,,,,,,,,,,,,,,,SHA256 nao calculado (extensao fora da lista)
ECS-ST-TSPLUS:TDev,<raiz>\qrp,FRM_005_Formulário Venda de Usados.qrp,.qrp,35028,2019-05-07 14:36:51,,relatorio Gupta Report Builder,,,,,,,,,,,,,,,,SHA256 nao calculado (extensao fora da lista)
ECS-ST-TSPLUS:TDev,<raiz>\qrp,FRM_005_Formulário Venda de Usados_ATUAL.qrp,.qrp,34321,2019-04-02 18:22:17,,relatorio Gupta Report Builder,,,,,,,,,,,,,,,,SHA256 nao calculado (extensao fora da lista)
ECS-ST-TSPLUS:TDev,<raiz>\qrp,FRM_045_Formulario Comissao AMS.qrp,.qrp,25231,2019-09-06 20:19:52,,relatorio Gupta Report Builder,,,,,,,,,,,,,,,,SHA256 nao calculado (extensao fora da lista)
ECS-ST-TSPLUS:TDev,<raiz>\qrp,FRM_050_Formulario Comissao Serviço AMS.qrp,.qrp,26673,2019-10-29 17:56:29,,relatorio Gupta Report Builder,,,,,,,,,,,,,,,,SHA256 nao calculado (extensao fora da lista)
ECS-ST-TSPLUS:TDev,<raiz>\qrp,FRM_055_Formulario_Premio_Venda_Direta.qvw,.qvw,1455,2020-06-22 15:28:02,,view/consulta Vortice,,,,,,,,,,,,,,,,SHA256 nao calculado (extensao fora da lista)
ECS-ST-TSPLUS:TDev,<raiz>\qrp,FRM_088_Aferição_de_Serviço_Web.qvw,.qvw,1207,2020-06-15 17:51:16,,view/consulta Vortice,,,,,,,,,,,,,,,,SHA256 nao calculado (extensao fora da lista)
ECS-ST-TSPLUS:TDev,<raiz>\qrp,FRM_090_Comissao_Trator.qvw,.qvw,2993,2020-06-18 18:49:42,,view/consulta Vortice,,,,,,,,,,,,,,,,SHA256 nao calculado (extensao fora da lista)
ECS-ST-TSPLUS:TDev,<raiz>\qrp,FRM_091_Comissao_Implemento.qvw,.qvw,1835,2020-06-18 18:48:47,,view/consulta Vortice,,,,,,,,,,,,,,,,SHA256 nao calculado (extensao fora da lista)
ECS-ST-TSPLUS:TDev,<raiz>\qrp,FRM_092_Comissao_AMS.qvw,.qvw,1456,2020-06-22 15:26:54,,view/consulta Vortice,,,,,,,,,,,,,,,,SHA256 nao calculado (extensao fora da lista)
ECS-ST-TSPLUS:TDev,<raiz>\qrp,FRM_093_Comissao_Servi_o_AMS.qvw,.qvw,1481,2020-06-22 15:27:23,,view/consulta Vortice,,,,,,,,,,,,,,,,SHA256 nao calculado (extensao fora da lista)
ECS-ST-TSPLUS:TDev,<raiz>\qrp,FRM_VEND_Formulario_de_Venda_trator.qvw,.qvw,1764,2020-11-24 17:06:14,,view/consulta Vortice,,,,,,,,,,,,,,,,SHA256 nao calculado (extensao fora da lista)
ECS-ST-TSPLUS:TDev,<raiz>\qrp,IVF2FIN10.QRP,.QRP,46257,2012-02-01 16:40:18,,relatorio Gupta Report Builder,,,,,,,,,,,,,,,,SHA256 nao calculado (extensao fora da lista)
ECS-ST-TSPLUS:TDev,<raiz>\qrp,IVF2PRP01.QRP,.QRP,49234,2012-02-14 19:53:41,,relatorio Gupta Report Builder,,,,,,,,,,,,,,,,SHA256 nao calculado (extensao fora da lista)
ECS-ST-TSPLUS:TDev,<raiz>\qrp,JDE_001_OrigRecFrota.qrp,.qrp,45892,2012-01-14 13:09:33,,relatorio Gupta Report Builder,,,,,,,,,,,,,,,,SHA256 nao calculado (extensao fora da lista)
ECS-ST-TSPLUS:TDev,<raiz>\qrp,JDE_008_Contato_Visita.qrp,.qrp,32025,2015-03-13 18:48:59,,relatorio Gupta Report Builder,,,,,,,,,,,,,,,,SHA256 nao calculado (extensao fora da lista)
ECS-ST-TSPLUS:TDev,<raiz>\qrp,JDE_009_Contato_Visita.qrp,.qrp,35451,2015-03-05 15:14:42,,relatorio Gupta Report Builder,,,,,,,,,,,,,,,,SHA256 nao calculado (extensao fora da lista)
ECS-ST-TSPLUS:TDev,<raiz>\qrp,JDE_010new_CoberturaCarteira - Copy.qrp,.qrp,49258,2015-02-13 13:10:13,,relatorio Gupta Report Builder,,,,,,,,,,,,,,,,SHA256 nao calculado (extensao fora da lista)
ECS-ST-TSPLUS:TDev,<raiz>\qrp,JDE_010new_CoberturaCarteira.qrp,.qrp,49448,2025-04-14 19:32:54,,relatorio Gupta Report Builder,,,,,,,,,,,,,,,,SHA256 nao calculado (extensao fora da lista)
ECS-ST-TSPLUS:TDev,<raiz>\qrp,JDE_010_CoberturaCarteira.qrp,.qrp,55651,2012-10-31 20:28:42,,relatorio Gupta Report Builder,,,,,,,,,,,,,,,,SHA256 nao calculado (extensao fora da lista)
ECS-ST-TSPLUS:TDev,<raiz>\qrp,JDE_012_OrigensRecXCidade.qrp,.qrp,20283,2012-07-19 21:35:54,,relatorio Gupta Report Builder,,,,,,,,,,,,,,,,SHA256 nao calculado (extensao fora da lista)
ECS-ST-TSPLUS:TDev,<raiz>\qrp,JDE_013_CidadeXCidades.qrp,.qrp,26986,2012-07-17 22:26:58,,relatorio Gupta Report Builder,,,,,,,,,,,,,,,,SHA256 nao calculado (extensao fora da lista)
ECS-ST-TSPLUS:TDev,<raiz>\qrp,JDE_014_Índice de Cobertura de Carteira por Potencial.qrp,.qrp,60066,2014-02-27 22:12:06,,relatorio Gupta Report Builder,,,,,,,,,,,,,,,,SHA256 nao calculado (extensao fora da lista)
ECS-ST-TSPLUS:TDev,<raiz>\qrp,JDE_015_QualificacaoCarteira-original.qrp,.qrp,45656,2012-03-20 13:06:31,,relatorio Gupta Report Builder,,,,,,,,,,,,,,,,SHA256 nao calculado (extensao fora da lista)
ECS-ST-TSPLUS:TDev,<raiz>\qrp,JDE_015_QualificacaoCarteira.qrp,.qrp,52542,2012-08-07 21:16:09,,relatorio Gupta Report Builder,,,,,,,,,,,,,,,,SHA256 nao calculado (extensao fora da lista)
ECS-ST-TSPLUS:TDev,<raiz>\qrp,JDE_017X_Ciclo de Cobertura das Negociações por Perspectiva - Copy.qrp,.qrp,5290,2025-03-11 19:59:27,,relatorio Gupta Report Builder,,,,,,,,,,,,,,,,SHA256 nao calculado (extensao fora da lista)
ECS-ST-TSPLUS:TDev,<raiz>\qrp,JDE_017X_Ciclo de Cobertura das Negociações por Perspectiva.qrp,.qrp,44225,2025-04-01 14:21:06,,relatorio Gupta Report Builder,,,,,,,,,,,,,,,,SHA256 nao calculado (extensao fora da lista)
ECS-ST-TSPLUS:TDev,<raiz>\qrp,JDE_101XN_Análise_da_Carteira_de_Pedidos - Copy.qvw,.qvw,7341,2024-06-18 11:45:24,,view/consulta Vortice,,,,,,,,,,,,,,,,SHA256 nao calculado (extensao fora da lista)
ECS-ST-TSPLUS:TDev,<raiz>\qrp,JDE_101XN_Análise_da_Carteira_de_Pedidos.qvw,.qvw,7341,2024-06-18 11:45:24,,view/consulta Vortice,,,,,,,,,,,,,,,,SHA256 nao calculado (extensao fora da lista)
ECS-ST-TSPLUS:TDev,<raiz>\qrp,JDE_101XN_CarteiraPedido - Copy.qrp,.qrp,36278,2018-09-03 12:45:10,,relatorio Gupta Report Builder,,,,,,,,,,,,,,,,SHA256 nao calculado (extensao fora da lista)
ECS-ST-TSPLUS:TDev,<raiz>\qrp,JDE_101XN_CarteiraPedido-XX2 - Copy (2).qrp,.qrp,36071,2025-10-20 13:44:09,,relatorio Gupta Report Builder,,,,,,,,,,,,,,,,SHA256 nao calculado (extensao fora da lista)
ECS-ST-TSPLUS:TDev,<raiz>\qrp,JDE_101XN_CarteiraPedido-XX2 - Copy.qrp,.qrp,35730,2025-08-19 13:11:52,,relatorio Gupta Report Builder,,,,,,,,,,,,,,,,SHA256 nao calculado (extensao fora da lista)
ECS-ST-TSPLUS:TDev,<raiz>\qrp,JDE_101XN_CarteiraPedido-XX2.qrp,.qrp,36056,2026-04-20 14:05:08,,relatorio Gupta Report Builder,,,,,,,,,,,,,,,,SHA256 nao calculado (extensao fora da lista)
ECS-ST-TSPLUS:TDev,<raiz>\qrp,JDE_101XN_CarteiraPedido-XX2.qrp.OLD,.OLD,34681,2026-02-27 11:06:13,,outro,,,,,,,,,,,,,,,,SHA256 nao calculado (extensao fora da lista)
ECS-ST-TSPLUS:TDev,<raiz>\qrp,JDE_101XN_CarteiraPedido-XX2_antigo.qrp,.qrp,34681,2025-12-17 15:09:08,,relatorio Gupta Report Builder,,,,,,,,,,,,,,,,SHA256 nao calculado (extensao fora da lista)
ECS-ST-TSPLUS:TDev,<raiz>\qrp,JDE_101XN_CarteiraPedido-XX3.qrp,.qrp,35343,2025-10-30 13:39:02,,relatorio Gupta Report Builder,,,,,,,,,,,,,,,,SHA256 nao calculado (extensao fora da lista)
ECS-ST-TSPLUS:TDev,<raiz>\qrp,JDE_101XN_CarteiraPedido.qrp,.qrp,30685,2025-05-13 20:18:34,,relatorio Gupta Report Builder,,,,,,,,,,,,,,,,SHA256 nao calculado (extensao fora da lista)
ECS-ST-TSPLUS:TDev,<raiz>\qrp,JDE_101XN_CarteiraPedido_VALOR_RECEBIDO.qrp,.qrp,40574,2024-12-26 20:38:38,,relatorio Gupta Report Builder,,,,,,,,,,,,,,,,SHA256 nao calculado (extensao fora da lista)
ECS-ST-TSPLUS:TDev,<raiz>\qrp,JDE_101_CarteiraPedido.qrp,.qrp,30833,2015-01-21 12:58:40,,relatorio Gupta Report Builder,,,,,,,,,,,,,,,,SHA256 nao calculado (extensao fora da lista)
ECS-ST-TSPLUS:TDev,<raiz>\qrp,JDE_102_Análise de oportunidades no período.qrp,.qrp,41583,2014-07-30 18:32:00,,relatorio Gupta Report Builder,,,,,,,,,,,,,,,,SHA256 nao calculado (extensao fora da lista)
ECS-ST-TSPLUS:TDev,<raiz>\qrp,JDE_102_Taxa de conversão.qrp,.qrp,38971,2012-07-25 01:45:00,,relatorio Gupta Report Builder,,,,,,,,,,,,,,,,SHA256 nao calculado (extensao fora da lista)
ECS-ST-TSPLUS:TDev,<raiz>\qrp,JDE_104_Análise do tempo de atendimento de Vendas.qrp,.qrp,29415,2012-11-13 13:58:32,,relatorio Gupta Report Builder,,,,,,,,,,,,,,,,SHA256 nao calculado (extensao fora da lista)
ECS-ST-TSPLUS:TDev,<raiz>\qrp,JDE_401_Taxa de conversão de Serviços.qrp,.qrp,39366,2012-11-06 19:51:18,,relatorio Gupta Report Builder,,,,,,,,,,,,,,,,SHA256 nao calculado (extensao fora da lista)
ECS-ST-TSPLUS:TDev,<raiz>\qrp,JDE_402_Análise da Venda Perdida.qrp,.qrp,35528,2012-11-01 12:59:23,,relatorio Gupta Report Builder,,,,,,,,,,,,,,,,SHA256 nao calculado (extensao fora da lista)
ECS-ST-TSPLUS:TDev,<raiz>\qrp,JDE_403_Análise das Garantias.qrp,.qrp,34147,2012-11-06 18:49:51,,relatorio Gupta Report Builder,,,,,,,,,,,,,,,,SHA256 nao calculado (extensao fora da lista)
ECS-ST-TSPLUS:TDev,<raiz>\qrp,JDE_404_Análise do tempo de atendimento de Serviços.qrp,.qrp,29412,2012-11-13 12:25:34,,relatorio Gupta Report Builder,,,,,,,,,,,,,,,,SHA256 nao calculado (extensao fora da lista)
ECS-ST-TSPLUS:TDev,<raiz>\qrp,JDE_405_Análise Complementar dos serviços iniciados.qrp,.qrp,32322,2012-12-27 16:22:50,,relatorio Gupta Report Builder,,,,,,,,,,,,,,,,SHA256 nao calculado (extensao fora da lista)
ECS-ST-TSPLUS:TDev,<raiz>\qrp,JDE_405_Análise Complementar.qrp,.qrp,32322,2012-11-06 20:26:23,,relatorio Gupta Report Builder,,,,,,,,,,,,,,,,SHA256 nao calculado (extensao fora da lista)
ECS-ST-TSPLUS:TDev,<raiz>\qrp,JDE_500xx_Qualid_Carteira - Copy.qrp,.qrp,29185,2025-11-12 15:17:52,,relatorio Gupta Report Builder,,,,,,,,,,,,,,,,SHA256 nao calculado (extensao fora da lista)
ECS-ST-TSPLUS:TDev,<raiz>\qrp,JDE_500xx_Qualid_Carteira.qrp,.qrp,29185,2025-11-12 15:17:52,,relatorio Gupta Report Builder,,,,,,,,,,,,,,,,SHA256 nao calculado (extensao fora da lista)
ECS-ST-TSPLUS:TDev,<raiz>\qrp,JDE_500xx_Qualid_Carteira_v2.qrp,.qrp,28488,2025-11-27 20:13:11,,relatorio Gupta Report Builder,,,,,,,,,,,,,,,,SHA256 nao calculado (extensao fora da lista)
ECS-ST-TSPLUS:TDev,<raiz>\qrp,JD_AF001_visao_consolidada_satisfacao.QRP,.QRP,23609,2012-10-15 19:13:16,,relatorio Gupta Report Builder,,,,,,,,,,,,,,,,SHA256 nao calculado (extensao fora da lista)
ECS-ST-TSPLUS:TDev,<raiz>\qrp,JD_AF002_Afericao_Formulario.QRP,.QRP,20926,2012-06-26 18:46:48,,relatorio Gupta Report Builder,,,,,,,,,,,,,,,,SHA256 nao calculado (extensao fora da lista)
ECS-ST-TSPLUS:TDev,<raiz>\qrp,JD_AF002_Afericao_Formulario.QRP.old,.old,18445,2012-06-20 01:22:25,,outro,,,,,,,,,,,,,,,,SHA256 nao calculado (extensao fora da lista)
ECS-ST-TSPLUS:TDev,<raiz>\qrp,JD_AF003_Afericao_Evolutivo.QRP,.QRP,20520,2012-06-26 20:30:45,,relatorio Gupta Report Builder,,,,,,,,,,,,,,,,SHA256 nao calculado (extensao fora da lista)
ECS-ST-TSPLUS:TDev,<raiz>\qrp,JD_AF005_Ranking_Satisfacao.QRP,.QRP,19377,2012-10-15 19:32:47,,relatorio Gupta Report Builder,,,,,,,,,,,,,,,,SHA256 nao calculado (extensao fora da lista)
ECS-ST-TSPLUS:TDev,<raiz>\qrp,JD_AF006_Ranking_Peso.QRP,.QRP,16418,2012-10-17 20:56:32,,relatorio Gupta Report Builder,,,,,,,,,,,,,,,,SHA256 nao calculado (extensao fora da lista)
ECS-ST-TSPLUS:TDev,<raiz>\qrp,JD_AF007_Verbalizacao_Afericao.QRP,.QRP,20967,2012-06-26 11:06:30,,relatorio Gupta Report Builder,,,,,,,,,,,,,,,,SHA256 nao calculado (extensao fora da lista)
ECS-ST-TSPLUS:TDev,<raiz>\qrp,JD_AF009_Agenda.QRP,.QRP,24819,2012-10-17 13:25:24,,relatorio Gupta Report Builder,,,,,,,,,,,,,,,,SHA256 nao calculado (extensao fora da lista)
ECS-ST-TSPLUS:TDev,<raiz>\qrp,logo-jd.bmp,.bmp,164886,2025-04-25 14:05:48,,outro,,,,,,,,,,,,,,,,SHA256 nao calculado (extensao fora da lista)
ECS-ST-TSPLUS:TDev,<raiz>\qrp,PEC_501_Análise do cenário de peças - Copy.qrp,.qrp,45548,2024-08-07 14:01:43,,relatorio Gupta Report Builder,,,,,,,,,,,,,,,,SHA256 nao calculado (extensao fora da lista)
ECS-ST-TSPLUS:TDev,<raiz>\qrp,PEC_501_Análise do cenário de peças.qrp,.qrp,45548,2024-08-07 14:01:43,,relatorio Gupta Report Builder,,,,,,,,,,,,,,,,SHA256 nao calculado (extensao fora da lista)
ECS-ST-TSPLUS:TDev,<raiz>\qrp,PED001 - pedido.QRP,.QRP,40453,2025-04-30 14:13:51,,relatorio Gupta Report Builder,,,,,,,,,,,,,,,,SHA256 nao calculado (extensao fora da lista)
ECS-ST-TSPLUS:TDev,<raiz>\qrp,PED001 - pedido_V21.QRP,.QRP,37872,2025-07-30 21:23:42,,relatorio Gupta Report Builder,,,,,,,,,,,,,,,,SHA256 nao calculado (extensao fora da lista)
ECS-ST-TSPLUS:TDev,<raiz>\qrp,PED001 - pedido_V2173.QRP,.QRP,55085,2025-07-29 12:11:38,,relatorio Gupta Report Builder,,,,,,,,,,,,,,,,SHA256 nao calculado (extensao fora da lista)
ECS-ST-TSPLUS:TDev,<raiz>\qrp,PED001 - pedido_V21_73c.QRP,.QRP,57853,2025-07-29 12:55:37,,relatorio Gupta Report Builder,,,,,,,,,,,,,,,,SHA256 nao calculado (extensao fora da lista)
ECS-ST-TSPLUS:TDev,<raiz>\qrp,PED001N - pedido.QRP,.QRP,40453,2025-04-30 14:13:51,,relatorio Gupta Report Builder,,,,,,,,,,,,,,,,SHA256 nao calculado (extensao fora da lista)
ECS-ST-TSPLUS:TDev,<raiz>\qrp,PEDNOVO.qrp,.qrp,41385,2025-10-14 18:18:15,,relatorio Gupta Report Builder,,,,,,,,,,,,,,,,SHA256 nao calculado (extensao fora da lista)
ECS-ST-TSPLUS:TDev,<raiz>\qrp,PEDNOVO.QRP.old,.old,40707,2025-10-03 12:21:29,,outro,,,,,,,,,,,,,,,,SHA256 nao calculado (extensao fora da lista)
ECS-ST-TSPLUS:TDev,<raiz>\qrp,PES2FCF01_RolFichaCadastralPF.QRP,.QRP,102847,2012-01-31 19:37:00,,relatorio Gupta Report Builder,,,,,,,,,,,,,,,,SHA256 nao calculado (extensao fora da lista)
ECS-ST-TSPLUS:TDev,<raiz>\qrp,PES2FCF02_RolFichaCadastralPJ.QRP,.QRP,76311,2012-02-01 15:19:02,,relatorio Gupta Report Builder,,,,,,,,,,,,,,,,SHA256 nao calculado (extensao fora da lista)
ECS-ST-TSPLUS:TDev,<raiz>\qrp,PROP_0010_PROPRIEDADE_CLIENTE.qvw,.qvw,1023,2022-10-20 18:38:02,,view/consulta Vortice,,,,,,,,,,,,,,,,SHA256 nao calculado (extensao fora da lista)
ECS-ST-TSPLUS:TDev,<raiz>\qrp,PROP_CART_Propriedade_Carteira_Pe_as.qvw,.qvw,2362,2020-08-18 16:48:49,,view/consulta Vortice,,,,,,,,,,,,,,,,SHA256 nao calculado (extensao fora da lista)
ECS-ST-TSPLUS:TDev,<raiz>\qrp,QLD_001_Análise pós Insatisfações de vendas.qrp,.qrp,36727,2013-01-31 14:49:00,,relatorio Gupta Report Builder,,,,,,,,,,,,,,,,SHA256 nao calculado (extensao fora da lista)
ECS-ST-TSPLUS:TDev,<raiz>\qrp,QLD_001_Análise pós Insatisfações de vendas_old.qrp,.qrp,35184,2013-01-31 14:04:40,,relatorio Gupta Report Builder,,,,,,,,,,,,,,,,SHA256 nao calculado (extensao fora da lista)
ECS-ST-TSPLUS:TDev,<raiz>\qrp,QLD_002_Atualizacao_Propriedades.qrp,.qrp,23174,2014-01-31 18:02:03,,relatorio Gupta Report Builder,,,,,,,,,,,,,,,,SHA256 nao calculado (extensao fora da lista)
ECS-ST-TSPLUS:TDev,<raiz>\qrp,QLD_002_Atualizacao_Propriedades_old.qrp,.qrp,22007,2013-08-21 19:59:05,,relatorio Gupta Report Builder,,,,,,,,,,,,,,,,SHA256 nao calculado (extensao fora da lista)
ECS-ST-TSPLUS:TDev,<raiz>\qrp,qrp710EAE,,0,2025-05-13 14:45:07,,outro,,,,,,,,,,,,,,,,SHA256 nao calculado (extensao fora da lista)
ECS-ST-TSPLUS:TDev,<raiz>\qrp,REL_CONT_Relatorio_Contato_Digital_2.qvw,.qvw,1007,2020-10-08 11:49:33,,view/consulta Vortice,,,,,,,,,,,,,,,,SHA256 nao calculado (extensao fora da lista)
ECS-ST-TSPLUS:TDev,<raiz>\qrp,REL_PROSP_RELATORIO_PROSPECCAO.qvw,.qvw,1354,2020-09-08 12:03:48,,view/consulta Vortice,,,,,,,,,,,,,,,,SHA256 nao calculado (extensao fora da lista)
ECS-ST-TSPLUS:TDev,<raiz>\qrp,TBA_010_Índice_de_Cobertura_de_Carteira_por_Potencial.qvw,.qvw,4099,2025-01-28 11:44:45,,view/consulta Vortice,,,,,,,,,,,,,,,,SHA256 nao calculado (extensao fora da lista)
ECS-ST-TSPLUS:TDev,<raiz>\qrp,TI_010_CoberturaCarteira.qrp,.qrp,49258,2015-02-13 13:10:13,,relatorio Gupta Report Builder,,,,,,,,,,,,,,,,SHA256 nao calculado (extensao fora da lista)
ECS-ST-TSPLUS:TDev,<raiz>\qrp,TI_010_Cobertura_de_Carteira_Potencial.qvw,.qvw,4099,2025-01-28 11:44:45,,view/consulta Vortice,,,,,,,,,,,,,,,,SHA256 nao calculado (extensao fora da lista)
ECS-ST-TSPLUS:TDev,<raiz>\qrp,VEND_CHAVE_Relatorio_de_Venda_Chave.qvw,.qvw,1630,2020-12-21 19:56:20,,view/consulta Vortice,,,,,,,,,,,,,,,,SHA256 nao calculado (extensao fora da lista)
ECS-ST-TSPLUS:TDev,<raiz>\qrp,VND076_Comercial_Negociacao.qrp,.qrp,22359,2012-10-18 15:06:04,,relatorio Gupta Report Builder,,,,,,,,,,,,,,,,SHA256 nao calculado (extensao fora da lista)
ECS-ST-TSPLUS:TDev,<raiz>\ReportBuilder 11,cdlli11.dll,.dll,2260480,2000-06-12 11:00:00,0186a0c603a0d883157df453566bd3b809f13c2408e5eb39dc19912ff336c562,nativo (PE sem CLI header),I386,WindowsGui,2000-06-07 02:29:25,1.1.2-PTF12 Build 12741,1.1.2-PTF12,Centura Software Corporation,Centura Team Developer,Centura Builder,Copyright © 2000 Centura Software Corporation,,,,,,,
ECS-ST-TSPLUS:TDev,<raiz>\ReportBuilder 11,CENTURA.FTS,.FTS,461824,2000-02-15 17:32:42,,outro,,,,,,,,,,,,,,,,SHA256 nao calculado (extensao fora da lista)
ECS-ST-TSPLUS:TDev,<raiz>\ReportBuilder 11,centura.hlp,.hlp,1737750,1999-03-11 14:09:34,,outro,,,,,,,,,,,,,,,,SHA256 nao calculado (extensao fora da lista)
ECS-ST-TSPLUS:TDev,<raiz>\ReportBuilder 11,gctli11.dll,.dll,154112,2000-06-12 11:00:00,7d34169002d402b4e72753c262f6029afe3b24eca2eab4b1e86755153ab75bb2,nativo (PE sem CLI header),I386,WindowsGui,2000-06-07 02:29:26,1.1.2-PTF12 Build 12741,1.1.2-PTF12,Centura Software Corporation,Centura Team Developer,GCTLI11,Copyright © 2000 Centura Software Corporation,,,,,,,
ECS-ST-TSPLUS:TDev,<raiz>\ReportBuilder 11,geei11.dll,.dll,166912,2000-06-12 11:00:00,f915e3a0c40edd51661cbbd9370fecf447b62b590fffc1667736d98d159c4488,nativo (PE sem CLI header),I386,WindowsGui,2000-06-07 02:29:27,1.1.2-PTF12 Build 12741,1.1.2-PTF12,Centura Software Corporation,Centura Team Developer,GEEI11,Copyright © 2000 Centura Software Corporation,,,,,,,
ECS-ST-TSPLUS:TDev,<raiz>\ReportBuilder 11,gobji11.dll,.dll,84480,2000-06-12 11:00:00,c98081031da4801179ba693b34227e598b6b241c2492602a000f65f8b867658a,nativo (PE sem CLI header),I386,WindowsGui,2000-06-07 02:29:27,1.1.2-PTF12 Build 12741,1.1.2-PTF12,Centura Software Corporation,Centura Team Developer,GOBJI11,Copyright © 2000 Centura Software Corporation,,,,,,,
ECS-ST-TSPLUS:TDev,<raiz>\ReportBuilder 11,graphppd.hlp,.hlp,1116765,1996-11-27 15:00:00,,outro,,,,,,,,,,,,,,,,SHA256 nao calculado (extensao fora da lista)
ECS-ST-TSPLUS:TDev,<raiz>\ReportBuilder 11,graphppr.hlp,.hlp,794613,1996-11-27 15:00:00,,outro,,,,,,,,,,,,,,,,SHA256 nao calculado (extensao fora da lista)
ECS-ST-TSPLUS:TDev,<raiz>\ReportBuilder 11,gsw32.exe,.exe,423016,2003-06-04 17:16:42,f12d10c72a5145bf4e41fc671db19c50a422e24af1b9b12457ec9de16e133bcd,nativo (PE sem CLI header),I386,WindowsGui,1998-11-05 15:57:06,5.50.0000,5.50.0000,Bits Per Second Ltd,Graphics Server,Graphics Server,Copyright © Bits Per Second Ltd 1991-1998,,,,,,,
ECS-ST-TSPLUS:TDev,<raiz>\ReportBuilder 11,gswag32.dll,.dll,242816,2003-06-04 17:16:42,06ef194ff784c8a55cd6cb0089eea4ffe70e2c1f3b88beb0a74204f13acedddf,nativo (PE sem CLI header),I386,WindowsGui,1998-11-05 12:17:11,5.50.0000,5.50.0000,Bits Per Second Ltd,AutoGraph,AutoGraph DLL,Copyright © Bits Per Second Ltd 1991-1998,,,,,,,
ECS-ST-TSPLUS:TDev,<raiz>\ReportBuilder 11,gswdll32.dll,.dll,152688,2003-06-04 17:16:42,3165143bfc7b24922dfe35a2fd036576c59be2d3b5b229b6c69e245f1090aa9c,nativo (PE sem CLI header),I386,WindowsGui,1998-11-05 12:14:08,5.50.0000,5.50.0000,Bits Per Second Ltd,Graphics Server,Graphics Server DLL,Copyright © Bits Per Second Ltd 1991-1998,,,,,,,
ECS-ST-TSPLUS:TDev,<raiz>\ReportBuilder 11,gtlsi11.dll,.dll,143872,2000-06-12 11:00:00,be9ab8bfb1ee22be46fb1177e29cf0ecdc198fdb47d4567a4bdd983a16d81622,nativo (PE sem CLI header),I386,WindowsGui,2000-06-07 02:29:27,1.1.2-PTF12 Build 12741,1.1.2-PTF12,Centura Software Corporation,Centura Team Developer,GTLSI11,Copyright © 2000 Centura Software Corporation,,,,,,,
ECS-ST-TSPLUS:TDev,<raiz>\ReportBuilder 11,gtools30.dll,.dll,130688,2001-10-15 08:20:56,16216e994d145fae56e379bedd6f7e9a660de8578d2f1abccef1a402068b8c31,nao-PE / formato desconhecido,,,,3.0.1.E,3.0.1.E,Gupta Corporation,Quest,GTITOOLS,Copyright © 1989-1994,,,,,,,
ECS-ST-TSPLUS:TDev,<raiz>\ReportBuilder 11,modelo_80.QRP,.QRP,7915,2000-02-12 13:58:54,,relatorio Gupta Report Builder,,,,,,,,,,,,,,,,SHA256 nao calculado (extensao fora da lista)
ECS-ST-TSPLUS:TDev,<raiz>\ReportBuilder 11,modelo_80_completo.QRP,.QRP,9227,2000-02-12 14:00:02,,relatorio Gupta Report Builder,,,,,,,,,,,,,,,,SHA256 nao calculado (extensao fora da lista)
ECS-ST-TSPLUS:TDev,<raiz>\ReportBuilder 11,qgphi11.dll,.dll,708608,1997-04-02 22:28:40,e5ea608092e2ee462287702bdac91fc4e97c7c44d4859cc644941372ab29a697,nativo (PE sem CLI header),I386,WindowsGui,1997-04-02 22:45:15,1.1.0-PTF2 Build 10881,1.1.0-PTF2,Centura Software Corporation,Centura Team Developer,QGRAPH,Copyright © 1996 Centura Software Corporation,,,,,,,
ECS-ST-TSPLUS:TDev,<raiz>\ReportBuilder 11,rdwi11.dll,.dll,1693184,2000-06-12 11:00:00,51ed3af47e7d244419003c22779fee04f36d8046d41b54990b6aa8e6efe05c4b,nativo (PE sem CLI header),I386,WindowsGui,2000-06-07 02:29:30,1.1.2-PTF12 Build 12741,1.1.2-PTF12,Centura Software Corporation,Centura Team Developer,RDWI11,Copyright © 2000 Centura Software Corporation,,,,,,,
ECS-ST-TSPLUS:TDev,<raiz>\ReportBuilder 11,Relatorio_Paisagem_modelo.QRP,.QRP,13928,2012-05-17 12:46:09,,relatorio Gupta Report Builder,,,,,,,,,,,,,,,,SHA256 nao calculado (extensao fora da lista)
ECS-ST-TSPLUS:TDev,<raiz>\ReportBuilder 11,Relatorio_Paisagem_modelo_Calibri.QRP,.QRP,13934,2022-07-29 17:33:17,,relatorio Gupta Report Builder,,,,,,,,,,,,,,,,SHA256 nao calculado (extensao fora da lista)
ECS-ST-TSPLUS:TDev,<raiz>\ReportBuilder 11,Relatorio_Retrato_modelo.QRP,.QRP,13619,2012-05-17 12:45:01,,relatorio Gupta Report Builder,,,,,,,,,,,,,,,,SHA256 nao calculado (extensao fora da lista)
ECS-ST-TSPLUS:TDev,<raiz>\ReportBuilder 11,Relatorio_Retrato_modelo_Calibri.QRP,.QRP,13625,2022-07-29 17:32:18,,relatorio Gupta Report Builder,,,,,,,,,,,,,,,,SHA256 nao calculado (extensao fora da lista)
ECS-ST-TSPLUS:TDev,<raiz>\ReportBuilder 11,repbi11.exe,.exe,27648,1997-04-02 22:28:40,c478608a322516ff29c716bfc28ab111a88437cbd1fed12f905f4266af7accfc,nativo (PE sem CLI header),I386,WindowsGui,1997-04-02 22:21:12,1.1.0-PTF2 Build 10881,1.1.0-PTF2,Centura Software Corporation,Centura Team Developer,REPBI11,Copyright © 1996 Centura Software Corporation,,,,,,,
ECS-ST-TSPLUS:TDev,<raiz>\ReportBuilder 11,repc32.dll,.dll,277504,1996-11-27 18:00:00,c49bdc3c578f57c40a3ee20dcd1375b57dd8868b827dacc024c26547624d24df,nativo (PE sem CLI header),I386,WindowsGui,1996-10-29 20:53:54,1.0.1 Build 10639,1.0.1,Centura Software Corporation,Centura Ranger Replication,Centura Ranger Synchronization Agent RepCmn DLL,Copyright © 1996 Centura Software Corporation,,,,,,,
ECS-ST-TSPLUS:TDev,<raiz>\ReportBuilder 11,report.pdf,.pdf,1223934,1996-11-27 18:00:00,,outro,,,,,,,,,,,,,,,,SHA256 nao calculado (extensao fora da lista)
ECS-ST-TSPLUS:TDev,<raiz>\ReportBuilder 11,snumi11.dll,.dll,30208,2000-06-12 11:00:00,698201dfa76c5566c911a374241e5d28d89cc6ba6913e41685a287953b748b73,nativo (PE sem CLI header),I386,WindowsGui,2000-06-07 02:29:31,1.1.2-PTF12 Build 12741,1.1.2-PTF12,Centura Software Corporation,Centura Team Developer,SNUMI11,Copyright © 2000 Centura Software Corporation,,,,,,,
ECS-ST-TSPLUS:TDev,<raiz>\ReportBuilder 11,sqlngci.dll,.dll,90624,2003-06-04 17:16:50,92ac1ba0e0f75be21c8cc620defdeb1aece56255281b1f2834dd54ffad449d52,nativo (PE sem CLI header),I386,WindowsGui,2001-08-14 14:21:39,7.6.1 Build 12907,7.6.1,Centura Software,Centura SQLBase,SQLNGCI,Copyright © 2001 Centura Software,,,,,,,
ECS-ST-TSPLUS:TDev,<raiz>\ReportBuilder 11,sqlwntm.dll,.dll,397824,2003-06-04 17:16:50,1ac1cc67a5e2a1d1ff5541b3c412c040fa7a3cb813ca0d9d46352cd875798244,nativo (PE sem CLI header),I386,WindowsGui,2001-08-14 14:21:44,7.6.1 M Build 12907,7.6.1,Centura Software,Centura SQLBase,SQLWNTM,Copyright © 2001 Centura Software,,,,,,,
ECS-ST-TSPLUS:TDev,<raiz>\ReportBuilder 11,srvci11.dll,.dll,354304,2000-06-12 11:00:00,52379ea3b560226ae2c5a2fff73f422a2c997c534b4d315765f0e8f1a25d99e2,nativo (PE sem CLI header),I386,WindowsGui,2000-06-07 02:29:31,1.1.2-PTF12 Build 12741,1.1.2-PTF12,Centura Software Corporation,Centura Team Developer,SRVCI11,Copyright © 2000 Centura Software Corporation,,,,,,,
ECS-ST-TSPLUS:TDev,<raiz>\ReportBuilder 11,ssti11.dll,.dll,45056,2000-06-12 11:00:00,7617c5d1e7699d3aeb14a13e33c962eb95ae329fa36a1e4086818d3aa309c7a0,nativo (PE sem CLI header),I386,WindowsGui,2000-06-07 02:29:31,1.1.2-PTF12 Build 12741,1.1.2-PTF12,Centura Software Corporation,Centura Team Developer,SSTI11,Copyright © 2000 Centura Software Corporation,,,,,,,
ECS-ST-TSPLUS:TDev,<raiz>\ReportBuilder 11,tabli11.dll,.dll,193536,2000-06-12 11:00:00,83c456f01255b6a0aba36ec3cbbe2b33697f97f7bb3038d7dd03af595714ec12,nativo (PE sem CLI header),I386,WindowsGui,2000-06-07 02:29:31,1.1.2-PTF12 Build 12741,1.1.2-PTF12,Centura Software Corporation,Centura Team Developer,TABLI11,Copyright © 2000 Centura Software Corporation,,,,,,,
ECS-ST-TSPLUS:TDev,<raiz>\TD21,Base64.dll,.dll,45056,2003-10-10 16:22:40,cbe4af9bcc8d47df96ed9186a7019b10ad5b5b8ff1c1e9a5864651629e8f4dd4,nativo (PE sem CLI header),I386,WindowsGui,2003-10-10 11:22:39,,,,,,,,,,,,,
ECS-ST-TSPLUS:TDev,<raiz>\TD21,cbawi21.dll,.dll,204800,2003-06-04 21:07:48,a20ff7cb768d5a6242c9e9bccceb69cc5208f4ff3ad617d2eab8189c9caee9fb,nativo (PE sem CLI header),I386,WindowsGui,2003-06-05 01:07:46,"2.1, Build 12646",2.1,Centura Software Corporation,Centura Team Developer,SQLWindows® ActiveX Explorer,Copyright © 2000 Centura Software Corporation,,,,,,,
ECS-ST-TSPLUS:TDev,<raiz>\TD21,cbtti21.dll,.dll,24576,2003-06-04 22:06:40,b25dfb810719730e970a19fdc5adbf5f85f5a274c3cf14a77bdcb28cb8d2507d,nativo (PE sem CLI header),I386,WindowsGui,2003-06-05 02:06:39,"1, 0, 0, 1","1, 0, 0, 1",Centura Software Corporation,Tool Tips for Centura Builder,cbtti11,Copyright © 1996,,,,,,,
ECS-ST-TSPLUS:TDev,<raiz>\TD21,cdlli21.dll,.dll,2605056,2003-06-04 20:58:04,b05325d7f2a211711b395e8bb0e6e5dc801a4b7c26d0d6f568d4814fd2ae8a19,nativo (PE sem CLI header),I386,WindowsGui,2003-06-05 00:57:59,"2.1-PTF4, Build 12999",2.1-PTF4,Centura Software Corporation,Centura Team Developer,Centura Builder,Copyright © 2001 Centura Software Corporation,,,,,,,
ECS-ST-TSPLUS:TDev,<raiz>\TD21,cfopgi10.dll,.dll,15872,2003-06-04 17:35:54,be979a7a28247d53deea324872f4e8b1de4b1c4d5f3fdb5ed7380400904b6483,nativo (PE sem CLI header),I386,WindowsGui,2000-04-20 14:20:43,1.0.3 Build 12730,1.0.3,Centura Software Corporation,Centura Connectivity Administrator - DBPing DLL with SQL/API,CFOPGI10,Copyright © 2000 Centura Software Corporation,,,,,,,
ECS-ST-TSPLUS:TDev,<raiz>\TD21,cguti21.dll,.dll,184320,2003-06-04 21:12:12,f0d7c4a7339c9dec6507b43fbd86ccb0b7c360aa144069765dc0fc1dee8c3306,nativo (PE sem CLI header),I386,WindowsGui,2003-06-05 01:12:10,"2.1-PTF4, Build 12999",2.1-PTF4,Centura Software Corporation,Centura Team Developer,Centura® Utilities DLL,Copyright © 2001 Centura Software Corporation,,,,,,,
ECS-ST-TSPLUS:TDev,<raiz>\TD21,cnri21.dll,.dll,294912,2003-06-04 21:35:50,fbbc2cd1fd12f5b713cf55bdb9aada7270003ba651c21c21af0ae2605d167af1,nativo (PE sem CLI header),I386,WindowsGui,2003-06-05 01:35:48,"2.1-PTF4, Build 12999",2.1-PTF4,Centura Software Corporation,Centura Team Developer,CNRI21,Copyright © 2001 Centura Software Corporation,,,,,,,
ECS-ST-TSPLUS:TDev,<raiz>\TD21,csi21.dll,.dll,61440,2003-06-04 21:00:02,ed5cf854fa2aef027ffec79a4f208f7075a589cd44c77649403addcbeb8bff65,nativo (PE sem CLI header),I386,WindowsGui,2003-06-05 01:00:01,"2.1-PTF4, Build 12999",2.1-PTF4,Centura Software Corporation,Centura Team Developer,SQLWindows® CS DLL,Copyright © 2001 Centura Software Corporation,,,,,,,
ECS-ST-TSPLUS:TDev,<raiz>\TD21,gctli21.dll,.dll,147456,2003-06-04 20:41:50,ee39bd5f46d2d73e69192c8e9e7280e976604a661a085da16dd6cd75a658ade4,nativo (PE sem CLI header),I386,WindowsGui,2003-06-05 00:41:49,"2.1-PTF4, Build 12999",2.1-PTF4,Centura Software Corporation,Centura Team Developer,GCTLI21,Copyright © 2001 Centura Software Corporation,,,,,,,
ECS-ST-TSPLUS:TDev,<raiz>\TD21,geei21.dll,.dll,147456,2003-06-04 21:11:50,9a338a89f95319c841360e88f449f210151607e5191fa4f897d71e62fac7c3f8,nativo (PE sem CLI header),I386,WindowsGui,2003-06-05 01:11:48,"2.1-PTF4, Build 12999",2.1-PTF4,Centura Software Corporation,Centura Team Developer,GEEI21,Copyright © 2001 Centura Software Corporation,,,,,,,
ECS-ST-TSPLUS:TDev,<raiz>\TD21,gobji21.dll,.dll,73728,2003-06-04 20:42:08,36ed1a5b5d8d1c4d0f8005cfca9b217b30100f5af95504f326d794b0a3924e82,nativo (PE sem CLI header),I386,WindowsGui,2003-06-05 00:42:06,"2.1-PTF4, Build 12999",2.1-PTF4,Centura Software Corporation,Centura Team Developer,GOBJI21,Copyright © 2001 Centura Software Corporation,,,,,,,
ECS-ST-TSPLUS:TDev,<raiz>\TD21,gsjpg32.dll,.dll,110592,2003-06-04 17:16:42,236bdc48ee703a28724edef9dc1d2737c78d70c94f1c34585c4bad9e13657afa,nativo (PE sem CLI header),I386,WindowsGui,1998-11-06 17:27:43,5.50.0000,5.50.0000,Bits Per Second Ltd,Graphics Server bitmap to JPEG translation DLL,GSJPG DLL,Copyright © 1998 Bits Per Second Ltd,,,,,,,
ECS-ST-TSPLUS:TDev,<raiz>\TD21,gspng32.dll,.dll,90112,2003-06-04 17:16:42,06df65257ed43f3dcd2bba9f7b3b4fee9f49c54a7a72f99bbd9f354274bbd9c6,nativo (PE sem CLI header),I386,WindowsGui,1998-11-06 17:27:31,5.50.0000,5.50.0000,Bits Per Second Ltd,Graphics Server bitmap to PNG translation DLL,GSPNG DLL,Copyright © 1998 Bits Per Second Ltd,,,,,,,
ECS-ST-TSPLUS:TDev,<raiz>\TD21,gsprop32.dll,.dll,634880,2003-06-04 17:16:42,f4c0b930059ab3665a5c1e5e1daa8fb0e2524a6e942a6cd4812b1f586fa90fe2,nativo (PE sem CLI header),I386,WindowsGui,1998-11-23 17:44:49,5.50.0000,5.50.0000,Bits Per Second Ltd,GSPROP,Graphics Server Property DLL,Copyright © 1998 Bits Per Second Ltd,,,,,,,
ECS-ST-TSPLUS:TDev,<raiz>\TD21,gsw32.exe,.exe,423016,2003-06-04 17:16:42,f12d10c72a5145bf4e41fc671db19c50a422e24af1b9b12457ec9de16e133bcd,nativo (PE sem CLI header),I386,WindowsGui,1998-11-05 15:57:06,5.50.0000,5.50.0000,Bits Per Second Ltd,Graphics Server,Graphics Server,Copyright © Bits Per Second Ltd 1991-1998,,,,,,,
ECS-ST-TSPLUS:TDev,<raiz>\TD21,gswag32.dll,.dll,242816,2003-06-04 17:16:42,06ef194ff784c8a55cd6cb0089eea4ffe70e2c1f3b88beb0a74204f13acedddf,nativo (PE sem CLI header),I386,WindowsGui,1998-11-05 12:17:11,5.50.0000,5.50.0000,Bits Per Second Ltd,AutoGraph,AutoGraph DLL,Copyright © Bits Per Second Ltd 1991-1998,,,,,,,
ECS-ST-TSPLUS:TDev,<raiz>\TD21,gswdll32.dll,.dll,152688,2003-06-04 17:16:42,3165143bfc7b24922dfe35a2fd036576c59be2d3b5b229b6c69e245f1090aa9c,nativo (PE sem CLI header),I386,WindowsGui,1998-11-05 12:14:08,5.50.0000,5.50.0000,Bits Per Second Ltd,Graphics Server,Graphics Server DLL,Copyright © Bits Per Second Ltd 1991-1998,,,,,,,
ECS-ST-TSPLUS:TDev,<raiz>\TD21,gtlsi21.dll,.dll,151552,2003-06-04 20:41:18,835e66fc573dadc9459a43816d06928015d77e1f9f4350751bbf73492273cfaa,nativo (PE sem CLI header),I386,WindowsGui,2003-06-05 00:41:16,"2.1-PTF4, Build 12999",2.1-PTF4,Centura Software Corporation,Centura Team Developer,GTLSI21,Copyright © 2001 Centura Software Corporation,,,,,,,
ECS-ST-TSPLUS:TDev,<raiz>\TD21,gtools30.dll,.dll,130688,2001-10-15 08:20:56,16216e994d145fae56e379bedd6f7e9a660de8578d2f1abccef1a402068b8c31,nao-PE / formato desconhecido,,,,3.0.1.E,3.0.1.E,Gupta Corporation,Quest,GTITOOLS,Copyright © 1989-1994,,,,,,,
ECS-ST-TSPLUS:TDev,<raiz>\TD21,imgman32.dll,.dll,304128,2003-06-04 17:16:44,c029038d83213df0075b02c7d7863a622c7841407ce201c83753815faf74fb25,nativo (PE sem CLI header),I386,WindowsGui,1998-08-19 17:42:57,6.01.00,6.01.00,"Data Techniques, Inc.",ImageMan Image Processing Toolkit,ImageMan API DLL,"Copyright © Data Techniques, Inc. 1992-95",,,,,,,
ECS-ST-TSPLUS:TDev,<raiz>\TD21,imhost32.dll,.dll,59392,2003-06-04 17:16:44,3b465734e595722d3d467cec786cf53e96666c93acb7e8b8c7348f4a5214c1e6,nativo (PE sem CLI header),I386,WindowsGui,1998-08-19 14:56:27,6.01.00,6.01.00,"Data Techniques, Inc.",ImageMan Image Processing Toolkit,ImageMan Plug-In Host DLL,"Copyright © Data Techniques, Inc. 1992-95",,,,,,,
ECS-ST-TSPLUS:TDev,<raiz>\TD21,maili21.dll,.dll,131072,2003-06-04 21:24:48,07b3c3cab7790bac021e786f3805127761850af71eb4566486fc0ef21d343aad,nativo (PE sem CLI header),I386,WindowsGui,2003-06-05 01:24:47,"2.1-PTF4, Build 12999",2.1-PTF4,Centura Software Corporation,Centura Team Developer,MAILI21,Copyright © 2001 Centura Software Corporation,,,,,,,
ECS-ST-TSPLUS:TDev,<raiz>\TD21,mimg21.dll,.dll,630784,2015-06-03 10:55:00,ab6412997123466838cc65760a5f1ccec1cfc6efcf3c0e2c9c8c180d5a006e9b,nativo (PE sem CLI header),I386,WindowsCui,2015-06-03 09:48:27,2.5.5.0,2.5.5.0,MICSTO,M!Image,M!Image for Gupta Team Developer,Copyright © 2002 - 2015 Michael Stoll,,,,,,,
ECS-ST-TSPLUS:TDev,<raiz>\TD21,mtbl21.dll,.dll,409600,2015-06-09 08:50:14,701a7a25a50d4c35c638885a3ea0b8593d82d1900347071d053f551cdf357b98,nativo (PE sem CLI header),I386,WindowsCui,2015-06-09 08:50:14,2.1.4.0,2.1.4,MICSTO,M!Table,M!Table for Gupta Team Developer,Copyright © 2002 - 2015 Michael Stoll,,,,,,,
ECS-ST-TSPLUS:TDev,<raiz>\TD21,mtblee21.dll,.dll,112128,2015-06-09 09:53:59,a9a2d0043c8d618767eba3c06e919e6a537c553ff5a67bc88c5ed0476424b8a3,nativo (PE sem CLI header),I386,WindowsGui,2015-06-09 09:53:59,2.1.3,2.1.3,MICSTO,M!Table,M!Table external application export module for Gupta Team Developer,Copyright © 2002 - 2013 Michael Stoll,,,,,,,
ECS-ST-TSPLUS:TDev,<raiz>\TD21,mtblpr21.dll,.dll,625152,2015-06-03 13:01:18,9f2d9ef514fb49dfe67702c12ec2aaecc33452873e936ad0b8103f51d342e37b,nativo (PE sem CLI header),I386,WindowsGui,1992-06-19 22:22:17,2.1.4,2.1.4,MICSTO,M!Table,M!Table print module for Gupta Team Developer,Copyright © 2002 - 2015 Michael Stoll,,,,,,,
ECS-ST-TSPLUS:TDev,<raiz>\TD21,odbsal32.dll,.dll,32768,2003-06-04 22:05:48,b505883d717d89acf193fbc811cb03462458cfc822ed53c352caf4fe3c90d481,nativo (PE sem CLI header),I386,WindowsGui,2003-06-05 02:05:47,"2.1-PTF4, Build 13004",2.1-PTF4,Centura Software Corporation,Centura Team Developer,SQLRouter/ODBC SAL Add-On Library,Copyright © 2001 Centura Software Corporation,,,,,,,
ECS-ST-TSPLUS:TDev,<raiz>\TD21,qcdki21.dll,.dll,24576,2003-06-04 21:28:12,f3966a0cb61fd5a0a47805f9767b1bacb13e10f9b50fef3b32fc4ae0b89afc24,nativo (PE sem CLI header),I386,WindowsGui,2003-06-05 01:28:11,"2.1-PTF4, Build 12999",2.1-PTF4,Centura Software Corporation,Centura Team Developer,QCDKI21,Copyright © 2001 Centura Software Corporation,,,,,,,
ECS-ST-TSPLUS:TDev,<raiz>\TD21,qdlgi21.dll,.dll,131072,2003-06-04 21:26:38,d6a887e0dbeceb7cc84ae862c383e0e388dc7c51671c29422e946b4bbabacd02,nativo (PE sem CLI header),I386,WindowsGui,2003-06-05 01:26:36,"2.1-PTF4, Build 12999",2.1-PTF4,Centura Software Corporation,Centura Team Developer,QDLGI21,Copyright © 2001 Centura Software Corporation,,,,,,,
ECS-ST-TSPLUS:TDev,<raiz>\TD21,qgphi21.dll,.dll,561152,2003-06-04 21:26:16,a16440e539f498aecec832ac5daf1b6979fc8e1c11903fa416ee0d132e1080ce,nativo (PE sem CLI header),I386,WindowsGui,2003-06-05 01:26:14,"2.1-PTF4, Build 12999",2.1-PTF4,Centura Software Corporation,Centura Team Developer,QGPHI21,Copyright © 2001 Centura Software Corporation,,,,,,,
ECS-ST-TSPLUS:TDev,<raiz>\TD21,qrpti21.dll,.dll,372736,2001-10-23 15:34:28,22558d3f7a26f65c78554647846e7466912b164a04ce1bdc188b1ea301b49a02,nativo (PE sem CLI header),I386,WindowsGui,2001-10-23 20:34:26,"2.1, Build 12987",2.1,Centura Software Corporation,Centura Quick Report,Quick Report,Copyright © 2001 Centura Software Corporation,,,,,,,
ECS-ST-TSPLUS:TDev,<raiz>\TD21,qtabi21.dll,.dll,106496,2003-06-04 21:27:22,a7c33e46d6d95cca9e9d3a9a578365e946087cb7a2ba9c6cd4ec883d21f28e8e,nativo (PE sem CLI header),I386,WindowsGui,2003-06-05 01:27:20,"2.1-PTF4, Build 12999",2.1-PTF4,Centura Software Corporation,Centura Team Developer,QTABI21,Copyright © 2001 Centura Software Corporation,,,,,,,
ECS-ST-TSPLUS:TDev,<raiz>\TD21,qtbli21.dll,.dll,143360,2003-06-04 21:27:32,87c0adfaa2b7e0532a9863fa11a761ccf71ce34593b19403f0656091ddd81540,nativo (PE sem CLI header),I386,WindowsGui,2003-06-05 01:27:31,"2.1-PTF4, Build 12999",2.1-PTF4,Centura Software Corporation,Centura Team Developer,QTBLI21,Copyright © 2001 Centura Software Corporation,,,,,,,
ECS-ST-TSPLUS:TDev,<raiz>\TD21,qvisi21.dll,.dll,188416,2003-06-04 21:28:00,ca4703a72d93993d32a8ab7fdfed0140674fe1d931536093c25257ea5b1155b5,nativo (PE sem CLI header),I386,WindowsGui,2003-06-05 01:27:59,"2.1-PTF4, Build 12999",2.1-PTF4,Centura Software Corporation,Centura Team Developer,QVISI21,Copyright © 2001 Centura Software Corporation,,,,,,,
ECS-ST-TSPLUS:TDev,<raiz>\TD21,qwaxi21.dll,.dll,626688,2003-06-04 21:30:40,f2a78aec4b949d22523195fb6795f3942b45dcb13d5fcb55649c0c713eca05cf,nativo (PE sem CLI header),I386,WindowsGui,2003-06-05 01:30:38,"2.1-PTF4, Build 12999",2.1-PTF4,Centura Software Corporation,Centura Team Developer,Web Access QuickObjects,Copyright © 2001 Centura Software Corporation,,,,,,,
ECS-ST-TSPLUS:TDev,<raiz>\TD21,rdwi21.dll,.dll,1249280,2003-06-04 21:17:32,77bd71cf8d3ac6f0eaf233c54798f2511de188614df63c76a89ee7454e1f0de8,nativo (PE sem CLI header),I386,WindowsGui,2003-06-05 01:17:29,"2.1-PTF4, Build 12999",2.1-PTF4,Centura Software Corporation,Centura Team Developer,RDWI21,Copyright © 2001 Centura Software Corporation,,,,,,,
ECS-ST-TSPLUS:TDev,<raiz>\TD21,snumi21.dll,.dll,28672,2003-06-04 20:44:08,3f8c293250aed334c38ebf2704bc07e0c8a0034591990a9f7e7ef993396a0691,nativo (PE sem CLI header),I386,WindowsGui,2003-06-05 00:44:07,"2.1-PTF4, Build 12999",2.1-PTF4,Centura Software Corporation,Centura Team Developer,SNUMI21,Copyright © 2001 Centura Software Corporation,,,,,,,
ECS-ST-TSPLUS:TDev,<raiz>\TD21,sqlngci.dll,.dll,90624,2003-06-04 17:16:50,92ac1ba0e0f75be21c8cc620defdeb1aece56255281b1f2834dd54ffad449d52,nativo (PE sem CLI header),I386,WindowsGui,2001-08-14 14:21:39,7.6.1 Build 12907,7.6.1,Centura Software,Centura SQLBase,SQLNGCI,Copyright © 2001 Centura Software,,,,,,,
ECS-ST-TSPLUS:TDev,<raiz>\TD21,sqlwntm.dll,.dll,397824,2003-06-04 17:16:50,1ac1cc67a5e2a1d1ff5541b3c412c040fa7a3cb813ca0d9d46352cd875798244,nativo (PE sem CLI header),I386,WindowsGui,2001-08-14 14:21:44,7.6.1 M Build 12907,7.6.1,Centura Software,Centura SQLBase,SQLWNTM,Copyright © 2001 Centura Software,,,,,,,
ECS-ST-TSPLUS:TDev,<raiz>\TD21,srvci21.dll,.dll,290816,2003-06-04 20:44:32,9d2737fe451ac83199104019136b42371314e33e970451bbfaa12f6773c16a2d,nativo (PE sem CLI header),I386,WindowsGui,2003-06-05 00:44:31,"2.1-PTF4, Build 12999",2.1-PTF4,Centura Software Corporation,Centura Team Developer,SRVCI21,Copyright © 2001 Centura Software Corporation,,,,,,,
ECS-ST-TSPLUS:TDev,<raiz>\TD21,ssti21.dll,.dll,36864,2003-06-04 20:44:44,75149ab6378e0a359b109ce30c2664a50d30550faa6956ca54e0b3e84b742d43,nativo (PE sem CLI header),I386,WindowsGui,2003-06-05 00:44:42,"2.1-PTF4, Build 12999",2.1-PTF4,Centura Software Corporation,Centura Team Developer,SSTI21,Copyright © 2001 Centura Software Corporation,,,,,,,
ECS-ST-TSPLUS:TDev,<raiz>\TD21,strci21.dll,.dll,24576,2003-06-04 22:06:26,3f88cf86092ccbdb6156cc8b668fbd95a355e644bd30e2786f6177c1ad23f3b4,nativo (PE sem CLI header),I386,WindowsGui,2003-06-05 02:06:24,"2.1-PTF4, Build 12999",2.1-PTF4,Centura Software Corporation,Centura Team Developer,STRCI21,Copyright © 2001 Centura Software Corporation,,,,,,,
ECS-ST-TSPLUS:TDev,<raiz>\TD21,swbdi21.dll,.dll,20480,2003-06-04 21:28:06,2a6b610570bb92cd288939945b92156c73139f98d39d567576580f414f3a0e74,nativo (PE sem CLI header),I386,WindowsGui,2003-06-05 01:28:04,,,,,,,,,,,,,
ECS-ST-TSPLUS:TDev,<raiz>\TD21,tabli21.dll,.dll,200704,2003-06-04 20:43:14,0c2462fb3b60c4df2507368f6ccb9041683113ddca36f195cf5129b1cd99db2d,nativo (PE sem CLI header),I386,WindowsGui,2003-06-05 00:43:12,"2.1-PTF4, Build 12999",2.1-PTF4,Centura Software Corporation,Centura Team Developer,TABLI21,Copyright © 2001 Centura Software Corporation,,,,,,,
ECS-ST-TSPLUS:TDev,<raiz>\TD21,vrtc_SyncQrp11.exe,.exe,3548299,2023-12-15 18:25:48,32e30e258489214f1392d05e8825c043cbdbc161532c706a6b33afb05763f800,nativo (PE sem CLI header),I386,WindowsGui,2003-06-05 01:00:07,,,,,,,,,,,,,
ECS-ST-TSPLUS:TDev,<raiz>\TD21,vrtc_SyncQrp11.zip,.zip,2186122,2023-12-12 19:57:26,,outro,,,,,,,,,,,,,,,,SHA256 nao calculado (extensao fora da lista)
ECS-ST-TSPLUS:TDev,<raiz>\TD21,vrtc_SyncQrp11_Apenas Testar dlls 21.exe,.exe,3522206,2023-12-13 12:57:32,29bf093551fb96acc8b00dbe3f880dae5dc7b547ac3c28eb634cb23dc1b04315,nativo (PE sem CLI header),I386,WindowsGui,2003-06-05 01:00:07,,,,,,,,,,,,,
ECS-ST-TSPLUS:TDev,<raiz>\TD21,vrtc_SyncQrp_NF_11.exe,.exe,3538241,2023-04-14 19:23:54,c20f6f58f508ae6b4ba33d185b7252498ce35c42235433fb4d96e1c6084b092a,nativo (PE sem CLI header),I386,WindowsGui,2003-06-05 01:00:07,,,,,,,,,,,,,
ECS-ST-TSPLUS:TDev,<raiz>\TD21,vti21.dll,.dll,495616,2003-06-04 21:10:42,d409c073e64e45f7c931528276dd3e4dfe955ddcd6fa1ca696117d19fcf4619b,nativo (PE sem CLI header),I386,WindowsGui,2003-06-05 01:10:39,"2.1-PTF4, Build 12999",2.1-PTF4,Centura Software Corporation,Centura Team Developer,Visual Toolchest Library,Copyright © 2001 Centura Software Corporation,,,,,,,
ECS-ST-TSPLUS:TDev,<raiz>\utl,gptdodbu32.dll,.dll,300536,2021-01-21 19:28:46,fc600f2fdf458d782ba1069d1595469701c6713e8b6aace215b0183aa95fd99b,nativo (PE sem CLI header),I386,WindowsGui,2021-01-21 23:59:37,"7.3.4, Build 64934",7.3.4,Open Text Corporation,Team Developer,SQLRouter/GUPTA ODBC ROUTER,Copyright © 2021 Open Text. All Rights Reserved.,,,,,,,
ECS-ST-TSPLUS:TDev,<raiz>\utl,JDE_010_Índice_de_Cobertura_de_Carteira_por_Potencial.qvw,.qvw,3609,2025-01-24 13:16:40,,view/consulta Vortice,,,,,,,,,,,,,,,,SHA256 nao calculado (extensao fora da lista)
ECS-ST-TSPLUS:TDev,<raiz>\utl,odbsal32.dll,.dll,17400,2021-01-21 19:28:46,372ee316dd68272c0a421d0ac467d44e47f8cbe36689c86edc791751fc6b2abd,nativo (PE sem CLI header),I386,WindowsGui,2021-01-22 00:13:10,"7.3.4, Build 64934",7.3.4,Open Text Corporation,Team Developer,SQLRouter/ODBC SAL Add-On Library,Copyright © 2021 Open Text. All Rights Reserved.,,,,,,,
ECS-ST-TSPLUS:TDev,<raiz>\utl,SyncMagic.exe,.exe,4845710,2024-03-13 13:17:44,5d5bb5d94f16ca71bab54f8b38de28f222060919a609c76bc20d11f3b5184f25,nativo (PE sem CLI header),I386,WindowsGui,2021-01-22 00:04:40,,,,,,,,,,,,,
ECS-ST-TSPLUS:TDev,<raiz>\utl,vaReplace.exe,.exe,268429,2024-10-25 18:48:46,8e0106ee917d78918ed2b535168d89132065e0b41b56080eee5552f5cca96e4c,nativo (PE sem CLI header),I386,WindowsGui,2021-01-22 00:04:40,4.03.01,4.03.01,Vórtice Sistemas,vaReplace,Replicador de arquivos entre diretórios,Vórtice Sistemas Ltda,,,,,,,
ECS-ST-TSPLUS:TDev,<raiz>\utl,vaReplace.ini,.ini,1946,2023-06-05 18:01:46,ac46306095eb7c175ac90573bf590a249a856ec5a4572e0166857deeab953d2d,configuracao,,,,,,,,,,,,,,,,
ECS-ST-TSPLUS:TDev,<raiz>\utl,vaSqlTalk_temp.sql,.sql,4103,2024-05-16 18:33:50,0c20083b982e3890579cc824340eb86529bbaea631d5f0c5a0c571cc9e70a617,script SQL,,,,,,,,,,,,,,,,
ECS-ST-TSPLUS:TDev,<raiz>\utl,vCRM_AjusteReqFormulario_401.exe,.exe,6946758,2023-09-15 17:33:15,7e448d662434eb1e362ea15dba45850117e221270d1721dc85b633310d7baaf7,nativo (PE sem CLI header),I386,WindowsGui,2021-01-22 00:04:40,,,,,,,,,,,,,
ECS-ST-TSPLUS:TDev,<raiz>\utl,vCRM_ImportListaPessoa.exe,.exe,7165978,2024-12-03 17:12:31,5d8d059c1c2305a95377477b213ae6551dedcba8560637028bf37ee5d534ad6e,nativo (PE sem CLI header),I386,WindowsGui,2021-01-22 00:04:40,,,,,,,,,,,,,
ECS-ST-TSPLUS:TDev,<raiz>\utl,Vortice Teste SendEmail SMTP.exe,.exe,3800449,2022-05-11 17:25:47,6a1beca7af3ae3d258d62d7fcd94977804eb8527b6772bdcefc8a3e8339e51e2,nativo (PE sem CLI header),I386,WindowsGui,2021-01-22 00:04:40,,,,,,,,,,,,,
ECS-ST-TSPLUS:TDev,<raiz>\utl,vQueryBuilder.exe,.exe,4649283,2024-10-15 21:06:16,c76a961e74c5cffcfff0631f3b4a47e1737f3c42153c160baace5157aaee7acc,nativo (PE sem CLI header),I386,WindowsGui,2021-01-22 00:04:40,3.7.0.00,3.70,Vórtice Sistemas,Vórtico Query Builder,,Vórtice Sistemas Ltda,,,,,,,
ECS-ST-TSPLUS:TDev,<raiz>\utl,vQueryExec.exe,.exe,4496606,2025-04-22 12:40:49,86a0ef9b60c3fe17da5edf3c0c890db1b7eedf3339a51dd25908e9033fbcc30e,nativo (PE sem CLI header),I386,WindowsGui,2021-01-22 00:04:40,3.7.0.001,3.70,Vórtice Sistemas,Vórtico Query Execute,,Vórtice Sistemas Ltda,,,,,,,
ECS-ST-TSPLUS:TDev,<raiz>\utl,vQuerySetup.exe,.exe,4385640,2025-04-22 12:41:33,82b2bd59122e874dff3b4109486d83b930dacd788d070d2bd31ee124c29536b5,nativo (PE sem CLI header),I386,WindowsGui,2021-01-22 00:04:40,5.2.0.001,5.2.00,Vórtice Sistemas,Vórtico Query S_e_t_u_p,,Vórtice Sistemas Ltda,,,,,,,
ECS-ST-TSPLUS:TDev,<raiz>\utl,vQueryShow.exe,.exe,4707639,2025-05-14 17:51:51,960cc6ef8449524dfc5e469da12ef6bcd2bba32bad7f7b084884e8806ade89ae,nativo (PE sem CLI header),I386,WindowsGui,2021-01-22 00:04:40,3.7.0.001,3.70,Vórtice Sistemas,Vórtico Query Show,,Vórtice Sistemas Ltda,,,,,,,
ECS-ST-TSPLUS:TDev,<raiz>\utl,vQueryShow.exe.novissimo,.novissimo,4694481,2025-04-22 20:37:34,,outro,,,,,,,,,,,,,,,,SHA256 nao calculado (extensao fora da lista)
ECS-ST-TSPLUS:TDev,<raiz>\utl,vQueryShow.exe.old,.old,4589416,2024-10-15 21:05:59,,outro,,,,,,,,,,,,,,,,SHA256 nao calculado (extensao fora da lista)
ECS-ST-TSPLUS:TDev,<raiz>\utl,vQueryShow.exe.old2,.old2,4632823,2025-03-28 19:02:27,,outro,,,,,,,,,,,,,,,,SHA256 nao calculado (extensao fora da lista)
ECS-ST-TSPLUS:TDev,<raiz>\utl,vQueryShow.exe.SINCRONIZA,.SINCRONIZA,4707528,2025-05-13 20:10:00,,outro,,,,,,,,,,,,,,,,SHA256 nao calculado (extensao fora da lista)
ECS-ST-TSPLUS:TDev,<raiz>\utl,vQueryShow.exe.ULTIMA,.ULTIMA,4694672,2025-04-22 12:33:50,,outro,,,,,,,,,,,,,,,,SHA256 nao calculado (extensao fora da lista)
ECS-ST-TSPLUS:TDev,<raiz>\utl,vQueryShow.exe.UltimaVersaoAntesImagem,.UltimaVersaoAntesImagem,4638953,2025-03-28 19:19:17,,outro,,,,,,,,,,,,,,,,SHA256 nao calculado (extensao fora da lista)
ECS-ST-TSPLUS:TDev,<raiz>\utl,vQueryShowBoard.exe,.exe,4348454,2023-04-14 19:40:20,2039a77969f8e727611158e53a7eacffa7167c5819482b3ad6e93894ef1b3291,nativo (PE sem CLI header),I386,WindowsGui,2021-01-22 00:04:40,,,,,,,,,,,,,
ECS-ST-TSPLUS:TDev,<raiz>\utl,vQuerySyncQrp73.exe,.exe,4422935,2025-04-22 12:42:15,135d60e8451b1c370a12824b86b07cb39fc368fb565169fb17e10f0ab4a15eb9,nativo (PE sem CLI header),I386,WindowsGui,2021-01-22 00:04:40,,,,,,,,,,,,,
ECS-ST-TSPLUS:TDev,<raiz>\utl,vQueryViewer.exe,.exe,7234597,2025-04-22 12:42:34,64ee8c04df24bfc639c40fe417f004564daa32524a7c23e63678a511d0f37387,nativo (PE sem CLI header),I386,WindowsGui,2021-01-22 00:04:40,3.7.0.001,3.70,Vórtice Sistemas,Vórtico Query Viewer,,Vórtice Sistemas Ltda,,,,,,,
ECS-ST-TSPLUS:TDev,<raiz>\utl,VRTC_TestaConexao_4x_Config_ini.exe,.exe,3845655,2024-05-15 14:26:42,f98e3b915a02bfd58d46284f33189f6748da77f64029edb37969182256b2c4c0,nativo (PE sem CLI header),I386,WindowsGui,2021-01-22 00:04:40,,,,,,,,,,,,,
ECS-ST-TSPLUS:TDev,<raiz>\utl,VRTC_TesteConexao_4x_Direta.exe,.exe,4021449,2024-05-15 13:51:06,a7b77ea143a50d3f318d1700a3cc6ee16ad9b191ddcc18ed3e60f8918e3851be,nativo (PE sem CLI header),I386,WindowsGui,2021-01-22 00:04:40,,,,,,,,,,,,,
ECS-ST-TSPLUS:TDev,<raiz>\utl,vSqlTalk_7.exe,.exe,4729369,2025-07-02 18:02:35,1e7dfeea4f2ed512ea81c1b368a4a5ce0d90b3fe4a08297e4b318895301cc45b,nativo (PE sem CLI header),I386,WindowsGui,2021-01-22 00:04:40,,,,,,,,,,,,,
ECS-ST-TSPLUS:TDev,<raiz>\utl,vSqlTalk_Usr.exe,.exe,4632185,2025-04-08 17:52:41,d6f31f31d85418f5e8842adeefe228bdbae4be26dbc7810e976460bc0d5409bc,nativo (PE sem CLI header),I386,WindowsGui,2021-01-22 00:04:40,,,,,,,,,,,,,
ECS-ST-TSPLUS:TDev,<raiz>\app\Versões antigas,GES_Seguranca_old.exe,.exe,8284378,2025-04-09 17:13:21,6ca03640e6528f2ab5b32a1e786a558f3cec82343f5d19b4ef85a645ffcc2559,nativo (PE sem CLI header),I386,WindowsGui,2021-01-22 00:04:40,,,,,,,,,,,,,
ECS-ST-TSPLUS:TDev,<raiz>\app\Versões antigas,vCRM_Config_OLD.exe,.exe,10512910,2025-12-12 19:16:52,85dd4bcfefbdb7094637fccce21e27785fad6cccb549609fb76d6b2b48cd4c5d,nativo (PE sem CLI header),I386,WindowsGui,2021-01-22 00:04:40,4.01.00,4.01,Vórtice Sistemas Ltda,Vórtico CRM,Vórtico Configurador,Vórtice Sistemas Ltda 2021,,,,,,,
ECS-ST-TSPLUS:TDev,<raiz>\app\Versões antigas,vCRM_Super_OLD.exe,.exe,12131973,2025-12-10 10:28:14,b7bd6aa0afa45a0cbc63ebb3a87244815d8fff1a665b7f528b0fa7ed3325bc42,nativo (PE sem CLI header),I386,WindowsGui,2021-01-22 00:04:40,4.03.00,4.03,Vórtice Sistemas Ltda,Vórtico CRM,CRM and Workflow software,Vórtice Sistemas Ltda 2024,,,,,,,
ECS-ST-TSPLUS:TDev,<raiz>\qrp\Qualificação,JDE_001_Origens de Receita e Frota do Cliente.qvw,.qvw,3490,2013-07-18 17:52:18,,view/consulta Vortice,,,,,,,,,,,,,,,,SHA256 nao calculado (extensao fora da lista)
ECS-ST-TSPLUS:TDev,<raiz>\qrp\Qualificação,JDE_002_Potencial dos Clientes.qvw,.qvw,3050,2013-07-18 17:52:39,,view/consulta Vortice,,,,,,,,,,,,,,,,SHA256 nao calculado (extensao fora da lista)
ECS-ST-TSPLUS:TDev,<raiz>\qrp\Qualificação,JDE_003_Listar clientes das carteiras.qvw,.qvw,1137,2013-07-18 17:51:59,,view/consulta Vortice,,,,,,,,,,,,,,,,SHA256 nao calculado (extensao fora da lista)
ECS-ST-TSPLUS:TDev,<raiz>\qrp\Qualificação,JDE_009_Indice de Visitas & Contatos por Periodo.qvw,.qvw,4272,2013-07-18 17:51:49,,view/consulta Vortice,,,,,,,,,,,,,,,,SHA256 nao calculado (extensao fora da lista)
ECS-ST-TSPLUS:TDev,<raiz>\qrp\Qualificação,JDE_010_Indice de Cobertura de Carteira.qvw,.qvw,3859,2013-07-18 17:50:55,,view/consulta Vortice,,,,,,,,,,,,,,,,SHA256 nao calculado (extensao fora da lista)
ECS-ST-TSPLUS:TDev,<raiz>\qrp\Qualificação,JDE_011_Indice de Cobertura de Carteira por Cidade.qvw,.qvw,3497,2013-07-18 17:51:06,,view/consulta Vortice,,,,,,,,,,,,,,,,SHA256 nao calculado (extensao fora da lista)
ECS-ST-TSPLUS:TDev,<raiz>\qrp\Qualificação,JDE_012_Origens de Receitas por Cidades.qvw,.qvw,1411,2013-07-18 17:52:30,,view/consulta Vortice,,,,,,,,,,,,,,,,SHA256 nao calculado (extensao fora da lista)
ECS-ST-TSPLUS:TDev,<raiz>\qrp\Qualificação,JDE_013_Cidades por Origens de Receitas.qvw,.qvw,2790,2013-07-18 17:50:36,,view/consulta Vortice,,,,,,,,,,,,,,,,SHA256 nao calculado (extensao fora da lista)
ECS-ST-TSPLUS:TDev,<raiz>\qrp\Qualificação,JDE_015_Indice de Qualificacao de Clientes.qvw,.qvw,4188,2013-07-18 17:51:16,,view/consulta Vortice,,,,,,,,,,,,,,,,SHA256 nao calculado (extensao fora da lista)
ECS-ST-TSPLUS:TDev,<raiz>\qrp\Vendas,FRM_045_Formulario Comissao AMS.qrp,.qrp,26363,2019-07-09 15:07:53,,relatorio Gupta Report Builder,,,,,,,,,,,,,,,,SHA256 nao calculado (extensao fora da lista)
ECS-ST-TSPLUS:TDev,<raiz>\qrp\Vendas,JDE_012_Origens de Receitas por Cidades.qvw,.qvw,1411,2013-07-18 17:55:21,,view/consulta Vortice,,,,,,,,,,,,,,,,SHA256 nao calculado (extensao fora da lista)
ECS-ST-TSPLUS:TDev,<raiz>\qrp\Vendas,JDE_101x_Análise_da_Carteira_de_Pedidos.qvw,.qvw,6679,2024-03-13 18:27:40,,view/consulta Vortice,,,,,,,,,,,,,,,,SHA256 nao calculado (extensao fora da lista)
ECS-ST-TSPLUS:TDev,<raiz>\qrp\Vendas,JDE_101_Analise da Carteira de Pedidos.qvw,.qvw,4163,2013-07-18 17:54:22,,view/consulta Vortice,,,,,,,,,,,,,,,,SHA256 nao calculado (extensao fora da lista)
ECS-ST-TSPLUS:TDev,<raiz>\qrp\Vendas,JDE_102_Analise de oportunidades no periodo.qvw,.qvw,5655,2013-07-18 17:54:41,,view/consulta Vortice,,,,,,,,,,,,,,,,SHA256 nao calculado (extensao fora da lista)
ECS-ST-TSPLUS:TDev,<raiz>\qrp\Vendas,JDE_103_Venda perdida - Motivos.qvw,.qvw,3040,2013-07-18 17:55:33,,view/consulta Vortice,,,,,,,,,,,,,,,,SHA256 nao calculado (extensao fora da lista)
ECS-ST-TSPLUS:TDev,<raiz>\qrp\Vendas,JDE_104_Analise de duracao das fases das vendas.qvw,.qvw,1930,2013-07-18 17:54:32,,view/consulta Vortice,,,,,,,,,,,,,,,,SHA256 nao calculado (extensao fora da lista)
ECS-ST-TSPLUS:TDev,<raiz>\qrp\Vendas,JDE_105_Demonstracoes realizadas no periodo.qvw,.qvw,4989,2013-07-18 17:55:11,,view/consulta Vortice,,,,,,,,,,,,,,,,SHA256 nao calculado (extensao fora da lista)
ECS-ST-TSPLUS:TDev,<raiz>\qrp\Vendas,JDE_111X_Analise Financeira.qvw,.qvw,7690,2013-07-18 17:54:50,,view/consulta Vortice,,,,,,,,,,,,,,,,SHA256 nao calculado (extensao fora da lista)
ECS-ST-TSPLUS:TDev,<raiz>\qrp\Vendas,JDE_111_Analise Financeira.qvw,.qvw,5241,2013-07-18 17:55:00,,view/consulta Vortice,,,,,,,,,,,,,,,,SHA256 nao calculado (extensao fora da lista)
ECS-ST-TSPLUS:TDev,<raiz>\ReportBuilder 11\Guardar,gsw32.exe,.exe,392192,1996-11-27 18:00:00,ef64083fea2c50553fe67465c1a9fd681aee2e35f52db4bf37dd3700c04f36f1,nativo (PE sem CLI header),I386,WindowsGui,1996-05-20 11:01:46,4.50.0000,4.50.0000,Bits Per Second Ltd,Graphics Server,Graphics Server,Copyright© Bits Per Second Ltd 1991-1996,,,,,,,
ECS-ST-TSPLUS:TDev,<raiz>\ReportBuilder 11\Guardar,qgphi11.dll,.dll,708608,1997-04-02 22:28:40,e5ea608092e2ee462287702bdac91fc4e97c7c44d4859cc644941372ab29a697,nativo (PE sem CLI header),I386,WindowsGui,1997-04-02 22:45:15,1.1.0-PTF2 Build 10881,1.1.0-PTF2,Centura Software Corporation,Centura Team Developer,QGRAPH,Copyright © 1996 Centura Software Corporation,,,,,,,
ECS-ST-TSPLUS:TDev,<raiz>\TmpDoc\AMANDA_FELTRIN,Copia_76919_CHECK_LIST_PRE_ENTREGA___proc__1619467.pdf,.pdf,1230583,2026-08-28 13:33:34,,outro,,,,,,,,,,,,,,,,SHA256 nao calculado (extensao fora da lista)
ECS-ST-TSPLUS:TDev,<raiz>\TmpDoc\AMANDA_FELTRIN,Copia_76957_CHECK_LIST_PRE_ENTREGA___proc__1619467.pdf,.pdf,1218295,2026-08-28 13:33:40,,outro,,,,,,,,,,,,,,,,SHA256 nao calculado (extensao fora da lista)
ECS-ST-TSPLUS:TDev,<raiz>\TmpDoc\ATAERNESON_SILVA,Copia_75417_NF_MAQ_IMPLEMENTO___proc__1602558.pdf,.pdf,114563,2026-08-27 11:28:58,,outro,,,,,,,,,,,,,,,,SHA256 nao calculado (extensao fora da lista)
ECS-ST-TSPLUS:TDev,<raiz>\TmpDoc\FERNANDO_MELO,Copia_76880_CHECK_LIST_PRE_ENTREGA___proc__1619176.pdf,.pdf,412016,2026-08-26 20:07:26,,outro,,,,,,,,,,,,,,,,SHA256 nao calculado (extensao fora da lista)
ECS-ST-TSPLUS:TDev,<raiz>\TmpDoc\FRANCIELI_GOULART,Copia_76716_NF_MAQ_IMPLEMENTO___proc__1615194.pdf,.pdf,113713,2026-08-28 12:08:40,,outro,,,,,,,,,,,,,,,,SHA256 nao calculado (extensao fora da lista)
ECS-ST-TSPLUS:TDev,<raiz>\TmpDoc\FRANCIELI_GOULART,Copia_76856_AUTORIZACAO_DE_FATURAMENTO_FY25___proc__1575080.pdf,.pdf,4343178,2026-08-28 12:46:00,,outro,,,,,,,,,,,,,,,,SHA256 nao calculado (extensao fora da lista)
ECS-ST-TSPLUS:TDev,<raiz>\TmpDoc\FRANCIELI_GOULART,Copia_76911_NF_MAQ_IMPLEMENTO___proc__1575080.pdf,.pdf,115168,2026-08-28 12:45:40,,outro,,,,,,,,,,,,,,,,SHA256 nao calculado (extensao fora da lista)
ECS-ST-TSPLUS:TDev,<raiz>\TmpDoc\GABRIELLE_RODRIGUES,Copia_73965_NF_Demonstracao___proc__1574386.pdf,.pdf,115437,2026-08-28 13:35:42,,outro,,,,,,,,,,,,,,,,SHA256 nao calculado (extensao fora da lista)
ECS-ST-TSPLUS:TDev,<raiz>\TmpDoc\GABRIELLE_RODRIGUES,Copia_74134_NF_Retorno_Demonstracao___proc__1574386.pdf,.pdf,35641,2026-08-28 13:22:42,,outro,,,,,,,,,,,,,,,,SHA256 nao calculado (extensao fora da lista)
ECS-ST-TSPLUS:TDev,<raiz>\TmpDoc\GABRIELLE_RODRIGUES,Copia_74149_NF_Demonstracao___proc__1599694.pdf,.pdf,114802,2026-08-28 12:58:58,,outro,,,,,,,,,,,,,,,,SHA256 nao calculado (extensao fora da lista)
ECS-ST-TSPLUS:TDev,<raiz>\TmpDoc\GABRIELLE_RODRIGUES,Copia_74513_NF_Demonstracao___proc__1603997.pdf,.pdf,114370,2026-08-28 13:41:22,,outro,,,,,,,,,,,,,,,,SHA256 nao calculado (extensao fora da lista)
ECS-ST-TSPLUS:TDev,<raiz>\TmpDoc\JULIANA_LAUREANO,Copia_76302_AUTORIZACAO_DE_FATURAMENTO_FY25___proc__1524580.pdf,.pdf,83934,2026-08-28 11:06:50,,outro,,,,,,,,,,,,,,,,SHA256 nao calculado (extensao fora da lista)
ECS-ST-TSPLUS:TDev,<raiz>\TmpDoc\JULIANA_LAUREANO,Copia_76914_Pedido_JD_Quote__Assinado____proc__1524580.pdf,.pdf,333337,2026-08-28 11:06:44,,outro,,,,,,,,,,,,,,,,SHA256 nao calculado (extensao fora da lista)
ECS-ST-TSPLUS:TDev,<raiz>\TmpDoc\JULIANA_LAUREANO,Copia_76915_AUTORIZACAO_DE_FATURAMENTO_FY25___proc__1615716.pdf,.pdf,99121,2026-08-28 11:19:00,,outro,,,,,,,,,,,,,,,,SHA256 nao calculado (extensao fora da lista)
ECS-ST-TSPLUS:TDev,<raiz>\TmpDoc\KALIDA_ALVES,Copia_76446_CHECK_LIST_PRE_ENTREGA___proc__1610336.pdf,.pdf,516998,2026-08-28 13:16:46,,outro,,,,,,,,,,,,,,,,SHA256 nao calculado (extensao fora da lista)
ECS-ST-TSPLUS:TDev,<raiz>\TmpDoc\KALIDA_ALVES,Copia_76525_FORM_ENTREGA___proc__1518851.pdf,.pdf,139380,2026-08-28 13:16:40,,outro,,,,,,,,,,,,,,,,SHA256 nao calculado (extensao fora da lista)
ECS-ST-TSPLUS:TDev,<raiz>\TmpDoc\LAYNE_SOUZA,Copia_76913_E_mail_de_Aprovacao_Credito___proc__1592729.pdf,.pdf,351854,2026-08-28 12:40:40,,outro,,,,,,,,,,,,,,,,SHA256 nao calculado (extensao fora da lista)
ECS-ST-TSPLUS:TDev,<raiz>\TmpDoc\LORENA_TAVARES,Copia_76274_NF_MAQ_IMPLEMENTO___proc__1588319.pdf,.pdf,130771,2026-08-28 13:20:38,,outro,,,,,,,,,,,,,,,,SHA256 nao calculado (extensao fora da lista)
ECS-ST-TSPLUS:TDev,<raiz>\TmpDoc\MARCELA_ALMEIDA,Copia_76915_AUTORIZACAO_DE_FATURAMENTO_FY25___proc__1615716.pdf,.pdf,99121,2026-08-28 13:23:26,,outro,,,,,,,,,,,,,,,,SHA256 nao calculado (extensao fora da lista)
ECS-ST-TSPLUS:TDev,<raiz>\TmpDoc\MARCELA_ALMEIDA,Copia_76916_AUTORIZACAO_DE_FATURAMENTO_FY25___proc__1615717.pdf,.pdf,99121,2026-08-28 13:32:20,,outro,,,,,,,,,,,,,,,,SHA256 nao calculado (extensao fora da lista)
ECS-ST-TSPLUS:TDev,<raiz>\TmpDoc\MARCELA_ALMEIDA,Copia_76924_Pedido_JD_Quote__Assinado____proc__1615717.pdf,.pdf,1074513,2026-08-28 13:30:30,,outro,,,,,,,,,,,,,,,,SHA256 nao calculado (extensao fora da lista)
ECS-ST-TSPLUS:TDev,<raiz>\TmpDoc\MATHEUS.AUGUSTO,Copia_40529_Documento_de_Garantia___proc__10000003016174.jpeg,.jpeg,46269,2025-02-06 10:52:28,,outro,,,,,,,,,,,,,,,,SHA256 nao calculado (extensao fora da lista)
ECS-ST-TSPLUS:TDev,<raiz>\TmpDoc\MATHEUS_AUGUSTO,Copia_74692_230626175247_JDQUOTE___JOHN_DEERE_057_pdf.pdf,.pdf,152117,2026-07-07 10:54:38,,outro,,,,,,,,,,,,,,,,SHA256 nao calculado (extensao fora da lista)
ECS-ST-TSPLUS:TDev,<raiz>\TmpDoc\RAFAEL_ARAUJO,Copia_76715_NF_Demonstracao___proc__1618433.pdf,.pdf,114105,2026-08-25 20:24:14,,outro,,,,,,,,,,,,,,,,SHA256 nao calculado (extensao fora da lista)
ECS-ST-TSPLUS:TDev,<raiz>\TmpDoc\RENATA_MARTINS,Copia_76690_Pedido_Venda.pdf,.pdf,121639,2026-08-28 14:05:58,,outro,,,,,,,,,,,,,,,,SHA256 nao calculado (extensao fora da lista)
ECS-ST-TSPLUS:TDev,<raiz>\TmpDoc\RENATA_MARTINS,Copia_76691_Documentos_Financeiro.pdf,.pdf,349754,2026-08-28 14:08:38,,outro,,,,,,,,,,,,,,,,SHA256 nao calculado (extensao fora da lista)
ECS-ST-TSPLUS:TDev,<raiz>\TmpDoc\RENATA_MARTINS,Copia_76851_Pedido_JD_Quote__Assinado____proc__1618669.pdf,.pdf,121639,2026-08-28 14:06:24,,outro,,,,,,,,,,,,,,,,SHA256 nao calculado (extensao fora da lista)
ECS-ST-TSPLUS:TDev,<raiz>\TmpDoc\RENATA_MARTINS,Copia_76920_Pedido_Venda.pdf,.pdf,504220,2026-08-28 14:20:48,,outro,,,,,,,,,,,,,,,,SHA256 nao calculado (extensao fora da lista)
ECS-ST-TSPLUS:TDev,<raiz>\TmpDoc\SAMUA_CARNEIRO,Copia_76727_CHECK_LIST_PRE_ENTREGA___proc__1607340.pdf,.pdf,415552,2026-08-28 13:12:48,,outro,,,,,,,,,,,,,,,,SHA256 nao calculado (extensao fora da lista)
ECS-ST-TSPLUS:TDev,<raiz>\TmpDoc\TULIO_OLIVEIRA,Copia_76310_CHECK_LIST_PRE_ENTREGA___proc__1612835.pdf,.pdf,490910,2026-08-26 19:44:10,,outro,,,,,,,,,,,,,,,,SHA256 nao calculado (extensao fora da lista)
ECS-ST-TSPLUS:TDev,<raiz>\TmpDoc\TULIO_OLIVEIRA,Copia_76464_CHECK_LIST_PRE_ENTREGA___proc__1614822.pdf,.pdf,504891,2026-08-26 19:43:50,,outro,,,,,,,,,,,,,,,,SHA256 nao calculado (extensao fora da lista)
ECS-ST-TSPLUS:TDev,<raiz>\app\Versões antigas\Validar com o Matheus,vCRM Atendente_AB.exe,.exe,15487704,2026-01-12 19:57:37,2598fdcc033d40b1d84aeea5823ef9176c271530de55c5e896e5c03960f54188,nativo (PE sem CLI header),I386,WindowsGui,2021-01-22 00:04:40,4.03.01,4.03.01,Vórtice Sistemas Ltda,Vórtico CRM,Vórtico CRM e Workflow,Vórtice Sistemas Ltda,,,,,,,
ECS-ST-TSPLUS:TDev,<raiz>\app\Versões antigas\Validar com o Matheus,vCRM Atendente_NEW.exe,.exe,15429897,2025-12-17 14:35:27,946788e8f37278a2a43c2b9c5c48ad59bb908ac49e7a8f9c4b7153c1cfd1b7ca,nativo (PE sem CLI header),I386,WindowsGui,2021-01-22 00:04:40,4.03.01,4.03.01,Vórtice Sistemas Ltda,Vórtico CRM,Vórtico CRM e Workflow,Vórtice Sistemas Ltda,,,,,,,
ECS-ST-TSPLUS:TDev,<raiz>\TempDoc\global\AMANDA_FELTRIN,TBA_101XX3_qvw.tmp,.tmp,11065,2026-08-28 09:35:52,,outro,,,,,,,,,,,,,,,,SHA256 nao calculado (extensao fora da lista)
ECS-ST-TSPLUS:TDev,<raiz>\TempDoc\global\ANNA_FELIX,TBA_010_qvw.tmp,.tmp,4996,2026-08-25 19:54:40,,outro,,,,,,,,,,,,,,,,SHA256 nao calculado (extensao fora da lista)
ECS-ST-TSPLUS:TDev,<raiz>\TempDoc\global\ANNA_FELIX,TBA_017X_qvw.tmp,.tmp,4330,2026-08-25 19:53:15,,outro,,,,,,,,,,,,,,,,SHA256 nao calculado (extensao fora da lista)
ECS-ST-TSPLUS:TDev,<raiz>\TempDoc\global\CARLOS_EDUARDO,PEC_501_qvw.tmp,.tmp,3242,2026-08-27 14:26:52,,outro,,,,,,,,,,,,,,,,SHA256 nao calculado (extensao fora da lista)
ECS-ST-TSPLUS:TDev,<raiz>\TempDoc\global\EDUARDA_MARIOTO,TBA_017X_qvw.tmp,.tmp,4331,2026-08-24 10:46:14,,outro,,,,,,,,,,,,,,,,SHA256 nao calculado (extensao fora da lista)
ECS-ST-TSPLUS:TDev,<raiz>\TempDoc\global\EDUARDA_MARIOTO,TBA_101XX3_qvw.tmp,.tmp,10734,2026-08-28 13:50:38,,outro,,,,,,,,,,,,,,,,SHA256 nao calculado (extensao fora da lista)
ECS-ST-TSPLUS:TDev,<raiz>\TempDoc\global\HEITOR_MARTINEZ,TBA_017X_qvw.tmp,.tmp,4334,2026-08-28 13:36:55,,outro,,,,,,,,,,,,,,,,SHA256 nao calculado (extensao fora da lista)
ECS-ST-TSPLUS:TDev,<raiz>\TempDoc\global\JOAO_SOUZA,TBA_101XX3_qvw.tmp,.tmp,10735,2026-08-27 11:31:27,,outro,,,,,,,,,,,,,,,,SHA256 nao calculado (extensao fora da lista)
ECS-ST-TSPLUS:TDev,<raiz>\TempDoc\global\KALIDA_ALVES,TBA_101XX3_qvw.tmp,.tmp,11064,2026-08-24 12:40:30,,outro,,,,,,,,,,,,,,,,SHA256 nao calculado (extensao fora da lista)
ECS-ST-TSPLUS:TDev,<raiz>\TempDoc\global\LORELAINE_RIBEIRO,TBA_101XX3_qvw.tmp,.tmp,11060,2026-08-28 11:32:19,,outro,,,,,,,,,,,,,,,,SHA256 nao calculado (extensao fora da lista)
ECS-ST-TSPLUS:TDev,<raiz>\TempDoc\global\LUCAS_KFOURI,PEC_501_qvw.tmp,.tmp,3243,2026-08-27 13:02:17,,outro,,,,,,,,,,,,,,,,SHA256 nao calculado (extensao fora da lista)
ECS-ST-TSPLUS:TDev,<raiz>\TempDoc\global\MANOEL_SANTOS,TBA_101XX3_qvw.tmp,.tmp,11066,2026-08-24 17:46:15,,outro,,,,,,,,,,,,,,,,SHA256 nao calculado (extensao fora da lista)
ECS-ST-TSPLUS:TDev,<raiz>\TempDoc\global\RENATA_ABRA,TBA_017X_qvw.tmp,.tmp,4478,2026-08-26 19:07:12,,outro,,,,,,,,,,,,,,,,SHA256 nao calculado (extensao fora da lista)
ECS-ST-TSPLUS:TDev,<raiz>\TempDoc\global\RENATA_ABRA,TBA_101XX3_qvw.tmp,.tmp,10717,2026-08-23 21:41:53,,outro,,,,,,,,,,,,,,,,SHA256 nao calculado (extensao fora da lista)
ECS-ST-TSPLUS:TDev,<raiz>\TempDoc\global\RICARDO_ANTONIO,TBA_101XX3_qvw.tmp,.tmp,11056,2026-08-26 12:12:25,,outro,,,,,,,,,,,,,,,,SHA256 nao calculado (extensao fora da lista)
ECS-ST-TSPLUS:TDev,<raiz>\TempDoc\global\RICARDO_MORETTI,TBA_101XX3_qvw.tmp,.tmp,10715,2026-08-31 12:46:06,,outro,,,,,,,,,,,,,,,,SHA256 nao calculado (extensao fora da lista)
ECS-ST-TSPLUS:TDev,<raiz>\TempDoc\global\WILLIAN_ALVES,TBA_017X_qvw.tmp,.tmp,4344,2026-08-28 12:18:59,,outro,,,,,,,,,,,,,,,,SHA256 nao calculado (extensao fora da lista)
ECS-ST-TSPLUS:TDev,<raiz>\TempDoc\global\WILLIAN_ALVES,TBA_101XX3_qvw.tmp,.tmp,10728,2026-08-26 14:35:58,,outro,,,,,,,,,,,,,,,,SHA256 nao calculado (extensao fora da lista)
