"referencing_id","esquema_ref","entidade_ref","referenced_id","referenced_class_desc","servidor_ref","banco_ref"
"159196","dbo","IV_CLASSERES","78623323","OBJECT_OR_COLUMN","",""
"159196","dbo","IV_GLOBALPAR","974626515","OBJECT_OR_COLUMN","",""
"159196","dbo","IV_GLOBALPARCTRL","1006626629","OBJECT_OR_COLUMN","",""
"159196","dbo","IV_HISTORICO","1102626971","OBJECT_OR_COLUMN","",""
"159196","dbo","IV_PROCDADO","1646628909","OBJECT_OR_COLUMN","",""
"159196","dbo","IV_PROCESSO","1710629137","OBJECT_OR_COLUMN","",""
"159196","dbo","IV_PROCPRODUTO","1934629935","OBJECT_OR_COLUMN","",""
"159196","dbo","IV_Q$ACOMPANH_VENDA_JDE","98255555","OBJECT_OR_COLUMN","",""
"159196","dbo","IV_Q$ACOMPANHAM_VENDA_IMP","1381736125","OBJECT_OR_COLUMN","",""
"159196","dbo","IV_RESCLASSE","475148738","OBJECT_OR_COLUMN","",""
"159196","dbo","IV_RESULTADO","603149194","OBJECT_OR_COLUMN","",""
"875220","dbo","IV_GLOBALPAR","974626515","OBJECT_OR_COLUMN","",""
"875220","dbo","IV_GLOBALPARCTRL","1006626629","OBJECT_OR_COLUMN","",""
"9923257","dbo","GE_PESSOA","1957582012","OBJECT_OR_COLUMN","",""
"9923257","dbo","IV_FORMULARIO","942626401","OBJECT_OR_COLUMN","",""
"9923257","dbo","IV_Q_HORIMETRO_AGREGA","2109406734","OBJECT_OR_COLUMN","",""
"9923257","dbo","IV_QUESTIONARIO","379148396","OBJECT_OR_COLUMN","",""
"10639281","dbo","GE_PESSOA","1957582012","OBJECT_OR_COLUMN","",""
"10639281","dbo","IV_FORMULARIO","942626401","OBJECT_OR_COLUMN","",""
"10639281","dbo","IV_Q_VENDA_PERDIDA_FY25","1461072441","OBJECT_OR_COLUMN","",""
"10639281","dbo","IV_QUESTIONARIO","379148396","OBJECT_OR_COLUMN","",""
"16875277","dbo","X_P_IMP_CRM_NF_POS_VENDA","","OBJECT_OR_COLUMN","",""
"16875277","dbo","X_P_IMP_CRM_TITULO","","OBJECT_OR_COLUMN","",""
"26639338","dbo","GE_PESSOA","1957582012","OBJECT_OR_COLUMN","",""
"26639338","dbo","IV_FORMULARIO","942626401","OBJECT_OR_COLUMN","",""
"26639338","dbo","IV_Q_VP_SEM_PARTICIPACAO","993594778","OBJECT_OR_COLUMN","",""
"26639338","dbo","IV_QUESTIONARIO","379148396","OBJECT_OR_COLUMN","",""
"27303307","dbo","GE_PESSOA","1957582012","OBJECT_OR_COLUMN","",""
"27303307","dbo","IV_FORMULARIO","942626401","OBJECT_OR_COLUMN","",""
"27303307","dbo","IV_Q_AVAL_USADO_ENTRADA","286780229","OBJECT_OR_COLUMN","",""
"27303307","dbo","IV_QUESTIONARIO","379148396","OBJECT_OR_COLUMN","",""
"37627227","dbo","GE_PESSOA","1957582012","OBJECT_OR_COLUMN","",""
"37627227","dbo","IV_FORMULARIO","942626401","OBJECT_OR_COLUMN","",""
"37627227","dbo","IV_Q_RECEBIMENTO_FINANC","2137110704","OBJECT_OR_COLUMN","",""
"37627227","dbo","IV_QUESTIONARIO","379148396","OBJECT_OR_COLUMN","",""
"39827354","dbo","GE_PESSOA","1957582012","OBJECT_OR_COLUMN","",""
"39827354","dbo","IV_FORMULARIO","942626401","OBJECT_OR_COLUMN","",""
"39827354","dbo","IV_Q_GESTAO_PRODUTO_IMPL","382780571","OBJECT_OR_COLUMN","",""
"39827354","dbo","IV_QUESTIONARIO","379148396","OBJECT_OR_COLUMN","",""
"42639395","dbo","GE_EMPRESA","1301579675","OBJECT_OR_COLUMN","",""
"42639395","dbo","GE_PESSOA","1957582012","OBJECT_OR_COLUMN","",""
"42639395","dbo","GE_USUARIO","914102297","OBJECT_OR_COLUMN","",""
"42639395","dbo","IV_HISTORICO","1102626971","OBJECT_OR_COLUMN","",""
"42639395","dbo","IVS_CARTEIRA","1755153298","OBJECT_OR_COLUMN","",""
"42639395","dbo","IVS_DEPTO","1787153412","OBJECT_OR_COLUMN","",""
"42639395","dbo","IVS_PES","152491722","OBJECT_OR_COLUMN","",""
"42639395","dbo","tba_usuarios","1682977222","OBJECT_OR_COLUMN","",""
"46063350","dbo","GE_PESSOA","1957582012","OBJECT_OR_COLUMN","",""
"46063350","dbo","IV_FORMULARIO","942626401","OBJECT_OR_COLUMN","",""
"46063350","dbo","IV_Q_AFERICAO_VENDA_MAQ","762537850","OBJECT_OR_COLUMN","",""
"46063350","dbo","IV_QUESTIONARIO","379148396","OBJECT_OR_COLUMN","",""
"48055257","dbo","GE_PESSOA","1957582012","OBJECT_OR_COLUMN","",""
"48055257","dbo","IV_FORMULARIO","942626401","OBJECT_OR_COLUMN","",""
"48055257","dbo","IV_Q_CADASTROS_LISTAS","55086","OBJECT_OR_COLUMN","",""
"48055257","dbo","IV_QUESTIONARIO","379148396","OBJECT_OR_COLUMN","",""
"53015370","dbo","EXT_TIT_ACRESC","599113325","OBJECT_OR_COLUMN","",""
"53015370","dbo","EXT_TITULO","815446079","OBJECT_OR_COLUMN","",""
"55827411","dbo","GE_PESSOA","1957582012","OBJECT_OR_COLUMN","",""
"55827411","dbo","IV_FORMULARIO","942626401","OBJECT_OR_COLUMN","",""
"55827411","dbo","IV_Q_GESTAO_PRODUTO___AMS","462780856","OBJECT_OR_COLUMN","",""
"55827411","dbo","IV_QUESTIONARIO","379148396","OBJECT_OR_COLUMN","",""
"58639452","dbo","GE_PESSOA","1957582012","OBJECT_OR_COLUMN","",""
"58639452","dbo","IV_FORMULARIO","942626401","OBJECT_OR_COLUMN","",""
"58639452","dbo","IV_Q_PERCEPCAO_JD","2024550446","OBJECT_OR_COLUMN","",""
"58639452","dbo","IV_QUESTIONARIO","379148396","OBJECT_OR_COLUMN","",""
"60019445","dbo","GE_PESSOA","1957582012","OBJECT_OR_COLUMN","",""
"60019445","dbo","IV_FORMULARIO","942626401","OBJECT_OR_COLUMN","",""
"60019445","dbo","IV_Q_REVISAO_1500H","12019274","OBJECT_OR_COLUMN","",""
"60019445","dbo","IV_QUESTIONARIO","379148396","OBJECT_OR_COLUMN","",""
"61399438","dbo","IV_GLOBALPAR","974626515","OBJECT_OR_COLUMN","",""
"61399438","dbo","IV_GLOBALPARCTRL","1006626629","OBJECT_OR_COLUMN","",""
"71827468","dbo","fcnDiasUteis","1071394936","OBJECT_OR_COLUMN","",""
"71827468","dbo","fva_getdata","567829235","OBJECT_OR_COLUMN","",""
"71827468","dbo","ge_pessoa","1957582012","OBJECT_OR_COLUMN","",""
"71827468","dbo","iv_acao","1458104235","OBJECT_OR_COLUMN","",""
"71827468","dbo","iv_agenda","1746105261","OBJECT_OR_COLUMN","",""
"71827468","dbo","iv_historico","1102626971","OBJECT_OR_COLUMN","",""
"71827468","dbo","iv_procdado","1646628909","OBJECT_OR_COLUMN","",""
"71827468","dbo","iv_resultado","603149194","OBJECT_OR_COLUMN","",""
"75199368","dbo","GE_PESSOA","1957582012","OBJECT_OR_COLUMN","",""
"75199368","dbo","IV_FORMULARIO","942626401","OBJECT_OR_COLUMN","",""
"75199368","dbo","IV_Q_APRESENT_IMPLEMENTO","27199197","OBJECT_OR_COLUMN","",""
"75199368","dbo","IV_QUESTIONARIO","379148396","OBJECT_OR_COLUMN","",""
"82255498","dbo","IV_CLIENTEATRIB","110623437","OBJECT_OR_COLUMN","",""
"85015484","dbo","GE_EMPRESA","1301579675","OBJECT_OR_COLUMN","",""
"98255555","dbo","GE_PESSOA","1957582012","OBJECT_OR_COLUMN","",""
"98255555","dbo","IV_FORMULARIO","942626401","OBJECT_OR_COLUMN","",""
"98255555","dbo","IV_Q_ACOMPANH_VENDA_JDE","994870661","OBJECT_OR_COLUMN","",""
"98255555","dbo","IV_QUESTIONARIO","379148396","OBJECT_OR_COLUMN","",""
"103827582","dbo","BI_OPORT_ABERTAS","71827468","OBJECT_OR_COLUMN","",""
"107967561","dbo","IV_GLOBALPAR","974626515","OBJECT_OR_COLUMN","",""
"107967561","dbo","IV_GLOBALPARCTRL","1006626629","OBJECT_OR_COLUMN","",""
"117731622","dbo","GE_PESSOA","1957582012","OBJECT_OR_COLUMN","",""
"117731622","dbo","IV_FORMULARIO","942626401","OBJECT_OR_COLUMN","",""
"117731622","dbo","IV_Q_AVALIACAO_AMS_USADO","69731451","OBJECT_OR_COLUMN","",""
"117731622","dbo","IV_QUESTIONARIO","379148396","OBJECT_OR_COLUMN","",""
"119827639","dbo","GE_EMPRESA","1301579675","OBJECT_OR_COLUMN","",""
"119827639","dbo","GE_PESSOA","1957582012","OBJECT_OR_COLUMN","",""
"119827639","dbo","IV_ACAO","1458104235","OBJECT_OR_COLUMN","",""
"119827639","dbo","IV_CLASSERES","78623323","OBJECT_OR_COLUMN","",""
"119827639","dbo","IV_HISTORICO","1102626971","OBJECT_OR_COLUMN","",""
"119827639","dbo","IV_PROCDADO","1646628909","OBJECT_OR_COLUMN","",""
"119827639","dbo","IV_PROCESSO","1710629137","OBJECT_OR_COLUMN","",""
"119827639","dbo","IV_RESCLASSE","475148738","OBJECT_OR_COLUMN","",""
"119827639","dbo","IV_RESULTADO","603149194","OBJECT_OR_COLUMN","",""
"119827639","dbo","IVS_CARTEIRA","1755153298","OBJECT_OR_COLUMN","",""
"119827639","dbo","IVS_PES","152491722","OBJECT_OR_COLUMN","",""
"123967618","dbo","IV_GLOBALPAR","974626515","OBJECT_OR_COLUMN","",""
"123967618","dbo","IV_GLOBALPARCTRL","1006626629","OBJECT_OR_COLUMN","",""
"128875676","dbo","X_CRM_BI_CONGLOMERADO","1403308209","OBJECT_OR_COLUMN","",""
"128875676","dbo","X_TOTVS_CRM_FATURAMENTO","48875391","OBJECT_OR_COLUMN","",""
"128875676","dbo","X_V_COL_CRM_PESSOA","","OBJECT_OR_COLUMN","TOTVS","TMPRD"
"135827696","dbo","GE_EMPRESA","1301579675","OBJECT_OR_COLUMN","",""
"135827696","dbo","GE_PESSOA","1957582012","OBJECT_OR_COLUMN","",""
"135827696","dbo","IV_ACAO","1458104235","OBJECT_OR_COLUMN","",""
"135827696","dbo","IV_CLASSERES","78623323","OBJECT_OR_COLUMN","",""
"135827696","dbo","IV_HISTORICO","1102626971","OBJECT_OR_COLUMN","",""
"135827696","dbo","IV_PROCDADO","1646628909","OBJECT_OR_COLUMN","",""
"135827696","dbo","IV_PROCESSO","1710629137","OBJECT_OR_COLUMN","",""
"135827696","dbo","IV_RESCLASSE","475148738","OBJECT_OR_COLUMN","",""
"135827696","dbo","IV_RESULTADO","603149194","OBJECT_OR_COLUMN","",""
"135827696","dbo","IVS_CARTEIRA","1755153298","OBJECT_OR_COLUMN","",""
"135827696","dbo","IVS_PES","152491722","OBJECT_OR_COLUMN","",""
"137923713","dbo","GE_PESSOA","1957582012","OBJECT_OR_COLUMN","",""
"137923713","dbo","IV_FORMULARIO","942626401","OBJECT_OR_COLUMN","",""
"137923713","dbo","IV_Q_OS_ABERTA","89923542","OBJECT_OR_COLUMN","",""
"137923713","dbo","IV_QUESTIONARIO","379148396","OBJECT_OR_COLUMN","",""
"139967675","dbo","IV_GLOBALPAR","974626515","OBJECT_OR_COLUMN","",""
"139967675","dbo","IV_GLOBALPARCTRL","1006626629","OBJECT_OR_COLUMN","",""
"143495740","dbo","GE_MEMBRO","1669580986","OBJECT_OR_COLUMN","",""
"143495740","dbo","GE_USUARIO","914102297","OBJECT_OR_COLUMN","",""
"151827753","dbo","GE_Empresa","1301579675","OBJECT_OR_COLUMN","",""
"151827753","dbo","GE_PESSOA","1957582012","OBJECT_OR_COLUMN","",""
"151827753","dbo","IV_Acao","1458104235","OBJECT_OR_COLUMN","",""
"151827753","dbo","IV_CLASSERES","78623323","OBJECT_OR_COLUMN","",""
"151827753","dbo","IV_HISTORICO","1102626971","OBJECT_OR_COLUMN","",""
"151827753","dbo","IV_PROCDADO","1646628909","OBJECT_OR_COLUMN","",""
"151827753","dbo","IV_RESCLASSE","475148738","OBJECT_OR_COLUMN","",""
"151827753","dbo","IV_RESULTADO","603149194","OBJECT_OR_COLUMN","",""
"151827753","dbo","IVS_PES","152491722","OBJECT_OR_COLUMN","",""
"152439667","dbo","GE_USUARIO","914102297","OBJECT_OR_COLUMN","",""
"152439667","dbo","IV_ACAO","1458104235","OBJECT_OR_COLUMN","",""
"152439667","dbo","IV_AGENDA","1746105261","OBJECT_OR_COLUMN","",""
"152439667","dbo","IV_CodProcesso","430624577","OBJECT_OR_COLUMN","",""
"158115804","dbo","IV_GLOBALPAR","974626515","OBJECT_OR_COLUMN","",""
"158115804","dbo","IV_GLOBALPARCTRL","1006626629","OBJECT_OR_COLUMN","",""
"159495797","dbo","IV_ESTRPRODUTO","361208487","OBJECT_OR_COLUMN","",""
"161487704","dbo","GE_PESSOA","1957582012","OBJECT_OR_COLUMN","",""
"161487704","dbo","IV_FORMULARIO","942626401","OBJECT_OR_COLUMN","",""
"161487704","dbo","IV_Q_QUALIDADE_PECAS","113487533","OBJECT_OR_COLUMN","",""
"161487704","dbo","IV_QUESTIONARIO","379148396","OBJECT_OR_COLUMN","",""
"172683813","dbo","GE_Pessoa","1957582012","OBJECT_OR_COLUMN","",""
"172683813","dbo","IV_Formulario","942626401","OBJECT_OR_COLUMN","",""
"172683813","dbo","IV_Q_COMISSAO_CONTACHAVE","124683642","OBJECT_OR_COLUMN","",""
"172683813","dbo","IV_Questionario","379148396","OBJECT_OR_COLUMN","",""
"175495854","dbo","IV_RESULTADO","603149194","OBJECT_OR_COLUMN","",""
"181731850","dbo","GE_PESSOA","1957582012","OBJECT_OR_COLUMN","",""
"181731850","dbo","IV_FORMULARIO","942626401","OBJECT_OR_COLUMN","",""
"181731850","dbo","IV_Q_RESULTADO_DEMO","133731679","OBJECT_OR_COLUMN","",""
"181731850","dbo","IV_QUESTIONARIO","379148396","OBJECT_OR_COLUMN","",""
"186639908","dbo","GE_PESSOA","1957582012","OBJECT_OR_COLUMN","",""
"186639908","dbo","IV_FORMULARIO","942626401","OBJECT_OR_COLUMN","",""
"186639908","dbo","IV_Q_ATUALIZACAO_PUK","138639737","OBJECT_OR_COLUMN","",""
"186639908","dbo","IV_QUESTIONARIO","379148396","OBJECT_OR_COLUMN","",""
"188019901","dbo","GE_PESSOA","1957582012","OBJECT_OR_COLUMN","",""
"188019901","dbo","IV_FORMULARIO","942626401","OBJECT_OR_COLUMN","",""
"188019901","dbo","IV_Q_REVISAO_FIM_GARANTIA","140019730","OBJECT_OR_COLUMN","",""
"188019901","dbo","IV_QUESTIONARIO","379148396","OBJECT_OR_COLUMN","",""
"189399894","dbo","GE_PESSOA","1957582012","OBJECT_OR_COLUMN","",""
"189399894","dbo","IV_FORMULARIO","942626401","OBJECT_OR_COLUMN","",""
"189399894","dbo","IV_Q_APROVACAO_TCSM","141399723","OBJECT_OR_COLUMN","",""
"189399894","dbo","IV_QUESTIONARIO","379148396","OBJECT_OR_COLUMN","",""
"191495911","dbo","IV_HISTORICO","1102626971","OBJECT_OR_COLUMN","",""
"191495911","dbo","IV_RESULTADO","603149194","OBJECT_OR_COLUMN","",""
"200543948","dbo","GE_PESSOA","1957582012","OBJECT_OR_COLUMN","",""
"200543948","dbo","IV_FORMULARIO","942626401","OBJECT_OR_COLUMN","",""
"200543948","dbo","IV_Q_CANCEL_RENOVACAO_SEG","152543777","OBJECT_OR_COLUMN","",""
"200543948","dbo","IV_QUESTIONARIO","379148396","OBJECT_OR_COLUMN","",""
"203303934","dbo","GE_PESSOA","1957582012","OBJECT_OR_COLUMN","",""
"203303934","dbo","IV_FORMULARIO","942626401","OBJECT_OR_COLUMN","",""
"203303934","dbo","IV_Q_TESTE1","155303763","OBJECT_OR_COLUMN","",""
"203303934","dbo","IV_QUESTIONARIO","379148396","OBJECT_OR_COLUMN","",""
"206115975","dbo","IMP_REL_TBA101","238116089","OBJECT_OR_COLUMN","",""
"206115975","dbo","IMP_REL_TBA101","238116089","OBJECT_OR_COLUMN","",""
"207495968","dbo","IV_DOCTOTIPO","718625603","OBJECT_OR_COLUMN","",""
"207495968","dbo","IV_ProcDocto","1678629023","OBJECT_OR_COLUMN","",""
"207495968","dbo","IV_PROCLINK","1806629479","OBJECT_OR_COLUMN","",""
"207495968","dbo","IV_Questionario","379148396","OBJECT_OR_COLUMN","",""
"208055827","dbo","GE_PESSOA","1957582012","OBJECT_OR_COLUMN","",""
"208055827","dbo","IV_FORMULARIO","942626401","OBJECT_OR_COLUMN","",""
"208055827","dbo","IV_Q_ORIGEM_DA_RENDA","160055656","OBJECT_OR_COLUMN","",""
"208055827","dbo","IV_QUESTIONARIO","379148396","OBJECT_OR_COLUMN","",""
"215827981","dbo","iv_processo","1710629137","OBJECT_OR_COLUMN","",""
"215827981","dbo","IV_Processo","1710629137","OBJECT_OR_COLUMN","",""
"215827981","dbo","IV_Processo_bkp20230314","","OBJECT_OR_COLUMN","",""
"223496025","dbo","IV_HISTORICOTAG","1447832370","OBJECT_OR_COLUMN","",""
"232439952","dbo","IV_HISTORICO","1102626971","OBJECT_OR_COLUMN","",""
"232439952","dbo","IV_PROCDADO","1646628909","OBJECT_OR_COLUMN","",""
"232439952","dbo","IV_PROCESSO","1710629137","OBJECT_OR_COLUMN","",""
"232439952","dbo","iv_q$venda_perdida","2142786841","OBJECT_OR_COLUMN","",""
"232439952","dbo","IV_RESULTADO","603149194","OBJECT_OR_COLUMN","",""
"239496082","dbo","GE_PESSOA","1957582012","OBJECT_OR_COLUMN","",""
"239496082","dbo","GE_PESSOAEND","2085582468","OBJECT_OR_COLUMN","",""
"241592099","dbo","GE_PESSOA","1957582012","OBJECT_OR_COLUMN","",""
"241592099","dbo","IV_FORMULARIO","942626401","OBJECT_OR_COLUMN","",""
"241592099","dbo","IV_Q_CONDICOES_DE_VENDAS","193591928","OBJECT_OR_COLUMN","",""
"241592099","dbo","IV_QUESTIONARIO","379148396","OBJECT_OR_COLUMN","",""
"248544119","dbo","IV_GLOBALPAR","974626515","OBJECT_OR_COLUMN","",""
"248544119","dbo","IV_GLOBALPARCTRL","1006626629","OBJECT_OR_COLUMN","",""
"255392029","dbo","GE_PESSOA","1957582012","OBJECT_OR_COLUMN","",""
"255392029","dbo","IV_FORMULARIO","942626401","OBJECT_OR_COLUMN","",""
"255392029","dbo","IV_Q_AFERICAO_VENDA_MQ_IM","1900585859","OBJECT_OR_COLUMN","",""
"255392029","dbo","IV_QUESTIONARIO","379148396","OBJECT_OR_COLUMN","",""
"255496139","dbo","GE_PESSOA","1957582012","OBJECT_OR_COLUMN","",""
"256160108","dbo","IV_GLOBALPAR","974626515","OBJECT_OR_COLUMN","",""
"256160108","dbo","IV_GLOBALPARCTRL","1006626629","OBJECT_OR_COLUMN","",""
"256876132","dbo","GE_PESSOA","1957582012","OBJECT_OR_COLUMN","",""
"256876132","dbo","IV_FORMULARIO","942626401","OBJECT_OR_COLUMN","",""
"256876132","dbo","IV_Q_INTERESSE_FUTURO_PRO","208875961","OBJECT_OR_COLUMN","",""
"256876132","dbo","IV_QUESTIONARIO","379148396","OBJECT_OR_COLUMN","",""
"260352142","dbo","GE_Empresa","1301579675","OBJECT_OR_COLUMN","",""
"260352142","dbo","GE_Pessoa","1957582012","OBJECT_OR_COLUMN","",""
"260352142","dbo","Ge_Usuario","914102297","OBJECT_OR_COLUMN","",""
"260352142","dbo","IV_Acao","1458104235","OBJECT_OR_COLUMN","",""
"260352142","dbo","IV_Agenda","1746105261","OBJECT_OR_COLUMN","",""
"264440066","dbo","BI_DTAPROVCREDITO","2119834764","OBJECT_OR_COLUMN","",""
"264440066","dbo","GE_LgTb","1605580758","OBJECT_OR_COLUMN","",""
"264440066","dbo","IV_PROCDADO","1646628909","OBJECT_OR_COLUMN","",""
"264440066","dbo","IV_PROCESSO","1710629137","OBJECT_OR_COLUMN","",""
"264440066","dbo","IV_PROCSTATMONIT","2094630505","OBJECT_OR_COLUMN","",""
"264440066","dbo","IV_Q$ACOMP_VEND_MAQUINAS","1211307525","OBJECT_OR_COLUMN","",""
"264440066","dbo","IV_Q$ACOMPANH_VENDA_JDE","98255555","OBJECT_OR_COLUMN","",""
"264440066","dbo","IV_Q$GESTAO_CREDITO","1207831515","OBJECT_OR_COLUMN","",""
"264440066","dbo","IV_Q$GESTAO_CREDITO_AMS","1230783592","OBJECT_OR_COLUMN","",""
"264440066","dbo","IV_Q$GESTAO_CREDITO_IMP","1166783364","OBJECT_OR_COLUMN","",""
"264440066","dbo","IV_Q$GESTAO_PRODUTO___AMS","55827411","OBJECT_OR_COLUMN","",""
"264440066","dbo","IV_Q$GESTAO_PRODUTO_IMPL","39827354","OBJECT_OR_COLUMN","",""
"265924169","dbo","GE_PESSOA","1957582012","OBJECT_OR_COLUMN","",""
"265924169","dbo","IV_FORMULARIO","942626401","OBJECT_OR_COLUMN","",""
"265924169","dbo","IV_Q_OS_REVISAO_ENTREGA","217923998","OBJECT_OR_COLUMN","",""
"265924169","dbo","IV_QUESTIONARIO","379148396","OBJECT_OR_COLUMN","",""
"271392086","dbo","GE_PESSOA","1957582012","OBJECT_OR_COLUMN","",""
"271392086","dbo","IV_FORMULARIO","942626401","OBJECT_OR_COLUMN","",""
"271392086","dbo","IV_Q_AFERICAO_POS_SOLUCAO","105103465","OBJECT_OR_COLUMN","",""
"271392086","dbo","IV_QUESTIONARIO","379148396","OBJECT_OR_COLUMN","",""
"271496196","dbo","IV_PROCTAG","1415832256","OBJECT_OR_COLUMN","",""
"276352199","dbo","GE_Pessoa","1957582012","OBJECT_OR_COLUMN","",""
"276352199","dbo","IV_Acao","1458104235","OBJECT_OR_COLUMN","",""
"276352199","dbo","IV_CLASSERES","78623323","OBJECT_OR_COLUMN","",""
"276352199","dbo","IV_HISTORICO","1102626971","OBJECT_OR_COLUMN","",""
"276352199","dbo","IV_PROCDADO","1646628909","OBJECT_OR_COLUMN","",""
"276352199","dbo","IV_RESCLASSE","475148738","OBJECT_OR_COLUMN","",""
"276352199","dbo","IV_RESULTADO","603149194","OBJECT_OR_COLUMN","",""
"276352199","dbo","IVS_Depto","1787153412","OBJECT_OR_COLUMN","",""
"276352199","dbo","IVS_PES","152491722","OBJECT_OR_COLUMN","",""
"276352199","dbo","X_CRM_BI_CONGLOMERADO","1403308209","OBJECT_OR_COLUMN","",""
"277628082","dbo","IV_Q$AFERICAO_PECAS","1796969528","OBJECT_OR_COLUMN","",""
"277628082","dbo","IV_Q$AFERICAO_SERVICOS","319392257","OBJECT_OR_COLUMN","",""
"277628082","dbo","IV_Q$AFERICAO_VENDA_MQ_IM","255392029","OBJECT_OR_COLUMN","",""
"277628082","dbo","IV_QUESTAO","315148168","OBJECT_OR_COLUMN","",""
"287496253","dbo","IV_PROCPRODUTO","1934629935","OBJECT_OR_COLUMN","",""
"288160222","dbo","IV_GLOBALPAR","974626515","OBJECT_OR_COLUMN","",""
"288160222","dbo","IV_GLOBALPARCTRL","1006626629","OBJECT_OR_COLUMN","",""
"302116317","dbo","EXT_VEICMARCA","407776610","OBJECT_OR_COLUMN","",""
"302116317","dbo","PRC_GET_SEQUENCIA_TABELA","501069021","OBJECT_OR_COLUMN","",""
"303496310","dbo","GE_SEQUENCIA","738101670","OBJECT_OR_COLUMN","",""
"304160279","dbo","IV_GLOBALPAR","974626515","OBJECT_OR_COLUMN","",""
"304160279","dbo","IV_GLOBALPARCTRL","1006626629","OBJECT_OR_COLUMN","",""
"310448330","dbo","GE_PESSOA","1957582012","OBJECT_OR_COLUMN","",""
"310448330","dbo","GE_Pessoa_ita","1385928159","OBJECT_OR_COLUMN","",""
"310448330","dbo","mig_ge_pessoa","326448387","OBJECT_OR_COLUMN","",""
"317400350","dbo","GE_PESSOA","1957582012","OBJECT_OR_COLUMN","",""
"317400350","dbo","IV_FORMULARIO","942626401","OBJECT_OR_COLUMN","",""
"317400350","dbo","IV_Q_AGUARDAR_PECAS","269400179","OBJECT_OR_COLUMN","",""
"317400350","dbo","IV_QUESTIONARIO","379148396","OBJECT_OR_COLUMN","",""
"318116374","dbo","EXT_VEICFAM","343776382","OBJECT_OR_COLUMN","",""
"318116374","dbo","EXT_VEICFAMREF","110115633","OBJECT_OR_COLUMN","",""
"318116374","dbo","GE_SEQUENCIA","738101670","OBJECT_OR_COLUMN","",""
"318116374","dbo","IV_GLOBALPAR","974626515","OBJECT_OR_COLUMN","",""
"318116374","dbo","IV_PROPRIEDADE","219147826","OBJECT_OR_COLUMN","",""
"318116374","dbo","PRC_GET_SEQUENCIA_TABELA","501069021","OBJECT_OR_COLUMN","",""
"319392257","dbo","GE_PESSOA","1957582012","OBJECT_OR_COLUMN","",""
"319392257","dbo","IV_FORMULARIO","942626401","OBJECT_OR_COLUMN","",""
"319392257","dbo","IV_Q_AFERICAO_SERVICOS","1516584491","OBJECT_OR_COLUMN","",""
"319392257","dbo","IV_QUESTIONARIO","379148396","OBJECT_OR_COLUMN","",""
"319496367","dbo","GE_SEQUENCIA","738101670","OBJECT_OR_COLUMN","",""
"320160336","dbo","IV_GLOBALPAR","974626515","OBJECT_OR_COLUMN","",""
"320160336","dbo","IV_GLOBALPARCTRL","1006626629","OBJECT_OR_COLUMN","",""
"327008246","dbo","IV_PROCPRODUTO","1934629935","OBJECT_OR_COLUMN","",""
"334116431","dbo","EXT_VEICMODELO","1135447219","OBJECT_OR_COLUMN","",""
"334116431","dbo","PRC_GET_SEQUENCIA_TABELA","501069021","OBJECT_OR_COLUMN","",""
"337488331","dbo","GE_PESSOA","1957582012","OBJECT_OR_COLUMN","",""
"337488331","dbo","IV_FORMULARIO","942626401","OBJECT_OR_COLUMN","",""
"337488331","dbo","IV_Q_QUALIDADE_VENDAMAQ","289488160","OBJECT_OR_COLUMN","",""
"337488331","dbo","IV_QUESTIONARIO","379148396","OBJECT_OR_COLUMN","",""
"342448444","dbo","GE_UsuarioPerm","978102525","OBJECT_OR_COLUMN","",""
"342448444","dbo","IV_CLIENTEPROPR_ITA","1273927760","OBJECT_OR_COLUMN","",""
"342448444","dbo","IV_Propriedade","219147826","OBJECT_OR_COLUMN","",""
"342448444","dbo","IV_Propriedade_ita","1257927703","OBJECT_OR_COLUMN","",""
"350116488","dbo","EXT_VEIC","911446421","OBJECT_OR_COLUMN","",""
"350116488","dbo","ext_veicprop","1263447675","OBJECT_OR_COLUMN","",""
"350116488","dbo","GE_PESSOALINK","98099390","OBJECT_OR_COLUMN","",""
"350116488","dbo","imp_veiculo","399444597","OBJECT_OR_COLUMN","",""
"350116488","dbo","PRC_GET_SEQUENCIA_TABELA","501069021","OBJECT_OR_COLUMN","",""
"361104377","dbo","TESTE_acesso","345104320","OBJECT_OR_COLUMN","",""
"366116545","dbo","EXT_VEICREF","126115690","OBJECT_OR_COLUMN","",""
"366116545","dbo","IV_CLIENTEPROPR","174623665","OBJECT_OR_COLUMN","",""
"366116545","dbo","PRC_GET_SEQUENCIA_TABELA","501069021","OBJECT_OR_COLUMN","",""
"369592555","dbo","GE_PESSOA","1957582012","OBJECT_OR_COLUMN","",""
"369592555","dbo","IV_FORMULARIO","942626401","OBJECT_OR_COLUMN","",""
"369592555","dbo","IV_Q_ALTERADO_PAGAMENTO","321592384","OBJECT_OR_COLUMN","",""
"369592555","dbo","IV_QUESTIONARIO","379148396","OBJECT_OR_COLUMN","",""
"374448558","dbo","GE_PESSOA_ITA","1385928159","OBJECT_OR_COLUMN","",""
"374448558","dbo","MIG_GE_PESSOA","326448387","OBJECT_OR_COLUMN","",""
"374448558","dbo","PR_COL_MOVPESSOA","390448615","OBJECT_OR_COLUMN","",""
"382116602","dbo","EXT_VEICREF","126115690","OBJECT_OR_COLUMN","",""
"382116602","dbo","imp_veiculo","399444597","OBJECT_OR_COLUMN","",""
"382116602","dbo","IMP_VEICULO","399444597","OBJECT_OR_COLUMN","",""
"382116602","dbo","imp_veiculo_integrado","430116773","OBJECT_OR_COLUMN","",""
"382116602","dbo","PR_VTC_INT_VEIC","350116488","OBJECT_OR_COLUMN","",""
"382116602","dbo","PR_VTC_INTFAMILIA","318116374","OBJECT_OR_COLUMN","",""
"382116602","dbo","PR_VTC_INTMARCA","302116317","OBJECT_OR_COLUMN","",""
"382116602","dbo","PR_VTC_INTMODELO","334116431","OBJECT_OR_COLUMN","",""
"382116602","dbo","PR_VTC_INTPROPRIEDADE","366116545","OBJECT_OR_COLUMN","",""
"382116602","dbo","VTC_P_HISTORICO","","OBJECT_OR_COLUMN","",""
"384160564","dbo","GE_PESSOA","1957582012","OBJECT_OR_COLUMN","",""
"384160564","dbo","IV_FORMULARIO","942626401","OBJECT_OR_COLUMN","",""
"384160564","dbo","IV_Q_INCENTIVO","488440864","OBJECT_OR_COLUMN","",""
"384160564","dbo","IV_QUESTIONARIO","379148396","OBJECT_OR_COLUMN","",""
"390448615","dbo","fC5_ColDate","1433928330","OBJECT_OR_COLUMN","",""
"390448615","dbo","fC5_ColNumber","1449928387","OBJECT_OR_COLUMN","",""
"390448615","dbo","fC5_ColString","1465928444","OBJECT_OR_COLUMN","",""
"390448615","dbo","GE_CIDADE","1799781569","OBJECT_OR_COLUMN","",""
"390448615","dbo","GEP_IMPORT","1319011780","OBJECT_OR_COLUMN","",""
"396020642","dbo","GE_PESSOA","1957582012","OBJECT_OR_COLUMN","",""
"396020642","dbo","IV_FORMULARIO","942626401","OBJECT_OR_COLUMN","",""
"396020642","dbo","IV_Q_PROPOSTA_COMERCIAL","768877956","OBJECT_OR_COLUMN","",""
"396020642","dbo","IV_QUESTIONARIO","379148396","OBJECT_OR_COLUMN","",""
"398116659","dbo","fc5_coldate","1433928330","OBJECT_OR_COLUMN","",""
"398116659","dbo","fc5_colnumber","1449928387","OBJECT_OR_COLUMN","",""
"398116659","dbo","fc5_colstring","1465928444","OBJECT_OR_COLUMN","",""
"398116659","dbo","gep_import","1319011780","OBJECT_OR_COLUMN","",""
"399496652","dbo","SYSCONVERT1","335496424","OBJECT_OR_COLUMN","",""
"401540614","dbo","GE_PESSOA","1957582012","OBJECT_OR_COLUMN","",""
"401540614","dbo","IV_FORMULARIO","942626401","OBJECT_OR_COLUMN","",""
"401540614","dbo","IV_Q_COMISSAO_VD_LOCACAO","353540443","OBJECT_OR_COLUMN","",""
"401540614","dbo","IV_QUESTIONARIO","379148396","OBJECT_OR_COLUMN","",""
"407828665","dbo","IMP_Titulo","367444483","OBJECT_OR_COLUMN","","CRM"
"407828665","dbo","X_T_IMP_CRM_TITULO","327828380","OBJECT_OR_COLUMN","",""
"407828665","dbo","X_T_IMP_CRM_TITULO","327828380","OBJECT_OR_COLUMN","","CRM"
"407828665","dbo","X_V_IMP_CRM_TITULO","","OBJECT_OR_COLUMN","TOTVS","TMPRD"
"415496709","dbo","SYSCONVERT2","351496481","OBJECT_OR_COLUMN","",""
"415496709","dbo","SYSCONVERT3","367496538","OBJECT_OR_COLUMN","",""
"421068736","dbo","GE_PESSOA","1957582012","OBJECT_OR_COLUMN","",""
"421068736","dbo","IV_FORMULARIO","942626401","OBJECT_OR_COLUMN","",""
"421068736","dbo","IV_Q_CANHOTO_DIGITAL","373068565","OBJECT_OR_COLUMN","",""
"421068736","dbo","IV_QUESTIONARIO","379148396","OBJECT_OR_COLUMN","",""
"422448729","dbo","GE_PESSOA","1957582012","OBJECT_OR_COLUMN","",""
"422448729","dbo","GE_PESSOA_ITA","1385928159","OBJECT_OR_COLUMN","",""
"422448729","dbo","MIG_GE_PESSOA","326448387","OBJECT_OR_COLUMN","",""
"422448729","dbo","PR_COL_MOVPESSOA","390448615","OBJECT_OR_COLUMN","",""
"431496766","dbo","SYSCOLUMN","415496709","OBJECT_OR_COLUMN","",""
"433592783","dbo","GE_PARAMETROGLOBAL","1861581670","OBJECT_OR_COLUMN","",""
"433592783","dbo","IV_HISTORICO","1102626971","OBJECT_OR_COLUMN","",""
"433592783","dbo","IVS_DEPTORES","857106144","OBJECT_OR_COLUMN","",""
"433592783","dbo","IVS_PES","152491722","OBJECT_OR_COLUMN","",""
"438448786","dbo","GE_PESSOA_ITA","1385928159","OBJECT_OR_COLUMN","",""
"438448786","dbo","MIG_GE_PESSOA","326448387","OBJECT_OR_COLUMN","",""
"438448786","dbo","PR_COL_MOVPESSOA","390448615","OBJECT_OR_COLUMN","",""
"443916703","dbo","GE_PESSOA","1957582012","OBJECT_OR_COLUMN","",""
"443916703","dbo","IV_FORMULARIO","942626401","OBJECT_OR_COLUMN","",""
"443916703","dbo","IV_Q_VENDA_PERDIDA_IMPLEM","603201249","OBJECT_OR_COLUMN","",""
"443916703","dbo","IV_QUESTIONARIO","379148396","OBJECT_OR_COLUMN","",""
"445400806","dbo","GE_PESSOA","1957582012","OBJECT_OR_COLUMN","",""
"445400806","dbo","IV_FORMULARIO","942626401","OBJECT_OR_COLUMN","",""
"445400806","dbo","IV_Q_CHASSI_PMP","397400635","OBJECT_OR_COLUMN","",""
"445400806","dbo","IV_QUESTIONARIO","379148396","OBJECT_OR_COLUMN","",""
"446116830","dbo","GE_EMPRESA","1301579675","OBJECT_OR_COLUMN","",""
"446116830","dbo","GE_PESSOA","1957582012","OBJECT_OR_COLUMN","",""
"446116830","dbo","GE_USUARIO","914102297","OBJECT_OR_COLUMN","",""
"446116830","dbo","IMP_REL_TBA101","238116089","OBJECT_OR_COLUMN","",""
"446116830","dbo","IV_ACAO","1458104235","OBJECT_OR_COLUMN","",""
"446116830","dbo","IV_HISTORICO","1102626971","OBJECT_OR_COLUMN","",""
"446116830","dbo","IV_PROCDADO","1646628909","OBJECT_OR_COLUMN","",""
"446116830","dbo","IV_PROCESSO","1710629137","OBJECT_OR_COLUMN","",""
"446116830","dbo","IV_Q$ACOMP_VENDA_FINANC","1930646121","OBJECT_OR_COLUMN","",""
"446116830","dbo","IV_Q$VENDA_EQUIPAMENTO","1866645893","OBJECT_OR_COLUMN","",""
"446116830","dbo","IV_RESULTADO","603149194","OBJECT_OR_COLUMN","",""
"447496823","dbo","SYSTABLE","399496652","OBJECT_OR_COLUMN","",""
"449488730","dbo","GE_PESSOA","1957582012","OBJECT_OR_COLUMN","",""
"449488730","dbo","IV_ACAO","1458104235","OBJECT_OR_COLUMN","",""
"449488730","dbo","IV_CLASSERES","78623323","OBJECT_OR_COLUMN","",""
"449488730","dbo","IV_HISTORICO","1102626971","OBJECT_OR_COLUMN","",""
"449488730","dbo","IV_Q$QUALIDADE_PECAS","161487704","OBJECT_OR_COLUMN","",""
"449488730","dbo","IV_Q$QUALIDADE_SERVICOS","1356688031","OBJECT_OR_COLUMN","",""
"449488730","dbo","IV_Q$QUALIDADE_VENDAMAQ","337488331","OBJECT_OR_COLUMN","",""
"449488730","dbo","IV_RESCLASSE","475148738","OBJECT_OR_COLUMN","",""
"449488730","dbo","IV_RESULTADO","603149194","OBJECT_OR_COLUMN","",""
"449488730","dbo","IVS_CARTEIRA","1755153298","OBJECT_OR_COLUMN","",""
"449488730","dbo","IVS_PES","152491722","OBJECT_OR_COLUMN","",""
"449592840","dbo","GE_PARAMETROGLOBAL","1861581670","OBJECT_OR_COLUMN","",""
"449592840","dbo","IV_HISTORICO","1102626971","OBJECT_OR_COLUMN","",""
"449592840","dbo","IVS_DEPTORES","857106144","OBJECT_OR_COLUMN","",""
"449592840","dbo","IVS_PES","152491722","OBJECT_OR_COLUMN","",""
"454448843","dbo","ge_contato","1109578991","OBJECT_OR_COLUMN","",""
"454448843","dbo","GE_Contato","1109578991","OBJECT_OR_COLUMN","",""
"454448843","dbo","GE_Contato_ITA","1369928102","OBJECT_OR_COLUMN","",""
"454448843","dbo","ge_pessoa","1957582012","OBJECT_OR_COLUMN","",""
"454448843","dbo","ge_pessoa_ita","1385928159","OBJECT_OR_COLUMN","",""
"454448843","dbo","GE_PESSOALINK","98099390","OBJECT_OR_COLUMN","",""
"454448843","dbo","MIG_GE_PESSOA","326448387","OBJECT_OR_COLUMN","",""
"457924853","dbo","GE_PESSOA","1957582012","OBJECT_OR_COLUMN","",""
"457924853","dbo","IV_FORMULARIO","942626401","OBJECT_OR_COLUMN","",""
"457924853","dbo","IV_Q_SOLICITACAO_TCAT","409924682","OBJECT_OR_COLUMN","",""
"457924853","dbo","IV_QUESTIONARIO","379148396","OBJECT_OR_COLUMN","",""
"465540842","dbo","GE_Pessoa","1957582012","OBJECT_OR_COLUMN","",""
"465540842","dbo","IV_Formulario","942626401","OBJECT_OR_COLUMN","",""
"465540842","dbo","IV_Questionario","379148396","OBJECT_OR_COLUMN","",""
"465540842","dbo","IV_TC_PESSOA","417540671","OBJECT_OR_COLUMN","",""
"469732876","dbo","GE_PESSOA","1957582012","OBJECT_OR_COLUMN","",""
"469732876","dbo","IV_FORMULARIO","942626401","OBJECT_OR_COLUMN","",""
"469732876","dbo","IV_Q_AFERICAO_CSC","421732705","OBJECT_OR_COLUMN","",""
"469732876","dbo","IV_QUESTIONARIO","379148396","OBJECT_OR_COLUMN","",""
"470448900","dbo","fC5_ColDate","1433928330","OBJECT_OR_COLUMN","",""
"470448900","dbo","fC5_ColNumber","1449928387","OBJECT_OR_COLUMN","",""
"470448900","dbo","fC5_ColString","1465928444","OBJECT_OR_COLUMN","",""
"470448900","dbo","GE_CIDADE","1799781569","OBJECT_OR_COLUMN","",""
"470448900","dbo","GEP_IMPORT","1319011780","OBJECT_OR_COLUMN","",""
"479496937","dbo","SYSTABLE","399496652","OBJECT_OR_COLUMN","",""
"485016909","dbo","GE_PESSOA","1957582012","OBJECT_OR_COLUMN","",""
"485016909","dbo","IV_FORMULARIO","942626401","OBJECT_OR_COLUMN","",""
"485016909","dbo","IV_Q_COMISSAO_USADO","293016225","OBJECT_OR_COLUMN","",""
"485016909","dbo","IV_QUESTIONARIO","379148396","OBJECT_OR_COLUMN","",""
"485068964","dbo","GE_PESSOA","1957582012","OBJECT_OR_COLUMN","",""
"485068964","dbo","IV_FORMULARIO","942626401","OBJECT_OR_COLUMN","",""
"485068964","dbo","IV_Q_PESQUISA_NPS","437068793","OBJECT_OR_COLUMN","",""
"485068964","dbo","IV_QUESTIONARIO","379148396","OBJECT_OR_COLUMN","",""
"486448957","dbo","GE_PESSOA","1957582012","OBJECT_OR_COLUMN","",""
"486448957","dbo","GE_PESSOA_ITA","1385928159","OBJECT_OR_COLUMN","",""
"486448957","dbo","GE_PESSOAEND","2085582468","OBJECT_OR_COLUMN","",""
"486448957","dbo","GE_PESSOAEND_ITA","1337927988","OBJECT_OR_COLUMN","",""
"486448957","dbo","MIG_GE_PESSOA","326448387","OBJECT_OR_COLUMN","",""
"486448957","dbo","PR_COL_MOVEND","470448900","OBJECT_OR_COLUMN","",""
"487008816","dbo","GE_PESSOA","1957582012","OBJECT_OR_COLUMN","",""
"487008816","dbo","GE_PESSOAEND","2085582468","OBJECT_OR_COLUMN","",""
"491304960","dbo","GE_PESSOA","1957582012","OBJECT_OR_COLUMN","",""
"491304960","dbo","IV_FORMULARIO","942626401","OBJECT_OR_COLUMN","",""
"491304960","dbo","IV_Q_TESTE2","443304789","OBJECT_OR_COLUMN","",""
"491304960","dbo","IV_QUESTIONARIO","379148396","OBJECT_OR_COLUMN","",""
"494117001","dbo","IV_CLIENTEPROPR","174623665","OBJECT_OR_COLUMN","",""
"497593011","dbo","IV_CLIENTEPROPR","174623665","OBJECT_OR_COLUMN","",""
"501069021","dbo","GE_SEQUENCIA","738101670","OBJECT_OR_COLUMN","",""
"502449014","dbo","GE_PESSOA","1957582012","OBJECT_OR_COLUMN","",""
"502449014","dbo","GE_PESSOA_ITA","1385928159","OBJECT_OR_COLUMN","",""
"502449014","dbo","GE_PESSOAEND","2085582468","OBJECT_OR_COLUMN","",""
"502449014","dbo","GE_PESSOAEND_ITA","1337927988","OBJECT_OR_COLUMN","",""
"502449014","dbo","GE_PESSOALINK","98099390","OBJECT_OR_COLUMN","",""
"502449014","dbo","MIG_GE_PESSOA","326448387","OBJECT_OR_COLUMN","",""
"502449014","dbo","PR_COL_MOVEND","470448900","OBJECT_OR_COLUMN","",""
"513593068","dbo","IV_ACAO","1458104235","OBJECT_OR_COLUMN","",""
"513593068","dbo","IV_AGENDA","1746105261","OBJECT_OR_COLUMN","",""
"513593068","dbo","IV_OPERADOR","1294627655","OBJECT_OR_COLUMN","",""
"513593068","dbo","IV_PROCDADO","1646628909","OBJECT_OR_COLUMN","",""
"513593068","dbo","IV_PROCESSO","1710629137","OBJECT_OR_COLUMN","",""
"513593068","dbo","IV_PROCPERSP","1838629593","OBJECT_OR_COLUMN","",""
"514868951","dbo","GE_PESSOA","1957582012","OBJECT_OR_COLUMN","",""
"514868951","dbo","IV_FORMULARIO","942626401","OBJECT_OR_COLUMN","",""
"514868951","dbo","IV_Q_APRESENT_EQUIPAMENTO","466868780","OBJECT_OR_COLUMN","",""
"514868951","dbo","IV_QUESTIONARIO","379148396","OBJECT_OR_COLUMN","",""
"518449071","dbo","ge_pessoa","1957582012","OBJECT_OR_COLUMN","",""
"518449071","dbo","ge_pessoa_ita","1385928159","OBJECT_OR_COLUMN","",""
"518449071","dbo","ge_pessoalink","98099390","OBJECT_OR_COLUMN","",""
"518449071","dbo","mig_ge_pessoa","326448387","OBJECT_OR_COLUMN","",""
"521925081","dbo","GE_PESSOA","1957582012","OBJECT_OR_COLUMN","",""
"521925081","dbo","IV_FORMULARIO","942626401","OBJECT_OR_COLUMN","",""
"521925081","dbo","IV_Q_CHASSI_ENTREGA_FISIC","473924910","OBJECT_OR_COLUMN","",""
"521925081","dbo","IV_QUESTIONARIO","379148396","OBJECT_OR_COLUMN","",""
"527497108","dbo","GE_PESSOA","1957582012","OBJECT_OR_COLUMN","",""
"528161077","dbo","GE_PESSOA","1957582012","OBJECT_OR_COLUMN","",""
"528161077","dbo","IV_FORMULARIO","942626401","OBJECT_OR_COLUMN","",""
"528161077","dbo","IV_Q_PROSPECCAO_SERV__JD","480160906","OBJECT_OR_COLUMN","",""
"528161077","dbo","IV_QUESTIONARIO","379148396","OBJECT_OR_COLUMN","",""
"528877101","dbo","GE_Pessoa","1957582012","OBJECT_OR_COLUMN","",""
"528877101","dbo","IV_Acao","1458104235","OBJECT_OR_COLUMN","",""
"528877101","dbo","IV_CLASSERES","78623323","OBJECT_OR_COLUMN","",""
"528877101","dbo","IV_HISTORICO","1102626971","OBJECT_OR_COLUMN","",""
"528877101","dbo","IV_PROCDADO","1646628909","OBJECT_OR_COLUMN","",""
"528877101","dbo","IV_RESCLASSE","475148738","OBJECT_OR_COLUMN","",""
"528877101","dbo","IV_RESULTADO","603149194","OBJECT_OR_COLUMN","",""
"528877101","dbo","IVS_Depto","1787153412","OBJECT_OR_COLUMN","",""
"528877101","dbo","IVS_PES","152491722","OBJECT_OR_COLUMN","",""
"528877101","dbo","X_CRM_BI_CONGLOMERADO","1403308209","OBJECT_OR_COLUMN","",""
"529593125","dbo","GE_PESSOA","1957582012","OBJECT_OR_COLUMN","",""
"529593125","dbo","GE_USUARIO","914102297","OBJECT_OR_COLUMN","",""
"529593125","dbo","IVS_CARTEIRA","1755153298","OBJECT_OR_COLUMN","",""
"529593125","dbo","IVS_DEPTO","1787153412","OBJECT_OR_COLUMN","",""
"529593125","dbo","IVS_DEPTOPOT","1367832085","OBJECT_OR_COLUMN","",""
"529593125","dbo","IVS_PES","152491722","OBJECT_OR_COLUMN","",""
"530869008","dbo","GE_PESSOA","1957582012","OBJECT_OR_COLUMN","",""
"530869008","dbo","IV_FORMULARIO","942626401","OBJECT_OR_COLUMN","",""
"530869008","dbo","IV_Q_DEMONSTRACAO_TRATOR","688057537","OBJECT_OR_COLUMN","",""
"530869008","dbo","IV_QUESTIONARIO","379148396","OBJECT_OR_COLUMN","",""
"534449128","dbo","GE_CONTATO","1109578991","OBJECT_OR_COLUMN","",""
"534449128","dbo","GE_CONTATO_ITA","1369928102","OBJECT_OR_COLUMN","",""
"534449128","dbo","ge_pessoa","1957582012","OBJECT_OR_COLUMN","",""
"534449128","dbo","ge_pessoa_ita","1385928159","OBJECT_OR_COLUMN","",""
"538641162","dbo","GE_PESSOA","1957582012","OBJECT_OR_COLUMN","",""
"538641162","dbo","IV_FORMULARIO","942626401","OBJECT_OR_COLUMN","",""
"538641162","dbo","IV_Q_LICENCAS_PUK","458640877","OBJECT_OR_COLUMN","",""
"538641162","dbo","IV_QUESTIONARIO","379148396","OBJECT_OR_COLUMN","",""
"542117172","dbo","IV_CLIENTEPROPR","174623665","OBJECT_OR_COLUMN","",""
"543497165","dbo","GE_PESSOACLASSE","2021582240","OBJECT_OR_COLUMN","",""
"549069192","dbo","EXT_APROVACAO","517069078","OBJECT_OR_COLUMN","",""
"549069192","dbo","GE_USUARIO","914102297","OBJECT_OR_COLUMN","",""
"549069192","dbo","GEP_IMPORT","1319011780","OBJECT_OR_COLUMN","",""
"549069192","dbo","GEP_IMPORTAPROVACAO","1685073239","OBJECT_OR_COLUMN","",""
"549069192","dbo","IV_HISTORICO","1102626971","OBJECT_OR_COLUMN","",""
"549069192","dbo","IV_OPERADOR","1294627655","OBJECT_OR_COLUMN","",""
"549069192","dbo","IV_PROCDADO","1646628909","OBJECT_OR_COLUMN","",""
"549069192","dbo","IV_Q$VENDA_EQUIPAMENTO","1866645893","OBJECT_OR_COLUMN","",""
"549069192","dbo","PRC_GET_SEQUENCIA_TABELA","501069021","OBJECT_OR_COLUMN","",""
"550449185","dbo","ge_contato","1109578991","OBJECT_OR_COLUMN","",""
"550449185","dbo","GE_Contato_ITA","1369928102","OBJECT_OR_COLUMN","",""
"550449185","dbo","ge_contatopapel","1141579105","OBJECT_OR_COLUMN","",""
"550449185","dbo","GE_CONTATOPAPEL_ITA","1353928045","OBJECT_OR_COLUMN","",""
"550449185","dbo","ge_pessoa","1957582012","OBJECT_OR_COLUMN","",""
"550449185","dbo","GE_PESSOA_ITA","1385928159","OBJECT_OR_COLUMN","",""
"550449185","dbo","GE_PESSOALINK","98099390","OBJECT_OR_COLUMN","",""
"550449185","dbo","MIG_GE_PESSOA","326448387","OBJECT_OR_COLUMN","",""
"551113154","dbo","GE_PESSOA","1957582012","OBJECT_OR_COLUMN","",""
"551113154","dbo","IV_FORMULARIO","942626401","OBJECT_OR_COLUMN","",""
"551113154","dbo","IV_Q_VISITA_EXP_CLIENTE","1786593553","OBJECT_OR_COLUMN","",""
"551113154","dbo","IV_QUESTIONARIO","379148396","OBJECT_OR_COLUMN","",""
"559497222","dbo","IV_ACAO","1458104235","OBJECT_OR_COLUMN","",""
"559497222","dbo","IV_HISTORICO","1102626971","OBJECT_OR_COLUMN","",""
"559497222","dbo","IV_PROCDADO","1646628909","OBJECT_OR_COLUMN","",""
"559497222","dbo","IV_PROCPRODUTO","1934629935","OBJECT_OR_COLUMN","",""
"559497222","dbo","IV_RESULTADO","603149194","OBJECT_OR_COLUMN","",""
"560877215","dbo","GE_PESSOA","1957582012","OBJECT_OR_COLUMN","",""
"560877215","dbo","IV_FORMULARIO","942626401","OBJECT_OR_COLUMN","",""
"560877215","dbo","IV_Q_INTERESSE_PROJETO_IR","144875733","OBJECT_OR_COLUMN","",""
"560877215","dbo","IV_QUESTIONARIO","379148396","OBJECT_OR_COLUMN","",""
"561593239","dbo","ge_pessoa","1957582012","OBJECT_OR_COLUMN","",""
"561593239","dbo","ge_pessoalink","98099390","OBJECT_OR_COLUMN","",""
"564353225","dbo","X_TOTVS_BI_FATURAMENTO_POS_VENDAS","1220355562","OBJECT_OR_COLUMN","",""
"564353225","dbo","X_TOTVS_BI_FATURAMENTO_POS_VENDAS","1220355562","OBJECT_OR_COLUMN","","CRM"
"564353225","dbo","X_V_BI_FATURAMENTO_PECAS","","OBJECT_OR_COLUMN","TOTVS","TMPRD"
"564353225","dbo","X_V_BI_FATURAMENTO_SERVICOS","","OBJECT_OR_COLUMN","TOTVS","TMPRD"
"566449242","dbo","ge_pessoa","1957582012","OBJECT_OR_COLUMN","",""
"566449242","dbo","ge_pessoa_ita","1385928159","OBJECT_OR_COLUMN","",""
"566449242","dbo","ge_pessoalink","98099390","OBJECT_OR_COLUMN","",""
"566449242","dbo","mig_ge_pessoa","326448387","OBJECT_OR_COLUMN","",""
"571305245","dbo","IV_GLOBALPAR","974626515","OBJECT_OR_COLUMN","",""
"571305245","dbo","IV_GLOBALPARCTRL","1006626629","OBJECT_OR_COLUMN","",""
"573401262","dbo","GE_PESSOA","1957582012","OBJECT_OR_COLUMN","",""
"573401262","dbo","IV_FORMULARIO","942626401","OBJECT_OR_COLUMN","",""
"573401262","dbo","IV_Q_DEVOLUCAO_PECA","525401091","OBJECT_OR_COLUMN","",""
"573401262","dbo","IV_QUESTIONARIO","379148396","OBJECT_OR_COLUMN","",""
"574117286","dbo","IV_CLIENTEPROPR","174623665","OBJECT_OR_COLUMN","",""
"575497279","dbo","IVS_CARTEIRA","1755153298","OBJECT_OR_COLUMN","",""
"575497279","dbo","IVS_DEPTO","1787153412","OBJECT_OR_COLUMN","",""
"575497279","dbo","IVS_DEPTOPOT","1367832085","OBJECT_OR_COLUMN","",""
"575497279","dbo","IVS_PES","152491722","OBJECT_OR_COLUMN","",""
"578973289","dbo","GE_PESSOA","1957582012","OBJECT_OR_COLUMN","",""
"578973289","dbo","IV_FORMULARIO","942626401","OBJECT_OR_COLUMN","",""
"578973289","dbo","IV_Q_VENDA_PRECISION_UP","530973118","OBJECT_OR_COLUMN","",""
"578973289","dbo","IV_QUESTIONARIO","379148396","OBJECT_OR_COLUMN","",""
"582449299","dbo","GE_PESSOA","1957582012","OBJECT_OR_COLUMN","",""
"582449299","dbo","ge_pessoa_ita","1385928159","OBJECT_OR_COLUMN","",""
"582449299","dbo","ge_pessoalink","98099390","OBJECT_OR_COLUMN","",""
"582449299","dbo","mig_ge_pessoa","326448387","OBJECT_OR_COLUMN","",""
"585209285","dbo","GE_PESSOA","1957582012","OBJECT_OR_COLUMN","",""
"585209285","dbo","IV_FORMULARIO","942626401","OBJECT_OR_COLUMN","",""
"585209285","dbo","IV_Q_AFERICAO_MAQ_2_CONT","537209114","OBJECT_OR_COLUMN","",""
"585209285","dbo","IV_QUESTIONARIO","379148396","OBJECT_OR_COLUMN","",""
"591497336","dbo","GE_PESSOAEND","2085582468","OBJECT_OR_COLUMN","",""
"594869236","dbo","GE_PESSOA","1957582012","OBJECT_OR_COLUMN","",""
"594869236","dbo","IV_FORMULARIO","942626401","OBJECT_OR_COLUMN","",""
"594869236","dbo","IV_Q_COMPETIDORES_NA_NEG","546869065","OBJECT_OR_COLUMN","",""
"594869236","dbo","IV_QUESTIONARIO","379148396","OBJECT_OR_COLUMN","",""
"598449356","dbo","GE_PESSOA","1957582012","OBJECT_OR_COLUMN","",""
"598449356","dbo","GE_PESSOA_BKPJUN","1225927589","OBJECT_OR_COLUMN","",""
"598449356","dbo","GE_PESSOA_ITA","1385928159","OBJECT_OR_COLUMN","",""
"598449356","dbo","ge_pessoafone","1992446222","OBJECT_OR_COLUMN","",""
"598449356","dbo","ge_pessoafone_bkpjun","1113927190","OBJECT_OR_COLUMN","",""
"598449356","dbo","GE_PESSOAfone_ITA","1305927874","OBJECT_OR_COLUMN","",""
"598449356","dbo","MIG_GE_PESSOA","326448387","OBJECT_OR_COLUMN","",""
"600441263","dbo","IV_PROCDADO","1646628909","OBJECT_OR_COLUMN","",""
"600441263","dbo","IV_PROCESSO","1710629137","OBJECT_OR_COLUMN","",""
"600441263","dbo","IV_PROCPERSP","1838629593","OBJECT_OR_COLUMN","",""
"600441263","dbo","IV_PROCSTATMONIT","2094630505","OBJECT_OR_COLUMN","",""
"606117400","dbo","IV_CLIENTEPROPR","174623665","OBJECT_OR_COLUMN","",""
"607497393","dbo","GE_CONTATO","1109578991","OBJECT_OR_COLUMN","",""
"607497393","dbo","GE_CONTATOPAPEL","1141579105","OBJECT_OR_COLUMN","",""
"610153269","dbo","GE_PESSOA","1957582012","OBJECT_OR_COLUMN","",""
"610153269","dbo","IV_FORMULARIO","942626401","OBJECT_OR_COLUMN","",""
"610153269","dbo","IV_Q_AVAL_TRATORES_USADOS","562153098","OBJECT_OR_COLUMN","",""
"610153269","dbo","IV_QUESTIONARIO","379148396","OBJECT_OR_COLUMN","",""
"612353396","dbo","GE_PESSOA","1957582012","OBJECT_OR_COLUMN","",""
"612353396","dbo","IV_FORMULARIO","942626401","OBJECT_OR_COLUMN","",""
"612353396","dbo","IV_Q_ACOMP_VENDA_DIRETAJD","1687781170","OBJECT_OR_COLUMN","",""
"612353396","dbo","IV_QUESTIONARIO","379148396","OBJECT_OR_COLUMN","",""
"614449413","dbo","fC5_ColDate","1433928330","OBJECT_OR_COLUMN","",""
"614449413","dbo","fC5_ColNumber","1449928387","OBJECT_OR_COLUMN","",""
"614449413","dbo","fC5_ColString","1465928444","OBJECT_OR_COLUMN","",""
"614449413","dbo","GEP_IMPORT","1319011780","OBJECT_OR_COLUMN","",""
"619305416","dbo","IV_GLOBALPAR","974626515","OBJECT_OR_COLUMN","",""
"619305416","dbo","IV_GLOBALPARCTRL","1006626629","OBJECT_OR_COLUMN","",""
"623497450","dbo","IV_ACAO","1458104235","OBJECT_OR_COLUMN","",""
"623497450","dbo","IV_CODPROCESSO","430624577","OBJECT_OR_COLUMN","",""
"623497450","dbo","IV_PROCRESULTADO","2030630277","OBJECT_OR_COLUMN","",""
"623497450","dbo","IV_RESULTADO","603149194","OBJECT_OR_COLUMN","",""
"630449470","dbo","GE_PESSOA","1957582012","OBJECT_OR_COLUMN","",""
"630449470","dbo","GE_PESSOA_ITA","1385928159","OBJECT_OR_COLUMN","",""
"630449470","dbo","IV_CLIENTEPROPR_ITA","1273927760","OBJECT_OR_COLUMN","",""
"630449470","dbo","MIG_GE_PESSOA","326448387","OBJECT_OR_COLUMN","",""
"630449470","dbo","PR_COL_MOVPROPR","614449413","OBJECT_OR_COLUMN","",""
"632441377","dbo","GE_PESSOA","1957582012","OBJECT_OR_COLUMN","",""
"632441377","dbo","IV_ACAO","1458104235","OBJECT_OR_COLUMN","",""
"632441377","dbo","IV_AGENDA","1746105261","OBJECT_OR_COLUMN","",""
"632441377","dbo","IV_HISTORICO","1102626971","OBJECT_OR_COLUMN","",""
"632441377","dbo","IV_PROCDADO","1646628909","OBJECT_OR_COLUMN","",""
"632441377","dbo","IV_PROCESSO","1710629137","OBJECT_OR_COLUMN","",""
"632441377","dbo","IV_PROCPERSP","1838629593","OBJECT_OR_COLUMN","",""
"632441377","dbo","IV_ProcStatMonit","2094630505","OBJECT_OR_COLUMN","",""
"632441377","dbo","IV_Q$ACOMPANH_VENDA_JDE","98255555","OBJECT_OR_COLUMN","",""
"632441377","dbo","IV_Q$GESTAO_CREDITO","1207831515","OBJECT_OR_COLUMN","",""
"632441377","dbo","IV_Q$GESTAO_CREDITO_AMS","1230783592","OBJECT_OR_COLUMN","",""
"632441377","dbo","IV_Q$GESTAO_CREDITO_IMP","1166783364","OBJECT_OR_COLUMN","",""
"632441377","dbo","IV_RESULTADO","603149194","OBJECT_OR_COLUMN","",""
"635305473","dbo","IV_GLOBALPAR","974626515","OBJECT_OR_COLUMN","",""
"635305473","dbo","IV_GLOBALPARCTRL","1006626629","OBJECT_OR_COLUMN","",""
"638117514","dbo","IV_CLIENTEPROPR","174623665","OBJECT_OR_COLUMN","",""
"639497507","dbo","IV_ACAO","1458104235","OBJECT_OR_COLUMN","",""
"639497507","dbo","IV_CODPROCESSO","430624577","OBJECT_OR_COLUMN","",""
"639497507","dbo","IV_PROCRESULTADO","2030630277","OBJECT_OR_COLUMN","",""
"639497507","dbo","IV_RESULTADO","603149194","OBJECT_OR_COLUMN","",""
"651305530","dbo","IV_GLOBALPAR","974626515","OBJECT_OR_COLUMN","",""
"651305530","dbo","IV_GLOBALPARCTRL","1006626629","OBJECT_OR_COLUMN","",""
"651969499","dbo","IV_GLOBALPAR","974626515","OBJECT_OR_COLUMN","",""
"651969499","dbo","IV_GLOBALPARCTRL","1006626629","OBJECT_OR_COLUMN","",""
"655497564","dbo","GE_TIPOLOGRADOURO","802101898","OBJECT_OR_COLUMN","",""
"660353567","dbo","GE_Empresa","1301579675","OBJECT_OR_COLUMN","",""
"660353567","dbo","GE_Pessoa","1957582012","OBJECT_OR_COLUMN","",""
"660353567","dbo","GE_Usuario","914102297","OBJECT_OR_COLUMN","",""
"660353567","dbo","IVS_CARTEIRA","1755153298","OBJECT_OR_COLUMN","",""
"660353567","dbo","IVS_Depto","1787153412","OBJECT_OR_COLUMN","",""
"660353567","dbo","IVS_PES","152491722","OBJECT_OR_COLUMN","",""
"660965481","dbo","GE_PESSOA","1957582012","OBJECT_OR_COLUMN","",""
"660965481","dbo","IV_CLIENTEPROPR","174623665","OBJECT_OR_COLUMN","",""
"662449584","dbo","GE_PESSOA_ITA","1385928159","OBJECT_OR_COLUMN","",""
"662449584","dbo","GE_PESSOALINK","98099390","OBJECT_OR_COLUMN","",""
"662449584","dbo","IV_CLIENTEPROPR_ITA","1273927760","OBJECT_OR_COLUMN","",""
"662449584","dbo","MIG_GE_PESSOA","326448387","OBJECT_OR_COLUMN","",""
"662449584","dbo","PR_COL_MOVPROPR","614449413","OBJECT_OR_COLUMN","",""
"666641618","dbo","GE_PESSOA","1957582012","OBJECT_OR_COLUMN","",""
"666641618","dbo","IV_FORMULARIO","942626401","OBJECT_OR_COLUMN","",""
"666641618","dbo","IV_Q_DEMO_EQUIP_JD","618641447","OBJECT_OR_COLUMN","",""
"666641618","dbo","IV_QUESTIONARIO","379148396","OBJECT_OR_COLUMN","",""
"667305587","dbo","IV_GLOBALPAR","974626515","OBJECT_OR_COLUMN","",""
"667305587","dbo","IV_GLOBALPARCTRL","1006626629","OBJECT_OR_COLUMN","",""
"667917501","dbo","GE_PESSOA","1957582012","OBJECT_OR_COLUMN","",""
"667917501","dbo","IV_FORMULARIO","942626401","OBJECT_OR_COLUMN","",""
"667917501","dbo","IV_Q_VENDA_PERDIDA_IMPL","459916760","OBJECT_OR_COLUMN","",""
"667917501","dbo","IV_QUESTIONARIO","379148396","OBJECT_OR_COLUMN","",""
"671497621","dbo","GEL_CEP","1026102696","OBJECT_OR_COLUMN","",""
"673489528","dbo","GE_PESSOA","1957582012","OBJECT_OR_COLUMN","",""
"673489528","dbo","IV_FORMULARIO","942626401","OBJECT_OR_COLUMN","",""
"673489528","dbo","IV_Q_ACOMPANHAMENTO_VENDA","2019538278","OBJECT_OR_COLUMN","",""
"673489528","dbo","IV_QUESTIONARIO","379148396","OBJECT_OR_COLUMN","",""
"674153497","dbo","GE_PESSOA","1957582012","OBJECT_OR_COLUMN","",""
"674153497","dbo","IV_FORMULARIO","942626401","OBJECT_OR_COLUMN","",""
"674153497","dbo","IV_Q_AVALIA_COLHEIT_USADA","626153326","OBJECT_OR_COLUMN","",""
"674153497","dbo","IV_QUESTIONARIO","379148396","OBJECT_OR_COLUMN","",""
"678449641","dbo","GE_PESSOALINK","98099390","OBJECT_OR_COLUMN","",""
"682537565","dbo","GE_PESSOA","1957582012","OBJECT_OR_COLUMN","",""
"682537565","dbo","IV_FORMULARIO","942626401","OBJECT_OR_COLUMN","",""
"682537565","dbo","IV_Q_DOC_ANALISE_CREDITO","634537394","OBJECT_OR_COLUMN","",""
"682537565","dbo","IV_QUESTIONARIO","379148396","OBJECT_OR_COLUMN","",""
"683305644","dbo","IV_GLOBALPAR","974626515","OBJECT_OR_COLUMN","",""
"683305644","dbo","IV_GLOBALPARCTRL","1006626629","OBJECT_OR_COLUMN","",""
"687497678","dbo","GEL_CEP","1026102696","OBJECT_OR_COLUMN","",""
"687497678","dbo","GEL_CIDADE","1122103038","OBJECT_OR_COLUMN","",""
"688161647","dbo","IV_GLOBALPAR","974626515","OBJECT_OR_COLUMN","",""
"688161647","dbo","IV_GLOBALPARCTRL","1006626629","OBJECT_OR_COLUMN","",""
"694345588","dbo","GE_PESSOA","1957582012","OBJECT_OR_COLUMN","",""
"694345588","dbo","IV_FORMULARIO","942626401","OBJECT_OR_COLUMN","",""
"694345588","dbo","IV_Q_APRESENTACAO_JDE","1312059760","OBJECT_OR_COLUMN","",""
"694345588","dbo","IV_QUESTIONARIO","379148396","OBJECT_OR_COLUMN","",""
"699305701","dbo","IV_GLOBALPAR","974626515","OBJECT_OR_COLUMN","",""
"699305701","dbo","IV_GLOBALPARCTRL","1006626629","OBJECT_OR_COLUMN","",""
"701401718","dbo","GE_PESSOA","1957582012","OBJECT_OR_COLUMN","",""
"701401718","dbo","IV_FORMULARIO","942626401","OBJECT_OR_COLUMN","",""
"701401718","dbo","IV_Q_FORA_SERVICO_PMP","653401547","OBJECT_OR_COLUMN","",""
"701401718","dbo","IV_QUESTIONARIO","379148396","OBJECT_OR_COLUMN","",""
"702065687","dbo","GE_PESSOA","1957582012","OBJECT_OR_COLUMN","",""
"702065687","dbo","IV_CLIENTEPROPR","174623665","OBJECT_OR_COLUMN","",""
"703497735","dbo","GEL_CEP","1026102696","OBJECT_OR_COLUMN","",""
"703497735","dbo","GEL_CEPORIG","1090102924","OBJECT_OR_COLUMN","",""
"704161704","dbo","f_s_dado","1376059988","OBJECT_OR_COLUMN","",""
"704161704","dbo","f_s_dado_N","901630305","OBJECT_OR_COLUMN","",""
"704161704","dbo","GE_EMPRESA","1301579675","OBJECT_OR_COLUMN","",""
"704161704","dbo","gep_import","1319011780","OBJECT_OR_COLUMN","",""
"704161704","dbo","IV_Agenda","1746105261","OBJECT_OR_COLUMN","",""
"704161704","dbo","IV_GlobalPar","974626515","OBJECT_OR_COLUMN","",""
"704161704","dbo","IV_ProcLink","1806629479","OBJECT_OR_COLUMN","",""
"704161704","dbo","IV_Propriedade","219147826","OBJECT_OR_COLUMN","",""
"713209741","dbo","GE_PESSOA","1957582012","OBJECT_OR_COLUMN","",""
"713209741","dbo","IV_FORMULARIO","942626401","OBJECT_OR_COLUMN","",""
"713209741","dbo","IV_Q_AFERICAO_MAQ_3_CONT","665209570","OBJECT_OR_COLUMN","",""
"713209741","dbo","IV_QUESTIONARIO","379148396","OBJECT_OR_COLUMN","",""
"719497792","dbo","IV_HISTORICO","1102626971","OBJECT_OR_COLUMN","",""
"719497792","dbo","IV_PROCDADO","1646628909","OBJECT_OR_COLUMN","",""
"722869692","dbo","GE_PESSOA","1957582012","OBJECT_OR_COLUMN","",""
"722869692","dbo","IV_FORMULARIO","942626401","OBJECT_OR_COLUMN","",""
"722869692","dbo","IV_Q_APRESENTACAO","674869521","OBJECT_OR_COLUMN","",""
"722869692","dbo","IV_QUESTIONARIO","379148396","OBJECT_OR_COLUMN","",""
"726449812","dbo","GE_PESSOA","1957582012","OBJECT_OR_COLUMN","",""
"726449812","dbo","GE_PESSOA_ITA","1385928159","OBJECT_OR_COLUMN","",""
"726449812","dbo","GE_PESSOAFONE","1992446222","OBJECT_OR_COLUMN","",""
"726449812","dbo","GE_PESSOAFONE_ITA","1305927874","OBJECT_OR_COLUMN","",""
"726449812","dbo","ge_sequencia","738101670","OBJECT_OR_COLUMN","",""
"726449812","dbo","MIG_GE_PESSOA","326448387","OBJECT_OR_COLUMN","",""
"731305815","dbo","IV_GlobalPar","974626515","OBJECT_OR_COLUMN","",""
"738153725","dbo","GE_PESSOA","1957582012","OBJECT_OR_COLUMN","",""
"738153725","dbo","IV_FORMULARIO","942626401","OBJECT_OR_COLUMN","",""
"738153725","dbo","IV_Q_AVAL_COLH_CANA_USADA","690153554","OBJECT_OR_COLUMN","",""
"738153725","dbo","IV_QUESTIONARIO","379148396","OBJECT_OR_COLUMN","",""
"742345759","dbo","IV_PROCDADO","1646628909","OBJECT_OR_COLUMN","",""
"742345759","dbo","IV_PROCST","2062630391","OBJECT_OR_COLUMN","",""
"742345759","dbo","IV_PROCSTATMONIT","2094630505","OBJECT_OR_COLUMN","",""
"748021896","dbo","GE_PESSOA","1957582012","OBJECT_OR_COLUMN","",""
"748021896","dbo","IV_FORMULARIO","942626401","OBJECT_OR_COLUMN","",""
"748021896","dbo","IV_Q_RECEBIMENTO_A_PRAZO","700021725","OBJECT_OR_COLUMN","",""
"748021896","dbo","IV_QUESTIONARIO","379148396","OBJECT_OR_COLUMN","",""
"751497906","dbo","GE_MEMBRO","1669580986","OBJECT_OR_COLUMN","",""
"751497906","dbo","GE_USUARIO","914102297","OBJECT_OR_COLUMN","",""
"751497906","dbo","IV_OPERADOR","1294627655","OBJECT_OR_COLUMN","",""
"761925936","dbo","IV_GLOBALPAR","974626515","OBJECT_OR_COLUMN","",""
"761925936","dbo","IV_GLOBALPARCTRL","1006626629","OBJECT_OR_COLUMN","",""
"763305929","dbo","IV_GLOBALPAR","974626515","OBJECT_OR_COLUMN","",""
"763305929","dbo","IV_GLOBALPARCTRL","1006626629","OBJECT_OR_COLUMN","",""
"766117970","dbo","IV_CLIENTEPROPR","174623665","OBJECT_OR_COLUMN","",""
"767497963","dbo","GE_MEMBRO","1669580986","OBJECT_OR_COLUMN","",""
"767497963","dbo","GE_USUARIO","914102297","OBJECT_OR_COLUMN","",""
"767497963","dbo","IV_OPERADOR","1294627655","OBJECT_OR_COLUMN","",""
"774345873","dbo","IV_PROCSTATMONIT","2094630505","OBJECT_OR_COLUMN","",""
"779201876","dbo","GE_PESSOA","1957582012","OBJECT_OR_COLUMN","",""
"779201876","dbo","IV_FORMULARIO","942626401","OBJECT_OR_COLUMN","",""
"779201876","dbo","IV_Q_CHEGADA_IMPLEMENTO","731201705","OBJECT_OR_COLUMN","",""
"779201876","dbo","IV_QUESTIONARIO","379148396","OBJECT_OR_COLUMN","",""
"783498020","dbo","GE_OBJDINAMICO","1797581442","OBJECT_OR_COLUMN","",""
"785541982","dbo","GE_PESSOA","1957582012","OBJECT_OR_COLUMN","",""
"785541982","dbo","IV_FORMULARIO","942626401","OBJECT_OR_COLUMN","",""
"785541982","dbo","IV_Q_LOCACAO_COMISSAO","737541811","OBJECT_OR_COLUMN","",""
"785541982","dbo","IV_QUESTIONARIO","379148396","OBJECT_OR_COLUMN","",""
"789734016","dbo","GE_PESSOA","1957582012","OBJECT_OR_COLUMN","",""
"789734016","dbo","IV_FORMULARIO","942626401","OBJECT_OR_COLUMN","",""
"789734016","dbo","IV_Q_PREMIO_DEMO","741733845","OBJECT_OR_COLUMN","",""
"789734016","dbo","IV_QUESTIONARIO","379148396","OBJECT_OR_COLUMN","",""
"795306043","dbo","IV_GLOBALPAR","974626515","OBJECT_OR_COLUMN","",""
"795306043","dbo","IV_GLOBALPARCTRL","1006626629","OBJECT_OR_COLUMN","",""
"798118084","dbo","IV_CLIENTEPROPR","174623665","OBJECT_OR_COLUMN","",""
"799498077","dbo","GE_MEMBRO","1669580986","OBJECT_OR_COLUMN","",""
"799498077","dbo","GE_MODULOPERM","1765581328","OBJECT_OR_COLUMN","",""
"799498077","dbo","GE_USUARIO","914102297","OBJECT_OR_COLUMN","",""
"801489984","dbo","IV_GLOBALPAR","974626515","OBJECT_OR_COLUMN","",""
"801489984","dbo","IV_GLOBALPARCTRL","1006626629","OBJECT_OR_COLUMN","",""
"808546114","dbo","GE_PESSOA","1957582012","OBJECT_OR_COLUMN","",""
"808546114","dbo","IV_FORMULARIO","942626401","OBJECT_OR_COLUMN","",""
"808546114","dbo","IV_Q_VP_COLHEITADEIRA","760545943","OBJECT_OR_COLUMN","",""
"808546114","dbo","IV_QUESTIONARIO","379148396","OBJECT_OR_COLUMN","",""
"815498134","dbo","GE_MEMBRO","1669580986","OBJECT_OR_COLUMN","",""
"815498134","dbo","GE_USUARIO","914102297","OBJECT_OR_COLUMN","",""
"815498134","dbo","GE_USUARIOPERM","978102525","OBJECT_OR_COLUMN","",""
"817542096","dbo","EXT_Titulo","815446079","OBJECT_OR_COLUMN","",""
"821018106","dbo","EXT_TITULO","815446079","OBJECT_OR_COLUMN","",""
"829402174","dbo","GE_PESSOA","1957582012","OBJECT_OR_COLUMN","",""
"829402174","dbo","IV_FORMULARIO","942626401","OBJECT_OR_COLUMN","",""
"829402174","dbo","IV_Q_GAR_DATA_SERVICO","781402003","OBJECT_OR_COLUMN","",""
"829402174","dbo","IV_QUESTIONARIO","379148396","OBJECT_OR_COLUMN","",""
"830118198","dbo","IV_CLIENTEPROPR","174623665","OBJECT_OR_COLUMN","",""
"831498191","dbo","GE_POLSEGPERM","1632060900","OBJECT_OR_COLUMN","",""
"831498191","dbo","GE_USUARIO","914102297","OBJECT_OR_COLUMN","",""
"832878184","dbo","GE_PESSOA","1957582012","OBJECT_OR_COLUMN","",""
"832878184","dbo","IV_FORMULARIO","942626401","OBJECT_OR_COLUMN","",""
"832878184","dbo","IV_Q_VENDA_PERDIDA_JDE","1248059532","OBJECT_OR_COLUMN","",""
"832878184","dbo","IV_QUESTIONARIO","379148396","OBJECT_OR_COLUMN","",""
"834258177","dbo","EXT_NFS","463444825","OBJECT_OR_COLUMN","",""
"834258177","dbo","EXT_Veic","911446421","OBJECT_OR_COLUMN","",""
"834258177","dbo","EXT_VeicFam","343776382","OBJECT_OR_COLUMN","",""
"834258177","dbo","EXT_VeicMarca","407776610","OBJECT_OR_COLUMN","",""
"834258177","dbo","EXT_VeicModelo","1135447219","OBJECT_OR_COLUMN","",""
"834258177","dbo","f_s_campo","1392060045","OBJECT_OR_COLUMN","",""
"834258177","dbo","f_s_dado","1376059988","OBJECT_OR_COLUMN","",""
"834258177","dbo","GE_PARAMLISTA","1893581784","OBJECT_OR_COLUMN","",""
"834258177","dbo","gep_import","1319011780","OBJECT_OR_COLUMN","",""
"834258177","dbo","IV_CLIENTEPROPR","174623665","OBJECT_OR_COLUMN","",""
"841210197","dbo","GE_PESSOA","1957582012","OBJECT_OR_COLUMN","",""
"841210197","dbo","IV_FORMULARIO","942626401","OBJECT_OR_COLUMN","",""
"841210197","dbo","IV_Q_AFERICAO_MAQ_1_CONT","793210026","OBJECT_OR_COLUMN","",""
"841210197","dbo","IV_QUESTIONARIO","379148396","OBJECT_OR_COLUMN","",""
"844022238","dbo","IV_CLIENTEPROPR","174623665","OBJECT_OR_COLUMN","",""
"848878241","dbo","GE_PESSOA","1957582012","OBJECT_OR_COLUMN","",""
"848878241","dbo","IV_FORMULARIO","942626401","OBJECT_OR_COLUMN","",""
"848878241","dbo","IV_Q_COMPETIDORES_NA_NEGO","1955538050","OBJECT_OR_COLUMN","",""
"848878241","dbo","IV_QUESTIONARIO","379148396","OBJECT_OR_COLUMN","",""
"852966165","dbo","EXT_NFS","463444825","OBJECT_OR_COLUMN","",""
"852966165","dbo","EXT_NFSITEM","527445053","OBJECT_OR_COLUMN","",""
"852966165","dbo","fva_UnFormatCGCCPF","1273107626","OBJECT_OR_COLUMN","",""
"864162274","dbo","GE_PESSOA","1957582012","OBJECT_OR_COLUMN","",""
"864162274","dbo","IV_FORMULARIO","942626401","OBJECT_OR_COLUMN","",""
"864162274","dbo","IV_Q_SERVICO_EXTERNOS_JD","816162103","OBJECT_OR_COLUMN","",""
"864162274","dbo","IV_QUESTIONARIO","379148396","OBJECT_OR_COLUMN","",""
"864878298","dbo","GE_PESSOA","1957582012","OBJECT_OR_COLUMN","",""
"864878298","dbo","IV_FORMULARIO","942626401","OBJECT_OR_COLUMN","",""
"864878298","dbo","IV_Q_DEMO_TRATOR","610869293","OBJECT_OR_COLUMN","",""
"864878298","dbo","IV_QUESTIONARIO","379148396","OBJECT_OR_COLUMN","",""
"868966222","dbo","EXT_OS","591445281","OBJECT_OR_COLUMN","",""
"868966222","dbo","EXT_OSITEM","1685737208","OBJECT_OR_COLUMN","",""
"868966222","dbo","fva_UnFormatCGCCPF","1273107626","OBJECT_OR_COLUMN","",""
"869630191","dbo","f_s_dado","1376059988","OBJECT_OR_COLUMN","",""
"869630191","dbo","f_s_dado_N","901630305","OBJECT_OR_COLUMN","",""
"869630191","dbo","gep_import","1319011780","OBJECT_OR_COLUMN","",""
"869630191","dbo","IV_CLIENTEPROPR","174623665","OBJECT_OR_COLUMN","",""
"869630191","dbo","IV_GLOBALPAR","974626515","OBJECT_OR_COLUMN","",""
"869630191","dbo","IV_HISTORICO","1102626971","OBJECT_OR_COLUMN","",""
"869630191","dbo","IV_Q$ACOMPANH_VENDA_JDE","98255555","OBJECT_OR_COLUMN","",""
"878118369","dbo","IV_CLIENTEPROPR","174623665","OBJECT_OR_COLUMN","",""
"913490383","dbo","IV_GLOBALPAR","974626515","OBJECT_OR_COLUMN","",""
"913490383","dbo","IV_GLOBALPARCTRL","1006626629","OBJECT_OR_COLUMN","",""
"914870376","dbo","GE_PESSOA","1957582012","OBJECT_OR_COLUMN","",""
"914870376","dbo","IV_FORMULARIO","942626401","OBJECT_OR_COLUMN","",""
"914870376","dbo","IV_Q_PREVISAO_RECEBIMENTO","866870205","OBJECT_OR_COLUMN","",""
"914870376","dbo","IV_QUESTIONARIO","379148396","OBJECT_OR_COLUMN","",""
"929490440","dbo","IV_PROCDADO","1646628909","OBJECT_OR_COLUMN","",""
"929490440","dbo","IV_PROCESSO","1710629137","OBJECT_OR_COLUMN","",""
"929490440","dbo","IV_PROCPERSP","1838629593","OBJECT_OR_COLUMN","",""
"929490440","dbo","IV_PROCSTATMONIT","2094630505","OBJECT_OR_COLUMN","",""
"933734529","dbo","IV_CLIENTEPROPR","174623665","OBJECT_OR_COLUMN","",""
"935830546","dbo","GE_PESSOA","1957582012","OBJECT_OR_COLUMN","",""
"935830546","dbo","IV_FORMULARIO","942626401","OBJECT_OR_COLUMN","",""
"935830546","dbo","IV_Q_EVENTOS_AFERICAO","1795641590","OBJECT_OR_COLUMN","",""
"935830546","dbo","IV_QUESTIONARIO","379148396","OBJECT_OR_COLUMN","",""
"960058506","dbo","IV_GLOBALPAR","974626515","OBJECT_OR_COLUMN","",""
"960058506","dbo","IV_GLOBALPARCTRL","1006626629","OBJECT_OR_COLUMN","",""
"962974657","dbo","GE_PESSOA","1957582012","OBJECT_OR_COLUMN","",""
"962974657","dbo","IV_FORMULARIO","942626401","OBJECT_OR_COLUMN","",""
"962974657","dbo","IV_Q_VENDA_DSI","914974486","OBJECT_OR_COLUMN","",""
"962974657","dbo","IV_QUESTIONARIO","379148396","OBJECT_OR_COLUMN","",""
"967830660","dbo","IV_Acao","1458104235","OBJECT_OR_COLUMN","",""
"967830660","dbo","IV_CLASSERES","78623323","OBJECT_OR_COLUMN","",""
"967830660","dbo","IV_HISTORICO","1102626971","OBJECT_OR_COLUMN","",""
"967830660","dbo","IV_PROCDADO","1646628909","OBJECT_OR_COLUMN","",""
"967830660","dbo","IV_RESCLASSE","475148738","OBJECT_OR_COLUMN","",""
"967830660","dbo","IV_RESULTADO","603149194","OBJECT_OR_COLUMN","",""
"967830660","dbo","IVS_PES","152491722","OBJECT_OR_COLUMN","",""
"977594721","dbo","GE_Contato","1109578991","OBJECT_OR_COLUMN","",""
"977594721","dbo","GE_Pessoa","1957582012","OBJECT_OR_COLUMN","",""
"983830717","dbo","GE_Empresa","1301579675","OBJECT_OR_COLUMN","",""
"983830717","dbo","GE_Pessoa","1957582012","OBJECT_OR_COLUMN","",""
"983830717","dbo","GE_Usuario","914102297","OBJECT_OR_COLUMN","",""
"983830717","dbo","IVS_CARTEIRA","1755153298","OBJECT_OR_COLUMN","",""
"983830717","dbo","IVS_Depto","1787153412","OBJECT_OR_COLUMN","",""
"983830717","dbo","IVS_PES","152491722","OBJECT_OR_COLUMN","",""
"986642758","dbo","GE_PESSOA","1957582012","OBJECT_OR_COLUMN","",""
"986642758","dbo","IV_FORMULARIO","942626401","OBJECT_OR_COLUMN","",""
"986642758","dbo","IV_Q_DEMONSTRACAO_JD","820354137","OBJECT_OR_COLUMN","",""
"986642758","dbo","IV_QUESTIONARIO","379148396","OBJECT_OR_COLUMN","",""
"992878754","dbo","GE_PESSOA","1957582012","OBJECT_OR_COLUMN","",""
"992878754","dbo","IV_FORMULARIO","942626401","OBJECT_OR_COLUMN","",""
"992878754","dbo","IV_Q_RECEBIMENTO_COMISSAO","944878583","OBJECT_OR_COLUMN","",""
"992878754","dbo","IV_QUESTIONARIO","379148396","OBJECT_OR_COLUMN","",""
"993490668","dbo","IV_HISTORICO","1102626971","OBJECT_OR_COLUMN","",""
"993490668","dbo","IV_PROCDADO","1646628909","OBJECT_OR_COLUMN","",""
"993490668","dbo","IV_PROCESSO","1710629137","OBJECT_OR_COLUMN","",""
"993490668","dbo","IV_PROCPERSP","1838629593","OBJECT_OR_COLUMN","",""
"993490668","dbo","IV_PROCSTATMONIT","2094630505","OBJECT_OR_COLUMN","",""
"994258747","dbo","GE_PESSOA","1957582012","OBJECT_OR_COLUMN","",""
"994258747","dbo","IV_FORMULARIO","942626401","OBJECT_OR_COLUMN","",""
"994258747","dbo","IV_Q_ANALISE_DE_CREDITO","","OBJECT_OR_COLUMN","",""
"994258747","dbo","IV_QUESTIONARIO","379148396","OBJECT_OR_COLUMN","",""
"1006118825","dbo","IV_CLIENTEPROPR","174623665","OBJECT_OR_COLUMN","",""
"1013630704","dbo","IV_CLIENTEATRIB","110623437","OBJECT_OR_COLUMN","",""
"1017158769","dbo","IV_GLOBALPAR","974626515","OBJECT_OR_COLUMN","",""
"1017158769","dbo","IV_GLOBALPARCTRL","1006626629","OBJECT_OR_COLUMN","",""
"1019202731","dbo","GE_PESSOA","1957582012","OBJECT_OR_COLUMN","",""
"1019202731","dbo","IV_FORMULARIO","942626401","OBJECT_OR_COLUMN","",""
"1019202731","dbo","IV_Q_RECEB_FINAN_IMPLEM","971202560","OBJECT_OR_COLUMN","",""
"1019202731","dbo","IV_QUESTIONARIO","379148396","OBJECT_OR_COLUMN","",""
"1022066827","dbo","GE_PESSOA","1957582012","OBJECT_OR_COLUMN","",""
"1022066827","dbo","IV_FORMULARIO","942626401","OBJECT_OR_COLUMN","",""
"1022066827","dbo","IV_Q_ACOMP_VENDA_MANITOU","1208495484","OBJECT_OR_COLUMN","",""
"1022066827","dbo","IV_QUESTIONARIO","379148396","OBJECT_OR_COLUMN","",""
"1023498875","dbo","EXT_TITULO","815446079","OBJECT_OR_COLUMN","",""
"1023498875","dbo","GE_EMPRESA","1301579675","OBJECT_OR_COLUMN","",""
"1029630761","dbo","IV_CLIENTEATRIB","110623437","OBJECT_OR_COLUMN","",""
"1033210881","dbo","GE_PESSOA","1957582012","OBJECT_OR_COLUMN","",""
"1033210881","dbo","IV_FORMULARIO","942626401","OBJECT_OR_COLUMN","",""
"1033210881","dbo","IV_Q_AFERICAO_MAQ_1_WEB","985210710","OBJECT_OR_COLUMN","",""
"1033210881","dbo","IV_QUESTIONARIO","379148396","OBJECT_OR_COLUMN","",""
"1035202788","dbo","GE_PESSOA","1957582012","OBJECT_OR_COLUMN","",""
"1054066941","dbo","GE_PESSOA","1957582012","OBJECT_OR_COLUMN","",""
"1054066941","dbo","IV_FORMULARIO","942626401","OBJECT_OR_COLUMN","",""
"1054066941","dbo","IV_Q_ACOMP_VENDA_USADO","421016681","OBJECT_OR_COLUMN","",""
"1054066941","dbo","IV_QUESTIONARIO","379148396","OBJECT_OR_COLUMN","",""
"1064494971","dbo","GE_PESSOA","1957582012","OBJECT_OR_COLUMN","",""
"1064494971","dbo","IV_FORMULARIO","942626401","OBJECT_OR_COLUMN","",""
"1064494971","dbo","IV_Q_ACOMP_VENDA_DIRETA","1588968787","OBJECT_OR_COLUMN","",""
"1064494971","dbo","IV_QUESTIONARIO","379148396","OBJECT_OR_COLUMN","",""
"1064547026","dbo","GE_PESSOA","1957582012","OBJECT_OR_COLUMN","",""
"1064547026","dbo","IV_FORMULARIO","942626401","OBJECT_OR_COLUMN","",""
"1064547026","dbo","IV_Q_VP_PLANTADEIRA","1016546855","OBJECT_OR_COLUMN","",""
"1064547026","dbo","IV_QUESTIONARIO","379148396","OBJECT_OR_COLUMN","",""
"1085403086","dbo","GE_PESSOA","1957582012","OBJECT_OR_COLUMN","",""
"1085403086","dbo","IV_FORMULARIO","942626401","OBJECT_OR_COLUMN","",""
"1085403086","dbo","IV_Q_OS_CORTESIA","1037402915","OBJECT_OR_COLUMN","",""
"1085403086","dbo","IV_QUESTIONARIO","379148396","OBJECT_OR_COLUMN","",""
"1087499103","dbo","GE_PESSOA","1957582012","OBJECT_OR_COLUMN","",""
"1090975113","dbo","GE_PESSOA","1957582012","OBJECT_OR_COLUMN","",""
"1090975113","dbo","IV_FORMULARIO","942626401","OBJECT_OR_COLUMN","",""
"1090975113","dbo","IV_Q_TICKET_DSI","1042974942","OBJECT_OR_COLUMN","",""
"1090975113","dbo","IV_QUESTIONARIO","379148396","OBJECT_OR_COLUMN","",""
"1103499160","dbo","fva_DateTimeFromParts","1071499046","OBJECT_OR_COLUMN","",""
"1103499160","dbo","fva_StrMaskLGPD","127495683","OBJECT_OR_COLUMN","",""
"1103499160","dbo","GE_PESSOA","1957582012","OBJECT_OR_COLUMN","",""
"1111115149","dbo","GE_Empresa","1301579675","OBJECT_OR_COLUMN","",""
"1111115149","dbo","GE_Pessoa","1957582012","OBJECT_OR_COLUMN","",""
"1111115149","dbo","IV_HISTORICO","1102626971","OBJECT_OR_COLUMN","",""
"1111115149","dbo","IV_PROCDADO","1646628909","OBJECT_OR_COLUMN","",""
"1111115149","dbo","IV_Resultado","603149194","OBJECT_OR_COLUMN","",""
"1119499217","dbo","GE_CONTATO","1109578991","OBJECT_OR_COLUMN","",""
"1120879210","dbo","GE_PESSOA","1957582012","OBJECT_OR_COLUMN","",""
"1120879210","dbo","IV_FORMULARIO","942626401","OBJECT_OR_COLUMN","",""
"1120879210","dbo","IV_Q_VENDA_CONSORCIO","1072879039","OBJECT_OR_COLUMN","",""
"1120879210","dbo","IV_QUESTIONARIO","379148396","OBJECT_OR_COLUMN","",""
"1122975227","dbo","IV_CLIENTEPROPR","174623665","OBJECT_OR_COLUMN","",""
"1135499274","dbo","fva_DateTimeFromParts","1071499046","OBJECT_OR_COLUMN","",""
"1135499274","dbo","fva_StrMaskLGPD","127495683","OBJECT_OR_COLUMN","",""
"1135499274","dbo","GE_CONTATO","1109578991","OBJECT_OR_COLUMN","",""
"1141019246","dbo","GE_PESSOA","1957582012","OBJECT_OR_COLUMN","",""
"1141019246","dbo","IV_FORMULARIO","942626401","OBJECT_OR_COLUMN","",""
"1141019246","dbo","IV_Q_COMISSAO_LOCACAO","","OBJECT_OR_COLUMN","",""
"1141019246","dbo","IV_QUESTIONARIO","379148396","OBJECT_OR_COLUMN","",""
"1141071301","dbo","GE_PESSOA","1957582012","OBJECT_OR_COLUMN","",""
"1141071301","dbo","IV_FORMULARIO","942626401","OBJECT_OR_COLUMN","",""
"1141071301","dbo","IV_Q_COTA_CONSORCIO","1093071130","OBJECT_OR_COLUMN","",""
"1141071301","dbo","IV_QUESTIONARIO","379148396","OBJECT_OR_COLUMN","",""
"1145159225","dbo","GE_CIDADE","1799781569","OBJECT_OR_COLUMN","",""
"1145159225","dbo","GE_PESSOA","1957582012","OBJECT_OR_COLUMN","",""
"1146539218","dbo","GE_PESSOA","1957582012","OBJECT_OR_COLUMN","",""
"1146539218","dbo","IV_FORMULARIO","942626401","OBJECT_OR_COLUMN","",""
"1146539218","dbo","IV_Q_ACOMPAN_COMPRA_JDE","402868552","OBJECT_OR_COLUMN","",""
"1146539218","dbo","IV_QUESTIONARIO","379148396","OBJECT_OR_COLUMN","",""
"1147203187","dbo","GE_PESSOA","1957582012","OBJECT_OR_COLUMN","",""
"1147203187","dbo","GE_PESSOAVERSAO","322100188","OBJECT_OR_COLUMN","",""
"1147203187","dbo","OUT_PESSOA","23111273","OBJECT_OR_COLUMN","",""
"1150119338","dbo","IV_CLIENTEPROPR","174623665","OBJECT_OR_COLUMN","",""
"1151499331","dbo","GE_EMAIL","441820686","OBJECT_OR_COLUMN","",""
"1161159282","dbo","IV_GLOBALPAR","974626515","OBJECT_OR_COLUMN","",""
"1161159282","dbo","IV_GLOBALPARCTRL","1006626629","OBJECT_OR_COLUMN","",""
"1161211337","dbo","GE_PESSOA","1957582012","OBJECT_OR_COLUMN","",""
"1161211337","dbo","IV_FORMULARIO","942626401","OBJECT_OR_COLUMN","",""
"1161211337","dbo","IV_Q_AFERICAO_MAQ_2_WEB","1113211166","OBJECT_OR_COLUMN","",""
"1161211337","dbo","IV_QUESTIONARIO","379148396","OBJECT_OR_COLUMN","",""
"1162591330","dbo","GE_EMPRESA","1301579675","OBJECT_OR_COLUMN","",""
"1162591330","dbo","GE_USUARIO","914102297","OBJECT_OR_COLUMN","",""
"1162591330","dbo","IVS_CARTEIRA","1755153298","OBJECT_OR_COLUMN","",""
"1162591330","dbo","IVS_DEPTO","1787153412","OBJECT_OR_COLUMN","",""
"1162591330","dbo","IVS_PES","152491722","OBJECT_OR_COLUMN","",""
"1163307354","dbo","IV_PROCDADO","1646628909","OBJECT_OR_COLUMN","",""
"1163307354","dbo","IV_PROCESSO","1710629137","OBJECT_OR_COLUMN","",""
"1163307354","dbo","IV_Q$ACOMPANH_VENDA_JDE","98255555","OBJECT_OR_COLUMN","",""
"1166783364","dbo","GE_Pessoa","1957582012","OBJECT_OR_COLUMN","",""
"1166783364","dbo","IV_Formulario","942626401","OBJECT_OR_COLUMN","",""
"1166783364","dbo","IV_Q_GESTAO_CREDITO_IMP","670781597","OBJECT_OR_COLUMN","",""
"1166783364","dbo","IV_Questionario","379148396","OBJECT_OR_COLUMN","",""
"1167499388","dbo","GE_EMAIL","441820686","OBJECT_OR_COLUMN","",""
"1167499388","dbo","GE_PESSOA","1957582012","OBJECT_OR_COLUMN","",""
"1169595405","dbo","GE_PESSOA","1957582012","OBJECT_OR_COLUMN","",""
"1169595405","dbo","IV_FORMULARIO","942626401","OBJECT_OR_COLUMN","",""
"1169595405","dbo","IV_Q_DEVOLUCAO_PUK","1121595234","OBJECT_OR_COLUMN","",""
"1169595405","dbo","IV_QUESTIONARIO","379148396","OBJECT_OR_COLUMN","",""
"1180583294","dbo","GE_PESSOA","1957582012","OBJECT_OR_COLUMN","",""
"1180583294","dbo","IV_FORMULARIO","942626401","OBJECT_OR_COLUMN","",""
"1180583294","dbo","IV_Q_PESQ_SATISFACAO_PECA","","OBJECT_OR_COLUMN","",""
"1180583294","dbo","IV_QUESTIONARIO","379148396","OBJECT_OR_COLUMN","",""
"1183395335","dbo","IV_HISTORICO","1102626971","OBJECT_OR_COLUMN","",""
"1183395335","dbo","IVS_DEPTORES","857106144","OBJECT_OR_COLUMN","",""
"1183395335","dbo","IVS_PES","152491722","OBJECT_OR_COLUMN","",""
"1183499445","dbo","GE_PESSOAFONE","1992446222","OBJECT_OR_COLUMN","",""
"1185595462","dbo","GE_PESSOA","1957582012","OBJECT_OR_COLUMN","",""
"1185595462","dbo","IV_FORMULARIO","942626401","OBJECT_OR_COLUMN","",""
"1185595462","dbo","IV_Q_VENDA_SEMINOVO","629069477","OBJECT_OR_COLUMN","",""
"1185595462","dbo","IV_QUESTIONARIO","379148396","OBJECT_OR_COLUMN","",""
"1191831458","dbo","GE_PESSOA","1957582012","OBJECT_OR_COLUMN","",""
"1191831458","dbo","IV_FORMULARIO","942626401","OBJECT_OR_COLUMN","",""
"1191831458","dbo","IV_Q_VENDA_PERDIDA_SEGURO","1111831173","OBJECT_OR_COLUMN","",""
"1191831458","dbo","IV_QUESTIONARIO","379148396","OBJECT_OR_COLUMN","",""
"1192495427","dbo","GE_PESSOA","1957582012","OBJECT_OR_COLUMN","",""
"1192495427","dbo","IV_FORMULARIO","942626401","OBJECT_OR_COLUMN","",""
"1192495427","dbo","IV_Q_VENDA_PERDIDA_MANITO","1144495256","OBJECT_OR_COLUMN","",""
"1192495427","dbo","IV_QUESTIONARIO","379148396","OBJECT_OR_COLUMN","",""
"1192547482","dbo","GE_PESSOA","1957582012","OBJECT_OR_COLUMN","",""
"1192547482","dbo","IV_FORMULARIO","942626401","OBJECT_OR_COLUMN","",""
"1192547482","dbo","IV_Q_VENDA_DIRETA","1144547311","OBJECT_OR_COLUMN","",""
"1192547482","dbo","IV_QUESTIONARIO","379148396","OBJECT_OR_COLUMN","",""
"1195307468","dbo","GE_LgTb","1605580758","OBJECT_OR_COLUMN","",""
"1195307468","dbo","IV_AGENDA","1746105261","OBJECT_OR_COLUMN","",""
"1195307468","dbo","IV_HISTORICO","1102626971","OBJECT_OR_COLUMN","",""
"1195307468","dbo","IV_PROCDADO","1646628909","OBJECT_OR_COLUMN","",""
"1195307468","dbo","IV_PROCESSO","1710629137","OBJECT_OR_COLUMN","",""
"1195307468","dbo","IV_Q$ACOMP_VEND_MAQUINAS","1211307525","OBJECT_OR_COLUMN","",""
"1195307468","dbo","IV_Q$ACOMPANH_VENDA_JDE","98255555","OBJECT_OR_COLUMN","",""
"1195307468","dbo","IV_Q$GESTAO_CREDITO","1207831515","OBJECT_OR_COLUMN","",""
"1195307468","dbo","IV_Q$GESTAO_CREDITO_AMS","1230783592","OBJECT_OR_COLUMN","",""
"1195307468","dbo","IV_Q$GESTAO_CREDITO_IMP","1166783364","OBJECT_OR_COLUMN","",""
"1195307468","dbo","IV_Q$GESTAO_PRODUTO___AMS","55827411","OBJECT_OR_COLUMN","",""
"1195307468","dbo","IV_Q$GESTAO_PRODUTO_IMPL","39827354","OBJECT_OR_COLUMN","",""
"1195307468","dbo","IV_RESULTADO","603149194","OBJECT_OR_COLUMN","",""
"1195919382","dbo","f_s_dado","1376059988","OBJECT_OR_COLUMN","",""
"1195919382","dbo","GE_PESSOA","1957582012","OBJECT_OR_COLUMN","",""
"1195919382","dbo","gep_import","1319011780","OBJECT_OR_COLUMN","",""
"1195919382","dbo","IV_HISTORICO","1102626971","OBJECT_OR_COLUMN","",""
"1195919382","dbo","IV_RESULTADO","603149194","OBJECT_OR_COLUMN","",""
"1199499502","dbo","GE_PESSOA","1957582012","OBJECT_OR_COLUMN","",""
"1199499502","dbo","GE_PESSOAFONE","1992446222","OBJECT_OR_COLUMN","",""
"1202871402","dbo","IV_FICHANEGVEIC","846626059","OBJECT_OR_COLUMN","",""
"1202871402","dbo","IV_PROCDADO","1646628909","OBJECT_OR_COLUMN","",""
"1202871402","dbo","IV_PROCESSO","1710629137","OBJECT_OR_COLUMN","",""
"1207831515","dbo","GE_PESSOA","1957582012","OBJECT_OR_COLUMN","",""
"1207831515","dbo","IV_FORMULARIO","942626401","OBJECT_OR_COLUMN","",""
"1207831515","dbo","IV_Q_GESTAO_CREDITO","1586260856","OBJECT_OR_COLUMN","",""
"1207831515","dbo","IV_QUESTIONARIO","379148396","OBJECT_OR_COLUMN","",""
"1210591501","dbo","IV_CLIENTEPROPR","174623665","OBJECT_OR_COLUMN","",""
"1211307525","dbo","GE_PESSOA","1957582012","OBJECT_OR_COLUMN","",""
"1211307525","dbo","IV_FORMULARIO","942626401","OBJECT_OR_COLUMN","",""
"1211307525","dbo","IV_Q_ACOMP_VEND_MAQUINAS","1330259944","OBJECT_OR_COLUMN","",""
"1211307525","dbo","IV_QUESTIONARIO","379148396","OBJECT_OR_COLUMN","",""
"1211919439","dbo","GE_EMPRESA","1301579675","OBJECT_OR_COLUMN","",""
"1215499559","dbo","GE_PESSOAEND","2085582468","OBJECT_OR_COLUMN","",""
"1217543521","dbo","IV_CLIENTEPROPR","174623665","OBJECT_OR_COLUMN","",""
"1227919496","dbo","GE_USUARIO","914102297","OBJECT_OR_COLUMN","",""
"1230783592","dbo","GE_Pessoa","1957582012","OBJECT_OR_COLUMN","",""
"1230783592","dbo","IV_Formulario","942626401","OBJECT_OR_COLUMN","",""
"1230783592","dbo","IV_Q_GESTAO_CREDITO_AMS","1182783421","OBJECT_OR_COLUMN","",""
"1230783592","dbo","IV_Questionario","379148396","OBJECT_OR_COLUMN","",""
"1231499616","dbo","fva_StrMaskLGPD","127495683","OBJECT_OR_COLUMN","",""
"1231499616","dbo","GE_PESSOA","1957582012","OBJECT_OR_COLUMN","",""
"1231499616","dbo","GE_PESSOAEND","2085582468","OBJECT_OR_COLUMN","",""
"1234975626","dbo","GE_Empresa","1301579675","OBJECT_OR_COLUMN","",""
"1234975626","dbo","GE_PESSOA","1957582012","OBJECT_OR_COLUMN","",""
"1234975626","dbo","GE_Usuario","914102297","OBJECT_OR_COLUMN","",""
"1234975626","dbo","IVS_CARTEIRA","1755153298","OBJECT_OR_COLUMN","",""
"1234975626","dbo","IVS_DEPTO","1787153412","OBJECT_OR_COLUMN","",""
"1234975626","dbo","IVS_DEPTOPOT","1367832085","OBJECT_OR_COLUMN","",""
"1234975626","dbo","IVS_PES","152491722","OBJECT_OR_COLUMN","",""
"1240547653","dbo","GE_PESSOA","1957582012","OBJECT_OR_COLUMN","",""
"1240547653","dbo","IV_FORMULARIO","942626401","OBJECT_OR_COLUMN","",""
"1240547653","dbo","IV_Q_VENDA","336876417","OBJECT_OR_COLUMN","",""
"1240547653","dbo","IV_QUESTIONARIO","379148396","OBJECT_OR_COLUMN","",""
"1242591615","dbo","GE_EMPRESA","1301579675","OBJECT_OR_COLUMN","",""
"1242591615","dbo","GE_USUARIO","914102297","OBJECT_OR_COLUMN","",""
"1242591615","dbo","IVS_CARTEIRA","1755153298","OBJECT_OR_COLUMN","",""
"1242591615","dbo","IVS_DEPTO","1787153412","OBJECT_OR_COLUMN","",""
"1242591615","dbo","IVS_PES","152491722","OBJECT_OR_COLUMN","",""
"1243919553","dbo","IVS_DEPTO","1787153412","OBJECT_OR_COLUMN","",""
"1246067625","dbo","IV_GLOBALPAR","974626515","OBJECT_OR_COLUMN","",""
"1246067625","dbo","IV_GLOBALPARCTRL","1006626629","OBJECT_OR_COLUMN","",""
"1246783649","dbo","GE_PESSOA","1957582012","OBJECT_OR_COLUMN","",""
"1246783649","dbo","IV_FORMULARIO","942626401","OBJECT_OR_COLUMN","",""
"1246783649","dbo","IV_Q_CONT_COMISSAO_22","2066262566","OBJECT_OR_COLUMN","",""
"1246783649","dbo","IV_QUESTIONARIO","379148396","OBJECT_OR_COLUMN","",""
"1247499673","dbo","IV_CODPROCESSO","430624577","OBJECT_OR_COLUMN","",""
"1247499673","dbo","IV_PROCDADO","1646628909","OBJECT_OR_COLUMN","",""
"1247499673","dbo","IV_PROCESSO","1710629137","OBJECT_OR_COLUMN","",""
"1248879666","dbo","GE_PESSOA","1957582012","OBJECT_OR_COLUMN","",""
"1248879666","dbo","IV_FORMULARIO","942626401","OBJECT_OR_COLUMN","",""
"1248879666","dbo","IV_Q_VENDA","336876417","OBJECT_OR_COLUMN","",""
"1248879666","dbo","IV_QUESTIONARIO","379148396","OBJECT_OR_COLUMN","",""
"1249543635","dbo","GE_PESSOA","1957582012","OBJECT_OR_COLUMN","",""
"1249543635","dbo","IVS_Carteira","1755153298","OBJECT_OR_COLUMN","",""
"1249543635","dbo","IVS_Depto","1787153412","OBJECT_OR_COLUMN","",""
"1249543635","dbo","IVS_Depto","","OBJECT_OR_COLUMN","","CRM_RESTORE"
"1249543635","dbo","IVS_Pes","152491722","OBJECT_OR_COLUMN","",""
"1249543635","dbo","IVS_Pes","","OBJECT_OR_COLUMN","","CRM_setembro"
"1258591672","dbo","GE_EMPRESA","1301579675","OBJECT_OR_COLUMN","",""
"1258591672","dbo","GE_USUARIO","914102297","OBJECT_OR_COLUMN","",""
"1258591672","dbo","IVS_CARTEIRA","1755153298","OBJECT_OR_COLUMN","",""
"1258591672","dbo","IVS_DEPTO","1787153412","OBJECT_OR_COLUMN","",""
"1258591672","dbo","IVS_PES","152491722","OBJECT_OR_COLUMN","",""
"1258643727","dbo","GE_PESSOA","1957582012","OBJECT_OR_COLUMN","",""
"1258643727","dbo","IV_FORMULARIO","942626401","OBJECT_OR_COLUMN","",""
"1258643727","dbo","IV_Q_COM_INTERESSE_FUTURO","1210643556","OBJECT_OR_COLUMN","",""
"1258643727","dbo","IV_QUESTIONARIO","379148396","OBJECT_OR_COLUMN","",""
"1260023720","dbo","IV_CLIENTEPROPR","174623665","OBJECT_OR_COLUMN","",""
"1264879723","dbo","GE_PESSOA","1957582012","OBJECT_OR_COLUMN","",""
"1264879723","dbo","IV_FORMULARIO","942626401","OBJECT_OR_COLUMN","",""
"1264879723","dbo","IV_Q_ADM_FINANCEIRO","464876873","OBJECT_OR_COLUMN","",""
"1264879723","dbo","IV_QUESTIONARIO","379148396","OBJECT_OR_COLUMN","",""
"1274591729","dbo","IV_GLOBALPAR","974626515","OBJECT_OR_COLUMN","",""
"1274591729","dbo","IV_GLOBALPARCTRL","1006626629","OBJECT_OR_COLUMN","",""
"1275307753","dbo","GE_PESSOA","1957582012","OBJECT_OR_COLUMN","",""
"1275307753","dbo","IV_FORMULARIO","942626401","OBJECT_OR_COLUMN","",""
"1275307753","dbo","IV_Q_VENDA_PERDIDA_PROD","46779374","OBJECT_OR_COLUMN","",""
"1275307753","dbo","IV_QUESTIONARIO","379148396","OBJECT_OR_COLUMN","",""
"1276687746","dbo","GE_Pessoa","1957582012","OBJECT_OR_COLUMN","",""
"1276687746","dbo","IV_Formulario","942626401","OBJECT_OR_COLUMN","",""
"1276687746","dbo","IV_Q_DEMO_MAQUINAS","1228687575","OBJECT_OR_COLUMN","",""
"1276687746","dbo","IV_Questionario","379148396","OBJECT_OR_COLUMN","",""
"1279499787","dbo","GE_PESSOA","1957582012","OBJECT_OR_COLUMN","",""
"1279499787","dbo","IV_FORMULARIO","942626401","OBJECT_OR_COLUMN","",""
"1279499787","dbo","IV_Q_VISITA_DSI","466972890","OBJECT_OR_COLUMN","",""
"1279499787","dbo","IV_QUESTIONARIO","379148396","OBJECT_OR_COLUMN","",""
"1280163756","dbo","IV_CLIENTEPROPR","174623665","OBJECT_OR_COLUMN","",""
"1288495769","dbo","GE_Pessoa","1957582012","OBJECT_OR_COLUMN","",""
"1288495769","dbo","IV_Formulario","942626401","OBJECT_OR_COLUMN","",""
"1288495769","dbo","IV_Q_COMISSAO","767393853","OBJECT_OR_COLUMN","",""
"1288495769","dbo","IV_Questionario","379148396","OBJECT_OR_COLUMN","",""
"1289107683","dbo","EXT_NFS","463444825","OBJECT_OR_COLUMN","",""
"1289107683","dbo","EXT_NFSITEM","527445053","OBJECT_OR_COLUMN","",""
"1289107683","dbo","fva_UnFormatCGCCPF","1273107626","OBJECT_OR_COLUMN","",""
"1289211793","dbo","GE_PESSOA","1957582012","OBJECT_OR_COLUMN","",""
"1289211793","dbo","IV_FORMULARIO","942626401","OBJECT_OR_COLUMN","",""
"1289211793","dbo","IV_Q_AFERICAO_MAQ_3_WEB","1241211622","OBJECT_OR_COLUMN","",""
"1289211793","dbo","IV_QUESTIONARIO","379148396","OBJECT_OR_COLUMN","",""
"1290643841","dbo","GE_PESSOA","1957582012","OBJECT_OR_COLUMN","",""
"1290643841","dbo","IV_FORMULARIO","942626401","OBJECT_OR_COLUMN","",""
"1290643841","dbo","IV_Q_PEDIDO_SAM","849594265","OBJECT_OR_COLUMN","",""
"1290643841","dbo","IV_QUESTIONARIO","379148396","OBJECT_OR_COLUMN","",""
"1291307810","dbo","IV_HISTORICO","1102626971","OBJECT_OR_COLUMN","",""
"1291307810","dbo","IV_PROCDADO","1646628909","OBJECT_OR_COLUMN","",""
"1291307810","dbo","IV_PROCESSO","1710629137","OBJECT_OR_COLUMN","",""
"1291307810","dbo","iv_q$venda_perdida","2142786841","OBJECT_OR_COLUMN","",""
"1291307810","dbo","iv_q$venda_perdida_prod","1275307753","OBJECT_OR_COLUMN","",""
"1291307810","dbo","IV_RESULTADO","603149194","OBJECT_OR_COLUMN","",""
"1291919724","dbo","GE_MEMBRO","1669580986","OBJECT_OR_COLUMN","",""
"1291919724","dbo","GE_USUARIO","914102297","OBJECT_OR_COLUMN","",""
"1294067796","dbo","IV_CLIENTEPROPR","174623665","OBJECT_OR_COLUMN","",""
"1294783820","dbo","IV_GLOBALPAR","974626515","OBJECT_OR_COLUMN","",""
"1294783820","dbo","IV_GLOBALPARCTRL","1006626629","OBJECT_OR_COLUMN","",""
"1301735840","dbo","GE_PESSOA","1957582012","OBJECT_OR_COLUMN","",""
"1301735840","dbo","IV_FORMULARIO","942626401","OBJECT_OR_COLUMN","",""
"1301735840","dbo","IV_Q_ACOMPANHA_COMPRA_IMP","1087394993","OBJECT_OR_COLUMN","",""
"1301735840","dbo","IV_QUESTIONARIO","379148396","OBJECT_OR_COLUMN","",""
"1305211850","dbo","IV_CLIENTEATRIB","110623437","OBJECT_OR_COLUMN","",""
"1306591843","dbo","IV_CLIENTEPROPR","174623665","OBJECT_OR_COLUMN","",""
"1306643898","dbo","GE_PESSOA","1957582012","OBJECT_OR_COLUMN","",""
"1306643898","dbo","IV_FORMULARIO","942626401","OBJECT_OR_COLUMN","",""
"1306643898","dbo","IV_Q_PEDIDO_KAM","1265595747","OBJECT_OR_COLUMN","",""
"1306643898","dbo","IV_QUESTIONARIO","379148396","OBJECT_OR_COLUMN","",""
"1307203757","dbo","GE_PESSOA","1957582012","OBJECT_OR_COLUMN","",""
"1307203757","dbo","IV_ACAO","1458104235","OBJECT_OR_COLUMN","",""
"1307203757","dbo","IV_HISTORICO","1102626971","OBJECT_OR_COLUMN","",""
"1307203757","dbo","IV_RESULTADO","603149194","OBJECT_OR_COLUMN","",""
"1308023891","dbo","IV_CLIENTEPROPR","174623665","OBJECT_OR_COLUMN","",""
"1321211907","dbo","GE_Pessoa","1957582012","OBJECT_OR_COLUMN","",""
"1321211907","dbo","IV_Formulario","942626401","OBJECT_OR_COLUMN","",""
"1321211907","dbo","IV_Q_COMISSAO_AMS","2136498790","OBJECT_OR_COLUMN","",""
"1321211907","dbo","IV_Questionario","379148396","OBJECT_OR_COLUMN","",""
"1326067910","dbo","IV_CLIENTEPROPR","174623665","OBJECT_OR_COLUMN","",""
"1334451978","dbo","IV_CLIENTEPROPR","174623665","OBJECT_OR_COLUMN","",""
"1340024005","dbo","IV_CLIENTEPROPR","174623665","OBJECT_OR_COLUMN","",""
"1341403998","dbo","GE_PESSOA","1957582012","OBJECT_OR_COLUMN","",""
"1341403998","dbo","IV_FORMULARIO","942626401","OBJECT_OR_COLUMN","",""
"1341403998","dbo","IV_Q_RETORNADO_JD","1293403827","OBJECT_OR_COLUMN","",""
"1341403998","dbo","IV_QUESTIONARIO","379148396","OBJECT_OR_COLUMN","",""
"1349631901","dbo","GE_PESSOA","1957582012","OBJECT_OR_COLUMN","",""
"1349631901","dbo","IV_FORMULARIO","942626401","OBJECT_OR_COLUMN","",""
"1349631901","dbo","IV_Q_AFE_VENDA_MQ_IM_USAD","1301631730","OBJECT_OR_COLUMN","",""
"1349631901","dbo","IV_QUESTIONARIO","379148396","OBJECT_OR_COLUMN","",""
"1354539959","dbo","GE_PESSOA","1957582012","OBJECT_OR_COLUMN","",""
"1354539959","dbo","IV_CLIENTEPROPR","174623665","OBJECT_OR_COLUMN","",""
"1354539959","dbo","IVS_CARTEIRA","1755153298","OBJECT_OR_COLUMN","",""
"1354539959","dbo","IVS_DEPTO","1787153412","OBJECT_OR_COLUMN","",""
"1354539959","dbo","IVS_PES","152491722","OBJECT_OR_COLUMN","",""
"1356688031","dbo","GE_PESSOA","1957582012","OBJECT_OR_COLUMN","",""
"1356688031","dbo","IV_FORMULARIO","942626401","OBJECT_OR_COLUMN","",""
"1356688031","dbo","IV_Q_QUALIDADE_SERVICOS","353488388","OBJECT_OR_COLUMN","",""
"1356688031","dbo","IV_QUESTIONARIO","379148396","OBJECT_OR_COLUMN","",""
"1371920009","dbo","GE_PESSOA","1957582012","OBJECT_OR_COLUMN","",""
"1371920009","dbo","IV_CLIENTEPROPR","174623665","OBJECT_OR_COLUMN","",""
"1371920009","dbo","IV_GLOBALPAR","974626515","OBJECT_OR_COLUMN","",""
"1371920009","dbo","IV_PROPRIEDADE","219147826","OBJECT_OR_COLUMN","",""
"1377544091","dbo","GE_PESSOA","1957582012","OBJECT_OR_COLUMN","",""
"1377544091","dbo","IV_FORMULARIO","942626401","OBJECT_OR_COLUMN","",""
"1377544091","dbo","IV_Q_VENDA_SERVICOS_AMS","1329543920","OBJECT_OR_COLUMN","",""
"1377544091","dbo","IV_QUESTIONARIO","379148396","OBJECT_OR_COLUMN","",""
"1381736125","dbo","GE_Pessoa","1957582012","OBJECT_OR_COLUMN","",""
"1381736125","dbo","IV_Formulario","942626401","OBJECT_OR_COLUMN","",""
"1381736125","dbo","IV_Q_ACOMPANHAM_VENDA_IMP","1534680565","OBJECT_OR_COLUMN","",""
"1381736125","dbo","IV_Questionario","379148396","OBJECT_OR_COLUMN","",""
"1387204042","dbo","IV_GLOBALPAR","974626515","OBJECT_OR_COLUMN","",""
"1387204042","dbo","IV_GLOBALPARCTRL","1006626629","OBJECT_OR_COLUMN","",""
"1388024176","dbo","IV_CLIENTEPROPR","174623665","OBJECT_OR_COLUMN","",""
"1390120193","dbo","GE_PESSOA","1957582012","OBJECT_OR_COLUMN","",""
"1390120193","dbo","IV_FORMULARIO","942626401","OBJECT_OR_COLUMN","",""
"1390120193","dbo","IV_Q_VENDA_VP_PNEUS","1342120022","OBJECT_OR_COLUMN","",""
"1390120193","dbo","IV_QUESTIONARIO","379148396","OBJECT_OR_COLUMN","",""
"1401108082","dbo","EXT_OS","591445281","OBJECT_OR_COLUMN","",""
"1401108082","dbo","EXT_OSITEM","1685737208","OBJECT_OR_COLUMN","",""
"1401108082","dbo","fva_UnFormatCGCCPF","1273107626","OBJECT_OR_COLUMN","",""
"1403308209","dbo","GE_Pessoa","1957582012","OBJECT_OR_COLUMN","",""
"1419972235","dbo","EXT_VEIC","911446421","OBJECT_OR_COLUMN","",""
"1419972235","dbo","EXT_VEICFAM","343776382","OBJECT_OR_COLUMN","",""
"1419972235","dbo","EXT_VEICMARCA","407776610","OBJECT_OR_COLUMN","",""
"1419972235","dbo","EXT_VEICMODELO","1135447219","OBJECT_OR_COLUMN","",""
"1419972235","dbo","EXT_VEICPROP","1263447675","OBJECT_OR_COLUMN","",""
"1419972235","dbo","f_s_dado","1376059988","OBJECT_OR_COLUMN","",""
"1419972235","dbo","f_s_dado_N","901630305","OBJECT_OR_COLUMN","",""
"1419972235","dbo","gep_import","1319011780","OBJECT_OR_COLUMN","",""
"1419972235","dbo","IV_CLIENTEPROPR","174623665","OBJECT_OR_COLUMN","",""
"1425492207","dbo","IV_GlobalPar","974626515","OBJECT_OR_COLUMN","",""
"1425492207","dbo","IV_GlobalParCtrl","1006626629","OBJECT_OR_COLUMN","",""
"1434592299","dbo","GE_PESSOA","1957582012","OBJECT_OR_COLUMN","",""
"1434592299","dbo","IV_FORMULARIO","942626401","OBJECT_OR_COLUMN","",""
"1434592299","dbo","IV_Q_PESQUISA_TI","1386592128","OBJECT_OR_COLUMN","",""
"1434592299","dbo","IV_QUESTIONARIO","379148396","OBJECT_OR_COLUMN","",""
"1436024347","dbo","IV_CLIENTEPROPR","174623665","OBJECT_OR_COLUMN","",""
"1440164326","dbo","IV_CLASSERES","78623323","OBJECT_OR_COLUMN","",""
"1440164326","dbo","IV_HISTORICO","1102626971","OBJECT_OR_COLUMN","",""
"1440164326","dbo","IV_PROCDADO","1646628909","OBJECT_OR_COLUMN","",""
"1440164326","dbo","IV_RESCLASSE","475148738","OBJECT_OR_COLUMN","",""
"1440164326","dbo","IV_RESULTADO","603149194","OBJECT_OR_COLUMN","",""
"1440164326","dbo","IVS_PES","152491722","OBJECT_OR_COLUMN","",""
"1450644411","dbo","GE_PESSOA","1957582012","OBJECT_OR_COLUMN","",""
"1450644411","dbo","GE_PESSOAFONE","1992446222","OBJECT_OR_COLUMN","",""
"1450644411","dbo","vrtc_p_logtableset","1482644525","OBJECT_OR_COLUMN","",""
"1455500414","dbo","GE_PESSOA","1957582012","OBJECT_OR_COLUMN","",""
"1455500414","dbo","IV_FORMULARIO","942626401","OBJECT_OR_COLUMN","",""
"1455500414","dbo","IV_Q_GAR_FAB_SOL_PECA","909402459","OBJECT_OR_COLUMN","",""
"1455500414","dbo","IV_QUESTIONARIO","379148396","OBJECT_OR_COLUMN","",""
"1466592413","dbo","IV_CLIENTEATRIB","110623437","OBJECT_OR_COLUMN","",""
"1469404454","dbo","GE_PESSOA","1957582012","OBJECT_OR_COLUMN","",""
"1469404454","dbo","IV_FORMULARIO","942626401","OBJECT_OR_COLUMN","",""
"1469404454","dbo","IV_Q_ROMANEIO_DEV_PECA","1421404283","OBJECT_OR_COLUMN","",""
"1469404454","dbo","IV_QUESTIONARIO","379148396","OBJECT_OR_COLUMN","",""
"1472164440","dbo","IV_CLASSERES","78623323","OBJECT_OR_COLUMN","",""
"1472164440","dbo","IV_HISTORICO","1102626971","OBJECT_OR_COLUMN","",""
"1472164440","dbo","IV_PROCDADO","1646628909","OBJECT_OR_COLUMN","",""
"1472164440","dbo","IV_RESCLASSE","475148738","OBJECT_OR_COLUMN","",""
"1472164440","dbo","IV_RESULTADO","603149194","OBJECT_OR_COLUMN","",""
"1472164440","dbo","IVS_PES","152491722","OBJECT_OR_COLUMN","",""
"1474208402","dbo","f_s_dado","1376059988","OBJECT_OR_COLUMN","",""
"1474208402","dbo","GE_PESSOA","1957582012","OBJECT_OR_COLUMN","",""
"1474208402","dbo","IV_CLASSERES","78623323","OBJECT_OR_COLUMN","",""
"1474208402","dbo","iv_clientepropr","174623665","OBJECT_OR_COLUMN","",""
"1474208402","dbo","IV_GLOBALPAR","974626515","OBJECT_OR_COLUMN","",""
"1474208402","dbo","IV_HISTORICO","1102626971","OBJECT_OR_COLUMN","",""
"1474208402","dbo","IV_RESCLASSE","475148738","OBJECT_OR_COLUMN","",""
"1474208402","dbo","IV_STATUS_DEPTO","1458208345","OBJECT_OR_COLUMN","",""
"1482644525","dbo","ge_log_historico","1783833567","OBJECT_OR_COLUMN","",""
"1482644525","dbo","iv_agendalog","1810105489","OBJECT_OR_COLUMN","",""
"1482644525","dbo","vrtc_f_aliastablelogget","1466644468","OBJECT_OR_COLUMN","",""
"1484688487","dbo","GE_Pessoa","1957582012","OBJECT_OR_COLUMN","",""
"1484688487","dbo","IV_Formulario","942626401","OBJECT_OR_COLUMN","",""
"1484688487","dbo","IV_Q_AFERICAO_SERV_WEB","1436688316","OBJECT_OR_COLUMN","",""
"1484688487","dbo","IV_Questionario","379148396","OBJECT_OR_COLUMN","",""
"1487500528","dbo","GE_PESSOA","1957582012","OBJECT_OR_COLUMN","",""
"1487500528","dbo","IV_FORMULARIO","942626401","OBJECT_OR_COLUMN","",""
"1487500528","dbo","IV_Q_REV_DATA_SERVICO","1314975911","OBJECT_OR_COLUMN","",""
"1487500528","dbo","IV_QUESTIONARIO","379148396","OBJECT_OR_COLUMN","",""
"1488164497","dbo","IV_CLASSERES","78623323","OBJECT_OR_COLUMN","",""
"1488164497","dbo","IV_HISTORICO","1102626971","OBJECT_OR_COLUMN","",""
"1488164497","dbo","IV_PROCDADO","1646628909","OBJECT_OR_COLUMN","",""
"1488164497","dbo","IV_RESCLASSE","475148738","OBJECT_OR_COLUMN","",""
"1488164497","dbo","IV_RESULTADO","603149194","OBJECT_OR_COLUMN","",""
"1488164497","dbo","IVS_PES","152491722","OBJECT_OR_COLUMN","",""
"1496496510","dbo","VBI_CONTA","1384496111","OBJECT_OR_COLUMN","",""
"1496496510","dbo","VBI_CONTAFAM","1416496225","OBJECT_OR_COLUMN","",""
"1496496510","dbo","VBI_CONTAPAI","1352495997","OBJECT_OR_COLUMN","",""
"1497212534","dbo","GE_PESSOA","1957582012","OBJECT_OR_COLUMN","",""
"1497212534","dbo","IV_FORMULARIO","942626401","OBJECT_OR_COLUMN","",""
"1497212534","dbo","IV_Q_AFERICAO_IMPLEMENTO","1449212363","OBJECT_OR_COLUMN","",""
"1497212534","dbo","IV_QUESTIONARIO","379148396","OBJECT_OR_COLUMN","",""
"1503500585","dbo","GE_PESSOA","1957582012","OBJECT_OR_COLUMN","",""
"1503500585","dbo","IV_FORMULARIO","942626401","OBJECT_OR_COLUMN","",""
"1503500585","dbo","IV_Q_CHASSI_EQUIPAMENTO","1760881490","OBJECT_OR_COLUMN","",""
"1503500585","dbo","IV_QUESTIONARIO","379148396","OBJECT_OR_COLUMN","",""
"1504164554","dbo","IV_CLASSERES","78623323","OBJECT_OR_COLUMN","",""
"1504164554","dbo","IV_HISTORICO","1102626971","OBJECT_OR_COLUMN","",""
"1504164554","dbo","IV_PROCDADO","1646628909","OBJECT_OR_COLUMN","",""
"1504164554","dbo","IV_RESCLASSE","475148738","OBJECT_OR_COLUMN","",""
"1504164554","dbo","IV_RESULTADO","603149194","OBJECT_OR_COLUMN","",""
"1504164554","dbo","IVS_PES","152491722","OBJECT_OR_COLUMN","",""
"1516024632","dbo","IV_CLIENTEPROPR","174623665","OBJECT_OR_COLUMN","",""
"1522976652","dbo","GE_PESSOA","1957582012","OBJECT_OR_COLUMN","",""
"1522976652","dbo","IV_FORMULARIO","942626401","OBJECT_OR_COLUMN","",""
"1522976652","dbo","IV_Q_VENDA_MAQUINA_FY25","1474976481","OBJECT_OR_COLUMN","",""
"1522976652","dbo","IV_QUESTIONARIO","379148396","OBJECT_OR_COLUMN","",""
"1529212648","dbo","IV_CLIENTEATRIB","110623437","OBJECT_OR_COLUMN","",""
"1532688658","dbo","IV_GLOBALPAR","974626515","OBJECT_OR_COLUMN","",""
"1532688658","dbo","IV_GLOBALPARCTRL","1006626629","OBJECT_OR_COLUMN","",""
"1533404682","dbo","IV_CLIENTEPROPR","174623665","OBJECT_OR_COLUMN","",""
"1534120706","dbo","GE_PESSOA","1957582012","OBJECT_OR_COLUMN","",""
"1534120706","dbo","IV_FORMULARIO","942626401","OBJECT_OR_COLUMN","",""
"1534120706","dbo","IV_Q_VENDA_PNEUS","1406120250","OBJECT_OR_COLUMN","",""
"1534120706","dbo","IV_QUESTIONARIO","379148396","OBJECT_OR_COLUMN","",""
"1537596716","dbo","GE_PESSOA","1957582012","OBJECT_OR_COLUMN","",""
"1537596716","dbo","IV_FORMULARIO","942626401","OBJECT_OR_COLUMN","",""
"1537596716","dbo","IV_Q_VP_COLHEDORA","1489596545","OBJECT_OR_COLUMN","",""
"1537596716","dbo","IV_QUESTIONARIO","379148396","OBJECT_OR_COLUMN","",""
"1542452719","dbo","IV_CLIENTEPROPR","174623665","OBJECT_OR_COLUMN","",""
"1544496681","dbo","VBI_CONTA","1384496111","OBJECT_OR_COLUMN","",""
"1544496681","dbo","VBI_CONTAPAI","1352495997","OBJECT_OR_COLUMN","",""
"1546644753","dbo","IV_CLIENTEPROPR","174623665","OBJECT_OR_COLUMN","",""
"1547308722","dbo","X_TOTVS_BI_FATURAMENTO_MAQUINAS","1563308779","OBJECT_OR_COLUMN","",""
"1547308722","dbo","X_TOTVS_BI_FATURAMENTO_MAQUINAS","1563308779","OBJECT_OR_COLUMN","","CRM"
"1548024746","dbo","IV_CLIENTEPROPR","174623665","OBJECT_OR_COLUMN","",""
"1549404739","dbo","IV_CLIENTEPROPR","174623665","OBJECT_OR_COLUMN","",""
"1550120763","dbo","IV_CLIENTEPROPR","174623665","OBJECT_OR_COLUMN","",""
"1556356759","dbo","X_TOTVS_CRM_FATURAMENTO","48875391","OBJECT_OR_COLUMN","",""
"1558452776","dbo","IV_CLIENTEPROPR","174623665","OBJECT_OR_COLUMN","",""
"1561212762","dbo","IV_CLIENTEATRIB","110623437","OBJECT_OR_COLUMN","",""
"1569596830","dbo","EXT_AGUARDENTREGA","1633597058","OBJECT_OR_COLUMN","",""
"1569596830","dbo","GE_USUARIO","914102297","OBJECT_OR_COLUMN","",""
"1569596830","dbo","GEP_IMPORT","1319011780","OBJECT_OR_COLUMN","",""
"1569596830","dbo","GEP_IMPORTAPROVACAO","1685073239","OBJECT_OR_COLUMN","",""
"1569596830","dbo","IV_HISTORICO","1102626971","OBJECT_OR_COLUMN","",""
"1569596830","dbo","IV_OPERADOR","1294627655","OBJECT_OR_COLUMN","",""
"1569596830","dbo","IV_PROCDADO","1646628909","OBJECT_OR_COLUMN","",""
"1569596830","dbo","IV_Q$PEDIDO_SAM","1290643841","OBJECT_OR_COLUMN","",""
"1569596830","dbo","PRC_GET_SEQUENCIA_TABELA","501069021","OBJECT_OR_COLUMN","",""
"1572356816","dbo","X_TOTVS_CRM_FATURAMENTO","48875391","OBJECT_OR_COLUMN","",""
"1577108709","dbo","IV_GLOBALPAR","974626515","OBJECT_OR_COLUMN","",""
"1577108709","dbo","IV_GLOBALPARCTRL","1006626629","OBJECT_OR_COLUMN","",""
"1580024860","dbo","IV_CLIENTEPROPR","174623665","OBJECT_OR_COLUMN","",""
"1580688829","dbo","GE_PESSOA","1957582012","OBJECT_OR_COLUMN","",""
"1580688829","dbo","IV_FORMULARIO","942626401","OBJECT_OR_COLUMN","",""
"1580688829","dbo","IV_Q_SERVICOS_AFERICAO","1018538762","OBJECT_OR_COLUMN","",""
"1580688829","dbo","IV_QUESTIONARIO","379148396","OBJECT_OR_COLUMN","",""
"1581404853","dbo","IV_CLIENTEPROPR","174623665","OBJECT_OR_COLUMN","",""
"1582120877","dbo","IV_CLIENTEPROPR","174623665","OBJECT_OR_COLUMN","",""
"1585596887","dbo","EXT_CONDPAGTO","1617597001","OBJECT_OR_COLUMN","",""
"1585596887","dbo","GE_USUARIO","914102297","OBJECT_OR_COLUMN","",""
"1585596887","dbo","GEP_IMPORT","1319011780","OBJECT_OR_COLUMN","",""
"1585596887","dbo","GEP_IMPORTAPROVACAO","1685073239","OBJECT_OR_COLUMN","",""
"1585596887","dbo","IV_ACAO","1458104235","OBJECT_OR_COLUMN","",""
"1585596887","dbo","IV_HISTORICO","1102626971","OBJECT_OR_COLUMN","",""
"1585596887","dbo","IV_OPERADOR","1294627655","OBJECT_OR_COLUMN","",""
"1585596887","dbo","IV_PROCDADO","1646628909","OBJECT_OR_COLUMN","",""
"1585596887","dbo","IV_Q$PEDIDO_KAM","1306643898","OBJECT_OR_COLUMN","",""
"1585596887","dbo","PRC_GET_SEQUENCIA_TABELA","501069021","OBJECT_OR_COLUMN","",""
"1589072897","dbo","GE_PESSOA","1957582012","OBJECT_OR_COLUMN","",""
"1589072897","dbo","IV_FORMULARIO","942626401","OBJECT_OR_COLUMN","",""
"1589072897","dbo","IV_Q_VP_TRATOR","1541072726","OBJECT_OR_COLUMN","",""
"1589072897","dbo","IV_QUESTIONARIO","379148396","OBJECT_OR_COLUMN","",""
"1593928900","dbo","GE_PESSOA","1957582012","OBJECT_OR_COLUMN","",""
"1593928900","dbo","IV_FORMULARIO","942626401","OBJECT_OR_COLUMN","",""
"1593928900","dbo","IV_Q_CANCELAMENTO_SEGURO","1545928729","OBJECT_OR_COLUMN","",""
"1593928900","dbo","IV_QUESTIONARIO","379148396","OBJECT_OR_COLUMN","",""
"1598120934","dbo","IV_CLIENTEPROPR","174623665","OBJECT_OR_COLUMN","",""
"1605632813","dbo","GE_PESSOA","1957582012","OBJECT_OR_COLUMN","",""
"1605632813","dbo","IV_FORMULARIO","942626401","OBJECT_OR_COLUMN","",""
"1605632813","dbo","IV_Q_DEMONSTR_COLHEITAD","1557632642","OBJECT_OR_COLUMN","",""
"1605632813","dbo","IV_QUESTIONARIO","379148396","OBJECT_OR_COLUMN","",""
"1613404967","dbo","IV_CLIENTEPROPR","174623665","OBJECT_OR_COLUMN","",""
"1614120991","dbo","IV_CLIENTEPROPR","174623665","OBJECT_OR_COLUMN","",""
"1622453004","dbo","IV_CLIENTEPROPR","174623665","OBJECT_OR_COLUMN","",""
"1628025031","dbo","IV_CLIENTEPROPR","174623665","OBJECT_OR_COLUMN","",""
"1630121048","dbo","IV_CLIENTEPROPR","174623665","OBJECT_OR_COLUMN","",""
"1631501041","dbo","GE_PESSOA","1957582012","OBJECT_OR_COLUMN","",""
"1631501041","dbo","IV_FORMULARIO","942626401","OBJECT_OR_COLUMN","",""
"1631501041","dbo","IV_Q_REVISAO_100H","1583500870","OBJECT_OR_COLUMN","",""
"1631501041","dbo","IV_QUESTIONARIO","379148396","OBJECT_OR_COLUMN","",""
"1632165010","dbo","GE_Pessoa","1957582012","OBJECT_OR_COLUMN","",""
"1632165010","dbo","IV_Formulario","942626401","OBJECT_OR_COLUMN","",""
"1632165010","dbo","IV_Q_AVALIA_IMPLEM_USADO","1584164839","OBJECT_OR_COLUMN","",""
"1632165010","dbo","IV_Questionario","379148396","OBJECT_OR_COLUMN","",""
"1633545003","dbo","GE_PESSOA","1957582012","OBJECT_OR_COLUMN","",""
"1633545003","dbo","IV_FORMULARIO","942626401","OBJECT_OR_COLUMN","",""
"1633545003","dbo","IV_Q_AFERICAO_SUPORTE_INT","1585544832","OBJECT_OR_COLUMN","",""
"1633545003","dbo","IV_QUESTIONARIO","379148396","OBJECT_OR_COLUMN","",""
"1637737037","dbo","GE_PESSOA","1957582012","OBJECT_OR_COLUMN","",""
"1637737037","dbo","IV_FORMULARIO","942626401","OBJECT_OR_COLUMN","",""
"1637737037","dbo","IV_Q_COMISSAO_SERV_AMS","1457544376","OBJECT_OR_COLUMN","",""
"1637737037","dbo","IV_QUESTIONARIO","379148396","OBJECT_OR_COLUMN","",""
"1644025088","dbo","IV_CLIENTEPROPR","174623665","OBJECT_OR_COLUMN","",""
"1649597115","dbo","GE_PESSOA","1957582012","OBJECT_OR_COLUMN","",""
"1649597115","dbo","GE_PESSOALINK","98099390","OBJECT_OR_COLUMN","",""
"1649597115","dbo","GE_REGIAO","1282155663","OBJECT_OR_COLUMN","",""
"1649597115","dbo","GE_ROTA","1314155777","OBJECT_OR_COLUMN","",""
"1649597115","dbo","IVS_CARTEIRA","1755153298","OBJECT_OR_COLUMN","",""
"1649597115","dbo","IVS_Depto","1787153412","OBJECT_OR_COLUMN","",""
"1649597115","dbo","IVS_PES","152491722","OBJECT_OR_COLUMN","",""
"1653073125","dbo","GE_PESSOA","1957582012","OBJECT_OR_COLUMN","",""
"1653073125","dbo","IV_FORMULARIO","942626401","OBJECT_OR_COLUMN","",""
"1653073125","dbo","IV_Q_VP_PULVERIZADOR","1605072954","OBJECT_OR_COLUMN","",""
"1653073125","dbo","IV_QUESTIONARIO","379148396","OBJECT_OR_COLUMN","",""
"1664165124","dbo","GE_Pessoa","1957582012","OBJECT_OR_COLUMN","",""
"1664165124","dbo","IV_Formulario","942626401","OBJECT_OR_COLUMN","",""
"1664165124","dbo","IV_Q_VENDA_AMS","1227971551","OBJECT_OR_COLUMN","",""
"1664165124","dbo","IV_Questionario","379148396","OBJECT_OR_COLUMN","",""
"1671781113","dbo","f_s_dado","1376059988","OBJECT_OR_COLUMN","",""
"1671781113","dbo","f_s_dado_N","901630305","OBJECT_OR_COLUMN","",""
"1671781113","dbo","gep_import","1319011780","OBJECT_OR_COLUMN","",""
"1671781113","dbo","IV_CLIENTEPROPR","174623665","OBJECT_OR_COLUMN","",""
"1671781113","dbo","IV_GLOBALPAR","974626515","OBJECT_OR_COLUMN","",""
"1671781113","dbo","IV_HISTORICO","1102626971","OBJECT_OR_COLUMN","",""
"1671781113","dbo","IV_Q$ACOMP_VENDA_DIRETAJD","612353396","OBJECT_OR_COLUMN","",""
"1676025202","dbo","IV_CLIENTEPROPR","174623665","OBJECT_OR_COLUMN","",""
"1681493119","dbo","IV_GLOBALPAR","974626515","OBJECT_OR_COLUMN","",""
"1681493119","dbo","IV_GLOBALPARCTRL","1006626629","OBJECT_OR_COLUMN","",""
"1682977222","dbo","GE_Usuario","914102297","OBJECT_OR_COLUMN","",""
"1682977222","dbo","IV_Operador","1294627655","OBJECT_OR_COLUMN","",""
"1686453232","dbo","IV_GLOBALPAR","974626515","OBJECT_OR_COLUMN","",""
"1686453232","dbo","IV_GLOBALPARCTRL","1006626629","OBJECT_OR_COLUMN","",""
"1691921149","dbo","GE_EMPRESA","1301579675","OBJECT_OR_COLUMN","",""
"1691921149","dbo","GE_PESSOA","1957582012","OBJECT_OR_COLUMN","",""
"1691921149","dbo","GE_USUARIO","914102297","OBJECT_OR_COLUMN","",""
"1691921149","dbo","IV_HISTORICO","1102626971","OBJECT_OR_COLUMN","",""
"1691921149","dbo","IVS_CARTEIRA","1755153298","OBJECT_OR_COLUMN","",""
"1691921149","dbo","IVS_DEPTO","1787153412","OBJECT_OR_COLUMN","",""
"1691921149","dbo","IVS_PES","152491722","OBJECT_OR_COLUMN","",""
"1692025259","dbo","IV_CLIENTEPROPR","174623665","OBJECT_OR_COLUMN","",""
"1697545231","dbo","GE_PESSOA","1957582012","OBJECT_OR_COLUMN","",""
"1697545231","dbo","IV_FORMULARIO","942626401","OBJECT_OR_COLUMN","",""
"1697545231","dbo","IV_Q_FORM_TREINO","1649545060","OBJECT_OR_COLUMN","",""
"1697545231","dbo","IV_QUESTIONARIO","379148396","OBJECT_OR_COLUMN","",""
"1714157202","dbo","dtproperties","","OBJECT_OR_COLUMN","",""
"1714157202","dbo","sysdiagrams","1730157259","OBJECT_OR_COLUMN","",""
"1715641305","dbo","GE_PESSOA","1957582012","OBJECT_OR_COLUMN","",""
"1715641305","dbo","IV_FORMULARIO","942626401","OBJECT_OR_COLUMN","",""
"1715641305","dbo","IV_Q_AVALIA_USADO_ENTRADA","1685633098","OBJECT_OR_COLUMN","",""
"1715641305","dbo","IV_QUESTIONARIO","379148396","OBJECT_OR_COLUMN","",""
"1721929356","dbo","GE_PESSOA","1957582012","OBJECT_OR_COLUMN","",""
"1721929356","dbo","IV_FORMULARIO","942626401","OBJECT_OR_COLUMN","",""
"1721929356","dbo","IV_Q_VENDER_RENOVACAO_SEG","1673929185","OBJECT_OR_COLUMN","",""
"1721929356","dbo","IV_QUESTIONARIO","379148396","OBJECT_OR_COLUMN","",""
"1723921263","dbo","IV_AGENDA","1746105261","OBJECT_OR_COLUMN","",""
"1723921263","dbo","IVS_CARTEIRA","1755153298","OBJECT_OR_COLUMN","",""
"1723921263","dbo","IVS_PES","152491722","OBJECT_OR_COLUMN","",""
"1745597457","dbo","GE_PESSOA","1957582012","OBJECT_OR_COLUMN","",""
"1745597457","dbo","IV_FORMULARIO","942626401","OBJECT_OR_COLUMN","",""
"1745597457","dbo","IV_Q_SEPARACAO_PEDIDO","1409596260","OBJECT_OR_COLUMN","",""
"1745597457","dbo","IV_QUESTIONARIO","379148396","OBJECT_OR_COLUMN","",""
"1746977450","dbo","GE_PESSOA","1957582012","OBJECT_OR_COLUMN","",""
"1746977450","dbo","IV_FORMULARIO","942626401","OBJECT_OR_COLUMN","",""
"1746977450","dbo","IV_Q_ABERTURA_OS_REVISAO","1698977279","OBJECT_OR_COLUMN","",""
"1746977450","dbo","IV_QUESTIONARIO","379148396","OBJECT_OR_COLUMN","",""
"1748969357","dbo","IV_AGENDA","1746105261","OBJECT_OR_COLUMN","",""
"1748969357","dbo","IV_PROCDADO","1646628909","OBJECT_OR_COLUMN","",""
"1748969357","dbo","IV_PROCESSO","1710629137","OBJECT_OR_COLUMN","",""
"1748969357","dbo","IV_PROCPERSP","1838629593","OBJECT_OR_COLUMN","",""
"1749073467","dbo","IV_GLOBALPAR","974626515","OBJECT_OR_COLUMN","",""
"1749073467","dbo","IV_GLOBALPARCTRL","1006626629","OBJECT_OR_COLUMN","",""
"1755921377","dbo","IV_AGENDA","1746105261","OBJECT_OR_COLUMN","",""
"1755921377","dbo","IV_HISTORICO","1102626971","OBJECT_OR_COLUMN","",""
"1755921377","dbo","IV_RESULTADO","603149194","OBJECT_OR_COLUMN","",""
"1755921377","dbo","IVS_CARTDEPTO","1723153184","OBJECT_OR_COLUMN","",""
"1755921377","dbo","IVS_CARTEIRA","1755153298","OBJECT_OR_COLUMN","",""
"1755921377","dbo","IVS_DEPTORES","857106144","OBJECT_OR_COLUMN","",""
"1758121504","dbo","GE_PESSOA","1957582012","OBJECT_OR_COLUMN","",""
"1758121504","dbo","IV_FORMULARIO","942626401","OBJECT_OR_COLUMN","",""
"1758121504","dbo","IV_Q_LIBERAR_DEMONSTRACAO","1710121333","OBJECT_OR_COLUMN","",""
"1758121504","dbo","IV_QUESTIONARIO","379148396","OBJECT_OR_COLUMN","",""
"1762977507","dbo","GE_PESSOA","1957582012","OBJECT_OR_COLUMN","",""
"1762977507","dbo","IV_FORMULARIO","942626401","OBJECT_OR_COLUMN","",""
"1762977507","dbo","IV_Q_OS_GARANTIA","1165403371","OBJECT_OR_COLUMN","",""
"1762977507","dbo","IV_QUESTIONARIO","379148396","OBJECT_OR_COLUMN","",""
"1772025544","dbo","IV_CLIENTEPROPR","174623665","OBJECT_OR_COLUMN","",""
"1778157430","dbo","sysdiagrams","1730157259","OBJECT_OR_COLUMN","",""
"1780969471","dbo","IV_AGENDA","1746105261","OBJECT_OR_COLUMN","",""
"1780969471","dbo","IV_GLOBALPAR","974626515","OBJECT_OR_COLUMN","",""
"1780969471","dbo","IV_GLOBALPARCTRL","1006626629","OBJECT_OR_COLUMN","",""
"1780969471","dbo","IV_PROCDADO","1646628909","OBJECT_OR_COLUMN","",""
"1780969471","dbo","IV_PROCESSO","1710629137","OBJECT_OR_COLUMN","",""
"1780969471","dbo","IV_PROCPRODUTO","1934629935","OBJECT_OR_COLUMN","",""
"1780969471","dbo","IV_Q$ACOMP_VEND_MAQUINAS","1211307525","OBJECT_OR_COLUMN","",""
"1780969471","dbo","IV_Q$ACOMPANH_VENDA_JDE","98255555","OBJECT_OR_COLUMN","",""
"1780969471","dbo","IV_Q$GESTAO_CREDITO","1207831515","OBJECT_OR_COLUMN","",""
"1781021526","dbo","GE_PESSOA","1957582012","OBJECT_OR_COLUMN","",""
"1781021526","dbo","IV_FORMULARIO","942626401","OBJECT_OR_COLUMN","",""
"1781021526","dbo","IV_Q_VENDA_LOCACAO","","OBJECT_OR_COLUMN","",""
"1781021526","dbo","IV_QUESTIONARIO","379148396","OBJECT_OR_COLUMN","",""
"1781073581","dbo","IV_GLOBALPAR","974626515","OBJECT_OR_COLUMN","",""
"1781073581","dbo","IV_GLOBALPARCTRL","1006626629","OBJECT_OR_COLUMN","",""
"1785109450","dbo","EXT_OS","591445281","OBJECT_OR_COLUMN","",""
"1785109450","dbo","EXT_OSITEM","1685737208","OBJECT_OR_COLUMN","",""
"1785109450","dbo","GE_PESSOA","1957582012","OBJECT_OR_COLUMN","",""
"1786645608","dbo","IV_CLIENTEPROPR","174623665","OBJECT_OR_COLUMN","",""
"1788025601","dbo","IV_CLIENTEPROPR","174623665","OBJECT_OR_COLUMN","",""
"1794157487","dbo","sysdiagrams","1730157259","OBJECT_OR_COLUMN","",""
"1796357614","dbo","IMP_NFS","79443457","OBJECT_OR_COLUMN","","CRM"
"1796357614","dbo","IMP_NFSItem","143443685","OBJECT_OR_COLUMN","","CRM"
"1796357614","dbo","X_TOTVS_ATUA_CRM_FATURAMENTO","2020358412","OBJECT_OR_COLUMN","",""
"1796357614","dbo","X_TOTVS_CRM_FATURAMENTO","48875391","OBJECT_OR_COLUMN","",""
"1796357614","dbo","X_V_CRM_IMP_IMP_NFS","1572356816","OBJECT_OR_COLUMN","","CRM"
"1796357614","dbo","X_V_CRM_IMP_NFSItem","1556356759","OBJECT_OR_COLUMN","","CRM"
"1796357614","dbo","X_V_IMP_CRM_IMP_NF","1876357899","OBJECT_OR_COLUMN","",""
"1796357614","dbo","X_V_IMP_CRM_IMP_NF","1876357899","OBJECT_OR_COLUMN","","CRM"
"1796969528","dbo","GE_PESSOA","1957582012","OBJECT_OR_COLUMN","",""
"1796969528","dbo","IV_FORMULARIO","942626401","OBJECT_OR_COLUMN","",""
"1796969528","dbo","IV_Q_AFERICAO_PECAS","1708585175","OBJECT_OR_COLUMN","",""
"1796969528","dbo","IV_QUESTIONARIO","379148396","OBJECT_OR_COLUMN","",""
"1797737607","dbo","GE_PESSOA","1957582012","OBJECT_OR_COLUMN","",""
"1797737607","dbo","ge_pessoalink","98099390","OBJECT_OR_COLUMN","",""
"1797737607","dbo","IMP_LINKPESSOA","1781737550","OBJECT_OR_COLUMN","",""
"1801109507","dbo","EXT_OS","591445281","OBJECT_OR_COLUMN","",""
"1801109507","dbo","EXT_OSSOLIC","655445509","OBJECT_OR_COLUMN","",""
"1810157544","dbo","sysdiagrams","1730157259","OBJECT_OR_COLUMN","",""
"1813737664","dbo","EXT_NFS","463444825","OBJECT_OR_COLUMN","",""
"1813737664","dbo","EXT_NFSOper","1861685780","OBJECT_OR_COLUMN","",""
"1813737664","dbo","EXT_Vendedor","1311447846","OBJECT_OR_COLUMN","",""
"1817109564","dbo","EXT_OS","591445281","OBJECT_OR_COLUMN","",""
"1817109564","dbo","EXT_OSITEM","1685737208","OBJECT_OR_COLUMN","",""
"1820025715","dbo","IV_CLIENTEPROPR","174623665","OBJECT_OR_COLUMN","",""
"1823501725","dbo","GE_PESSOA","1957582012","OBJECT_OR_COLUMN","",""
"1823501725","dbo","IV_FORMULARIO","942626401","OBJECT_OR_COLUMN","",""
"1823501725","dbo","IV_Q_REVISAO_450_600H","1775501554","OBJECT_OR_COLUMN","",""
"1823501725","dbo","IV_QUESTIONARIO","379148396","OBJECT_OR_COLUMN","",""
"1826157601","dbo","sysdiagrams","1730157259","OBJECT_OR_COLUMN","",""
"1829737721","dbo","EXT_NFS","463444825","OBJECT_OR_COLUMN","",""
"1829737721","dbo","EXT_NFSITEM","527445053","OBJECT_OR_COLUMN","",""
"1829737721","dbo","EXT_Produto","783445965","OBJECT_OR_COLUMN","",""
"1831781683","dbo","GE_CIDADE","1799781569","OBJECT_OR_COLUMN","",""
"1831781683","dbo","GE_PESSOA","1957582012","OBJECT_OR_COLUMN","",""
"1842157658","dbo","sysdiagrams","1730157259","OBJECT_OR_COLUMN","",""
"1845073809","dbo","IV_GLOBALPAR","974626515","OBJECT_OR_COLUMN","",""
"1845073809","dbo","IV_GLOBALPARCTRL","1006626629","OBJECT_OR_COLUMN","",""
"1845737778","dbo","EXT_NFS","463444825","OBJECT_OR_COLUMN","",""
"1845737778","dbo","EXT_NFSCMPL","495444939","OBJECT_OR_COLUMN","",""
"1849929812","dbo","GE_PESSOA","1957582012","OBJECT_OR_COLUMN","",""
"1849929812","dbo","IV_FORMULARIO","942626401","OBJECT_OR_COLUMN","",""
"1849929812","dbo","IV_Q_OFERECE_RENOV_SEGURO","1801929641","OBJECT_OR_COLUMN","",""
"1849929812","dbo","IV_QUESTIONARIO","379148396","OBJECT_OR_COLUMN","",""
"1858157715","dbo","sysdiagrams","1730157259","OBJECT_OR_COLUMN","",""
"1858209770","dbo","IMP_VEICULO","399444597","OBJECT_OR_COLUMN","",""
"1861073866","dbo","IV_GLOBALPAR","974626515","OBJECT_OR_COLUMN","",""
"1861073866","dbo","IV_GLOBALPARCTRL","1006626629","OBJECT_OR_COLUMN","",""
"1861737835","dbo","EXT_OS","591445281","OBJECT_OR_COLUMN","",""
"1861737835","dbo","EXT_OSITEM","1685737208","OBJECT_OR_COLUMN","",""
"1863781797","dbo","GE_CIDADE","1799781569","OBJECT_OR_COLUMN","",""
"1863781797","dbo","GE_CIDADE_CRM","949578421","OBJECT_OR_COLUMN","",""
"1863781797","dbo","IVS_CARTCID","1691153070","OBJECT_OR_COLUMN","",""
"1866645893","dbo","GE_PESSOA","1957582012","OBJECT_OR_COLUMN","",""
"1866645893","dbo","IV_FORMULARIO","942626401","OBJECT_OR_COLUMN","",""
"1866645893","dbo","IV_Q_VENDA_EQUIPAMENTO","1592548907","OBJECT_OR_COLUMN","",""
"1866645893","dbo","IV_QUESTIONARIO","379148396","OBJECT_OR_COLUMN","",""
"1868025886","dbo","GE_PESSOA","1957582012","OBJECT_OR_COLUMN","",""
"1868025886","dbo","IV_FORMULARIO","942626401","OBJECT_OR_COLUMN","",""
"1868025886","dbo","IV_Q_VENDA_PERDIDA_MAQIMP","640877500","OBJECT_OR_COLUMN","",""
"1868025886","dbo","IV_QUESTIONARIO","379148396","OBJECT_OR_COLUMN","",""
"1877737892","dbo","EXT_OS","591445281","OBJECT_OR_COLUMN","",""
"1877737892","dbo","EXT_OSITEM","1685737208","OBJECT_OR_COLUMN","",""
"1881109792","dbo","GE_PESSOA","1957582012","OBJECT_OR_COLUMN","",""
"1881109792","dbo","IV_FORMULARIO","942626401","OBJECT_OR_COLUMN","",""
"1881109792","dbo","IV_Q_RESPONSAVEL_TECNICO","1833109621","OBJECT_OR_COLUMN","",""
"1881109792","dbo","IV_QUESTIONARIO","379148396","OBJECT_OR_COLUMN","",""
"1886121960","dbo","GE_PESSOA","1957582012","OBJECT_OR_COLUMN","",""
"1886121960","dbo","IV_FORMULARIO","942626401","OBJECT_OR_COLUMN","",""
"1886121960","dbo","IV_Q_DEMONSTRACAO_NF","1838121789","OBJECT_OR_COLUMN","",""
"1886121960","dbo","IV_QUESTIONARIO","379148396","OBJECT_OR_COLUMN","",""
"1889545915","dbo","GE_IMPORTA_CART","1777545516","OBJECT_OR_COLUMN","",""
"1889545915","dbo","GE_Pessoa","1957582012","OBJECT_OR_COLUMN","",""
"1889545915","dbo","GE_PessoaFone","1992446222","OBJECT_OR_COLUMN","",""
"1889545915","dbo","GE_Sequencia","738101670","OBJECT_OR_COLUMN","",""
"1893737949","dbo","EXT_OS","591445281","OBJECT_OR_COLUMN","",""
"1893737949","dbo","EXT_OSSOLIC","655445509","OBJECT_OR_COLUMN","",""
"1897109849","dbo","EXT_OS","591445281","OBJECT_OR_COLUMN","",""
"1897109849","dbo","EXT_OSCOMENT","","OBJECT_OR_COLUMN","",""
"1897109849","dbo","EXT_OSITEM","1685737208","OBJECT_OR_COLUMN","",""
"1897109849","dbo","fva_UnFormatCGCCPF","1273107626","OBJECT_OR_COLUMN","",""
"1907537879","dbo","EXT_NFS","463444825","OBJECT_OR_COLUMN","",""
"1907537879","dbo","GE_PESSOA","1957582012","OBJECT_OR_COLUMN","",""
"1909021982","dbo","GE_PESSOA","1957582012","OBJECT_OR_COLUMN","",""
"1909021982","dbo","IV_FORMULARIO","942626401","OBJECT_OR_COLUMN","",""
"1909021982","dbo","IV_Q_ACOMP_VENDA_LOCACAO","1861021811","OBJECT_OR_COLUMN","",""
"1909021982","dbo","IV_QUESTIONARIO","379148396","OBJECT_OR_COLUMN","",""
"1911834023","dbo","GE$USUARIOPERM","815498134","OBJECT_OR_COLUMN","",""
"1911834023","dbo","GE_USUARIO","914102297","OBJECT_OR_COLUMN","",""
"1911834023","dbo","IV_CLASSERES","78623323","OBJECT_OR_COLUMN","",""
"1911834023","dbo","IV_RESCLASSE","475148738","OBJECT_OR_COLUMN","",""
"1911834023","dbo","IV_RESULTADO","603149194","OBJECT_OR_COLUMN","",""
"1914646064","dbo","GE_PESSOA","1957582012","OBJECT_OR_COLUMN","",""
"1914646064","dbo","IV_FORMULARIO","942626401","OBJECT_OR_COLUMN","",""
"1914646064","dbo","IV_Q_PRODUTO_RD","1066643043","OBJECT_OR_COLUMN","",""
"1914646064","dbo","IV_QUESTIONARIO","379148396","OBJECT_OR_COLUMN","",""
"1915310033","dbo","IV_GLOBALPAR","974626515","OBJECT_OR_COLUMN","",""
"1915310033","dbo","IV_GLOBALPARCTRL","1006626629","OBJECT_OR_COLUMN","",""
"1921546029","dbo","GE_Email","441820686","OBJECT_OR_COLUMN","",""
"1921546029","dbo","GE_IMPORTA_CART","1777545516","OBJECT_OR_COLUMN","",""
"1921546029","dbo","GE_Pessoa","1957582012","OBJECT_OR_COLUMN","",""
"1921546029","dbo","GE_Sequencia","738101670","OBJECT_OR_COLUMN","",""
"1923537936","dbo","EXT_NFS","463444825","OBJECT_OR_COLUMN","",""
"1923537936","dbo","EXT_NFSITEM","527445053","OBJECT_OR_COLUMN","",""
"1930646121","dbo","GE_PESSOA","1957582012","OBJECT_OR_COLUMN","",""
"1930646121","dbo","IV_FORMULARIO","942626401","OBJECT_OR_COLUMN","",""
"1930646121","dbo","IV_Q_ACOMP_VENDA_FINANC","2044026513","OBJECT_OR_COLUMN","",""
"1930646121","dbo","IV_QUESTIONARIO","379148396","OBJECT_OR_COLUMN","",""
"1931310090","dbo","IV_GLOBALPAR","974626515","OBJECT_OR_COLUMN","",""
"1931310090","dbo","IV_GLOBALPARCTRL","1006626629","OBJECT_OR_COLUMN","",""
"1939537993","dbo","EXT_NFS","463444825","OBJECT_OR_COLUMN","",""
"1939537993","dbo","EXT_NFSCMPL","495444939","OBJECT_OR_COLUMN","",""
"1951502181","dbo","GE_PESSOA","1957582012","OBJECT_OR_COLUMN","",""
"1951502181","dbo","IV_FORMULARIO","942626401","OBJECT_OR_COLUMN","",""
"1951502181","dbo","IV_Q_REVISAO_800H","1903502010","OBJECT_OR_COLUMN","",""
"1951502181","dbo","IV_QUESTIONARIO","379148396","OBJECT_OR_COLUMN","",""
"1957074208","dbo","IV_GLOBALPAR","974626515","OBJECT_OR_COLUMN","",""
"1957074208","dbo","IV_GLOBALPARCTRL","1006626629","OBJECT_OR_COLUMN","",""
"1961214187","dbo","EXT_NFS","463444825","OBJECT_OR_COLUMN","",""
"1961214187","dbo","EXT_NFSItem","527445053","OBJECT_OR_COLUMN","",""
"1961214187","dbo","GE_Pessoa","1957582012","OBJECT_OR_COLUMN","",""
"1961214187","dbo","IV_Acao","1458104235","OBJECT_OR_COLUMN","",""
"1961214187","dbo","IV_CLASSERES","78623323","OBJECT_OR_COLUMN","",""
"1961214187","dbo","IV_HISTORICO","1102626971","OBJECT_OR_COLUMN","",""
"1961214187","dbo","IV_PROCDADO","1646628909","OBJECT_OR_COLUMN","",""
"1961214187","dbo","IV_RESCLASSE","475148738","OBJECT_OR_COLUMN","",""
"1961214187","dbo","IV_RESULTADO","603149194","OBJECT_OR_COLUMN","",""
"1961214187","dbo","IVS_PES","152491722","OBJECT_OR_COLUMN","",""
"1973074265","dbo","IV_GLOBALPAR","974626515","OBJECT_OR_COLUMN","",""
"1973074265","dbo","IV_GLOBALPARCTRL","1006626629","OBJECT_OR_COLUMN","",""
"1988358298","dbo","BI_COBERTURA_PROSPECCAO","276352199","OBJECT_OR_COLUMN","",""
"1988358298","dbo","X_CRM_BI_CONGLOMERADO","1403308209","OBJECT_OR_COLUMN","",""
"1988358298","dbo","X_TOTVS_CRM_FATURAMENTO","48875391","OBJECT_OR_COLUMN","",""
"1988358298","dbo","X_V_COL_CLIENTE_CRM","","OBJECT_OR_COLUMN","TOTVS","TMPRD"
"2016882402","dbo","GE_PESSOA","1957582012","OBJECT_OR_COLUMN","",""
"2016882402","dbo","IV_FORMULARIO","942626401","OBJECT_OR_COLUMN","",""
"2016882402","dbo","IV_Q_EXP_FLUXO_MODELER","1968882231","OBJECT_OR_COLUMN","",""
"2016882402","dbo","IV_QUESTIONARIO","379148396","OBJECT_OR_COLUMN","",""
"2020358412","dbo","LOG_INTEGRACAO_FATURAMENTO_TOTVS","96875562","OBJECT_OR_COLUMN","","CRM"
"2020358412","dbo","X_TOTVS_CRM_FATURAMENTO","48875391","OBJECT_OR_COLUMN","",""
"2020358412","dbo","X_TOTVS_CRM_FATURAMENTO","48875391","OBJECT_OR_COLUMN","","CRM"
"2020358412","dbo","X_V_CRM_FATURAMENTO_MAQUINAS","","OBJECT_OR_COLUMN","TOTVS","TMPRD"
"2020358412","dbo","X_V_CRM_FATURAMENTO_PECAS","","OBJECT_OR_COLUMN","TOTVS","TMPRD"
"2020358412","dbo","X_V_CRM_FATURAMENTO_SERVICOS","","OBJECT_OR_COLUMN","TOTVS","TMPRD"
"2027310432","dbo","IV_GLOBALPAR","974626515","OBJECT_OR_COLUMN","",""
"2027310432","dbo","IV_GLOBALPARCTRL","1006626629","OBJECT_OR_COLUMN","",""
"2027974401","dbo","DMN_DOCTP","693577509","OBJECT_OR_COLUMN","",""
"2027974401","dbo","GE$OBJDINAMICO","783498020","OBJECT_OR_COLUMN","",""
"2027974401","dbo","IV_ATIVVINC","","OBJECT_OR_COLUMN","",""
"2027974401","dbo","IV_FORMULARIO","942626401","OBJECT_OR_COLUMN","",""
"2028690425","dbo","GE_PESSOA","1957582012","OBJECT_OR_COLUMN","",""
"2028690425","dbo","IV_FORMULARIO","942626401","OBJECT_OR_COLUMN","",""
"2028690425","dbo","IV_Q_AFERICAO_DE_PECAS","1980690254","OBJECT_OR_COLUMN","",""
"2028690425","dbo","IV_QUESTIONARIO","379148396","OBJECT_OR_COLUMN","",""
"2029406449","dbo","GE_PESSOA","1957582012","OBJECT_OR_COLUMN","",""
"2029406449","dbo","IV_FORMULARIO","942626401","OBJECT_OR_COLUMN","",""
"2029406449","dbo","IV_Q_VENDA_PERDIDA_TESTE","1981406278","OBJECT_OR_COLUMN","",""
"2029406449","dbo","IV_QUESTIONARIO","379148396","OBJECT_OR_COLUMN","",""
"2041930496","dbo","GE_PESSOA","1957582012","OBJECT_OR_COLUMN","",""
"2041930496","dbo","IV_FORMULARIO","942626401","OBJECT_OR_COLUMN","",""
"2041930496","dbo","IV_Q_VENDAPERDIDA_SEGURO","1993930325","OBJECT_OR_COLUMN","",""
"2041930496","dbo","IV_QUESTIONARIO","379148396","OBJECT_OR_COLUMN","",""
"2059974515","dbo","IV_GLOBALPAR","974626515","OBJECT_OR_COLUMN","",""
"2059974515","dbo","IV_GLOBALPARCTRL","1006626629","OBJECT_OR_COLUMN","",""
"2066874480","dbo","GE_PESSOA","1957582012","OBJECT_OR_COLUMN","",""
"2066874480","dbo","IV_FORMULARIO","942626401","OBJECT_OR_COLUMN","",""
"2066874480","dbo","IV_Q_DEMO_IMPLEMENTO","2018874309","OBJECT_OR_COLUMN","",""
"2066874480","dbo","IV_QUESTIONARIO","379148396","OBJECT_OR_COLUMN","",""
"2066978590","dbo","IV_VENDEDOR","782625831","OBJECT_OR_COLUMN","",""
"2076690596","dbo","GE_PESSOA","1957582012","OBJECT_OR_COLUMN","",""
"2076690596","dbo","IV_FORMULARIO","942626401","OBJECT_OR_COLUMN","",""
"2076690596","dbo","IV_Q_PECAS_AFERICAO","954538534","OBJECT_OR_COLUMN","",""
"2076690596","dbo","IV_QUESTIONARIO","379148396","OBJECT_OR_COLUMN","",""
"2079502637","dbo","GE_PESSOA","1957582012","OBJECT_OR_COLUMN","",""
"2079502637","dbo","IV_FORMULARIO","942626401","OBJECT_OR_COLUMN","",""
"2079502637","dbo","IV_Q_REVISAO_1100_1150H","2031502466","OBJECT_OR_COLUMN","",""
"2079502637","dbo","IV_QUESTIONARIO","379148396","OBJECT_OR_COLUMN","",""
"2082158513","dbo","IV_CLIENTEATRIB","110623437","OBJECT_OR_COLUMN","",""
"2082978647","dbo","IV_VENDEDOREMPR","761821826","OBJECT_OR_COLUMN","",""
"2088550674","dbo","GE_PESSOA","1957582012","OBJECT_OR_COLUMN","",""
"2088550674","dbo","IV_FORMULARIO","942626401","OBJECT_OR_COLUMN","",""
"2088550674","dbo","IV_Q_ADM_FINANCEIRO","464876873","OBJECT_OR_COLUMN","",""
"2088550674","dbo","IV_QUESTIONARIO","379148396","OBJECT_OR_COLUMN","",""
"2089214643","dbo","GE_PESSOA","1957582012","OBJECT_OR_COLUMN","",""
"2089214643","dbo","IV_FORMULARIO","942626401","OBJECT_OR_COLUMN","",""
"2089214643","dbo","IV_Q_ACOMPAN_VEND_CONCESS","2041214472","OBJECT_OR_COLUMN","",""
"2089214643","dbo","IV_QUESTIONARIO","379148396","OBJECT_OR_COLUMN","",""
"2091310660","dbo","EXT_NFS","463444825","OBJECT_OR_COLUMN","",""
"2091310660","dbo","EXT_Veic","911446421","OBJECT_OR_COLUMN","",""
"2091310660","dbo","EXT_VeicFam","343776382","OBJECT_OR_COLUMN","",""
"2091310660","dbo","EXT_VeicModelo","1135447219","OBJECT_OR_COLUMN","",""
"2091310660","dbo","f_s_dado","1376059988","OBJECT_OR_COLUMN","",""
"2091310660","dbo","GE_PESSOA","1957582012","OBJECT_OR_COLUMN","",""
"2091310660","dbo","iv_clientepropr","174623665","OBJECT_OR_COLUMN","",""
"2091310660","dbo","IV_GLOBALPAR","974626515","OBJECT_OR_COLUMN","",""
"2091310660","dbo","IV_STATUS_DEPTO","1458208345","OBJECT_OR_COLUMN","",""
"2091310660","dbo","IVS_DEPTO","1787153412","OBJECT_OR_COLUMN","",""
"2094682560","dbo","GE_PESSOA","1957582012","OBJECT_OR_COLUMN","",""
"2094682560","dbo","IV_FORMULARIO","942626401","OBJECT_OR_COLUMN","",""
"2094682560","dbo","IV_Q_COMPETID_NEGOC_IMPL","2046682389","OBJECT_OR_COLUMN","",""
"2094682560","dbo","IV_QUESTIONARIO","379148396","OBJECT_OR_COLUMN","",""
"2097494601","dbo","IV_GLOBALPAR","974626515","OBJECT_OR_COLUMN","",""
"2097494601","dbo","IV_GLOBALPARCTRL","1006626629","OBJECT_OR_COLUMN","",""
"2104550731","dbo","IV_CLIENTEPROPR","174623665","OBJECT_OR_COLUMN","",""
"2105930724","dbo","GE_PESSOA","1957582012","OBJECT_OR_COLUMN","",""
"2105930724","dbo","IV_FORMULARIO","942626401","OBJECT_OR_COLUMN","",""
"2105930724","dbo","IV_Q_VP_RENOVACAO_SEGURO","2057930553","OBJECT_OR_COLUMN","",""
"2105930724","dbo","IV_QUESTIONARIO","379148396","OBJECT_OR_COLUMN","",""
"2107310717","dbo","fn_StripCharacters","2115642730","OBJECT_OR_COLUMN","",""
"2107310717","dbo","GE_PESSOA","1957582012","OBJECT_OR_COLUMN","",""
"2107310717","dbo","GE_Pessoa","1957582012","OBJECT_OR_COLUMN","",""
"2107310717","dbo","IV_FORMULARIO","942626401","OBJECT_OR_COLUMN","",""
"2107310717","dbo","IV_Formulario","942626401","OBJECT_OR_COLUMN","",""
"2107310717","dbo","IV_Q_ACOMP_VEND_MAQUINAS","1330259944","OBJECT_OR_COLUMN","",""
"2107310717","dbo","IV_Q_CONT_COMISSAO_22","2066262566","OBJECT_OR_COLUMN","",""
"2107310717","dbo","IV_Q_GESTAO_CREDITO","1586260856","OBJECT_OR_COLUMN","",""
"2107310717","dbo","IV_Q_GESTAO_CREDITO_AMS","1182783421","OBJECT_OR_COLUMN","",""
"2107310717","dbo","IV_Q_GESTAO_CREDITO_IMP","670781597","OBJECT_OR_COLUMN","",""
"2107310717","dbo","IV_Q_GESTAO_PRODUTO___AMS","462780856","OBJECT_OR_COLUMN","",""
"2107310717","dbo","IV_Q_GESTAO_PRODUTO_IMPL","382780571","OBJECT_OR_COLUMN","",""
"2107310717","dbo","IV_QUESTIONARIO","379148396","OBJECT_OR_COLUMN","",""
"2107310717","dbo","IV_Questionario","379148396","OBJECT_OR_COLUMN","",""
"2107310717","dbo","X_CRM_BI_CONGLOMERADO","1403308209","OBJECT_OR_COLUMN","",""
"2107310717","dbo","X_TOTVS_BI_FATURAMENTO_MAQUINAS","1563308779","OBJECT_OR_COLUMN","",""
"2112882744","dbo","GE_PESSOA","1957582012","OBJECT_OR_COLUMN","",""
"2112882744","dbo","IV_FORMULARIO","942626401","OBJECT_OR_COLUMN","",""
"2112882744","dbo","IV_Q_TESTE_PRIMEIRO_JD","2032882459","OBJECT_OR_COLUMN","",""
"2112882744","dbo","IV_QUESTIONARIO","379148396","OBJECT_OR_COLUMN","",""
"2119834764","dbo","IV_HISTORICO","1102626971","OBJECT_OR_COLUMN","",""
"2119834764","dbo","IV_PROCESSO","1710629137","OBJECT_OR_COLUMN","",""
"2119834764","dbo","IV_Q$GESTAO_CREDITO","1207831515","OBJECT_OR_COLUMN","",""
"2119834764","dbo","IV_Q$GESTAO_CREDITO_IMP","1166783364","OBJECT_OR_COLUMN","",""
"2124026798","dbo","IV_GLOBALPAR","974626515","OBJECT_OR_COLUMN","",""
"2124026798","dbo","IV_GLOBALPARCTRL","1006626629","OBJECT_OR_COLUMN","",""
"2126122815","dbo","GE_PESSOA","1957582012","OBJECT_OR_COLUMN","",""
"2126122815","dbo","IV_FORMULARIO","942626401","OBJECT_OR_COLUMN","",""
"2126122815","dbo","IV_Q_DEMONSTRACAO_LOG","2078122644","OBJECT_OR_COLUMN","",""
"2126122815","dbo","IV_QUESTIONARIO","379148396","OBJECT_OR_COLUMN","",""
"2129546770","dbo","GE_IMPORTA_CART","1777545516","OBJECT_OR_COLUMN","",""
"2129546770","dbo","GE_Pessoa","1957582012","OBJECT_OR_COLUMN","",""
"2129546770","dbo","GE_Sequencia","738101670","OBJECT_OR_COLUMN","",""
"2129546770","dbo","IV_ClientePropr","174623665","OBJECT_OR_COLUMN","",""
"2129598825","dbo","GE_PESSOA","1957582012","OBJECT_OR_COLUMN","",""
"2129598825","dbo","IV_FORMULARIO","942626401","OBJECT_OR_COLUMN","",""
"2129598825","dbo","IV_Q_PEDIDO_GC","2081598654","OBJECT_OR_COLUMN","",""
"2129598825","dbo","IV_QUESTIONARIO","379148396","OBJECT_OR_COLUMN","",""
"2142786841","dbo","GE_PESSOA","1957582012","OBJECT_OR_COLUMN","",""
"2142786841","dbo","IV_FORMULARIO","942626401","OBJECT_OR_COLUMN","",""
"2142786841","dbo","IV_Q_VENDA_PERDIDA","738869749","OBJECT_OR_COLUMN","",""
"2142786841","dbo","IV_QUESTIONARIO","379148396","OBJECT_OR_COLUMN","",""
"2144882858","dbo","IV_CLIENTEPROPR","174623665","OBJECT_OR_COLUMN","",""
