"tabela","indice","tipo","pk","unico","constraint_unica","colunas","incluidas","filtro","desabilitado"
"CBR_CLIENTECONTA","PK__CBR_CLIE__29303D1F283A142C","CLUSTERED","True","True","False","[SEQCBRCLIENTECONTA]","","","False"
"CBR_CLIENTECONTA","IDX_CBR_CLIENTECONTA_CPF","NONCLUSTERED","False","False","False","[CPF]","","","False"
"CLARITY_BINA","IDX_CLARITY_BINA_0","NONCLUSTERED","False","False","False","[RAMAL]","","","False"
"CONTAS","CONTASX1","NONCLUSTERED","False","False","False","[codconta1]","","","False"
"CONTAS","CONTASX3","NONCLUSTERED","False","False","False","[codconta3]","","","False"
"CONTAS","CONTASX2","NONCLUSTERED","False","False","False","[codconta2]","","","False"
"DMN_Doc","PK__DMN_Doc__E97A788829326739","CLUSTERED","True","True","False","[SeqDocto]","","","False"
"DMN_Doc","DMN_DocPK","NONCLUSTERED","False","True","False","[SeqDocto]","","","False"
"DMN_Doc","DMN_DocIF1","NONCLUSTERED","False","False","False","[SeqDocTp]","","","False"
"DMN_DocArq","PK__DMN_DocA__E97A7888DE14F885","CLUSTERED","True","True","False","[SeqDocto]","","","False"
"DMN_DocArq","DMN_DocArqPK","NONCLUSTERED","False","True","False","[SeqDocto]","","","False"
"DMN_DocHst","PK__DMN_DocH__AED5C93A318CF887","CLUSTERED","True","True","False","[SeqDocto], [SeqDH]","","","False"
"DMN_DocHst","DMN_DocHstPK","NONCLUSTERED","False","True","False","[SeqDocto], [SeqDH]","","","False"
"DMN_DocHst","DMN_DocHstIF1","NONCLUSTERED","False","False","False","[SeqDocto]","","","False"
"DMN_DocObs","PK__DMN_DocO__E97A7888D2D8F196","CLUSTERED","True","True","False","[SeqDocto]","","","False"
"DMN_DocObs","DMN_DocObsPK","NONCLUSTERED","False","True","False","[SeqDocto]","","","False"
"DMN_DocPes","PK__DMN_DocP__3DE3070415A7C5CC","CLUSTERED","True","True","False","[SeqPessoa], [SeqDocto]","","","False"
"DMN_DocPes","DMN_DocPesPK","NONCLUSTERED","False","True","False","[SeqPessoa], [SeqDocto]","","","False"
"DMN_DocPes","DMN_DocPesIF1","NONCLUSTERED","False","False","False","[SeqPessoa]","","","False"
"DMN_DocPes","DMN_DocPesIF2","NONCLUSTERED","False","False","False","[SeqDocto]","","","False"
"DMN_DocProj","PK__DMN_DocP__5308B81253E3BBAA","CLUSTERED","True","True","False","[SeqProjeto], [SeqDocto]","","","False"
"DMN_DocProj","DMN_DocProjPK","NONCLUSTERED","False","True","False","[SeqProjeto], [SeqDocto]","","","False"
"DMN_DocProj","DMN_DocProjIF1","NONCLUSTERED","False","False","False","[SeqDocto]","","","False"
"DMN_DocProj","DMN_DocProjIF2","NONCLUSTERED","False","False","False","[SeqProjeto]","","","False"
"DMN_DocProp","PK__DMN_DocP__D2DA107CC086AAB1","CLUSTERED","True","True","False","[SeqPropPessoa], [SeqDocto]","","","False"
"DMN_DocProp","DMN_DocPropPK","NONCLUSTERED","False","True","False","[SeqPropPessoa], [SeqDocto]","","","False"
"DMN_DocProp","DMN_DocPropIF1","NONCLUSTERED","False","False","False","[SeqDocto]","","","False"
"DMN_DocProp","DMN_DocPropIF2","NONCLUSTERED","False","False","False","[SeqPropPessoa]","","","False"
"DMN_DocTp","PK__DMN_DocT__E97B64A7F5B63030","CLUSTERED","True","True","False","[SeqDocTp]","","","False"
"DMN_DocTp","DMN_DocTpPK","NONCLUSTERED","False","True","False","[SeqDocTp]","","","False"
"DMN_DocVrs","PK__DMN_DocV__DBB20EF31CAEE4E2","CLUSTERED","True","True","False","[SeqDocto], [SeqVrs]","","","False"
"DMN_DocVrs","DMN_DocVrsPK","NONCLUSTERED","False","True","False","[SeqDocto], [SeqVrs]","","","False"
"DMN_DocVrs","DMN_DocVrsIF1","NONCLUSTERED","False","False","False","[SeqDocto]","","","False"
"EXT_APROVACAO","PK_EXT_APROVACAO","CLUSTERED","True","True","False","[PROCESSO]","","","False"
"EXT_EMAIL","PK__EXT_EMAI__B4CA2AEB2641D59D","CLUSTERED","True","True","False","[IDEMAIL]","","","False"
"EXT_EMAIL","IDX_EXT_EMAIL_0","NONCLUSTERED","False","False","False","[EMAILLINK]","","","False"
"EXT_EMAIL","IDX_EXT_EMAIL","NONCLUSTERED","False","False","False","[SEQPESSOA]","","","False"
"EXT_EMAIL","IDX_EXT_EMAIL_1","NONCLUSTERED","False","False","False","[SEQEMAIL]","","","False"
"EXT_FormaPgto","PK__EXT_Form__70BCFB7F457DBACC","CLUSTERED","True","True","False","[IdNFS], [IdFormaPgto]","","","False"
"EXT_FormaPgto","EXT_FORMAPGTOIF1","NONCLUSTERED","False","False","False","[IdNFS]","","","False"
"EXT_NFS","PK__EXT_NFS__0DD2EFAB5EEAC422","CLUSTERED","True","True","False","[IdNFS]","","","False"
"EXT_NFS","EXT_NFSIE4","NONCLUSTERED","False","False","False","[Origem], [NroEmpresa], [NroNF]","","","False"
"EXT_NFS","XIE2EXT_NFS","NONCLUSTERED","False","False","False","[Processar], [StatusDWH]","","","False"
"EXT_NFS","XIE3EXT_NFS","NONCLUSTERED","False","False","False","[DtaEmissaoNF]","","","False"
"EXT_NFS","IDX_EXT_NFS","NONCLUSTERED","False","False","False","[IdVeic]","","","False"
"EXT_NFS","IDX_EXT_NFS_0","NONCLUSTERED","False","False","False","[SeqPessoa]","","","False"
"EXT_NFS","IDX_EXT_NFS_1","NONCLUSTERED","False","False","False","[IdNFSOper]","","","False"
"EXT_NFS","XIF4EXT_NFS","NONCLUSTERED","False","False","False","[IdVendedor]","","","False"
"EXT_NFS","XIF5EXT_NFS","NONCLUSTERED","False","False","False","[SeqDepto]","","","False"
"EXT_NFS","IDX_EXT_NFS_2","NONCLUSTERED","False","False","False","[IDNFSEXTERNO]","","","False"
"EXT_NFS","IDX_EXT_NFS_3","NONCLUSTERED","False","False","False","[PAIIDNFSEXTERNO]","","","False"
"EXT_NFS","EXT_NFS_IdNFS_IDX_Empresa_NRO_NF_Serie","NONCLUSTERED","False","False","False","[IdNFS], [NroEmpresa], [NroNF], [SerieNF]","","","False"
"EXT_NFSCmpl","PK__EXT_NFSC__6EB51BBB2FCB34E2","CLUSTERED","True","True","False","[IdNFS], [Idcmpl]","","","False"
"EXT_NFSCmpl","EXT_NFSCMPLIF1","NONCLUSTERED","False","False","False","[IdNFS]","","","False"
"EXT_NFSItem","PK__EXT_NFSI__38CC6B8D9301B2E0","CLUSTERED","True","True","False","[IdNFS], [IdItem]","","","False"
"EXT_NFSItem","EXT_NFSITEMIF1","NONCLUSTERED","False","False","False","[IdNFS]","","","False"
"EXT_NFSItem","XIF2EXT_NFSItem","NONCLUSTERED","False","False","False","[IdProduto]","","","False"
"EXT_NFSItem","XIF3EXT_NFSItem","NONCLUSTERED","False","False","False","[IdVendedor]","","","False"
"EXT_NFSItem","XIF4EXT_NFSItem","NONCLUSTERED","False","False","False","[SeqDepto]","","","False"
"EXT_NFSOper","PK__EXT_NFSO__F97DD5D906F158BE","CLUSTERED","True","True","False","[IdNFSOper]","","","False"
"EXT_NFSOper","XIE1EXT_NFSOper","NONCLUSTERED","False","False","False","[CodOperacao]","","","False"
"EXT_NFSOper","XIF1EXT_NFSOper","NONCLUSTERED","False","False","False","[SeqDepto]","","","False"
"EXT_NFSOperEmp","PK__EXT_NFSO__C207E533738F740F","CLUSTERED","True","True","False","[NroEmpresa], [IdNFSOper]","","","False"
"EXT_NFSOperEmp","IDX_EXT_NFSOPEMPR","NONCLUSTERED","False","False","False","[IdNFSOper]","","","False"
"EXT_NFSOperEmp","IDX_EXT_NFSOPEMPR_0","NONCLUSTERED","False","False","False","[SeqDepto]","","","False"
"EXT_OS","PK__EXT_OS__B87C231D41A98A61","CLUSTERED","True","True","False","[IDOS]","","","False"
"EXT_OS","EXT_OSAK1","NONCLUSTERED","False","False","False","[Origem], [NroEmpresa], [Nroos]","","","False"
"EXT_OS","IDX_EXT_OS","NONCLUSTERED","False","False","False","[IdVeic]","","","False"
"EXT_OS","IDX_EXT_OS_SEQP","NONCLUSTERED","False","False","False","[SeqPessoa]","","","False"
"EXT_OS","XIF3EXT_OS","NONCLUSTERED","False","False","False","[SeqDepto]","","","False"
"EXT_OS","IDX_EXT_OS_0","NONCLUSTERED","False","False","False","[IDOSEXTERNO]","","","False"
"EXT_OSITEM","PK__EXT_OSIT__4463D2A83E06D9B4","CLUSTERED","True","True","False","[IDOS], [IDITEM]","","","False"
"EXT_OSITEM","EXT_OSITEMIF1","NONCLUSTERED","False","False","False","[IDOS]","","","False"
"EXT_OSITEM","IDX_EXT_OSITEM","NONCLUSTERED","False","False","False","[IDOSEXTERNO]","","","False"
"EXT_OSSolic","PK__EXT_OSSo__6CEDE1F4BAB11998","CLUSTERED","True","True","False","[IDOS], [Idsolic]","","","False"
"EXT_OSSolic","EXT_OSSOLICIF1","NONCLUSTERED","False","False","False","[IDOS]","","","False"
"EXT_Pedido","PK__EXT_Pedi__9D335DC34DE7BBA1","CLUSTERED","True","True","False","[IdPedido]","","","False"
"EXT_Pedido","XPKEXT_Pedido","NONCLUSTERED","False","True","False","[IdPedido]","","","False"
"EXT_Pedido","XIE1EXT_Pedido","NONCLUSTERED","False","False","False","[Pessoalink], [PessoaLinkOrigem]","","","False"
"EXT_Pedido","XIE2EXT_Pedido","NONCLUSTERED","False","False","False","[NroCNPJCPF]","","","False"
"EXT_Pedido","XIE3EXT_Pedido","NONCLUSTERED","False","False","False","[NroPedido]","","","False"
"EXT_Pedido","XIE4EXT_Pedido","NONCLUSTERED","False","False","False","[DtaPedido]","","","False"
"EXT_Pedido","XIE5EXT_Pedido","NONCLUSTERED","False","False","False","[NroPedido], [NroEmpresa], [Origem]","","","False"
"EXT_Pedido","XIF1EXT_Pedido","NONCLUSTERED","False","False","False","[SeqPessoa]","","","False"
"EXT_Pedido","XIF2EXT_Pedido","NONCLUSTERED","False","False","False","[IdPessoa]","","","False"
"EXT_PedidoItem","PK__EXT_Pedi__BFC6373614BD8AC7","CLUSTERED","True","True","False","[IdPedido], [SeqItem]","","","False"
"EXT_PedidoItem","XPKEXT_PedidoItem","NONCLUSTERED","False","True","False","[IdPedido], [SeqItem]","","","False"
"EXT_PedidoItem","XIF2EXT_PedidoItem","NONCLUSTERED","False","False","False","[IdProduto]","","","False"
"EXT_PedidoItem","XIF3EXT_PedidoItem","NONCLUSTERED","False","False","False","[IdPedido]","","","False"
"EXT_Pessoa","PK__EXT_Pess__7061465DBCF5E474","CLUSTERED","True","True","False","[IdPessoa]","","","False"
"EXT_Pessoa","EXT_PESSOAIE3_0x","NONCLUSTERED","False","False","False","[PessoaLinkOrigem], [Pessoalink]","","","False"
"EXT_Pessoa","EXT_PESSOAIE4_0x","NONCLUSTERED","False","False","False","[NroCNPJCPF]","","","False"
"EXT_Pessoa","IDX_EXT_PESSOA","NONCLUSTERED","False","False","False","[StatusIMP], [DtaGeracao]","","","False"
"EXT_Pessoa","XIF1EXT_Pessoa","NONCLUSTERED","False","False","False","[SeqPessoa]","","","False"
"EXT_PESSOACONTATO","PK__EXT_PESS__4F435473B021655B","CLUSTERED","True","True","False","[IDPESSOACTTO]","","","False"
"EXT_PESSOACONTATO","IDX_EXT_PESSOACONTATO","NONCLUSTERED","False","False","False","[SEQPESSOA]","","","False"
"EXT_PESSOACONTATO","IDX_EXT_PESSOACONTATO_0","NONCLUSTERED","False","False","False","[SEQCONTATO]","","","False"
"EXT_PESSOAFONE","PK__EXT_PESS__4EBB238807B17403","CLUSTERED","True","True","False","[IDPESSOAFONE]","","","False"
"EXT_Pot_Pecas","PK_EXT_Pot_Pecas","CLUSTERED","True","True","False","[SEQ]","","","False"
"EXT_Produto","PK__EXT_Prod__2E883C23F4043BB4","CLUSTERED","True","True","False","[IdProduto]","","","False"
"EXT_Produto","EXT_PRODUTOAK1","NONCLUSTERED","False","False","False","[CodProduto]","","","False"
"EXT_Produto","IDX_EXT_PRODUTO","NONCLUSTERED","False","False","False","[CodProduto], [ORIGEM], [Tipo]","","","False"
"EXT_Produto","IDX_EXT_PRODUTO_ERP","NONCLUSTERED","False","False","False","[CHAVEPRODUTOERP]","","","False"
"EXT_TIT_ACRESC","PK_EXT_TIT_ACRESC","CLUSTERED","True","True","False","[LINKSTR]","","","False"
"EXT_TIT_ACRESC","EXT_TIT_ACRESC_01","NONCLUSTERED","False","False","False","[LINKSTR]","","","False"
"EXT_Titulo","PK__EXT_Titu__A3113E575E097FF1","CLUSTERED","True","True","False","[idTitulo]","","","False"
"EXT_Titulo","EXT_TITULOIE1","NONCLUSTERED","False","False","False","[LinkNro]","","","False"
"EXT_Titulo","EXT_TITULOIE2","NONCLUSTERED","False","False","False","[LinkStr]","","","False"
"EXT_Titulo","IDX_EXT_TITULO","NONCLUSTERED","False","False","False","[IdPessoa]","","","False"
"EXT_Titulo","XIE5EXT_Titulo","NONCLUSTERED","False","False","False","[NroTitulo]","","","False"
"EXT_Titulo","XIF1EXT_Titulo","NONCLUSTERED","False","False","False","[SeqPessoa]","","","False"
"EXT_Titulo","IDX_EXT_TITULO_01","NONCLUSTERED","False","False","False","[IndAtivo], [Status]","","","False"
"EXT_TituloCmpl","PK__EXT_Titu__A3113E57EC29C706","CLUSTERED","True","True","False","[idTitulo]","","","False"
"EXT_TituloMov","PK__EXT_Titu__1174875FAEF83FC2","CLUSTERED","True","True","False","[IdTituloMov]","","","False"
"EXT_TituloMov","XPKEXT_TituloMov","NONCLUSTERED","False","True","False","[IdTituloMov]","","","False"
"EXT_TituloMov","XIF1EXT_TituloMov","NONCLUSTERED","False","False","False","[idTitulo]","","","False"
"EXT_Veic","PK__EXT_Veic__A8BACEFE00A0ED18","CLUSTERED","True","True","False","[IdVeic]","","","False"
"EXT_Veic","IDX_EXT_VEIC_CHASSI","NONCLUSTERED","False","False","False","[Chassi]","","","False"
"EXT_Veic","IDX_EXT_VEIC_PLACA","NONCLUSTERED","False","False","False","[Placa]","","","False"
"EXT_Veic","IDX_EXT_VEIC_CHSC","NONCLUSTERED","False","False","False","[ChassiRed]","","","False"
"EXT_Veic","IDX_EXT_VEIC_MOD","NONCLUSTERED","False","False","False","[IdVeicModelo]","","","False"
"EXT_Veic","IDX_EXT_VEIC","NONCLUSTERED","False","False","False","[SeqPessoa]","","","False"
"EXT_Veic","IDX_EXT_VEICPLMAN","NONCLUSTERED","False","False","False","[SeqPlanoMAN]","","","False"
"EXT_Veic","XIF4EXT_Veic","NONCLUSTERED","False","False","False","[IdVeicMarca]","","","False"
"EXT_VeicAgd","PK__EXT_Veic__0D4FECDB34BA173A","CLUSTERED","True","True","False","[SeqVeicAgd]","","","False"
"EXT_VeicAgd","XIE1EXT_VeicAgd","NONCLUSTERED","False","False","False","[Processo]","","","False"
"EXT_VeicAgd","XIE2EXT_VeicAgd","NONCLUSTERED","False","False","False","[SeqAgdConvite]","","","False"
"EXT_VeicAgd","XIE3EXT_VeicAgd","NONCLUSTERED","False","False","False","[SeqAgdLembrete1]","","","False"
"EXT_VeicAgd","XIE4EXT_VeicAgd","NONCLUSTERED","False","False","False","[SeqAgdLembrete2]","","","False"
"EXT_VeicAgd","XIE5EXT_VeicAgd","NONCLUSTERED","False","False","False","[SeqAgdConfirmacao]","","","False"
"EXT_VeicAgd","XIE6EXT_VeicAgd","NONCLUSTERED","False","False","False","[SeqAgenda]","","","False"
"EXT_VeicAgd","XIE7EXT_VeicAgd","NONCLUSTERED","False","False","False","[Placa]","","","False"
"EXT_VeicAgd","IDX_EXT_VEICAGD","NONCLUSTERED","False","False","False","[IdVeic]","","","False"
"EXT_VeicAgd","XIF2EXT_VeicAgd","NONCLUSTERED","False","False","False","[SeqPessoa]","","","False"
"EXT_VEICAGDERP","PK__EXT_VEIC__D461931EC0A35977","CLUSTERED","True","True","False","[SEQVEICAGDERP]","","","False"
"EXT_VEICAGDERP","IDX_EXT_VEICAGDERP","NONCLUSTERED","False","False","False","[SEQVEICAGD]","","","False"
"EXT_VeicAvalFoto","PK__EXT_Veic__B913BC4CE941EA95","CLUSTERED","True","True","False","[IdAvalFoto]","","","False"
"EXT_VeicAvalFoto","XPKEXT_VeicAvalFoto","NONCLUSTERED","False","True","False","[IdAvalFoto]","","","False"
"EXT_VeicAvalFoto","XIF1EXT_VeicAvalFoto","NONCLUSTERED","False","False","False","[IdAvalia]","","","False"
"EXT_VeicAvalia","PK__EXT_Veic__46BBF4846EBC693D","CLUSTERED","True","True","False","[IdAvalia]","","","False"
"EXT_VeicAvalia","XPKEXT_VeicAvalia","NONCLUSTERED","False","True","False","[IdAvalia]","","","False"
"EXT_VeicAvalia","XIE1EXT_VeicAvalia","NONCLUSTERED","False","False","False","[Placa]","","","False"
"EXT_VeicAvalia","XIE2EXT_VeicAvalia","NONCLUSTERED","False","False","False","[Chassi]","","","False"
"EXT_VeicAvalia","XIE3EXT_VeicAvalia","NONCLUSTERED","False","False","False","[Modelo], [Marca]","","","False"
"EXT_VeicAvalia","XIE4EXT_VeicAvalia","NONCLUSTERED","False","False","False","[DtaAvaliacao]","","","False"
"EXT_VeicAvalia","XIE5EXT_VeicAvalia","NONCLUSTERED","False","False","False","[LinkAvaliacao]","","","False"
"EXT_VeicAvalia","XIF1EXT_VeicAvalia","NONCLUSTERED","False","False","False","[IdVeic]","","","False"
"EXT_VeicFam","PK__EXT_Veic__545E036ED9D44969","CLUSTERED","True","True","False","[IdVeicFamilia]","","","False"
"EXT_VeicFam","IDX_EXT_VEICFAM","NONCLUSTERED","False","False","False","[IdVeicMarca]","","","False"
"EXT_VeicFam","XIF2EXT_VeicFam","NONCLUSTERED","False","False","False","[SeqPropriedade]","","","False"
"EXT_VeicKM","PK__EXT_Veic__9A698ECD58A0C5FB","CLUSTERED","True","True","False","[IdVeic], [KMAtual]","","","False"
"EXT_VeicKM","IDX_EXT_VEICKM","NONCLUSTERED","False","False","False","[IdVeic]","","","False"
"EXT_VeicKM","IDX_EXT_VEICKM_0","NONCLUSTERED","False","False","False","[IdVeicProp]","","","False"
"EXT_VeicKM","XIF2EXT_VeicKM","NONCLUSTERED","False","False","False","[IDOS]","","","False"
"EXT_VeicKM","XIF3EXT_VeicKM","NONCLUSTERED","False","False","False","[SeqPlanoMnFx]","","","False"
"EXT_VeicMarca","PK__EXT_Veic__0A2E7064CD4646F6","CLUSTERED","True","True","False","[IdVeicMarca]","","","False"
"EXT_VeicMarca","IDX_EXT_VMARCA","NONCLUSTERED","False","False","False","[Marca]","","","False"
"EXT_VeicMarca","XIF1EXT_VeicMarca","NONCLUSTERED","False","False","False","[SeqTipoManPadrao]","","","False"
"EXT_VeicMarca","XIF2EXT_VeicMarca","NONCLUSTERED","False","False","False","[SeqPlanoManMarca]","","","False"
"EXT_VeicMarcaEmp","PK__EXT_Veic__BA864ED09A16FCAA","CLUSTERED","True","True","False","[SeqVeicMarcaEmp]","","","False"
"EXT_VeicMarcaEmp","XPKEXT_VeicMarcaEmp","NONCLUSTERED","False","True","False","[SeqVeicMarcaEmp]","","","False"
"EXT_VeicMarcaEmp","XIE1EXT_VeicMarcaEmp","NONCLUSTERED","False","False","False","[IdVeicMarca], [NroEmpresa]","","","False"
"EXT_VeicMarcaEmp","XIE2EXT_VeicMarcaEmp","NONCLUSTERED","False","False","False","[IdVeicMarca], [NroEmpresaOrig]","","","False"
"EXT_VeicMarcaEmp","XIF1EXT_VeicMarcaEmp","NONCLUSTERED","False","False","False","[IdVeicMarca]","","","False"
"EXT_VeicModelo","PK__EXT_Veic__B0D718B76029CE0C","CLUSTERED","True","True","False","[IdVeicModelo]","","","False"
"EXT_VeicModelo","IDX_EXT_VEICMODFAM","NONCLUSTERED","False","False","False","[IdVeicFamilia]","","","False"
"EXT_VeicModPlano","PK__EXT_Veic__E34788C6B6D17E3B","CLUSTERED","True","True","False","[IdVeicModelo], [SeqPlanoMAN]","","","False"
"EXT_VeicModPlano","XPKEXT_VeicModPlano","NONCLUSTERED","False","True","False","[IdVeicModelo], [SeqPlanoMAN]","","","False"
"EXT_VeicModPlano","XIF1EXT_VeicModPlano","NONCLUSTERED","False","False","False","[IdVeicModelo]","","","False"
"EXT_VeicModPlano","XIF2EXT_VeicModPlano","NONCLUSTERED","False","False","False","[SeqPlanoMAN]","","","False"
"EXT_VeicPlanoMan","PK__EXT_Veic__39090714B3A2A698","CLUSTERED","True","True","False","[SeqPlanoMAN]","","","False"
"EXT_VeicPlanoMan","XIE1EXT_VeicPlanoMan","NONCLUSTERED","False","False","False","[TPVeicSeqPar]","","","False"
"EXT_VeicPlanoMan","XIF1EXT_VeicPlanoMan","NONCLUSTERED","False","False","False","[SeqTipoMan]","","","False"
"EXT_VeicPlanoMnFX","PK__EXT_Veic__ED46B9513C44B360","CLUSTERED","True","True","False","[SeqPlanoMnFx]","","","False"
"EXT_VeicPlanoMnFX","XAK1EXT_VeicPlanoMnF","NONCLUSTERED","False","True","False","[SeqPlanoMAN], [NroServico]","","","False"
"EXT_VeicPlanoMnFX","UQ__EXT_Veic__5C2BD78EBE49BB2B","NONCLUSTERED","False","True","True","[SeqPlanoMAN], [NroServico]","","","False"
"EXT_VeicPlanoMnFX","IDX_EXT_PLMANFX","NONCLUSTERED","False","False","False","[SeqPlanoMAN]","","","False"
"EXT_VeicPlanoMnFX","UQ__EXT_Veic__5C2BD78E5350DF58","NONCLUSTERED","False","True","True","[SeqPlanoMAN], [NroServico]","","","False"
"EXT_VeicProp","PK__EXT_Veic__B440E9300166C7A2","CLUSTERED","True","True","False","[IdVeicProp]","","","False"
"EXT_VeicProp","IDX_EXT_VeicPrpNF","NONCLUSTERED","False","False","False","[NroNF], [NroEmpresa]","","","False"
"EXT_VeicProp","IDX_EXT_VEICPROP","NONCLUSTERED","False","False","False","[IdVeic]","","","False"
"EXT_VeicProp","IDX_EXT_VEICPROP_0","NONCLUSTERED","False","False","False","[SeqPessoa]","","","False"
"EXT_VeicProp","XIF3EXT_VeicProp","NONCLUSTERED","False","False","False","[IdVendedor]","","","False"
"EXT_VeicTipoMan","PK__EXT_Veic__4CD003F38FDDC4D5","CLUSTERED","True","True","False","[SeqTipoMan]","","","False"
"EXT_VeicTipoMan","XPKEXT_VeicTipoMan","NONCLUSTERED","False","True","False","[SeqTipoMan]","","","False"
"EXT_Vendedor","PK__EXT_Vend__16D6C7CABC45CEAF","CLUSTERED","True","True","False","[IdVendedor]","","","False"
"EXT_Vendedor","XPKEXT_Vendedor","NONCLUSTERED","False","True","False","[IdVendedor]","","","False"
"EXT_Vendedor","XIE1EXT_Vendedor","NONCLUSTERED","False","False","False","[CodVendedor]","","","False"
"EXT_Vendedor","XIE2EXT_Vendedor","NONCLUSTERED","False","False","False","[Nome]","","","False"
"GE_Alias","PK_GE_Alias","CLUSTERED","True","True","False","[SeqAlias]","","","False"
"GE_Alias","GE_ALIASIE1","NONCLUSTERED","False","False","False","[Tabela], [SEQ]","","","False"
"GE_Aplicacao","PK__GE_Aplic__2EFA6BD5FFAAEED4","CLUSTERED","True","True","False","[SeqAplicacao]","","","False"
"GE_Aplicacao","GE_AplicacaoPK","NONCLUSTERED","False","True","False","[SeqAplicacao]","","","False"
"GE_Aplicacao","GE_AplicacaoAK1","NONCLUSTERED","False","True","False","[CodAplicacao]","","","False"
"GE_Aplicacao","GE_AplicacaoIF1","NONCLUSTERED","False","False","False","[Sistema], [Modulo]","","","False"
"GE_AppModulo","PK__GE_AppMo__D47F63DC6CCA87DE","CLUSTERED","True","True","False","[Modulo]","","","False"
"GE_AppModulo","GE_AppModuloPK","NONCLUSTERED","False","True","False","[Modulo]","","","False"
"GE_AtributoFixo","PK__GE_Atrib__682FA8127E52E449","CLUSTERED","True","True","False","[Atributo], [Lista]","","","False"
"GE_AtributoFixo","GE_AtributoFixoPK","NONCLUSTERED","False","True","False","[Atributo], [Lista]","","","False"
"GE_AtributoFixo","GE_AtributoFixoIE1","NONCLUSTERED","False","False","False","[NroAdic], [Atributo]","","","False"
"GE_AtributoFixo","GE_AtributoFixoIE2","NONCLUSTERED","False","False","False","[SeqAtrib]","","","False"
"GE_Bairro","PK__GE_Bairr__CF9E91039F6526F9","CLUSTERED","True","True","False","[SeqCidade], [SeqBairro]","","","False"
"GE_Bairro","GE_BairroPK","NONCLUSTERED","False","True","False","[SeqCidade], [SeqBairro]","","","False"
"GE_Bairro","GE_BairroIF1","NONCLUSTERED","False","False","False","[SeqCidade]","","","False"
"GE_CampoExig","PK__GE_Campo__FCF5DAD01DC49350","CLUSTERED","True","True","False","[Form], [Campo], [Tipo], [SeqPolSeg]","","","False"
"GE_CampoExig","GE_CampoExigPK","NONCLUSTERED","False","True","False","[Form], [Campo], [Tipo], [SeqPolSeg]","","","False"
"GE_CampoExig","GE_CampoExigIF1","NONCLUSTERED","False","False","False","[SeqPolSeg]","","","False"
"GE_CampoMemo","PK_GE_CampoMemo","CLUSTERED","True","True","False","[SeqUsuario], [CodAplicacao], [Campo]","","","False"
"GE_CampoMemo","GE_CampoMemoPK","NONCLUSTERED","False","True","False","[SeqUsuario], [CodAplicacao], [Campo]","","","False"
"GE_CampoMemo","GE_CampoMemoIF1","NONCLUSTERED","False","False","False","[SeqUsuario]","","","False"
"GE_CampoPerm","PK_GE_CampoPerm","CLUSTERED","True","True","False","[CodAplicacao], [NroEmpresa], [Campo], [SeqUsuario]","","","False"
"GE_CampoPerm","GE_CampoPermPK","NONCLUSTERED","False","True","False","[CodAplicacao], [NroEmpresa], [Campo], [SeqUsuario]","","","False"
"GE_CampoPerm","GE_CampoPermIF1","NONCLUSTERED","False","False","False","[SeqUsuario]","","","False"
"GE_CFinConj","GE_CFINCONJIF2","NONCLUSTERED","False","False","False","[SeqPessoaConj]","","","False"
"GE_CFinDocto","GE_CFINDOCTOIF1","NONCLUSTERED","False","False","False","[SeqDocto]","","","False"
"GE_CFinDocto","GE_CFINDOCTOIF4","NONCLUSTERED","False","False","False","[SeqDocTp]","","","False"
"GE_CFinDocto","GE_CFINDOCTOIF3","NONCLUSTERED","False","False","False","[DocReqSeqPar]","","","False"
"GE_CFinDocto","GE_CFINDOCTOIF5","NONCLUSTERED","False","False","False","[CondicaoDocSeqPar]","","","False"
"GE_CFinFis","GE_CFINFISIE1","NONCLUSTERED","False","False","False","[Processo]","","","False"
"GE_CFinFis","GE_CFINFISIF1","NONCLUSTERED","False","False","False","[SeqPessoa]","","","False"
"GE_CFinRPes","GE_CFINRPESIF2","NONCLUSTERED","False","False","False","[SeqCFinFis]","","","False"
"GE_CFinRPes","GE_CFINRPESIF1","NONCLUSTERED","False","False","False","[TipoRelacSeqPar]","","","False"
"GE_Cidade","PK__GE_Cidad__95B1809438B79C47","CLUSTERED","True","True","False","[SeqCidade]","","","False"
"GE_Cidade","GE_CidadePK","NONCLUSTERED","False","True","False","[SeqCidade]","","","False"
"GE_Cidade_CRM","PK__GE_Cidad__95B18094FA87402A","CLUSTERED","True","True","False","[SeqCidade]","","","False"
"GE_Cidade_CRM","GE_CidadePK","NONCLUSTERED","False","True","False","[SeqCidade]","","","False"
"GE_CIdadePref","PK__GE_CIdad__61688312DA4983A8","CLUSTERED","True","True","False","[SeqCidade], [NroEmpresa]","","","False"
"GE_CIdadePref","GE_CIdadePrefPK","NONCLUSTERED","False","True","False","[SeqCidade], [NroEmpresa]","","","False"
"GE_CIdadePref","GE_CIdadePrefIF1","NONCLUSTERED","False","False","False","[SeqCidade]","","","False"
"GE_Col","PK__GE_Col__33CEEA481D191254","CLUSTERED","True","True","False","[Tabela], [Coluna]","","","False"
"GE_Col","GE_COLIF1","NONCLUSTERED","False","False","False","[Tabela]","","","False"
"GE_Col","GE_ColPK","NONCLUSTERED","False","True","False","[Tabela], [Coluna]","","","False"
"GE_ColPosition","PK__GE_ColPo__BDFC3E87BED0D603","CLUSTERED","True","True","False","[Objeto], [SeqUsuario], [Coluna]","","","False"
"GE_ColPosition","GE_ColPositionPK","NONCLUSTERED","False","True","False","[Objeto], [SeqUsuario], [Coluna]","","","False"
"GE_ColPosition","GE_ColPositionIE1","NONCLUSTERED","False","False","False","[Objeto], [SeqUsuario]","","","False"
"GE_ColRegra","PK__GE_ColRe__42CA2BCC78C1559C","CLUSTERED","True","True","False","[SeqColRegra]","","","False"
"GE_ColRegra","GE_COLREGRAAK1","NONCLUSTERED","False","False","False","[Tabela], [Coluna], [SeqPolSeg], [Condicao]","","","False"
"GE_ColRegra","GE_COLREGRAIF1","NONCLUSTERED","False","False","False","[Coluna], [Tabela]","","","False"
"GE_ColRegra","GE_COLREGRAIF2","NONCLUSTERED","False","False","False","[SeqPolSeg], [SeqPerfil]","","","False"
"GE_ColRegra","GE_ColRegraPK","NONCLUSTERED","False","True","False","[SeqColRegra]","","","False"
"GE_CONSHST","PK__GE_CONSH__CD6635BE40C6BDA9","CLUSTERED","True","True","False","[SEQCONSHST]","","","False"
"GE_CONSHST","XIF1GE_CONSHST","NONCLUSTERED","False","False","False","[SEQCONSSQL]","","","False"
"GE_CONSSQL","PK__GE_CONSS__CF288582D046B8C0","CLUSTERED","True","True","False","[SEQCONSSQL]","","","False"
"GE_CONSSQL","GE_QVCONSAK11","NONCLUSTERED","False","True","False","[NOME]","","","False"
"GE_CONSSQL","XIF1GE_CONSSQL","NONCLUSTERED","False","False","False","[SEQRELTEMPLATE]","","","False"
"GE_Consulta","PK__GE_Consu__F75B1C4287E91EB2","CLUSTERED","True","True","False","[Seqconsulta]","","","False"
"GE_Consulta","GE_ConsultaPK","NONCLUSTERED","False","True","False","[Seqconsulta]","","","False"
"GE_Consulta","GE_ConsultaIE1","NONCLUSTERED","False","False","False","[Cod]","","","False"
"GE_Consulta","GE_ConsultaIF1","NONCLUSTERED","False","False","False","[Seqconsultapai]","","","False"
"GE_ConsultaVar","PK__GE_Consu__2735ED754700E5CB","CLUSTERED","True","True","False","[Seqconsulta], [Variavel]","","","False"
"GE_ConsultaVar","GE_ConsultaVarPK","NONCLUSTERED","False","True","False","[Seqconsulta], [Variavel]","","","False"
"GE_ConsultaVar","GE_ConsultaVarIF1","NONCLUSTERED","False","False","False","[Seqconsulta]","","","False"
"GE_CONSVAR","PK__GE_CONSV__9B8D36B00FB0B7B0","CLUSTERED","True","True","False","[SEQCONSVAR]","","","False"
"GE_CONSVAR","XAK3GE_CONSVAR","NONCLUSTERED","False","True","False","[SEQCONSSQL], [VARIAVEL]","","","False"
"GE_CONSVAR","XIF1GE_CONSVAR","NONCLUSTERED","False","False","False","[SEQCONSSQL]","","","False"
"GE_CONSVARLST","PK__GE_CONSV__35DCB034DB12FD09","CLUSTERED","True","True","False","[SEQCONSVARLST]","","","False"
"GE_CONSVARLST","XIF1GE_CONSVARLST","NONCLUSTERED","False","False","False","[SEQCONSVAR]","","","False"
"GE_Contato","PK__GE_Conta__3F7BFE1F99FB1C33","CLUSTERED","True","True","False","[SeqPessoa], [SeqContato]","","","False"
"GE_Contato","GE_ContatoPK","NONCLUSTERED","False","True","False","[SeqPessoa], [SeqContato]","","","False"
"GE_Contato","GE_ContatoIE1","NONCLUSTERED","False","False","False","[FoneNro1]","","","False"
"GE_Contato","GE_ContatoIE2","NONCLUSTERED","False","False","False","[FoneNro2]","","","False"
"GE_Contato","GE_ContatoIF1","NONCLUSTERED","False","False","False","[SeqPessoa]","","","False"
"GE_Contato","PK_GE_CONTATO","NONCLUSTERED","False","False","False","[SeqContato]","","","False"
"GE_CONTATOAPP","PK__GE_CONTA__D54471E68C130075","CLUSTERED","True","True","False","[SEQPESSOA], [SEQCONTATO]","","","False"
"GE_CONTATOAPP","IDX_GE_CONTATOAPP_02","NONCLUSTERED","False","False","False","[SEQCONTATO]","","","False"
"GE_CONTATOAPP","IDX_GE_CONTATOAPP_01","NONCLUSTERED","False","False","False","[SEQPESSOA]","","","False"
"GE_ContatoEmail","XPKGE_ContatoEmail","NONCLUSTERED","False","True","False","[SeqEmail], [SeqPessoa], [SeqContato]","","","False"
"GE_ContatoPapel","PK__GE_Conta__22882B3AB9AB6E3F","CLUSTERED","True","True","False","[SeqPessoa], [SeqContato], [Papel]","","","False"
"GE_ContatoPapel","GE_ContatoPapelPK","NONCLUSTERED","False","True","False","[SeqPessoa], [SeqContato], [Papel]","","","False"
"GE_ContatoPapel","GE_ContatoPapelIF1","NONCLUSTERED","False","False","False","[SeqPessoa], [SeqContato]","","","False"
"GE_CTRL2","PK__GE_CTRL2__C41D9C18855898AB","CLUSTERED","True","True","False","[K01]","","","False"
"GE_CtrlE","PK__GE_CtrlE__C41D9C18A6D75B17","CLUSTERED","True","True","False","[K01]","","","False"
"GE_CtrlE","GE_CtrlEPK","NONCLUSTERED","False","True","False","[K01]","","","False"
"GE_CtrlM","PK__GE_CtrlM__C41D9C183308D05F","CLUSTERED","True","True","False","[K01]","","","False"
"GE_CtrlM","GE_CtrlMPK","NONCLUSTERED","False","True","False","[K01]","","","False"
"GE_CtrlME","PK__GE_CtrlM__C41D9C18ADF6C1B8","CLUSTERED","True","True","False","[K01]","","","False"
"GE_CtrlME","GE_CtrlMEPK","NONCLUSTERED","False","True","False","[K01]","","","False"
"GE_CTRLMU","IDX_GE_CTRLMU_SEQUSUARIO","NONCLUSTERED","False","False","False","[SEQUSUARIO]","","","False"
"GE_CTRLMU","IDX_GE_CTRLMU_K01","NONCLUSTERED","False","False","False","[K01]","","","False"
"GE_CTRLUSR","PK__GE_CTRLU__C41D9C1826DB7678","CLUSTERED","True","True","False","[K01]","","","False"
"GE_DiaNaoUtil","PK__GE_DiaNa__77387D0A22948A4F","CLUSTERED","True","True","False","[Data]","","","False"
"GE_DiaNaoUtil","GE_DiaNaoUtilPK","NONCLUSTERED","False","True","False","[Data]","","","False"
"GE_Email","PK_GE_Email","CLUSTERED","True","True","False","[SeqEmail]","","","False"
"GE_Email","XPKGE_Email","NONCLUSTERED","False","True","False","[SeqEmail]","","","False"
"GE_Email","XIE1GE_Email","NONCLUSTERED","False","False","False","[eMail]","","","False"
"GE_EMAILAGD","PK__GE_EMAIL__BA7D91569876B8A9","CLUSTERED","True","True","False","[SEQEMAILAGD]","","","False"
"GE_EMAILAGD","XIE1GE_EMAILAGD","NONCLUSTERED","False","False","False","[DTAINICIO]","","","False"
"GE_EMAILAGD","XIF1GE_EMAILAGD","NONCLUSTERED","False","False","False","[SEQEMAILTEMPLATE]","","","False"
"GE_EMAILAGD","XIF2GE_EMAILAGD","NONCLUSTERED","False","False","False","[SEQCONSSQL]","","","False"
"GE_EMAILINVALIDO","PK__GE_EMAIL__161CF725D4575611","CLUSTERED","True","True","False","[EMAIL]","","","False"
"GE_EmailSpam","PK_GE_EmailSpam","CLUSTERED","True","True","False","[SeqEmailSpam]","","","False"
"GE_EmailSpam","XPKGE_EmailSpam","NONCLUSTERED","False","True","False","[SeqEmailSpam]","","","False"
"GE_EmailSpam","IDX_GE_EMAILSPAM_01","NONCLUSTERED","False","False","False","[eMail]","","","False"
"GE_EMAILTEMPLATE","PK__GE_EMAIL__02F93BE9F4CAC59F","CLUSTERED","True","True","False","[SEQEMAILTEMPLATE]","","","False"
"GE_EMAILTEMPLATE","IDX_GE_EMAILTEMPLATE_01","NONCLUSTERED","False","False","False","[TIPO]","","","False"
"GE_Empresa","PK__GE_Empre__4D90386E64151DBA","CLUSTERED","True","True","False","[NroEmpresa]","","","False"
"GE_Empresa","GE_EmpresaPK","NONCLUSTERED","False","True","False","[NroEmpresa]","","","False"
"GE_Empresa","GE_EmpresaAK1","NONCLUSTERED","False","True","False","[NomeReduzido]","","","False"
"GE_FCadConj","PK__GE_FCadC__9EDAB5C24096A028","CLUSTERED","True","True","False","[SeqFCadF]","","","False"
"GE_FCadConj","GE_FCadConjPK","NONCLUSTERED","False","True","False","[SeqFCadF]","","","False"
"GE_FCadF","PK__GE_FCadF__9EDAB5C2B60DAC3D","CLUSTERED","True","True","False","[SeqFCadF]","","","False"
"GE_FCadF","GE_FCadFPK","NONCLUSTERED","False","True","False","[SeqFCadF]","","","False"
"GE_FCadF","GE_FCadFIE1","NONCLUSTERED","False","False","False","[Processo]","","","False"
"GE_FCadF","GE_FCadFIF1","NONCLUSTERED","False","False","False","[SeqPessoa]","","","False"
"GE_FCadInstCred","PK__GE_FCadI__466133F1030D41AA","CLUSTERED","True","True","False","[SeqFCadIC]","","","False"
"GE_FCadInstCred","GE_FCadInstCredPK","NONCLUSTERED","False","True","False","[SeqFCadIC]","","","False"
"GE_FCadInstCred","GE_FCadInstCredIE1","NONCLUSTERED","False","False","False","[SeqFcad], [TipoFcad]","","","False"
"GE_FCadInstCred","GE_FCadInstCredIF1","NONCLUSTERED","False","False","False","[SeqPessoa]","","","False"
"GE_FcadRBanc","PK__GE_FcadR__5F8AF3E034BED1DE","CLUSTERED","True","True","False","[SeqRBanc]","","","False"
"GE_FcadRBanc","GE_FcadRBancPK","NONCLUSTERED","False","True","False","[SeqRBanc]","","","False"
"GE_FcadRBanc","GE_FcadRBancAK1","NONCLUSTERED","False","True","False","[SeqFcad], [TipoFcad], [NroRef]","","","False"
"GE_FcadRBanc","GE_FcadRBancIF1","NONCLUSTERED","False","False","False","[SeqPessoa]","","","False"
"GE_FcadRCom","PK__GE_FcadR__0183399111DF8701","CLUSTERED","True","True","False","[SeqRCom]","","","False"
"GE_FcadRCom","GE_FcadRComPK","NONCLUSTERED","False","True","False","[SeqRCom]","","","False"
"GE_FcadRCom","GE_FcadRComAK1","NONCLUSTERED","False","True","False","[SeqFcad], [TipoFcad], [NroRef]","","","False"
"GE_FcadRCom","GE_FcadRComIF1","NONCLUSTERED","False","False","False","[SeqPessoa]","","","False"
"GE_FCadRPes","PK__GE_FCadR__06800694243B0A95","CLUSTERED","True","True","False","[SeqRPes]","","","False"
"GE_FCadRPes","GE_FCadRPesPK","NONCLUSTERED","False","True","False","[SeqRPes]","","","False"
"GE_FCadRPes","GE_FCadRPesIF1","NONCLUSTERED","False","False","False","[SeqFCadF]","","","False"
"GE_FERIADO","PK__GE_FERIA__51C519F3A9649081","CLUSTERED","True","True","False","[SEQFERIADO]","","","False"
"GE_FERIADO","XIF1GE_FERIADO","NONCLUSTERED","False","False","False","[DATA]","","","False"
"GE_Figura","PK__GE_Figur__2158CC57DFAB1BB2","CLUSTERED","True","True","False","[Tipo], [Codigo], [NroEmpresa]","","","False"
"GE_Figura","GE_FiguraPK","NONCLUSTERED","False","True","False","[Tipo], [Codigo], [NroEmpresa]","","","False"
"GE_FONEINVALIDO","PK__GE_FONEI__D6F1694E28C52261","CLUSTERED","True","True","False","[TELEFONE]","","","False"
"GE_Grafico","GE_GRAFICOAK1","NONCLUSTERED","False","False","False","[Origem], [Kn1], [Kn2], [Ks1]","","","False"
"GE_Help","PK__GE_Help__2EFA6BD51A3422BC","CLUSTERED","True","True","False","[SeqAplicacao]","","","False"
"GE_Help","GE_HelpPK","NONCLUSTERED","False","True","False","[SeqAplicacao]","","","False"
"GE_IntCtrl","PK__GE_IntCt__5C8BB26F3E498CA7","CLUSTERED","True","True","False","[Tipo], [NroEmpresa], [StrK], [NroK]","","","False"
"GE_IntCtrl","GE_IntCtrlPK","NONCLUSTERED","False","True","False","[Tipo], [NroEmpresa], [StrK], [NroK]","","","False"
"GE_LgTb","PK__GE_LgTb__3765F65882301789","CLUSTERED","True","True","False","[SEQLOGTB]","","","False"
"GE_LgTb","GE_LgTbIE1","NONCLUSTERED","False","False","False","[Tb], [Kn1]","","","False"
"GE_LgTb","GE_LgTbIE2","NONCLUSTERED","False","False","False","[Tb], [Ks]","","","False"
"GE_LgTb","XIE3GE_LgTb","NONCLUSTERED","False","False","False","[DtaLog]","","","False"
"GE_LgTb","GE_LGTBIE3","NONCLUSTERED","False","False","False","[Tb], [DtaLog]","[SEQLOGTB]","","False"
"GE_LOG_CARTCRED","PK__GE_LOG_C__3765F65855908242","CLUSTERED","True","True","False","[SEQLOGTB]","","","False"
"GE_LOG_CARTCRED","GE_LGCRTCRIE1_4","NONCLUSTERED","False","False","False","[TB], [KN1]","","","False"
"GE_LOG_CARTCRED","GE_LG_CRTCRIE2_4","NONCLUSTERED","False","False","False","[TB], [KS]","","","False"
"GE_LOG_CARTCRED","GE_LG_CRTCRIE4_4","NONCLUSTERED","False","False","False","[DTALOG]","","","False"
"GE_LOG_CARTCRED","GE_LG_CRTCRIE3_4","NONCLUSTERED","False","False","False","[TB], [KN1], [KN2], [KS], [DTALOG]","","","False"
"GE_LOG_CONFIG","PK__GE_LOG_C__3765F65876E8FAF6","CLUSTERED","True","True","False","[SEQLOGTB]","","","False"
"GE_LOG_CONFIG","GE_LG_CFG_IE1_5","NONCLUSTERED","False","False","False","[TB], [KN1]","","","False"
"GE_LOG_CONFIG","GE_LG_CFG_IE2_5","NONCLUSTERED","False","False","False","[TB], [KS]","","","False"
"GE_LOG_CONFIG","GE_LG_CFG_IE4_5","NONCLUSTERED","False","False","False","[DTALOG]","","","False"
"GE_LOG_CONFIG","GE_LG_CFG_IE3_5","NONCLUSTERED","False","False","False","[TB], [KN1], [KN2], [KS], [DTALOG]","","","False"
"GE_LOG_CONTATO","PK__GE_LOG_C__3765F65893DA8C1D","CLUSTERED","True","True","False","[SEQLOGTB]","","","False"
"GE_LOG_CONTATO","GE_LG_CTTOIE1_2","NONCLUSTERED","False","False","False","[TB], [KN1]","","","False"
"GE_LOG_CONTATO","GE_LG_CTTOIE2_2","NONCLUSTERED","False","False","False","[TB], [KS]","","","False"
"GE_LOG_CONTATO","GE_LG_CTTOIE4_2","NONCLUSTERED","False","False","False","[DTALOG]","","","False"
"GE_LOG_CONTATO","GE_LG_CTTOIE3_2","NONCLUSTERED","False","False","False","[TB], [KN1], [KN2], [KS], [DTALOG]","","","False"
"GE_LOG_EXT","PK__GE_LOG_E__3765F658AA2F0107","CLUSTERED","True","True","False","[SEQLOGTB]","","","False"
"GE_LOG_EXT","GE_LG_EXTIE1_6","NONCLUSTERED","False","False","False","[TB], [KN1]","","","False"
"GE_LOG_EXT","GE_LG_EXTIE2_6","NONCLUSTERED","False","False","False","[TB], [KS]","","","False"
"GE_LOG_EXT","GE_LG_EXTIE4_6","NONCLUSTERED","False","False","False","[DTALOG]","","","False"
"GE_LOG_EXT","GE_LG_EXTIE3_6","NONCLUSTERED","False","False","False","[TB], [KN1], [KN2], [KS], [DTALOG]","","","False"
"GE_LOG_HISTORICO","PK__GE_LOG_H__3765F658D516AC5F","CLUSTERED","True","True","False","[SEQLOGTB]","","","False"
"GE_LOG_HISTORICO","GE_LG_HSTIE1_0","NONCLUSTERED","False","False","False","[TB], [KN1]","","","False"
"GE_LOG_HISTORICO","GE_LG_HSTIE2_0","NONCLUSTERED","False","False","False","[TB], [KS]","","","False"
"GE_LOG_HISTORICO","GE_LG_HSTIE4_0","NONCLUSTERED","False","False","False","[DTALOG]","","","False"
"GE_LOG_HISTORICO","GE_LG_HSTIE3_0","NONCLUSTERED","False","False","False","[TB], [KN1], [KN2], [KS], [DTALOG]","","","False"
"GE_LOG_PESSOA","PK__GE_LOG_P__3765F658FF973A8C","CLUSTERED","True","True","False","[SEQLOGTB]","","","False"
"GE_LOG_PESSOA","GE_LG_PESIE1_1","NONCLUSTERED","False","False","False","[TB], [KN1]","","","False"
"GE_LOG_PESSOA","GE_LG_PESIE2_1","NONCLUSTERED","False","False","False","[TB], [KS]","","","False"
"GE_LOG_PESSOA","GE_LG_PESIE4_1","NONCLUSTERED","False","False","False","[DTALOG]","","","False"
"GE_LOG_PESSOA","GE_LG_PESIE3_1","NONCLUSTERED","False","False","False","[TB], [KN1], [KN2], [KS], [DTALOG]","","","False"
"GE_LOG_PROCESSO","PK__GE_LOG_P__3765F658B450BAF7","CLUSTERED","True","True","False","[SEQLOGTB]","","","False"
"GE_LOG_PROCESSO","GE_LG_PRC_IE1_3","NONCLUSTERED","False","False","False","[TB], [KN1]","","","False"
"GE_LOG_PROCESSO","GE_LG_PRCIE2_3","NONCLUSTERED","False","False","False","[TB], [KS]","","","False"
"GE_LOG_PROCESSO","GE_LG_PRCIE4_3","NONCLUSTERED","False","False","False","[DTALOG]","","","False"
"GE_LOG_PROCESSO","GE_LG_PRCIE3_3","NONCLUSTERED","False","False","False","[TB], [KN1], [KN2], [KS], [DTALOG]","","","False"
"GE_LOG_TRANS","PK__GE_LOG_T__3765F658708DDE74","CLUSTERED","True","True","False","[SEQLOGTB]","","","False"
"GE_LOG_TRANS","GE_LG_TRNSIE1_7","NONCLUSTERED","False","False","False","[TB], [KN1]","","","False"
"GE_LOG_TRANS","GE_LG_TRNSIE2_7","NONCLUSTERED","False","False","False","[TB], [KS]","","","False"
"GE_LOG_TRANS","GE_LG_TRNSIE4_7","NONCLUSTERED","False","False","False","[DTALOG]","","","False"
"GE_LOG_TRANS","GE_LG_TRNSIE3_7","NONCLUSTERED","False","False","False","[TB], [KN1], [KN2], [KS], [DTALOG]","","","False"
"GE_Log2","PK__GE_Log2__017D4447051D4F7B","CLUSTERED","True","True","False","[SEQLOG]","","","False"
"GE_Log2","GE_Log2IE1","NONCLUSTERED","False","False","False","[LinkNro]","","","False"
"GE_Log2","GE_Log2IE2","NONCLUSTERED","False","False","False","[Data]","","","False"
"GE_Log2","GE_Log2IE3","NONCLUSTERED","False","False","False","[CodUsuario]","","","False"
"GE_Log2","GE_Log2IE4","NONCLUSTERED","False","False","False","[Aplicacao]","","","False"
"GE_LogAtividade","PK__GE_LogAt__B5AEFE609CDB2E9A","CLUSTERED","True","True","False","[SeqLogAtividade]","","","False"
"GE_LogAtividade","XPKGE_LogAtividade","NONCLUSTERED","False","True","False","[SeqLogAtividade]","","","False"
"GE_Membro","PK__GE_Membr__AE31A404F5379463","CLUSTERED","True","True","False","[Grupo], [Usuario]","","","False"
"GE_Membro","GE_MembroPK","NONCLUSTERED","False","True","False","[Grupo], [Usuario]","","","False"
"GE_Membro","GE_MembroIF1","NONCLUSTERED","False","False","False","[Usuario]","","","False"
"GE_Membro","GE_MembroIF2","NONCLUSTERED","False","False","False","[Grupo]","","","False"
"GE_MobileConfig","PK__GE_Mobil__54575050328EE2A5","CLUSTERED","True","True","False","[SeqMobileConfig]","","","False"
"GE_MobileConfig","XPKGE_MobileConfig","NONCLUSTERED","False","True","False","[SeqMobileConfig]","","","False"
"GE_MobileConfig","XIF1GE_MobileConfig","NONCLUSTERED","False","False","False","[Acao]","","","False"
"GE_MobileConfig","XIF2GE_MobileConfig","NONCLUSTERED","False","False","False","[Resultado]","","","False"
"GE_MobileConfig","XIF3GE_MobileConfig","NONCLUSTERED","False","False","False","[SeqPropriedade]","","","False"
"GE_MobileConfig","XIF4GE_MobileConfig","NONCLUSTERED","False","False","False","[SeqDocTp]","","","False"
"GE_MOBILEPROP","PK__GE_MOBIL__912F0C35374F234A","CLUSTERED","True","True","False","[SEQMOBILECONFIG], [SEQPROPRIEDADE]","","","False"
"GE_MOBILEPROP","IDX_GE_MOBILEPRO_SEQMOBILECON","NONCLUSTERED","False","False","False","[SEQMOBILECONFIG]","","","False"
"GE_MOBILEPROP","IDX_GE_MOBILEPRO_SEQPROPRIEDA","NONCLUSTERED","False","False","False","[SEQPROPRIEDADE]","","","False"
"GE_Mod","PK__GE_Mod__D47F63DCD4B895ED","CLUSTERED","True","True","False","[Modulo]","","","False"
"GE_Mod","GE_ModPK","NONCLUSTERED","False","True","False","[Modulo]","","","False"
"GE_Modulo","PK__GE_Modul__E424BB092EAD87CC","CLUSTERED","True","True","False","[Sistema], [Modulo]","","","False"
"GE_Modulo","GE_ModuloPK","NONCLUSTERED","False","True","False","[Sistema], [Modulo]","","","False"
"GE_Modulo","GE_ModuloIF1","NONCLUSTERED","False","False","False","[Sistema]","","","False"
"GE_ModuloPerm","PK__GE_Modul__A5B7226E7DE5B431","CLUSTERED","True","True","False","[Sistema], [Modulo], [NroEmpresa], [SeqUsuario]","","","False"
"GE_ModuloPerm","GE_ModuloPermPK","NONCLUSTERED","False","True","False","[Sistema], [Modulo], [NroEmpresa], [SeqUsuario]","","","False"
"GE_ModuloPerm","GE_ModuloPermIF1","NONCLUSTERED","False","False","False","[Sistema], [Modulo]","","","False"
"GE_ModuloPerm","GE_ModuloPermIF2","NONCLUSTERED","False","False","False","[NroEmpresa]","","","False"
"GE_ModuloPerm","GE_ModuloPermIF3","NONCLUSTERED","False","False","False","[SeqUsuario]","","","False"
"GE_ObjDinamico","PK__GE_ObjDi__FC9B53DE94EEC70D","CLUSTERED","True","True","False","[SeqObjDyn]","","","False"
"GE_ObjDinamico","GE_ObjDinamicoPK","NONCLUSTERED","False","True","False","[SeqObjDyn]","","","False"
"GE_ObjDinAplic","PK__GE_ObjDi__6EC55BB7F001B240","CLUSTERED","True","True","False","[SeqObjDyn], [Aplicativo], [Chave]","","","False"
"GE_ObjDinAplic","GE_ObjDinAplicPK","NONCLUSTERED","False","True","False","[SeqObjDyn], [Aplicativo], [Chave]","","","False"
"GE_ObjDinAplic","GE_ObjDinAplicIF1","NONCLUSTERED","False","False","False","[SeqObjDyn]","","","False"
"GE_ObjDinAplic","GE_ObjDinAplicIE1","NONCLUSTERED","False","False","False","[Aplicativo], [Chave]","","","False"
"GE_ParametroGlobal","PK__GE_Param__4F9DB9BBF21D75CC","CLUSTERED","True","True","False","[Sistema], [Modulo], [NroEmpresa], [Parametro]","","","False"
"GE_ParametroGlobal","GE_ParametroGloPK","NONCLUSTERED","False","True","False","[Sistema], [Modulo], [NroEmpresa], [Parametro]","","","False"
"GE_ParamLista","PK__GE_Param__D7946655F521FA96","CLUSTERED","True","True","False","[SeqParamLista]","","","False"
"GE_ParamLista","GE_ParamListaPK","NONCLUSTERED","False","True","False","[SeqParamLista]","","","False"
"GE_ParamLista","GE_ParamListaIE1","NONCLUSTERED","False","False","False","[Parametro], [NroEmpresa]","","","False"
"GE_ParamLista","GE_ParamListaIE2","NONCLUSTERED","False","False","False","[Parametro], [ListaStr]","","","False"
"GE_ParamLista","GE_ParamListaIE3","NONCLUSTERED","False","False","False","[Parametro], [ListaNro]","","","False"
"GE_Permissao","PK__GE_Permi__9FBEA4C320CBFE47","CLUSTERED","True","True","False","[SeqAplicacao], [SeqUsuario], [NroEmpresa]","","","False"
"GE_Permissao","GE_PermissaoPK","NONCLUSTERED","False","True","False","[SeqAplicacao], [SeqUsuario], [NroEmpresa]","","","False"
"GE_Permissao","GE_PermissaoIF1","NONCLUSTERED","False","False","False","[NroEmpresa]","","","False"
"GE_Permissao","GE_PermissaoIF2","NONCLUSTERED","False","False","False","[SeqUsuario]","","","False"
"GE_Permissao","GE_PermissaoIF3","NONCLUSTERED","False","False","False","[SeqAplicacao]","","","False"
"GE_PesDelVinc","PK__GE_PesDe__0068D8ADF30C0674","CLUSTERED","True","True","False","[SeqPesDelVinc]","","","False"
"GE_PesDelVinc","XPKGE_PesDelVinc","NONCLUSTERED","False","True","False","[SeqPesDelVinc]","","","False"
"GE_PesDelVinc","XIF1GE_PesDelVinc","NONCLUSTERED","False","False","False","[SeqPessoa]","","","False"
"GE_Pessoa","PK__GE_Pesso__A374A08CC9348B76","CLUSTERED","True","True","False","[SeqPessoa]","","","False"
"GE_Pessoa","GE_PessoaIE1","NONCLUSTERED","False","False","False","[NomeRazao]","","","False"
"GE_Pessoa","GE_PessoaIE2","NONCLUSTERED","False","False","False","[Fantasia]","","","False"
"GE_Pessoa","GE_PessoaIE3","NONCLUSTERED","False","False","False","[PalavraChave]","","","False"
"GE_Pessoa","GE_PessoaIE4","NONCLUSTERED","False","False","False","[FoneNro1]","","","False"
"GE_Pessoa","GE_PessoaIE5","NONCLUSTERED","False","False","False","[FoneNro2]","","","False"
"GE_Pessoa","GE_PessoaIE6","NONCLUSTERED","False","False","False","[FoneNro3]","","","False"
"GE_Pessoa","GE_PessoaIE7","NONCLUSTERED","False","False","False","[NroCGCCPF]","","","False"
"GE_Pessoa","GE_PessoaIF1","NONCLUSTERED","False","False","False","[SeqCidade], [SeqBairro]","","","False"
"GE_Pessoa","GE_PessoaIF2","NONCLUSTERED","False","False","False","[SeqCidade]","","","False"
"GE_Pessoa","GE_PessoaIF3","NONCLUSTERED","False","False","False","[SeqRegiao]","","","False"
"GE_Pessoa","GE_PessoaIF4","NONCLUSTERED","False","False","False","[SeqRota]","","","False"
"GE_Pessoa","idxGE_PESSOAPRC","NONCLUSTERED","False","False","False","[SEQPESSOAPRC]","","","False"
"GE_Pessoa","GE_PessoaPK","NONCLUSTERED","False","True","False","[SeqPessoa]","","","False"
"GE_Pessoa","GE_PessoaIE8","NONCLUSTERED","False","False","False","[FaxNro]","","","False"
"GE_PessoaAlerta","PK__GE_Pesso__6E9A1EA0FBB5C757","CLUSTERED","True","True","False","[SeqPessoaAlerta]","","","False"
"GE_PessoaAlerta","GE_PessoaAlertaPK","NONCLUSTERED","False","True","False","[SeqPessoaAlerta]","","","False"
"GE_PessoaAlerta","GE_PessoaAlertaIF1","NONCLUSTERED","False","False","False","[SeqPessoa]","","","False"
"GE_PessoaAlt","PK__GE_PessoaAlt__2F3BB45B","CLUSTERED","True","True","False","[SeqPessoaAlt]","","","False"
"GE_PessoaAlt","XIE1GE_PessoaAlt","NONCLUSTERED","False","False","False","[DtaAlteracao]","","","False"
"GE_PessoaAlt","XIF1GE_PessoaAlt","NONCLUSTERED","False","False","False","[SeqPessoa]","","","False"
"GE_PessoaAlt","XIF2GE_PessoaAlt","NONCLUSTERED","False","False","False","[SeqCidade]","","","False"
"GE_PessoaAlt","XIF3GE_PessoaAlt","NONCLUSTERED","False","False","False","[SeqCidade], [SeqBairro]","","","False"
"GE_PESSOAATIVAUSR","PK__GE_PESSO__59D861DEA046F17D","CLUSTERED","True","True","False","[SEQUSUARIO]","","","False"
"GE_PessoaClasse","PK__GE_Pesso__2DFF04D2E11C002F","CLUSTERED","True","True","False","[SeqPessoa], [Classe]","","","False"
"GE_PessoaClasse","GE_PessoaClassePK","NONCLUSTERED","False","True","False","[SeqPessoa], [Classe]","","","False"
"GE_PessoaClasse","GE_PessoaClasseIE1","NONCLUSTERED","False","False","False","[Classe]","","","False"
"GE_PessoaClasse","GE_PessoaClasseIF1","NONCLUSTERED","False","False","False","[SeqPessoa]","","","False"
"GE_PessoaDel","PK__GE_Pesso__A374A08C051EA217","CLUSTERED","True","True","False","[SeqPessoa]","","","False"
"GE_PessoaDel","GE_PESSOAIE1","NONCLUSTERED","False","False","False","[NomeRazao]","","","False"
"GE_PessoaDel","GE_PESSOAIE2","NONCLUSTERED","False","False","False","[Fantasia]","","","False"
"GE_PessoaDel","GE_PESSOAIE3","NONCLUSTERED","False","False","False","[PalavraChave]","","","False"
"GE_PessoaDel","GE_PESSOAIE4","NONCLUSTERED","False","False","False","[FoneNro1]","","","False"
"GE_PessoaDel","GE_PESSOAIE5","NONCLUSTERED","False","False","False","[FoneNro2]","","","False"
"GE_PessoaDel","GE_PESSOAIE6","NONCLUSTERED","False","False","False","[FoneNro3]","","","False"
"GE_PessoaDel","GE_PESSOAIE7","NONCLUSTERED","False","False","False","[NroCGCCPF]","","","False"
"GE_PessoaDel","GE_PESSOAIE8","NONCLUSTERED","False","False","False","[FaxNro]","","","False"
"GE_PessoaDestino","PK__GE_Pesso__B1D1DAE51B7F93C3","CLUSTERED","True","True","False","[SeqPessoa], [Destino]","","","False"
"GE_PessoaDestino","GE_PessoaDestinPK","NONCLUSTERED","False","True","False","[SeqPessoa], [Destino]","","","False"
"GE_PessoaDestino","GE_PessoaDestinIF1","NONCLUSTERED","False","False","False","[SeqPessoa]","","","False"
"GE_PessoaDestino","GE_PessoaDestinIF2","NONCLUSTERED","False","False","False","[Destino]","","","False"
"GE_PessoaEmail","PK_GE_PessoaEmail","CLUSTERED","True","True","False","[SeqPessoa], [SeqContato]","","","False"
"GE_PessoaEmail","GE_PessoaEmailPK","NONCLUSTERED","False","True","False","[SeqPessoa], [SeqContato]","","","False"
"GE_PessoaEmail","GE_PessoaEmailIE1","NONCLUSTERED","False","False","False","[EMail]","","","False"
"GE_PessoaEmail","GE_PessoaEmailIF1","NONCLUSTERED","False","False","False","[SeqPessoa]","","","False"
"GE_PessoaEnd","PK__GE_Pesso__E57719780F636BA5","CLUSTERED","True","True","False","[SeqPessoa], [SeqPessoaEnd]","","","False"
"GE_PessoaEnd","GE_PessoaEndPK","NONCLUSTERED","False","True","False","[SeqPessoa], [SeqPessoaEnd]","","","False"
"GE_PessoaEnd","GE_PessoaEndIF1","NONCLUSTERED","False","False","False","[SeqCidade], [SeqBairro]","","","False"
"GE_PessoaEnd","GE_PessoaEndIF2","NONCLUSTERED","False","False","False","[SeqCidade]","","","False"
"GE_PessoaEnd","GE_PessoaEndIF3","NONCLUSTERED","False","False","False","[SeqPessoa]","","","False"
"GE_PessoaEndAlt","PK__GE_PessoaEndAlt__3123FCCD","CLUSTERED","True","True","False","[SeqPessoaEndAlt]","","","False"
"GE_PessoaEndAlt","XIE1GE_PessoaEndAlt","NONCLUSTERED","False","False","False","[DtaAlteracao]","","","False"
"GE_PessoaEndAlt","XIF1GE_PessoaEndAlt","NONCLUSTERED","False","False","False","[SeqPessoa]","","","False"
"GE_PessoaEndAlt","XIF2GE_PessoaEndAlt","NONCLUSTERED","False","False","False","[SeqPessoa], [SeqPessoaEnd]","","","False"
"GE_PessoaEndAlt","XIF3GE_PessoaEndAlt","NONCLUSTERED","False","False","False","[SeqCidade]","","","False"
"GE_PessoaEndAlt","XIF4GE_PessoaEndAlt","NONCLUSTERED","False","False","False","[SeqCidade], [SeqBairro]","","","False"
"GE_PessoaEndOutroBc","PK__GE_Pesso__E57719785504518C","CLUSTERED","True","True","False","[SeqPessoa], [SeqPessoaEnd]","","","False"
"GE_PessoaEndOutroBc","GE_PessoaEndOutPK","NONCLUSTERED","False","True","False","[SeqPessoa], [SeqPessoaEnd]","","","False"
"GE_PessoaEndOutroBc","GE_PessoaEndOutAK1","NONCLUSTERED","False","True","False","[SeqPessoa], [SeqEndOutroBc]","","","False"
"GE_PessoaEndOutroBc","GE_PessoaEndOutIF1","NONCLUSTERED","False","False","False","[SeqPessoa]","","","False"
"GE_PessoaFis","PK__GE_Pesso__A374A08C147780FC","CLUSTERED","True","True","False","[SeqPessoa]","","","False"
"GE_PessoaFis","GE_PessoaFisPK","NONCLUSTERED","False","True","False","[SeqPessoa]","","","False"
"GE_PessoaFis","GE_PessoaFisIF2","NONCLUSTERED","False","False","False","[NatSeqCidade]","","","False"
"GE_PessoaFis","GE_PessoaFisIF3","NONCLUSTERED","False","False","False","[NatOcupacaoSeqPar]","","","False"
"GE_PessoaFis","GE_PessoaFisIF4","NONCLUSTERED","False","False","False","[AtividadeSeqPar]","","","False"
"GE_PessoaFis","GE_PessoaFisIF5","NONCLUSTERED","False","False","False","[NacionalSeqPar]","","","False"
"GE_PessoaFis","GE_PessoaFisIF6","NONCLUSTERED","False","False","False","[EstadoCivilSeqPar]","","","False"
"GE_PessoaFis","GE_PessoaFisIF7","NONCLUSTERED","False","False","False","[GrauInstrSeqPar]","","","False"
"GE_PessoaFis","GE_PessoaFisIF8","NONCLUSTERED","False","False","False","[IdentProfSeqPar]","","","False"
"GE_PessoaFone","PK__GE_PessoaFone__77B67547","CLUSTERED","True","True","False","[SeqPesFone]","","","False"
"GE_PessoaFone","XIE1GE_PessoaFone","NONCLUSTERED","False","False","False","[Numero]","","","False"
"GE_PessoaFone","XIF1GE_PessoaFone","NONCLUSTERED","False","False","False","[SeqPessoa]","","","False"
"GE_PessoaFone","XIF2GE_PessoaFone","NONCLUSTERED","False","False","False","[TipoFoneSeqPar]","","","False"
"GE_PessoaFonema","PK__GE_PessoaFonema__2F30C763","CLUSTERED","True","True","False","[SeqPessoa], [SeqContato], [Particula]","","","False"
"GE_PessoaFonema","GE_PessoaFonemaPK","NONCLUSTERED","False","True","False","[SeqPessoa], [SeqContato], [Particula]","","","False"
"GE_PessoaFonema","GE_PessoaFonemaIE1","NONCLUSTERED","False","False","False","[Particula]","","","False"
"GE_PessoaFonema","GE_PessoaFonemaIF1","NONCLUSTERED","False","False","False","[SeqPessoa]","","","False"
"GE_PessoaJur","PK__GE_PessoaJur__3024EB9C","CLUSTERED","True","True","False","[SeqPessoa]","","","False"
"GE_PessoaJur","GE_PessoaJurPK","NONCLUSTERED","False","True","False","[SeqPessoa]","","","False"
"GE_PessoaLink","GE_PessoaLinkPK","NONCLUSTERED","False","True","False","[Pessoalink], [Origem]","","","False"
"GE_PessoaLink","GE_PessoaLinkIF1","NONCLUSTERED","False","False","False","[SeqPessoa]","","","False"
"GE_PessoaLink","IDX_GE_PESSOALINK_01","NONCLUSTERED","False","False","False","[Origem]","","","False"
"GE_PessoaLink","IDX_GE_PESSOALINK_U01","NONCLUSTERED","False","True","False","[SEQPESSOALINK]","","","False"
"GE_PessoaMural","PK__GE_PessoaMural__320D340E","CLUSTERED","True","True","False","[SeqPessoaMural]","","","False"
"GE_PessoaMural","GE_PessoaMuralPK","NONCLUSTERED","False","True","False","[SeqPessoaMural]","","","False"
"GE_PessoaMural","GE_PessoaMuralIE1","NONCLUSTERED","False","False","False","[SeqPessoa]","","","False"
"GE_PessoaMural","GE_PessoaMuralIE2","NONCLUSTERED","False","False","False","[Processo]","","","False"
"GE_PessoaMural","GE_PessoaMuralIE3","NONCLUSTERED","False","False","False","[LinkOrigem], [LinkNro]","","","False"
"GE_PessoaNomeFonema","PK__GE_PessoaNomeFon__33015847","CLUSTERED","True","True","False","[SeqPessoa], [SeqContato]","","","False"
"GE_PessoaNomeFonema","GE_PessoaNomeFoPK","NONCLUSTERED","False","True","False","[SeqPessoa], [SeqContato]","","","False"
"GE_PessoaNomeFonema","GE_PessoaNomeFoIE1","NONCLUSTERED","False","False","False","[NomeRazao]","","","False"
"GE_PessoaNomeFonema","GE_PessoaNomeFoIF1","NONCLUSTERED","False","False","False","[SeqPessoa]","","","False"
"GE_PessoaNomeFonema","GE_PESSOANOMEFOIE2","NONCLUSTERED","False","False","False","[NomePuro]","","","False"
"GE_PessoaNota","PK__GE_PessoaNota__33F57C80","CLUSTERED","True","True","False","[SeqPessoa]","","","False"
"GE_PessoaNota","GE_PessoaNotaPK","NONCLUSTERED","False","True","False","[SeqPessoa]","","","False"
"GE_PessoaPasw","PK__GE_PessoaPasw__34E9A0B9","CLUSTERED","True","True","False","[SeqPessoa]","","","False"
"GE_PessoaPasw","GE_PessoaPaswPK","NONCLUSTERED","False","True","False","[SeqPessoa]","","","False"
"GE_PESSOAREDESOCIAL","PK__GE_PESSO__C50C958CB5C52732","CLUSTERED","True","True","False","[SEQPESREDESOCIAL]","","","False"
"GE_PessoaRelacao","PK__GE_PessoaRelacao__35DDC4F2","CLUSTERED","True","True","False","[TipoRelacionamento], [SeqPrincipal], [SeqPessoa]","","","False"
"GE_PessoaRelacao","GE_PessoaRelacaPK","NONCLUSTERED","False","True","False","[TipoRelacionamento], [SeqPrincipal], [SeqPessoa]","","","False"
"GE_PessoaRelacao","GE_PessoaRelacaIE1","NONCLUSTERED","False","False","False","[Link], [LinkOrigem]","","","False"
"GE_PessoaRelacao","GE_PessoaRelacaIE2","NONCLUSTERED","False","False","False","[SeqPrincipal]","","","False"
"GE_PessoaRelacao","GE_PessoaRelacaIE3","NONCLUSTERED","False","False","False","[SeqPessoa]","","","False"
"GE_PessoaSimilar","PK__GE_PessoaSimilar__36D1E92B","CLUSTERED","True","True","False","[SeqPessoa1], [SeqPessoa2]","","","False"
"GE_PessoaSimilar","GE_PessoaSimilaPK","NONCLUSTERED","False","True","False","[SeqPessoa1], [SeqPessoa2]","","","False"
"GE_PessoaSimilar","GE_PessoaSimilaIE2","NONCLUSTERED","False","False","False","[Revisado]","","","False"
"GE_PessoaSimilar","GE_PessoaSimilaIE3","NONCLUSTERED","False","False","False","[Probabilidade]","","","False"
"GE_PessoaSimilar","GE_PessoaSimilaIF1","NONCLUSTERED","False","False","False","[SeqPessoa1]","","","False"
"GE_PessoaSimilar","GE_PessoaSimilaIF2","NONCLUSTERED","False","False","False","[SeqPessoa2]","","","False"
"GE_PessoaUnidade","PK__GE_PessoaUnidade__37C60D64","CLUSTERED","True","True","False","[SeqPessoa]","","","False"
"GE_PessoaUnidade","GE_PessoaUnidadPK","NONCLUSTERED","False","True","False","[SeqPessoa]","","","False"
"GE_PessoaVersao","PK__GE_PessoaVersao__38BA319D","CLUSTERED","True","True","False","[SeqPessoa], [Versao]","","","False"
"GE_PessoaVersao","GE_PessoaVersaoPK","NONCLUSTERED","False","True","False","[SeqPessoa], [Versao]","","","False"
"GE_PessoaVersao","GE_PessoaVersaoIF1","NONCLUSTERED","False","False","False","[SeqPessoa]","","","False"
"GE_PolSeg","PK__GE_PolSeg__3AA27A0F","CLUSTERED","True","True","False","[SeqPolSeg]","","","False"
"GE_PolSeg","GE_PolSegPK","NONCLUSTERED","False","True","False","[SeqPolSeg]","","","False"
"GE_PolSegAces","PK__GE_PolSegAces__3B969E48","CLUSTERED","True","True","False","[SeqPolSeg], [Modulo], [DiaSem]","","","False"
"GE_PolSegAces","GE_PolSegAcesPK","NONCLUSTERED","False","True","False","[SeqPolSeg], [Modulo], [DiaSem]","","","False"
"GE_PolSegAces","GE_PolSegAcesIF2","NONCLUSTERED","False","False","False","[SeqPolSeg]","","","False"
"GE_PolSegCtrl","PK__GE_PolSegCtrl__3C8AC281","CLUSTERED","True","True","False","[Seq]","","","False"
"GE_PolSegCtrl","GE_PolSegCtrlPK","NONCLUSTERED","False","True","False","[Seq]","","","False"
"GE_PolSegCtrl","GE_PolSegCtrlIE1","NONCLUSTERED","False","False","False","[Modulo], [Item], [SeqPolSeg]","","","False"
"GE_PolSegCtrl","GE_PolSegCtrlIF1","NONCLUSTERED","False","False","False","[Item], [Modulo]","","","False"
"GE_PolSegCtrl","GE_PolSegCtrlIF2","NONCLUSTERED","False","False","False","[SeqPolSeg]","","","False"
"GE_PolSegItem","PK__GE_PolSegItem__3D7EE6BA","CLUSTERED","True","True","False","[Modulo], [Item]","","","False"
"GE_PolSegItem","GE_PolSegItemPK","NONCLUSTERED","False","True","False","[Modulo], [Item]","","","False"
"GE_PolSegItem","GE_PolSegItemIF1","NONCLUSTERED","False","False","False","[Modulo]","","","False"
"GE_PolSegItLst","PK__GE_PolSegItLst__3E730AF3","CLUSTERED","True","True","False","[Modulo], [Item], [Lista]","","","False"
"GE_PolSegItLst","GE_PolSegItLstPK","NONCLUSTERED","False","True","False","[Modulo], [Item], [Lista]","","","False"
"GE_PolSegItLst","GE_PolSegItLstIF1","NONCLUSTERED","False","False","False","[Item], [Modulo]","","","False"
"GE_PolSegParams","PK__GE_PolSegParams__3F672F2C","CLUSTERED","True","True","False","[SeqPolSeg], [Param1], [Param2], [Param3]","","","False"
"GE_PolSegParams","GE_PolSegParamsPK","NONCLUSTERED","False","True","False","[SeqPolSeg], [Param1], [Param2], [Param3]","","","False"
"GE_PolSegParams","GE_PolSegParamsIF1","NONCLUSTERED","False","False","False","[SeqPolSeg]","","","False"
"GE_POLSEGPERM","PK__GE_POLSEGPERM__405B5365","CLUSTERED","True","True","False","[CODAPLICACAO], [CHAVEAPLICACAO], [NROEMPRESA], [SEQPOLSEG]","","","False"
"GE_POLSEGPERM","GE_PolSegPermPK","NONCLUSTERED","False","True","False","[CODAPLICACAO], [CHAVEAPLICACAO], [NROEMPRESA], [SEQPOLSEG]","","","False"
"GE_POLSEGPERM","GE_PolSegPermIE1","NONCLUSTERED","False","False","False","[CODAPLICACAO], [CHAVEAPLICACAO], [NROEMPRESA]","","","False"
"GE_POLSEGPERM","GE_PolSegPermIF2","NONCLUSTERED","False","False","False","[SEQPOLSEG]","","","False"
"GE_PROCESSOWEB","PK__GE_PROCE__C8342852E37CDFAC","CLUSTERED","True","True","False","[PROCESSO]","","","False"
"GE_QVCons","PK__GE_QVCons__414F779E","CLUSTERED","True","True","False","[SeqCons]","","","False"
"GE_QVCons","GE_QVConsPK","NONCLUSTERED","False","True","False","[SeqCons]","","","False"
"GE_QVCons","GE_QVConsAK1","NONCLUSTERED","False","True","False","[Cod]","","","False"
"GE_QVConsCol","PK__GE_QVConsCol__42439BD7","CLUSTERED","True","True","False","[SeqCons], [Pos]","","","False"
"GE_QVConsCol","GE_QVConsColPK","NONCLUSTERED","False","True","False","[SeqCons], [Pos]","","","False"
"GE_QVConsCol","GE_QVConsColIF1","NONCLUSTERED","False","False","False","[SeqCons]","","","False"
"GE_QVConsHst","PK__GE_QVConsHst__4337C010","CLUSTERED","True","True","False","[SeqCons], [SeqHst]","","","False"
"GE_QVConsHst","GE_QVConsHstPK","NONCLUSTERED","False","True","False","[SeqCons], [SeqHst]","","","False"
"GE_QVConsHst","GE_QVConsHstIF1","NONCLUSTERED","False","False","False","[SeqCons]","","","False"
"GE_QVConsVar","PK__GE_QVConsVar__442BE449","CLUSTERED","True","True","False","[SeqCons], [Var]","","","False"
"GE_QVConsVar","GE_QVConsVarPK","NONCLUSTERED","False","True","False","[SeqCons], [Var]","","","False"
"GE_QVConsVar","GE_QVConsVarIF1","NONCLUSTERED","False","False","False","[SeqCons]","","","False"
"GE_QVPasta","PK__GE_QVPasta__45200882","CLUSTERED","True","True","False","[SeqPasta]","","","False"
"GE_QVPasta","GE_QVPastaPK","NONCLUSTERED","False","True","False","[SeqPasta]","","","False"
"GE_QVPasta","GE_QVPastaIF1","NONCLUSTERED","False","False","False","[SeqPastaPai]","","","False"
"GE_QVPastaCons","PK__GE_QVPastaCons__46142CBB","CLUSTERED","True","True","False","[SeqPasta], [SeqCons]","","","False"
"GE_QVPastaCons","GE_QVPastaConsPK","NONCLUSTERED","False","True","False","[SeqPasta], [SeqCons]","","","False"
"GE_QVPastaCons","GE_QVPastaConsIF1","NONCLUSTERED","False","False","False","[SeqCons]","","","False"
"GE_QVPastaCons","GE_QVPastaConsIF2","NONCLUSTERED","False","False","False","[SeqPasta]","","","False"
"GE_QVRegra","PK__GE_QVRegra__35099C4A","CLUSTERED","True","True","False","[SeqRegra]","","","False"
"GE_QVRegra","GE_QVREGRAIF1","NONCLUSTERED","False","False","False","[SeqCons]","","","False"
"GE_Regiao","PK__GE_Regiao__470850F4","CLUSTERED","True","True","False","[SeqRegiao]","","","False"
"GE_Regiao","GE_RegiaoPK","NONCLUSTERED","False","True","False","[SeqRegiao]","","","False"
"GE_RelPasta","PK__GE_RelPa__61E733949022AB94","CLUSTERED","True","True","False","[SeqPasta]","","","False"
"GE_RelPasta","XPKGE_RelPasta","NONCLUSTERED","False","True","False","[SeqPasta]","","","False"
"GE_RelPasta","XIF1GE_RelPasta","NONCLUSTERED","False","False","False","[SeqPastaPai]","","","False"
"GE_RelPastaCons","PK__GE_RelPa__5D15BBCC19653F4A","CLUSTERED","True","True","False","[SeqPasta], [SEQCONSSQL]","","","False"
"GE_RelPastaCons","XPKGE_RelPastaCons","NONCLUSTERED","False","True","False","[SeqPasta], [SEQCONSSQL]","","","False"
"GE_RelPastaCons","XIF1GE_RelPastaCons","NONCLUSTERED","False","False","False","[SeqPasta]","","","False"
"GE_RelPastaCons","XIF2GE_RelPastaCons","NONCLUSTERED","False","False","False","[SEQCONSSQL]","","","False"
"GE_RELTEMPLATE","PK__GE_RELTE__01DB06A4F78198D5","CLUSTERED","True","True","False","[SEQRELTEMPLATE]","","","False"
"GE_Rota","PK__GE_Rota__47FC752D","CLUSTERED","True","True","False","[SeqRota]","","","False"
"GE_Rota","GE_RotaPK","NONCLUSTERED","False","True","False","[SeqRota]","","","False"
"GE_Rota","GE_RotaIE1","NONCLUSTERED","False","False","False","[Rota]","","","False"
"GE_Rota","GE_RotaIE2","NONCLUSTERED","False","False","False","[LinkStr]","","","False"
"GE_Sequencia","PK__GE_Sequencia__48F09966","CLUSTERED","True","True","False","[NomeTabela]","","","False"
"GE_Sequencia","GE_SequenciaPK","NONCLUSTERED","False","True","False","[NomeTabela]","","","False"
"GE_Sistema","PK__GE_Sistema__49E4BD9F","CLUSTERED","True","True","False","[Sistema]","","","False"
"GE_Sistema","GE_SistemaPK","NONCLUSTERED","False","True","False","[Sistema]","","","False"
"GE_SyncParam","PK__GE_SyncP__BF490468AAD36354","CLUSTERED","True","True","False","[Origem], [Tabela], [ChaveN1], [ChaveN2], [ChaveStr]","","","False"
"GE_SyncParam","XPKGE_SyncParam","NONCLUSTERED","False","True","False","[Origem], [Tabela], [ChaveN1], [ChaveN2], [ChaveStr]","","","False"
"GE_SyncParam","XIE1GE_SyncParam","NONCLUSTERED","False","False","False","[Tabela], [ChaveLocalN1]","","","False"
"GE_SyncParam","XIE2GE_SyncParam","NONCLUSTERED","False","False","False","[Tabela], [ChaveLocalStr]","","","False"
"GE_Tab","PK__GE_Tab__7212AA8A","CLUSTERED","True","True","False","[Tabela]","","","False"
"GE_Tab","GE_TabPK","NONCLUSTERED","False","True","False","[Tabela]","","","False"
"GE_TabRegra","PK__GE_TabRegra__73FAF2FC","CLUSTERED","True","True","False","[SeqTabRegra]","","","False"
"GE_TabRegra","GE_TABREGRAAK1","NONCLUSTERED","False","False","False","[Tabela], [SeqPolSeg], [Condicao]","","","False"
"GE_TabRegra","GE_TABREGRAIF2","NONCLUSTERED","False","False","False","[SeqPolSeg]","","","False"
"GE_TabRegra","GE_TABREGRAIF1","NONCLUSTERED","False","False","False","[Tabela]","","","False"
"GE_TabRegra","GE_TabRegraPK","NONCLUSTERED","False","True","False","[SeqTabRegra]","","","False"
"GE_TempLong","PK__GE_TempLong__499AA4DC","CLUSTERED","True","True","False","[kn], [ks]","","","False"
"GE_TipoLogradouro","PK__GE_TipoLogradour__4AD8E1D8","CLUSTERED","True","True","False","[TipoLogradouro]","","","False"
"GE_TipoLogradouro","GE_TipoLogradouPK","NONCLUSTERED","False","True","False","[TipoLogradouro]","","","False"
"GE_URACENARIO","PK__GE_URACE__167BABA18F8CD502","CLUSTERED","True","True","False","[SEQURACENARIO]","","","False"
"GE_URACENARIO","IDX_GE_URACENARIO_0","NONCLUSTERED","False","False","False","[NOME]","","","False"
"GE_UsrAcSp","PK__GE_UsrAc__72BB6B13079F1A46","CLUSTERED","True","True","False","[Tipo], [SeqUsuario], [KS1]","","","False"
"GE_UsrAcSp","GE_UsrAcSpPK","NONCLUSTERED","False","True","False","[Tipo], [SeqUsuario]","","","False"
"GE_UsrCtrl","PK__GE_UsrCtrl__4BCD0611","CLUSTERED","True","True","False","[Seq]","","","False"
"GE_UsrCtrl","GE_UsrCtrlPK","NONCLUSTERED","False","True","False","[Seq]","","","False"
"GE_UsrCtrl","GE_UsrCtrlIE1","NONCLUSTERED","False","False","False","[Sm], [Uc]","","","False"
"GE_UsrParam","PK__GE_UsrParam__4CC12A4A","CLUSTERED","True","True","False","[SeqUsuario], [NroEmpresa], [Parametro]","","","False"
"GE_UsrParam","GE_UsrParamPK","NONCLUSTERED","False","True","False","[SeqUsuario], [NroEmpresa], [Parametro]","","","False"
"GE_UsrParam","GE_UsrParamIF1","NONCLUSTERED","False","False","False","[SeqUsuario]","","","False"
"GE_Usuario","PK__GE_Usuario__4DB54E83","CLUSTERED","True","True","False","[SeqUsuario]","","","False"
"GE_Usuario","GE_UsuarioPK","NONCLUSTERED","False","True","False","[SeqUsuario]","","","False"
"GE_Usuario","GE_UsuarioAK1","NONCLUSTERED","False","True","False","[CodUsuario]","","","False"
"GE_Usuario","GE_UsuarioIF2","NONCLUSTERED","False","False","False","[SeqPolSeg]","","","False"
"GE_USUARIOCMPL","PK__GE_USUAR__59D861DEEA3D37F6","CLUSTERED","True","True","False","[SEQUSUARIO]","","","False"
"GE_UsuarioLink","PK__GE_UsuarioLink__4EA972BC","CLUSTERED","True","True","False","[SeqUsuario], [SeqUsrLink]","","","False"
"GE_UsuarioLink","GE_UsuarioLinkPK","NONCLUSTERED","False","True","False","[SeqUsuario], [SeqUsrLink]","","","False"
"GE_UsuarioLink","GE_UsuarioLinkIF1","NONCLUSTERED","False","False","False","[SeqUsuario]","","","False"
"GE_UsuarioPerm","PK__GE_UsuarioPerm__4F9D96F5","CLUSTERED","True","True","False","[CodAplicacao], [ChaveAplicacao], [SeqUsuario], [NroEmpresa]","","","False"
"GE_UsuarioPerm","GE_UsuarioPermPK","NONCLUSTERED","False","True","False","[CodAplicacao], [ChaveAplicacao], [SeqUsuario], [NroEmpresa]","","","False"
"GE_UsuarioPerm","GE_UsuarioPermIE1","NONCLUSTERED","False","False","False","[ChaveAplicacao], [CodAplicacao]","","","False"
"GE_UsuarioPerm","GE_UsuarioPermIF1","NONCLUSTERED","False","False","False","[SeqUsuario]","","","False"
"GE_UsuarioPerm","GE_USUARIOPERMIE2","NONCLUSTERED","False","False","False","[CodAplicacao], [NroEmpresa], [Permissao], [SeqUsuario]","","","False"
"GE_UsuarioPerm","IDX_GE_USUARIOPERM_01","NONCLUSTERED","False","False","False","[Permissao], [CodAplicacao]","","","False"
"GE_UsuarioSenhaMem","PK_GE_UsuarioSenhaMem","CLUSTERED","True","True","False","[SeqUsuario], [DtaTroca]","","","False"
"GE_UsuarioSenhaMem","GE_UsuarioSenhaPK","NONCLUSTERED","False","True","False","[SeqUsuario], [DtaTroca]","","","False"
"GE_UsuarioSenhaMem","GE_UsuarioSenhaIF1","NONCLUSTERED","False","False","False","[SeqUsuario]","","","False"
"GEL_CEP","PK__GEL_CEP__5091BB2E","CLUSTERED","True","True","False","[Cep]","","","False"
"GEL_CEP","GEL_CEPPK","NONCLUSTERED","False","True","False","[Cep]","","","False"
"GEL_CEP","GEL_CEPIE1","NONCLUSTERED","False","False","False","[LogrFonetica]","","","False"
"GEL_CEP","GEL_CEPIE2","NONCLUSTERED","False","False","False","[CidadeFonetica]","","","False"
"GEL_CEP","GEL_CEPIF1","NONCLUSTERED","False","False","False","[SeqCidade]","","","False"
"GEL_CepAlerta","PK__GEL_CepAlerta__5185DF67","CLUSTERED","True","True","False","[Cep]","","","False"
"GEL_CepAlerta","GEL_CepAlertaPK","NONCLUSTERED","False","True","False","[Cep]","","","False"
"GEL_CepOrig","PK__GEL_CepOrig__527A03A0","CLUSTERED","True","True","False","[Cep]","","","False"
"GEL_CepOrig","GEL_CepOrigPK","NONCLUSTERED","False","True","False","[Cep]","","","False"
"GEL_Cidade","PK__GEL_Cidade__536E27D9","CLUSTERED","True","True","False","[SeqCidade]","","","False"
"GEL_Cidade","GEL_CidadePK","NONCLUSTERED","False","True","False","[SeqCidade]","","","False"
"GEL_Conv","PK__GEL_Conv__54624C12","CLUSTERED","True","True","False","[SeqConv]","","","False"
"GEL_Conv","GEL_ConvPK","NONCLUSTERED","False","True","False","[SeqConv]","","","False"
"GEL_Conv","GEL_ConvAK1","NONCLUSTERED","False","True","False","[ConvPara]","","","False"
"GEL_ConvDe","PK__GEL_ConvDe__5556704B","CLUSTERED","True","True","False","[SeqConv], [SeqConvDe]","","","False"
"GEL_ConvDe","GEL_ConvDePK","NONCLUSTERED","False","True","False","[SeqConv], [SeqConvDe]","","","False"
"GEL_ConvDe","GEL_ConvDeAK1","NONCLUSTERED","False","True","False","[ConvDe]","","","False"
"GEL_ConvDe","GEL_ConvDeIF1","NONCLUSTERED","False","False","False","[SeqConv]","","","False"
"GEP_CidadeEmprDest","PK__GEP_CidadeEmprDe__3AAD6707","CLUSTERED","True","True","False","[Destino], [NroEmpresa], [SeqCidade]","","","False"
"GEP_CidadeEmprDest","IDX_GEP_USRCIDADEUSR","NONCLUSTERED","False","False","False","[NroEmpresa]","","","False"
"GEP_CidadeEmprDest","IDX_GEP_USRCIDADE","NONCLUSTERED","False","False","False","[SeqCidade]","","","False"
"GEP_EMailSend","PK__GEP_EMai__493CB600EEBA6035","CLUSTERED","True","True","False","[SEQEMAILSEND]","","","False"
"GEP_EMailSend","IDX_GEP_EMLSND_SEQCO","NONCLUSTERED","False","False","False","[SEQCONTAEMAIL]","","","False"
"GEP_EMAILSENDREL","PK__GEP_EMAI__5F46C7F3C51CBA05","CLUSTERED","True","True","False","[SEQEMAILSENDREL]","","","False"
"GEP_EMAILSENT","PK__GEP_EMAI__493CB61010EE67E7","CLUSTERED","True","True","False","[SEQEMAILSENT]","","","False"
"GEP_EMAILSENT","IDX_EMAILSENT_PARA","NONCLUSTERED","False","False","False","[PARA]","","","False"
"GEP_EMAILSENT","IDX_EMAILSENT_DTAENVIO","NONCLUSTERED","False","False","False","[DTAENVIO]","","","False"
"GEP_EMAILSENT","IDX_EMAILSENT_STATUS","NONCLUSTERED","False","False","False","[STATUS]","","","False"
"GEP_EMAILSENT","IDX_EMAILSENT_ORIGEM","NONCLUSTERED","False","False","False","[ORIGEM]","","","False"
"GEP_EMAILSENTREL","PK__GEP_EMAI__D39674F292C160CE","CLUSTERED","True","True","False","[SEQEMAILSENTREL]","","","False"
"GEP_Fila","PK__GEP_Fila__628287DAFA0DE699","CLUSTERED","True","True","False","[SEQFILA]","","","False"
"GEP_Fila","GEP_FilaIE1","NONCLUSTERED","False","False","False","[DtaExecucao]","","","False"
"GEP_Fila","GEP_FilaIE2","NONCLUSTERED","False","False","False","[CodProcesso], [LinkNro]","","","False"
"GEP_Fila","GEP_FilaIE3","NONCLUSTERED","False","False","False","[CodProcesso], [LinkStr]","","","False"
"GEP_Import","PK__GEP_Import__5832DCF6","CLUSTERED","True","True","False","[Seq]","","","False"
"GEP_Import","GEP_ImportPK","NONCLUSTERED","False","True","False","[Seq]","","","False"
"GEP_Import","GEP_ImportIE1","NONCLUSTERED","False","False","False","[Status], [Prioridade], [DtaGeracao]","","","False"
"GEP_ImportAprovacao","PK__GEP_Impo__CA1E3C887E7F7B16","CLUSTERED","True","True","False","[Seq]","","","False"
"GEP_ImportErro","GEP_ImportErroIE1","NONCLUSTERED","False","False","False","[Seq]","","","False"
"GEP_ImportTry","PK__GEP_ImportTry__5927012F","CLUSTERED","True","True","False","[Seq], [Origem]","","","False"
"GEP_ImportTry","GEP_ImportTryPK","NONCLUSTERED","False","True","False","[Seq], [Origem]","","","False"
"GEP_JOBAGD","PK__GEP_JOBAGD__22EAEC0F","CLUSTERED","True","True","False","[SeqJOBAgd]","","","False"
"GEP_JOBAGD","GEP_JOBAGDIE1","NONCLUSTERED","False","False","False","[Codigo]","","","False"
"GEP_JOBAGD","IDX_GEP_JOBAGD","NONCLUSTERED","False","False","False","[SEQJOB]","","","False"
"GEP_JOBAGD","IDX_GEP_JOBAGD_01","NONCLUSTERED","False","False","False","[Codigo], [Tipo]","","","False"
"GEP_JobAgdExecLog","XIE1GEP_JobAgdExecLo","NONCLUSTERED","False","False","False","[DtaExecucao]","","","False"
"GEP_JOBCAD","PK__GEP_JOBCAD__23DF1048","CLUSTERED","True","True","False","[SeqJOB]","","","False"
"GEP_JOBFILA","PK__GEP_JOBFILA__24D33481","CLUSTERED","True","True","False","[SeqJOBFILA]","","","False"
"GEP_JOBFILA","GEP_JOBFILAIE2","NONCLUSTERED","False","False","False","[DtaExecucao]","","","False"
"GEP_JOBFILALOG","PK__GEP_JOBFILALOG__25C758BA","CLUSTERED","True","True","False","[SeqJOBFILA]","","","False"
"GEP_JobMonitor","PK__GEP_JobMonitor__7C7B2A64","CLUSTERED","True","True","False","[JobId]","","","False"
"GEP_JOBNOTIFICAR","PK__GEP_JOBNOTIFICAR__27AFA12C","CLUSTERED","True","True","False","[SeqJOBAgd], [SeqNotificar]","","","False"
"GEP_JOBNOTIFICAR","XIF2GEP_JOBNOTIFICAR","NONCLUSTERED","False","False","False","[Resultado]","","","False"
"GEP_Notificar","PK__GEP_Notificar__5A1B2568","CLUSTERED","True","True","False","[SeqProcesso], [SeqNotificar]","","","False"
"GEP_Notificar","GEP_NotificarPK","NONCLUSTERED","False","True","False","[SeqProcesso], [SeqNotificar]","","","False"
"GEP_Notificar","GEP_NotificarIF1","NONCLUSTERED","False","False","False","[SeqProcesso]","","","False"
"GEP_PABX","PK__GEP_PABX__EE3F544DD0CB2DB5","CLUSTERED","True","True","False","[SeqPabx]","","","False"
"GEP_PABX","XPKGEP_PABX","NONCLUSTERED","False","True","False","[SeqPabx]","","","False"
"GEP_ParEnvia","PK__GEP_ParEnvia__5B0F49A1","CLUSTERED","True","True","False","[Destino]","","","False"
"GEP_ParEnvia","GEP_ParEnviaPK","NONCLUSTERED","False","True","False","[Destino]","","","False"
"GEP_ParRecebe","PK__GEP_ParRecebe__5C036DDA","CLUSTERED","True","True","False","[Origem]","","","False"
"GEP_ParRecebe","GEP_ParRecebePK","NONCLUSTERED","False","True","False","[Origem]","","","False"
"GEP_ParRecEnvia","PK__GEP_ParRecEnvia__5CF79213","CLUSTERED","True","True","False","[Origem], [Destino]","","","False"
"GEP_ParRecEnvia","GEP_ParRecEnviaPK","NONCLUSTERED","False","True","False","[Origem], [Destino]","","","False"
"GEP_ParRecEnvia","GEP_ParRecEnviaIF1","NONCLUSTERED","False","False","False","[Origem]","","","False"
"GEP_ParRecEnvia","GEP_ParRecEnviaIF2","NONCLUSTERED","False","False","False","[Destino]","","","False"
"GEP_ProcControle","PK__GEP_ProcControle__5DEBB64C","CLUSTERED","True","True","False","[Servidor]","","","False"
"GEP_ProcControle","GEP_ProcControlPK","NONCLUSTERED","False","True","False","[Servidor]","","","False"
"GEP_Processo","PK__GEP_Processo__5EDFDA85","CLUSTERED","True","True","False","[SeqProcesso]","","","False"
"GEP_Processo","GEP_ProcessoPK","NONCLUSTERED","False","True","False","[SeqProcesso]","","","False"
"GEP_ProcImport","GEP_PROCIMPORTIE1","NONCLUSTERED","False","False","False","[Status], [DtaProcessar], [Prioridade]","","","False"
"GEP_ProcImport","GEP_PROCIMPORTIE2","NONCLUSTERED","False","False","False","[Chave]","","","False"
"GEP_SyncUsrSat","PK__GEP_Sync__7412625419799C95","CLUSTERED","True","True","False","[SEQSYNCUSRSAT]","","","False"
"GEP_SyncUsrSat","GEP_SyncUsrSatIE1","NONCLUSTERED","False","False","False","[Destino], [Usr], [Tabela], [IndProcessado], [DtaGeracao]","","","False"
"GEP_SyncUsrSat","IDX_GEP_SYNC_IE4","NONCLUSTERED","False","False","False","[Destino], [Usr], [Tabela], [IndProcessado], [IndProcessoWait], [Operacao]","","","False"
"GEP_SyncUsrSat","NonClusteredIndex-20190205-095930","NONCLUSTERED","False","False","False","[Destino], [Usr], [IndProcessado]","","","False"
"GEP_SyncUsrSat","NonClusteredIndex-20190205-100126","NONCLUSTERED","False","False","False","[Destino], [Usr], [Tabela], [KN1], [KN2], [Operacao]","","","False"
"GEP_SyncUsrSat","IDX_GEPSYNCUSRSAT_1","NONCLUSTERED","False","False","False","[Destino], [Usr], [Tabela], [Operacao]","[KN1], [KS1], [KS2], [SEQSYNCUSRSAT]","","False"
"GEP_SyncUsrSat","GEP_SYNCUSRSATIE4","NONCLUSTERED","False","False","False","[Usr], [IndProcessado], [Operacao], [Destino]","","","False"
"GEP_SyncUsrSat","gep_syncusrsat_dedup","NONCLUSTERED","False","True","False","[Usr], [Tabela], [KN1], [KN2], [KS1], [KS2]","","","False"
"Gep_UsrPabx","PK__Gep_UsrP__6B10D4A5041BEB07","CLUSTERED","True","True","False","[SeqUsrPabx]","","","False"
"Gep_UsrPabx","XPKGep_UsrPabx","NONCLUSTERED","False","True","False","[SeqUsrPabx]","","","False"
"Gep_UsrPabx","XIF1Gep_UsrPabx","NONCLUSTERED","False","False","False","[SeqUsuario]","","","False"
"GEP_UsrSat","PK__GEP_UsrSat__60C822F7","CLUSTERED","True","True","False","[Destino], [Usr]","","","False"
"GEP_UsrSat","GEP_UsrSatPK","NONCLUSTERED","False","True","False","[Destino], [Usr]","","","False"
"GEP_UsrSat","XIF1GEP_UsrSat","NONCLUSTERED","False","False","False","[SeqMobileConfig]","","","False"
"IMP_EMAIL","PK__IMP_EMAI__B4CA2AEB75680080","CLUSTERED","True","True","False","[IDEMAIL]","","","False"
"IMP_EMAIL","IDX_IMP_EMAIL","NONCLUSTERED","False","False","False","[EMAILLINK]","","","False"
"IMP_Evento","PK__IMP_Even__034EFC046674F3F3","CLUSTERED","True","True","False","[IdEvento]","","","False"
"IMP_Evento","IDX_IMP_EVENTO","NONCLUSTERED","False","False","False","[DtaGeracao]","","","False"
"IMP_Evento","XIE2IMP_Evento","NONCLUSTERED","False","False","False","[StatusImpSP], [DtaGeracao]","","","False"
"IMP_Evento","XIE3IMP_Evento","NONCLUSTERED","False","False","False","[StatusImpZ], [DtaGeracao]","","","False"
"IMP_Evento","XIE4IMP_EVENTO","NONCLUSTERED","False","False","False","[StatusImpZ], [DtaGeracao]","","","False"
"IMP_FORMAPGTO","PK__IMP_FORM__D6E14D4664EC38D9","CLUSTERED","True","True","False","[IdFormaPgto]","","","False"
"IMP_FORMAPGTO","IDX_IMP_FORMAPGTO","NONCLUSTERED","False","False","False","[DtaGeracao]","","","False"
"IMP_FORMAPGTO","XIE2IMP_FORMAPGTO","NONCLUSTERED","False","False","False","[Origem], [NroEmpresa], [Nronf], [Serienf]","","","False"
"IMP_LOGAPROVACAO","PK__IMP_LOGA__CA1E3C88B6220E47","CLUSTERED","True","True","False","[Seq]","","","False"
"IMP_NFS","PK__IMP_NFS__0DD2EFAB913F832D","CLUSTERED","True","True","False","[IdNFS]","","","False"
"IMP_NFS","EXT_NFSIE4_0","NONCLUSTERED","False","False","False","[Origem], [NroEmpresa], [Nronf], [Serienf]","","","False"
"IMP_NFS","IDX_IMP_NFS","NONCLUSTERED","False","False","False","[DtaGeracao]","","","False"
"IMP_NFS","XIE3IMP_NFS","NONCLUSTERED","False","False","False","[StatusIMP], [DtaGeracao]","","","False"
"IMP_NFS","IDX_IMP_NFS_0","NONCLUSTERED","False","False","False","[IDNFSEXTERNO]","","","False"
"IMP_NFS","IDX_IMP_NFS_1","NONCLUSTERED","False","False","False","[PAIIDNFSEXTERNO]","","","False"
"IMP_NFSCMPL","PK__IMP_NFSC__367F41070CDD0688","CLUSTERED","True","True","False","[Idcmpl]","","","False"
"IMP_NFSCMPL","IDX_IMP_NFSCMPL","NONCLUSTERED","False","False","False","[DtaGeracao]","","","False"
"IMP_NFSCMPL","XIE2IMP_NFSCMPL","NONCLUSTERED","False","False","False","[Origem], [NroEmpresa], [Nronf], [Serienf]","","","False"
"IMP_NFSItem","PK__IMP_NFSI__E3AB6FE0D943DCFE","CLUSTERED","True","True","False","[IdNFSItem]","","","False"
"IMP_NFSItem","IDX_IMP_NFSITEM","NONCLUSTERED","False","False","False","[DtaGeracao], [StatusIMP]","","","False"
"IMP_NFSItem","XIE2IMP_NFSItem","NONCLUSTERED","False","False","False","[Origem], [NroEmpresa], [Nronf], [Serienf]","","","False"
"IMP_NFSItem","IDX_IMP_NFSITEM_1","NONCLUSTERED","False","False","False","[IDNFSEXTERNO], [LOTECARGA]","","","False"
"IMP_OS","PK__IMP_OS__B87C231DD3D702B4","CLUSTERED","True","True","False","[IDOS]","","","False"
"IMP_OS","EXT_OSAK1_0","NONCLUSTERED","False","False","False","[Origem], [NroEmpresa], [Nroos]","","","False"
"IMP_OS","IDX_IMP_OS","NONCLUSTERED","False","False","False","[DtaGeracao]","","","False"
"IMP_OS","XIE3IMP_OS","NONCLUSTERED","False","False","False","[StatusIMP], [DtaGeracao]","","","False"
"IMP_OS","IDX_IMP_OS_0","NONCLUSTERED","False","False","False","[IDOSEXTERNO]","","","False"
"IMP_OSITEM","PK__IMP_OSIT__5F0501CC5A65BDA8","CLUSTERED","True","True","False","[Iditem]","","","False"
"IMP_OSITEM","IDX_IMP_OSITEM","NONCLUSTERED","False","False","False","[StatusIMP], [DtaGeracao]","","","False"
"IMP_OSITEM","XIE2IMP_OSITEM","NONCLUSTERED","False","False","False","[Origem], [NroEmpresa], [Nroos], [SerieOS]","","","False"
"IMP_OSITEM","IDX_IMP_OSITEM_0","NONCLUSTERED","False","False","False","[IDOSEXTERNO]","","","False"
"IMP_OSITEM","IDX_IMP_OSITEM_1","NONCLUSTERED","False","False","False","[Origem], [IDOSEXTERNO]","","","False"
"IMP_OSSOLIC","PK__IMP_OSSO__491C2E9CC527C210","CLUSTERED","True","True","False","[Idsolic]","","","False"
"IMP_OSSOLIC","IDX_IMP_OSSOLIC","NONCLUSTERED","False","False","False","[DtaGeracao]","","","False"
"IMP_OSSOLIC","XIE2IMP_OSSOLIC","NONCLUSTERED","False","False","False","[Origem], [NroEmpresa], [Nroos], [SerieOS]","","","False"
"IMP_Pedido","PK__IMP_Pedi__9D335DC302FA6484","CLUSTERED","True","True","False","[IdPedido]","","","False"
"IMP_Pedido","XPKIMP_Pedido","NONCLUSTERED","False","True","False","[IdPedido]","","","False"
"IMP_Pedido","XIE1IMP_Pedido","NONCLUSTERED","False","False","False","[NroPedido]","","","False"
"IMP_PedidoItem","PK__IMP_Pedi__8E9C2D7E60D1F365","CLUSTERED","True","True","False","[IdPedidoItem]","","","False"
"IMP_PedidoItem","XPKIMP_PedidoItem","NONCLUSTERED","False","True","False","[IdPedidoItem]","","","False"
"IMP_PedidoItem","XIE1IMP_PedidoItem","NONCLUSTERED","False","False","False","[NroPedido]","","","False"
"IMP_PedidoItem","XIE2IMP_PEDIDOITEM","NONCLUSTERED","False","False","False","[NroPedido], [Origem], [NroEmpresa]","","","False"
"IMP_PedidoItem","XIE3IMP_PEDIDOITEM","NONCLUSTERED","False","False","False","[NroPedido], [Origem], [NroEmpresa], [LOTECARGA]","","","False"
"IMP_PESSOA","PK__IMP_PESS__7061465D093962E5","CLUSTERED","True","True","False","[IdPessoa]","","","False"
"IMP_PESSOA","EXT_PESSOAIE1_0","NONCLUSTERED","False","False","False","[PessoaLinkOrigem], [NroEmpresa]","","","False"
"IMP_PESSOA","EXT_PESSOAIE3_0","NONCLUSTERED","False","False","False","[PessoaLinkOrigem], [NroEmpresa], [Pessoalink]","","","False"
"IMP_PESSOA","EXT_PESSOAIE4_0","NONCLUSTERED","False","False","False","[NroCNPJCPF]","","","False"
"IMP_PESSOA","IDX_IMP_PESSOA","NONCLUSTERED","False","False","False","[StatusIMP], [DtaGeracao]","","","False"
"IMP_PESSOACONTATO","PK__IMP_PESS__4F4354735DE1D552","CLUSTERED","True","True","False","[IDPESSOACTTO]","","","False"
"IMP_PESSOAFONE","PK__IMP_PESS__4EBB23887A143455","CLUSTERED","True","True","False","[IDPESSOAFONE]","","","False"
"IMP_PRODUTO","PK__IMP_PROD__ED0C5933C1DF0505","CLUSTERED","True","True","False","[IDPRODUTO]","","","False"
"IMP_PRODUTO","EXT_PRODUTOAK1_0","NONCLUSTERED","False","False","False","[CODPRODUTO]","","","False"
"IMP_REL_TBA101","IX_IMP_REL_TBA101_codusuario","NONCLUSTERED","False","False","False","[codusuario]","","","False"
"IMP_REL_TBA101_PG2","IX_IMP_REL_TBA101_PG2_codusuario","NONCLUSTERED","False","False","False","[codusuario]","","","False"
"IMP_Titulo","PK__IMP_Titu__A3113E5716634512","CLUSTERED","True","True","False","[idTitulo]","","","False"
"IMP_Titulo","XPKIMP_Titulo","NONCLUSTERED","False","True","False","[idTitulo]","","","False"
"IMP_VEICULO","PK__IMP_VEIC__673A1D7153680069","CLUSTERED","True","True","False","[Idveiculo]","","","False"
"IMP_VEICULO","EXT_VEICULOAK1","NONCLUSTERED","False","False","False","[Origem], [NroChassi]","","","False"
"IMP_VEICULO","XIE3IMP_VEICULO","NONCLUSTERED","False","False","False","[StatusIMP], [DtaGeracao]","","","False"
"IV_Acao","PK__IV_Acao__61BC4730","CLUSTERED","True","True","False","[Acao]","","","False"
"IV_Acao","IV_AcaoPK","NONCLUSTERED","False","True","False","[Acao]","","","False"
"IV_Acao","IV_AcaoIF1","NONCLUSTERED","False","False","False","[SeqFormulario]","","","False"
"IV_AcaoAtendente","PK__IV_AcaoAtendente__62B06B69","CLUSTERED","True","True","False","[Acao], [SeqUsuario]","","","False"
"IV_AcaoAtendente","IV_AcaoAtendentPK","NONCLUSTERED","False","True","False","[Acao], [SeqUsuario]","","","False"
"IV_AcaoAtendente","IV_AcaoAtendentIF1","NONCLUSTERED","False","False","False","[SeqUsuario]","","","False"
"IV_AcaoAtendente","IV_AcaoAtendentIF2","NONCLUSTERED","False","False","False","[Acao]","","","False"
"IV_AcaoAuto","PK__IV_AcaoAuto__63A48FA2","CLUSTERED","True","True","False","[SeqAcaoAuto]","","","False"
"IV_AcaoAuto","IV_AcaoAutoPK","NONCLUSTERED","False","True","False","[SeqAcaoAuto]","","","False"
"IV_AcaoAuto","IV_AcaoAutoIF2","NONCLUSTERED","False","False","False","[Acao]","","","False"
"IV_AcaoAuto","IV_AcaoAutoIF3","NONCLUSTERED","False","False","False","[Resultado]","","","False"
"IV_AcaoAutoCtrl","PK_IV_AcaoAutoCtrl","CLUSTERED","True","True","False","[SeqAcaoAutoCtrl]","","","False"
"IV_AcaoCmpl","PK__IV_AcaoC__9FB531FB4D741C1F","CLUSTERED","True","True","False","[Acao], [AssuntoCmpl]","","","False"
"IV_AcaoCmpl","XPKIV_AcaoCmpl","NONCLUSTERED","False","True","False","[Acao], [AssuntoCmpl]","","","False"
"IV_AcaoCmpl","XIF1IV_AcaoCmpl","NONCLUSTERED","False","False","False","[Acao]","","","False"
"IV_AcaoCtrl","PK__IV_AcaoCtrl__6498B3DB","CLUSTERED","True","True","False","[Acao], [SeqCtrl]","","","False"
"IV_AcaoCtrl","IV_AcaoCtrlPK","NONCLUSTERED","False","True","False","[Acao], [SeqCtrl]","","","False"
"IV_AcaoCtrl","IV_AcaoCtrlIF1","NONCLUSTERED","False","False","False","[Acao]","","","False"
"IV_AcaoCtrl","XIF2IV_AcaoCtrl","NONCLUSTERED","False","False","False","[SeqTxtPadrao]","","","False"
"IV_AcaoMon","PK__IV_AcaoMon__658CD814","CLUSTERED","True","True","False","[Acao], [SeqAcMon]","","","False"
"IV_AcaoMon","IV_AcaoMonPK","NONCLUSTERED","False","True","False","[Acao], [SeqAcMon]","","","False"
"IV_AcaoMon","IV_AcaoMonIF1","NONCLUSTERED","False","False","False","[SeqUsuario]","","","False"
"IV_AcaoMon","IV_AcaoMonIF2","NONCLUSTERED","False","False","False","[Acao]","","","False"
"IV_AcaoRem","PK__IV_AcaoRem__6680FC4D","CLUSTERED","True","True","False","[SeqAcaoRem]","","","False"
"IV_AcaoRem","IV_AcaoRemPK","NONCLUSTERED","False","True","False","[SeqAcaoRem]","","","False"
"IV_AcaoRem","IV_AcaoRemIF1","NONCLUSTERED","False","False","False","[Acao]","","","False"
"IV_AcaoRem","IV_AcaoRemIF2","NONCLUSTERED","False","False","False","[Resultado]","","","False"
"IV_ACAOURACENARIO","PK__IV_ACAOU__06FE15783A5F3C83","CLUSTERED","True","True","False","[ACAO]","","","False"
"IV_AgdLink","PK__IV_AgdLi__2C94937421555E39","CLUSTERED","True","True","False","[SeqAgenda]","","","False"
"IV_AgdLink","IV_AGDLINKIE1","NONCLUSTERED","False","False","False","[LinkOrigem], [LinkTipo], [LinkNro]","","","False"
"IV_AgdLink","IV_AGDLINKIE2","NONCLUSTERED","False","False","False","[LinkOrigem], [LinkTipo], [LinkStr]","","","False"
"IV_AgdLink","IV_AgdLinkPK","NONCLUSTERED","False","True","False","[SeqAgenda]","","","False"
"IV_AGDPLANACAO","PK__IV_AGDPL__58AFBC85D6C69B82","CLUSTERED","True","True","False","[SEQAGDPLANACAO]","","","False"
"IV_AGDPLANACAO","IDX_IV_AGDPLANACAO_1","NONCLUSTERED","False","False","False","[SEQAGDPLANTRG]","","","False"
"IV_AGDPLANACAO","IDX_IV_AGDPLANACAO_ACAO","NONCLUSTERED","False","False","False","[ACAO]","","","False"
"IV_AGDPLANACAO","IDX_IV_AGDPLANACAO_SEQUSUARIO","NONCLUSTERED","False","False","False","[SEQUSUARIO]","","","False"
"IV_AGDPLANTRG","PK__IV_AGDPL__AF488020D367C2D4","CLUSTERED","True","True","False","[SEQAGDPLANTRG]","","","False"
"IV_AgdRec","PK__IV_AgdRec__686944BF","CLUSTERED","True","True","False","[SeqAgenda], [SeqAgdRec]","","","False"
"IV_AgdRec","IV_AgdRecPK","NONCLUSTERED","False","True","False","[SeqAgenda], [SeqAgdRec]","","","False"
"IV_AgdRec","IV_AgdRecIF1","NONCLUSTERED","False","False","False","[SeqAgenda]","","","False"
"IV_AgdRec","IV_AgdRecIF2","NONCLUSTERED","False","False","False","[SeqRecurso]","","","False"
"IV_AgdRec","IV_AgdRecIF3","NONCLUSTERED","False","False","False","[SeqPessoa]","","","False"
"IV_AgdRec","IV_AgdRecIF4","NONCLUSTERED","False","False","False","[SeqUsuario]","","","False"
"IV_AgdUsr","PK__IV_AgdUsr__695D68F8","CLUSTERED","True","True","False","[SeqAgenda], [SeqUsuario]","","","False"
"IV_AgdUsr","IV_AgdUsrPK","NONCLUSTERED","False","True","False","[SeqAgenda], [SeqUsuario]","","","False"
"IV_AgdUsr","IV_AgdUsrIF1","NONCLUSTERED","False","False","False","[SeqAgenda]","","","False"
"IV_Agenda","PK__IV_Agenda__6A518D31","CLUSTERED","True","True","False","[SeqAgenda]","","","False"
"IV_Agenda","IV_AgendaPK","NONCLUSTERED","False","True","False","[SeqAgenda]","","","False"
"IV_Agenda","IV_AgendaIE10","NONCLUSTERED","False","False","False","[Processo]","","","False"
"IV_Agenda","IV_AgendaIE11","NONCLUSTERED","False","False","False","[SeqUsuario], [Realizada]","","","False"
"IV_Agenda","IV_AgendaIE12","NONCLUSTERED","False","False","False","[SeqUsuario], [HistoricoOrigem]","","","False"
"IV_Agenda","IV_AgendaIE13","NONCLUSTERED","False","False","False","[UltHistorico]","","","False"
"IV_Agenda","IV_AgendaIE2","NONCLUSTERED","False","False","False","[DtaAgenda], [Realizada]","","","False"
"IV_Agenda","IV_AgendaIE7","NONCLUSTERED","False","False","False","[DtaUltResultado], [UltResultado]","","","False"
"IV_Agenda","IV_AgendaIE8","NONCLUSTERED","False","False","False","[Realizada]","","","False"
"IV_Agenda","IV_AgendaIE9","NONCLUSTERED","False","False","False","[HistoricoOrigem]","","","False"
"IV_Agenda","IV_AgendaIF1","NONCLUSTERED","False","False","False","[SeqUsuario]","","","False"
"IV_Agenda","IV_AgendaIF2","NONCLUSTERED","False","False","False","[SeqPessoa]","","","False"
"IV_Agenda","IV_AgendaIF3","NONCLUSTERED","False","False","False","[Acao]","","","False"
"IV_AGENDACMPL","PK__IV_AGEND__60998463755A308E","CLUSTERED","True","True","False","[SEQAGENDA]","","","False"
"IV_AgendaCtrl","PK__IV_AgendaCtrl__6B45B16A","CLUSTERED","True","True","False","[SeqAgenda], [SeqUsuario], [Base], [Atitude]","","","False"
"IV_AgendaCtrl","IV_AgendaCtrlPK","NONCLUSTERED","False","True","False","[SeqAgenda], [SeqUsuario], [Base], [Atitude]","","","False"
"IV_AgendaCtrl","IV_AgendaCtrlIF1","NONCLUSTERED","False","False","False","[SeqAgenda]","","","False"
"IV_AgendaCtrl","IV_AgendaCtrlIF2","NONCLUSTERED","False","False","False","[SeqAgendaGerada]","","","False"
"IV_AGENDAITEM","PK__IV_AGEND__CD4A95D12209C44C","CLUSTERED","True","True","False","[SEQAGDITEM]","","","False"
"IV_AgendaLog","PK__IV_Agend__3765F6589FEDCFFC","CLUSTERED","True","True","False","[SEQLOGTB]","","","False"
"IV_AtdBloq","PK__IV_AtdBloq__6D2DF9DC","CLUSTERED","True","True","False","[SeqUsuario], [TpBloq], [DtaBloq]","","","False"
"IV_AtdBloq","IV_AtdBloqPK","NONCLUSTERED","False","True","False","[SeqUsuario], [TpBloq], [DtaBloq]","","","False"
"IV_AtdBloq","IV_AtdBloqIF1","NONCLUSTERED","False","False","False","[SeqUsuario]","","","False"
"IV_Atendente","PK__IV_Atendente__6E221E15","CLUSTERED","True","True","False","[SeqUsuario]","","","False"
"IV_Atendente","IV_AtendentePK","NONCLUSTERED","False","True","False","[SeqUsuario]","","","False"
"IV_Atendente","IV_AtendenteIF1","NONCLUSTERED","False","False","False","[SeqPerfil]","","","False"
"IV_Ativ","PK__IV_Ativ__6F16424E","CLUSTERED","True","True","False","[SeqPlanoAtiv]","","","False"
"IV_Ativ","IV_AtivPK","NONCLUSTERED","False","True","False","[SeqPlanoAtiv]","","","False"
"IV_AtivAgenda","PK__IV_AtivA__42B4D58B5D8DD158","CLUSTERED","True","True","False","[SeqPlanoAtiv], [SeqAgenda]","","","False"
"IV_AtivAgenda","XIF1IV_AtivAgenda","NONCLUSTERED","False","False","False","[SeqPlanoAtiv]","","","False"
"IV_AtivAgenda","XIF2IV_AtivAgenda","NONCLUSTERED","False","False","False","[SeqAgenda]","","","False"
"IV_ATIVGRUPO","PK__IV_ATIVG__A97F33C50BC109A5","CLUSTERED","True","True","False","[SEQATIVGRUPO]","","","False"
"IV_ATIVGRUPO","IDX_IV_ATIVGRUPO_0","NONCLUSTERED","False","False","False","[SEQATIVMODELO]","","","False"
"IV_ATIVMODELO","PK__IV_ATIVM__70974A8ED080B561","CLUSTERED","True","True","False","[SEQATIVMODELO]","","","False"
"IV_ATIVPADRAO","PK__IV_ATIVP__6A5E4F39F700BE89","CLUSTERED","True","True","False","[SEQATIVPADRAO]","","","False"
"IV_ATIVPADRAO","IDX_IV_ATIVPADRAOX","NONCLUSTERED","False","False","False","[SEQATIVGRUPO]","","","False"
"IV_AtivProc","PK__IV_AtivProc__72E6D332","CLUSTERED","True","True","False","[SeqPlanoAtiv], [Processo]","","","False"
"IV_AtivProc","IV_AtivProcPK","NONCLUSTERED","False","True","False","[SeqPlanoAtiv], [Processo]","","","False"
"IV_AtivProc","IV_AtivProcIF2","NONCLUSTERED","False","False","False","[SeqPlanoAtiv]","","","False"
"IV_AtribLista","PK__IV_AtribLista__73DAF76B","CLUSTERED","True","True","False","[Atributo], [Lista]","","","False"
"IV_AtribLista","IV_AtribListaPK","NONCLUSTERED","False","True","False","[Atributo], [Lista]","","","False"
"IV_AtribLista","IV_AtribListaIF1","NONCLUSTERED","False","False","False","[Atributo]","","","False"
"IV_Atributo","PK__IV_Atributo__74CF1BA4","CLUSTERED","True","True","False","[Atributo]","","","False"
"IV_Atributo","IV_AtributoPK","NONCLUSTERED","False","True","False","[Atributo]","","","False"
"IV_BaseInformacao","PK__IV_BaseInformaca__75C33FDD","CLUSTERED","True","True","False","[SeqConh]","","","False"
"IV_BaseInformacao","IV_BaseInformacPK","NONCLUSTERED","False","True","False","[SeqConh]","","","False"
"IV_BonusCC","PK__IV_BonusCC__163AFC67","CLUSTERED","True","True","False","[SeqBonusCC]","","","False"
"IV_BonusCC","XIE1IV_BonusCC","NONCLUSTERED","False","False","False","[LinkDocto]","","","False"
"IV_BonusCC","XIE2IV_BonusCC","NONCLUSTERED","False","False","False","[SeqPessoa], [DtaMovto]","","","False"
"IV_BonusCC","XIF1IV_BonusCC","NONCLUSTERED","False","False","False","[SeqPessoa]","","","False"
"IV_Campanha","PK__IV_Campanha__76B76416","CLUSTERED","True","True","False","[SeqCampanha]","","","False"
"IV_Campanha","IV_CampanhaPK","NONCLUSTERED","False","True","False","[SeqCampanha]","","","False"
"IV_Campanha","XIF5IV_Campanha","NONCLUSTERED","False","False","False","[ProvedorSmsPL]","","","False"
"IV_Campanha","XIF7IV_Campanha","NONCLUSTERED","False","False","False","[Resultado]","","","False"
"IV_Campanha","XIF1IV_CAMPANHA","NONCLUSTERED","False","False","False","[SEQCONTEUDO]","","","False"
"IV_Campanha","XIF10IV_CAMPANHA","NONCLUSTERED","False","False","False","[ProvedorSmsPL]","","","False"
"IV_Campanha","XIF11IV_CAMPANHA","NONCLUSTERED","False","False","False","[PROVEDOREMAILPL]","","","False"
"IV_Campanha","XIF6IV_CAMPANHA","NONCLUSTERED","False","False","False","[SEQFORMULARIO]","","","False"
"IV_Campanha","XIF8IV_CAMPANHA","NONCLUSTERED","False","False","False","[SEQEMAILTEMPLATE]","","","False"
"IV_Campanha","XIF9IV_CAMPANHA","NONCLUSTERED","False","False","False","[Resultado]","","","False"
"IV_CampPesMsg","PK__IV_CampP__FFE14B9970C3BC30","CLUSTERED","True","True","False","[SeqCampPessoa], [Canal]","","","False"
"IV_CampPesMsg","XPKRIV_CampPesMsg","NONCLUSTERED","False","True","False","[SeqCampPessoa], [Canal]","","","False"
"IV_CampPesMsg","XIF1RIV_CampPesMsg","NONCLUSTERED","False","False","False","[SeqCampPessoa]","","","False"
"IV_CampPesMsg","IDX_IVCAMPPESMSG_STATUS","NONCLUSTERED","False","False","False","[Status]","","","False"
"IV_CampPesMsg","IDX_IV_CAMPPESMSG_SEQPESSOA","NONCLUSTERED","False","False","False","[SEQPESSOA]","","","False"
"IV_CampPesMsg","IDX_IV_CAMPPESMSG_SEQCAMPANHA","NONCLUSTERED","False","False","False","[SEQCAMPANHA]","","","False"
"IV_CampPesMsg","IDX_IV_CAMPPESMSG_3","NONCLUSTERED","False","False","False","[SEQCAMPANHA], [DtaEnvio]","","","False"
"IV_CampPesMsg","IDX_IV_CAMPPESMSG_4","NONCLUSTERED","False","False","False","[SEQCAMPANHA], [DtaEnviar]","","","False"
"IV_CampPesMsg","IDX_IV_CAMPPESMSG_5","NONCLUSTERED","False","False","False","[Canal], [SEQCAMPANHA]","","","False"
"IV_CampPesMsg","IDX_IVCAMPPESMSG_02","NONCLUSTERED","False","False","False","[SEQCAMPANHA], [Canal]","","","False"
"IV_CampPesMsg","IDX_IVCAMPPESMSG_04","NONCLUSTERED","False","False","False","[SEQCAMPANHA], [Canal], [DtaEnviar]","","","False"
"IV_CampPesMsg","IDX_IVCAMPPESMSG_05","NONCLUSTERED","False","False","False","[Canal]","","","False"
"IV_CampPesMsg","IDX_IVCAMPPESMSG_06","NONCLUSTERED","False","False","False","[Canal], [DtaEnviar]","","","False"
"IV_CampPesMsg","IDX_IVCAMPPESMSG_07","NONCLUSTERED","False","False","False","[SEQCAMPANHA], [Canal], [CanalDestino]","","","False"
"IV_CampPesMsg","IDX_IVCAMPPESMSG_08","NONCLUSTERED","False","False","False","[SEQCAMPANHA], [CanalDestino]","","","False"
"IV_CampPessoa","PK__IV_CampP__8F5B70755B021E6B","CLUSTERED","True","True","False","[SeqCampPessoa]","","","False"
"IV_CampPessoa","XPKRIV_CampPessoa","NONCLUSTERED","False","True","False","[SeqCampPessoa]","","","False"
"IV_CampPessoa","XIF1RIV_CampPessoa","NONCLUSTERED","False","False","False","[SeqPessoa]","","","False"
"IV_CampPessoa","XIF2RIV_CampPessoa","NONCLUSTERED","False","False","False","[SeqCampanha]","","","False"
"IV_CampPessoa","XIF3RIV_CampPessoa","NONCLUSTERED","False","False","False","[SeqPessoa], [SeqContato]","","","False"
"IV_CAMPSELECAO","PK__IV_CAMPS__916D557236BA1B79","CLUSTERED","True","True","False","[SEQCAMPANHA], [SEQSELECAO]","","","False"
"IV_CAMPSELECAO","IDX_IV_CAMPSELECAO","NONCLUSTERED","False","False","False","[SEQCAMPANHA]","","","False"
"IV_CAMPSELECAO","IDX_IV_CAMPSELECAO_0","NONCLUSTERED","False","False","False","[SEQSELECAO]","","","False"
"IV_CampVoucher","PK__IV_CampV__8F5B70752306DCE0","CLUSTERED","True","True","False","[SeqCampPessoa]","","","False"
"IV_CampVoucher","XPKRIV_CampVoucher","NONCLUSTERED","False","True","False","[SeqCampPessoa]","","","False"
"IV_CampVoucher","XIE1RIV_CampVoucher","NONCLUSTERED","False","False","False","[ChaveBusca]","","","False"
"IV_CampVoucher","XIE1IV_CAMPVOUCHER","NONCLUSTERED","False","False","False","[ChaveBusca]","","","False"
"IV_CampVoucher","IDX_IV_CAMPVOUCHER_SEQPESSOA","NONCLUSTERED","False","False","False","[SEQPESSOA]","","","False"
"IV_CampVoucher","IDX_IV_CAMPVOUCHER_SEQCAMPANHA","NONCLUSTERED","False","False","False","[SEQCAMPANHA]","","","False"
"IV_CartContratante","PK__IV_CartContratan__4436D141","CLUSTERED","True","True","False","[SeqContratante]","","","False"
"IV_CartContratante","XAK1IV_CartContratan","NONCLUSTERED","False","True","False","[IDOrigemCml]","","","False"
"IV_CartContratante","XIE2IV_CartContratan","NONCLUSTERED","False","False","False","[NroConta]","","","False"
"IV_CartContratante","XIF1IV_CartContratan","NONCLUSTERED","False","False","False","[SeqPessoaGrupo]","","","False"
"IV_CartContratante","XIF2IV_CartContratan","NONCLUSTERED","False","False","False","[SeqPessoaCtr]","","","False"
"IV_CartContratante","XIF3IV_CartContratan","NONCLUSTERED","False","False","False","[SeqCartProd]","","","False"
"IV_CartCred","PK__IV_CartCred__461F19B3","CLUSTERED","True","True","False","[SeqCartCred]","","","False"
"IV_CartCred","XAK1IV_CartCred","NONCLUSTERED","False","True","False","[NroCartao6]","","","False"
"IV_CartCred","IV_CARTCREDNRO","NONCLUSTERED","False","False","False","[NroCartao]","","","False"
"IV_CartCred","IV_CARTCREDIF1","NONCLUSTERED","False","False","False","[SeqCFinFis]","","","False"
"IV_CartCred","IV_CARTCREDIF3","NONCLUSTERED","False","False","False","[TipoRelacSeqPar]","","","False"
"IV_CartCred","IV_CARTCREDIF4","NONCLUSTERED","False","False","False","[NacionalSeqPar]","","","False"
"IV_CartCred","IV_CARTCREDIF5","NONCLUSTERED","False","False","False","[EstadoCivilSeqPar]","","","False"
"IV_CartCred","XIF6IV_CartCred","NONCLUSTERED","False","False","False","[SeqCartTitular]","","","False"
"IV_CartCred","XIF7IV_CartCred","NONCLUSTERED","False","False","False","[SeqPessoa]","","","False"
"IV_CartLoteCartao","PK__IV_CartLoteCarta__48076225","CLUSTERED","True","True","False","[SeqCartLote], [SeqCartCred]","","","False"
"IV_CartLoteCartao","XIF1IV_CartLoteCarta","NONCLUSTERED","False","False","False","[SeqCartLote]","","","False"
"IV_CartLoteCartao","XIF2IV_CartLoteCarta","NONCLUSTERED","False","False","False","[SeqCartCred]","","","False"
"IV_CartLoteImp","PK__IV_CartLoteImp__49EFAA97","CLUSTERED","True","True","False","[SeqCartLote]","","","False"
"IV_CartLoteImp","XIF1IV_CartLoteImp","NONCLUSTERED","False","False","False","[SeqContratante]","","","False"
"IV_CartMarca","PK__IV_CartMarca__4BD7F309","CLUSTERED","True","True","False","[SeqCartMarca]","","","False"
"IV_CARTPESORIGEM","PK__IV_CARTP__B239D4516A04BC08","CLUSTERED","True","True","False","[SEQCARTPESORIGEM]","","","False"
"IV_CARTPESSOA","PK__IV_CARTP__9EBEC2B128B2E058","CLUSTERED","True","True","False","[SEQPROPOSTA]","","","False"
"IV_CartProduto","PK__IV_CartProduto__4DC03B7B","CLUSTERED","True","True","False","[SeqCartProd]","","","False"
"IV_CartProduto","XIF1IV_CartProduto","NONCLUSTERED","False","False","False","[SeqCartMarca]","","","False"
"IV_CartProposta","PK__IV_CartProposta__4FA883ED","CLUSTERED","True","True","False","[SeqProposta]","","","False"
"IV_CartProposta","IV_CARTPROPOSTAIE1","NONCLUSTERED","False","False","False","[Processo]","","","False"
"IV_CartProposta","IV_CARTPROPOSTAIE2","NONCLUSTERED","False","False","False","[IdProposta]","","","False"
"IV_CartProposta","IV_CARTPROPOSTAIE4","NONCLUSTERED","False","False","False","[DtaEnvioFin]","","","False"
"IV_CartProposta","IV_CARTPROPOSTAIF1","NONCLUSTERED","False","False","False","[SeqCFinFis]","","","False"
"IV_CartProposta","IV_CARTPROPOSTAIF2","NONCLUSTERED","False","False","False","[PercLojIndicSeqPar]","","","False"
"IV_CartProposta","IV_CARTPROPOSTAIF4","NONCLUSTERED","False","False","False","[SituacaoSeqPar]","","","False"
"IV_CartProposta","IV_CARTPROPOSTAIF5","NONCLUSTERED","False","False","False","[MotRecusaCliSeqPar]","","","False"
"IV_CartProposta","XIF7IV_CartProposta","NONCLUSTERED","False","False","False","[SeqContratante]","","","False"
"IV_CartProposta","XIF8IV_CartProposta","NONCLUSTERED","False","False","False","[OrigemSeqPar]","","","False"
"IV_CartProposta","IDX_IV_CARTPROPOSTA","NONCLUSTERED","False","False","False","[NEUROTECH_LOG_ID]","","","False"
"IV_CartProposta","IV_CARTPROPOSTA_IDX10","NONCLUSTERED","False","False","False","[Processo], [NEUROTECH_LOG_ID]","","","False"
"IV_CartTitular","PK__IV_CartTitular__5190CC5F","CLUSTERED","True","True","False","[SeqCartTitular]","","","False"
"IV_CartTitular","XIE1IV_CartTitular","NONCLUSTERED","False","False","False","[NroConta]","","","False"
"IV_CartTitular","XIF2IV_CartTitular","NONCLUSTERED","False","False","False","[SeqProposta]","","","False"
"IV_CartTitular","XIF3IV_CartTitular","NONCLUSTERED","False","False","False","[SeqPessoa]","","","False"
"IV_CartTitular","XIF4IV_CartTitular","NONCLUSTERED","False","False","False","[SeqContratante]","","","False"
"IV_CbrCobranca","PK__IV_CbrCo__02685989C26828CE","CLUSTERED","True","True","False","[SeqCbrCobranca]","","","False"
"IV_CbrCobranca","XPKIV_CbrCobranca","NONCLUSTERED","False","True","False","[SeqCbrCobranca]","","","False"
"IV_CbrCobranca","XIF1IV_CbrCobranca","NONCLUSTERED","False","False","False","[SeqPessoa]","","","False"
"IV_CbrCobranca","XIF2IV_CbrCobranca","NONCLUSTERED","False","False","False","[SeqAgenda]","","","False"
"IV_CbrCobranca","XIF3IV_CbrCobranca","NONCLUSTERED","False","False","False","[SeqCbrCriterio]","","","False"
"IV_CbrCobranca","XIF4IV_CbrCobranca","NONCLUSTERED","False","False","False","[Lote]","","","False"
"IV_CBRCOBRANCAHST","PK__IV_CBRCO__636E780E623C9AFA","CLUSTERED","True","True","False","[SEQCBRCOBRHST]","","","False"
"IV_CBRCOBRANCAHST","XIF1IV_CBRCOBRANCAHS","NONCLUSTERED","False","False","False","[SEQCBRCOBRANCA]","","","False"
"IV_CBRCOBRANCAHST","XIF2IV_CBRCOBRANCAHS","NONCLUSTERED","False","False","False","[SEQCBRCRITMSG]","","","False"
"IV_CbrCobrancaLote","PK__IV_CbrCo__4E4659D22F91BDB9","CLUSTERED","True","True","False","[Lote]","","","False"
"IV_CbrCobrancaLote","XPKIV_CbrCobrancaLot","NONCLUSTERED","False","True","False","[Lote]","","","False"
"IV_CbrCobrancaLote","XIF1IV_CbrCobrancaLo","NONCLUSTERED","False","False","False","[SeqCbrCriterio]","","","False"
"IV_CbrCobrancaMon","PK__IV_CbrCo__784E175F8E773C55","CLUSTERED","True","True","False","[SeqCbrCobrancaMonit]","","","False"
"IV_CbrCobrancaMon","XPKIV_CbrCobrancaMon","NONCLUSTERED","False","True","False","[SeqCbrCobrancaMonit]","","","False"
"IV_CbrCobrancaMon","XIF1IV_CbrCobrancaMo","NONCLUSTERED","False","False","False","[SeqCbrCobranca]","","","False"
"IV_CbrCobrancaTit","PK__IV_CbrCo__68594A6CB7EFF64E","CLUSTERED","True","True","False","[SeqCbrCobranca], [idTitulo]","","","False"
"IV_CbrCobrancaTit","XPKIV_CbrCobrancaTit","NONCLUSTERED","False","True","False","[SeqCbrCobranca], [idTitulo]","","","False"
"IV_CbrCobrancaTit","XIF1IV_CbrCobrancaTi","NONCLUSTERED","False","False","False","[idTitulo]","","","False"
"IV_CbrCobrancaTit","XIF2IV_CbrCobrancaTi","NONCLUSTERED","False","False","False","[SeqCbrCobranca]","","","False"
"IV_CbrCobrancaTitLog","PK__IV_CbrCo__A97CC778AC6220C4","CLUSTERED","True","True","False","[SeqCbrCobLog]","","","False"
"IV_CbrCobrancaTitLog","XPKIV_CbrCobrTitLog","NONCLUSTERED","False","True","False","[SeqCbrCobLog]","","","False"
"IV_CbrCobrancaTitLog","XIF1IV_CbrCobrTitLog","NONCLUSTERED","False","False","False","[SeqCbrCobranca], [idTitulo]","","","False"
"IV_CbrCriterio","PK__IV_CbrCr__F0D33A2E1102801B","CLUSTERED","True","True","False","[SeqCbrCriterio]","","","False"
"IV_CbrCriterio","XPKIV_CbrCriterio","NONCLUSTERED","False","True","False","[SeqCbrCriterio]","","","False"
"IV_CbrCriterio","XIF1IV_CbrCriterio","NONCLUSTERED","False","False","False","[SeqTxt1CobeMail]","","","False"
"IV_CbrCriterio","XIF2IV_CbrCriterio","NONCLUSTERED","False","False","False","[SeqTxt1CobSMS]","","","False"
"IV_CbrCriterio","XIF3IV_CbrCriterio","NONCLUSTERED","False","False","False","[SeqTxt2CobeMail]","","","False"
"IV_CbrCriterio","XIF4IV_CbrCriterio","NONCLUSTERED","False","False","False","[SeqTxt2CobSMS]","","","False"
"IV_CbrCriterio","XIF5IV_CbrCriterio","NONCLUSTERED","False","False","False","[Acao]","","","False"
"IV_CbrCriterio","XIF6IV_CbrCriterio","NONCLUSTERED","False","False","False","[ResultadoBaixa]","","","False"
"IV_CbrCriterio","XIF7IV_CbrCriterio","NONCLUSTERED","False","False","False","[SeqUsrDestino]","","","False"
"IV_CbrCriterioDef","PK__IV_CbrCr__35BD5EE05FB48836","CLUSTERED","True","True","False","[SeqCbrCritDef]","","","False"
"IV_CbrCriterioDef","XPKIV_CbrCriterioDef","NONCLUSTERED","False","True","False","[SeqCbrCritDef]","","","False"
"IV_CbrCriterioDef","XIF1IV_CbrCriterioDe","NONCLUSTERED","False","False","False","[SeqCbrCriterio]","","","False"
"IV_CBRCRITERIOMSG","PK__IV_CBRCR__61C3CFEBC1839AFA","CLUSTERED","True","True","False","[SEQCBRCRITMSG]","","","False"
"IV_CBRCRITERIOMSG","XIF1IV_CBRCRITERIOMS","NONCLUSTERED","False","False","False","[SEQCBRCRITERIO]","","","False"
"IV_CBRCRITERIOMSG","XIF2IV_CBRCRITERIOMS","NONCLUSTERED","False","False","False","[SEQTXTSMS]","","","False"
"IV_CBRCRITERIOMSG","XIF3IV_CBRCRITERIOMS","NONCLUSTERED","False","False","False","[SEQTXTEMAIL]","","","False"
"IV_CBRCRITMON","PK__IV_CBRCR__5FA7721D9974E1CB","CLUSTERED","True","True","False","[SEQCBRCRITERIOMON]","","","False"
"IV_CbrTitulo","PK__IV_CbrTi__A3113E5757869AA3","CLUSTERED","True","True","False","[idTitulo]","","","False"
"IV_CbrTitulo","XPKIV_CbrTitulo","NONCLUSTERED","False","True","False","[idTitulo]","","","False"
"IV_CBRTITULOHST","IDX_IV_CBRTITULOHST","CLUSTERED","True","True","False","[SEQCBRTITHST]","","","False"
"IV_CBRTITULOHST","XIE1IV_CBRTITULOHST","NONCLUSTERED","False","False","False","[IDTITULO], [TIPOHST]","","","False"
"IV_CBRTITULOHST","XIF1IV_CBRTITULOHST","NONCLUSTERED","False","False","False","[IDTITULO]","","","False"
"IV_CFinDocAceito","PK__IV_CFinDocAceito__7DB96760","CLUSTERED","True","True","False","[DocReqSeqPar], [SeqDocTp]","","","False"
"IV_CFinDocAceito","IV_CFIndOCACEITIF2","NONCLUSTERED","False","False","False","[SeqDocTp]","","","False"
"IV_CFinDocAceito","IV_CFINDOCACEITIF1","NONCLUSTERED","False","False","False","[DocReqSeqPar]","","","False"
"IV_Ciencia","PK__IV_Ciencia__77AB884F","CLUSTERED","True","True","False","[SeqHistorico], [SeqCiencia]","","","False"
"IV_Ciencia","IV_CienciaPK","NONCLUSTERED","False","True","False","[SeqHistorico], [SeqCiencia]","","","False"
"IV_Ciencia","IV_CienciaIF1","NONCLUSTERED","False","False","False","[SeqHistorico]","","","False"
"IV_ClasseRes","PK__IV_ClasseRes__789FAC88","CLUSTERED","True","True","False","[SeqClasseRes]","","","False"
"IV_ClasseRes","IV_ClasseResPK","NONCLUSTERED","False","True","False","[SeqClasseRes]","","","False"
"IV_ClienteAtrib","PK__IV_ClienteAtrib__7993D0C1","CLUSTERED","True","True","False","[SeqPessoa], [Atributo]","","","False"
"IV_ClienteAtrib","IV_ClienteAtribPK","NONCLUSTERED","False","True","False","[SeqPessoa], [Atributo]","","","False"
"IV_ClienteAtrib","IV_ClienteAtribIF1","NONCLUSTERED","False","False","False","[SeqPessoa]","","","False"
"IV_ClientePropCmpl","PK__IV_ClientePropCm__7A87F4FA","CLUSTERED","True","True","False","[SeqPropPessoa]","","","False"
"IV_ClientePropCmpl","IV_ClientePropCPK","NONCLUSTERED","False","True","False","[SeqPropPessoa]","","","False"
"IV_ClientePropr","PK__IV_ClientePropr__7B7C1933","CLUSTERED","True","True","False","[SeqPropPessoa]","","","False"
"IV_ClientePropr","IV_ClienteProprPK","NONCLUSTERED","False","True","False","[SeqPropPessoa]","","","False"
"IV_ClientePropr","IV_ClienteProprIE1","NONCLUSTERED","False","False","False","[Referencia]","","","False"
"IV_ClientePropr","IV_ClienteProprIE2","NONCLUSTERED","False","False","False","[Identificador]","","","False"
"IV_ClientePropr","IV_ClienteProprIF1","NONCLUSTERED","False","False","False","[SeqPessoa]","","","False"
"IV_ClientePropr","IV_ClienteProprIF2","NONCLUSTERED","False","False","False","[SeqPropriedade]","","","False"
"IV_CobrCrit","PK__IV_CobrCrit__7C703D6C","CLUSTERED","True","True","False","[Seq]","","","False"
"IV_CobrCrit","IV_CobrCritPK","NONCLUSTERED","False","True","False","[Seq]","","","False"
"IV_CobrCrit","IV_CobrCritIF1","NONCLUSTERED","False","False","False","[SeqUsuario]","","","False"
"IV_CobrCrit","IV_CobrCritIF2","NONCLUSTERED","False","False","False","[Acao]","","","False"
"IV_CobrCrit","IV_CobrCritIF3","NONCLUSTERED","False","False","False","[Resultado]","","","False"
"IV_CobrCritAgd","PK__IV_CobrCritAgd__7D6461A5","CLUSTERED","True","True","False","[SeqAgenda]","","","False"
"IV_CobrCritAgd","IV_CobrCritAgdPK","NONCLUSTERED","False","True","False","[SeqAgenda]","","","False"
"IV_CobrCritAgd","IV_CobrCritAgdIF1","NONCLUSTERED","False","False","False","[SeqCobCrit]","","","False"
"IV_CobrCritAgd","IV_CobrCritAgdIF3","NONCLUSTERED","False","False","False","[Seq]","","","False"
"IV_CobrCritDef","PK__IV_CobrCritDef__7E5885DE","CLUSTERED","True","True","False","[SeqParam], [Seq]","","","False"
"IV_CobrCritDef","IV_CobrCritDefPK","NONCLUSTERED","False","True","False","[SeqParam], [Seq]","","","False"
"IV_CobrCritDef","IV_CobrCritDefIF1","NONCLUSTERED","False","False","False","[Seq]","","","False"
"IV_CobrCritMon","PK__IV_CobrCritMon__7F4CAA17","CLUSTERED","True","True","False","[SeqCobCrit]","","","False"
"IV_CobrCritMon","IV_CobrCritMonPK","NONCLUSTERED","False","True","False","[SeqCobCrit]","","","False"
"IV_CobrCritMon","IV_CobrCritMonIF1","NONCLUSTERED","False","False","False","[Seq]","","","False"
"IV_CobrTit","PK__IV_CobrTit__0040CE50","CLUSTERED","True","True","False","[IdTitulo], [Seq]","","","False"
"IV_CobrTit","IV_CobrTitPK","NONCLUSTERED","False","True","False","[IdTitulo], [Seq]","","","False"
"IV_CobrTit","IV_CobrTitIE1","NONCLUSTERED","False","False","False","[Processo]","","","False"
"IV_CobrTit","IV_CobrTitIF1","NONCLUSTERED","False","False","False","[Seq]","","","False"
"IV_CodPrcEmpr","PK__IV_CodPrcEmpr__0134F289","CLUSTERED","True","True","False","[NroEmpresa], [CodProcesso]","","","False"
"IV_CodPrcEmpr","IV_CodPrcEmprPK","NONCLUSTERED","False","True","False","[NroEmpresa], [CodProcesso]","","","False"
"IV_CodPrcEmpr","IV_CodPrcEmprIF1","NONCLUSTERED","False","False","False","[NroEmpresa]","","","False"
"IV_CodPrcEmpr","IV_CodPrcEmprIF2","NONCLUSTERED","False","False","False","[CodProcesso]","","","False"
"IV_CodProcComent","PK__IV_CodProcComent__022916C2","CLUSTERED","True","True","False","[CodProcesso], [SeqProcComent]","","","False"
"IV_CodProcComent","IV_CodProcComenPK","NONCLUSTERED","False","True","False","[CodProcesso], [SeqProcComent]","","","False"
"IV_CodProcComent","IV_CodProcComenIF1","NONCLUSTERED","False","False","False","[CodProcesso]","","","False"
"IV_CodProcesso","PK__IV_CodProcesso__031D3AFB","CLUSTERED","True","True","False","[CodProcesso]","","","False"
"IV_CodProcesso","IV_CodProcessoPK","NONCLUSTERED","False","True","False","[CodProcesso]","","","False"
"IV_ConhecFonema","PK__IV_ConhecFonema__04115F34","CLUSTERED","True","True","False","[SeqConh], [Particula]","","","False"
"IV_ConhecFonema","IV_ConhecFonemaPK","NONCLUSTERED","False","True","False","[SeqConh], [Particula]","","","False"
"IV_ConhecFonema","IV_ConhecFonemaIF1","NONCLUSTERED","False","False","False","[SeqConh]","","","False"
"IV_Conhecimento","PK__IV_Conhecimento__0505836D","CLUSTERED","True","True","False","[SeqConh]","","","False"
"IV_Conhecimento","IV_ConhecimentoPK","NONCLUSTERED","False","True","False","[SeqConh]","","","False"
"IV_Conhecimento","IV_ConhecimentoIE1","NONCLUSTERED","False","False","False","[SeqConhPai]","","","False"
"IV_Conhecimento","IV_ConhecimentoIF1","NONCLUSTERED","False","False","False","[Resultado]","","","False"
"IV_ConhecLeitura","PK__IV_ConhecLeitura__05F9A7A6","CLUSTERED","True","True","False","[SeqConh], [SeqUsuario]","","","False"
"IV_ConhecLeitura","IV_ConhecLeiturPK","NONCLUSTERED","False","True","False","[SeqConh], [SeqUsuario]","","","False"
"IV_ConhecLeitura","IV_ConhecLeiturIF1","NONCLUSTERED","False","False","False","[SeqUsuario]","","","False"
"IV_ConhecLeitura","IV_ConhecLeiturIF2","NONCLUSTERED","False","False","False","[SeqConh]","","","False"
"IV_CustoMidia","PK__IV_CustoMidia__06EDCBDF","CLUSTERED","True","True","False","[SeqCustoCamp]","","","False"
"IV_CustoMidia","IV_CustoMidiaPK","NONCLUSTERED","False","True","False","[SeqCustoCamp]","","","False"
"IV_CustoMidia","IV_CustoMidiaIE1","NONCLUSTERED","False","False","False","[Campanha], [DtaBase]","","","False"
"IV_Departamento","PK__IV_Departamento__07E1F018","CLUSTERED","True","True","False","[Departamento]","","","False"
"IV_Departamento","IV_DepartamentoPK","NONCLUSTERED","False","True","False","[Departamento]","","","False"
"IV_Distribui","PK__IV_Distribui__08D61451","CLUSTERED","True","True","False","[SeqUsuario], [Acao]","","","False"
"IV_Distribui","IV_DistribuiPK","NONCLUSTERED","False","True","False","[SeqUsuario], [Acao]","","","False"
"IV_Distribui","IV_DistribuiIF1","NONCLUSTERED","False","False","False","[SeqUsuario]","","","False"
"IV_Distribui","IV_DistribuiIF2","NONCLUSTERED","False","False","False","[Acao]","","","False"
"IV_DoctoApl","PK__IV_DoctoApl__09CA388A","CLUSTERED","True","True","False","[SeqDoctoApl]","","","False"
"IV_DoctoApl","IV_DoctoAplPK","NONCLUSTERED","False","True","False","[SeqDoctoApl]","","","False"
"IV_DoctoApl","IV_DoctoAplIF1","NONCLUSTERED","False","False","False","[Docto]","","","False"
"IV_DoctoAplUso","PK__IV_DoctoAplUso__0ABE5CC3","CLUSTERED","True","True","False","[SeqDoctoAplUso]","","","False"
"IV_DoctoAplUso","IV_DoctoAplUsoPK","NONCLUSTERED","False","True","False","[SeqDoctoAplUso]","","","False"
"IV_DoctoAplUso","IV_DoctoAplUsoIF1","NONCLUSTERED","False","False","False","[SeqDoctoApl]","","","False"
"IV_DoctoTipo","PK__IV_DoctoTipo__0BB280FC","CLUSTERED","True","True","False","[Docto]","","","False"
"IV_DoctoTipo","IV_DoctoTipoPK","NONCLUSTERED","False","True","False","[Docto]","","","False"
"IV_eMail","PK__IV_eMail__0CA6A535","CLUSTERED","True","True","False","[SeqEmail]","","","False"
"IV_eMail","IV_eMailPK","NONCLUSTERED","False","True","False","[SeqEmail]","","","False"
"IV_eMail","IV_eMailIF1","NONCLUSTERED","False","False","False","[SeqHistorico]","","","False"
"IV_eMail","IV_eMailIF2","NONCLUSTERED","False","False","False","[SeqPessoa]","","","False"
"IV_EMAILESTATISTICA","PK__IV_EMAIL__2AE5C942FDA2751A","CLUSTERED","True","True","False","[SEQEMAILESTATISTICA]","","","False"
"IV_EMAILESTATISTICA","IDX_IVEMAILESTATISTICA_0","NONCLUSTERED","False","False","False","[CONTEXTO]","","","False"
"IV_EMAILESTATISTICA","IDX_IVEMAILESTATISTICA_1","NONCLUSTERED","False","False","False","[CONTEXTO], [SUBCONTEXTO]","","","False"
"IV_EMAILESTATISTICA","IDX_IVEMAILESTATISTICA_2","NONCLUSTERED","False","False","False","[DTAENVIO]","","","False"
"IV_EMAILESTATISTICA","IDX_IVEMAILESTATISTICA_3","NONCLUSTERED","False","False","False","[LINKSTR]","","","False"
"IV_ESTRPRODUTO","PK__IV_ESTRP__6EF3AC1E6310D093","CLUSTERED","True","True","False","[SEQESTRPROD]","","","False"
"IV_Evento","PK__IV_Evento__0E8EEDA7","CLUSTERED","True","True","False","[SeqEvento]","","","False"
"IV_Evento","IV_EventoPK","NONCLUSTERED","False","True","False","[SeqEvento]","","","False"
"IV_Evento","IV_EventoAK1","NONCLUSTERED","False","True","False","[NroEmpresa], [Origem], [Evento]","","","False"
"IV_Evento","IV_EventoIE1","NONCLUSTERED","False","False","False","[ResultAtivo]","","","False"
"IV_EventoAcao","PK__IV_Event__E8B08E982DB60A6A","CLUSTERED","True","True","False","[SeqEventoAcao]","","","False"
"IV_EventoAcao","XPKIV_EventoAcao","NONCLUSTERED","False","True","False","[SeqEventoAcao]","","","False"
"IV_EventoAcao","XIF1IV_EventoAcao","NONCLUSTERED","False","False","False","[SeqEvento]","","","False"
"IV_EventoAcao","XIF2IV_EventoAcao","NONCLUSTERED","False","False","False","[ACAO]","","","False"
"IV_EventoAcao","XIF3IV_EventoAcao","NONCLUSTERED","False","False","False","[ResHaAndamento]","","","False"
"IV_EventoAcao","XIF4IV_EventoAcao","NONCLUSTERED","False","False","False","[ResNaoHaAndamento]","","","False"
"IV_FichaNegVeic","PK__IV_FichaNegVeic__0F8311E0","CLUSTERED","True","True","False","[Processo]","","","False"
"IV_FichaNegVeic","IV_FichaNegVeicPK","NONCLUSTERED","False","True","False","[Processo]","","","False"
"IV_FichaNegVeic","IV_FichaNegVeicIE1","NONCLUSTERED","False","False","False","[Filial], [PedVenda]","","","False"
"IV_FichaNegVeic","IV_FichaNegVeicIE2","NONCLUSTERED","False","False","False","[Filial], [Avaliacao]","","","False"
"IV_FichaNegVeic","IV_FichaNegVeicIE3","NONCLUSTERED","False","False","False","[SeqPlanoMelhor]","","","False"
"IV_FichaNegVeic","IV_FichaNegVeicIF1","NONCLUSTERED","False","False","False","[SeqFinanc]","","","False"
"IV_FoneCtrl","PK__IV_FoneCtrl__10773619","CLUSTERED","True","True","False","[FoneNro], [FoneDDD]","","","False"
"IV_FoneCtrl","IV_FoneCtrlPK","NONCLUSTERED","False","True","False","[FoneNro], [FoneDDD]","","","False"
"IV_FoneCtrlHst","PK__IV_FoneCtrlHst__116B5A52","CLUSTERED","True","True","False","[FoneNro], [FoneDDD], [SeqHst]","","","False"
"IV_FoneCtrlHst","IV_FoneCtrlHstPK","NONCLUSTERED","False","True","False","[FoneNro], [FoneDDD], [SeqHst]","","","False"
"IV_FoneCtrlHst","IV_FoneCtrlHstIF1","NONCLUSTERED","False","False","False","[FoneNro], [FoneDDD]","","","False"
"IV_Formulario","PK__IV_Formulario__39237A9A","CLUSTERED","True","True","False","[SeqFormulario]","","","False"
"IV_Formulario","IV_FormularioPK","NONCLUSTERED","False","True","False","[SeqFormulario]","","","False"
"IV_GlobalPar","PK__IV_GlobalPar__125F7E8B","CLUSTERED","True","True","False","[SeqPar]","","","False"
"IV_GlobalPar","IV_GlobalParPK","NONCLUSTERED","False","True","False","[SeqPar]","","","False"
"IV_GlobalPar","IV_GlobalParIF1","NONCLUSTERED","False","False","False","[SeqGlbPar]","","","False"
"IV_GlobalPar","IV_GLOBALPAR_IDX1","NONCLUSTERED","False","False","False","[SimNao1], [SeqGlbPar], [Campo1]","[SeqPar]","","False"
"IV_GlobalParCtrl","PK__IV_GlobalParCtrl__1353A2C4","CLUSTERED","True","True","False","[SeqGlbPar]","","","False"
"IV_GlobalParCtrl","IV_GlobalParCtrPK","NONCLUSTERED","False","True","False","[SeqGlbPar]","","","False"
"IV_GlobalParLista","PK__IV_GlobalParList__1447C6FD","CLUSTERED","True","True","False","[SeqGlbPar], [Campo], [SeqPropriLista]","","","False"
"IV_GlobalParLista","IV_GlobalParLisPK","NONCLUSTERED","False","True","False","[SeqGlbPar], [Campo], [SeqPropriLista]","","","False"
"IV_GlobalParLista","IV_GlobalParLisIF1","NONCLUSTERED","False","False","False","[SeqGlbPar]","","","False"
"IV_HistInfo","PK__IV_HistInfo__6A7188C2","CLUSTERED","True","True","False","[SeqHistorico]","","","False"
"IV_HistInfo","XIF1IV_HistInfo","NONCLUSTERED","False","True","False","[SeqHistorico]","","","False"
"IV_HistLink","PK__IV_HistLink__153BEB36","CLUSTERED","True","True","False","[SeqHistorico]","","","False"
"IV_HistLink","IV_HistLinkPK","NONCLUSTERED","False","True","False","[SeqHistorico]","","","False"
"IV_HistLink","IV_HistLinkIE1","NONCLUSTERED","False","False","False","[LinkSerie]","","","False"
"IV_HistLink","IV_HistLinkIE2","NONCLUSTERED","False","False","False","[LinkNro]","","","False"
"IV_Historico","PK__IV_Historico__16300F6F","CLUSTERED","True","True","False","[SeqHistorico]","","","False"
"IV_Historico","IV_HistoricoPK","NONCLUSTERED","False","True","False","[SeqHistorico]","","","False"
"IV_Historico","IV_HistoricoIE2","NONCLUSTERED","False","False","False","[DtaRealizacao]","","","False"
"IV_Historico","IV_HistoricoIE5","NONCLUSTERED","False","False","False","[AgendaOrigem]","","","False"
"IV_Historico","IV_HistoricoIE6","NONCLUSTERED","False","False","False","[Processo]","","","False"
"IV_Historico","IV_HistoricoIF1","NONCLUSTERED","False","False","False","[SeqPessoa]","","","False"
"IV_Historico","IV_HistoricoIF2","NONCLUSTERED","False","False","False","[Resultado]","","","False"
"IV_Historico","IV_HISTORICOIE7","NONCLUSTERED","False","False","False","[SeqPessoa], [DtaRealizacao]","","","False"
"IV_HistoricoNota","PK__IV_HistoricoNota__172433A8","CLUSTERED","True","True","False","[SeqHistorico]","","","False"
"IV_HistoricoNota","IV_HistoricoNotPK","NONCLUSTERED","False","True","False","[SeqHistorico]","","","False"
"IV_HISTORICOTAG","PK__IV_HISTO__BBA2F64BB6EF4044","CLUSTERED","True","True","False","[SEQHISTORICO], [TAG]","","","False"
"IV_HISTORICOTAG","IDX_IV_HISTORICO","NONCLUSTERED","False","False","False","[TAG]","","","False"
"IV_Interacao","PK__IV_Interacao__135E8FBC","CLUSTERED","True","True","False","[SeqHistorico]","","","False"
"IV_Interacao","XIE1IV_Interacao","NONCLUSTERED","False","False","False","[DtaAgenda]","","","False"
"IV_Interacao","XIF1IV_Interacao","NONCLUSTERED","False","True","False","[SeqHistorico]","","","False"
"IV_LEADFACEBOOK","PK__IV_LEADF__33741ABA26549B4D","CLUSTERED","True","True","False","[SEQLEADFACEBOOK]","","","False"
"IV_LEADFACEITEM","PK__IV_LEADF__ED6B74DA9F666308","CLUSTERED","True","True","False","[SEQLEADFACEBOOK], [SEQLEADITEM]","","","False"
"IV_ListSQL","PK__IV_ListSQL__181857E1","CLUSTERED","True","True","False","[Tipo], [SeqMain], [SeqSub]","","","False"
"IV_ListSQL","IV_ListSQLPK","NONCLUSTERED","False","True","False","[Tipo], [SeqMain], [SeqSub]","","","False"
"IV_Motivo","PK__IV_Motivo__190C7C1A","CLUSTERED","True","True","False","[Motivo]","","","False"
"IV_Motivo","IV_MotivoPK","NONCLUSTERED","False","True","False","[Motivo]","","","False"
"IV_ObjFlow","PK__IV_ObjFl__B2AEFB8BAB419CF8","CLUSTERED","True","True","False","[CodModelo], [ModoSimples], [TipoObj], [ChaveObj]","","","False"
"IV_ObjFlow","XPKIV_ObjFlow","NONCLUSTERED","False","True","False","[CodModelo], [ModoSimples], [TipoObj], [ChaveObj]","","","False"
"IV_ObjVenda","PK__IV_ObjVenda__1A00A053","CLUSTERED","True","True","False","[SeqObjVenda]","","","False"
"IV_ObjVenda","IV_ObjVendaPK","NONCLUSTERED","False","True","False","[SeqObjVenda]","","","False"
"IV_ObjVenda","IV_ObjVendaIE1","NONCLUSTERED","False","False","False","[SeqUsuario], [Familia], [DtaReferencia]","","","False"
"IV_OcrmAgd","PK_IV_OcrmAgd","CLUSTERED","True","True","False","[SeqOcrmAgd]","","","False"
"IV_OcrmDest","PK_IV_OcrmDest","CLUSTERED","True","True","False","[SeqOcrmDest]","","","False"
"IV_OpBloq","PK__IV_OpBloq__1AF4C48C","CLUSTERED","True","True","False","[SeqUsuario], [DtaInicial]","","","False"
"IV_OpBloq","IV_OpBloqPK","NONCLUSTERED","False","True","False","[SeqUsuario], [DtaInicial]","","","False"
"IV_OpBloq","IV_OpBloqIF1","NONCLUSTERED","False","False","False","[SeqUsuario]","","","False"
"IV_Operador","PK__IV_Operador__1BE8E8C5","CLUSTERED","True","True","False","[SeqUsuario]","","","False"
"IV_Operador","IV_OperadorPK","NONCLUSTERED","False","True","False","[SeqUsuario]","","","False"
"IV_OPTEMAIL","PK__IV_OPTEM__49FE5E1E86897F66","CLUSTERED","True","True","False","[SEQCONTEUDO], [EMAIL]","","","False"
"IV_OPTEMAIL","XIF2IV_OPTEMAIL","NONCLUSTERED","False","False","False","[SEQCONTEUDO]","","","False"
"IV_OPTEMAIL","IDX_IV_OPTEMAIL","NONCLUSTERED","False","False","False","[EMAIL]","","","False"
"IV_OPTEMAIL","IDX_IV_OPTEMAIL01","NONCLUSTERED","False","False","False","[EMAIL], [OUTIN]","","","False"
"IV_OPTFONE","PK__IV_OPTFO__C4D3B2D12729D2AB","CLUSTERED","True","True","False","[SEQCONTEUDO], [FONENUMERO]","","","False"
"IV_OPTFONE","XIF1IV_OPTFONE","NONCLUSTERED","False","False","False","[SEQCONTEUDO]","","","False"
"IV_OPTFONE","IDX_IV_OPTFONE","NONCLUSTERED","False","False","False","[FONENUMERO]","","","False"
"IV_OPTFONE","IDX_IV_OPTFONE_02","NONCLUSTERED","False","False","False","[SEQCONTEUDO], [OUTIN], [FONENUMERO]","","","False"
"IV_OS","PK__IV_OS__C83207F528A23F61","CLUSTERED","True","True","False","[SEQOS]","","","False"
"IV_OS","IDX_IV_OS","NONCLUSTERED","False","False","False","[SEQPROJETO]","","","False"
"IV_OS","IDX_IV_OS_0","NONCLUSTERED","False","False","False","[SEQPESSOA]","","","False"
"IV_PAREVTEXTRES","PK__IV_PAREV__447A2B4B2363CA50","CLUSTERED","True","True","False","[SEQPAREVTRES]","","","False"
"IV_PAREVTEXTRES","XIF1IV_PAREVTEXTRES","NONCLUSTERED","False","False","False","[RESULTADO]","","","False"
"IV_Pcte","PK__IV_Pcte__1DD13137","CLUSTERED","True","True","False","[NroPcte]","","","False"
"IV_Pcte","IV_PctePK","NONCLUSTERED","False","True","False","[NroPcte]","","","False"
"IV_Pcte","IV_PcteAK1","NONCLUSTERED","False","True","False","[Pcte]","","","False"
"IV_PcteAtrFx","PK__IV_PcteAtrFx__1EC55570","CLUSTERED","True","True","False","[Pcte], [Atributo], [Lista]","","","False"
"IV_PcteAtrFx","IV_PcteAtrFxPK","NONCLUSTERED","False","True","False","[Pcte], [Atributo], [Lista]","","","False"
"IV_PcteAtrFx","IV_PcteAtrFxIF1","NONCLUSTERED","False","False","False","[Atributo], [Lista]","","","False"
"IV_Pessoa","PK__IV_Pessoa__1FB979A9","CLUSTERED","True","True","False","[SeqPessoa]","","","False"
"IV_Pessoa","IV_PessoaPK","NONCLUSTERED","False","True","False","[SeqPessoa]","","","False"
"IV_Pessoa","IV_PessoaAK1","NONCLUSTERED","False","True","False","[NomeReduzido]","","","False"
"IV_PessoaStat","PK__IV_PessoaStat__697D6489","CLUSTERED","True","True","False","[SeqPessoa]","","","False"
"IV_PessoaStat","XIF1IV_PessoaStat","NONCLUSTERED","False","True","False","[SeqPessoa]","","","False"
"IV_PlanoAtiv","PK__IV_PlanoAtiv__21A1C21B","CLUSTERED","True","True","False","[SeqPlanoAtiv]","","","False"
"IV_PlanoAtiv","IV_PlanoAtivPK","NONCLUSTERED","False","True","False","[SeqPlanoAtiv]","","","False"
"IV_PlanoAtiv","IV_PlanoAtivAK1","NONCLUSTERED","False","True","False","[Tipo], [Nro], [Cod]","","","False"
"IV_ProcAcao","PK__IV_ProcAcao__238A0A8D","CLUSTERED","True","True","False","[CodProcesso], [Acao]","","","False"
"IV_ProcAcao","IV_ProcAcaoPK","NONCLUSTERED","False","True","False","[CodProcesso], [Acao]","","","False"
"IV_ProcAcao","IV_ProcAcaoIF1","NONCLUSTERED","False","False","False","[Acao]","","","False"
"IV_ProcAcao","IV_ProcAcaoIF2","NONCLUSTERED","False","False","False","[CodProcesso]","","","False"
"IV_ProcAtiv","PK__IV_ProcAtiv__247E2EC6","CLUSTERED","True","True","False","[Processo]","","","False"
"IV_ProcAtiv","IV_ProcAtivPK","NONCLUSTERED","False","True","False","[Processo]","","","False"
"IV_ProcComent","PK__IV_ProcComent__257252FF","CLUSTERED","True","True","False","[Processo], [SeqProcComent]","","","False"
"IV_ProcComent","IV_ProcComentPK","NONCLUSTERED","False","True","False","[Processo], [SeqProcComent]","","","False"
"IV_ProcComent","IV_ProcComentIF1","NONCLUSTERED","False","False","False","[Processo]","","","False"
"IV_ProcDado","PK__IV_ProcDado__26667738","CLUSTERED","True","True","False","[Processo]","","","False"
"IV_ProcDado","IV_ProcDadoPK","NONCLUSTERED","False","True","False","[Processo]","","","False"
"IV_ProcDado","IV_ProcDadoIE1","NONCLUSTERED","False","False","False","[ProcessoPai]","","","False"
"IV_ProcDado","IV_ProcDadoIE2","NONCLUSTERED","False","False","False","[ProcessoDNA]","","","False"
"IV_ProcDado","IV_ProcDadoIE3","NONCLUSTERED","False","False","False","[HistoricoOrigem]","","","False"
"IV_ProcDado","IV_ProcDadoIE4","NONCLUSTERED","False","False","False","[UltHistorico]","","","False"
"IV_ProcDado","IV_ProcDadoIE5","NONCLUSTERED","False","False","False","[SeqPessoa]","","","False"
"IV_ProcDado","IV_ProcDadoIF1","NONCLUSTERED","False","False","False","[SeqDepto]","","","False"
"IV_ProcDocto","PK__IV_ProcDocto__275A9B71","CLUSTERED","True","True","False","[Processo], [SeqDocto]","","","False"
"IV_ProcDocto","IV_ProcDoctoPK","NONCLUSTERED","False","True","False","[Processo], [SeqDocto]","","","False"
"IV_ProcDocto","IV_ProcDoctoIF2","NONCLUSTERED","False","False","False","[Processo]","","","False"
"IV_ProcDocto","IV_ProcDoctoIF3","NONCLUSTERED","False","False","False","[SeqDocto]","","","False"
"IV_Processo","PK__IV_Processo__284EBFAA","CLUSTERED","True","True","False","[Processo]","","","False"
"IV_Processo","IV_ProcessoPK","NONCLUSTERED","False","True","False","[Processo]","","","False"
"IV_Processo","IV_ProcessoIE3","NONCLUSTERED","False","False","False","[DtaFase]","","","False"
"IV_Processo","IV_ProcessoIE4","NONCLUSTERED","False","False","False","[DtaStatus]","","","False"
"IV_Processo","IV_ProcessoIE5","NONCLUSTERED","False","False","False","[DtaRealizacao]","","","False"
"IV_ProcFase","PK__IV_ProcFase__2942E3E3","CLUSTERED","True","True","False","[CodProcesso], [Fase]","","","False"
"IV_ProcFase","IV_ProcFasePK","NONCLUSTERED","False","True","False","[CodProcesso], [Fase]","","","False"
"IV_ProcFase","IV_ProcFaseIF1","NONCLUSTERED","False","False","False","[CodProcesso]","","","False"
"IV_ProcFaseMonit","PK__IV_ProcF__318467F5627E6ACC","CLUSTERED","True","True","False","[Processo], [SeqFase]","","","False"
"IV_ProcFaseMonit","IV_PROCFASEMONIIF1","NONCLUSTERED","False","False","False","[Processo]","","","False"
"IV_ProcFaseMonit","XIE1IV_ProcFaseMonit","NONCLUSTERED","False","False","False","[Processo], [FASE]","","","False"
"IV_ProcLink","PK__IV_ProcL__DF64D5AE6076202E","CLUSTERED","True","True","False","[SEQPROCLINK]","","","False"
"IV_ProcLink","IV_PROCLINK_IDX3","NONCLUSTERED","False","False","False","[LinkDocto], [Processo]","","","False"
"IV_ProcLink","IV_ProcLinkIE1","NONCLUSTERED","False","False","False","[LinkSerie]","","","False"
"IV_ProcLink","IV_ProcLinkIE2","NONCLUSTERED","False","False","False","[LinkNro]","","","False"
"IV_ProcLink","IV_PROCLINKIE1x","NONCLUSTERED","False","False","False","[LinkSerie]","","","False"
"IV_ProcLink","IV_PROCLINKIE2x","NONCLUSTERED","False","False","False","[LinkNro]","","","False"
"IV_ProcLink","XIF1IV_ProcLinkx","NONCLUSTERED","False","False","False","[Processo]","","","False"
"IV_ProcPersp","PK__IV_ProcPersp__2C1F508E","CLUSTERED","True","True","False","[CodProcesso], [PerspOrdem]","","","False"
"IV_ProcPersp","IV_ProcPerspPK","NONCLUSTERED","False","True","False","[CodProcesso], [PerspOrdem]","","","False"
"IV_ProcPersp","IV_ProcPerspIF1","NONCLUSTERED","False","False","False","[CodProcesso]","","","False"
"IV_ProcPerspMonit","PK__IV_ProcPerspMoni__2D1374C7","CLUSTERED","True","True","False","[Processo], [DtaMonit]","","","False"
"IV_ProcPerspMonit","IV_ProcPerspMonPK","NONCLUSTERED","False","True","False","[Processo], [DtaMonit]","","","False"
"IV_ProcPerspMonit","IV_ProcPerspMonIF1","NONCLUSTERED","False","False","False","[Processo]","","","False"
"IV_PROCPESLINK","PK__IV_PROCP__5FF079A979EB57B0","CLUSTERED","True","True","False","[PROCESSO], [SEQPESSOALINK]","","","False"
"IV_ProcProduto","PK__IV_ProcProduto__2EFBBD39","CLUSTERED","True","True","False","[Processo], [SeqProcProduto]","","","False"
"IV_ProcProduto","IV_ProcProdutoPK","NONCLUSTERED","False","True","False","[Processo], [SeqProcProduto]","","","False"
"IV_ProcProjeto","PK__IV_ProcProjeto__36F1E4BC","CLUSTERED","True","True","False","[Processo], [SeqProjeto]","","","False"
"IV_ProcProjeto","IV_PROCPROJETOIF1","NONCLUSTERED","False","False","False","[Processo]","","","False"
"IV_ProcProjeto","IV_PROCPROJETOIF2","NONCLUSTERED","False","False","False","[SeqProjeto]","","","False"
"IV_ProcRef","PK__IV_ProcRef__2FEFE172","CLUSTERED","True","True","False","[Processo], [Tipo], [Referencia]","","","False"
"IV_ProcRef","IV_ProcRefPK","NONCLUSTERED","False","True","False","[Processo], [Tipo], [Referencia]","","","False"
"IV_ProcRef","IV_ProcRefIE1","NONCLUSTERED","False","False","False","[Tipo], [Referencia]","","","False"
"IV_ProcRef","IV_ProcRefIF1","NONCLUSTERED","False","False","False","[Processo]","","","False"
"IV_ProcRelacao","PK__IV_ProcRelacao__30E405AB","CLUSTERED","True","True","False","[ProcBase], [Processo], [SeqTpRel]","","","False"
"IV_ProcRelacao","IV_ProcRelacaoPK","NONCLUSTERED","False","True","False","[ProcBase], [Processo], [SeqTpRel]","","","False"
"IV_ProcRelacao","IV_ProcRelacaoIF1","NONCLUSTERED","False","False","False","[SeqTpRel]","","","False"
"IV_ProcRelacao","IV_ProcRelacaoIF2","NONCLUSTERED","False","False","False","[Processo]","","","False"
"IV_ProcRelacao","IV_ProcRelacaoIF3","NONCLUSTERED","False","False","False","[ProcBase]","","","False"
"IV_ProcResultado","PK__IV_ProcResultado__31D829E4","CLUSTERED","True","True","False","[CodProcesso], [Resultado]","","","False"
"IV_ProcResultado","IV_ProcResultadPK","NONCLUSTERED","False","True","False","[CodProcesso], [Resultado]","","","False"
"IV_ProcResultado","IV_ProcResultadIF1","NONCLUSTERED","False","False","False","[CodProcesso], [Fase]","","","False"
"IV_ProcResultado","IV_ProcResultadIF2","NONCLUSTERED","False","False","False","[Resultado]","","","False"
"IV_ProcResultado","IV_ProcResultadIF3","NONCLUSTERED","False","False","False","[CodProcesso]","","","False"
"IV_ProcSt","PK__IV_ProcSt__32CC4E1D","CLUSTERED","True","True","False","[CodProcesso], [Status]","","","False"
"IV_ProcSt","IV_ProcStPK","NONCLUSTERED","False","True","False","[CodProcesso], [Status]","","","False"
"IV_ProcSt","IV_ProcStIF1","NONCLUSTERED","False","False","False","[CodProcesso]","","","False"
"IV_ProcStatMonit","PK__IV_ProcStatMonit__33C07256","CLUSTERED","True","True","False","[Processo], [DtaMonit]","","","False"
"IV_ProcStatMonit","IV_ProcStatMoniPK","NONCLUSTERED","False","True","False","[Processo], [DtaMonit]","","","False"
"IV_ProcStatMonit","IV_ProcStatMoniIF1","NONCLUSTERED","False","False","False","[Processo]","","","False"
"IV_PROCTAG","PK__IV_PROCT__747141519E2D82F4","CLUSTERED","True","True","False","[PROCESSO], [TAG]","","","False"
"IV_PROCTAG","IDX_IV_PROCTAG","NONCLUSTERED","False","False","False","[TAG]","","","False"
"IV_ProcTpRel","PK__IV_ProcTpRel__34B4968F","CLUSTERED","True","True","False","[SeqTpRel]","","","False"
"IV_ProcTpRel","IV_ProcTpRelPK","NONCLUSTERED","False","True","False","[SeqTpRel]","","","False"
"IV_ProcVinc","PK__IV_ProcVinc__35A8BAC8","CLUSTERED","True","True","False","[CodProcesso], [SeqVinc]","","","False"
"IV_ProcVinc","IV_ProcVincPK","NONCLUSTERED","False","True","False","[CodProcesso], [SeqVinc]","","","False"
"IV_ProcVinc","IV_ProcVincIF1","NONCLUSTERED","False","False","False","[CodProcesso]","","","False"
"IV_Produto","PK__IV_Produto__369CDF01","CLUSTERED","True","True","False","[SeqProduto]","","","False"
"IV_Produto","IV_ProdutoPK","NONCLUSTERED","False","True","False","[SeqProduto]","","","False"
"IV_Produto","IV_ProdutoAK1","NONCLUSTERED","False","True","False","[CodProduto]","","","False"
"IV_Produto","IV_ProdutoIE1","NONCLUSTERED","False","False","False","[Descricao]","","","False"
"IV_Produto","IV_ProdutoIE2","NONCLUSTERED","False","False","False","[CodProdutoFora]","","","False"
"IV_ProjColec","PK__IV_ProjColec__3791033A","CLUSTERED","True","True","False","[SeqProjColec]","","","False"
"IV_ProjColec","IV_ProjColecPK","NONCLUSTERED","False","True","False","[SeqProjColec]","","","False"
"IV_ProjDocto","PK__IV_ProjD__5308B8129D3248AE","CLUSTERED","True","True","False","[SeqProjeto], [SeqDocto]","","","False"
"IV_ProjDocto","XIF1IV_ProjDocto","NONCLUSTERED","False","False","False","[SeqProjeto]","","","False"
"IV_ProjDocto","XIF2IV_ProjDocto","NONCLUSTERED","False","False","False","[SeqDocto]","","","False"
"IV_ProjEquipe","PK__IV_ProjEquipe__38852773","CLUSTERED","True","True","False","[SeqProjeto], [SeqUsuario]","","","False"
"IV_ProjEquipe","IV_ProjEquipePK","NONCLUSTERED","False","True","False","[SeqProjeto], [SeqUsuario]","","","False"
"IV_ProjEquipe","IV_ProjEquipeIF1","NONCLUSTERED","False","False","False","[SeqUsuario]","","","False"
"IV_ProjEquipe","IV_ProjEquipeIF2","NONCLUSTERED","False","False","False","[SeqProjeto]","","","False"
"IV_Projeto","PK__IV_Projeto__39794BAC","CLUSTERED","True","True","False","[SeqProjeto]","","","False"
"IV_Projeto","IV_ProjetoPK","NONCLUSTERED","False","True","False","[SeqProjeto]","","","False"
"IV_Projeto","IV_ProjetoIF1","NONCLUSTERED","False","False","False","[SeqProjColec]","","","False"
"IV_ProjPessoa","PK__IV_ProjPessoa__3A6D6FE5","CLUSTERED","True","True","False","[SeqPessoa], [SeqProjeto]","","","False"
"IV_ProjPessoa","IV_ProjPessoaPK","NONCLUSTERED","False","True","False","[SeqPessoa], [SeqProjeto]","","","False"
"IV_ProjPessoa","IV_ProjPessoaIF1","NONCLUSTERED","False","False","False","[SeqProjeto]","","","False"
"IV_ProjPessoa","IV_ProjPessoaIF2","NONCLUSTERED","False","False","False","[SeqPessoa]","","","False"
"IV_Propriedade","PK__IV_Propriedade__3B61941E","CLUSTERED","True","True","False","[SeqPropriedade]","","","False"
"IV_Propriedade","IV_PropriedadePK","NONCLUSTERED","False","True","False","[SeqPropriedade]","","","False"
"IV_Propriedade","IV_PropriedadeAK1","NONCLUSTERED","False","True","False","[Propriedade]","","","False"
"IV_PropriLista","PK__IV_PropriLista__3C55B857","CLUSTERED","True","True","False","[SeqPropriedade], [Campo], [SeqPropriLista]","","","False"
"IV_PropriLista","IV_PropriListaPK","NONCLUSTERED","False","True","False","[SeqPropriedade], [Campo], [SeqPropriLista]","","","False"
"IV_PropriLista","IV_PropriListaIF1","NONCLUSTERED","False","False","False","[SeqPropriedade]","","","False"
"IV_PropriListaLk","PK__IV_PropriListaLk__3D49DC90","CLUSTERED","True","True","False","[SeqPropriedade], [Campo], [SeqPropriLista], [SeqPropListaLk]","","","False"
"IV_PropriListaLk","IV_PropriListaLPK","NONCLUSTERED","False","True","False","[SeqPropriedade], [Campo], [SeqPropriLista], [SeqPropListaLk]","","","False"
"IV_PropriListaLk","IV_PropriListaLIE1","NONCLUSTERED","False","False","False","[SeqPropriedade], [Campo], [Similar]","","","False"
"IV_PropriListaLk","IV_PropriListaLIF1","NONCLUSTERED","False","False","False","[SeqPropriedade], [Campo], [SeqPropriLista]","","","False"
"IV_PUSH","PK__IV_PUSH__6928302B9978D833","CLUSTERED","True","True","False","[SEQPUSH]","","","False"
"IV_PUSH","IDX_IV_PUSH_02","NONCLUSTERED","False","False","False","[SEQHISTORICO]","","","False"
"IV_PUSH","IDX_IV_PUSH_03","NONCLUSTERED","False","False","False","[SEQPESSOA]","","","False"
"IV_PUSH","IDX_IV_PUSH_01","NONCLUSTERED","False","False","False","[STATUS]","","","False"
"IV_PUSH","IDX_IV_PUSH_04","NONCLUSTERED","False","False","False","[PROCESSO]","","","False"
"IV_Q_ABERTURA_OS_REVISAO","PK__IV_Q_ABE__7484C68CDD6E13FE","NONCLUSTERED","True","True","False","[SEQQUESTIONARIO]","","","False"
"IV_Q_ACOMP_VEND_MAQUINAS","PK__IV_Q_ACO__7484C68C5C8F3886","NONCLUSTERED","True","True","False","[SEQQUESTIONARIO]","","","False"
"IV_Q_ACOMP_VENDA_DIRETA","PK__IV_Q_ACOMP_VENDA__5FA9E18C","NONCLUSTERED","True","True","False","[SEQQUESTIONARIO]","","","False"
"IV_Q_ACOMP_VENDA_DIRETAJD","PK__IV_Q_ACO__7484C68C8DC3FA9F","NONCLUSTERED","True","True","False","[SEQQUESTIONARIO]","","","False"
"IV_Q_ACOMP_VENDA_FINANC","PK__IV_Q_ACO__7484C68CDE4E2645","NONCLUSTERED","True","True","False","[SEQQUESTIONARIO]","","","False"
"IV_Q_ACOMP_VENDA_LOCACAO","PK__IV_Q_ACO__7484C68C71293718","NONCLUSTERED","True","True","False","[SEQQUESTIONARIO]","","","False"
"IV_Q_ACOMP_VENDA_MANITOU","PK__IV_Q_ACO__7484C68C99FC29B0","NONCLUSTERED","True","True","False","[SEQQUESTIONARIO]","","","False"
"IV_Q_ACOMP_VENDA_USADO","PK__IV_Q_ACO__7484C68CFDE148D1","NONCLUSTERED","True","True","False","[SEQQUESTIONARIO]","","","False"
"IV_Q_ACOMPAN_COMPRA_JDE","PK__IV_Q_ACOMPAN_COM__18F76D81","NONCLUSTERED","True","True","False","[SEQQUESTIONARIO]","","","False"
"IV_Q_ACOMPAN_VEND_CONCESS","PK__IV_Q_ACO__7484C68CEBC40BD3","NONCLUSTERED","True","True","False","[SEQQUESTIONARIO]","","","False"
"IV_Q_ACOMPANH_VENDA_JDE","PK__IV_Q_ACOMPANH_VE__3C40A9BE","NONCLUSTERED","True","True","False","[SEQQUESTIONARIO]","","","False"
"IV_Q_ACOMPANHA_COMPRA_IMP","PK__IV_Q_ACOMPANHA_C__41C478EA","NONCLUSTERED","True","True","False","[SEQQUESTIONARIO]","","","False"
"IV_Q_ACOMPANHAM_VENDA_IMP","PK__IV_Q_ACOMPANHAM___5C6D822E","NONCLUSTERED","True","True","False","[SEQQUESTIONARIO]","","","False"
"IV_Q_ACOMPANHAMENTO_VENDA","PK__IV_Q_ACOMPANHAME__7953D99F","NONCLUSTERED","True","True","False","[SEQQUESTIONARIO]","","","False"
"IV_Q_ADM_FINANCEIRO","PK__IV_Q_ADM__7484C68C84BA3103","NONCLUSTERED","True","True","False","[SEQQUESTIONARIO]","","","False"
"IV_Q_AFE_VENDA_MQ_IM_USAD","PK__IV_Q_AFE_VENDA_M__4E89772B","NONCLUSTERED","True","True","False","[SEQQUESTIONARIO]","","","False"
"IV_Q_AFERICAO_CSC","PK__IV_Q_AFE__7484C68C8AFD2C81","NONCLUSTERED","True","True","False","[SEQQUESTIONARIO]","","","False"
"IV_Q_AFERICAO_DE_PECAS","PK__IV_Q_AFE__7484C68C5D398166","NONCLUSTERED","True","True","False","[SEQQUESTIONARIO]","","","False"
"IV_Q_AFERICAO_IMPLEMENTO","PK__IV_Q_AFE__7484C68CEA35B86D","NONCLUSTERED","True","True","False","[SEQQUESTIONARIO]","","","False"
"IV_Q_AFERICAO_MAQ_1_CONT","PK__IV_Q_AFE__7484C68C28A09B5A","NONCLUSTERED","True","True","False","[SEQQUESTIONARIO]","","","False"
"IV_Q_AFERICAO_MAQ_1_WEB","PK__IV_Q_AFE__7484C68C7DE1275E","NONCLUSTERED","True","True","False","[SEQQUESTIONARIO]","","","False"
"IV_Q_AFERICAO_MAQ_2_CONT","PK__IV_Q_AFE__7484C68C578C6B12","NONCLUSTERED","True","True","False","[SEQQUESTIONARIO]","","","False"
"IV_Q_AFERICAO_MAQ_2_WEB","PK__IV_Q_AFE__7484C68C79D5A2E0","NONCLUSTERED","True","True","False","[SEQQUESTIONARIO]","","","False"
"IV_Q_AFERICAO_MAQ_3_CONT","PK__IV_Q_AFE__7484C68C6F2431B8","NONCLUSTERED","True","True","False","[SEQQUESTIONARIO]","","","False"
"IV_Q_AFERICAO_MAQ_3_WEB","PK__IV_Q_AFE__7484C68CD3F5037C","NONCLUSTERED","True","True","False","[SEQQUESTIONARIO]","","","False"
"IV_Q_AFERICAO_PECAS","PK__IV_Q_AFERICAO_PE__66CB1510","NONCLUSTERED","True","True","False","[SEQQUESTIONARIO]","","","False"
"IV_Q_AFERICAO_POS_SOLUCAO","PK__IV_Q_AFERICAO_PO__0737E4A2","NONCLUSTERED","True","True","False","[SEQQUESTIONARIO]","","","False"
"IV_Q_AFERICAO_SERV_WEB","PK__IV_Q_AFE__7484C68C3A144200","NONCLUSTERED","True","True","False","[SEQQUESTIONARIO]","","","False"
"IV_Q_AFERICAO_SERVICOS","PK__IV_Q_AFERICAO_SE__5B596264","NONCLUSTERED","True","True","False","[SEQQUESTIONARIO]","","","False"
"IV_Q_AFERICAO_SUPORTE_INT","PK__IV_Q_AFE__7484C68CE7B925E5","NONCLUSTERED","True","True","False","[SEQQUESTIONARIO]","","","False"
"IV_Q_AFERICAO_VENDA_MAQ","PK__IV_Q_AFE__7484C68C18465410","NONCLUSTERED","True","True","False","[SEQQUESTIONARIO]","","","False"
"IV_Q_AFERICAO_VENDA_MQ_IM","PK__IV_Q_AFERICAO_VE__723CC7BC","NONCLUSTERED","True","True","False","[SEQQUESTIONARIO]","","","False"
"IV_Q_AGUARDAR_PECAS","PK__IV_Q_AGU__7484C68C173E1A2A","NONCLUSTERED","True","True","False","[SEQQUESTIONARIO]","","","False"
"IV_Q_ALTERADO_PAGAMENTO","PK__IV_Q_ALT__7484C68C62FE1B79","NONCLUSTERED","True","True","False","[SEQQUESTIONARIO]","","","False"
"IV_Q_APRESENT_EQUIPAMENTO","PK__IV_Q_APRESENT_EQ__1CC7FE65","NONCLUSTERED","True","True","False","[SEQQUESTIONARIO]","","","False"
"IV_Q_APRESENT_IMPLEMENTO","PK__IV_Q_APRESENT_IM__02932B16","NONCLUSTERED","True","True","False","[SEQQUESTIONARIO]","","","False"
"IV_Q_APRESENTACAO","PK__IV_Q_APRESENTACA__292DD54A","NONCLUSTERED","True","True","False","[SEQQUESTIONARIO]","","","False"
"IV_Q_APRESENTACAO_JDE","PK__IV_Q_APRESENTACA__4F2895A9","NONCLUSTERED","True","True","False","[SEQQUESTIONARIO]","","","False"
"IV_Q_APROVACAO_TCSM","PK__IV_Q_APR__7484C68C5ABE00E1","NONCLUSTERED","True","True","False","[SEQQUESTIONARIO]","","","False"
"IV_Q_ATUALIZACAO_PUK","PK__IV_Q_ATU__7484C68C9488C9B3","NONCLUSTERED","True","True","False","[SEQQUESTIONARIO]","","","False"
"IV_Q_AVAL_COLH_CANA_USADA","PK__IV_Q_AVAL_COLH_C__2A170C8B","NONCLUSTERED","True","True","False","[SEQQUESTIONARIO]","","","False"
"IV_Q_AVAL_TRATORES_USADOS","PK__IV_Q_AVAL_TRATOR__2275EAC3","NONCLUSTERED","True","True","False","[SEQQUESTIONARIO]","","","False"
"IV_Q_AVAL_USADO_ENTRADA","PK__IV_Q_AVA__7484C68CAEF1DC4D","NONCLUSTERED","True","True","False","[SEQQUESTIONARIO]","","","False"
"IV_Q_AVALIA_COLHEIT_USADA","PK__IV_Q_AVALIA_COLH__26467BA7","NONCLUSTERED","True","True","False","[SEQQUESTIONARIO]","","","False"
"IV_Q_AVALIA_IMPLEM_USADO","PK__IV_Q_AVA__7484C68C1AC092C9","NONCLUSTERED","True","True","False","[SEQQUESTIONARIO]","","","False"
"IV_Q_AVALIA_USADO_ENTRADA","PK__IV_Q_AVALIA_USAD__656CDC83","NONCLUSTERED","True","True","False","[SEQQUESTIONARIO]","","","False"
"IV_Q_AVALIACAO_AMS_USADO","PK__IV_Q_AVA__7484C68C3EC8C808","NONCLUSTERED","True","True","False","[SEQQUESTIONARIO]","","","False"
"IV_Q_CADASTROS_LISTAS","PK__IV_Q_CADASTROS_L__00F4FB67","NONCLUSTERED","True","True","False","[SEQQUESTIONARIO]","","","False"
"IV_Q_CANCEL_RENOVACAO_SEG","PK__IV_Q_CAN__7484C68CB11CA168","NONCLUSTERED","True","True","False","[SEQQUESTIONARIO]","","","False"
"IV_Q_CANCELAMENTO_SEGURO","PK__IV_Q_CAN__7484C68C37302ACA","NONCLUSTERED","True","True","False","[SEQQUESTIONARIO]","","","False"
"IV_Q_CANHOTO_DIGITAL","PK__IV_Q_CAN__7484C68C95BD098A","NONCLUSTERED","True","True","False","[SEQQUESTIONARIO]","","","False"
"IV_Q_CHASSI_ENTREGA_FISIC","PK__IV_Q_CHA__7484C68CEAD9926A","NONCLUSTERED","True","True","False","[SEQQUESTIONARIO]","","","False"
"IV_Q_CHASSI_EQUIPAMENTO","PK__IV_Q_CHA__7484C68C8546023A","NONCLUSTERED","True","True","False","[SEQQUESTIONARIO]","","","False"
"IV_Q_CHASSI_PMP","PK__IV_Q_CHA__7484C68CDEAAA16D","NONCLUSTERED","True","True","False","[SEQQUESTIONARIO]","","","False"
"IV_Q_CHEGADA_IMPLEMENTO","PK__IV_Q_CHEGADA_IMP__2C8964E2","NONCLUSTERED","True","True","False","[SEQQUESTIONARIO]","","","False"
"IV_Q_COM_INTERESSE_FUTURO","PK__IV_Q_COM__7484C68C917BC6FF","NONCLUSTERED","True","True","False","[SEQQUESTIONARIO]","","","False"
"IV_Q_COMISSAO","PK__IV_Q_COMISSAO__2EB1A476","NONCLUSTERED","True","True","False","[SEQQUESTIONARIO]","","","False"
"IV_Q_COMISSAO_AMS","PK__IV_Q_COM__7484C68CFA423269","NONCLUSTERED","True","True","False","[SEQQUESTIONARIO]","","","False"
"IV_Q_COMISSAO_CONTACHAVE","PK__IV_Q_COM__7484C68C2E3F6B41","NONCLUSTERED","True","True","False","[SEQQUESTIONARIO]","","","False"
"IV_Q_COMISSAO_SERV_AMS","PK__IV_Q_COM__7484C68C15584266","NONCLUSTERED","True","True","False","[SEQQUESTIONARIO]","","","False"
"IV_Q_COMISSAO_USADO","PK__IV_Q_COM__7484C68CFDF57907","NONCLUSTERED","True","True","False","[SEQQUESTIONARIO]","","","False"
"IV_Q_COMISSAO_VD_LOCACAO","PK__IV_Q_COM__7484C68C9984F8C7","NONCLUSTERED","True","True","False","[SEQQUESTIONARIO]","","","False"
"IV_Q_COMPETID_NEGOC_IMPL","PK__IV_Q_COMPETID_NE__7AF2094E","NONCLUSTERED","True","True","False","[SEQQUESTIONARIO]","","","False"
"IV_Q_COMPETIDORES_NA_NEG","PK__IV_Q_COMPETIDORE__218CB382","NONCLUSTERED","True","True","False","[SEQQUESTIONARIO]","","","False"
"IV_Q_COMPETIDORES_NA_NEGO","PK__IV_Q_COMPETIDORE__758348BB","NONCLUSTERED","True","True","False","[SEQQUESTIONARIO]","","","False"
"IV_Q_CONDICOES_DE_VENDAS","PK__IV_Q_CON__7484C68C9514B28B","NONCLUSTERED","True","True","False","[SEQQUESTIONARIO]","","","False"
"IV_Q_CONT_COMISSAO_22","PK__IV_Q_CON__7484C68C7E231B2A","NONCLUSTERED","True","True","False","[SEQQUESTIONARIO]","","","False"
"IV_Q_COTA_CONSORCIO","PK__IV_Q_COT__7484C68C55368A7F","NONCLUSTERED","True","True","False","[SEQQUESTIONARIO]","","","False"
"IV_Q_DEMO_EQUIP_JD","PK__IV_Q_DEM__7484C68CB585539E","NONCLUSTERED","True","True","False","[SEQQUESTIONARIO]","","","False"
"IV_Q_DEMO_IMPLEMENTO","PK__IV_Q_DEMO_IMPLEM__7949B7FE","NONCLUSTERED","True","True","False","[SEQQUESTIONARIO]","","","False"
"IV_Q_DEMO_MAQUINAS","PK__IV_Q_DEM__7484C68C97DE9164","NONCLUSTERED","True","True","False","[SEQQUESTIONARIO]","","","False"
"IV_Q_DEMO_TRATOR","PK__IV_Q_DEMO_TRATOR__255D4466","NONCLUSTERED","True","True","False","[SEQQUESTIONARIO]","","","False"
"IV_Q_DEMONSTR_COLHEITAD","PK__IV_Q_DEMONSTR_CO__5DCBBABB","NONCLUSTERED","True","True","False","[SEQQUESTIONARIO]","","","False"
"IV_Q_DEMONSTRACAO_JD","PK__IV_Q_DEM__7484C68C41C443AE","NONCLUSTERED","True","True","False","[SEQQUESTIONARIO]","","","False"
"IV_Q_DEMONSTRACAO_LOG","PK__IV_Q_DEM__7484C68C72C0A913","NONCLUSTERED","True","True","False","[SEQQUESTIONARIO]","","","False"
"IV_Q_DEMONSTRACAO_NF","PK__IV_Q_DEM__7484C68CC98C5EC3","NONCLUSTERED","True","True","False","[SEQQUESTIONARIO]","","","False"
"IV_Q_DEMONSTRACAO_TRATOR","PK__IV_Q_DEMONSTRACA__29F710FA","NONCLUSTERED","True","True","False","[SEQQUESTIONARIO]","","","False"
"IV_Q_DEVOLUCAO_PECA","PK__IV_Q_DEV__7484C68CAEE6BD47","NONCLUSTERED","True","True","False","[SEQQUESTIONARIO]","","","False"
"IV_Q_DEVOLUCAO_PUK","PK__IV_Q_DEV__7484C68CA8ADF160","NONCLUSTERED","True","True","False","[SEQQUESTIONARIO]","","","False"
"IV_Q_DOC_ANALISE_CREDITO","PK__IV_Q_DOC__7484C68C9635851D","NONCLUSTERED","True","True","False","[SEQQUESTIONARIO]","","","False"
"IV_Q_EVENTOS_AFERICAO","PK__IV_Q_EVE__7484C68C6734B103","NONCLUSTERED","True","True","False","[SEQQUESTIONARIO]","","","False"
"IV_Q_EXP_FLUXO_MODELER","PK__IV_Q_EXP__7484C68CED4D834C","NONCLUSTERED","True","True","False","[SEQQUESTIONARIO]","","","False"
"IV_Q_FORA_SERVICO_PMP","PK__IV_Q_FOR__7484C68C749D19C0","NONCLUSTERED","True","True","False","[SEQQUESTIONARIO]","","","False"
"IV_Q_FORM_TREINO","PK__IV_Q_FOR__7484C68C574B5ABD","NONCLUSTERED","True","True","False","[SEQQUESTIONARIO]","","","False"
"IV_Q_GAR_DATA_SERVICO","PK__IV_Q_GAR__7484C68CE2F4E24D","NONCLUSTERED","True","True","False","[SEQQUESTIONARIO]","","","False"
"IV_Q_GAR_FAB_SOL_PECA","PK__IV_Q_GAR__7484C68CB8714A26","NONCLUSTERED","True","True","False","[SEQQUESTIONARIO]","","","False"
"IV_Q_GESTAO_CREDITO","PK__IV_Q_GES__7484C68CA6636464","NONCLUSTERED","True","True","False","[SEQQUESTIONARIO]","","","False"
"IV_Q_GESTAO_CREDITO_AMS","PK__IV_Q_GES__7484C68C35BFE7D2","NONCLUSTERED","True","True","False","[SEQQUESTIONARIO]","","","False"
"IV_Q_GESTAO_CREDITO_IMP","PK__IV_Q_GES__7484C68C7AF6636D","NONCLUSTERED","True","True","False","[SEQQUESTIONARIO]","","","False"
"IV_Q_GESTAO_PRODUTO___AMS","PK__IV_Q_GES__7484C68C0262FC07","NONCLUSTERED","True","True","False","[SEQQUESTIONARIO]","","","False"
"IV_Q_GESTAO_PRODUTO_IMPL","PK__IV_Q_GES__7484C68C5F053E9F","NONCLUSTERED","True","True","False","[SEQQUESTIONARIO]","","","False"
"IV_Q_HORIMETRO_AGREGA","PK__IV_Q_HOR__7484C68C00825C56","NONCLUSTERED","True","True","False","[SEQQUESTIONARIO]","","","False"
"IV_Q_INCENTIVO","PK__IV_Q_INCENTIVO__1E112859","NONCLUSTERED","True","True","False","[SEQQUESTIONARIO]","","","False"
"IV_Q_INTERESSE_FUTURO_PRO","PK__IV_Q_INT__7484C68C94F54456","NONCLUSTERED","True","True","False","[SEQQUESTIONARIO]","","","False"
"IV_Q_INTERESSE_PROJETO_IR","PK__IV_Q_INT__7484C68CCBCD7666","NONCLUSTERED","True","True","False","[SEQQUESTIONARIO]","","","False"
"IV_Q_LIBERAR_DEMONSTRACAO","PK__IV_Q_LIB__7484C68CD03965E5","NONCLUSTERED","True","True","False","[SEQQUESTIONARIO]","","","False"
"IV_Q_LICENCAS_PUK","PK__IV_Q_LIC__7484C68C23B5DEE4","NONCLUSTERED","True","True","False","[SEQQUESTIONARIO]","","","False"
"IV_Q_LOCACAO_COMISSAO","PK__IV_Q_LOC__7484C68C7CB40800","NONCLUSTERED","True","True","False","[SEQQUESTIONARIO]","","","False"
"IV_Q_OFERECE_RENOV_SEGURO","PK__IV_Q_OFE__7484C68C03B3BB41","NONCLUSTERED","True","True","False","[SEQQUESTIONARIO]","","","False"
"IV_Q_ORIGEM_DA_RENDA","PK__IV_Q_ORIGEM_DA_R__0A7E65A1","NONCLUSTERED","True","True","False","[SEQQUESTIONARIO]","","","False"
"IV_Q_OS_ABERTA","PK__IV_Q_OS___7484C68C73CFC500","NONCLUSTERED","True","True","False","[SEQQUESTIONARIO]","","","False"
"IV_Q_OS_CORTESIA","PK__IV_Q_OS___7484C68C6DAADA40","NONCLUSTERED","True","True","False","[SEQQUESTIONARIO]","","","False"
"IV_Q_OS_GARANTIA","PK__IV_Q_OS___7484C68CA7116901","NONCLUSTERED","True","True","False","[SEQQUESTIONARIO]","","","False"
"IV_Q_OS_REVISAO_ENTREGA","PK__IV_Q_OS___7484C68CF9D1FC10","NONCLUSTERED","True","True","False","[SEQQUESTIONARIO]","","","False"
"IV_Q_PECAS_AFERICAO","PK__IV_Q_PEC__7484C68C119265A3","NONCLUSTERED","True","True","False","[SEQQUESTIONARIO]","","","False"
"IV_Q_PEDIDO_GC","PK__IV_Q_PED__7484C68C006CDDCA","NONCLUSTERED","True","True","False","[SEQQUESTIONARIO]","","","False"
"IV_Q_PEDIDO_KAM","PK__IV_Q_PED__7484C68C4A7B601E","NONCLUSTERED","True","True","False","[SEQQUESTIONARIO]","","","False"
"IV_Q_PEDIDO_SAM","PK__IV_Q_PED__7484C68C99C97191","NONCLUSTERED","True","True","False","[SEQQUESTIONARIO]","","","False"
"IV_Q_PERCEPCAO_JD","PK__IV_Q_PER__7484C68C30F528C7","NONCLUSTERED","True","True","False","[SEQQUESTIONARIO]","","","False"
"IV_Q_PESQUISA_NPS","PK__IV_Q_PES__7484C68C02E1C1AD","NONCLUSTERED","True","True","False","[SEQQUESTIONARIO]","","","False"
"IV_Q_PESQUISA_TI","PK__IV_Q_PES__7484C68C5CB12F8B","NONCLUSTERED","True","True","False","[SEQQUESTIONARIO]","","","False"
"IV_Q_PREMIO_DEMO","PK__IV_Q_PRE__7484C68CC8848625","NONCLUSTERED","True","True","False","[SEQQUESTIONARIO]","","","False"
"IV_Q_PREVISAO_RECEBIMENTO","PK__IV_Q_PREVISAO_RE__349F87F6","NONCLUSTERED","True","True","False","[SEQQUESTIONARIO]","","","False"
"IV_Q_PRODUTO_RD","PK__IV_Q_PRO__7484C68C7D0BE65B","NONCLUSTERED","True","True","False","[SEQQUESTIONARIO]","","","False"
"IV_Q_PROPOSTA_COMERCIAL","PK__IV_Q_PRO__7484C68C07D1F8F1","NONCLUSTERED","True","True","False","[SEQQUESTIONARIO]","","","False"
"IV_Q_PROSPECCAO_SERV__JD","PK__IV_Q_PRO__7484C68C4739D21C","NONCLUSTERED","True","True","False","[SEQQUESTIONARIO]","","","False"
"IV_Q_QUALIDADE_PECAS","PK__IV_Q_QUALIDADE_P__07B7D2E6","NONCLUSTERED","True","True","False","[SEQQUESTIONARIO]","","","False"
"IV_Q_QUALIDADE_SERVICOS","PK__IV_Q_QUALIDADE_S__1605F23D","NONCLUSTERED","True","True","False","[SEQQUESTIONARIO]","","","False"
"IV_Q_QUALIDADE_VENDAMAQ","PK__IV_Q_QUALIDADE_V__12356159","NONCLUSTERED","True","True","False","[SEQQUESTIONARIO]","","","False"
"IV_Q_RECEB_FINAN_IMPLEM","PK__IV_Q_RECEB_FINAN__3AD78439","NONCLUSTERED","True","True","False","[SEQQUESTIONARIO]","","","False"
"IV_Q_RECEBIMENTO_A_PRAZO","PK__IV_Q_REC__7484C68CAF02BE21","NONCLUSTERED","True","True","False","[SEQQUESTIONARIO]","","","False"
"IV_Q_RECEBIMENTO_COMISSAO","PK__IV_Q_REC__7484C68C30AC8DE3","NONCLUSTERED","True","True","False","[SEQQUESTIONARIO]","","","False"
"IV_Q_RECEBIMENTO_FINANC","PK__IV_Q_RECEBIMENTO__0055DCE9","NONCLUSTERED","True","True","False","[SEQQUESTIONARIO]","","","False"
"IV_Q_RESPONSAVEL_TECNICO","PK__IV_Q_RESPONSAVEL__6E372CAE","NONCLUSTERED","True","True","False","[SEQQUESTIONARIO]","","","False"
"IV_Q_RESULTADO_DEMO","PK__IV_Q_RES__7484C68CD3D71EC9","NONCLUSTERED","True","True","False","[SEQQUESTIONARIO]","","","False"
"IV_Q_RETORNADO_JD","PK__IV_Q_RET__7484C68C6F80221C","NONCLUSTERED","True","True","False","[SEQQUESTIONARIO]","","","False"
"IV_Q_REV_DATA_SERVICO","PK__IV_Q_REV__7484C68C1A96AE21","NONCLUSTERED","True","True","False","[SEQQUESTIONARIO]","","","False"
"IV_Q_REVISAO_100H","PK__IV_Q_REV__7484C68CCE82B06A","NONCLUSTERED","True","True","False","[SEQQUESTIONARIO]","","","False"
"IV_Q_REVISAO_1100_1150H","PK__IV_Q_REV__7484C68C703FA8DC","NONCLUSTERED","True","True","False","[SEQQUESTIONARIO]","","","False"
"IV_Q_REVISAO_1500H","PK__IV_Q_REV__7484C68C1DB11742","NONCLUSTERED","True","True","False","[SEQQUESTIONARIO]","","","False"
"IV_Q_REVISAO_450_600H","PK__IV_Q_REV__7484C68C0A2C386D","NONCLUSTERED","True","True","False","[SEQQUESTIONARIO]","","","False"
"IV_Q_REVISAO_800H","PK__IV_Q_REV__7484C68C34E08508","NONCLUSTERED","True","True","False","[SEQQUESTIONARIO]","","","False"
"IV_Q_REVISAO_FIM_GARANTIA","PK__IV_Q_REV__7484C68C66AD7DBC","NONCLUSTERED","True","True","False","[SEQQUESTIONARIO]","","","False"
"IV_Q_ROMANEIO_DEV_PECA","PK__IV_Q_ROM__7484C68CC1F44F7D","NONCLUSTERED","True","True","False","[SEQQUESTIONARIO]","","","False"
"IV_Q_SEPARACAO_PEDIDO","PK__IV_Q_SEP__7484C68C6D3EC677","NONCLUSTERED","True","True","False","[SEQQUESTIONARIO]","","","False"
"IV_Q_SERVICO_EXTERNOS_JD","PK__IV_Q_SER__7484C68CE57BD022","NONCLUSTERED","True","True","False","[SEQQUESTIONARIO]","","","False"
"IV_Q_SERVICOS_AFERICAO","PK__IV_Q_SER__7484C68C202CE128","NONCLUSTERED","True","True","False","[SEQQUESTIONARIO]","","","False"
"IV_Q_SOLICITACAO_TCAT","PK__IV_Q_SOL__7484C68C17D63FB6","NONCLUSTERED","True","True","False","[SEQQUESTIONARIO]","","","False"
"IV_Q_TESTE_PRIMEIRO_JD","PK__IV_Q_TES__7484C68CED2CA4D0","NONCLUSTERED","True","True","False","[SEQQUESTIONARIO]","","","False"
"IV_Q_TESTE1","PK__IV_Q_TES__7484C68CB004914B","NONCLUSTERED","True","True","False","[SEQQUESTIONARIO]","","","False"
"IV_Q_TESTE2","PK__IV_Q_TES__7484C68C6E2C2085","NONCLUSTERED","True","True","False","[SEQQUESTIONARIO]","","","False"
"IV_Q_TICKET_DSI","PK__IV_Q_TIC__7484C68C263DB53A","NONCLUSTERED","True","True","False","[SEQQUESTIONARIO]","","","False"
"IV_Q_VENDA","PK__IV_Q_VEN__7484C68C22A3CCC7","NONCLUSTERED","True","True","False","[SEQQUESTIONARIO]","","","False"
"IV_Q_VENDA_AMS","PK__IV_Q_VEN__7484C68CA2B6C2E7","NONCLUSTERED","True","True","False","[SEQQUESTIONARIO]","","","False"
"IV_Q_VENDA_CONSORCIO","PK__IV_Q_VEN__7484C68C2A2F1F98","NONCLUSTERED","True","True","False","[SEQQUESTIONARIO]","","","False"
"IV_Q_VENDA_DIRETA","PK__IV_Q_VEN__7484C68C221694F1","NONCLUSTERED","True","True","False","[SEQQUESTIONARIO]","","","False"
"IV_Q_VENDA_DSI","PK__IV_Q_VEN__7484C68CD4DF4BF7","NONCLUSTERED","True","True","False","[SEQQUESTIONARIO]","","","False"
"IV_Q_VENDA_EQUIPAMENTO","PK__IV_Q_VEN__7484C68C1A8326F3","NONCLUSTERED","True","True","False","[SEQQUESTIONARIO]","","","False"
"IV_Q_VENDA_MAQUINA_FY25","PK__IV_Q_VEN__7484C68CFA2D061B","NONCLUSTERED","True","True","False","[SEQQUESTIONARIO]","","","False"
"IV_Q_VENDA_PERDIDA","PK__IV_Q_VENDA_PERDI__2CFE662E","NONCLUSTERED","True","True","False","[SEQQUESTIONARIO]","","","False"
"IV_Q_VENDA_PERDIDA_FY25","PK__IV_Q_VEN__7484C68CBF6A716B","NONCLUSTERED","True","True","False","[SEQQUESTIONARIO]","","","False"
"IV_Q_VENDA_PERDIDA_IMPL","PK__IV_Q_VENDA_PERDI__1C5DEA11","NONCLUSTERED","True","True","False","[SEQQUESTIONARIO]","","","False"
"IV_Q_VENDA_PERDIDA_IMPLEM","PK__IV_Q_VENDA_PERDI__24E8431A","NONCLUSTERED","True","True","False","[SEQQUESTIONARIO]","","","False"
"IV_Q_VENDA_PERDIDA_JDE","PK__IV_Q_VENDA_PERDI__4B5804C5","NONCLUSTERED","True","True","False","[SEQQUESTIONARIO]","","","False"
"IV_Q_VENDA_PERDIDA_MANITO","PK__IV_Q_VEN__7484C68CD189A8B9","NONCLUSTERED","True","True","False","[SEQQUESTIONARIO]","","","False"
"IV_Q_VENDA_PERDIDA_MAQIMP","PK__IV_Q_VEN__7484C68C78EAFA76","NONCLUSTERED","True","True","False","[SEQQUESTIONARIO]","","","False"
"IV_Q_VENDA_PERDIDA_PROD","PK__IV_Q_VEN__7484C68CE1C15D20","NONCLUSTERED","True","True","False","[SEQQUESTIONARIO]","","","False"
"IV_Q_VENDA_PERDIDA_SEGURO","PK__IV_Q_VEN__7484C68C7FF77614","NONCLUSTERED","True","True","False","[SEQQUESTIONARIO]","","","False"
"IV_Q_VENDA_PERDIDA_TESTE","PK__IV_Q_VEN__7484C68C86468E0E","NONCLUSTERED","True","True","False","[SEQQUESTIONARIO]","","","False"
"IV_Q_VENDA_PNEUS","PK__IV_Q_VEN__7484C68CEDE5BE58","NONCLUSTERED","True","True","False","[SEQQUESTIONARIO]","","","False"
"IV_Q_VENDA_PRECISION_UP","PK__IV_Q_VEN__7484C68CC4234AB6","NONCLUSTERED","True","True","False","[SEQQUESTIONARIO]","","","False"
"IV_Q_VENDA_SEMINOVO","PK__IV_Q_VEN__7484C68C6F5A5D7F","NONCLUSTERED","True","True","False","[SEQQUESTIONARIO]","","","False"
"IV_Q_VENDA_SERVICOS_AMS","PK__IV_Q_VEN__7484C68C0A86A9A5","NONCLUSTERED","True","True","False","[SEQQUESTIONARIO]","","","False"
"IV_Q_VENDA_VP_PNEUS","PK__IV_Q_VEN__7484C68C4D83BCB9","NONCLUSTERED","True","True","False","[SEQQUESTIONARIO]","","","False"
"IV_Q_VENDAPERDIDA_SEGURO","PK__IV_Q_VEN__7484C68C44039E87","NONCLUSTERED","True","True","False","[SEQQUESTIONARIO]","","","False"
"IV_Q_VENDER_RENOVACAO_SEG","PK__IV_Q_VEN__7484C68CCE506EEC","NONCLUSTERED","True","True","False","[SEQQUESTIONARIO]","","","False"
"IV_Q_VISITA_DSI","PK__IV_Q_VIS__7484C68C1BF74F76","NONCLUSTERED","True","True","False","[SEQQUESTIONARIO]","","","False"
"IV_Q_VISITA_EXP_CLIENTE","PK__IV_Q_VIS__7484C68CF04ECD0F","NONCLUSTERED","True","True","False","[SEQQUESTIONARIO]","","","False"
"IV_Q_VP_COLHEDORA","PK__IV_Q_VP___7484C68CDA147D5D","NONCLUSTERED","True","True","False","[SEQQUESTIONARIO]","","","False"
"IV_Q_VP_COLHEITADEIRA","PK__IV_Q_VP___7484C68C8787214E","NONCLUSTERED","True","True","False","[SEQQUESTIONARIO]","","","False"
"IV_Q_VP_PLANTADEIRA","PK__IV_Q_VP___7484C68CBCE880C7","NONCLUSTERED","True","True","False","[SEQQUESTIONARIO]","","","False"
"IV_Q_VP_PULVERIZADOR","PK__IV_Q_VP___7484C68C6C6BB4BF","NONCLUSTERED","True","True","False","[SEQQUESTIONARIO]","","","False"
"IV_Q_VP_RENOVACAO_SEGURO","PK__IV_Q_VP___7484C68C2FAA6443","NONCLUSTERED","True","True","False","[SEQQUESTIONARIO]","","","False"
"IV_Q_VP_SEM_PARTICIPACAO","PK__IV_Q_VP___7484C68C228C7F49","NONCLUSTERED","True","True","False","[SEQQUESTIONARIO]","","","False"
"IV_Q_VP_TRATOR","PK__IV_Q_VP___7484C68C6D22992C","NONCLUSTERED","True","True","False","[SEQQUESTIONARIO]","","","False"
"IV_Questao","PK__IV_Questao__13BCEBC1","CLUSTERED","True","True","False","[SeqFormulario], [Questao]","","","False"
"IV_Questao","IV_QuestaoIF1","NONCLUSTERED","False","False","False","[SeqFormulario]","","","False"
"IV_Questao","IV_QuestaoPK","NONCLUSTERED","False","True","False","[SeqFormulario], [Questao]","","","False"
"IV_QuestaoLista","PK__IV_QuestaoLista__15A53433","CLUSTERED","True","True","False","[SeqFormulario], [Questao], [Lista]","","","False"
"IV_QuestaoLista","IV_QuestaoListaIF1","NONCLUSTERED","False","False","False","[SeqFormulario], [Questao]","","","False"
"IV_QuestaoLista","IV_QuestaoListaPK","NONCLUSTERED","False","True","False","[SeqFormulario], [Questao], [Lista]","","","False"
"IV_Questionario","PK__IV_Questionario__178D7CA5","CLUSTERED","True","True","False","[SeqQuestionario]","","","False"
"IV_Questionario","IV_QuestionarioIF1","NONCLUSTERED","False","False","False","[SeqPessoa]","","","False"
"IV_Questionario","IV_QuestionarioIF2","NONCLUSTERED","False","False","False","[SeqFormulario]","","","False"
"IV_Questionario","IV_QuestionarioIE1","NONCLUSTERED","False","False","False","[DtaRealizacao]","","","False"
"IV_Questionario","IV_QuestionarioIE2","NONCLUSTERED","False","False","False","[SeqHistorico]","","","False"
"IV_Questionario","IV_QuestionarioIE3","NONCLUSTERED","False","False","False","[Processo]","","","False"
"IV_Questionario","IV_QuestionarioPK","NONCLUSTERED","False","True","False","[SeqQuestionario]","","","False"
"IV_Questionario","IV_QUESTIONARIE3","NONCLUSTERED","False","False","False","[Processo]","","","False"
"IV_Questionario","IDX_IV_QUESTIONARIO","NONCLUSTERED","False","False","False","[SEQPROJETO]","","","False"
"IV_Recurso","PK__IV_Recurso__3E3E00C9","CLUSTERED","True","True","False","[SeqRecurso]","","","False"
"IV_Recurso","IV_RecursoPK","NONCLUSTERED","False","True","False","[SeqRecurso]","","","False"
"IV_RecUso","PK__IV_RecUso__3F322502","CLUSTERED","True","True","False","[SeqRecurso], [SeqrecUso]","","","False"
"IV_RecUso","IV_RecUsoPK","NONCLUSTERED","False","True","False","[SeqRecurso], [SeqrecUso]","","","False"
"IV_RecUso","IV_RecUsoIF1","NONCLUSTERED","False","False","False","[SeqRecurso]","","","False"
"IV_ResClasse","PK__IV_ResClasse__4026493B","CLUSTERED","True","True","False","[Resultado], [SeqClasseRes]","","","False"
"IV_ResClasse","IV_ResClassePK","NONCLUSTERED","False","True","False","[Resultado], [SeqClasseRes]","","","False"
"IV_ResClasse","IV_ResClasseIF1","NONCLUSTERED","False","False","False","[Resultado]","","","False"
"IV_ResClasse","IV_ResClasseIF2","NONCLUSTERED","False","False","False","[SeqClasseRes]","","","False"
"IV_ResEvtOut","PK__IV_ResEvtOut__411A6D74","CLUSTERED","True","True","False","[Resultado], [SeqEvt]","","","False"
"IV_ResEvtOut","IV_ResEvtOutPK","NONCLUSTERED","False","True","False","[Resultado], [SeqEvt]","","","False"
"IV_ResEvtOut","IV_ResEvtOutIF1","NONCLUSTERED","False","False","False","[Resultado]","","","False"
"IV_RESJOB","PK__IV_RESJO__DC200B82A662C84C","CLUSTERED","True","True","False","[RESULTADO], [SEQJOB]","","","False"
"IV_RESJOB","IDX_IV_RESJOB","NONCLUSTERED","False","False","False","[RESULTADO]","","","False"
"IV_RESJOB","IDX_IV_RESJOB_0","NONCLUSTERED","False","False","False","[SEQJOB]","","","False"
"IV_ResMsgPapel","PK__IV_ResMsgPapel__420E91AD","CLUSTERED","True","True","False","[SeqResMsgPapel]","","","False"
"IV_ResMsgPapel","IV_ResMsgPapelPK","NONCLUSTERED","False","True","False","[SeqResMsgPapel]","","","False"
"IV_ResMsgPapel","IV_ResMsgPapelIF1","NONCLUSTERED","False","False","False","[SeqTxtPadrao]","","","False"
"IV_ResMsgPapel","IV_ResMsgPapelIF2","NONCLUSTERED","False","False","False","[Resultado]","","","False"
"IV_ResMsgPapel","XIF3IV_ResMsgPapel","NONCLUSTERED","False","False","False","[PesFormulario]","","","False"
"IV_ResMsgPapel","XIF4IV_ResMsgPapel","NONCLUSTERED","False","False","False","[PesResultado]","","","False"
"IV_ResMsgPapel","IDX_IV_RESMSGPAPEL_01","NONCLUSTERED","False","False","False","[SEQCONTAENVIO]","","","False"
"IV_ResParam","PK__IV_ResParam__4302B5E6","CLUSTERED","True","True","False","[Resultado]","","","False"
"IV_ResParam","IV_ResParamPK","NONCLUSTERED","False","True","False","[Resultado]","","","False"
"IV_Resultado","PK__IV_Resultado__43F6DA1F","CLUSTERED","True","True","False","[Resultado]","","","False"
"IV_Resultado","IV_ResultadoPK","NONCLUSTERED","False","True","False","[Resultado]","","","False"
"IV_Resultado","IV_ResultadoIE1","NONCLUSTERED","False","False","False","[DescReduzida]","","","False"
"IV_Resultado","IV_ResultadoIF2","NONCLUSTERED","False","False","False","[Acao]","","","False"
"IV_Resultado","IV_RESULTADOIE2","NONCLUSTERED","False","False","False","[EMUSO]","","","False"
"IV_ResultadoCmpl","PK__IV_ResultadoCmpl__44EAFE58","CLUSTERED","True","True","False","[Resultado], [ResultadoCmpl]","","","False"
"IV_ResultadoCmpl","IV_ResultadoCmpIF1","NONCLUSTERED","False","False","False","[Resultado]","","","False"
"IV_ResultadoInstr","PK__IV_ResultadoInst__45DF2291","CLUSTERED","True","True","False","[Resultado]","","","False"
"IV_ResultadoInstr","IV_ResultadoInsPK","NONCLUSTERED","False","True","False","[Resultado]","","","False"
"IV_ResultadoReq","PK__IV_ResultadoReq__46D346CA","CLUSTERED","True","True","False","[Resultado], [CodProcesso], [Acao], [ResDep]","","","False"
"IV_ResultadoReq","IV_ResultadoReqPK","NONCLUSTERED","False","True","False","[Resultado], [CodProcesso], [Acao], [ResDep]","","","False"
"IV_ResultadoReq","IV_ResultadoReqIF1","NONCLUSTERED","False","False","False","[ResDep]","","","False"
"IV_ResultadoReq","IV_ResultadoReqIF2","NONCLUSTERED","False","False","False","[CodProcesso], [Acao]","","","False"
"IV_ResultadoReq","IV_ResultadoReqIF3","NONCLUSTERED","False","False","False","[Resultado]","","","False"
"IV_ResultadoWeb","PK__IV_ResultadoWeb__47C76B03","CLUSTERED","True","True","False","[EventoWeb]","","","False"
"IV_ResultadoWeb","IV_ResultadoWebPK","NONCLUSTERED","False","True","False","[EventoWeb]","","","False"
"IV_ResultadoWeb","IV_ResultadoWebIF1","NONCLUSTERED","False","False","False","[Resultado]","","","False"
"IV_ResVinc","PK__IV_ResVinc__48BB8F3C","CLUSTERED","True","True","False","[Resultado], [SeqVinc]","","","False"
"IV_ResVinc","IV_ResVincPK","NONCLUSTERED","False","True","False","[Resultado], [SeqVinc]","","","False"
"IV_ResVinc","IV_ResVincIF1","NONCLUSTERED","False","False","False","[Resultado]","","","False"
"IV_RetProcRegra","PK__IV_RetProcRegra__37E608F5","CLUSTERED","True","True","False","[SeqRetProcRegra]","","","False"
"IV_RetProcRegra","IV_RETPROCREGRAIF2","NONCLUSTERED","False","False","False","[Resultado]","","","False"
"IV_RetProcRegra","IV_RETPROCREGRAIF1","NONCLUSTERED","False","False","False","[SeqTxtPadrao]","","","False"
"IV_SegPerfil","PK__IV_SegPerfil__49AFB375","CLUSTERED","True","True","False","[SeqPerfil]","","","False"
"IV_SegPerfil","IV_SegPerfilPK","NONCLUSTERED","False","True","False","[SeqPerfil]","","","False"
"IV_Selecao","PK__IV_Selecao__4AA3D7AE","CLUSTERED","True","True","False","[SeqSelecao]","","","False"
"IV_Selecao","IV_SelecaoPK","NONCLUSTERED","False","True","False","[SeqSelecao]","","","False"
"IV_Selecao","IDX_IV_SELECAO_0","NONCLUSTERED","False","False","False","[EmUso]","","","False"
"IV_Selecao","IDX_IV_SELECAO_1","NONCLUSTERED","False","False","False","[EmUso], [DtaAlteracao]","","","False"
"IV_SelecaoColList","PK__IV_SelecaoColLis__4B97FBE7","CLUSTERED","True","True","False","[TbNome], [ColNome]","","","False"
"IV_SelecaoColList","IV_SelecaoColLiPK","NONCLUSTERED","False","True","False","[TbNome], [ColNome]","","","False"
"IV_SelecaoCriterio","PK__IV_SelecaoCriter__4C8C2020","CLUSTERED","True","True","False","[SeqSelecao], [SeqCriterio]","","","False"
"IV_SelecaoCriterio","IV_SelecaoCritePK","NONCLUSTERED","False","True","False","[SeqSelecao], [SeqCriterio]","","","False"
"IV_SelecaoCriterio","IV_SelecaoCriteIF1","NONCLUSTERED","False","False","False","[SeqSelecao]","","","False"
"IV_SelecaoPessoa","PK__IV_SelecaoPessoa__4D804459","CLUSTERED","True","True","False","[SeqSelecao], [SeqPessoa]","","","False"
"IV_SelecaoPessoa","IV_SelecaoPessoPK","NONCLUSTERED","False","True","False","[SeqSelecao], [SeqPessoa]","","","False"
"IV_SelecaoPessoa","IV_SelecaoPessoIF1","NONCLUSTERED","False","False","False","[SeqPessoa]","","","False"
"IV_SelecaoPessoa","IV_SelecaoPessoIF2","NONCLUSTERED","False","False","False","[SeqSelecao]","","","False"
"IV_SELPROMOPRD","PK__IV_SELPR__0E6FBA8C2032FD77","CLUSTERED","True","True","False","[SEQSELPROMO], [IDPRODUTO]","","","False"
"IV_SELPROMOPRD","XIF1IV_SELPROMOPRD","NONCLUSTERED","False","False","False","[SEQSELPROMO]","","","False"
"IV_SELPROMOPRD","XIF2IV_SELPROMOPRD","NONCLUSTERED","False","False","False","[IDPRODUTO]","","","False"
"IV_SMS","PK__IV_SMS__38DA2D2E","CLUSTERED","True","True","False","[SeqSMS]","","","False"
"IV_SMS","IV_SMSIE1","NONCLUSTERED","False","False","False","[Destino], [IndRetProcessado]","","","False"
"IV_SMS","IV_SMSIE2","NONCLUSTERED","False","False","False","[DtaEnvio]","","","False"
"IV_SMS","IV_SMSIF2","NONCLUSTERED","False","False","False","[ContaSeqPar]","","","False"
"IV_SMS","IV_SMSIF3","NONCLUSTERED","False","False","False","[SeqPessoa]","","","False"
"IV_SMS","IV_SMSIF4","NONCLUSTERED","False","False","False","[SeqUsuario]","","","False"
"IV_SMS","IV_SMSIF1","NONCLUSTERED","False","False","False","[SeqTxtPadrao]","","","False"
"IV_SMS","XIE3IV_SMS","NONCLUSTERED","False","False","False","[Chave], [Origem]","","","False"
"IV_SMS","XIF5IV_SMS","NONCLUSTERED","False","False","False","[SeqContaSMS]","","","False"
"IV_SMSLog","PK__IV_SMSLog__39CE5167","CLUSTERED","True","True","False","[SeqSMS], [SeqLog]","","","False"
"IV_SMSLog","IV_SMSLOGIF1","NONCLUSTERED","False","False","False","[SeqSMS]","","","False"
"IV_SMSLog","XIE1IV_SMSLog","NONCLUSTERED","False","False","False","[DtaLog]","","","False"
"IV_STATUS_DEPTO","IDX_IV_STATUS_DEPTO1","NONCLUSTERED","False","False","False","[SEQPESSOA], [DEPTO], [STATUS]","","","False"
"IV_TAGCAD","IDX_IV_TAGCAD","NONCLUSTERED","False","False","False","[TAG]","","","False"
"IV_TC_PESSOA","PK__IV_TC_PE__7484C68C261FD11D","NONCLUSTERED","True","True","False","[SEQQUESTIONARIO]","","","False"
"IV_TEMPLATEPROJ","PK__IV_TEMPL__B5066C547D067CEC","CLUSTERED","True","True","False","[ARQUIVOTEMPLATE]","","","False"
"IV_TIPOCONTEUDO","PK__IV_TIPOC__089F916C3C16609A","CLUSTERED","True","True","False","[SEQCONTEUDO]","","","False"
"IV_TpPgto","PK__IV_TpPgto__4E746892","CLUSTERED","True","True","False","[SeqTpPgto]","","","False"
"IV_TpPgto","IV_TpPgtoPK","NONCLUSTERED","False","True","False","[SeqTpPgto]","","","False"
"IV_TpPgto","IV_TpPgtoAK1","NONCLUSTERED","False","True","False","[TipoPgto]","","","False"
"IV_TxtPadConta","PK__IV_TxtPadConta__3AC275A0","CLUSTERED","True","True","False","[NroEmpresa], [SeqTxtPadrao], [SeqParamLista]","","","False"
"IV_TxtPadrao","PK__IV_TxtPadrao__4F688CCB","CLUSTERED","True","True","False","[SeqTxtPadrao]","","","False"
"IV_TxtPadrao","IV_TxtPadraoPK","NONCLUSTERED","False","True","False","[SeqTxtPadrao]","","","False"
"IV_TxtPadraoUso","PK__IV_TxtPadraoUso__505CB104","CLUSTERED","True","True","False","[CodAplicacao], [ChaveAplicacao], [SeqTxtPadrao]","","","False"
"IV_TxtPadraoUso","IV_TxtPadraoUsoPK","NONCLUSTERED","False","True","False","[CodAplicacao], [ChaveAplicacao], [SeqTxtPadrao]","","","False"
"IV_TxtPadraoUso","IV_TxtPadraoUsoIF1","NONCLUSTERED","False","False","False","[SeqTxtPadrao]","","","False"
"IV_URADISPARO","PK__IV_URADI__C93BF9A6483FD5FE","CLUSTERED","True","True","False","[SEQURADISPARO]","","","False"
"IV_URADISPARO","IDX_IV_URADISPARO_0","NONCLUSTERED","False","False","False","[SEQAGENDA]","","","False"
"IV_URADISPARO","IDX_IV_URADISPARO_1","NONCLUSTERED","False","False","False","[SEQURACENARIO]","","","False"
"IV_URADISPARO","IDX_IV_URADISPARO_2","NONCLUSTERED","False","False","False","[STATUS], [PRIORIDADE], [DTAENVIAR]","","","False"
"IV_URARELATORIO","PK__IV_URARE__22E93AB6257B2C26","CLUSTERED","True","True","False","[SEQURARELATORIO]","","","False"
"IV_URARELATORIO","IDX_IV_URARELATORIO_0","NONCLUSTERED","False","False","False","[SEQURADISPARO]","","","False"
"IV_USRPUSH","PK__IV_USRPU__6928302B3ABBC564","CLUSTERED","True","True","False","[SEQPUSH]","","","False"
"IV_USRPUSH","IDX_IV_PUSH_2","NONCLUSTERED","False","False","False","[SEQHISTORICO]","","","False"
"IV_USRPUSH","IDX_IV_PUSH_1","NONCLUSTERED","False","False","False","[STATUS]","","","False"
"IV_USRPUSH","IDX_IV_PUSH_4","NONCLUSTERED","False","False","False","[PROCESSO]","","","False"
"IV_USRSTATUS","PK__IV_USRST__59D861DE2E2E2BD4","CLUSTERED","True","True","False","[SEQUSUARIO]","","","False"
"IV_VENDEDOR","PK__IV_Equipe__0D9AC96E","CLUSTERED","True","True","False","[SEQVENDEDOR]","","","False"
"IV_VENDEDOR","IV_EquipePK","NONCLUSTERED","False","True","False","[SEQVENDEDOR]","","","False"
"IV_VENDEDOR","IV_EquipeAK1","NONCLUSTERED","False","True","False","[CODVENDEDOR]","","","False"
"IV_VENDEDOREMPR","PK__IV_EquipeEmpr__35FDC083","CLUSTERED","True","True","False","[SEQVENDEDOR], [NroEmpresa]","","","False"
"IV_VENDEDOREMPR","XPKIV_EquipeEmpr","NONCLUSTERED","False","True","False","[SEQVENDEDOR], [NroEmpresa]","","","False"
"IV_VENDEDOREMPR","IV_EQUIPEEMPRIE1","NONCLUSTERED","False","False","False","[NroEmpresa]","","","False"
"IV_VENDEDOREMPR","XIF1IV_EquipeEmpr","NONCLUSTERED","False","False","False","[SEQVENDEDOR]","","","False"
"IV_WHATSAPP","PK__IV_WHATS__6092F5DCA4D692F4","CLUSTERED","True","True","False","[SEQWHATSAPP]","","","False"
"IVC_ATENDENTE","PK__IVC_ATEN__59D861DEE66318A2","CLUSTERED","True","True","False","[SEQUSUARIO]","","","False"
"IVC_ATENDENTE","IDX_IVC_ATENDENTE_0","NONCLUSTERED","False","False","False","[SEQAGENDA]","","","False"
"IVC_ATENDENTELOG","PK__IVC_ATEN__B1B74CEA5E3C3A97","CLUSTERED","True","True","False","[SEQATENDENTELOG]","","","False"
"IVC_CHAMADALOG","PK__IVC_CHAM__3119230B68278C33","CLUSTERED","True","True","False","[SEQCHAMADALOG]","","","False"
"IVC_EQUIPE","PK__IVC_EQUI__EFAE8DBD322D9315","CLUSTERED","True","True","False","[SEQEQUIPE]","","","False"
"IVC_EQUIPEUSR","PK__IVC_EQUI__97228905BCC242F5","CLUSTERED","True","True","False","[SEQUSUARIO], [SEQEQUIPE]","","","False"
"IVC_EQUIPEUSR","IDX_IVC_EQUIPEUSR","NONCLUSTERED","False","False","False","[SEQUSUARIO]","","","False"
"IVC_EQUIPEUSR","IDX_IVC_EQUIPEUSR_0","NONCLUSTERED","False","False","False","[SEQEQUIPE]","","","False"
"IVC_RAMAL","PK__IVC_RAMA__A341CFDB6E4AC604","CLUSTERED","True","True","False","[IDPABX], [RAMAL]","","","False"
"IVF_Acordo","PK__IVF_Acordo__5150D53D","CLUSTERED","True","True","False","[SeqAcordo]","","","False"
"IVF_Acordo","IVF_AcordoPK","NONCLUSTERED","False","True","False","[SeqAcordo]","","","False"
"IVF_Acordo","IVF_AcordoIF2","NONCLUSTERED","False","False","False","[Prazo]","","","False"
"IVF_Acordo","IVF_AcordoIF3","NONCLUSTERED","False","False","False","[SeqTabela]","","","False"
"IVF_Agregado","PK__IVF_Agregado__5244F976","CLUSTERED","True","True","False","[SeqAgreg]","","","False"
"IVF_Agregado","IVF_AgregadoPK","NONCLUSTERED","False","True","False","[SeqAgreg]","","","False"
"IVF_Agregado","IVF_AgregadoIF2","NONCLUSTERED","False","False","False","[SeqTpAgreg]","","","False"
"IVF_Agregado","IVF_AgregadoIF4","NONCLUSTERED","False","False","False","[SeqPessoaRec], [SeqTpAgreg]","","","False"
"IVF_Agregado","IVF_AgregadoIF5","NONCLUSTERED","False","False","False","[Processo]","","","False"
"IVF_Agregado","IVF_AGREGADOIF1","NONCLUSTERED","False","False","False","[Processo]","","","False"
"IVF_AgregCC","PK__IVF_AgregCC__53391DAF","CLUSTERED","True","True","False","[SeqAgregCC]","","","False"
"IVF_AgregCC","IVF_AgregCCPK","NONCLUSTERED","False","True","False","[SeqAgregCC]","","","False"
"IVF_AgregCC","IVF_AgregCCIF1","NONCLUSTERED","False","False","False","[SeqAgreg]","","","False"
"IVF_AgregCC","XIF1IVF_AgregCC","NONCLUSTERED","False","False","False","[SeqAgreg]","","","False"
"IVF_Financeira","PK__IVF_Financeira__542D41E8","CLUSTERED","True","True","False","[SeqFinanc]","","","False"
"IVF_Financeira","IVF_FinanceiraPK","NONCLUSTERED","False","True","False","[SeqFinanc]","","","False"
"IVF_Financeira","IVF_FinanceiraAK1","NONCLUSTERED","False","True","False","[Financeira]","","","False"
"IVF_Financeira","IVF_FinanceiraIF1","NONCLUSTERED","False","False","False","[SeqPessoa]","","","False"
"IVF_FinancEmpr","PK__IVF_FinancEmpr__55216621","CLUSTERED","True","True","False","[SeqFinanc], [NroEmpresa]","","","False"
"IVF_FinancEmpr","IVF_FinancEmprPK","NONCLUSTERED","False","True","False","[SeqFinanc], [NroEmpresa]","","","False"
"IVF_FinancEmpr","IVF_FinancEmprIF1","NONCLUSTERED","False","False","False","[SeqFinanc]","","","False"
"IVF_FinancImpTx","PK__IVF_FinancImpTx__3D89D3B2","CLUSTERED","True","True","False","[SeqFinanc], [LayOut], [ColDestino]","","","False"
"IVF_FinancImpTx","XIF1IVF_FinancImpTx","NONCLUSTERED","False","False","False","[SeqFinanc]","","","False"
"IVF_Molicar","PK__IVF_Molicar__56158A5A","CLUSTERED","True","True","False","[SeqMolicar]","","","False"
"IVF_Molicar","IVF_MolicarPK","NONCLUSTERED","False","True","False","[SeqMolicar]","","","False"
"IVF_Molicar","IVF_MolicarAK1","NONCLUSTERED","False","True","False","[CodMolicar]","","","False"
"IVF_Molicar","IVF_MolicarIE1","NONCLUSTERED","False","False","False","[Marca]","","","False"
"IVF_Molicar","IVF_MolicarIE2","NONCLUSTERED","False","False","False","[Modelo]","","","False"
"IVF_Molicar","IVF_MolicarIE3","NONCLUSTERED","False","False","False","[CodModelo]","","","False"
"IVF_Plano","PK__IVF_Plano__5709AE93","CLUSTERED","True","True","False","[SeqPlano]","","","False"
"IVF_Plano","IVF_PlanoPK","NONCLUSTERED","False","True","False","[SeqPlano]","","","False"
"IVF_Plano","IVF_PlanoIE1","NONCLUSTERED","False","False","False","[EmUso]","","","False"
"IVF_Plano","IVF_PlanoIF2","NONCLUSTERED","False","False","False","[Prazo]","","","False"
"IVF_Plano","IVF_PlanoIF3","NONCLUSTERED","False","False","False","[SeqTabela]","","","False"
"IVF_PlanoIndic","PK__IVF_PlanoIndic__57FDD2CC","CLUSTERED","True","True","False","[SeqPlanoIndic]","","","False"
"IVF_PlanoIndic","IVF_PlanoIndicPK","NONCLUSTERED","False","True","False","[SeqPlanoIndic]","","","False"
"IVF_PlanoIndic","IVF_PlanoIndicIF1","NONCLUSTERED","False","False","False","[Processo]","","","False"
"IVF_PlanoIndic","IVF_PlanoIndicIF3","NONCLUSTERED","False","False","False","[SeqFinanc]","","","False"
"IVF_PlanoIndic","IVF_PlanoIndicIF4","NONCLUSTERED","False","False","False","[SeqTabela]","","","False"
"IVF_Prazo","PK__IVF_Prazo__58F1F705","CLUSTERED","True","True","False","[Prazo]","","","False"
"IVF_Prazo","IVF_PrazoPK","NONCLUSTERED","False","True","False","[Prazo]","","","False"
"IVF_Proposta","PK__IVF_Proposta__59E61B3E","CLUSTERED","True","True","False","[SeqProposta]","","","False"
"IVF_Proposta","IVF_PropostaPK","NONCLUSTERED","False","True","False","[SeqProposta]","","","False"
"IVF_Proposta","IVF_PropostaIE1","NONCLUSTERED","False","False","False","[Processo]","","","False"
"IVF_Proposta","IVF_PropostaIE2","NONCLUSTERED","False","False","False","[Situacao]","","","False"
"IVF_Proposta","IVF_PropostaIF2","NONCLUSTERED","False","False","False","[SeqPlano]","","","False"
"IVF_Proposta","IVF_PropostaIF3","NONCLUSTERED","False","False","False","[SeqFinanc]","","","False"
"IVF_Proposta","IVF_PropostaIF4","NONCLUSTERED","False","False","False","[ProcessoFN]","","","False"
"IVF_Proposta","XIF4IVF_Proposta","NONCLUSTERED","False","False","False","[SeqPlanoMelhor]","","","False"
"IVF_PropostaHst","PK__IVF_Prop__FEE0FE1D7A9BB2E6","CLUSTERED","True","True","False","[SEQPROPOSTAHST]","","","False"
"IVF_PropostaHst","IVF_PropostaHstIF1","NONCLUSTERED","False","False","False","[SeqProposta]","","","False"
"IVF_PropostaObs","PK__IVF_PropostaObs__5BCE63B0","CLUSTERED","True","True","False","[SeqProposta], [SeqObs]","","","False"
"IVF_PropostaObs","IVF_PropostaObsPK","NONCLUSTERED","False","True","False","[SeqProposta], [SeqObs]","","","False"
"IVF_PropostaObs","IVF_PropostaObsIF1","NONCLUSTERED","False","False","False","[SeqProposta]","","","False"
"IVF_PropostaResult","PK__IVF_PropostaResu__5CC287E9","CLUSTERED","True","True","False","[SeqProposta], [SeqPropResult]","","","False"
"IVF_PropostaResult","IVF_PropostaResPK","NONCLUSTERED","False","True","False","[SeqProposta], [SeqPropResult]","","","False"
"IVF_PropostaResult","IVF_PropostaResIF1","NONCLUSTERED","False","False","False","[SeqProposta]","","","False"
"IVF_Tabela","PK__IVF_Tabela__5DB6AC22","CLUSTERED","True","True","False","[SeqTabela]","","","False"
"IVF_Tabela","IVF_TabelaPK","NONCLUSTERED","False","True","False","[SeqTabela]","","","False"
"IVF_Tabela","IVF_TabelaIF1","NONCLUSTERED","False","False","False","[SeqFinanc]","","","False"
"IVF_TabelaFiltro","PK__IVF_TabelaFiltro__5EAAD05B","CLUSTERED","True","True","False","[SeqTabela], [SeqFiltro]","","","False"
"IVF_TabelaFiltro","IVF_TabelaFiltrPK","NONCLUSTERED","False","True","False","[SeqTabela], [SeqFiltro]","","","False"
"IVF_TabelaFiltro","IVF_TabelaFiltrIE1","NONCLUSTERED","False","False","False","[SeqFiltro]","","","False"
"IVF_TabelaFiltro","IVF_TabelaFiltrIF1","NONCLUSTERED","False","False","False","[SeqTabela]","","","False"
"IVF_TabEmpr","PK__IVF_TabEmpr__5F9EF494","CLUSTERED","True","True","False","[SeqTabela], [NroEmpresa]","","","False"
"IVF_TabEmpr","IVF_TabEmprPK","NONCLUSTERED","False","True","False","[SeqTabela], [NroEmpresa]","","","False"
"IVF_TabEmpr","IVF_TabEmprIF1","NONCLUSTERED","False","False","False","[SeqTabela]","","","False"
"IVF_TabIndice","PK__IVF_TabIndice__609318CD","CLUSTERED","True","True","False","[TipoIndice], [VigorDe], [VigorA]","","","False"
"IVF_TabIndice","IVF_TabIndicePK","NONCLUSTERED","False","True","False","[TipoIndice], [VigorDe], [VigorA]","","","False"
"IVF_TipoAgregado","PK__IVF_TipoAgregado__61873D06","CLUSTERED","True","True","False","[SeqTpAgreg]","","","False"
"IVF_TipoAgregado","IVF_TipoAgregadPK","NONCLUSTERED","False","True","False","[SeqTpAgreg]","","","False"
"IVF_TipoAgregado","IVF_TipoAgregadAK1","NONCLUSTERED","False","True","False","[Agregado]","","","False"
"IVF_TpAgrPessoa","PK__IVF_TpAgrPessoa__627B613F","CLUSTERED","True","True","False","[SeqTpAgreg], [SeqPessoa]","","","False"
"IVF_TpAgrPessoa","IVF_TpAgrPessoaPK","NONCLUSTERED","False","True","False","[SeqTpAgreg], [SeqPessoa]","","","False"
"IVF_TpAgrPessoa","IVF_TpAgrPessoaIF1","NONCLUSTERED","False","False","False","[SeqTpAgreg]","","","False"
"IVF_TpAgrPessoa","IVF_TpAgrPessoaIF2","NONCLUSTERED","False","False","False","[SeqPessoa]","","","False"
"IVM_Material","PK__IVM_Material__636F8578","CLUSTERED","True","True","False","[SeqMaterial]","","","False"
"IVM_Material","IVM_MaterialPK","NONCLUSTERED","False","True","False","[SeqMaterial]","","","False"
"IVM_MatPessoa","PK__IVM_MatPessoa__6463A9B1","CLUSTERED","True","True","False","[SeqMaterial], [SeqPessoa]","","","False"
"IVM_MatPessoa","IVM_MatPessoaPK","NONCLUSTERED","False","True","False","[SeqMaterial], [SeqPessoa]","","","False"
"IVM_MatPessoa","IVM_MatPessoaIF1","NONCLUSTERED","False","False","False","[SeqPessoa]","","","False"
"IVM_MatPessoa","IVM_MatPessoaIF2","NONCLUSTERED","False","False","False","[SeqMaterial]","","","False"
"IVM_ProcMat","PK__IVM_ProcMat__6557CDEA","CLUSTERED","True","True","False","[SeqProcMat]","","","False"
"IVM_ProcMat","IVM_ProcMatPK","NONCLUSTERED","False","True","False","[SeqProcMat]","","","False"
"IVM_ProcMat","IVM_ProcMatIF1","NONCLUSTERED","False","False","False","[Processo]","","","False"
"IVM_ProcMatItem","PK__IVM_ProcMatItem__664BF223","CLUSTERED","True","True","False","[SeqMatItem]","","","False"
"IVM_ProcMatItem","IVM_ProcMatItemPK","NONCLUSTERED","False","True","False","[SeqMatItem]","","","False"
"IVM_ProcMatItem","IVM_ProcMatItemIF1","NONCLUSTERED","False","False","False","[SeqMaterial]","","","False"
"IVM_ProcMatItem","IVM_ProcMatItemIF2","NONCLUSTERED","False","False","False","[SeqProcMat]","","","False"
"IVP_PedCritica","PK__IVP_PedCritica__0DA5B666","CLUSTERED","True","True","False","[SeqPedCritica]","","","False"
"IVP_PedCritica","XIF1IVP_PedCritica","NONCLUSTERED","False","False","False","[SeqPedido]","","","False"
"IVP_ProdImagem","XIF1IVP_ProdImagem","NONCLUSTERED","False","False","False","[SeqProduto]","","","False"
"IVP_TabPreco","PK__IVP_TabPreco__08E10149","CLUSTERED","True","True","False","[SeqProdPreco]","","","False"
"IVP_TabPreco","IVP_ProdPrecoIF2","NONCLUSTERED","False","False","False","[SeqGrupoPreco]","","","False"
"IVP_TabPreco","IVP_ProdPrecoIF3","NONCLUSTERED","False","False","False","[SeqDepto]","","","False"
"IVP_TabPreco","XIF4IVP_TabPreco","NONCLUSTERED","False","False","False","[SeqCanal]","","","False"
"IVP_Vendedor","PK__IVP_Vendedor__5A3B20F9","CLUSTERED","True","True","False","[SeqVendedor]","","","False"
"IVP_Vendedor","IVP_VendedorAK1","NONCLUSTERED","False","True","False","[CodVendedor]","","","False"
"IVP_Vendedor","IVP_VendedorIE1","NONCLUSTERED","False","False","False","[SeqUsuario]","","","False"
"IVS_CanalVenda","PK__IVS_CanalVenda__5852D887","CLUSTERED","True","True","False","[SeqCanal]","","","False"
"IVS_CartCategoria","PK__IVS_CartCategori__5946FCC0","CLUSTERED","True","True","False","[SEQCARTEIRA], [SeqCategoria]","","","False"
"IVS_CartCategoria","IVS_CartCategorIF1","NONCLUSTERED","False","False","False","[SEQCARTEIRA]","","","False"
"IVS_CartCategoria","IVS_CartCategorIF2","NONCLUSTERED","False","False","False","[SeqCategoria]","","","False"
"IVS_CartCid","PK__IVS_CartCid__6740165C","CLUSTERED","True","True","False","[SeqCarteira], [SeqCidade]","","","False"
"IVS_CartCid","IVS_CartCidPK","NONCLUSTERED","False","True","False","[SeqCarteira], [SeqCidade]","","","False"
"IVS_CartCid","IVS_CartCidIF1","NONCLUSTERED","False","False","False","[SeqCidade]","","","False"
"IVS_CartCid","IVS_CartCidIF2","NONCLUSTERED","False","False","False","[SeqCarteira]","","","False"
"IVS_CartDepto","PK__IVS_CartDepto__68343A95","CLUSTERED","True","True","False","[SeqCarteira], [SeqDepto]","","","False"
"IVS_CartDepto","IVS_CartDeptoPK","NONCLUSTERED","False","True","False","[SeqCarteira], [SeqDepto]","","","False"
"IVS_CartDepto","IVS_CartDeptoIF1","NONCLUSTERED","False","False","False","[SeqDepto]","","","False"
"IVS_CartDepto","IVS_CartDeptoIF2","NONCLUSTERED","False","False","False","[SeqCarteira]","","","False"
"IVS_Carteira","PK__IVS_Carteira__69285ECE","CLUSTERED","True","True","False","[SeqCarteira]","","","False"
"IVS_Carteira","IVS_CarteiraPK","NONCLUSTERED","False","True","False","[SeqCarteira]","","","False"
"IVS_Carteira","XIF4IVS_CARTEIRA","NONCLUSTERED","False","False","False","[SeqVendedor]","","","False"
"IVS_Carteira","XIF1IVS_Carteira","NONCLUSTERED","False","False","False","[SeqCanal]","","","False"
"IVS_Carteira","XIF3IVS_Carteira","NONCLUSTERED","False","False","False","[SeqRegional]","","","False"
"IVS_Carteira","XIF5IVS_Carteira","NONCLUSTERED","False","False","False","[SeqGrupoPreco]","","","False"
"IVS_Categoria","PK__IVS_Categoria__548247A3","CLUSTERED","True","True","False","[SeqCategoria]","","","False"
"IVS_Depto","PK__IVS_Depto__6A1C8307","CLUSTERED","True","True","False","[SeqDepto]","","","False"
"IVS_Depto","IVS_DeptoPK","NONCLUSTERED","False","True","False","[SeqDepto]","","","False"
"IVS_Depto","IVS_DeptoAK1","NONCLUSTERED","False","True","False","[Depto]","","","False"
"IVS_Depto","IVS_DeptoIF1","NONCLUSTERED","False","False","False","[CodProcesso]","","","False"
"IVS_Depto","IVS_DeptoIF3","NONCLUSTERED","False","False","False","[SeqSegm]","","","False"
"IVS_Depto","IVS_DeptoIF4","NONCLUSTERED","False","False","False","[SeqUsrDirDepto]","","","False"
"IVS_DeptoDePara","PK__IVS_DeptoDePara__6B10A740","CLUSTERED","True","True","False","[SeqDepto], [Descricao]","","","False"
"IVS_DeptoDePara","IVS_DeptoDeParaPK","NONCLUSTERED","False","True","False","[SeqDepto], [Descricao]","","","False"
"IVS_DeptoDePara","IVS_DeptoDeParaIF2","NONCLUSTERED","False","False","False","[SeqDepto]","","","False"
"IVS_DeptoEmpr","PK__IVS_DeptoEmpr__6C04CB79","CLUSTERED","True","True","False","[SeqDepto], [NroEmpresa]","","","False"
"IVS_DeptoEmpr","IVS_DeptoEmprPK","NONCLUSTERED","False","True","False","[SeqDepto], [NroEmpresa]","","","False"
"IVS_DeptoEmpr","IVS_DeptoEmprIF1","NONCLUSTERED","False","False","False","[SeqUsrDirDepto]","","","False"
"IVS_DeptoEmpr","IVS_DeptoEmprIF2","NONCLUSTERED","False","False","False","[SeqUsrGerDepto]","","","False"
"IVS_DeptoEmpr","IVS_DeptoEmprIF3","NONCLUSTERED","False","False","False","[SeqDepto]","","","False"
"IVS_DeptoEmpr","XIF4IVS_DEPTOEMPR","NONCLUSTERED","False","False","False","[SEQUSUARIO]","","","False"
"IVS_DEPTOPOT","PK__IVS_DEPT__2C683F3CC591CEBD","CLUSTERED","True","True","False","[SEQPOTENCIALDP]","","","False"
"IVS_DeptoRes","PK__IVS_DeptoRes__6CF8EFB2","CLUSTERED","True","True","False","[SeqDepto], [Resultado]","","","False"
"IVS_DeptoRes","IVS_DeptoResPK","NONCLUSTERED","False","True","False","[SeqDepto], [Resultado]","","","False"
"IVS_DeptoRes","IVS_DeptoResIF1","NONCLUSTERED","False","False","False","[SeqDepto]","","","False"
"IVS_DeptoRes","IVS_DeptoResIF2","NONCLUSTERED","False","False","False","[Resultado]","","","False"
"IVS_NegCategoria","PK__IVS_NegCategoria__55766BDC","CLUSTERED","True","True","False","[SeqNegocio], [SeqCategoria]","","","False"
"IVS_NegCategoria","IVS_NegCategoriIF1","NONCLUSTERED","False","False","False","[SeqNegocio]","","","False"
"IVS_NegCategoria","XIF2IVS_NegCategoria","NONCLUSTERED","False","False","False","[SeqCategoria]","","","False"
"IVS_Negocio","PK__IVS_Negocio__566A9015","CLUSTERED","True","True","False","[SeqNegocio]","","","False"
"IVS_Pes","PK__IVS_Pes__1295DCF666F2779D","CLUSTERED","True","True","False","[SeqPessoa], [SeqDepto], [SeqPesDepto]","","","False"
"IVS_Pes","UNQ_IVS_PESCRT","NONCLUSTERED","False","True","False","[SeqPessoa], [SeqCarteira]","","","False"
"IVS_Regional","PK__IVS_Regional__575EB44E","CLUSTERED","True","True","False","[SeqRegional]","","","False"
"IVS_Segm","PK__IVS_Segm__6EE13824","CLUSTERED","True","True","False","[SeqSegm]","","","False"
"IVS_Segm","IVS_SegmPK","NONCLUSTERED","False","True","False","[SeqSegm]","","","False"
"IVS_UsrMeta","PK__IVS_UsrMeta__6FD55C5D","CLUSTERED","True","True","False","[SeqUsrMeta]","","","False"
"IVS_UsrMeta","IVS_UsrMetaPK","NONCLUSTERED","False","True","False","[SeqUsrMeta]","","","False"
"IVS_UsrMeta","IVS_UsrMetaAK1","NONCLUSTERED","False","True","False","[CodProcesso], [SeqUsuario], [DtaReferencia], [NroEmpresa]","","","False"
"IVS_UsrMeta","IVS_UsrMetaIE1","NONCLUSTERED","False","False","False","[SeqUsuario], [DtaReferencia]","","","False"
"IVS_UsrMeta","IVS_UsrMetaIF1","NONCLUSTERED","False","False","False","[CodProcesso]","","","False"
"IVS_UsrMeta","IVS_UsrMetaIF2","NONCLUSTERED","False","False","False","[SeqUsuario]","","","False"
"IVT_DePara","PK__IVT_DePara__41F98314","CLUSTERED","True","True","False","[SEQ]","","","False"
"J1_PRODUTO","PK__J1_PRODU__4C136A08F3FEAF76","CLUSTERED","True","True","False","[SEQPRODUTO], [DESTINO], [USR]","","","False"
"J1_PRODUTO","J1_PRODUTO_IDX1","NONCLUSTERED","False","False","False","[DESTINO], [USR]","[SEQPRODUTO], [FAMILIA], [MARCA], [CODPRODUTO], [DESCRICAO], [PRECO], [EMUSO]","","False"
"JDE_CATEGORY","PK__JDE_CATE__23CAF1D8ABCDE4C3","CLUSTERED","True","True","False","[categoryId]","","","False"
"JDE_EQUIPAMENTS","PK__JDE_EQUI__31F503419C3E557D","CLUSTERED","True","True","False","[EQUIPAMENT_ID]","","","False"
"JDE_EQUIPAMENTS","JDE_EQUIPAMENTS_FKIn","NONCLUSTERED","False","False","False","[subCategoryId]","","","False"
"JDE_EQUIPAMENTS","JDE_EQUIPAMENTS_FKI2","NONCLUSTERED","False","False","False","[categoryId]","","","False"
"JDE_PURCHASE","PK__JDE_PURC__F78207A166D6DB35","CLUSTERED","True","True","False","[poNumber]","","","False"
"JDE_PURCHASE","XIF1JDE_PURCHASE","NONCLUSTERED","False","False","False","[SeqQuestionario]","","","False"
"JDE_QUOTE","PK__JDE_QUOT__C7709243A2901C8E","CLUSTERED","True","True","False","[quoteId]","","","False"
"JDE_QUOTE","JDE_COTACAO_FKIndex1","NONCLUSTERED","False","False","False","[deereUserId]","","","False"
"JDE_QUOTE_ITEM","PK__JDE_QUOT__C46FC2772347354E","CLUSTERED","True","True","False","[quoteId], [EQUIPAMENT_ID]","","","False"
"JDE_QUOTE_ITEM","JDE_QUOTE_ITEM_FKInd","NONCLUSTERED","False","False","False","[quoteId]","","","False"
"JDE_QUOTE_ITEM","XIF2JDE_QUOTE_ITEM","NONCLUSTERED","False","False","False","[EQUIPAMENT_ID]","","","False"
"JDE_SALES_PERSON","PK__JDE_SALE__E94D99DEB811F2B1","CLUSTERED","True","True","False","[deereUserId]","","","False"
"JDE_SUB_CATEGORY","PK__JDE_SUB___F8206469F6090D6B","CLUSTERED","True","True","False","[subCategoryId]","","","False"
"LOG_INTEGRACAO_FATURAMENTO_TOTVS","LOG_INTEGRACAO_FATURAMENTO_TOTVS_PK","CLUSTERED","True","True","False","[ID]","","","False"
"OUT_Contato","PK_OUT_Contato","CLUSTERED","True","True","False","[SeqPessoa], [SeqContato]","","","False"
"OUT_Log","PK_OUT_Log","CLUSTERED","True","True","False","[SeqLog]","","","False"
"OUT_Pessoa","PK_OUT_Pessoa","CLUSTERED","True","True","False","[SeqPessoa]","","","False"
"OUT_PessoaLink","PK_OUT_PessoaLink","CLUSTERED","True","True","False","[Pessoalink], [Origem]","","","False"
"OUT_PessoaRelacao","PK_OUT_PessoaRelacao","CLUSTERED","True","True","False","[SeqPrincipal], [SeqPessoa], [TipoRelacionamento]","","","False"
"sysdiagrams","PK__sysdiagrams__68143F04","CLUSTERED","True","True","False","[diagram_id]","","","False"
"sysdiagrams","UK_principal_name","NONCLUSTERED","False","True","True","[principal_id], [name]","","","False"
"VBI_CONTA","PK__VBI_CONT__4CE55003E921DAE8","CLUSTERED","True","True","False","[SEQCONTA]","","","False"
"VBI_CONTA","IDX_VBI_CONTAGERENC_0","NONCLUSTERED","False","False","False","[SEQCONTAPAI]","","","False"
"VBI_CONTAFAM","PK__VBI_CONT__4CE550036E06FD51","CLUSTERED","True","True","False","[SEQCONTA]","","","False"
"VBI_CONTAPAI","PK__VBI_CONT__4CE5500321E13E98","CLUSTERED","True","True","False","[SEQCONTA]","","","False"
"VBI_CONTAPAI","IDX_VBI_CONTAPAI_1","NONCLUSTERED","False","False","False","[GRUPOGESTAO]","","","False"
"VBI_CONTAPAI","IDX_VBI_CONTAPAIC_2","NONCLUSTERED","False","False","False","[SEQCONTAPAI]","","","False"
"VBI_CONTAPAI","VBI_CONTAPIX1","NONCLUSTERED","False","False","False","[NROORDEM]","","","False"
"VBI_CONTAPAI","VBI_CONTAPIX2","NONCLUSTERED","False","False","False","[CODCONTA]","","","False"
"X_T_IMP_CRM_TITULO","X_T_IMP_CRM_TITULO_Obs_IDX","NONCLUSTERED","False","False","False","[Obs]","","","False"
"X_T_IMP_CRM_VEICULO","X_T_IMP_CRM_VEICULO_PK","CLUSTERED","True","True","False","[ID]","","","False"
"X_T_IMP_CRM_VEICULO","X_T_IMP_CRM_VEICULO_ID_CHAINT","NONCLUSTERED","False","False","False","[ID], [VV1_CHAINT]","","","False"
"X_T_IMP_CRM_VEICULO","X_T_IMP_CRM_VEICULO_ID_CHAINT_X_INTEGRADO","NONCLUSTERED","False","False","False","[ID], [VV1_CHAINT], [X_INTEGRADO]","","","False"
"X_T_IMP_CRM_VEICULO","X_T_IMP_CRM_VEICULO_UNIQUE","NONCLUSTERED","False","True","True","[VV1_CHAINT]","","","False"
"X_TOTVS_BI_FATURAMENTO_MAQUINAS","X_TOTVS_BI_FATURAMENTO_MAQUINAS_cod_produto_IDX","NONCLUSTERED","False","False","False","[cod_produto]","","","False"
"X_TOTVS_BI_FATURAMENTO_MAQUINAS","X_TOTVS_BI_FATURAMENTO_MAQUINAS_filial_IDX","NONCLUSTERED","False","False","False","[filial], [nro_nf], [seq_pessoa]","","","False"
"X_TOTVS_BI_FATURAMENTO_MAQUINAS","X_TOTVS_BI_FATURAMENTO_MAQUINAS_seq_pessoa_IDX","NONCLUSTERED","False","False","False","[seq_pessoa], [cod_produto]","","","False"
"X_TOTVS_BI_FATURAMENTO_POS_VENDAS","PK__X_TOTVS___3214EC2781A7BF54","CLUSTERED","True","True","False","[ID]","","","False"
"X_TOTVS_BI_FATURAMENTO_POS_VENDAS","X_TOTVS_BI_FATURAMENTO_POS_VENDAS_ID_DATA","NONCLUSTERED","False","False","False","[ID], [DATA_EMISSAO_NF]","","","False"
"X_TOTVS_BI_FATURAMENTO_POS_VENDAS","X_TOTVS_BI_FATURAMENTO_POS_VENDAS_ID_IDX","NONCLUSTERED","False","False","False","[ID], [ORIGEM], [FILIAL], [NRO_NF], [COD_CLIENTE]","","","False"
"X_TOTVS_BI_FATURAMENTO_POS_VENDAS","X_TOTVS_BI_FATURAMENTO_POS_VENDAS_ID_ORIGEM_DATA","NONCLUSTERED","False","False","False","[ID], [ORIGEM], [DATA_EMISSAO_NF]","","","False"
"X_TOTVS_CRM_FATURAMENTO","X_TOTVS_CRM_FATURAMENTO_PK","CLUSTERED","True","True","False","[ID]","","","False"
"X_TOTVS_CRM_FATURAMENTO","X_TOTVS_CRM_FATURAMENTO_UN_CHAVE_ITEM","NONCLUSTERED","False","True","True","[STATUS_NF], [ORIGEM], [FILIAL], [NRO_NF], [SERIE], [COD_CLIENTE], [COD_OPERACAO], [PRODUTO], [NRO_ITEM], [DELETADO]","","","False"
"X_TOTVS_CRM_FATURAMENTO","X_TOTVS_CRM_FATURAMENTO_ID_COD_CHAVE_ITEM","NONCLUSTERED","False","False","False","[ID], [STATUS_NF], [ORIGEM], [FILIAL], [NRO_NF], [SERIE], [COD_CLIENTE], [COD_OPERACAO], [PRODUTO], [NRO_ITEM], [DELETADO]","","","False"
"X_TOTVS_CRM_FATURAMENTO","X_TOTVS_CRM_FATURAMENTO_ID_COD_CHAVE_NF","NONCLUSTERED","False","False","False","[ID], [STATUS_NF], [ORIGEM], [FILIAL], [NRO_NF], [SERIE], [COD_CLIENTE], [DELETADO]","","","False"
"X_TOTVS_CRM_FATURAMENTO","X_TOTVS_CRM_FATURAMENTO_ID_DATA","NONCLUSTERED","False","False","False","[ID], [DATA_EMISSAO_NF]","","","False"
"X_TOTVS_CRM_FATURAMENTO","X_TOTVS_CRM_FATURAMENTO_ID_IDX","NONCLUSTERED","False","False","False","[ID], [ORIGEM], [FILIAL], [NRO_NF], [COD_CLIENTE]","","","False"
"X_TOTVS_CRM_FATURAMENTO","X_TOTVS_CRM_FATURAMENTO_ID_ORIGEM_DATA","NONCLUSTERED","False","False","False","[ID], [ORIGEM], [DATA_EMISSAO_NF]","","","False"
"X_TOTVS_CRM_FATURAMENTO","X_TOTVS_CRM_FATURAMENTO_SUGES_01","NONCLUSTERED","False","False","False","[NRO_NF], [DATA_EMISSAO_NF]","[CFOP], [COD_CLIENTE], [COD_FAMILIA], [COD_MARCA], [COD_OPERACAO], [CODICAO_PAGAMENTO], [CPF_CNPJ], [DATA_PEDIDO], [DELETADO], [DES_CODICAO_PAGAMENTO], [DES_MARCA], [DES_OPERACAO], [DESC_FAMILIA], [DESC_PRODUTO], [FILIAL], [ID_VENDEDOR], [NCM], [NOME_VENDEDOR], [NRO_ITEM], [NRO_PEDIDO], [OBSERVACAO], [ORIGEM], [PERCENTUAL_MARGEM], [PRODUTO], [QUANTIDADE], [SERIE], [STATUS_NF], [VALOR_COFINS], [VALOR_CUSTO_MEDIO], [VALOR_DESCONTO], [VALOR_FRETE], [VALOR_MARGEM], [VALOR_TOTAL], [VLR_ICMS], [VLR_ICMS_SUBST], [VLR_LIQUIDO_ITEM], [VLR_PIS], [VLR_UNITARIO]","","False"
"X_TOTVS_CRM_FATURAMENTO","X_TOTVS_CRM_FATURAMENTO_SUGES_02","NONCLUSTERED","False","False","False","[ORIGEM], [DATA_EMISSAO_NF], [DELETADO]","[FILIAL], [NRO_NF], [NRO_ITEM], [SERIE], [COD_CLIENTE], [CPF_CNPJ], [COD_MARCA], [DES_MARCA], [ID_VENDEDOR], [COD_OPERACAO], [DES_OPERACAO], [CFOP], [PRODUTO], [DESC_PRODUTO], [COD_FAMILIA], [DESC_FAMILIA], [NOME_VENDEDOR], [DATA_PEDIDO], [STATUS_NF], [NCM], [CODICAO_PAGAMENTO], [DES_CODICAO_PAGAMENTO], [NRO_PEDIDO], [OBSERVACAO], [QUANTIDADE], [VLR_UNITARIO], [VALOR_TOTAL], [VALOR_DESCONTO], [VLR_LIQUIDO_ITEM], [VLR_ICMS], [VLR_ICMS_SUBST], [VLR_PIS], [VALOR_COFINS], [VALOR_CUSTO_MEDIO], [VALOR_FRETE], [VALOR_MARGEM], [PERCENTUAL_MARGEM]","","False"
"X_V_IMP_CRM_IMP_NF","X_V_IMP_CRM_IMP_NF_PK","CLUSTERED","True","True","False","[ID]","","","False"
"X_V_IMP_CRM_IMP_NF","X_V_IMP_CRM_IMP_NF_ID_CHAVE_ITEM","NONCLUSTERED","False","False","False","[ID], [COD_CHAVE_ITEM]","","","False"
"X_V_IMP_CRM_IMP_NF","X_V_IMP_CRM_IMP_NF_ID_INTEGRADO_CHAVE_ITEM","NONCLUSTERED","False","False","False","[ID], [X_INTEGRADO], [COD_CHAVE_ITEM]","","","False"
"X_V_IMP_CRM_IMP_NF","X_V_IMP_CRM_IMP_NF_SQL_ITEM","NONCLUSTERED","False","False","False","[ID], [COD_CHAVE_ITEM], [ORIGEM], [X_INTEGRADO]","","","False"
"X_V_IMP_CRM_IMP_NF","X_V_IMP_CRM_IMP_NF_SQL_NF","NONCLUSTERED","False","False","False","[ID], [COD_CHAVE_NF], [ORIGEM], [X_INTEGRADO]","","","False"
