"SeqCons","Cod","Nome","Descricao","Adv","InstrSql","Qrp","Prvw","FtTipo","FtTam","Tit","Sessao","GTipo","GTit","GRdp","GEsq","GLeg","GCol","Dono","IndSqlChg","Style","ChkS1","ChkS2","UltAtualizacao","DtaInicioUso","DtaUltimoUso","UltUsuario","QtdeUso"
"0","TESTE123","Análise da Carteira de Pedidos FY25","Teste",""," SET LS2_CMD = ' AND EMP.NOMEREDUZIDO = :LS2';
 SET LS1_CMD = ' AND VND.VENDA_TIPO_EQUIPAMEN = :LS1';
 SET LS3_CMD = ' AND VND.VENDA_MODELO_EQUIPAM = :LS3';
 SELECT CASE 
          WHEN :SN1_X = '1' AND :SN3_X = '1' THEN ' ' 
          WHEN :SN1_X = '1' THEN 'AND PRC.STATUS = ''FATURADO''' 
          ELSE '' 
        END 
 INTO :LTA FROM DUAL;
 SELECT CASE 
          WHEN :SN1_X = '1' AND :SN3_X = '1' THEN ' ' 
          WHEN :SN3_X = '1' THEN 'AND PRC.STATUS NOT IN (''FATURADO'', ''CANCELADO'', ''VENDA PERDIDA'')' 
          ELSE '' 
        END 
 INTO :LTB FROM DUAL;
 SELECT CASE 
          WHEN :SN1_X = '1' AND :SN3_X = '1' THEN ' ' 
          WHEN :SN1_X = '1' THEN 'AND SPRC2 .STATUS = ''FATURADO''' 
          ELSE '' 
        END 
 INTO :LTC FROM DUAL;
 SELECT CASE 
          WHEN :SN1_X = '1' AND :SN3_X = '1' THEN ' ' 
          WHEN :SN3_X = '1' THEN 'AND SPRC2 .STATUS NOT IN (''FATURADO'', ''CANCELADO'', ''VENDA PERDIDA'')' 
          ELSE '' 
        END 
 INTO :LTD FROM DUAL;
SELECT DISTINCT XA.EMPRESA,  
       XA.CEN,   
       XA.JD_QUOTE,  
       XA.TIPO_VENDA,  
       XA.TIPO_DE_EQUIPAMENTO,  
       XA.MARCA,  
       XA.MODELO,  
       XA.SEQPESSOA,   
       XA.NOMERAZAO,  
       XA.CNPJCPF,  
       XA.LINHA_CREDITO,  
       XA.INST_FINANCEIRA,  
       XA.FINANC_CHASSI, 
	   CASE WHEN XA.PROCESSO_N = XH2.PROCESSO THEN XA.ULT_RESULTADO
	    ELSE  XA2.Descricao + ' - ' + XR2.Descricao END AS ULT_RESULTADO, 
       XA.DTA_FATURAMENTO_D,  
       XA.NF_N,  
       XA.DTA_PED_D,  
       XA.DTA_PRENCH_FORM_D,  
       XA.VALOR_N,  
       XA.DTA_ULT_ANDAMENTO_D,  
	   CASE WHEN XA.PROCESSO_N = XH2.PROCESSO THEN XA.ULT_HISTORICO_L
	        ELSE   XR3.Descricao END AS ULT_HISTORICO_L,
	   XA.PROCESSO_N, 
       XA.CARTEIRA,  
       XA.CIDADE,  
       XA.DATA_PEDIDO_HIST_D,  
       XA.CAMPANHA , 
       XA.PROCESSODNA,
       (SELECT FORMAT( MAX(DTAREALIZACAO), 'dd/MM/yyyy' ) AS DT FROM IV_PROCDADO PX, IV_HISTORICO HX WHERE PX.ProcessoDNA = XA.PROCESSODNA AND HX.Processo = PX.PROCESSO AND HX.Resultado = 3239 ) AS DTAPROVADO
 from (
 SELECT DISTINCT EMP.NOMEREDUZIDO AS EMPRESA, 
                hist.vendedor AS CEN,  
                VND.VENDA_JDQUOTE AS JD_QUOTE, 
                VND.VENDA_TIPO_VENDA AS TIPO_VENDA, 
                VND.VENDA_TIPO_EQUIPAMEN AS TIPO_DE_EQUIPAMENTO, 
                VND.VENDA_MARCA_EQUIPAME AS MARCA, 
                VND.VENDA_MODELO_EQUIPAM AS MODELO, 
                PES.SEQPESSOA AS SEQPESSOA,  
                case when isnull(VND.VENDA_COMPRADOR, '@')='@' or VND.VENDA_COMPRADOR=''  
                then PES.NOMERAZAO  
                else VND.VENDA_COMPRADOR end AS NOMERAZAO, 
                  ISNULL(CAST(PES.NROCGCCPF AS VARCHAR), '') + ISNULL(CAST(PES.DIGCGCCPF AS VARCHAR), '') AS CNPJCPF, 
                  VND.VENDA_LINHA_CREDITO AS LINHA_CREDITO, 
                VND.VENDA_INST_FINANC AS INST_FINANCEIRA, 
                ADM.VENDA_FINANC_CHASSI AS FINANC_CHASSI, 
                ACA.Descricao + ' - ' + RES.Descricao AS ULT_RESULTADO, 
               ADM.VENDA_FINANC_DATAFAT AS DTA_FATURAMENTO_D, 
              ADM.VENDA_FINANC_NRO_NF AS NF_N, 
              VND.VENDA_DATA_PEDIDO AS DTA_PED_D, 
              VND.DTAREALIZACAO AS DTA_PRENCH_FORM_D, 
              VND.VENDA_VALOR_TOTAL AS VALOR_N, 
              PDD.DTAULTRESULTADO AS DTA_ULT_ANDAMENTO_D, 
              HIST.DETALHE AS ULT_HISTORICO_L, 
              PRC.PROCESSO AS PROCESSO_N, 
              case when isnull( resp.codusuario, '@')='@' and isnull( resp3.codusuario, '@')='@' then '<outro CEN>'  
              when isnull( resp.codusuario, '@')<>'@' then resp.CodUsuario 
              when isnull( resp3.codusuario, '@')<>'@' then resp3.CodUsuario 
              end AS CARTEIRA, 
               PES.CIDADE + ' - ' + PES.UF AS CIDADE, 
               (SELECT MAX(HIST.DTAREALIZACAO) 
                FROM IV_HISTORICO HIST 
                WHERE HIST.PROCESSO = PRC.PROCESSO 
                 AND HIST.RESULTADO = 3231) AS DATA_PEDIDO_HIST_D, 
             PDD.Campanha ,
             PDD.ProcessoDNA
 FROM IV_PROCESSO PRC 
  JOIN IV_PROCDADO PDD ON PDD.PROCESSO = PRC.PROCESSO  
  JOIN GE_EMPRESA EMP ON EMP.NROEMPRESA = PDD.NROEMPRESA  
  JOIN GE_PESSOA PES ON PES.SEQPESSOA = PDD.SEQPESSOA  
  LEFT JOIN IV_Q$ACOMP_VENDA_FINANC ADM ON ADM.PROCESSO = PRC.PROCESSO  
 JOIN (
SELECT  VND2.PROCESSO,
        VND2.VENDA_JDQUOTE,
        VND2.VENDA_TIPO_VENDA,
        VND2.VENDA_TIPO_EQUIPAMEN,
        VND2.VENDA_MARCA_EQUIPAME,
        VND2.VENDA_MODELO_EQUIPAM,
        VND2.VENDA_COMPRADOR,
        VND2.VENDA_LINHA_CREDITO,
        VND2.VENDA_INST_FINANC,
        VND2.VENDA_DATA_PEDIDO,
        VND2.DTAREALIZACAO,
        VND2.VENDA_VALOR_TOTAL
 FROM IV_Q$VENDA_EQUIPAMENTO VND2
UNION
SELECT  PPD2.PROCESSO,
        VND3.VENDA_JDQUOTE,
        VND3.VENDA_TIPO_VENDA,
        VND3.VENDA_TIPO_EQUIPAMEN,
        VND3.VENDA_MARCA_EQUIPAME,
        VND3.VENDA_MODELO_EQUIPAM,
        VND3.VENDA_COMPRADOR,
        VND3.VENDA_LINHA_CREDITO,
        VND3.VENDA_INST_FINANC,
        VND3.VENDA_DATA_PEDIDO,
        VND3.DTAREALIZACAO,
        VND3.VENDA_VALOR_TOTAL
FROM IV_Q$VENDA_EQUIPAMENTO VND3, IV_PROCDADO PPD2 
WHERE PPD2.PROCESSODNA = VND3.PROCESSO) VND
 ON VND.PROCESSO = PRC.Processo   
  LEFT JOIN ( SELECT HIS.PROCESSO, MAX(HIS.SEQHISTORICO) AS SEQ  
  FROM IV_HISTORICO HIS GROUP BY HIS.PROCESSO) Q ON Q.PROCESSO = PRC.PROCESSO  
  LEFT JOIN IV_HISTORICO HIST ON HIST.SEQHISTORICO = Q.SEQ  
  JOIN IVS_PES IVP ON IVP.SEQPESSOA = PDD.SEQPESSOA  
  AND IVP.SEQDEPTO IN ( 2, 25 )  
  JOIN IVS_CARTEIRA CART  
  ON CART.SEQCARTEIRA = IVP.SEQCARTEIRA  
  AND CART.SEQCARTEIRA IN ( #OPT1_ListChave )
  LEFT JOIN IV_RESULTADO RES ON RES.RESULTADO = HIST.RESULTADO  
  LEFT JOIN IV_ACAO ACA ON ACA.ACAO = RES.ACAO 
  LEFT JOIN IVS_PES IVP2 ON IVP2.SeqPessoa = PES.SeqPessoa AND IVP2.SeqDepto = 2 
  LEFT JOIN IVS_CARTEIRA CART2 ON CART2.SeqCarteira = IVP2.SeqCarteira 
  LEFT JOIN IVS_CartDepto CDEP ON CDEP.SeqDepto = 2 AND CART2.SeqCarteira = CDEP.SeqCarteira 
  LEFT JOIN GE_USUARIO RESP ON RESP.CODUSUARIO = HIST.VENDEDOR AND RESP.SEQUSUARIO = CART2.SeqUsrResp 
 LEFT JOIN IVS_PES IVP3 ON IVP3.SeqPessoa = PES.SeqPessoa AND IVP3.SeqDepto = 25 
  LEFT JOIN IVS_CARTEIRA CART3 ON CART3.SeqCarteira = IVP3.SeqCarteira 
  LEFT JOIN IVS_CartDepto CDEP3 ON CDEP3.SeqDepto = 25 AND CART3.SeqCarteira = CDEP3.SeqCarteira 
  LEFT JOIN GE_USUARIO RESP3 ON RESP3.CODUSUARIO = HIST.VENDEDOR and RESP3.SEQUSUARIO = CART3.SeqUsrResp 
 WHERE PDD.CODPROCESSO in ( 31,41, 50 ) 
  AND VND.VENDA_DATA_PEDIDO >= :DT1 
  AND VND.VENDA_DATA_PEDIDO <= :DT2 
  AND PRC.STATUS NOT IN ('VENDA PERDIDA', 'DESISTIU DA COMPRA', 'CANCELADO', 'PEDIDO NÃO APROVADO', 'CREDITO NAO APROVADO', 'DEVOLVIDO') 
  AND PES.STATUS NOT IN ('F') 
 AND (EXISTS (SELECT 1 FROM IV_HISTORICO WHERE RESULTADO=3231 AND PROCESSO = PDD.PROCESSO)  OR 
	 EXISTS (SELECT 1 FROM IV_HISTORICO H3, IV_PROCDADO P3 WHERE H3.RESULTADO=3231 AND H3.Processo = P3.PROCESSODNA AND P3.PROCESSO = PDD.PROCESSO))  
 AND NOT EXISTS (SELECT 1 FROM IV_HISTORICO HH2, IV_ProcStatMonit SMO 
  WHERE HH2.RESULTADO=3231 AND HH2.PROCESSO = PDD.PROCESSO 
  AND SMO.Processo = HH2.PROCESSO 
  AND SMO.Status = 'CREDITO NAO APROVADO' 
  AND SMO.DtaMonit > HH2.DtaRealizacao 
  )  
   
  #LS2_CMD 
  #LS1_CMD 
  #LS3_CMD 
  #LTA
  #LTB
    
 ) XA
JOIN (SELECT _P.PROCESSODNA, 
       _P2.PROCESSO,
	   MAX( _H.DTAREALIZACAO) AS DTAPROCESSO,
	   MAX( CASE WHEN _H.RESULTADO IN (3232, 3663) THEN _H.DtaRealizacao END ) AS DTADNA
		FROM IV_PROCDADO _P, IV_PROCDADO _P2, IV_HISTORICO _H
		WHERE _P2.PROCESSODNA = _P.PROCESSODNA
			AND _H.PROCESSO = _P2.PROCESSO
		GROUP BY _P.PROCESSODNA, _P2.PROCESSO) XP1 ON XP1.Processo = XA.PROCESSO_N
LEFT JOIN IV_HISTORICO XH2 ON XH2.Processo = XP1.Processo AND XH2.DtaRealizacao = XP1.DTADNA
LEFT JOIN IV_RESULTADO XR2 ON XR2.Resultado = XH2.Resultado
LEFT JOIN IV_ACAO XA2 ON XA2.Acao = XH2.AcaoGeradora
JOIN IV_HISTORICO XH3 ON XH3.Processo = XP1.Processo AND XH3.DtaRealizacao = XP1.DTAPROCESSO
JOIN IV_RESULTADO XR3 ON XR3.Resultado = XH3.Resultado
WHERE 1=1
   AND NOT EXISTS (SELECT 1 FROM IV_Q$VENDA_EQUIPAMENTO WHERE VENDA_QTDE_EQUIPAMEN>1 AND PROCESSO = XA.PROCESSO_N AND PROCESSO = XA.PROCESSODNA ) 
  AND EXISTS (SELECT 1 FROM IV_HISTORICO WHERE ACAOGERADORA = 769 AND PROCESSO = XA.PROCESSO_N)
 ORDER BY 1,2,4,5,6 
","JDE_101XN_CarteiraPedido-XX2.qrp","1","Microsoft Sans Serif","8","","","0","","","","","","V:AMAURY","1","0","0","0","28/10/2025 11:29:11","","","",""
"5","FLX001","Resumo do Fluxo","Resumo do Fluxo","","SET LS1_CMD = ' AND EMP.NOMEREDUZIDO = :LS1 ';
SET LS2_CMD = ' AND PROCD.CAMPANHA = :LS2';
SELECT XRES.NROEMPRESA,
               XRES.NOMEREDUZIDO,
               XRES.VENDEDOR,
               RES.DESCREDFULL,               
               PROCD.CAMPANHA,
               PPP.CODPRODUTO,
               XRES.PROCESSO,
               XRES.DTAREALIZACAO,
               PES.NOMERAZAO,
               PES.CIDADE + '-' + PES.UF AS CIDADE, 
               PES.SEQPESSOA, 
               CPRO.DESCRICAO AS DESCRICAO_L,
               CASE COALESCE (PPP.SEQPROCPRODUTO, -9) WHEN 1 THEN 1 WHEN -9 THEN 1 ELSE 0 END AS TIPO
FROM
(
SELECT HIS.NROEMPRESA, 
               EMP.NOMEREDUZIDO,
               HIS.VENDEDOR, 
               HIS.PROCESSO,
               CONVERT ( VARCHAR, MAX ( HIS.DTAREALIZACAO ), 103 ) AS DTAREALIZACAO
FROM IV_HISTORICO HIS
INNER JOIN GE_EMPRESA EMP ON EMP.NROEMPRESA = HIS.NROEMPRESA
#LS1_CMD
WHERE     HIS.DTAREALIZACAO >= :DT1
          AND HIS.DTAREALIZACAO <= :DT2

GROUP BY HIS.NROEMPRESA, 
               EMP.NOMEREDUZIDO, 
               HIS.VENDEDOR, 
               HIS.PROCESSO
) XRES
INNER JOIN IV_PROCDADO PROCD ON PROCD.PROCESSO = XRES.PROCESSO 
#LS2_CMD
INNER JOIN IV$RESULTADO RES ON RES.RESULTADO = PROCD.ULTRESULTADO
INNER JOIN GE_PESSOA PES ON PES.SEQPESSOA = PROCD.SEQPESSOA
INNER JOIN IV_PROCESSO CPRO ON CPRO.PROCESSO = PROCD.PROCESSO
LEFT   JOIN IV_PROCPRODUTO PPP ON PPP.PROCESSO = PROCD.PROCESSO
ORDER BY  2, 3

","FLX01_Resumo_do_Fluxo.QRP","0","Microsoft Sans Serif","8","Resumo do Fluxo. De #DT1 a #DT2. Empresa: #LS1. Campanha.: #LS2","","0","","","","","","11","1","0","0","1","31/12/1999 00:00:00","","05/04/2023 12:44:06","RHUSSEL.MARQUETTO","22"
"6","JDAF001","JDAF001- Visão Consolidada Satisfação (Serv., Maq., Peça)","JDAF001- Visão Consolidada Satisfação","","SELECT  :SN3 INTO :NRF FROM DUAL;

SELECT CASE WHEN :SN1 =  1 THEN 'Concluídas. '  END INTO :LTF FROM DUAL;

SELECT CASE WHEN :SN2 =  1 THEN 'Produtivos. '  END INTO :LTG FROM DUAL;

SET LS1_CMD = ' EMP.NOMEREDUZIDO = :LS1 AND';

SET LS3_CMD = "" AND ((EXISTS (SELECT 1 FROM IV_CLIENTEATRIB WHERE ATRIBUTO = 'PERFIL CLIENTE SERVIÇOS' AND LISTA = '#LS3' AND SEQPESSOA = HIS.SEQPESSOA) AND '#LS3' <> 'FATURAMENTO ABAIXO DE 30 MIL') OR (NOT EXISTS (SELECT 1 FROM IV_CLIENTEATRIB WHERE ATRIBUTO = 'PERFIL CLIENTE SERVIÇOS' AND SEQPESSOA = HIS.SEQPESSOA) AND '#LS3' = 'FATURAMENTO ABAIXO DE 30 MIL'))"";

SET LS4_CMD = "" AND NOT EXISTS (SELECT 1 FROM IV_CLIENTEATRIB WHERE SEQPESSOA = HIS.SEQPESSOA AND ATRIBUTO = 'PERFIL CLIENTE SERVIÇOS' ) AND :LS3 = 'FATURAMENTO ABAIXO DE 30 MIL'"";

SELECT CASE WHEN :LS4 ='Serviço' THEN '940027' WHEN :LS4 ='Máquina' THEN '940006' WHEN :LS4 ='Peça' THEN '940030' ELSE '940030, 940006, 940027' END INTO :LTE;

SELECT CASE :SN1 WHEN 1 THEN '  AND RES.CONCLUSIVO = ' + CHAR(39) + 'S'  + CHAR(39) ELSE '' END INTO :LTA FROM DUAL;

SELECT CASE :SN2 WHEN 1 THEN '  AND RES.RESULTADO IN (285, 286, 940126, 940127, 940133, 940134)' ELSE '' END INTO :LTB FROM DUAL;

SELECT CASE :LS2 WHEN 'Diária' THEN 'LEFT(CONVERT (VARCHAR(10), HIS.DTAREALIZACAO, 103), 5)' 
                                  WHEN 'Semanal' THEN CHAR(39) + 'Sem ' + CHAR(39) + ' + CAST ( DATEPART ( WK, HIS.DTAREALIZACAO ) - DATEPART(WK, :DT1) + 1 AS VARCHAR )'
                                  ELSE CHAR(39) + 'Mês ' + CHAR(39) + ' + SUBSTRING( CAST ( DATEPART ( month, HIS.DTAREALIZACAO ) + 100 AS VARCHAR ), 2, 2)' END INTO :LTC FROM DUAL;

SELECT HIS.NROEMPRESA AS EMPRESA,  
       EMP.NOMEREDUZIDO AS DESCEMPRESA,
       CONVERT(VARCHAR(10), HIS.DTAREALIZACAO, 103) AS DATA,
       #LTC AS VISAO,
       HIS.RESULTADO AS RESULTADO,
       RES.DESCRICAO AS DESCRESULTADO,
       1 AS QTDE,
       PES.NOMERAZAO, 
       HIS.DETALHE AS DETALHE_L, 
       HIS.PROCESSO, 
       HIS.CODUSUARIO
FROM IV_HISTORICO HIS
INNER JOIN IV_RESULTADO RES ON RES.RESULTADO = HIS.RESULTADO #LTA #LTB
INNER JOIN GE_EMPRESA EMP ON EMP.NROEMPRESA = HIS.NROEMPRESA 
INNER JOIN GE_PESSOA PES ON PES.SEQPESSOA = HIS.SEQPESSOA
WHERE #LS1_CMD
              HIS.DTAREALIZACAO >= :DT1
      AND HIS.DTAREALIZACAO <= :DT2
      AND HIS.ACAOGERADORA IN ( #LTE)

#LS3_CMD

ORDER BY RES.RESULTADO, #LTC
","JD_AF001_visao_consolidada_satisfacao.QRP","1","Microsoft Sans Serif","8","Empresa: #LS1. De #DT1 a #DT2. Visão: #LS2. #LS3. #LTF #LTG. #LS3","","","","","","","","VTCCONS","1","","","","25/03/2015 11:58:00","","22/09/2015 16:46:34","MARCELO.EDER","234"
"7","JDAF009","JDAF009 - Agenda do atendente","JDAF009 - Agenda do atendente","","SELECT (SELECT TIPOUSUARIO FROM GE_USUARIO WHERE CODUSUARIO = :LS2) INTO :LTG FROM DUAL;

SELECT  :SN1 INTO :NRF FROM DUAL;

SELECT  :SN2 INTO :NRE FROM DUAL;

SELECT :SN3 INTO :NRD FROM DUAL;

SELECT '#DT1 à #DT2' INTO :LTA FROM DUAL;

SELECT :NR1 INTO :NRC FROM DUAL;

SELECT CASE :SN3 WHEN 0 THEN 'AGE.DTAAGENDA >= :DT1 AND AGE.DTAAGENDA <= :DT2  AND' ELSE '' END INTO :LTE FROM DUAL;

SELECT CASE :LTG WHEN 'U' THEN ' AND USU.CODUSUARIO = ' + CHAR(39) + '#LS2' + CHAR(39)
ELSE ' AND USU.SEQUSUARIO IN (SELECT USUARIO FROM GE_MEMBRO WHERE GRUPO = (SELECT SEQUSUARIO FROM GE_USUARIO WHERE CODUSUARIO = '
+ CHAR(39) + '#LS2' + CHAR(39) + ') )'
END INTO :LTF;

SELECT AGE.NROEMPRESA AS NROEMPRESA, 
              USU.CODUSUARIO,
              AGE.PROCESSO AS PROCESSO,
              CONVERT ( VARCHAR(12), AGE.DTAAGENDAORIGINAL, 103) AS DTAORIGINAL,
              CONVERT ( VARCHAR(12), AGE.DTAAGENDA, 103) AS DTAAGENDA,
              AGE.SEQPESSOA AS SEQPESSOA,
              PES.NOMERAZAO,
              PES.CIDADE + '-' + PES.UF AS CIDADE,
              ACA.DESCREDUZIDA AS ACAO,
              AGE.DETALHE,
              CONVERT ( VARCHAR(12), AGE.DTAULTRESULTADO, 103) AS DTARESULTADO,
              AGE.ULTRESULTADO AS CODRESULTADO,
              RES.DESCREDUZIDA AS RESULTADO,
/*              DATEDIFF (DAY, ISNULL(AGE.DTAULTRESULTADO, AGE.DTAAGENDA), GETDATE()) AS NDIAS*/
              DATEDIFF (DAY, AGE.DTAAGENDA, GETDATE()) AS NDIAS,
              CASE WHEN DATEDIFF (DAY, AGE.DTAAGENDA, GETDATE()) = 0 THEN '1) Em dia' WHEN DATEDIFF (DAY, AGE.DTAAGENDA, GETDATE()) <= :NR1 THEN '2) No Prazo' ELSE '3) Atrasado' END AS AGENDA
FROM IV_AGENDA AGE
INNER JOIN GE_PESSOA PES ON PES.SEQPESSOA = AGE.SEQPESSOA
INNER JOIN GE_USUARIO USU ON USU.SEQUSUARIO = AGE.SEQUSUARIO #LTF
INNER JOIN IV_ACAO ACA ON ACA.ACAO = AGE.ACAO
INNER JOIN GE_EMPRESA EMP ON EMP.NROEMPRESA = AGE.NROEMPRESA
LEFT JOIN IV_RESULTADO RES ON RES.RESULTADO = AGE.ULTRESULTADO
WHERE #LTE 
               AGE.REALIZADA = 'N'
      AND AGE.ACAO IN  ( #OPT1_ListChave   )
ORDER BY USU.CODUSUARIO, AGE.DTAAGENDA","JD_AF009_Agenda.QRP","1","Microsoft Sans Serif","8","Grupo/usuário.: #LS2. Dias considerado atraso: #NR1.","","","","","","","","VTCCONS","1","","","","17/10/2012 10:24:00","","14/02/2024 13:26:54","NETO.PRADO","457"
"8","JDAF002","JDAF002 - Aferição do Formulário (Serviços)","JDAF002 - Aferição do Formulário (Serviços)","","SET LS1_CMD = ' AND HIS.NROEMPRESA = (SELECT NROEMPRESA FROM GE_EMPRESA WHERE NOMEREDUZIDO = :LS1)';

SET LS2_CMD = ' WHERE XQ.VENDEDOR = :LS2';

SELECT CASE WHEN :TUDO2 = '0' THEN XT.VENDEDOR ELSE 'CONSULTORES' END AS VENDEDOR, 
               XT.QUESTAO, XT.DESCRICAO, XT.RESPOSTA, XT.QTDE
FROM (

SELECT XQ.VENDEDOR, XQ.QUESTAO, XQ.DESCRICAO, XQ.RESPOSTA, COUNT(*) AS QTDE
FROM 
(
SELECT 
       (SELECT DISTINCT OSI.PRODUTIVO
        FROM IV_Q$AFERICAO_SERVICOS QQ 
            INNER JOIN IV_PROCDADO PPD ON PPD.PROCESSO = QQ.PROCESSO
            INNER JOIN IV_HISTORICO HIS ON HIS.PROCESSO = PPD.PROCESSOPAI
            INNER JOIN IV_HISTLINK HLK ON HLK.SEQHISTORICO = HIS.SEQHISTORICO
            INNER JOIN EXT_OS OS ON OS.NROOS = HLK.LINKNRO AND OS.NROEMPRESA = HIS.NROEMPRESA
            INNER JOIN EXT_OSITEM OSI ON OSI.IDOS = OS.IDOS AND OSI.IDITEM=1
        WHERE QQ.SEQQUESTIONARIO = QST.SEQQUESTIONARIO) AS VENDEDOR,
       QUE.QUESTAO, 
       QUE.DESCRICAO, 
       CASE WHEN QST.Q001_INSATISFEITO=1 THEN 'Insatisfeito'
            WHEN QST.Q001_INDIFERENTE=1  THEN 'Indiferente'
            WHEN QST.Q001_SATISFEITO=1   THEN 'Satisfeito' 
            ELSE 'sem resposta' END AS RESPOSTA
FROM IV_Q$AFERICAO_SERVICOS QST
INNER JOIN IV_QUESTAO QUE ON QUE.SEQFORMULARIO = QST.SEQFORMULARIO AND QUE.QUESTAO = 1
INNER JOIN IV_HISTORICO HIS ON HIS.SEQHISTORICO = QST.SEQHISTORICO #LS1_CMD
WHERE QST.DTAREALIZACAO >= :DT1
  AND QST.DTAREALIZACAO <= :DT2
) XQ
#LS2_CMD
GROUP BY XQ.VENDEDOR, XQ.QUESTAO, XQ.DESCRICAO, XQ.RESPOSTA

UNION

SELECT XQ.VENDEDOR, XQ.QUESTAO, XQ.DESCRICAO, XQ.RESPOSTA, COUNT(*) AS QTDE
FROM 
(
SELECT 
       (SELECT DISTINCT OSI.PRODUTIVO
        FROM IV_Q$AFERICAO_SERVICOS QQ 
            INNER JOIN IV_PROCDADO PPD ON PPD.PROCESSO = QQ.PROCESSO
            INNER JOIN IV_HISTORICO HIS ON HIS.PROCESSO = PPD.PROCESSOPAI
            INNER JOIN IV_HISTLINK HLK ON HLK.SEQHISTORICO = HIS.SEQHISTORICO
            INNER JOIN EXT_OS OS ON OS.NROOS = HLK.LINKNRO AND OS.NROEMPRESA = HIS.NROEMPRESA
            INNER JOIN EXT_OSITEM OSI ON OSI.IDOS = OS.IDOS AND OSI.IDITEM=1
        WHERE QQ.SEQQUESTIONARIO = QST.SEQQUESTIONARIO) AS VENDEDOR,
       QUE.QUESTAO, 
       QUE.DESCRICAO, 
       CASE WHEN QST.ATENDIMENTO_CONSULTO='' THEN 'sem resposta' 
            ELSE  QST.ATENDIMENTO_CONSULTO END AS RESPOSTA
FROM IV_Q$AFERICAO_SERVICOS QST
INNER JOIN IV_QUESTAO QUE ON QUE.SEQFORMULARIO = QST.SEQFORMULARIO AND QUE.QUESTAO = 2
INNER JOIN IV_HISTORICO HIS ON HIS.SEQHISTORICO = QST.SEQHISTORICO #LS1_CMD
WHERE QST.DTAREALIZACAO >= :DT1
  AND QST.DTAREALIZACAO <= :DT2
) XQ
#LS2_CMD
GROUP BY XQ.VENDEDOR, XQ.QUESTAO, XQ.DESCRICAO, XQ.RESPOSTA

UNION

SELECT XQ.VENDEDOR, XQ.QUESTAO, XQ.DESCRICAO, XQ.RESPOSTA, COUNT(*) AS QTDE
FROM 
(
SELECT 
       (SELECT DISTINCT OSI.PRODUTIVO
        FROM IV_Q$AFERICAO_SERVICOS QQ 
            INNER JOIN IV_PROCDADO PPD ON PPD.PROCESSO = QQ.PROCESSO
            INNER JOIN IV_HISTORICO HIS ON HIS.PROCESSO = PPD.PROCESSOPAI
            INNER JOIN IV_HISTLINK HLK ON HLK.SEQHISTORICO = HIS.SEQHISTORICO
            INNER JOIN EXT_OS OS ON OS.NROOS = HLK.LINKNRO AND OS.NROEMPRESA = HIS.NROEMPRESA
            INNER JOIN EXT_OSITEM OSI ON OSI.IDOS = OS.IDOS AND OSI.IDITEM=1
        WHERE QQ.SEQQUESTIONARIO = QST.SEQQUESTIONARIO) AS VENDEDOR,
       QUE.QUESTAO, 
       QUE.DESCRICAO, 
       CASE WHEN QST.Q003_ZERO=1   THEN '00'
            WHEN QST.Q003_UM=1     THEN '01'
            WHEN QST.Q003_DOIS=1   THEN '02' 
            WHEN QST.Q003_TRES=1   THEN '03'
            WHEN QST.Q003_QUATRO=1 THEN '04' 
            WHEN QST.Q003_CINCO=1  THEN '05'
            WHEN QST.Q003_SEIS=1   THEN '06' 
            WHEN QST.Q003_SETE=1   THEN '07'
            WHEN QST.Q003_OITO=1   THEN '08' 
            WHEN QST.Q003_NOVE=1   THEN '09'
            WHEN QST.Q003_DEZ=1    THEN '10' 
            ELSE 'sem resposta' END AS RESPOSTA
FROM IV_Q$AFERICAO_SERVICOS QST
INNER JOIN IV_QUESTAO QUE ON QUE.SEQFORMULARIO = QST.SEQFORMULARIO AND QUE.QUESTAO = 3
INNER JOIN IV_HISTORICO HIS ON HIS.SEQHISTORICO = QST.SEQHISTORICO #LS1_CMD
WHERE QST.DTAREALIZACAO >= :DT1
  AND QST.DTAREALIZACAO <= :DT2
) XQ
#LS2_CMD
GROUP BY XQ.VENDEDOR, XQ.QUESTAO, XQ.DESCRICAO, XQ.RESPOSTA

UNION

SELECT XQ.VENDEDOR, XQ.QUESTAO, XQ.DESCRICAO, XQ.RESPOSTA, COUNT(*) AS QTDE
FROM 
(
SELECT 
       (SELECT DISTINCT OSI.PRODUTIVO
        FROM IV_Q$AFERICAO_SERVICOS QQ 
            INNER JOIN IV_PROCDADO PPD ON PPD.PROCESSO = QQ.PROCESSO
            INNER JOIN IV_HISTORICO HIS ON HIS.PROCESSO = PPD.PROCESSOPAI
            INNER JOIN IV_HISTLINK HLK ON HLK.SEQHISTORICO = HIS.SEQHISTORICO
            INNER JOIN EXT_OS OS ON OS.NROOS = HLK.LINKNRO AND OS.NROEMPRESA = HIS.NROEMPRESA
            INNER JOIN EXT_OSITEM OSI ON OSI.IDOS = OS.IDOS AND OSI.IDITEM=1
        WHERE QQ.SEQQUESTIONARIO = QST.SEQQUESTIONARIO) AS VENDEDOR,
       QUE.QUESTAO, 
       QUE.DESCRICAO, 
       CASE WHEN QST.Q004_0=1   THEN '00'
            WHEN QST.Q004_1=1   THEN '01'
            WHEN QST.Q004_2=1   THEN '02' 
            WHEN QST.Q004_3=1   THEN '03'
            WHEN QST.Q004_4=1   THEN '04' 
            WHEN QST.Q004_5=1   THEN '05'
            WHEN QST.Q004_6=1   THEN '06' 
            WHEN QST.Q004_7=1   THEN '07'
            WHEN QST.Q004_8=1   THEN '08' 
            WHEN QST.Q004_9=1   THEN '09'
            WHEN QST.Q004_10=1  THEN '10'
            ELSE 'sem resposta' END AS RESPOSTA
FROM IV_Q$AFERICAO_SERVICOS QST
INNER JOIN IV_QUESTAO QUE ON QUE.SEQFORMULARIO = QST.SEQFORMULARIO AND QUE.QUESTAO = 4
INNER JOIN IV_HISTORICO HIS ON HIS.SEQHISTORICO = QST.SEQHISTORICO #LS1_CMD
WHERE QST.DTAREALIZACAO >= :DT1
  AND QST.DTAREALIZACAO <= :DT2
) XQ
#LS2_CMD
GROUP BY XQ.VENDEDOR, XQ.QUESTAO, XQ.DESCRICAO, XQ.RESPOSTA

UNION

SELECT XQ.VENDEDOR, XQ.QUESTAO, XQ.DESCRICAO, XQ.RESPOSTA, COUNT(*) AS QTDE
FROM 
(
SELECT 
       (SELECT DISTINCT OSI.PRODUTIVO
        FROM IV_Q$AFERICAO_SERVICOS QQ 
            INNER JOIN IV_PROCDADO PPD ON PPD.PROCESSO = QQ.PROCESSO
            INNER JOIN IV_HISTORICO HIS ON HIS.PROCESSO = PPD.PROCESSOPAI
            INNER JOIN IV_HISTLINK HLK ON HLK.SEQHISTORICO = HIS.SEQHISTORICO
            INNER JOIN EXT_OS OS ON OS.NROOS = HLK.LINKNRO AND OS.NROEMPRESA = HIS.NROEMPRESA
            INNER JOIN EXT_OSITEM OSI ON OSI.IDOS = OS.IDOS AND OSI.IDITEM=1
        WHERE QQ.SEQQUESTIONARIO = QST.SEQQUESTIONARIO) AS VENDEDOR,
       QUE.QUESTAO, 
       QUE.DESCRICAO, 
       CASE WHEN QST.Q005_INSATISFEITO=1 THEN 'Insatisfeito'
            WHEN QST.Q005_INDIFERENTE=1  THEN 'Indiferente'
            WHEN QST.Q005_SATISFEITO=1   THEN 'Satisfeito' 
            ELSE 'sem resposta' END AS RESPOSTA
FROM IV_Q$AFERICAO_SERVICOS QST
INNER JOIN IV_QUESTAO QUE ON QUE.SEQFORMULARIO = QST.SEQFORMULARIO AND QUE.QUESTAO = 5
INNER JOIN IV_HISTORICO HIS ON HIS.SEQHISTORICO = QST.SEQHISTORICO #LS1_CMD
WHERE QST.DTAREALIZACAO >= :DT1
  AND QST.DTAREALIZACAO <= :DT2
) XQ
#LS2_CMD
GROUP BY XQ.VENDEDOR, XQ.QUESTAO, XQ.DESCRICAO, XQ.RESPOSTA

UNION

SELECT XQ.VENDEDOR, XQ.QUESTAO, XQ.DESCRICAO, XQ.RESPOSTA, COUNT(*) AS QTDE
FROM 
(
SELECT 
       (SELECT DISTINCT OSI.PRODUTIVO
        FROM IV_Q$AFERICAO_SERVICOS QQ 
            INNER JOIN IV_PROCDADO PPD ON PPD.PROCESSO = QQ.PROCESSO
            INNER JOIN IV_HISTORICO HIS ON HIS.PROCESSO = PPD.PROCESSOPAI
            INNER JOIN IV_HISTLINK HLK ON HLK.SEQHISTORICO = HIS.SEQHISTORICO
            INNER JOIN EXT_OS OS ON OS.NROOS = HLK.LINKNRO AND OS.NROEMPRESA = HIS.NROEMPRESA
            INNER JOIN EXT_OSITEM OSI ON OSI.IDOS = OS.IDOS AND OSI.IDITEM=1
        WHERE QQ.SEQQUESTIONARIO = QST.SEQQUESTIONARIO) AS VENDEDOR,
       QUE.QUESTAO, 
       QUE.DESCRICAO, 
       CASE WHEN QST.RECOMEND_DEPTO_SERVI='' THEN 'sem resposta' 
            ELSE QST.RECOMEND_DEPTO_SERVI END AS RESPOSTA
FROM IV_Q$AFERICAO_SERVICOS QST
INNER JOIN IV_QUESTAO QUE ON QUE.SEQFORMULARIO = QST.SEQFORMULARIO AND QUE.QUESTAO = 6
INNER JOIN IV_HISTORICO HIS ON HIS.SEQHISTORICO = QST.SEQHISTORICO #LS1_CMD
WHERE QST.DTAREALIZACAO >= :DT1
  AND QST.DTAREALIZACAO <= :DT2
) XQ
#LS2_CMD
GROUP BY XQ.VENDEDOR, XQ.QUESTAO, XQ.DESCRICAO, XQ.RESPOSTA

UNION

SELECT XQ.VENDEDOR, XQ.QUESTAO, XQ.DESCRICAO, XQ.RESPOSTA, COUNT(*) AS QTDE
FROM 
(
SELECT 
       (SELECT DISTINCT OSI.PRODUTIVO
        FROM IV_Q$AFERICAO_SERVICOS QQ 
            INNER JOIN IV_PROCDADO PPD ON PPD.PROCESSO = QQ.PROCESSO
            INNER JOIN IV_HISTORICO HIS ON HIS.PROCESSO = PPD.PROCESSOPAI
            INNER JOIN IV_HISTLINK HLK ON HLK.SEQHISTORICO = HIS.SEQHISTORICO
            INNER JOIN EXT_OS OS ON OS.NROOS = HLK.LINKNRO AND OS.NROEMPRESA = HIS.NROEMPRESA
            INNER JOIN EXT_OSITEM OSI ON OSI.IDOS = OS.IDOS AND OSI.IDITEM=1
        WHERE QQ.SEQQUESTIONARIO = QST.SEQQUESTIONARIO) AS VENDEDOR,
       QUE.QUESTAO, 
       QUE.DESCRICAO, 
       CASE WHEN QST.Q007_INSATISFEITO=1 THEN 'Insatisfeito'
            WHEN QST.Q007_INDIFERENTE=1  THEN 'Indiferente'
            WHEN QST.Q007_SATISFEITO=1   THEN 'Satisfeito' 
            ELSE 'sem resposta' END AS RESPOSTA
FROM IV_Q$AFERICAO_SERVICOS QST
INNER JOIN IV_QUESTAO QUE ON QUE.SEQFORMULARIO = QST.SEQFORMULARIO AND QUE.QUESTAO = 7
INNER JOIN IV_HISTORICO HIS ON HIS.SEQHISTORICO = QST.SEQHISTORICO #LS1_CMD
WHERE QST.DTAREALIZACAO >= :DT1
  AND QST.DTAREALIZACAO <= :DT2
) XQ
#LS2_CMD
GROUP BY XQ.VENDEDOR, XQ.QUESTAO, XQ.DESCRICAO, XQ.RESPOSTA

UNION

SELECT XQ.VENDEDOR, XQ.QUESTAO, XQ.DESCRICAO, XQ.RESPOSTA, COUNT(*) AS QTDE
FROM 
(
SELECT 
       (SELECT DISTINCT OSI.PRODUTIVO
        FROM IV_Q$AFERICAO_SERVICOS QQ 
            INNER JOIN IV_PROCDADO PPD ON PPD.PROCESSO = QQ.PROCESSO
            INNER JOIN IV_HISTORICO HIS ON HIS.PROCESSO = PPD.PROCESSOPAI
            INNER JOIN IV_HISTLINK HLK ON HLK.SEQHISTORICO = HIS.SEQHISTORICO
            INNER JOIN EXT_OS OS ON OS.NROOS = HLK.LINKNRO AND OS.NROEMPRESA = HIS.NROEMPRESA
            INNER JOIN EXT_OSITEM OSI ON OSI.IDOS = OS.IDOS AND OSI.IDITEM=1
        WHERE QQ.SEQQUESTIONARIO = QST.SEQQUESTIONARIO) AS VENDEDOR,
       QUE.QUESTAO, 
       QUE.DESCRICAO, 
       CASE WHEN QST.Q008_ESTRUTURA=1       THEN 'Estrutura'
                 WHEN QST.Q008_AREA_DE_VENDAS=1  THEN 'Area de Vendas'
                 WHEN QST.Q008_AREA_DE_PECAS=1   THEN 'Area de Peças' 
                 WHEN QST.Q008_AREA_DE_SERVICO=1 THEN 'Area de Serviço'
                 WHEN QST.Q008_ORGANIZACAO=1     THEN 'Organização' 
                 WHEN QST.Q008_ESPACO_FISICO=1   THEN 'ESpaço Físico'
                 ELSE 'sem resposta' END AS RESPOSTA
FROM IV_Q$AFERICAO_SERVICOS QST
INNER JOIN IV_QUESTAO QUE ON QUE.SEQFORMULARIO = QST.SEQFORMULARIO AND QUE.QUESTAO = 8
INNER JOIN IV_HISTORICO HIS ON HIS.SEQHISTORICO = QST.SEQHISTORICO #LS1_CMD
WHERE QST.DTAREALIZACAO >= :DT1
  AND QST.DTAREALIZACAO <= :DT2
) XQ
#LS2_CMD
GROUP BY XQ.VENDEDOR, XQ.QUESTAO, XQ.DESCRICAO, XQ.RESPOSTA
) XT
ORDER BY XT.VENDEDOR, XT.QUESTAO, XT.DESCRICAO, XT.RESPOSTA","JD_AF002_Afericao_Formulario.QRP","1","Microsoft Sans Serif","8","Período: #DT1 a #DT2. Empresa..: #LS1. Produtivo..: #LS2.","","","","","","","","VTCCONS","1","","","","15/10/2012 14:18:00","","22/09/2015 16:48:42","MARCELO.EDER","21"
"9","JDAF002A","JDAF002A - Afericao do Formulario (Maquinas)","JDAF002A - Afericao do Formulario (Maquinas)","","SET LS1_CMD = ' AND HIS.NROEMPRESA = (SELECT NROEMPRESA FROM GE_EMPRESA WHERE NOMEREDUZIDO = :LS1)';

SET LS2_CMD = ' WHERE XQ.VENDEDOR = :LS2';

SELECT XQ.VENDEDOR, XQ.QUESTAO, XQ.DESCRICAO, XQ.RESPOSTA, COUNT(*) AS QTDE
FROM 
(
SELECT 
       (SELECT DISTINCT CASE WHEN :TUDO2 = '0' THEN NF.VENDEDOR ELSE 'VENDEDORES' END
        FROM IV_Q$AFERICAO_VENDA_MQ_IM QQ 
            INNER JOIN IV_PROCDADO PPD ON PPD.PROCESSO = QQ.PROCESSO
            INNER JOIN IV_HISTORICO HIS ON HIS.PROCESSO = PPD.PROCESSOPAI
            INNER JOIN IV_HISTLINK HLK ON HLK.SEQHISTORICO = HIS.SEQHISTORICO
            INNER JOIN EXT_NFS NF ON NF.NRONF = HLK.LINKNRO AND NF.NROEMPRESA = HIS.NROEMPRESA
            INNER JOIN EXT_NFSITEM NFI ON NFI.IDNFS = NF.IDNFS
        WHERE QQ.SEQQUESTIONARIO = QST.SEQQUESTIONARIO) AS VENDEDOR,
       QUE.QUESTAO, 
       QUE.DESCRICAO, 
       CASE WHEN QST.Q001_ZERO=1   THEN '00'
            WHEN QST.Q001_UM=1     THEN '01'
            WHEN QST.Q001_DOIS=1   THEN '02' 
            WHEN QST.Q001_TRES=1   THEN '03'
            WHEN QST.Q001_QUATRO=1 THEN '04' 
            WHEN QST.Q001_CINCO=1  THEN '05'
            WHEN QST.Q001_SEIS=1   THEN '06' 
            WHEN QST.Q001_SETE=1   THEN '07'
            WHEN QST.Q001_OITO=1   THEN '08' 
            WHEN QST.Q001_NOVE=1   THEN '09'
            WHEN QST.Q001_DEZ=1    THEN '10' 
            ELSE 'sem resposta' END AS RESPOSTA
FROM IV_Q$AFERICAO_VENDA_MQ_IM QST
INNER JOIN IV_QUESTAO QUE ON QUE.SEQFORMULARIO = QST.SEQFORMULARIO AND QUE.QUESTAO = 1
INNER JOIN IV_HISTORICO HIS ON HIS.SEQHISTORICO = QST.SEQHISTORICO #LS1_CMD
WHERE QST.DTAREALIZACAO >= :DT1
      AND QST.DTAREALIZACAO <= :DT2
) XQ
#LS2_CMD
GROUP BY XQ.VENDEDOR, XQ.QUESTAO, XQ.DESCRICAO, XQ.RESPOSTA

UNION

SELECT XQ.VENDEDOR, XQ.QUESTAO, XQ.DESCRICAO, XQ.RESPOSTA, COUNT(*) AS QTDE
FROM 
(
SELECT 
       (SELECT DISTINCT CASE WHEN :TUDO2 = '0' THEN NF.VENDEDOR ELSE 'VENDEDORES' END
        FROM IV_Q$AFERICAO_VENDA_MQ_IM QQ 
            INNER JOIN IV_PROCDADO PPD ON PPD.PROCESSO = QQ.PROCESSO
            INNER JOIN IV_HISTORICO HIS ON HIS.PROCESSO = PPD.PROCESSOPAI
            INNER JOIN IV_HISTLINK HLK ON HLK.SEQHISTORICO = HIS.SEQHISTORICO
            INNER JOIN EXT_NFS NF ON NF.NRONF = HLK.LINKNRO AND NF.NROEMPRESA = HIS.NROEMPRESA
            INNER JOIN EXT_NFSITEM NFI ON NFI.IDNFS = NF.IDNFS
        WHERE QQ.SEQQUESTIONARIO = QST.SEQQUESTIONARIO) AS VENDEDOR,
       QUE.QUESTAO, 
       QUE.DESCRICAO, 
       CASE WHEN QST.Q002_INSATISFEITO=1 THEN 'Insatisfeito'
            WHEN QST.Q002_INDIFERENTE=1  THEN 'Indiferente'
            WHEN QST.Q002_SATISFEITO=1   THEN 'Satisfeito' 
            ELSE 'sem resposta' END AS RESPOSTA
FROM IV_Q$AFERICAO_VENDA_MQ_IM QST
INNER JOIN IV_QUESTAO QUE ON QUE.SEQFORMULARIO = QST.SEQFORMULARIO AND QUE.QUESTAO = 2
INNER JOIN IV_HISTORICO HIS ON HIS.SEQHISTORICO = QST.SEQHISTORICO #LS1_CMD
WHERE QST.DTAREALIZACAO >= :DT1
      AND QST.DTAREALIZACAO <= :DT2
) XQ
#LS2_CMD
GROUP BY XQ.VENDEDOR, XQ.QUESTAO, XQ.DESCRICAO, XQ.RESPOSTA

UNION

SELECT XQ.VENDEDOR, XQ.QUESTAO, XQ.DESCRICAO, XQ.RESPOSTA, COUNT(*) AS QTDE
FROM 
(
SELECT 
       (SELECT DISTINCT CASE WHEN :TUDO2 = '0' THEN NF.VENDEDOR ELSE 'VENDEDORES' END
        FROM IV_Q$AFERICAO_VENDA_MQ_IM QQ 
            INNER JOIN IV_PROCDADO PPD ON PPD.PROCESSO = QQ.PROCESSO
            INNER JOIN IV_HISTORICO HIS ON HIS.PROCESSO = PPD.PROCESSOPAI
            INNER JOIN IV_HISTLINK HLK ON HLK.SEQHISTORICO = HIS.SEQHISTORICO
            INNER JOIN EXT_NFS NF ON NF.NRONF = HLK.LINKNRO AND NF.NROEMPRESA = HIS.NROEMPRESA
            INNER JOIN EXT_NFSITEM NFI ON NFI.IDNFS = NF.IDNFS
        WHERE QQ.SEQQUESTIONARIO = QST.SEQQUESTIONARIO) AS VENDEDOR,
       QUE.QUESTAO, 
       QUE.DESCRICAO, 
       CASE WHEN QST.Q003_INSATISFEITO=1 THEN 'Insatisfeito'
            WHEN QST.Q003_INDIFERENTE=1  THEN 'Indiferente'
            WHEN QST.Q003_SATISFEITO=1   THEN 'Satisfeito' 
            ELSE 'sem resposta' END AS RESPOSTA
FROM IV_Q$AFERICAO_VENDA_MQ_IM QST
INNER JOIN IV_QUESTAO QUE ON QUE.SEQFORMULARIO = QST.SEQFORMULARIO AND QUE.QUESTAO = 3
INNER JOIN IV_HISTORICO HIS ON HIS.SEQHISTORICO = QST.SEQHISTORICO #LS1_CMD
WHERE QST.DTAREALIZACAO >= :DT1
      AND QST.DTAREALIZACAO <= :DT2
) XQ
#LS2_CMD
GROUP BY XQ.VENDEDOR, XQ.QUESTAO, XQ.DESCRICAO, XQ.RESPOSTA

UNION
SELECT XQ.VENDEDOR, XQ.QUESTAO, XQ.DESCRICAO, XQ.RESPOSTA, COUNT(*) AS QTDE
FROM 
(
SELECT 
       (SELECT DISTINCT CASE WHEN :TUDO2 = '0' THEN NF.VENDEDOR ELSE 'VENDEDORES' END
        FROM IV_Q$AFERICAO_VENDA_MQ_IM QQ 
            INNER JOIN IV_PROCDADO PPD ON PPD.PROCESSO = QQ.PROCESSO
            INNER JOIN IV_HISTORICO HIS ON HIS.PROCESSO = PPD.PROCESSOPAI
            INNER JOIN IV_HISTLINK HLK ON HLK.SEQHISTORICO = HIS.SEQHISTORICO
            INNER JOIN EXT_NFS NF ON NF.NRONF = HLK.LINKNRO AND NF.NROEMPRESA = HIS.NROEMPRESA
            INNER JOIN EXT_NFSITEM NFI ON NFI.IDNFS = NF.IDNFS
        WHERE QQ.SEQQUESTIONARIO = QST.SEQQUESTIONARIO) AS VENDEDOR,
       QUE.QUESTAO, 
       QUE.DESCRICAO, 
       CASE WHEN QST.Q004_INSATISFEITO=1 THEN 'Insatisfeito'
            WHEN QST.Q004_INDIFERENTE=1  THEN 'Indiferente'
            WHEN QST.Q004_SATISFEITO=1   THEN 'Satisfeito' 
            ELSE 'sem resposta' END AS RESPOSTA
FROM IV_Q$AFERICAO_VENDA_MQ_IM QST
INNER JOIN IV_QUESTAO QUE ON QUE.SEQFORMULARIO = QST.SEQFORMULARIO AND QUE.QUESTAO = 4
INNER JOIN IV_HISTORICO HIS ON HIS.SEQHISTORICO = QST.SEQHISTORICO #LS1_CMD
WHERE QST.DTAREALIZACAO >= :DT1
      AND QST.DTAREALIZACAO <= :DT2
) XQ
#LS2_CMD
GROUP BY XQ.VENDEDOR, XQ.QUESTAO, XQ.DESCRICAO, XQ.RESPOSTA

UNION
SELECT XQ.VENDEDOR, XQ.QUESTAO, XQ.DESCRICAO, XQ.RESPOSTA, COUNT(*) AS QTDE
FROM 
(
SELECT 
       (SELECT DISTINCT CASE WHEN :TUDO2 = '0' THEN NF.VENDEDOR ELSE 'VENDEDORES' END
        FROM IV_Q$AFERICAO_VENDA_MQ_IM QQ 
            INNER JOIN IV_PROCDADO PPD ON PPD.PROCESSO = QQ.PROCESSO
            INNER JOIN IV_HISTORICO HIS ON HIS.PROCESSO = PPD.PROCESSOPAI
            INNER JOIN IV_HISTLINK HLK ON HLK.SEQHISTORICO = HIS.SEQHISTORICO
            INNER JOIN EXT_NFS NF ON NF.NRONF = HLK.LINKNRO AND NF.NROEMPRESA = HIS.NROEMPRESA
            INNER JOIN EXT_NFSITEM NFI ON NFI.IDNFS = NF.IDNFS
        WHERE QQ.SEQQUESTIONARIO = QST.SEQQUESTIONARIO) AS VENDEDOR,
       QUE.QUESTAO, 
       QUE.DESCRICAO, 
       CASE WHEN QST.RECOM_COLORADO_JD_VE='' THEN 'sem resposta' 
                   ELSE  QST.RECOM_COLORADO_JD_VE END AS RESPOSTA
FROM IV_Q$AFERICAO_VENDA_MQ_IM QST
INNER JOIN IV_QUESTAO QUE ON QUE.SEQFORMULARIO = QST.SEQFORMULARIO AND QUE.QUESTAO = 5
INNER JOIN IV_HISTORICO HIS ON HIS.SEQHISTORICO = QST.SEQHISTORICO #LS1_CMD
WHERE QST.DTAREALIZACAO >= :DT1
      AND QST.DTAREALIZACAO <= :DT2
) XQ
#LS2_CMD
GROUP BY XQ.VENDEDOR, XQ.QUESTAO, XQ.DESCRICAO, XQ.RESPOSTA

UNION
SELECT XQ.VENDEDOR, XQ.QUESTAO, XQ.DESCRICAO, XQ.RESPOSTA, COUNT(*) AS QTDE
FROM 
(
SELECT 
       (SELECT DISTINCT CASE WHEN :TUDO2 = '0' THEN NF.VENDEDOR ELSE 'VENDEDORES' END
        FROM IV_Q$AFERICAO_VENDA_MQ_IM QQ 
            INNER JOIN IV_PROCDADO PPD ON PPD.PROCESSO = QQ.PROCESSO
            INNER JOIN IV_HISTORICO HIS ON HIS.PROCESSO = PPD.PROCESSOPAI
            INNER JOIN IV_HISTLINK HLK ON HLK.SEQHISTORICO = HIS.SEQHISTORICO
            INNER JOIN EXT_NFS NF ON NF.NRONF = HLK.LINKNRO AND NF.NROEMPRESA = HIS.NROEMPRESA
            INNER JOIN EXT_NFSITEM NFI ON NFI.IDNFS = NF.IDNFS
        WHERE QQ.SEQQUESTIONARIO = QST.SEQQUESTIONARIO) AS VENDEDOR,
       QUE.QUESTAO, 
       QUE.DESCRICAO, 
       CASE WHEN QST.Q006_INSATISFEITO=1 THEN 'Insatisfeito'
            WHEN QST.Q006_INDIFERENTE=1  THEN 'Indiferente'
            WHEN QST.Q006_SATISFEITO=1   THEN 'Satisfeito' 
            ELSE 'sem resposta' END AS RESPOSTA
FROM IV_Q$AFERICAO_VENDA_MQ_IM QST
INNER JOIN IV_QUESTAO QUE ON QUE.SEQFORMULARIO = QST.SEQFORMULARIO AND QUE.QUESTAO = 6
INNER JOIN IV_HISTORICO HIS ON HIS.SEQHISTORICO = QST.SEQHISTORICO #LS1_CMD
WHERE QST.DTAREALIZACAO >= :DT1
      AND QST.DTAREALIZACAO <= :DT2
) XQ
#LS2_CMD
GROUP BY XQ.VENDEDOR, XQ.QUESTAO, XQ.DESCRICAO, XQ.RESPOSTA

UNION
SELECT XQ.VENDEDOR, XQ.QUESTAO, XQ.DESCRICAO, XQ.RESPOSTA, COUNT(*) AS QTDE
FROM 
(
SELECT 
       (SELECT DISTINCT CASE WHEN :TUDO2 = '0' THEN NF.VENDEDOR ELSE 'VENDEDORES' END
        FROM IV_Q$AFERICAO_VENDA_MQ_IM QQ 
            INNER JOIN IV_PROCDADO PPD ON PPD.PROCESSO = QQ.PROCESSO
            INNER JOIN IV_HISTORICO HIS ON HIS.PROCESSO = PPD.PROCESSOPAI
            INNER JOIN IV_HISTLINK HLK ON HLK.SEQHISTORICO = HIS.SEQHISTORICO
            INNER JOIN EXT_NFS NF ON NF.NRONF = HLK.LINKNRO AND NF.NROEMPRESA = HIS.NROEMPRESA
            INNER JOIN EXT_NFSITEM NFI ON NFI.IDNFS = NF.IDNFS
        WHERE QQ.SEQQUESTIONARIO = QST.SEQQUESTIONARIO) AS VENDEDOR,
       QUE.QUESTAO, 
       QUE.DESCRICAO, 
       CASE WHEN QST.Q007_ESTRUTURA=1 THEN 'Estrutura'
                 WHEN QST.Q007_AREA_VENDAS=1  THEN 'Area Vendas'
                 WHEN QST.Q007_AREA_PECAS=1   THEN 'Area Peças' 
                 WHEN QST.Q007_AREA_SERVICO=1  THEN 'Area Serviço'
                 WHEN QST.Q007_ORGANIZACAO=1   THEN 'Organizaçao' 
                 WHEN QST.Q007_ESPACO_FISICO=1  THEN 'Espaço Físico'
            ELSE 'sem resposta' END AS RESPOSTA
FROM IV_Q$AFERICAO_VENDA_MQ_IM QST
INNER JOIN IV_QUESTAO QUE ON QUE.SEQFORMULARIO = QST.SEQFORMULARIO AND QUE.QUESTAO = 7
INNER JOIN IV_HISTORICO HIS ON HIS.SEQHISTORICO = QST.SEQHISTORICO #LS1_CMD
WHERE QST.DTAREALIZACAO >= :DT1
      AND QST.DTAREALIZACAO <= :DT2
) XQ
#LS2_CMD
GROUP BY XQ.VENDEDOR, XQ.QUESTAO, XQ.DESCRICAO, XQ.RESPOSTA
","JD_AF002_Afericao_Formulario.QRP","1","Microsoft Sans Serif","8","Período: #DT1 a #DT2. Empresa..: #LS1. Vendedor..: #LS2.","","","","","","","","VTCCONS","1","","","","15/10/2012 11:17:00","","14/04/2014 09:59:13","JACQUELINE.DUARTE","18"
"10","JDAF002B","JDAF002B - Afericao do Formulario (Peças)","JDAF002B - Afericao do Formulario (Peças)","","SET LS1_CMD = ' AND HIS.NROEMPRESA = (SELECT NROEMPRESA FROM GE_EMPRESA WHERE NOMEREDUZIDO = :LS1)';

SET LS2_CMD = ' WHERE XQ.VENDEDOR = :LS2';

SELECT XQ.VENDEDOR, XQ.QUESTAO, XQ.DESCRICAO, XQ.RESPOSTA, COUNT(*) AS QTDE
FROM 
(
SELECT 
       (SELECT DISTINCT CASE WHEN :TUDO2 = '0' THEN NF.VENDEDOR ELSE 'VENDEDORES' END
        FROM IV_Q$AFERICAO_PECAS QQ 
            INNER JOIN IV_PROCDADO PPD ON PPD.PROCESSO = QQ.PROCESSO
            INNER JOIN IV_HISTORICO HIS ON HIS.PROCESSO = PPD.PROCESSOPAI
            INNER JOIN IV_HISTLINK HLK ON HLK.SEQHISTORICO = HIS.SEQHISTORICO
            INNER JOIN EXT_NFS NF ON NF.NRONF = HLK.LINKNRO AND NF.NROEMPRESA = HIS.NROEMPRESA
            INNER JOIN EXT_NFSITEM NFI ON NFI.IDNFS = NF.IDNFS
        WHERE QQ.SEQQUESTIONARIO = QST.SEQQUESTIONARIO) AS VENDEDOR,
       QUE.QUESTAO, 
       QUE.DESCRICAO, 
       CASE WHEN QST.Q001_ZERO=1   THEN '00'
            WHEN QST.Q001_UM=1     THEN '01'
            WHEN QST.Q001_DOIS=1   THEN '02' 
            WHEN QST.Q001_TRES=1   THEN '03'
            WHEN QST.Q001_QUATRO=1 THEN '04' 
            WHEN QST.Q001_CINCO=1  THEN '05'
            WHEN QST.Q001_SEIS=1   THEN '06' 
            WHEN QST.Q001_SETE=1   THEN '07'
            WHEN QST.Q001_OITO=1   THEN '08' 
            WHEN QST.Q001_NOVE=1   THEN '09'
            WHEN QST.Q001_DEZ=1    THEN '10' 
            ELSE 'sem resposta' END AS RESPOSTA
FROM IV_Q$AFERICAO_PECAS QST
INNER JOIN IV_QUESTAO QUE ON QUE.SEQFORMULARIO = QST.SEQFORMULARIO AND QUE.QUESTAO = 1
INNER JOIN IV_HISTORICO HIS ON HIS.SEQHISTORICO = QST.SEQHISTORICO #LS1_CMD
WHERE QST.DTAREALIZACAO >= :DT1
      AND QST.DTAREALIZACAO <= :DT2
) XQ
#LS2_CMD
GROUP BY XQ.VENDEDOR, XQ.QUESTAO, XQ.DESCRICAO, XQ.RESPOSTA

UNION

SELECT XQ.VENDEDOR, XQ.QUESTAO, XQ.DESCRICAO, XQ.RESPOSTA, COUNT(*) AS QTDE
FROM 
(
SELECT 
       (SELECT DISTINCT CASE WHEN :TUDO2 = '0' THEN NF.VENDEDOR ELSE 'VENDEDORES' END
        FROM IV_Q$AFERICAO_PECAS QQ 
            INNER JOIN IV_PROCDADO PPD ON PPD.PROCESSO = QQ.PROCESSO
            INNER JOIN IV_HISTORICO HIS ON HIS.PROCESSO = PPD.PROCESSOPAI
            INNER JOIN IV_HISTLINK HLK ON HLK.SEQHISTORICO = HIS.SEQHISTORICO
            INNER JOIN EXT_NFS NF ON NF.NRONF = HLK.LINKNRO AND NF.NROEMPRESA = HIS.NROEMPRESA
            INNER JOIN EXT_NFSITEM NFI ON NFI.IDNFS = NF.IDNFS
        WHERE QQ.SEQQUESTIONARIO = QST.SEQQUESTIONARIO) AS VENDEDOR,
       QUE.QUESTAO, 
       QUE.DESCRICAO, 
       CASE WHEN QST.Q002_INSATISFEITO=1 THEN 'Insatisfeito'
            WHEN QST.Q002_INDIFERENTE=1  THEN 'Indiferente'
            WHEN QST.Q002_SATISFEITO=1   THEN 'Satisfeito' 
            ELSE 'sem resposta' END AS RESPOSTA
FROM IV_Q$AFERICAO_PECAS QST
INNER JOIN IV_QUESTAO QUE ON QUE.SEQFORMULARIO = QST.SEQFORMULARIO AND QUE.QUESTAO = 2
INNER JOIN IV_HISTORICO HIS ON HIS.SEQHISTORICO = QST.SEQHISTORICO #LS1_CMD
WHERE QST.DTAREALIZACAO >= :DT1
      AND QST.DTAREALIZACAO <= :DT2
) XQ
#LS2_CMD
GROUP BY XQ.VENDEDOR, XQ.QUESTAO, XQ.DESCRICAO, XQ.RESPOSTA

UNION

SELECT XQ.VENDEDOR, XQ.QUESTAO, XQ.DESCRICAO, XQ.RESPOSTA, COUNT(*) AS QTDE
FROM 
(
SELECT 
       (SELECT DISTINCT CASE WHEN :TUDO2 = '0' THEN NF.VENDEDOR ELSE 'VENDEDORES' END
        FROM IV_Q$AFERICAO_PECAS QQ 
            INNER JOIN IV_PROCDADO PPD ON PPD.PROCESSO = QQ.PROCESSO
            INNER JOIN IV_HISTORICO HIS ON HIS.PROCESSO = PPD.PROCESSOPAI
            INNER JOIN IV_HISTLINK HLK ON HLK.SEQHISTORICO = HIS.SEQHISTORICO
            INNER JOIN EXT_NFS NF ON NF.NRONF = HLK.LINKNRO AND NF.NROEMPRESA = HIS.NROEMPRESA
            INNER JOIN EXT_NFSITEM NFI ON NFI.IDNFS = NF.IDNFS
        WHERE QQ.SEQQUESTIONARIO = QST.SEQQUESTIONARIO) AS VENDEDOR,
       QUE.QUESTAO, 
       QUE.DESCRICAO, 
       CASE WHEN QST.Q003_INSATISFEITO=1 THEN 'Insatisfeito'
            WHEN QST.Q003_INDIFERENTE=1  THEN 'Indiferente'
            WHEN QST.Q003_SATISFEITO=1   THEN 'Satisfeito' 
            ELSE 'sem resposta' END AS RESPOSTA
FROM IV_Q$AFERICAO_PECAS QST
INNER JOIN IV_QUESTAO QUE ON QUE.SEQFORMULARIO = QST.SEQFORMULARIO AND QUE.QUESTAO = 3
INNER JOIN IV_HISTORICO HIS ON HIS.SEQHISTORICO = QST.SEQHISTORICO #LS1_CMD
WHERE QST.DTAREALIZACAO >= :DT1
      AND QST.DTAREALIZACAO <= :DT2
) XQ
#LS2_CMD
GROUP BY XQ.VENDEDOR, XQ.QUESTAO, XQ.DESCRICAO, XQ.RESPOSTA

UNION
SELECT XQ.VENDEDOR, XQ.QUESTAO, XQ.DESCRICAO, XQ.RESPOSTA, COUNT(*) AS QTDE
FROM 
(
SELECT 
       (SELECT DISTINCT CASE WHEN :TUDO2 = '0' THEN NF.VENDEDOR ELSE 'VENDEDORES' END
        FROM IV_Q$AFERICAO_PECAS QQ 
            INNER JOIN IV_PROCDADO PPD ON PPD.PROCESSO = QQ.PROCESSO
            INNER JOIN IV_HISTORICO HIS ON HIS.PROCESSO = PPD.PROCESSOPAI
            INNER JOIN IV_HISTLINK HLK ON HLK.SEQHISTORICO = HIS.SEQHISTORICO
            INNER JOIN EXT_NFS NF ON NF.NRONF = HLK.LINKNRO AND NF.NROEMPRESA = HIS.NROEMPRESA
            INNER JOIN EXT_NFSITEM NFI ON NFI.IDNFS = NF.IDNFS
        WHERE QQ.SEQQUESTIONARIO = QST.SEQQUESTIONARIO) AS VENDEDOR,
       QUE.QUESTAO, 
       QUE.DESCRICAO, 
       CASE WHEN QST.Q004_INSATISFEITO=1 THEN 'Insatisfeito'
            WHEN QST.Q004_INDIFERENTE=1  THEN 'Indiferente'
            WHEN QST.Q004_SATISFEITO=1   THEN 'Satisfeito' 
            ELSE 'sem resposta' END AS RESPOSTA
FROM IV_Q$AFERICAO_PECAS QST
INNER JOIN IV_QUESTAO QUE ON QUE.SEQFORMULARIO = QST.SEQFORMULARIO AND QUE.QUESTAO = 4
INNER JOIN IV_HISTORICO HIS ON HIS.SEQHISTORICO = QST.SEQHISTORICO #LS1_CMD
WHERE QST.DTAREALIZACAO >= :DT1
      AND QST.DTAREALIZACAO <= :DT2
) XQ
#LS2_CMD
GROUP BY XQ.VENDEDOR, XQ.QUESTAO, XQ.DESCRICAO, XQ.RESPOSTA

UNION
SELECT XQ.VENDEDOR, XQ.QUESTAO, XQ.DESCRICAO, XQ.RESPOSTA, COUNT(*) AS QTDE
FROM 
(
SELECT 
       (SELECT DISTINCT CASE WHEN :TUDO2 = '0' THEN NF.VENDEDOR ELSE 'VENDEDORES' END
        FROM IV_Q$AFERICAO_PECAS QQ 
            INNER JOIN IV_PROCDADO PPD ON PPD.PROCESSO = QQ.PROCESSO
            INNER JOIN IV_HISTORICO HIS ON HIS.PROCESSO = PPD.PROCESSOPAI
            INNER JOIN IV_HISTLINK HLK ON HLK.SEQHISTORICO = HIS.SEQHISTORICO
            INNER JOIN EXT_NFS NF ON NF.NRONF = HLK.LINKNRO AND NF.NROEMPRESA = HIS.NROEMPRESA
            INNER JOIN EXT_NFSITEM NFI ON NFI.IDNFS = NF.IDNFS
        WHERE QQ.SEQQUESTIONARIO = QST.SEQQUESTIONARIO) AS VENDEDOR,
       QUE.QUESTAO, 
       QUE.DESCRICAO, 
       CASE WHEN QST.RECOM_DEPTO_PECAS_CO='' THEN 'sem resposta' 
            ELSE  QST.RECOM_DEPTO_PECAS_CO END AS RESPOSTA
FROM IV_Q$AFERICAO_PECAS QST
INNER JOIN IV_QUESTAO QUE ON QUE.SEQFORMULARIO = QST.SEQFORMULARIO AND QUE.QUESTAO = 5
INNER JOIN IV_HISTORICO HIS ON HIS.SEQHISTORICO = QST.SEQHISTORICO #LS1_CMD
WHERE QST.DTAREALIZACAO >= :DT1
      AND QST.DTAREALIZACAO <= :DT2
) XQ
#LS2_CMD
GROUP BY XQ.VENDEDOR, XQ.QUESTAO, XQ.DESCRICAO, XQ.RESPOSTA

UNION
SELECT XQ.VENDEDOR, XQ.QUESTAO, XQ.DESCRICAO, XQ.RESPOSTA, COUNT(*) AS QTDE
FROM 
(
SELECT 
       (SELECT DISTINCT CASE WHEN :TUDO2 = '0' THEN NF.VENDEDOR ELSE 'VENDEDORES' END
        FROM IV_Q$AFERICAO_PECAS QQ 
            INNER JOIN IV_PROCDADO PPD ON PPD.PROCESSO = QQ.PROCESSO
            INNER JOIN IV_HISTORICO HIS ON HIS.PROCESSO = PPD.PROCESSOPAI
            INNER JOIN IV_HISTLINK HLK ON HLK.SEQHISTORICO = HIS.SEQHISTORICO
            INNER JOIN EXT_NFS NF ON NF.NRONF = HLK.LINKNRO AND NF.NROEMPRESA = HIS.NROEMPRESA
            INNER JOIN EXT_NFSITEM NFI ON NFI.IDNFS = NF.IDNFS
        WHERE QQ.SEQQUESTIONARIO = QST.SEQQUESTIONARIO) AS VENDEDOR,
       QUE.QUESTAO, 
       QUE.DESCRICAO, 
       CASE WHEN QST.Q006_INSATISFEITO=1 THEN 'Insatisfeito'
            WHEN QST.Q006_INDIFERENTE=1  THEN 'Indiferente'
            WHEN QST.Q006_SATISFEITO=1   THEN 'Satisfeito' 
            ELSE 'sem resposta' END AS RESPOSTA
FROM IV_Q$AFERICAO_PECAS QST
INNER JOIN IV_QUESTAO QUE ON QUE.SEQFORMULARIO = QST.SEQFORMULARIO AND QUE.QUESTAO = 6
INNER JOIN IV_HISTORICO HIS ON HIS.SEQHISTORICO = QST.SEQHISTORICO #LS1_CMD
WHERE QST.DTAREALIZACAO >= :DT1
      AND QST.DTAREALIZACAO <= :DT2
) XQ
#LS2_CMD
GROUP BY XQ.VENDEDOR, XQ.QUESTAO, XQ.DESCRICAO, XQ.RESPOSTA

UNION
SELECT XQ.VENDEDOR, XQ.QUESTAO, XQ.DESCRICAO, XQ.RESPOSTA, COUNT(*) AS QTDE
FROM 
(
SELECT 
       (SELECT DISTINCT CASE WHEN :TUDO2 = '0' THEN NF.VENDEDOR ELSE 'VENDEDORES' END
        FROM IV_Q$AFERICAO_PECAS QQ 
            INNER JOIN IV_PROCDADO PPD ON PPD.PROCESSO = QQ.PROCESSO
            INNER JOIN IV_HISTORICO HIS ON HIS.PROCESSO = PPD.PROCESSOPAI
            INNER JOIN IV_HISTLINK HLK ON HLK.SEQHISTORICO = HIS.SEQHISTORICO
            INNER JOIN EXT_NFS NF ON NF.NRONF = HLK.LINKNRO AND NF.NROEMPRESA = HIS.NROEMPRESA
            INNER JOIN EXT_NFSITEM NFI ON NFI.IDNFS = NF.IDNFS
        WHERE QQ.SEQQUESTIONARIO = QST.SEQQUESTIONARIO) AS VENDEDOR,
       QUE.QUESTAO, 
       QUE.DESCRICAO, 
       CASE WHEN QST.Q007_ESTRUTURA=1 THEN 'Estrutura'
                 WHEN QST.Q007_AREA_DE_VENDAS=1  THEN 'Area Vendas'
                 WHEN QST.Q007_AREA_DE_PECAS=1   THEN 'Area Peças' 
                 WHEN QST.Q007_AREA_DE_SERVICO=1  THEN 'Area Serviço'
                 WHEN QST.Q007_ORGANIZACAO=1   THEN 'Organizaçao' 
                 WHEN QST.Q007_ESPACO_FISICO=1  THEN 'Espaço Físico'
            ELSE 'sem resposta' END AS RESPOSTA
FROM IV_Q$AFERICAO_PECAS QST
INNER JOIN IV_QUESTAO QUE ON QUE.SEQFORMULARIO = QST.SEQFORMULARIO AND QUE.QUESTAO = 7
INNER JOIN IV_HISTORICO HIS ON HIS.SEQHISTORICO = QST.SEQHISTORICO #LS1_CMD
WHERE QST.DTAREALIZACAO >= :DT1
      AND QST.DTAREALIZACAO <= :DT2
) XQ
#LS2_CMD
GROUP BY XQ.VENDEDOR, XQ.QUESTAO, XQ.DESCRICAO, XQ.RESPOSTA
","JD_AF002_Afericao_Formulario.QRP","1","Microsoft Sans Serif","8","Período: #DT1 a #DT2. Empresa..: #LS1. Vendedor..: #LS2.","","","","","","","","VTCCONS","1","","","","15/10/2012 11:08:00","","23/09/2014 15:09:22","ALEXANDRE.GARCIA","9"
"11","JDAF007","JDAF007 - Verbalizaçao da aferiçao","JDAF007 - Verbalizaçao da aferiçao","","SET LS1_CMD = ' AND HIS.NROEMPRESA = (SELECT NROEMPRESA FROM GE_EMPRESA WHERE NOMEREDUZIDO = :LS1)';

SELECT CASE WHEN :LS2 = 'Serviços' AND :LS3 = 'Satisfeito' THEN ' AND QST.Q007_SATISFEITO=1 '
                         WHEN :LS2 = 'Serviços' AND :LS3 = 'Insatisfeito' THEN ' AND QST.Q007_INSATISFEITO=1 '
                         WHEN :LS2 = 'Serviços' AND :LS3 = 'Indiferente' THEN ' AND QST.Q007_INDIFERENTE=1 '
                         WHEN :LS2 = 'Peças' AND :LS3 = 'Satisfeito' THEN ' AND QST.Q006_SATISFEITO=1 '
                         WHEN :LS2 = 'Peças' AND :LS3 = 'Insatisfeito' THEN ' AND QST.Q006_INSATISFEITO=1 '
                         WHEN :LS2 = 'Peças' AND :LS3 = 'Indiferente' THEN ' AND QST.Q006_INDIFERENTE=1 '
                         WHEN :LS2 = 'Máquinas' AND :LS3 = 'Satisfeito' THEN ' AND QST.Q006_SATISFEITO=1 '
                         WHEN :LS2 = 'Máquinas' AND :LS3 = 'Insatisfeito' THEN ' AND QST.Q006_INSATISFEITO=1 '
                         WHEN :LS2 = 'Máquinas' AND :LS3 = 'Indiferente' THEN ' AND QST.Q006_INDIFERENTE=1 '
                END INTO :LS3_CMD FROM DUAL;

SELECT CASE :TUDO1 WHEN 1 THEN 'LEFT JOIN ' ELSE 'INNER JOIN ' END INTO :LTG FROM DUAL;

SELECT CASE :LS2 WHEN 'Serviços' THEN 'IV_Q$AFERICAO_SERVICOS' 
                                 WHEN 'Peças' THEN 'IV_Q$AFERICAO_PECAS'
                                  ELSE 'IV_Q$AFERICAO_VENDA_MQ_IM' END INTO :LTF FROM DUAL;

SELECT PES.SEQPESSOA,
       PES.NOMERAZAO,
       PES.CIDADE, 
       PES.FONEDDD1 + '-' + CAST ( PES.FONENRO1 AS VARCHAR(10) ) + ' ' +
       PES.FONEDDD2 + '-' + CAST ( PES.FONENRO2 AS VARCHAR(10) ) AS FONE,
       QST.PROCESSO, 
       (SELECT MAX(FASE) FROM IV_PROCFASEMONIT FS WHERE FS.PROCESSO = QST.PROCESSO) AS FASE,
       CONVERT( varchar(10), HIS.DTAREALIZACAO, 103) AS DTAREALIZACAO,
       HIS.DETALHE,
       (SELECT PRC.DESCRICAO FROM IV_PROCESSO PRC 
                 INNER JOIN IV_PROCDADO PDD ON PDD.PROCESSOPAI = PRC.PROCESSO 
                                           AND PDD.PROCESSO = HIS.PROCESSO) AS ORIGEM_L,
       (SELECT PROCESSOPAI FROM IV_PROCDADO WHERE PROCESSO = HIS.PROCESSO) AS PROCESSOPAI,
       HIS.NROEMPRESA,
       CASE :LS2 WHEN 'Serviços' THEN (
                          SELECT CASE WHEN QQ.Q007_INSATISFEITO=1 THEN 'Insatisfeito' 
                                                   WHEN QQ.Q007_INDIFERENTE=1  THEN 'Indiferente' 
                                                   WHEN QQ.Q007_SATISFEITO=1   THEN 'Satisfeito' 
                                                    ELSE 'sem resposta' END + ' / ' +
                                        CASE WHEN QQ.Q008_ESTRUTURA=1       THEN 'Estrutura'
                                                  WHEN QQ.Q008_AREA_DE_VENDAS=1  THEN 'Area de Vendas'
                                                  WHEN QQ.Q008_AREA_DE_PECAS=1   THEN 'Area de Peças' 
                                                  WHEN QQ.Q008_AREA_DE_SERVICO=1 THEN 'Area de Serviço'
                                                  WHEN QQ.Q008_ORGANIZACAO=1     THEN 'Organização' 
                                                  WHEN QQ.Q008_ESPACO_FISICO=1   THEN 'ESpaço Físico'
                                                   ELSE '' END
                                         FROM IV_Q$AFERICAO_SERVICOS QQ
                                         WHERE QQ.SEQQUESTIONARIO = QST.SEQQUESTIONARIO) 

                          WHEN 'Peças' THEN (
                          SELECT CASE WHEN QQ.Q006_INSATISFEITO=1 THEN 'Insatisfeito' 
                                                   WHEN QQ.Q006_INDIFERENTE=1  THEN 'Indiferente' 
                                                   WHEN QQ.Q006_SATISFEITO=1   THEN 'Satisfeito' 
                                                    ELSE 'sem resposta' END + ' / ' +
                                        CASE WHEN QQ.Q007_ESTRUTURA=1       THEN 'Estrutura'
                                                  WHEN QQ.Q007_AREA_DE_VENDAS=1  THEN 'Area de Vendas'
                                                  WHEN QQ.Q007_AREA_DE_PECAS=1   THEN 'Area de Peças' 
                                                  WHEN QQ.Q007_AREA_DE_SERVICO=1 THEN 'Area de Serviço'
                                                  WHEN QQ.Q007_ORGANIZACAO=1     THEN 'Organização' 
                                                  WHEN QQ.Q007_ESPACO_FISICO=1   THEN 'ESpaço Físico'
                                                   ELSE '' END
                                         FROM IV_Q$AFERICAO_PECAS QQ
                                         WHERE QQ.SEQQUESTIONARIO = QST.SEQQUESTIONARIO) 

                          WHEN 'Máquinas' THEN (
                          SELECT CASE WHEN QQ.Q006_INSATISFEITO=1 THEN 'Insatisfeito' 
                                                   WHEN QQ.Q006_INDIFERENTE=1  THEN 'Indiferente' 
                                                   WHEN QQ.Q006_SATISFEITO=1   THEN 'Satisfeito' 
                                                    ELSE 'sem resposta' END + ' / ' +
                                        CASE WHEN QQ.Q007_ESTRUTURA=1       THEN 'Estrutura'
                                                  WHEN QQ.Q007_AREA_VENDAS=1  THEN 'Area de Vendas'
                                                  WHEN QQ.Q007_AREA_PECAS=1   THEN 'Area de Peças' 
                                                  WHEN QQ.Q007_AREA_SERVICO=1 THEN 'Area de Serviço'
                                                  WHEN QQ.Q007_ORGANIZACAO=1     THEN 'Organização' 
                                                  WHEN QQ.Q007_ESPACO_FISICO=1   THEN 'ESpaço Físico'
                                                   ELSE '' END
                                         FROM IV_Q$AFERICAO_VENDA_MQ_IM QQ
                                         WHERE QQ.SEQQUESTIONARIO = QST.SEQQUESTIONARIO) 
       END AS OPINIAO1

FROM #LTF QST
INNER JOIN GE_PESSOA PES ON PES.SEQPESSOA = QST.SEQPESSOA
#LTG IV_HISTORICO HIS ON HIS.SEQHISTORICO = QST.SEQHISTORICO #LS1_CMD
WHERE QST.DTAREALIZACAO >= :DT1
      AND QST.DTAREALIZACAO <= :DT2
 #LS3_CMD","JD_AF007_Verbalizacao_Afericao.QRP","1","Microsoft Sans Serif","8","Período de: #DT1 a #DT2. Empresa: #LS1. Tipo..: #LS2.","","","","","","","","","1","","","","","","24/09/2015 14:10:57","VTCCONS","18"
"12","JDAF003","JDAF003 - Aferiçao Formulario Evolutivo (Peças)","JDAF003 - Aferiçao Formulario Evolutivo (Peças)","","SET LS1_CMD = ' AND HIS.NROEMPRESA = (SELECT NROEMPRESA FROM GE_EMPRESA WHERE NOMEREDUZIDO = :LS1)';

SET LS2_CMD = ' WHERE XQ.VENDEDOR = :LS2';

SELECT :DT4 INTO :DTA FROM DUAL;


SELECT XQ.QUESTAO, XQ.DESCRICAO, XQ.RESPOSTA, SUM(PERIODO1) AS PERIODO1, SUM(PERIODO2) AS PERIODO2
FROM 
(
SELECT 
       (SELECT DISTINCT NF.VENDEDOR
        FROM IV_Q$AFERICAO_PECAS QQ 
            INNER JOIN IV_PROCDADO PPD ON PPD.PROCESSO = QQ.PROCESSO
            INNER JOIN IV_HISTORICO HIS ON HIS.PROCESSO = PPD.PROCESSOPAI
            INNER JOIN IV_HISTLINK HLK ON HLK.SEQHISTORICO = HIS.SEQHISTORICO
            INNER JOIN EXT_NFS NF ON NF.NRONF = HLK.LINKNRO AND NF.NROEMPRESA = HIS.NROEMPRESA
            INNER JOIN EXT_NFSITEM NFI ON NFI.IDNFS = NF.IDNFS
        WHERE QQ.SEQQUESTIONARIO = QST.SEQQUESTIONARIO) AS VENDEDOR,
       QUE.QUESTAO, 
       QUE.DESCRICAO, 
       CASE WHEN QST.Q001_ZERO=1   THEN '00'
            WHEN QST.Q001_UM=1     THEN '01'
            WHEN QST.Q001_DOIS=1   THEN '02' 
            WHEN QST.Q001_TRES=1   THEN '03'
            WHEN QST.Q001_QUATRO=1 THEN '04' 
            WHEN QST.Q001_CINCO=1  THEN '05'
            WHEN QST.Q001_SEIS=1   THEN '06' 
            WHEN QST.Q001_SETE=1   THEN '07'
            WHEN QST.Q001_OITO=1   THEN '08' 
            WHEN QST.Q001_NOVE=1   THEN '09'
            WHEN QST.Q001_DEZ=1    THEN '10' 
            ELSE 'sem resposta' END AS RESPOSTA,
         QST.DTAREALIZACAO,
         CASE WHEN QST.DTAREALIZACAO <= :DTA THEN 1 ELSE 0 END AS PERIODO1,
         CASE WHEN QST.DTAREALIZACAO >= :DT3 THEN 1 ELSE 0 END AS PERIODO2
FROM IV_Q$AFERICAO_PECAS QST
INNER JOIN IV_QUESTAO QUE ON QUE.SEQFORMULARIO = QST.SEQFORMULARIO AND QUE.QUESTAO = 1
INNER JOIN IV_HISTORICO HIS ON HIS.SEQHISTORICO = QST.SEQHISTORICO #LS1_CMD
WHERE QST.DTAREALIZACAO >= :DT1
      AND QST.DTAREALIZACAO <= :DT2

UNION

SELECT
       (SELECT DISTINCT NF.VENDEDOR
        FROM IV_Q$AFERICAO_PECAS QQ 
            INNER JOIN IV_PROCDADO PPD ON PPD.PROCESSO = QQ.PROCESSO
            INNER JOIN IV_HISTORICO HIS ON HIS.PROCESSO = PPD.PROCESSOPAI
            INNER JOIN IV_HISTLINK HLK ON HLK.SEQHISTORICO = HIS.SEQHISTORICO
            INNER JOIN EXT_NFS NF ON NF.NRONF = HLK.LINKNRO AND NF.NROEMPRESA = HIS.NROEMPRESA
            INNER JOIN EXT_NFSITEM NFI ON NFI.IDNFS = NF.IDNFS
        WHERE QQ.SEQQUESTIONARIO = QST.SEQQUESTIONARIO) AS VENDEDOR,
       QUE.QUESTAO, 
       QUE.DESCRICAO, 
       CASE WHEN QST.Q002_INSATISFEITO=1 THEN 'Insatisfeito'
            WHEN QST.Q002_INDIFERENTE=1  THEN 'Indiferente'
            WHEN QST.Q002_SATISFEITO=1   THEN 'Satisfeito' 
            ELSE 'sem resposta' END AS RESPOSTA,
         QST.DTAREALIZACAO,
         CASE WHEN QST.DTAREALIZACAO <= :DTA THEN 1 ELSE 0 END AS PERIODO1,
         CASE WHEN QST.DTAREALIZACAO >= :DT3 THEN 1 ELSE 0 END AS PERIODO2
FROM IV_Q$AFERICAO_PECAS QST
INNER JOIN IV_QUESTAO QUE ON QUE.SEQFORMULARIO = QST.SEQFORMULARIO AND QUE.QUESTAO = 2
INNER JOIN IV_HISTORICO HIS ON HIS.SEQHISTORICO = QST.SEQHISTORICO #LS1_CMD
WHERE QST.DTAREALIZACAO >= :DT1
      AND QST.DTAREALIZACAO <= :DT2

UNION

SELECT 
       (SELECT DISTINCT NF.VENDEDOR
        FROM IV_Q$AFERICAO_PECAS QQ 
            INNER JOIN IV_PROCDADO PPD ON PPD.PROCESSO = QQ.PROCESSO
            INNER JOIN IV_HISTORICO HIS ON HIS.PROCESSO = PPD.PROCESSOPAI
            INNER JOIN IV_HISTLINK HLK ON HLK.SEQHISTORICO = HIS.SEQHISTORICO
            INNER JOIN EXT_NFS NF ON NF.NRONF = HLK.LINKNRO AND NF.NROEMPRESA = HIS.NROEMPRESA
            INNER JOIN EXT_NFSITEM NFI ON NFI.IDNFS = NF.IDNFS
        WHERE QQ.SEQQUESTIONARIO = QST.SEQQUESTIONARIO) AS VENDEDOR,
       QUE.QUESTAO, 
       QUE.DESCRICAO, 
       CASE WHEN QST.Q003_INSATISFEITO=1 THEN 'Insatisfeito'
            WHEN QST.Q003_INDIFERENTE=1  THEN 'Indiferente'
            WHEN QST.Q003_SATISFEITO=1   THEN 'Satisfeito' 
            ELSE 'sem resposta' END AS RESPOSTA,
         QST.DTAREALIZACAO,
         CASE WHEN QST.DTAREALIZACAO <= :DTA THEN 1 ELSE 0 END AS PERIODO1,
         CASE WHEN QST.DTAREALIZACAO >= :DT3 THEN 1 ELSE 0 END AS PERIODO2
FROM IV_Q$AFERICAO_PECAS QST
INNER JOIN IV_QUESTAO QUE ON QUE.SEQFORMULARIO = QST.SEQFORMULARIO AND QUE.QUESTAO = 3
INNER JOIN IV_HISTORICO HIS ON HIS.SEQHISTORICO = QST.SEQHISTORICO #LS1_CMD
WHERE QST.DTAREALIZACAO >= :DT1
      AND QST.DTAREALIZACAO <= :DT2

UNION

SELECT 
       (SELECT DISTINCT NF.VENDEDOR
        FROM IV_Q$AFERICAO_PECAS QQ 
            INNER JOIN IV_PROCDADO PPD ON PPD.PROCESSO = QQ.PROCESSO
            INNER JOIN IV_HISTORICO HIS ON HIS.PROCESSO = PPD.PROCESSOPAI
            INNER JOIN IV_HISTLINK HLK ON HLK.SEQHISTORICO = HIS.SEQHISTORICO
            INNER JOIN EXT_NFS NF ON NF.NRONF = HLK.LINKNRO AND NF.NROEMPRESA = HIS.NROEMPRESA
            INNER JOIN EXT_NFSITEM NFI ON NFI.IDNFS = NF.IDNFS
        WHERE QQ.SEQQUESTIONARIO = QST.SEQQUESTIONARIO) AS VENDEDOR,
       QUE.QUESTAO, 
       QUE.DESCRICAO, 
       CASE WHEN QST.Q004_INSATISFEITO=1 THEN 'Insatisfeito'
            WHEN QST.Q004_INDIFERENTE=1  THEN 'Indiferente'
            WHEN QST.Q004_SATISFEITO=1   THEN 'Satisfeito' 
            ELSE 'sem resposta' END AS RESPOSTA,
         QST.DTAREALIZACAO,
         CASE WHEN QST.DTAREALIZACAO <= :DTA THEN 1 ELSE 0 END AS PERIODO1,
         CASE WHEN QST.DTAREALIZACAO >= :DT3 THEN 1 ELSE 0 END AS PERIODO2
FROM IV_Q$AFERICAO_PECAS QST
INNER JOIN IV_QUESTAO QUE ON QUE.SEQFORMULARIO = QST.SEQFORMULARIO AND QUE.QUESTAO = 4
INNER JOIN IV_HISTORICO HIS ON HIS.SEQHISTORICO = QST.SEQHISTORICO #LS1_CMD
WHERE QST.DTAREALIZACAO >= :DT1
      AND QST.DTAREALIZACAO <= :DT2

UNION

SELECT 
       (SELECT DISTINCT NF.VENDEDOR
        FROM IV_Q$AFERICAO_PECAS QQ 
            INNER JOIN IV_PROCDADO PPD ON PPD.PROCESSO = QQ.PROCESSO
            INNER JOIN IV_HISTORICO HIS ON HIS.PROCESSO = PPD.PROCESSOPAI
            INNER JOIN IV_HISTLINK HLK ON HLK.SEQHISTORICO = HIS.SEQHISTORICO
            INNER JOIN EXT_NFS NF ON NF.NRONF = HLK.LINKNRO AND NF.NROEMPRESA = HIS.NROEMPRESA
            INNER JOIN EXT_NFSITEM NFI ON NFI.IDNFS = NF.IDNFS
        WHERE QQ.SEQQUESTIONARIO = QST.SEQQUESTIONARIO) AS VENDEDOR,
       QUE.QUESTAO, 
       QUE.DESCRICAO, 
       CASE WHEN QST.RECOM_DEPTO_PECAS_CO='' THEN 'sem resposta' 
            ELSE  QST.RECOM_DEPTO_PECAS_CO END AS RESPOSTA,
         QST.DTAREALIZACAO,
         CASE WHEN QST.DTAREALIZACAO <= :DTA THEN 1 ELSE 0 END AS PERIODO1,
         CASE WHEN QST.DTAREALIZACAO >= :DT3 THEN 1 ELSE 0 END AS PERIODO2
FROM IV_Q$AFERICAO_PECAS QST
INNER JOIN IV_QUESTAO QUE ON QUE.SEQFORMULARIO = QST.SEQFORMULARIO AND QUE.QUESTAO = 5
INNER JOIN IV_HISTORICO HIS ON HIS.SEQHISTORICO = QST.SEQHISTORICO #LS1_CMD
WHERE QST.DTAREALIZACAO >= :DT1
      AND QST.DTAREALIZACAO <= :DT2

UNION

SELECT 
       (SELECT DISTINCT NF.VENDEDOR
        FROM IV_Q$AFERICAO_PECAS QQ 
            INNER JOIN IV_PROCDADO PPD ON PPD.PROCESSO = QQ.PROCESSO
            INNER JOIN IV_HISTORICO HIS ON HIS.PROCESSO = PPD.PROCESSOPAI
            INNER JOIN IV_HISTLINK HLK ON HLK.SEQHISTORICO = HIS.SEQHISTORICO
            INNER JOIN EXT_NFS NF ON NF.NRONF = HLK.LINKNRO AND NF.NROEMPRESA = HIS.NROEMPRESA
            INNER JOIN EXT_NFSITEM NFI ON NFI.IDNFS = NF.IDNFS
        WHERE QQ.SEQQUESTIONARIO = QST.SEQQUESTIONARIO) AS VENDEDOR,
       QUE.QUESTAO, 
       QUE.DESCRICAO, 
       CASE WHEN QST.Q006_INSATISFEITO=1 THEN 'Insatisfeito'
            WHEN QST.Q006_INDIFERENTE=1  THEN 'Indiferente'
            WHEN QST.Q006_SATISFEITO=1   THEN 'Satisfeito' 
            ELSE 'sem resposta' END AS RESPOSTA,
         QST.DTAREALIZACAO,
         CASE WHEN QST.DTAREALIZACAO <= :DTA THEN 1 ELSE 0 END AS PERIODO1,
         CASE WHEN QST.DTAREALIZACAO >= :DT3 THEN 1 ELSE 0 END AS PERIODO2
FROM IV_Q$AFERICAO_PECAS QST
INNER JOIN IV_QUESTAO QUE ON QUE.SEQFORMULARIO = QST.SEQFORMULARIO AND QUE.QUESTAO = 6
INNER JOIN IV_HISTORICO HIS ON HIS.SEQHISTORICO = QST.SEQHISTORICO #LS1_CMD
WHERE QST.DTAREALIZACAO >= :DT1
      AND QST.DTAREALIZACAO <= :DT2

UNION

SELECT 
       (SELECT DISTINCT NF.VENDEDOR
        FROM IV_Q$AFERICAO_PECAS QQ 
            INNER JOIN IV_PROCDADO PPD ON PPD.PROCESSO = QQ.PROCESSO
            INNER JOIN IV_HISTORICO HIS ON HIS.PROCESSO = PPD.PROCESSOPAI
            INNER JOIN IV_HISTLINK HLK ON HLK.SEQHISTORICO = HIS.SEQHISTORICO
            INNER JOIN EXT_NFS NF ON NF.NRONF = HLK.LINKNRO AND NF.NROEMPRESA = HIS.NROEMPRESA
            INNER JOIN EXT_NFSITEM NFI ON NFI.IDNFS = NF.IDNFS
        WHERE QQ.SEQQUESTIONARIO = QST.SEQQUESTIONARIO) AS VENDEDOR,
       QUE.QUESTAO, 
       QUE.DESCRICAO, 
       CASE WHEN QST.Q007_ESTRUTURA=1 THEN 'Estrutura'
                 WHEN QST.Q007_AREA_DE_VENDAS=1  THEN 'Area Vendas'
                 WHEN QST.Q007_AREA_DE_PECAS=1   THEN 'Area Peças' 
                 WHEN QST.Q007_AREA_DE_SERVICO=1  THEN 'Area Serviço'
                 WHEN QST.Q007_ORGANIZACAO=1   THEN 'Organizaçao' 
                 WHEN QST.Q007_ESPACO_FISICO=1  THEN 'Espaço Físico'
            ELSE 'sem resposta' END AS RESPOSTA,
         QST.DTAREALIZACAO,
         CASE WHEN QST.DTAREALIZACAO <= :DTA THEN 1 ELSE 0 END AS PERIODO1,
         CASE WHEN QST.DTAREALIZACAO >= :DT3 THEN 1 ELSE 0 END AS PERIODO2
FROM IV_Q$AFERICAO_PECAS QST
INNER JOIN IV_QUESTAO QUE ON QUE.SEQFORMULARIO = QST.SEQFORMULARIO AND QUE.QUESTAO = 7
INNER JOIN IV_HISTORICO HIS ON HIS.SEQHISTORICO = QST.SEQHISTORICO #LS1_CMD
WHERE QST.DTAREALIZACAO >= :DT1
      AND QST.DTAREALIZACAO <= :DT2
) XQ
#LS2_CMD
GROUP BY XQ.QUESTAO, XQ.DESCRICAO, XQ.RESPOSTA

ORDER BY XQ.QUESTAO, XQ.DESCRICAO, XQ.RESPOSTA","JD_AF003_Afericao_Evolutivo.QRP","1","Microsoft Sans Serif","8","Período: #DT1 / #DT4 e #DT3 / #DT2. Empresa..: #LS1. Vendedor..: #LS2.","","","","","","","","","1","","","","","","03/09/2014 16:07:20","JACQUELINE.DUARTE","16"
"13","JDAF003A","JDF003A - Aferiçao Formulario Evolutivo (Serviços)","JDF003A - Aferiçao Formulario Evolutivo (Serviços)","","SET LS1_CMD = ' AND HIS.NROEMPRESA = (SELECT NROEMPRESA FROM GE_EMPRESA WHERE NOMEREDUZIDO = :LS1)';

SET LS2_CMD = ' WHERE XQ.VENDEDOR = :LS2';

SELECT :DT4 INTO :DTA FROM DUAL;


SELECT XQ.QUESTAO, XQ.DESCRICAO, XQ.RESPOSTA, SUM(PERIODO1) AS PERIODO1, SUM(PERIODO2) AS PERIODO2
FROM 
(
SELECT 
       (SELECT DISTINCT OSI.PRODUTIVO
        FROM IV_Q$AFERICAO_SERVICOS QQ 
            INNER JOIN IV_PROCDADO PPD ON PPD.PROCESSO = QQ.PROCESSO
            INNER JOIN IV_HISTORICO HIS ON HIS.PROCESSO = PPD.PROCESSOPAI
            INNER JOIN IV_HISTLINK HLK ON HLK.SEQHISTORICO = HIS.SEQHISTORICO
            INNER JOIN EXT_OS OS ON OS.NROOS = HLK.LINKNRO AND OS.NROEMPRESA = HIS.NROEMPRESA
            INNER JOIN EXT_OSITEM OSI ON OSI.IDOS = OS.IDOS AND OSI.IDITEM=1
        WHERE QQ.SEQQUESTIONARIO = QST.SEQQUESTIONARIO) AS VENDEDOR,
       QUE.QUESTAO, 
       QUE.DESCRICAO, 
       CASE WHEN QST.Q001_INSATISFEITO=1 THEN 'Insatisfeito'
            WHEN QST.Q001_INDIFERENTE=1  THEN 'Indiferente'
            WHEN QST.Q001_SATISFEITO=1   THEN 'Satisfeito' 
            ELSE 'sem resposta' END AS RESPOSTA,
         QST.DTAREALIZACAO,
         CASE WHEN QST.DTAREALIZACAO <= :DTA THEN 1 ELSE 0 END AS PERIODO1,
         CASE WHEN QST.DTAREALIZACAO >= :DT3 THEN 1 ELSE 0 END AS PERIODO2
FROM IV_Q$AFERICAO_SERVICOS QST
INNER JOIN IV_QUESTAO QUE ON QUE.SEQFORMULARIO = QST.SEQFORMULARIO AND QUE.QUESTAO = 1
INNER JOIN IV_HISTORICO HIS ON HIS.SEQHISTORICO = QST.SEQHISTORICO #LS1_CMD
WHERE QST.DTAREALIZACAO >= :DT1
  AND QST.DTAREALIZACAO <= :DT2

UNION

SELECT 
       (SELECT DISTINCT OSI.PRODUTIVO
        FROM IV_Q$AFERICAO_SERVICOS QQ 
            INNER JOIN IV_PROCDADO PPD ON PPD.PROCESSO = QQ.PROCESSO
            INNER JOIN IV_HISTORICO HIS ON HIS.PROCESSO = PPD.PROCESSOPAI
            INNER JOIN IV_HISTLINK HLK ON HLK.SEQHISTORICO = HIS.SEQHISTORICO
            INNER JOIN EXT_OS OS ON OS.NROOS = HLK.LINKNRO AND OS.NROEMPRESA = HIS.NROEMPRESA
            INNER JOIN EXT_OSITEM OSI ON OSI.IDOS = OS.IDOS AND OSI.IDITEM=1
        WHERE QQ.SEQQUESTIONARIO = QST.SEQQUESTIONARIO) AS VENDEDOR,
       QUE.QUESTAO, 
       QUE.DESCRICAO, 
       CASE WHEN QST.ATENDIMENTO_CONSULTO='' THEN 'sem resposta' 
            ELSE  QST.ATENDIMENTO_CONSULTO END AS RESPOSTA,
         QST.DTAREALIZACAO,
         CASE WHEN QST.DTAREALIZACAO <= :DTA THEN 1 ELSE 0 END AS PERIODO1,
         CASE WHEN QST.DTAREALIZACAO >= :DT3 THEN 1 ELSE 0 END AS PERIODO2
FROM IV_Q$AFERICAO_SERVICOS QST
INNER JOIN IV_QUESTAO QUE ON QUE.SEQFORMULARIO = QST.SEQFORMULARIO AND QUE.QUESTAO = 2
INNER JOIN IV_HISTORICO HIS ON HIS.SEQHISTORICO = QST.SEQHISTORICO #LS1_CMD
WHERE QST.DTAREALIZACAO >= :DT1
  AND QST.DTAREALIZACAO <= :DT2

UNION

SELECT 
       (SELECT DISTINCT OSI.PRODUTIVO
        FROM IV_Q$AFERICAO_SERVICOS QQ 
            INNER JOIN IV_PROCDADO PPD ON PPD.PROCESSO = QQ.PROCESSO
            INNER JOIN IV_HISTORICO HIS ON HIS.PROCESSO = PPD.PROCESSOPAI
            INNER JOIN IV_HISTLINK HLK ON HLK.SEQHISTORICO = HIS.SEQHISTORICO
            INNER JOIN EXT_OS OS ON OS.NROOS = HLK.LINKNRO AND OS.NROEMPRESA = HIS.NROEMPRESA
            INNER JOIN EXT_OSITEM OSI ON OSI.IDOS = OS.IDOS AND OSI.IDITEM=1
        WHERE QQ.SEQQUESTIONARIO = QST.SEQQUESTIONARIO) AS VENDEDOR,
       QUE.QUESTAO, 
       QUE.DESCRICAO, 
       CASE WHEN QST.Q003_ZERO=1   THEN '00'
            WHEN QST.Q003_UM=1     THEN '01'
            WHEN QST.Q003_DOIS=1   THEN '02' 
            WHEN QST.Q003_TRES=1   THEN '03'
            WHEN QST.Q003_QUATRO=1 THEN '04' 
            WHEN QST.Q003_CINCO=1  THEN '05'
            WHEN QST.Q003_SEIS=1   THEN '06' 
            WHEN QST.Q003_SETE=1   THEN '07'
            WHEN QST.Q003_OITO=1   THEN '08' 
            WHEN QST.Q003_NOVE=1   THEN '09'
            WHEN QST.Q003_DEZ=1    THEN '10' 
            ELSE 'sem resposta' END AS RESPOSTA,
         QST.DTAREALIZACAO,
         CASE WHEN QST.DTAREALIZACAO <= :DTA THEN 1 ELSE 0 END AS PERIODO1,
         CASE WHEN QST.DTAREALIZACAO >= :DT3 THEN 1 ELSE 0 END AS PERIODO2
FROM IV_Q$AFERICAO_SERVICOS QST
INNER JOIN IV_QUESTAO QUE ON QUE.SEQFORMULARIO = QST.SEQFORMULARIO AND QUE.QUESTAO = 3
INNER JOIN IV_HISTORICO HIS ON HIS.SEQHISTORICO = QST.SEQHISTORICO #LS1_CMD
WHERE QST.DTAREALIZACAO >= :DT1
  AND QST.DTAREALIZACAO <= :DT2

UNION

SELECT 
       (SELECT DISTINCT OSI.PRODUTIVO
        FROM IV_Q$AFERICAO_SERVICOS QQ 
            INNER JOIN IV_PROCDADO PPD ON PPD.PROCESSO = QQ.PROCESSO
            INNER JOIN IV_HISTORICO HIS ON HIS.PROCESSO = PPD.PROCESSOPAI
            INNER JOIN IV_HISTLINK HLK ON HLK.SEQHISTORICO = HIS.SEQHISTORICO
            INNER JOIN EXT_OS OS ON OS.NROOS = HLK.LINKNRO AND OS.NROEMPRESA = HIS.NROEMPRESA
            INNER JOIN EXT_OSITEM OSI ON OSI.IDOS = OS.IDOS AND OSI.IDITEM=1
        WHERE QQ.SEQQUESTIONARIO = QST.SEQQUESTIONARIO) AS VENDEDOR,
       QUE.QUESTAO, 
       QUE.DESCRICAO, 
       CASE WHEN QST.Q004_0=1   THEN '00'
            WHEN QST.Q004_1=1   THEN '01'
            WHEN QST.Q004_2=1   THEN '02' 
            WHEN QST.Q004_3=1   THEN '03'
            WHEN QST.Q004_4=1   THEN '04' 
            WHEN QST.Q004_5=1   THEN '05'
            WHEN QST.Q004_6=1   THEN '06' 
            WHEN QST.Q004_7=1   THEN '07'
            WHEN QST.Q004_8=1   THEN '08' 
            WHEN QST.Q004_9=1   THEN '09'
            WHEN QST.Q004_10=1  THEN '10'
            ELSE 'sem resposta' END AS RESPOSTA,
         QST.DTAREALIZACAO,
         CASE WHEN QST.DTAREALIZACAO <= :DTA THEN 1 ELSE 0 END AS PERIODO1,
         CASE WHEN QST.DTAREALIZACAO >= :DT3 THEN 1 ELSE 0 END AS PERIODO2
FROM IV_Q$AFERICAO_SERVICOS QST
INNER JOIN IV_QUESTAO QUE ON QUE.SEQFORMULARIO = QST.SEQFORMULARIO AND QUE.QUESTAO = 4
INNER JOIN IV_HISTORICO HIS ON HIS.SEQHISTORICO = QST.SEQHISTORICO #LS1_CMD
WHERE QST.DTAREALIZACAO >= :DT1
  AND QST.DTAREALIZACAO <= :DT2

UNION

SELECT 
       (SELECT DISTINCT OSI.PRODUTIVO
        FROM IV_Q$AFERICAO_SERVICOS QQ 
            INNER JOIN IV_PROCDADO PPD ON PPD.PROCESSO = QQ.PROCESSO
            INNER JOIN IV_HISTORICO HIS ON HIS.PROCESSO = PPD.PROCESSOPAI
            INNER JOIN IV_HISTLINK HLK ON HLK.SEQHISTORICO = HIS.SEQHISTORICO
            INNER JOIN EXT_OS OS ON OS.NROOS = HLK.LINKNRO AND OS.NROEMPRESA = HIS.NROEMPRESA
            INNER JOIN EXT_OSITEM OSI ON OSI.IDOS = OS.IDOS AND OSI.IDITEM=1
        WHERE QQ.SEQQUESTIONARIO = QST.SEQQUESTIONARIO) AS VENDEDOR,
       QUE.QUESTAO, 
       QUE.DESCRICAO, 
       CASE WHEN QST.Q005_INSATISFEITO=1 THEN 'Insatisfeito'
            WHEN QST.Q005_INDIFERENTE=1  THEN 'Indiferente'
            WHEN QST.Q005_SATISFEITO=1   THEN 'Satisfeito' 
            ELSE 'sem resposta' END AS RESPOSTA,
         QST.DTAREALIZACAO,
         CASE WHEN QST.DTAREALIZACAO <= :DTA THEN 1 ELSE 0 END AS PERIODO1,
         CASE WHEN QST.DTAREALIZACAO >= :DT3 THEN 1 ELSE 0 END AS PERIODO2
FROM IV_Q$AFERICAO_SERVICOS QST
INNER JOIN IV_QUESTAO QUE ON QUE.SEQFORMULARIO = QST.SEQFORMULARIO AND QUE.QUESTAO = 5
INNER JOIN IV_HISTORICO HIS ON HIS.SEQHISTORICO = QST.SEQHISTORICO #LS1_CMD
WHERE QST.DTAREALIZACAO >= :DT1
  AND QST.DTAREALIZACAO <= :DT2

UNION

SELECT 
       (SELECT DISTINCT OSI.PRODUTIVO
        FROM IV_Q$AFERICAO_SERVICOS QQ 
            INNER JOIN IV_PROCDADO PPD ON PPD.PROCESSO = QQ.PROCESSO
            INNER JOIN IV_HISTORICO HIS ON HIS.PROCESSO = PPD.PROCESSOPAI
            INNER JOIN IV_HISTLINK HLK ON HLK.SEQHISTORICO = HIS.SEQHISTORICO
            INNER JOIN EXT_OS OS ON OS.NROOS = HLK.LINKNRO AND OS.NROEMPRESA = HIS.NROEMPRESA
            INNER JOIN EXT_OSITEM OSI ON OSI.IDOS = OS.IDOS AND OSI.IDITEM=1
        WHERE QQ.SEQQUESTIONARIO = QST.SEQQUESTIONARIO) AS VENDEDOR,
       QUE.QUESTAO, 
       QUE.DESCRICAO, 
       CASE WHEN QST.RECOMEND_DEPTO_SERVI='' THEN 'sem resposta' 
            ELSE QST.RECOMEND_DEPTO_SERVI END AS RESPOSTA,
         QST.DTAREALIZACAO,
         CASE WHEN QST.DTAREALIZACAO <= :DTA THEN 1 ELSE 0 END AS PERIODO1,
         CASE WHEN QST.DTAREALIZACAO >= :DT3 THEN 1 ELSE 0 END AS PERIODO2
FROM IV_Q$AFERICAO_SERVICOS QST
INNER JOIN IV_QUESTAO QUE ON QUE.SEQFORMULARIO = QST.SEQFORMULARIO AND QUE.QUESTAO = 6
INNER JOIN IV_HISTORICO HIS ON HIS.SEQHISTORICO = QST.SEQHISTORICO #LS1_CMD
WHERE QST.DTAREALIZACAO >= :DT1
  AND QST.DTAREALIZACAO <= :DT2

UNION

SELECT 
       (SELECT DISTINCT OSI.PRODUTIVO
        FROM IV_Q$AFERICAO_SERVICOS QQ 
            INNER JOIN IV_PROCDADO PPD ON PPD.PROCESSO = QQ.PROCESSO
            INNER JOIN IV_HISTORICO HIS ON HIS.PROCESSO = PPD.PROCESSOPAI
            INNER JOIN IV_HISTLINK HLK ON HLK.SEQHISTORICO = HIS.SEQHISTORICO
            INNER JOIN EXT_OS OS ON OS.NROOS = HLK.LINKNRO AND OS.NROEMPRESA = HIS.NROEMPRESA
            INNER JOIN EXT_OSITEM OSI ON OSI.IDOS = OS.IDOS AND OSI.IDITEM=1
        WHERE QQ.SEQQUESTIONARIO = QST.SEQQUESTIONARIO) AS VENDEDOR,
       QUE.QUESTAO, 
       QUE.DESCRICAO, 
       CASE WHEN QST.Q007_INSATISFEITO=1 THEN 'Insatisfeito'
            WHEN QST.Q007_INDIFERENTE=1  THEN 'Indiferente'
            WHEN QST.Q007_SATISFEITO=1   THEN 'Satisfeito' 
            ELSE 'sem resposta' END AS RESPOSTA,
         QST.DTAREALIZACAO,
         CASE WHEN QST.DTAREALIZACAO <= :DTA THEN 1 ELSE 0 END AS PERIODO1,
         CASE WHEN QST.DTAREALIZACAO >= :DT3 THEN 1 ELSE 0 END AS PERIODO2
FROM IV_Q$AFERICAO_SERVICOS QST
INNER JOIN IV_QUESTAO QUE ON QUE.SEQFORMULARIO = QST.SEQFORMULARIO AND QUE.QUESTAO = 7
INNER JOIN IV_HISTORICO HIS ON HIS.SEQHISTORICO = QST.SEQHISTORICO #LS1_CMD
WHERE QST.DTAREALIZACAO >= :DT1
  AND QST.DTAREALIZACAO <= :DT2

UNION

SELECT 
       (SELECT DISTINCT OSI.PRODUTIVO
        FROM IV_Q$AFERICAO_SERVICOS QQ 
            INNER JOIN IV_PROCDADO PPD ON PPD.PROCESSO = QQ.PROCESSO
            INNER JOIN IV_HISTORICO HIS ON HIS.PROCESSO = PPD.PROCESSOPAI
            INNER JOIN IV_HISTLINK HLK ON HLK.SEQHISTORICO = HIS.SEQHISTORICO
            INNER JOIN EXT_OS OS ON OS.NROOS = HLK.LINKNRO AND OS.NROEMPRESA = HIS.NROEMPRESA
            INNER JOIN EXT_OSITEM OSI ON OSI.IDOS = OS.IDOS AND OSI.IDITEM=1
        WHERE QQ.SEQQUESTIONARIO = QST.SEQQUESTIONARIO) AS VENDEDOR,
       QUE.QUESTAO, 
       QUE.DESCRICAO, 
       CASE WHEN QST.Q008_ESTRUTURA=1       THEN 'Estrutura'
                 WHEN QST.Q008_AREA_DE_VENDAS=1  THEN 'Area de Vendas'
                 WHEN QST.Q008_AREA_DE_PECAS=1   THEN 'Area de Peças' 
                 WHEN QST.Q008_AREA_DE_SERVICO=1 THEN 'Area de Serviço'
                 WHEN QST.Q008_ORGANIZACAO=1     THEN 'Organização' 
                 WHEN QST.Q008_ESPACO_FISICO=1   THEN 'ESpaço Físico'
                 ELSE 'sem resposta' END AS RESPOSTA,
         QST.DTAREALIZACAO,
         CASE WHEN QST.DTAREALIZACAO <= :DTA THEN 1 ELSE 0 END AS PERIODO1,
         CASE WHEN QST.DTAREALIZACAO >= :DT3 THEN 1 ELSE 0 END AS PERIODO2
FROM IV_Q$AFERICAO_SERVICOS QST
INNER JOIN IV_QUESTAO QUE ON QUE.SEQFORMULARIO = QST.SEQFORMULARIO AND QUE.QUESTAO = 8
INNER JOIN IV_HISTORICO HIS ON HIS.SEQHISTORICO = QST.SEQHISTORICO #LS1_CMD
WHERE QST.DTAREALIZACAO >= :DT1
  AND QST.DTAREALIZACAO <= :DT2
) XQ
#LS2_CMD
GROUP BY XQ.QUESTAO, XQ.DESCRICAO, XQ.RESPOSTA

ORDER BY XQ.QUESTAO, XQ.DESCRICAO, XQ.RESPOSTA
","JD_AF003_Afericao_Evolutivo.QRP","1","Microsoft Sans Serif","8","Período: #DT1 / #DT4 e #DT3 / #DT2. Empresa..: #LS1. Produtivo..: #LS2.","","","","","","","","VTCCONS","1","","","","27/06/2012 11:54:00","","14/10/2013 14:12:58","JACQUELINE.DUARTE","9"
"14","JDAF003B","JDAF003B - Aferiçao Formulario Evolutivo (Máquinas)","JDF003B - Aferiçao Formulario Evolutivo (Máquinas)","","SET LS1_CMD = ' AND HIS.NROEMPRESA = (SELECT NROEMPRESA FROM GE_EMPRESA WHERE NOMEREDUZIDO = :LS1)';

SET LS2_CMD = ' WHERE XQ.VENDEDOR = :LS2';

SELECT :DT4 INTO :DTA FROM DUAL;


SELECT XQ.QUESTAO, XQ.DESCRICAO, XQ.RESPOSTA, SUM(PERIODO1) AS PERIODO1, SUM(PERIODO2) AS PERIODO2
FROM 
(
SELECT 
       (SELECT DISTINCT NF.VENDEDOR
        FROM IV_Q$AFERICAO_VENDA_MQ_IM QQ 
            INNER JOIN IV_PROCDADO PPD ON PPD.PROCESSO = QQ.PROCESSO
            INNER JOIN IV_HISTORICO HIS ON HIS.PROCESSO = PPD.PROCESSOPAI
            INNER JOIN IV_HISTLINK HLK ON HLK.SEQHISTORICO = HIS.SEQHISTORICO
            INNER JOIN EXT_NFS NF ON NF.NRONF = HLK.LINKNRO AND NF.NROEMPRESA = HIS.NROEMPRESA
            INNER JOIN EXT_NFSITEM NFI ON NFI.IDNFS = NF.IDNFS
        WHERE QQ.SEQQUESTIONARIO = QST.SEQQUESTIONARIO) AS VENDEDOR,
       QUE.QUESTAO, 
       QUE.DESCRICAO, 
       CASE WHEN QST.Q001_ZERO=1   THEN '00'
            WHEN QST.Q001_UM=1     THEN '01'
            WHEN QST.Q001_DOIS=1   THEN '02' 
            WHEN QST.Q001_TRES=1   THEN '03'
            WHEN QST.Q001_QUATRO=1 THEN '04' 
            WHEN QST.Q001_CINCO=1  THEN '05'
            WHEN QST.Q001_SEIS=1   THEN '06' 
            WHEN QST.Q001_SETE=1   THEN '07'
            WHEN QST.Q001_OITO=1   THEN '08' 
            WHEN QST.Q001_NOVE=1   THEN '09'
            WHEN QST.Q001_DEZ=1    THEN '10' 
            ELSE 'sem resposta' END AS RESPOSTA,
         QST.DTAREALIZACAO,
         CASE WHEN QST.DTAREALIZACAO <= :DTA THEN 1 ELSE 0 END AS PERIODO1,
         CASE WHEN QST.DTAREALIZACAO >= :DT3 THEN 1 ELSE 0 END AS PERIODO2
FROM IV_Q$AFERICAO_VENDA_MQ_IM QST
INNER JOIN IV_QUESTAO QUE ON QUE.SEQFORMULARIO = QST.SEQFORMULARIO AND QUE.QUESTAO = 1
INNER JOIN IV_HISTORICO HIS ON HIS.SEQHISTORICO = QST.SEQHISTORICO #LS1_CMD
WHERE QST.DTAREALIZACAO >= :DT1
      AND QST.DTAREALIZACAO <= :DT2

UNION

SELECT 
       (SELECT DISTINCT NF.VENDEDOR
        FROM IV_Q$AFERICAO_VENDA_MQ_IM QQ 
            INNER JOIN IV_PROCDADO PPD ON PPD.PROCESSO = QQ.PROCESSO
            INNER JOIN IV_HISTORICO HIS ON HIS.PROCESSO = PPD.PROCESSOPAI
            INNER JOIN IV_HISTLINK HLK ON HLK.SEQHISTORICO = HIS.SEQHISTORICO
            INNER JOIN EXT_NFS NF ON NF.NRONF = HLK.LINKNRO AND NF.NROEMPRESA = HIS.NROEMPRESA
            INNER JOIN EXT_NFSITEM NFI ON NFI.IDNFS = NF.IDNFS
        WHERE QQ.SEQQUESTIONARIO = QST.SEQQUESTIONARIO) AS VENDEDOR,
       QUE.QUESTAO, 
       QUE.DESCRICAO, 
       CASE WHEN QST.Q002_INSATISFEITO=1 THEN 'Insatisfeito'
            WHEN QST.Q002_INDIFERENTE=1  THEN 'Indiferente'
            WHEN QST.Q002_SATISFEITO=1   THEN 'Satisfeito' 
            ELSE 'sem resposta' END AS RESPOSTA,
         QST.DTAREALIZACAO,
         CASE WHEN QST.DTAREALIZACAO <= :DTA THEN 1 ELSE 0 END AS PERIODO1,
         CASE WHEN QST.DTAREALIZACAO >= :DT3 THEN 1 ELSE 0 END AS PERIODO2
FROM IV_Q$AFERICAO_VENDA_MQ_IM QST
INNER JOIN IV_QUESTAO QUE ON QUE.SEQFORMULARIO = QST.SEQFORMULARIO AND QUE.QUESTAO = 2
INNER JOIN IV_HISTORICO HIS ON HIS.SEQHISTORICO = QST.SEQHISTORICO #LS1_CMD
WHERE QST.DTAREALIZACAO >= :DT1
      AND QST.DTAREALIZACAO <= :DT2

UNION

SELECT 
       (SELECT DISTINCT NF.VENDEDOR
        FROM IV_Q$AFERICAO_VENDA_MQ_IM QQ 
            INNER JOIN IV_PROCDADO PPD ON PPD.PROCESSO = QQ.PROCESSO
            INNER JOIN IV_HISTORICO HIS ON HIS.PROCESSO = PPD.PROCESSOPAI
            INNER JOIN IV_HISTLINK HLK ON HLK.SEQHISTORICO = HIS.SEQHISTORICO
            INNER JOIN EXT_NFS NF ON NF.NRONF = HLK.LINKNRO AND NF.NROEMPRESA = HIS.NROEMPRESA
            INNER JOIN EXT_NFSITEM NFI ON NFI.IDNFS = NF.IDNFS
        WHERE QQ.SEQQUESTIONARIO = QST.SEQQUESTIONARIO) AS VENDEDOR,
       QUE.QUESTAO, 
       QUE.DESCRICAO, 
       CASE WHEN QST.Q003_INSATISFEITO=1 THEN 'Insatisfeito'
            WHEN QST.Q003_INDIFERENTE=1  THEN 'Indiferente'
            WHEN QST.Q003_SATISFEITO=1   THEN 'Satisfeito' 
            ELSE 'sem resposta' END AS RESPOSTA,
         QST.DTAREALIZACAO,
         CASE WHEN QST.DTAREALIZACAO <= :DTA THEN 1 ELSE 0 END AS PERIODO1,
         CASE WHEN QST.DTAREALIZACAO >= :DT3 THEN 1 ELSE 0 END AS PERIODO2
FROM IV_Q$AFERICAO_VENDA_MQ_IM QST
INNER JOIN IV_QUESTAO QUE ON QUE.SEQFORMULARIO = QST.SEQFORMULARIO AND QUE.QUESTAO = 3
INNER JOIN IV_HISTORICO HIS ON HIS.SEQHISTORICO = QST.SEQHISTORICO #LS1_CMD
WHERE QST.DTAREALIZACAO >= :DT1
      AND QST.DTAREALIZACAO <= :DT2

UNION

SELECT 
       (SELECT DISTINCT NF.VENDEDOR
        FROM IV_Q$AFERICAO_VENDA_MQ_IM QQ 
            INNER JOIN IV_PROCDADO PPD ON PPD.PROCESSO = QQ.PROCESSO
            INNER JOIN IV_HISTORICO HIS ON HIS.PROCESSO = PPD.PROCESSOPAI
            INNER JOIN IV_HISTLINK HLK ON HLK.SEQHISTORICO = HIS.SEQHISTORICO
            INNER JOIN EXT_NFS NF ON NF.NRONF = HLK.LINKNRO AND NF.NROEMPRESA = HIS.NROEMPRESA
            INNER JOIN EXT_NFSITEM NFI ON NFI.IDNFS = NF.IDNFS
        WHERE QQ.SEQQUESTIONARIO = QST.SEQQUESTIONARIO) AS VENDEDOR,
       QUE.QUESTAO, 
       QUE.DESCRICAO, 
       CASE WHEN QST.Q004_INSATISFEITO=1 THEN 'Insatisfeito'
            WHEN QST.Q004_INDIFERENTE=1  THEN 'Indiferente'
            WHEN QST.Q004_SATISFEITO=1   THEN 'Satisfeito' 
            ELSE 'sem resposta' END AS RESPOSTA,
         QST.DTAREALIZACAO,
         CASE WHEN QST.DTAREALIZACAO <= :DTA THEN 1 ELSE 0 END AS PERIODO1,
         CASE WHEN QST.DTAREALIZACAO >= :DT3 THEN 1 ELSE 0 END AS PERIODO2
FROM IV_Q$AFERICAO_VENDA_MQ_IM QST
INNER JOIN IV_QUESTAO QUE ON QUE.SEQFORMULARIO = QST.SEQFORMULARIO AND QUE.QUESTAO = 4
INNER JOIN IV_HISTORICO HIS ON HIS.SEQHISTORICO = QST.SEQHISTORICO #LS1_CMD
WHERE QST.DTAREALIZACAO >= :DT1
      AND QST.DTAREALIZACAO <= :DT2

UNION

SELECT 
       (SELECT DISTINCT NF.VENDEDOR
        FROM IV_Q$AFERICAO_VENDA_MQ_IM QQ 
            INNER JOIN IV_PROCDADO PPD ON PPD.PROCESSO = QQ.PROCESSO
            INNER JOIN IV_HISTORICO HIS ON HIS.PROCESSO = PPD.PROCESSOPAI
            INNER JOIN IV_HISTLINK HLK ON HLK.SEQHISTORICO = HIS.SEQHISTORICO
            INNER JOIN EXT_NFS NF ON NF.NRONF = HLK.LINKNRO AND NF.NROEMPRESA = HIS.NROEMPRESA
            INNER JOIN EXT_NFSITEM NFI ON NFI.IDNFS = NF.IDNFS
        WHERE QQ.SEQQUESTIONARIO = QST.SEQQUESTIONARIO) AS VENDEDOR,
       QUE.QUESTAO, 
       QUE.DESCRICAO, 
       CASE WHEN QST.RECOM_COLORADO_JD_VE='' THEN 'sem resposta' 
                   ELSE  QST.RECOM_COLORADO_JD_VE END AS RESPOSTA,
         QST.DTAREALIZACAO,
         CASE WHEN QST.DTAREALIZACAO <= :DTA THEN 1 ELSE 0 END AS PERIODO1,
         CASE WHEN QST.DTAREALIZACAO >= :DT3 THEN 1 ELSE 0 END AS PERIODO2
FROM IV_Q$AFERICAO_VENDA_MQ_IM QST
INNER JOIN IV_QUESTAO QUE ON QUE.SEQFORMULARIO = QST.SEQFORMULARIO AND QUE.QUESTAO = 5
INNER JOIN IV_HISTORICO HIS ON HIS.SEQHISTORICO = QST.SEQHISTORICO #LS1_CMD
WHERE QST.DTAREALIZACAO >= :DT1
      AND QST.DTAREALIZACAO <= :DT2

UNION

SELECT 
       (SELECT DISTINCT NF.VENDEDOR
        FROM IV_Q$AFERICAO_VENDA_MQ_IM QQ 
            INNER JOIN IV_PROCDADO PPD ON PPD.PROCESSO = QQ.PROCESSO
            INNER JOIN IV_HISTORICO HIS ON HIS.PROCESSO = PPD.PROCESSOPAI
            INNER JOIN IV_HISTLINK HLK ON HLK.SEQHISTORICO = HIS.SEQHISTORICO
            INNER JOIN EXT_NFS NF ON NF.NRONF = HLK.LINKNRO AND NF.NROEMPRESA = HIS.NROEMPRESA
            INNER JOIN EXT_NFSITEM NFI ON NFI.IDNFS = NF.IDNFS
        WHERE QQ.SEQQUESTIONARIO = QST.SEQQUESTIONARIO) AS VENDEDOR,
       QUE.QUESTAO, 
       QUE.DESCRICAO, 
       CASE WHEN QST.Q006_INSATISFEITO=1 THEN 'Insatisfeito'
            WHEN QST.Q006_INDIFERENTE=1  THEN 'Indiferente'
            WHEN QST.Q006_SATISFEITO=1   THEN 'Satisfeito' 
            ELSE 'sem resposta' END AS RESPOSTA,
         QST.DTAREALIZACAO,
         CASE WHEN QST.DTAREALIZACAO <= :DTA THEN 1 ELSE 0 END AS PERIODO1,
         CASE WHEN QST.DTAREALIZACAO >= :DT3 THEN 1 ELSE 0 END AS PERIODO2
FROM IV_Q$AFERICAO_VENDA_MQ_IM QST
INNER JOIN IV_QUESTAO QUE ON QUE.SEQFORMULARIO = QST.SEQFORMULARIO AND QUE.QUESTAO = 6
INNER JOIN IV_HISTORICO HIS ON HIS.SEQHISTORICO = QST.SEQHISTORICO #LS1_CMD
WHERE QST.DTAREALIZACAO >= :DT1
      AND QST.DTAREALIZACAO <= :DT2

UNION

SELECT 
       (SELECT DISTINCT NF.VENDEDOR
        FROM IV_Q$AFERICAO_VENDA_MQ_IM QQ 
            INNER JOIN IV_PROCDADO PPD ON PPD.PROCESSO = QQ.PROCESSO
            INNER JOIN IV_HISTORICO HIS ON HIS.PROCESSO = PPD.PROCESSOPAI
            INNER JOIN IV_HISTLINK HLK ON HLK.SEQHISTORICO = HIS.SEQHISTORICO
            INNER JOIN EXT_NFS NF ON NF.NRONF = HLK.LINKNRO AND NF.NROEMPRESA = HIS.NROEMPRESA
            INNER JOIN EXT_NFSITEM NFI ON NFI.IDNFS = NF.IDNFS
        WHERE QQ.SEQQUESTIONARIO = QST.SEQQUESTIONARIO) AS VENDEDOR,
       QUE.QUESTAO, 
       QUE.DESCRICAO, 
       CASE WHEN QST.Q007_ESTRUTURA=1 THEN 'Estrutura'
                 WHEN QST.Q007_AREA_VENDAS=1  THEN 'Area Vendas'
                 WHEN QST.Q007_AREA_PECAS=1   THEN 'Area Peças' 
                 WHEN QST.Q007_AREA_SERVICO=1  THEN 'Area Serviço'
                 WHEN QST.Q007_ORGANIZACAO=1   THEN 'Organizaçao' 
                 WHEN QST.Q007_ESPACO_FISICO=1  THEN 'Espaço Físico'
            ELSE 'sem resposta' END AS RESPOSTA,
         QST.DTAREALIZACAO,
         CASE WHEN QST.DTAREALIZACAO <= :DTA THEN 1 ELSE 0 END AS PERIODO1,
         CASE WHEN QST.DTAREALIZACAO >= :DT3 THEN 1 ELSE 0 END AS PERIODO2
FROM IV_Q$AFERICAO_VENDA_MQ_IM QST
INNER JOIN IV_QUESTAO QUE ON QUE.SEQFORMULARIO = QST.SEQFORMULARIO AND QUE.QUESTAO = 7
INNER JOIN IV_HISTORICO HIS ON HIS.SEQHISTORICO = QST.SEQHISTORICO #LS1_CMD
WHERE QST.DTAREALIZACAO >= :DT1
      AND QST.DTAREALIZACAO <= :DT2
) XQ
#LS2_CMD
GROUP BY XQ.QUESTAO, XQ.DESCRICAO, XQ.RESPOSTA

ORDER BY XQ.QUESTAO, XQ.DESCRICAO, XQ.RESPOSTA
","JD_AF003_Afericao_Evolutivo.QRP","1","Microsoft Sans Serif","8","Período: #DT1 / #DT4 e #DT3 / #DT2. Empresa..: #LS1. Vendedor..: #LS2.","","","","","","","","VTCCONS","1","","","","27/06/2012 19:46:00","","20/03/2014 11:08:39","VTCCONS","16"
"16","JDAF005","JDAF005 - Ranking Satisfação Funcionário (Serviço)","JDAF005 - Ranking Satisfação Funcionário","","SET LS1_CMD = ' AND HIS.NROEMPRESA = (SELECT NROEMPRESA FROM GE_EMPRESA WHERE NOMEREDUZIDO = :LS1)';

SET LS2_CMD = ' AND XQ.VENDEDOR = :LS2';

SET LS3_CMD = '  AND XQ.RESPOSTA = :LS3 ';

SELECT XQ.VENDEDOR, SUM(PERIODO1) AS PERIODO1, SUM(PERIODO2) AS PERIODO2
FROM 
(
SELECT 
          (SELECT RESPONSAVEL_TECNICO 
                FROM IV_Q$RESPONSAVEL_TECNICO RT 
                INNER JOIN IV_PROCDADO PPD ON PPD.PROCESSO = QST.PROCESSO
                                                                      AND PPD.PROCESSOPAI = RT.PROCESSO) AS VENDEDOR,
           CASE WHEN QST.Q007_INSATISFEITO=1 THEN 'Insatisfeito'
               WHEN QST.Q007_INDIFERENTE=1  THEN 'Indiferente'
               WHEN QST.Q007_SATISFEITO=1   THEN 'Satisfeito' 
                ELSE 'sem resposta' END AS RESPOSTA,
         QST.DTAREALIZACAO, 
         CASE WHEN QST.DTAREALIZACAO <= :DT2 THEN 1 ELSE 0 END AS PERIODO1,
         CASE WHEN QST.DTAREALIZACAO >= :DT3 THEN 1 ELSE 0 END AS PERIODO2
FROM IV_Q$AFERICAO_SERVICOS QST
INNER JOIN IV_QUESTAO QUE ON QUE.SEQFORMULARIO = QST.SEQFORMULARIO AND QUE.QUESTAO = 7
INNER JOIN IV_HISTORICO HIS ON HIS.SEQHISTORICO = QST.SEQHISTORICO #LS1_CMD
WHERE QST.DTAREALIZACAO >= :DT1
  AND QST.DTAREALIZACAO <= :DT4
) XQ
WHERE XQ.VENDEDOR IS NOT NULL
#LS2_CMD
#LS3_CMD
GROUP BY XQ.VENDEDOR
","JD_AF005_Ranking_Satisfacao.QRP","1","Microsoft Sans Serif","8","Períodos: #DT1 a #DT2 e #DT3 a #DT4. Empresa..: #LS1. Produtivo..: #LS2.. Satisfação..: #LS3.","","","","","","","","VTCCONS","1","","","","17/10/2012 15:50:00","","03/09/2014 16:15:35","JACQUELINE.DUARTE","14"
"17","JDAF005A","JDAF005A - Ranking Satisfação Funcionário (Maquinas)","JDAF005 - Ranking Satisfação Funcionário (Maquinas)","","SET LS1_CMD = ' AND HIS.NROEMPRESA = (SELECT NROEMPRESA FROM GE_EMPRESA WHERE NOMEREDUZIDO = :LS1)';

SET LS2_CMD = ' AND XQ.VENDEDOR = :LS2';

SET LS3_CMD = '  AND XQ.RESPOSTA = :LS3 ';


SELECT XQ.VENDEDOR, SUM(PERIODO1) AS PERIODO1, SUM(PERIODO2) AS PERIODO2
FROM 
(
SELECT 
       (SELECT HIS2.CODUSUARIO
        FROM IV_HISTORICO HIS2 
            INNER JOIN IV_PROCDADO PPD ON PPD.PROCESSO = QST.PROCESSO
            INNER JOIN IV_PROCDADO PPD2 ON PPD2.PROCESSODNA = PPD.PROCESSODNA
                                                                     AND PPD2.PROCESSO = HIS2.PROCESSO
            WHERE HIS2.RESULTADO = 940221) AS VENDEDOR, 
       CASE WHEN QST.Q006_INSATISFEITO=1 THEN 'Insatisfeito'
            WHEN QST.Q006_INDIFERENTE=1  THEN 'Indiferente'
            WHEN QST.Q006_SATISFEITO=1   THEN 'Satisfeito' 
            ELSE 'sem resposta' END AS RESPOSTA,
         QST.DTAREALIZACAO,
         CASE WHEN QST.DTAREALIZACAO <= :DT2 THEN 1 ELSE 0 END AS PERIODO1,
         CASE WHEN QST.DTAREALIZACAO >= :DT3 THEN 1 ELSE 0 END AS PERIODO2
FROM IV_Q$AFERICAO_VENDA_MQ_IM QST
INNER JOIN IV_QUESTAO QUE ON QUE.SEQFORMULARIO = QST.SEQFORMULARIO AND QUE.QUESTAO = 6
INNER JOIN IV_HISTORICO HIS ON HIS.SEQHISTORICO = QST.SEQHISTORICO #LS1_CMD
WHERE QST.DTAREALIZACAO >= :DT1
      AND QST.DTAREALIZACAO <= :DT4
) XQ
WHERE XQ.VENDEDOR IS NOT NULL
#LS2_CMD
#LS3_CMD
GROUP BY XQ.VENDEDOR
","JD_AF005_Ranking_Satisfacao.QRP","1","Microsoft Sans Serif","8","Períodos: #DT1 a #DT2 e #DT3 a #DT4. Empresa..: #LS1. Produtivo..: #LS2.. Satisfação..: #LS3.","","","","","","","","VTCCONS","1","","","","18/10/2012 09:39:00","","20/03/2014 11:10:49","VTCCONS","14"
"19","JDAF005B","JDAF005B - Ranking Satisfação Funcionário (Peças)","JDAF005B - Ranking Satisfação Funcionário (Peças)","","SET LS1_CMD = ' AND HIS.NROEMPRESA = (SELECT NROEMPRESA FROM GE_EMPRESA WHERE NOMEREDUZIDO = :LS1)';

SET LS2_CMD = ' AND XQ.VENDEDOR = :LS2';

SET LS3_CMD = '  AND XQ.RESPOSTA = :LS3 ';

SELECT XQ.VENDEDOR, SUM(PERIODO1) AS PERIODO1, SUM(PERIODO2) AS PERIODO2
FROM 
(
SELECT 
       (SELECT DISTINCT NF.VENDEDOR
        FROM IV_Q$AFERICAO_PECAS QQ 
            INNER JOIN IV_PROCDADO PPD ON PPD.PROCESSO = QQ.PROCESSO
            INNER JOIN IV_HISTORICO HIS ON HIS.PROCESSO = PPD.PROCESSOPAI
            INNER JOIN IV_HISTLINK HLK ON HLK.SEQHISTORICO = HIS.SEQHISTORICO
            INNER JOIN EXT_NFS NF ON NF.NRONF = HLK.LINKNRO AND NF.NROEMPRESA = HIS.NROEMPRESA
            INNER JOIN EXT_NFSITEM NFI ON NFI.IDNFS = NF.IDNFS
        WHERE QQ.SEQQUESTIONARIO = QST.SEQQUESTIONARIO) AS VENDEDOR,
       CASE WHEN QST.Q006_INSATISFEITO=1 THEN 'Insatisfeito'
            WHEN QST.Q006_INDIFERENTE=1  THEN 'Indiferente'
            WHEN QST.Q006_SATISFEITO=1   THEN 'Satisfeito' 
            ELSE 'sem resposta' END AS RESPOSTA,
         QST.DTAREALIZACAO,
         CASE WHEN QST.DTAREALIZACAO <= :DT2 THEN 1 ELSE 0 END AS PERIODO1,
         CASE WHEN QST.DTAREALIZACAO >= :DT3 THEN 1 ELSE 0 END AS PERIODO2
FROM IV_Q$AFERICAO_PECAS QST
INNER JOIN IV_QUESTAO QUE ON QUE.SEQFORMULARIO = QST.SEQFORMULARIO AND QUE.QUESTAO = 6
INNER JOIN IV_HISTORICO HIS ON HIS.SEQHISTORICO = QST.SEQHISTORICO #LS1_CMD
WHERE QST.DTAREALIZACAO >= :DT1
      AND QST.DTAREALIZACAO <= :DT4
) XQ
WHERE XQ.VENDEDOR IS NOT NULL
#LS2_CMD
#LS3_CMD
GROUP BY XQ.VENDEDOR
","JD_AF005_Ranking_Satisfacao.QRP","1","Microsoft Sans Serif","8","Períodos: #DT1 a #DT2 e #DT3 a #DT4. Empresa..: #LS1. Produtivo..: #LS2.. Satisfação..: #LS3.","","","","","","","","VTCCONS","1","","","","15/10/2012 16:34:00","","14/12/2016 14:33:31","MARCELO.EDER","10"
"29","JDAF006","JDAF006 Ranking Satisfação PESO (Serviços)","JDAF006 - Ranking Satisfação PESO (Serviços)","","SET LS1_CMD = ' AND HIS.NROEMPRESA = (SELECT NROEMPRESA FROM GE_EMPRESA WHERE NOMEREDUZIDO = :LS1)';

SELECT XQ.VENDEDOR, AVG(XQ.PONTO) AS PONTO_N, COUNT(*) AS QTDE_N
FROM (
SELECT 
          (SELECT TOP 1 RESPONSAVEL_TECNICO 
                FROM IV_Q$RESPONSAVEL_TECNICO RT 
                INNER JOIN IV_PROCDADO PPD ON PPD.PROCESSO = QST.PROCESSO
                                                                      AND PPD.PROCESSOPAI = RT.PROCESSO) AS VENDEDOR,
          QUE.PONTO
FROM IV_Q$AFERICAO_SERVICOS QST
INNER JOIN IV$_PONTUACAO QUE ON QUE.PROCESSO = QST.PROCESSO
                                                           AND QUE.TIPO = 'SERV'
INNER JOIN IV_HISTORICO HIS ON HIS.SEQHISTORICO = QST.SEQHISTORICO #LS1_CMD
WHERE QST.DTAREALIZACAO >= :DT1
  AND QST.DTAREALIZACAO <= :DT2
) XQ
GROUP BY XQ.VENDEDOR
ORDER BY XQ.VENDEDOR","JD_AF006_Ranking_Peso.QRP","1","Microsoft Sans Serif","8","Empresa.: #LS1. Periodo..: #DT1 a #DT2.","","","","","","","","VTCCONS","1","","","","23/07/2013 17:28:00","","03/09/2014 16:20:06","JACQUELINE.DUARTE","11"
"30","JDAF006A","JDAF006A - Ranking Satisfação PESO (Peças)","JDAF006A - Ranking Satisfação PESO (Peças)","","SET LS1_CMD = ' AND HIS.NROEMPRESA = (SELECT NROEMPRESA FROM GE_EMPRESA WHERE NOMEREDUZIDO = :LS1)';

SELECT XQ.VENDEDOR, AVG(XQ.PONTO) AS PONTO_N, COUNT(*) AS QTDE_N
FROM (
SELECT 
       (SELECT DISTINCT NF.VENDEDOR
        FROM IV_Q$AFERICAO_PECAS QQ 
            INNER JOIN IV_PROCDADO PPD ON PPD.PROCESSO = QQ.PROCESSO
            INNER JOIN IV_HISTORICO HIS ON HIS.PROCESSO = PPD.PROCESSOPAI
            INNER JOIN IV_HISTLINK HLK ON HLK.SEQHISTORICO = HIS.SEQHISTORICO
            INNER JOIN EXT_NFS NF ON NF.NRONF = HLK.LINKNRO AND NF.NROEMPRESA = HIS.NROEMPRESA
            INNER JOIN EXT_NFSITEM NFI ON NFI.IDNFS = NF.IDNFS
        WHERE QQ.SEQQUESTIONARIO = QST.SEQQUESTIONARIO) AS VENDEDOR,
          QUE.PONTO
FROM IV_Q$AFERICAO_PECAS QST
INNER JOIN IV$_PONTUACAO QUE ON QUE.PROCESSO = QST.PROCESSO
                                                           AND QUE.TIPO = 'PEÇA'
INNER JOIN IV_HISTORICO HIS ON HIS.SEQHISTORICO = QST.SEQHISTORICO #LS1_CMD
WHERE QST.DTAREALIZACAO >= :DT1
  AND QST.DTAREALIZACAO <= :DT2
) XQ
GROUP BY XQ.VENDEDOR
ORDER BY XQ.VENDEDOR","JD_AF006_Ranking_Peso.QRP","1","Microsoft Sans Serif","8","Empresa.: #LS1. Periodo..: #DT1 a #DT2.","","","","","","","","VTCCONS","1","","","","18/10/2012 09:42:00","","26/09/2013 08:50:50","JACQUELINE.DUARTE","5"
"31","JDAF006B","JDAF006B Ranking Satisfação PESO (Maquinas)","JDAF006B - Ranking Satisfação PESO (Maquinas)","","SET LS1_CMD = ' AND HIS.NROEMPRESA = (SELECT NROEMPRESA FROM GE_EMPRESA WHERE NOMEREDUZIDO = :LS1)';

SELECT XQ.VENDEDOR, AVG(XQ.PONTO) AS PONTO_N, COUNT(*) AS QTDE_N
FROM (
SELECT 
       (SELECT HIS2.CODUSUARIO
        FROM IV_HISTORICO HIS2 
            INNER JOIN IV_PROCDADO PPD ON PPD.PROCESSO = QST.PROCESSO
            INNER JOIN IV_PROCDADO PPD2 ON PPD2.PROCESSODNA = PPD.PROCESSODNA
                                                                     AND PPD2.PROCESSO = HIS2.PROCESSO
            WHERE HIS2.RESULTADO = 940221) AS VENDEDOR, 
          QUE.PONTO
FROM IV_Q$AFERICAO_VENDA_MQ_IM QST
INNER JOIN IV$_PONTUACAO QUE ON QUE.PROCESSO = QST.PROCESSO
                                                           AND QUE.TIPO = 'VEND'
INNER JOIN IV_HISTORICO HIS ON HIS.SEQHISTORICO = QST.SEQHISTORICO #LS1_CMD
WHERE QST.DTAREALIZACAO >= :DT1
  AND QST.DTAREALIZACAO <= :DT2
) XQ
GROUP BY XQ.VENDEDOR
ORDER BY XQ.VENDEDOR","JD_AF006_Ranking_Peso.QRP","1","Microsoft Sans Serif","8","Empresa.: #LS1. Periodo..: #DT1 a #DT2.","","","","","","","","VTCCONS","1","","","","18/10/2012 09:43:00","","06/12/2013 08:04:59","RUI.PINOTTI","10"
"37","JDE_111X","Analise Financeira","Análise da Carteira de Pedidos","","
SET LS2_CMD = ' AND EMP.NOMEREDUZIDO = :LS2';

SET LS3_CMD = ' AND ACV.TIPO_EQUIP1 = :LS3';

SET LS4_CMD = ' AND HST.VENDEDOR = :LS4';

SET LTB = fk_StrTranslateSep (""0"",""AND PST.STATUSORDEM < 50"",SN2_X,""~"");


SELECT  	CART.CARTEIRA AS REGIAO,           
	ACV.TIPO_EQUIP1 AS TIPO_DE_MAQUINA,
	PRC.STATUS AS STATUS,  
                PDD.DTAULTRESULTADO AS DTA_ULT_ANDAMENTO_D,
                ACV.PREV_FATURAM1 AS DTA_PREV_FAT_D,
                case when month(ACV.PREV_FATURAM1) = '1' then 'Janeiro'
                         when month(ACV.PREV_FATURAM1) = '2' then 'Fevereiro'
                         when month(ACV.PREV_FATURAM1) = '3' then 'Março'                         
                         when month(ACV.PREV_FATURAM1) = '4' then 'Abril'
                         when month(ACV.PREV_FATURAM1) = '5' then 'Maio'
                         when month(ACV.PREV_FATURAM1) = '6' then 'Junho'
                         when month(ACV.PREV_FATURAM1) = '7' then 'Julho'
                         when month(ACV.PREV_FATURAM1) = '8' then 'Agosto'
                         when month(ACV.PREV_FATURAM1) = '9' then 'Setembro'
                         when month(ACV.PREV_FATURAM1) = '10' then 'Outubro'
                         when month(ACV.PREV_FATURAM1) = '11' then 'Novembro'
                         when month(ACV.PREV_FATURAM1) = '12' then 'Dezembro'
                end AS MES_PREV_FAT,
                ACV.MARCA_1 AS MARCA,
	ACV.MODEL_EQUIP1 AS MODELO,
/*                ACV.TIPO_IMPLEMENTO AS TIPO_IMPLEMENTO,         */
                ACV.NRO_CHASSI1,
                PES.NOMERAZAO AS CLIENTE,
                DBO.FVA_CGCCPFFORMAT (PES.NROCGCCPF, PES.DIGCGCCPF, PES.FISICAJURIDICA) AS CNPJ_CPF_CLIENTE,            
                DBO.fva_dinheiro(ACV.VLR_TOTAL1 ) AS VLR_TOTAL,
  	HST.VENDEDOR AS CEN,
                PRC.Processo AS NRO_PROCESSO,               
                ACV.NRO_PED_VEND1 AS NRO_PEDIDO,
                ACV.DTAREALIZACAO AS DATA_PEDIDO_D,
	ACV.TP_PGTO1 AS FORMA_PGTO,
                 isnull(ACV.INSTITUI_FINANCEIRA1 , 'Não Informado') AS FINANCEIRA,
                ACV.NOME_AGENC1 AS AGENCIA,
                ACV.NRO_AGENC1 AS NRO_AGENCIA,																
                ACV.TEL_AGENCIA1 AS TEL_AGENCIA,    
                ACV.NOME_GERENT1 AS NOME_GERENTE,
                PES.FONEDDD1 #vksSql_ConcatHifen rtrim(convert(char,PES.FONENRO1)) AS TEL_CLIENTE,
                PDD.CAMPANHA AS CAMPANHA,             
                ACV.NRO_PAC1 AS NRO_PAC,
               (SELECT MAX (PST.DTAMONIT)
                          FROM IV_PROCSTATMONIT PST
                                WHERE PST.PROCESSO = PRC.PROCESSO
                                 AND PST.STATUS = 'PAC EMITIDO') AS DATA_PAC_D,
               ACV.NRO_NF1 AS NRO_NF,
               (SELECT MAX (PST.DTAMONIT)
                          FROM IV_PROCSTATMONIT PST
                                WHERE PST.PROCESSO = PRC.PROCESSO
                                 AND PST.STATUS = 'FATURADO') AS DATA_FAT_D,
               (SELECT MAX (PST.DTAMONIT)
                          FROM IV_PROCSTATMONIT PST
                                WHERE PST.PROCESSO = PRC.PROCESSO
                                 AND PST.STATUS = 'ENTREGUE') AS DATA_ENTREGA_D,
                DBO.fva_dinheiro(ACV.VLR_SINAL1) AS REC_PROPRIO,
                DBO.fva_dinheiro(ACV.VLR_FINAN1 ) AS REC_BANCO,        
               ' ' AS HISTORICO_PG,
               (SELECT MAX (PST.DTAMONIT)
                          FROM IV_PROCSTATMONIT PST
                                WHERE PST.PROCESSO = PRC.PROCESSO
                                 AND PST.STATUS = 'RECEBIDO FINANC') AS STATUS_PGTO_D,                  
               year(ACV.DTAREALIZACAO) AS ANO,
                HST.DETALHE as ULT_HIST_L
FROM IV_PROCESSO PRC
    JOIN IV_PROCST PST ON PST.STATUS = PRC.STATUS 
    JOIN IV_PROCDADO PDD ON PDD.PROCESSO = PRC.PROCESSO
                AND PDD.CODPROCESSO = PST.CODPROCESSO
    JOIN IV_HISTORICO HST ON HST.PROCESSO = PDD.PROCESSO
    JOIN GE_EMPRESA EMP ON EMP.NROEMPRESA = PDD.NROEMPRESA
    JOIN GE_PESSOA PES ON PES.SEQPESSOA = PDD.SEQPESSOA
    JOIN IV_Q$ACOMPANH_VENDA_JDE ACV ON ACV.PROCESSO = PRC.PROCESSO
    JOIN IVS_PES IVP
	    JOIN IVS_CARTEIRA CART 
                      ON CART.SEQCARTEIRA = IVP.SEQCARTEIRA           
              	    JOIN GE_USUARIO RESP ON RESP.SEQUSUARIO = CART.SEQUSRRESP
	ON IVP.SEQPESSOA = PDD.SEQPESSOA
 	AND IVP.SEQDEPTO = 2
WHERE PDD.CODPROCESSO = 7
  AND  ACV.INSTITUI_FINANCEIRA1 IN  (SELECT LITERAL1 FROM IV_GLOBALPAR WHERE SEQGLBPAR = 9415 AND SEQPAR IN ( #OPT1_ListChave ))
  AND HST.SEQHISTORICO = (SELECT MAX (SEQHISTORICO) FROM IV_HISTORICO WHERE  PROCESSO = HST.PROCESSO)
  AND ( ACV.PREV_FATURAM1 IS NULL
           OR ( ACV.PREV_FATURAM1 >= :DT1 AND ACV.PREV_FATURAM1 <= :DT2 )
           ) 
  AND PST.STATUS IN ( #SELX1_ListChave )
#LS1_CMD 
#LS2_CMD 
#LS3_CMD 
#LS4_CMD
ORDER BY 1,2,3,4,5,10,11,12
;","","1","Microsoft Sans Serif","8","Fat. prev entre #DT1 e #DT2","","0","","","","","","DIEGO.MARQUES","1","0","0","1","13/03/2024 10:04:00","","03/06/2025 09:38:06","V:GUI.BATISTA","382"
"43","QLD_001","Análise pós Insatisfações","Análise pós Insatisfações","","SELECT 'Q1', 
                HIST.CodUsuario AS ATENDENTE,
                PES.SeqPessoa AS SEQ_N,
                PES.NomeRazao AS CLIENTE,
                HIST.DtaRealizacao AS DTA_INSATISFACAO_D,
                HIST.ResultadoCmpl AS MOTIVO,
	FRM.Q001_INDIFERENTE AS INDIFERENTE_N,
	FRM.Q001_SATISFEITO AS SATISFEITO_N,
	FRM.Q001_INSATISFEITO AS INSATISFEITO_N,
                FRM.DtaRealizacao AS DTA_POSOLUCAO_D,
                HIST.Processo AS PROCESSO_N,
                1 AS QTDE_N
  FROM IV_HISTORICO HIST
	LEFT JOIN IV_Q$AFERICAO_POS_SOLUCAO FRM ON FRM.Processo = HIST.Processo
	JOIN GE_PESSOA PES ON PES.SeqPessoa = HIST.SeqPessoa
WHERE HIST.DtaRealizacao >= :DT1 
  AND HIST.DtaRealizacao <= :DT2
/*940119 = Aferir Satisfação de Venda/Cliente Insatisfeito*/
/*940126 = Aferir Satisfação de Servi;o/Cliente Insatisfeito*/
/*940133 = Aferir Satisfação de Pe;as/Cliente Insatisfeito*/
  AND HIST.Resultado in ( 940119, 940126, 940133 )
ORDER BY 2, 4;","QLD_001_Análise pós Insatisfações de vendas.qrp","1","Microsoft Sans Serif","8","Registro de insatisfação entre: #DT1 e #DT2","","","","","","","","VTCCONS","1","","","","27/02/2013 21:07:00","","22/09/2015 16:49:06","MARCELO.EDER","41"
"44","QLD_002","Atualizaçao de propriedades (novos cadastros)","Atualizaçao de frotas","","SELECT CASE :LS1 WHEN 'Sim' THEN 1 ELSE 0 END INTO :NRA FROM DUAL;

SELECT CASE :LS3 WHEN 'Origem da receita' THEN 'AND CPR.SEQPROPRIEDADE = 9400' ELSE 'AND CPR.SEQPROPRIEDADE <> 9400' END INTO :LTA FROM DUAL;

SELECT USU.CODUSUARIO, 
               PES.SEQPESSOA, 
               PES.NOMERAZAO, 
               PES.CIDADE + '-' + PES.UF AS CIDADE, 
               CPR.Campo1 + '-' + CPR.REFERENCIA AS TIPOMARCA,
               CPR.CAMPO2 AS MODELO,
               CPR.NUMERO1 AS QTDE_N
            --   MIN(CPR.DTAINCLUSAO) AS DTAINCLUSAO_T
FROM IV_CLIENTEPROPR CPR
INNER JOIN IV_PROPRIEDADE PR ON PR.SEQPROPRIEDADE = CPR.SEQPROPRIEDADE
INNER JOIN GE_USUARIO USU ON USU.CODUSUARIO LIKE CPR.USUINCLUSAO + '%'
INNER JOIN GE_PESSOA PES ON PES.SEQPESSOA = CPR.SEQPESSOA
WHERE CPR.DTAINCLUSAO > :DT1
      AND CPR.DTAINCLUSAO < :DT2
      AND USU.SEQUSUARIO IN (  #OPT1_ListChave )
      #LTA
--GROUP BY USU.CODUSUARIO, PES.SEQPESSOA, PES.NOMERAZAO, PES.CIDADE + '-' + PES.UF, CPR.CAMPO1 + '-' + CPR.REFERENCIA, CPR.CAMPO2 , CPR.NUMERO1 
ORDER BY USU.CODUSUARIO, PES.SEQPESSOA","QLD_002_Atualizacao_Propriedades.qrp","1","Microsoft Sans Serif","8","Período de: #DT1 a #DT2. Detalhar? #LS1. Grupo #LS2.","","","","","","","","VTCCONS","1","","","","23/01/2015 11:07:00","","22/01/2025 17:27:48","NETO.PRADO","269"
"45","MAN001","Atualizacao seqhistorico (vortice)","Atualizacao seqhistorico (vortice)","Somente pessoal autorizado da Vortice pode executar essa consulta.","UPDATE IV_QUESTIONARIO SET SEQHISTORICO = XB.SEQHISTORICO
FROM IV_QUESTIONARIO J2
INNER JOIN (
SELECT H2.SEQHISTORICO, H2.PROCESSO FROM IV_HISTORICO H2
INNER JOIN (
SELECT PROCESSO, MAX(DTAREALIZACAO)  AS DATA
FROM IV_HISTORICO HIS
WHERE EXISTS (SELECT * FROM Iv_Q$Afericao_Venda_Mq_Im WHERE SEQHISTORICO > 1000000 AND DTAREALIZACAO >= '01-JAN-2013' AND PROCESSO = HIS.PROCESSO)
GROUP BY PROCESSO) XA ON XA.PROCESSO = H2.PROCESSO AND XA.DATA = H2.DTAREALIZACAO
) XB ON XB.PROCESSO = J2.PROCESSO
","","1","Microsoft Sans Serif","8","","","","","","","","","VTCCONS","1","","","","08/03/2013 07:36:00","","","",""
"46","JDE_003","Listar clientes das carteiras","Listar clientes por carteira","","SELECT CART.CARTEIRA, 
               USR.CODUSUARIO AS RESPONSAVEL,
               PES.NOMERAZAO AS PESSOA,
               PES.SEQPESSOA,
               PESC.POTENCIAL
  FROM IVS_CARTEIRA CART
            JOIN GE_USUARIO USR ON USR.SEQUSUARIO = CART.SEQUSRRESP
            JOIN IVS_PES PESC ON PESC.SEQCARTEIRA = CART.SEQCARTEIRA
            JOIN GE_PESSOA PES ON PES.SEQPESSOA = PESC.SEQPESSOA
WHERE PESC.SEQCARTEIRA IN ( #OPT1_ListChave )
ORDER BY 1, 3, 5
","","1","Microsoft Sans Serif","8","","","0","","","","","","VTCCONS","1","0","0","0","10/12/2013 09:35:00","","02/09/2024 09:38:44","MATHEUS.AUGUSTO","140"
"51","JDE_202","Afericao do formulario de Peças","JDE_202_Afericao do formulario de Peças","","SELECT NROEMPRESA INTO :NRA FROM GE_EMPRESA WHERE NOMEREDUZIDO = :LS1;
SET LS1_CMD = 'AND PDD.NROEMPRESA = :NRA';
SELECT QST.QUESTAO, QST.DESCRICAO AS PERGUNTA, 
       FRM.DE_NOTA_0_A_10_REFER AS RESPOSTA,
       COUNT(*) AS QTDE_N
FROM IV_Q$AFERICAO_PECAS2 FRM
     JOIN IV_PROCDADO PDD ON PDD.PROCESSO = FRM.PROCESSO
     JOIN IV_QUESTAO QST ON QST.SEQFORMULARIO = FRM.SEQFORMULARIO
     LEFT JOIN IV_QUESTAOLISTA QSL
                    ON QSL.SEQFORMULARIO = FRM.SEQFORMULARIO
                 AND QSL.QUESTAO = QST.QUESTAO
                 AND QSL.LISTA = FRM.DE_NOTA_0_A_10_REFER
 WHERE FRM.DTAREALIZACAO >= :DT1
    AND FRM.DTAREALIZACAO <= :DT2
    AND QST.NOMECOLUNA = 'DE_NOTA_0_A_10_REFER'
    #LS1_CMD 
GROUP BY QST.QUESTAO, QST.DESCRICAO, FRM.DE_NOTA_0_A_10_REFER
UNION
SELECT QST.QUESTAO, QST.DESCRICAO, 
       FRM.SATISFACAO_A_RESPEIT, 
       COUNT(*)
  FROM IV_Q$AFERICAO_PECAS2 FRM
  JOIN IV_PROCDADO PDD ON PDD.PROCESSO = FRM.PROCESSO
  JOIN IV_QUESTAO QST ON QST.SEQFORMULARIO = FRM.SEQFORMULARIO
  LEFT JOIN IV_QUESTAOLISTA QSL
          ON QSL.SEQFORMULARIO = FRM.SEQFORMULARIO
        AND QSL.QUESTAO = QST.QUESTAO
        AND QSL.LISTA = FRM.SATISFACAO_A_RESPEIT
 WHERE FRM.DTAREALIZACAO >= :DT1
    AND FRM.DTAREALIZACAO <= :DT2
    AND QST.NOMECOLUNA = 'SATISFACAO_A_RESPEIT'
    #LS1_CMD 
GROUP BY QST.QUESTAO, QST.DESCRICAO, FRM.SATISFACAO_A_RESPEIT
UNION
SELECT QST.QUESTAO, QST.DESCRICAO, 
       FRM.SATISF_DISPON_PECAS_, 
       COUNT(*)
  FROM IV_Q$AFERICAO_PECAS2 FRM
  JOIN IV_PROCDADO PDD ON PDD.PROCESSO = FRM.PROCESSO
  JOIN IV_QUESTAO QST ON QST.SEQFORMULARIO = FRM.SEQFORMULARIO
  LEFT JOIN IV_QUESTAOLISTA QSL
          ON QSL.SEQFORMULARIO = FRM.SEQFORMULARIO
        AND QSL.QUESTAO = QST.QUESTAO
        AND QSL.LISTA = FRM.SATISF_DISPON_PECAS_
 WHERE FRM.DTAREALIZACAO >= :DT1
    AND FRM.DTAREALIZACAO <= :DT2
    AND QST.NOMECOLUNA = 'SATISF_DISPON_PECAS_'
    #LS1_CMD 
GROUP BY QST.QUESTAO, QST.DESCRICAO, FRM.SATISF_DISPON_PECAS_
UNION
SELECT QST.QUESTAO, QST.DESCRICAO, 
       FRM.OPINIAO_QUANTO_AO_CU, 
       COUNT(*)
  FROM IV_Q$AFERICAO_PECAS2 FRM
  JOIN IV_PROCDADO PDD ON PDD.PROCESSO = FRM.PROCESSO
  JOIN IV_QUESTAO QST ON QST.SEQFORMULARIO = FRM.SEQFORMULARIO
  LEFT JOIN IV_QUESTAOLISTA QSL
          ON QSL.SEQFORMULARIO = FRM.SEQFORMULARIO
        AND QSL.QUESTAO = QST.QUESTAO
        AND QSL.LISTA = FRM.OPINIAO_QUANTO_AO_CU
 WHERE FRM.DTAREALIZACAO >= :DT1
    AND FRM.DTAREALIZACAO <= :DT2
    AND QST.NOMECOLUNA = 'OPINIAO_QUANTO_AO_CU'
    #LS1_CMD 
GROUP BY QST.QUESTAO, QST.DESCRICAO, FRM.OPINIAO_QUANTO_AO_CU
UNION
SELECT QST.QUESTAO, QST.DESCRICAO, 
       FRM.RECOM_DEPTO_PECAS_CO, 
       COUNT(*)
  FROM IV_Q$AFERICAO_PECAS2 FRM
  JOIN IV_PROCDADO PDD ON PDD.PROCESSO = FRM.PROCESSO
  JOIN IV_QUESTAO QST ON QST.SEQFORMULARIO = FRM.SEQFORMULARIO
  LEFT JOIN IV_QUESTAOLISTA QSL
          ON QSL.SEQFORMULARIO = FRM.SEQFORMULARIO
        AND QSL.QUESTAO = QST.QUESTAO
        AND QSL.LISTA = FRM.RECOM_DEPTO_PECAS_CO
 WHERE FRM.DTAREALIZACAO >= :DT1
    AND FRM.DTAREALIZACAO <= :DT2
    AND QST.NOMECOLUNA = 'RECOM_DEPTO_PECAS_CO'
    #LS1_CMD 
GROUP BY QST.QUESTAO, QST.DESCRICAO, FRM.RECOM_DEPTO_PECAS_CO
UNION
SELECT QST.QUESTAO, QST.DESCRICAO, 
       FRM.SATISF_REL_CONCESSIO, 
       COUNT(*)
  FROM IV_Q$AFERICAO_PECAS2 FRM
  JOIN IV_PROCDADO PDD ON PDD.PROCESSO = FRM.PROCESSO
  JOIN IV_QUESTAO QST ON QST.SEQFORMULARIO = FRM.SEQFORMULARIO
  LEFT JOIN IV_QUESTAOLISTA QSL
          ON QSL.SEQFORMULARIO = FRM.SEQFORMULARIO
        AND QSL.QUESTAO = QST.QUESTAO
        AND QSL.LISTA = FRM.SATISF_REL_CONCESSIO
 WHERE FRM.DTAREALIZACAO >= :DT1
    AND FRM.DTAREALIZACAO <= :DT2
    AND QST.NOMECOLUNA = 'SATISF_REL_CONCESSIO'
    #LS1_CMD 
GROUP BY QST.QUESTAO, QST.DESCRICAO, FRM.SATISF_REL_CONCESSIO
UNION
SELECT QST.QUESTAO, QST.DESCRICAO, 
       FRM.SUA_INSATISFACAO_SE_, 
       COUNT(*)
  FROM IV_Q$AFERICAO_PECAS2 FRM
  JOIN IV_PROCDADO PDD ON PDD.PROCESSO = FRM.PROCESSO
  JOIN IV_QUESTAO QST ON QST.SEQFORMULARIO = FRM.SEQFORMULARIO
  LEFT JOIN IV_QUESTAOLISTA QSL
          ON QSL.SEQFORMULARIO = FRM.SEQFORMULARIO
        AND QSL.QUESTAO = QST.QUESTAO
        AND QSL.LISTA = FRM.SUA_INSATISFACAO_SE_
 WHERE FRM.DTAREALIZACAO >= :DT1
    AND FRM.DTAREALIZACAO <= :DT2
    AND QST.NOMECOLUNA = 'SUA_INSATISFACAO_SE_'
    #LS1_CMD 
GROUP BY QST.QUESTAO, QST.DESCRICAO, FRM.SUA_INSATISFACAO_SE_
ORDER BY 1, 2, 3, 4

","JDE_202_Afericao do formulario de Peças.qrp","1","Microsoft Sans Serif","8","Inclusão da pesquisa entre: #DT1 e #DT2. Empresa: #LS1.","","0","","","","","","VTCCONS","1","0","0","0","07/02/2013 10:31:09","","05/07/2013 10:47:31","VTCCONS","7"
"57","JDE_001","Origens de Receita e Frota do Cliente","Origens de Receita e Frota do Cliente","","SELECT SEQUSUARIO FROM GE_USUARIO WHERE CODUSUARIO = :LS2 INTO :NRA;
SET LTA = fk_StrTranslateSep ( ""Agenda do Atendente"", 
    ""   AND PES.SEQPESSOA IN  
                ( SELECT SEQPESSOA FROM IV_AGENDA AG 
                 WHERE AG.SEQUSUARIO = :NRA 
                   AND AG.DTAAGENDA >= :DT1 
                   AND AG.DTAAGENDA <= :DT2 
                   AND AG.REALIZADA = 'N' 
                   AND AG.ACAO > 0 ) 
   ~  AND PES.SEQPESSOA IN 
  ( SELECT PES2.SEQPESSOA 
     FROM IVS_CARTEIRA CRT  
         JOIN IVS_PES PES2 ON PES2.SEQCARTEIRA = CRT.SEQCARTEIRA
     WHERE CRT.SEQUSRRESP = :NRA )
  "", LS1, ""~"");
    
SELECT  PES.NOMERAZAO AS CLIENTE, 
	'00' AS TIPOREG, 
              CPR.SEQPROPRIEDADE,  
              PROP.PROPRIEDADE AS PROPRIEDADE, 
	CPR.REFERENCIA AS MARCA, 
	CPR.CAMPO1 AS TIPO, 
	CPR.CAMPO2 AS MODELO, 
              CPR.CAMPO3 AS  CAMPO3, 
	PROP.CAMPO3 AS CAMPO3DESC, 
	CPR.NUMERO1 AS QTDE_N, 
	CPR.CAMPO6 AS ANO, 
	CPR.NUMERO3 AS NUMERO3_N, 
	PROP.NUMERO3 AS NUMERO3DESC, 
	CPR.NUMERO4 AS NUMERO4_N, 
	PROP.NUMERO4 AS NUMERO4DESC, 
	CPR.LITERAL1, 
	PROP.LITERAL1 AS LITERAL1DESC, 
	CPR.LITERAL2, 
	PROP.LITERAL2 AS LITERAL2DESC, 
	CPR.DTAALTERACAO AS DTALTERADO_T, 
	CPR.USUALTERACAO, 
	PES.FANTASIA, 
	PES.SEQPESSOA 
	 
FROM IV_CLIENTEPROPR CPR 
   JOIN IV_PROPRIEDADE PROP ON PROP.SEQPROPRIEDADE = CPR.SEQPROPRIEDADE 
   JOIN GE_PESSOA PES ON PES.SEQPESSOA = CPR.SEQPESSOA 
WHERE  
   CPR.SEQPESSOA > 0 
   AND CPR.SEQPROPRIEDADE IN ( 9400 ) 
   AND CPR.ATIVO = 'S' 
   #LTA
           
UNION 
SELECT  PES.NOMERAZAO AS CLIENTE, 
	'10' AS TIPOREG,  
              CPR.SEQPROPRIEDADE,  
              PROP.PROPRIEDADE AS PROPRIEDADE, 
	CPR.REFERENCIA AS MARCA, 
	CPR.CAMPO1 AS TIPO, 
	CPR.CAMPO2 AS MODELO, 
              CPR.CAMPO3 AS  CAMPO3, 
	PROP.CAMPO3 AS CAMPO3DESC, 
	CPR.NUMERO1 AS QTDE_N, 
	CPR.CAMPO6 AS ANO, 
	CPR.NUMERO3 AS NUMERO3_N, 
	PROP.NUMERO3 AS NUMERO3DESC, 
	CPR.NUMERO4 AS NUMERO4_N, 
	PROP.NUMERO4 AS NUMERO4DESC, 
	CPR.LITERAL1, 
	PROP.LITERAL1 AS LITERAL1DESC, 
	CPR.LITERAL2, 
	PROP.LITERAL2 AS LITERAL2DESC, 
	CPR.DTAALTERACAO AS DTALTERADO_T, 
	CPR.USUALTERACAO, 
	PES.FANTASIA, 
	PES.SEQPESSOA 
	 
FROM IV_CLIENTEPROPR CPR 
  JOIN IV_PROPRIEDADE PROP ON PROP.SEQPROPRIEDADE = CPR.SEQPROPRIEDADE 
  JOIN GE_PESSOA PES ON PES.SEQPESSOA = CPR.SEQPESSOA 
WHERE  
   CPR.SEQPESSOA > 0 
   AND CPR.SEQPROPRIEDADE IN ( 9402, 9403, 9404, 9405, 9406, 9407, 9408, 9409, 9410, 9411) 
   AND CPR.ATIVO = 'S' 
   #LTA
           
ORDER BY 1, 2,3,4,5,6  
 ;

","JDE_001_OrigRecFrota.qrp","1","Microsoft Sans Serif","8","Opção: #LS1 #LS2, agendas entre: #DT1 e #DT2","","0","","","","","","1000","0","1","1","1","31/12/1999 00:00:08","","08/04/2015 18:05:09","JACQUELINE.DUARTE","44"
"59","JDE_009","Índice de Visitas & Contatos por Período","Índice de Cobertura de Carteira","","SET LS2_CMD = ' AND EMP.NOMEREDUZIDO = :LS2';

/*--- Envianod os dias de cliclo para o QRP identificar se está dentro ou fora -----*/
SELECT CAST(DPTO.CICLOA AS VARCHAR) #vksSql_Concat ',' #vksSql_Concat CAST(DPTO.CICLOB AS VARCHAR) #vksSql_Concat ',' #vksSql_Concat 
               CAST(DPTO.CICLOC AS VARCHAR) #vksSql_Concat ',' #vksSql_Concat CAST(DPTO.CICLOD AS VARCHAR) #vksSql_Concat ',0' ,
               CAST( DPTO.CICLOAEXT AS VARCHAR) #vksSql_Concat ',' #vksSql_Concat  
               CAST(DPTO.CICLOBEXT AS VARCHAR) #vksSql_Concat ',' #vksSql_Concat 
               CAST(DPTO.CICLOCEXT AS VARCHAR) #vksSql_Concat ',' #vksSql_Concat CAST(DPTO.CICLODEXT AS VARCHAR) #vksSql_Concat ',0' 
            INTO :LTA, :LTB
FROM IVS_DEPTO DPTO
WHERE DPTO.DEPTO = :LS1;




SELECT 	EMP.NOMEREDUZIDO AS EMPRESA,
	CART.CARTEIRA,
	USR.NOMEREDUZIDO AS RESPONSAVEL,
	PESC.POTENCIAL,
                CASE PES.STATUS 
                     WHEN 'A' THEN 'Ativo'
                     WHEN 'P' THEN 'Prospect'
                     WHEN 'I' THEN 'Inativo'
                     WHEN 'F' THEN 'Falecido'
                     WHEN 'S' THEN 'Suspect'
                ELSE 'O' END AS STATUS,
	PESC.SEQPESSOA,
	PES.NOMERAZAO,
                PES.CIDADE #vksSql_ConcatHifen PES.UF AS CIDADE,
	CASE WHEN ((PESC.DtaUltCtto >= :DT1 AND PESC.DtaUltCtto <= :DT2 )
           		OR ( PESC.DtaUltCttoExt >= :DT1 AND PESC.DtaUltCttoExt <= :DT2 ))
	          THEN 1
	ELSE 0
	END AS NOPERIODO_N,
	PESC.DTAULTCTTO AS ULTCTTO_D,
	PESC.DTAULTCTTOEXT AS ULTCCTOEXT_D,
	(SELECT MAX(DTAAGENDA) FROM IV_AGENDA AGD
	   WHERE AGD.SEQPESSOA = PESC.SEQPESSOA
	      AND 	AGD.REALIZADA = 'N'
	      AND  AGD.ACAO = DPTO.ACAOCONTATO ) AS DTAAGENDACTTO_D,
	(SELECT MAX(DTAAGENDA) FROM IV_AGENDA AGD
	   WHERE AGD.SEQPESSOA = PESC.SEQPESSOA
	      AND 	AGD.REALIZADA = 'N'
	      AND  AGD.ACAO = DPTO.ACAOEXTERNA  ) AS DTAAGENDAEXT_D        	
FROM IVS_CARTEIRA CART
	JOIN GE_EMPRESA EMP ON EMP.NROEMPRESA = CART.NROEMPRESA
	JOIN GE_USUARIO USR ON USR.SEQUSUARIO = CART.SEQUSRRESP
	JOIN IVS_PES PESC ON PESC.SEQCARTEIRA = CART.SEQCARTEIRA 
	JOIN IVS_DEPTO DPTO ON DPTO.SEQDEPTO = PESC.SEQDEPTO  
	JOIN GE_PESSOA PES ON PES.SEQPESSOA = PESC.SEQPESSOA
WHERE DPTO.DEPTO = '#LS1'
#LS2_CMD
    AND CART.SEQCARTEIRA IN ( #OPT1_ListChave   )
    AND PES.STATUS IN ( #SELX1_ListChave  )
ORDER BY 1,2,3, 7

","JDE_009_Contato_Visita.qrp","1","Microsoft Sans Serif","8","Departamento #LS1, Empresa #LS2, Período #DT1 a #DT2","","0","","","","","","VTCCONS","1","1","1","45783730","04/03/2015 18:32:00","","06/03/2015 12:21:53","JACQUELINE.DUARTE","51"
"60","JDE_010","Índice de Cobertura de Carteira","Índice de Cobertura de Carteira","","SET LS2_CMD = ' AND EMP.NOMEREDUZIDO = :LS2';




SET LS3_CMD = ' AND PES.STATUS = #vksSql_Substr( :LS3, 1, 1)';

SELECT CAST(DPTO.CICLOA AS VARCHAR) #vksSql_Concat ',' #vksSql_Concat CAST(DPTO.CICLOB AS VARCHAR) #vksSql_Concat ',' #vksSql_Concat 
               CAST(DPTO.CICLOC AS VARCHAR) #vksSql_Concat ',' #vksSql_Concat CAST(DPTO.CICLOD AS VARCHAR) #vksSql_Concat ',0' ,
               CAST( DPTO.CICLOAEXT AS VARCHAR) #vksSql_Concat ',' #vksSql_Concat  
               CAST(DPTO.CICLOBEXT AS VARCHAR) #vksSql_Concat ',' #vksSql_Concat 
               CAST(DPTO.CICLOCEXT AS VARCHAR) #vksSql_Concat ',' #vksSql_Concat CAST(DPTO.CICLODEXT AS VARCHAR) #vksSql_Concat ',0' 
            INTO :LTA, :LTB
FROM IVS_DEPTO DPTO
WHERE DPTO.DEPTO = :LS1;




SELECT 	EMP.NOMEREDUZIDO AS EMPRESA,
	CART.CARTEIRA,
	USR.NOMEREDUZIDO AS RESPONSAVEL,
	PESC.POTENCIAL,
	PESC.SEQPESSOA,
	PES.NOMERAZAO,
               CASE PES.STATUS 
                  WHEN 'A' THEN 'Ativo'
                  WHEN 'P' THEN 'Prospect'
                  WHEN 'I' THEN 'Inativo'
                  WHEN 'F' THEN 'Falecido'
                  WHEN 'O' THEN 'Outros'
              ELSE 'Em branco' END AS STATUS,
              PES.CIDADE #vksSql_ConcatHifen PES.UF AS CIDADE,
	PESC.DTAULTCTTO AS ULTCTTO_D,
	PESC.DTAULTCTTOEXT AS ULTCCTOEXT_D,
	(SELECT MAX(DTAAGENDA) FROM IV_AGENDA AGD
	   WHERE AGD.SEQPESSOA = PESC.SEQPESSOA
	      AND 	AGD.REALIZADA = 'N'
	      AND  AGD.ACAO = DPTO.ACAOCONTATO ) AS DTAAGENDACTTO_D,
	(SELECT MAX(DTAAGENDA) FROM IV_AGENDA AGD
	   WHERE AGD.SEQPESSOA = PESC.SEQPESSOA
	      AND 	AGD.REALIZADA = 'N'
	      AND  AGD.ACAO = DPTO.ACAOEXTERNA  ) AS DTAAGENDAEXT_D        	
FROM IVS_CARTEIRA CART
	JOIN GE_EMPRESA EMP ON EMP.NROEMPRESA = CART.NROEMPRESA
	JOIN GE_USUARIO USR ON USR.SEQUSUARIO = CART.SEQUSRRESP
	JOIN IVS_PES PESC ON PESC.SEQCARTEIRA = CART.SEQCARTEIRA 
	JOIN IVS_DEPTO DPTO ON DPTO.SEQDEPTO = PESC.SEQDEPTO  
	JOIN GE_PESSOA PES ON PES.SEQPESSOA = PESC.SEQPESSOA
WHERE DPTO.DEPTO = '#LS1'
    #LS2_CMD
    #LS3_CMD
    AND CART.SEQCARTEIRA IN ( #OPT1_ListChave   )
ORDER BY 1,2,4, 6

","JDE_010_CoberturaCarteira.qrp","1","Microsoft Sans Serif","8","Departamento #LS1, Empresa #LS2, #LTA","","0","","","","","","NETO.PRADO","1","1","1","1","21/01/2025 16:59:00","","06/11/2024 08:05:27","MATHEUS.AUGUSTO","122"
"61","JDE_011","Índice de Cobertura de Carteira por Cidade","Índice de Cobertura de Carteira","","SET LS2_CMD = ' AND EMP.NOMEREDUZIDO = :LS2';

SELECT CAST(DPTO.CICLOA AS VARCHAR) #vksSql_Concat ',' #vksSql_Concat CAST(DPTO.CICLOB AS VARCHAR) #vksSql_Concat ',' #vksSql_Concat 
               CAST(DPTO.CICLOC AS VARCHAR) #vksSql_Concat ',' #vksSql_Concat CAST(DPTO.CICLOD AS VARCHAR) #vksSql_Concat ',0' ,
               CAST( DPTO.CICLOAEXT AS VARCHAR) #vksSql_Concat ',' #vksSql_Concat  
               CAST(DPTO.CICLOBEXT AS VARCHAR) #vksSql_Concat ',' #vksSql_Concat 
               CAST(DPTO.CICLOCEXT AS VARCHAR) #vksSql_Concat ',' #vksSql_Concat CAST(DPTO.CICLODEXT AS VARCHAR) #vksSql_Concat ',0' 
            INTO :LTA, :LTB
FROM IVS_DEPTO DPTO
WHERE DPTO.DEPTO = :LS1;



SELECT 	EMP.NOMEREDUZIDO AS EMPRESA,
	CART.CARTEIRA,
	USR.NOMEREDUZIDO AS RESPONSAVEL,
	PESC.POTENCIAL,
	PESC.SEQPESSOA,
	PES.NOMERAZAO,
                PES.CIDADE #vksSql_ConcatHifen PES.UF AS CIDADE,
	PESC.DTAULTCTTO AS ULTCTTO_D,
	PESC.DTAULTCTTOEXT AS ULTCCTOEXT_D,
	(SELECT MAX(DTAAGENDA) FROM IV_AGENDA AGD
	   WHERE AGD.SEQPESSOA = PESC.SEQPESSOA
	      AND 	AGD.REALIZADA = 'N'
	      AND  AGD.ACAO = CAST(DPTO.ACAOCONTATO AS VARCHAR)) AS DTAAGENDACTTO_D,
	(SELECT MAX(DTAAGENDA) FROM IV_AGENDA AGD
	   WHERE AGD.SEQPESSOA = PESC.SEQPESSOA
	      AND 	AGD.REALIZADA = 'N'
	      AND  AGD.ACAO = DPTO.ACAOEXTERNA  ) AS DTAAGENDAEXT_D 
FROM IVS_CARTEIRA CART
	JOIN GE_EMPRESA EMP ON EMP.NROEMPRESA = CART.NROEMPRESA
	JOIN GE_USUARIO USR ON USR.SEQUSUARIO = CART.SEQUSRRESP
	JOIN IVS_PES PESC ON PESC.SEQCARTEIRA = CART.SEQCARTEIRA 
	JOIN IVS_DEPTO DPTO ON DPTO.SEQDEPTO = PESC.SEQDEPTO  
	JOIN GE_PESSOA PES ON PES.SEQPESSOA = PESC.SEQPESSOA
WHERE DPTO.DEPTO = '#LS1'
    #LS2_CMD
    AND CART.SEQCARTEIRA IN ( #OPT1_ListChave   )   
ORDER BY 1,2,7,4, 6

","JDE_011_CoberturaCarteiraCid.qrp","1","Microsoft Sans Serif","8","Departamento #LS1, Empresa #LS2, Carteiras #OPT1_List","","0","","","","","","VTCCONS","1","0","45685980","45697543","27/10/2014 11:38:00","","04/12/2024 06:35:36","KALIDA.ALVES","49"
"63","JDE_013","Cidades por Origens de Receitas","Origens de Receitas por Carteira e Cidades","","SET LTA = fk_StrTranslateSep ( ""0"",  ""'* Todos *'~PRP.CAMPO1 "",  SN1_X, ""~"" ); 

SET LTB = fk_StrGetLeftOfString( LS2, ' - ' );

SET LS2_CMD = 'AND CRT.CARTEIRA = :LTB';



SELECT PRP.REFERENCIA AS ORIGEM_RECEITA, 
      #LTA  AS TIPO,
       CRT.CARTEIRA #vksSql_ConcatHifen USR.CODUSUARIO AS RESPONSAVEL,
       PES.CIDADE #vksSql_ConcatHifen PES.UF AS CIDADE,
       SUM (NUMERO4) AS QTDE_N2,
       COUNT ( DISTINCT PRP.SEQPESSOA) AS QTDE_CLIENTES_N
FROM IV_CLIENTEPROPR PRP
  JOIN GE_PESSOA PES ON PES.SEQPESSOA = PRP.SEQPESSOA 
  JOIN IVS_PES IVP
          JOIN IVS_CARTEIRA CRT 
                JOIN GE_USUARIO USR ON USR.SEQUSUARIO = CRT.SEQUSRRESP
          ON CRT.SEQCARTEIRA = IVP.SEQCARTEIRA    
            #LS2_CMD          
          JOIN IVS_DEPTO DPTO ON DPTO.SEQDEPTO = IVP.SEQDEPTO  
              AND DPTO.DEPTO = :LS1     
      ON IVP.SEQPESSOA = PES.SEQPESSOA
WHERE PRP.SEQPROPRIEDADE = 9400
   AND PES.CIDADE IS NOT NULL
   AND PRP.NUMERO4 IS NOT NULL
   AND PRP.REFERENCIA <> 'Outros' 
   AND PRP.CAMPO1 IN (  #OPT1_ListChave )
GROUP BY    PRP.REFERENCIA, #LTA,
CRT.CARTEIRA #vksSql_ConcatHifen USR.CODUSUARIO,
PES.CIDADE #vksSql_ConcatHifen PES.UF     
ORDER BY 1,2, 3,4
; 

","JDE_013_CidadeXCidades.qrp","1","Microsoft Sans Serif","8","Depto:#LS1 , Tipos:#OPT1_ListChave","","0","","","","","","VTCCONS","1","0","45824959","45827577","","","12/02/2015 10:15:40","JACQUELINE.DUARTE","15"
"64","JDE_015","Índice de Qualificação de Clientes","Índice de Qualificação de Clientes","","SET LS2_CMD = ' AND EMP.NOMEREDUZIDO = :LS2';

SET NRA = NR1;

SET LS3_CMD = ' AND PES.STATUS = :LTA ';

SET LTA = SalStrLeftX (LS3, 1);


SELECT 	EMP.NOMEREDUZIDO AS EMPRESA,
	CART.CARTEIRA,
	USR.NOMEREDUZIDO AS RESPONSAVEL,
	PESC.POTENCIAL,
	PES.SEQPESSOA,
	PES.NOMERAZAO, 
              PES.FISICAJURIDICA AS FJ,
              PES.STATUS AS STS,
              PES.CIDADE #vksSql_ConcatHifen  PES.UF AS CIDADE,
	( SELECT MIN ( CPR.CAMPO3 #vksSql_ConcatHifen CPR.CAMPO1  #vksSql_ConcatHifen CAST (CPR.NUMERO4 AS VARCHAR) )
                      FROM IV_CLIENTEPROPR CPR 
                         WHERE CPR.SEQPESSOA = PES.SEQPESSOA
	              AND  CPR.SEQPROPRIEDADE = 9400 )  AS ORIGEM_RECEITA,
	( SELECT COUNT(DISTINCT PAPEL) FROM GE_CONTATOPAPEL CTP
	     WHERE CTP.SEQPESSOA =  PES.SEQPESSOA ) AS CONTATO_PP_N, 
 	SUM (#vksSql_ConcatOwner fva_IntervaloNum ( PROPR.SEQPROPRIEDADE, 9400, 9400, 1, 0 )) AS RECEITA_N , 
 	SUM (#vksSql_ConcatOwner fva_IntervaloNum ( PROPR.SEQPROPRIEDADE, 9402, 9402, PROPR.NUMERO1, 0 )) AS TRATOR_N ,
 	SUM (#vksSql_ConcatOwner fva_IntervaloNum ( PROPR.SEQPROPRIEDADE, 9403, 9403, PROPR.NUMERO1, 0 )) AS COLH_GRAO_N ,
 	SUM (#vksSql_ConcatOwner fva_IntervaloNum ( PROPR.SEQPROPRIEDADE, 9411, 9411, PROPR.NUMERO1, 0 )) AS COLH_CANA_N ,
 	SUM (#vksSql_ConcatOwner fva_IntervaloNum ( PROPR.SEQPROPRIEDADE, 9405, 9405, PROPR.NUMERO1, 0 )) AS PLANTADEIRA_N ,
 	SUM (#vksSql_ConcatOwner fva_IntervaloNum ( PROPR.SEQPROPRIEDADE, 9401, 9411, PROPR.NUMERO1, 0 )) AS FROTA_N 
              
FROM IVS_CARTEIRA CART
	JOIN GE_EMPRESA EMP ON EMP.NROEMPRESA = CART.NROEMPRESA
	JOIN GE_USUARIO USR ON USR.SEQUSUARIO = CART.SEQUSRRESP
	JOIN IVS_PES PESC ON PESC.SEQCARTEIRA = CART.SEQCARTEIRA 
	JOIN IVS_DEPTO DPTO ON DPTO.SEQDEPTO = PESC.SEQDEPTO  
	JOIN GE_PESSOA PES ON PES.SEQPESSOA = PESC.SEQPESSOA 
	LEFT JOIN IV_CLIENTEPROPR PROPR   
                  ON PROPR.SEQPESSOA = PESC.SEQPESSOA
				    AND PROPR.SEQPROPRIEDADE IN ( 9400, 9402, 9403, 9404, 9405, 9406, 9407,9408, 9409, 9410, 9411 ) 
WHERE DPTO.DEPTO = :LS1
    #LS2_CMD
    #LS3_CMD
    AND CART.SEQCARTEIRA IN ( #OPT1_ListChave   )
GROUP BY  EMP.NOMEREDUZIDO ,
	CART.CARTEIRA,
	USR.NOMEREDUZIDO  ,
              PES.CIDADE, 
              PES.UF ,
	PESC.POTENCIAL,
	PES.SEQPESSOA,
	PES.NOMERAZAO,
              PES.FISICAJURIDICA,
              PES.STATUS 
ORDER BY 1,2,3,4, 6
; 

","JDE_015_QualificacaoCarteira.qrp","1","Microsoft Sans Serif","8","Papéis mínimo: #NR1, Departamento #LS1, Empresa #LS2, Status #LS3","","0","","","","","","VTCCONS","1","1","1","1","18/12/2013 12:25:00","","13/02/2026 09:49:41","NETO.PRADO","102"
"65","JDE_401","Taxa de conversão de Serviços (Ativo e Receptivo)","Taxa de conversão de Serviços (Ativo e Receptivo)","","SET LS1_CMD = ' AND EMP.NOMEREDUZIDO = :LS1';
SELECT 'Serviços Receptivos' AS SERVICO,
       '1' AS QUEBRA,
       EMP.NOMEREDUZIDO AS EMPRESA,
       PES.SEQPESSOA,
       PES.NOMERAZAO,
       PES.CIDADE   #vksSql_ConcatHifen  PES.UF AS CIDADE ,
       PRC.USURESPONSAVEL AS CONSULTOR,
       PRC.PROCESSO,
       PRC.REALIZADO,
       SRV.RESULTADOCMPL AS TIPO_SERVICO,
            CASE WHEN PRC.STATUS = 'FATURADO'
                              THEN 'SERVIÇO REALIZADO'
                      WHEN PRC.STATUS = 'EM ABERTO'
                              THEN 'EM ABERTO'
             ELSE 'SERVIÇO REALIZADO'
       END AS STATUS,
       PRC.FASE,
       PRC.DTAINCLUSAO AS DTAINCLUSAO_D,
       (SELECT MAX(PFM.DTAPRIMRESULTADO) 
               FROM IV_PROCFASEMONIT PFM 
               WHERE PFM.PROCESSO = PRC.PROCESSO
                   AND PFM.FASE = 'Realização Serviço') AS DTAABERTURA_D,
       PRC.DTAREALIZACAO AS DTAREALIZACAO_D,
       1 AS QTDE_N
FROM IV$PROCESSO PRC
         JOIN IV_HISTORICO SRV 
                   JOIN IV_RESULTADO RES 
                            ON RES.RESULTADO = SRV.RESULTADO
                           AND DESCRICAO LIKE 'Solicitou%Serv%'
           ON SRV.PROCESSO = PRC.PROCESSO
         JOIN GE_PESSOA PES ON PES.SEQPESSOA = PRC.SEQPESSOA
         JOIN GE_EMPRESA EMP ON EMP.NROEMPRESA = PRC.NROEMPRESA
WHERE PRC.CODPROCESSO = 9405
  AND PRC.DTAINCLUSAO >= :DT1 
  AND PRC.DTAINCLUSAO <= :DT2
  AND PRC.STATUS NOT IN ( 'CANCELADO', 'VENDA PERDIDA')
#LS1_CMD 
UNION
SELECT 'Serviços Ativos',
       '' AS QUEBRA,
       EMP.NOMEREDUZIDO AS EMPRESA,
       PES.SEQPESSOA,
       PES.NOMERAZAO,
       PES.CIDADE  #vksSql_ConcatHifen   PES.UF,
       PRC.USURESPONSAVEL,
       PRC.PROCESSO,
       PRC.REALIZADO,
       ( SELECT RESULTADOCMPL FROM IV_HISTORICO 
                          WHERE PROCESSO = OFE.PROCESSO 
                             AND RESULTADO = 940141 ) AS TIPO_SERVICO,
      CASE WHEN PRC.STATUS = 'FATURADO'
                  THEN 'SERVIÇO REALIZADO'
       WHEN PRC.STATUS = 'EM ABERTO'
                  THEN 'EM ABERTO'
       ELSE 'SERVIÇO REALIZADO'
       END AS STATUS,
       PRC.FASE,
       (SELECT MAX(PFM.DTAPRIMRESULTADO) 
               FROM IV_PROCFASEMONIT PFM 
               WHERE PFM.PROCESSO = PRC.PROCESSOPAI
                   AND PFM.FASE = 'Diagnóstico'),
       (SELECT MAX(PFM.DTAPRIMRESULTADO) 
               FROM IV_PROCFASEMONIT PFM 
               WHERE PFM.PROCESSO = PRC.PROCESSOPAI
                   AND PFM.FASE = 'Realização Serviço'),
       PRC.DTAREALIZACAO,
       1 AS QTDE_N
FROM IV$PROCESSO PRC
         JOIN IV_PROCDADO OFE 
	     ON OFE.PROCESSO = PRC.PROCESSOPAI
	 AND OFE.CODPROCESSO = 9410
         JOIN GE_PESSOA PES ON PES.SEQPESSOA = PRC.SEQPESSOA
         JOIN GE_EMPRESA EMP ON EMP.NROEMPRESA = PRC.NROEMPRESA
WHERE PRC.CODPROCESSO = 9405
  AND PRC.DTAINCLUSAO >= :DT1 
  AND PRC.DTAINCLUSAO <= :DT2
  AND PRC.STATUS NOT IN ( 'CANCELADO', 'VENDA PERDIDA')
#LS1_CMD 

","JDE_401_Taxa de conversão de Serviços.qrp","1","Microsoft Sans Serif","8","Empresa: #LS1 Data de inclusão de serviços entre: #DT1 e: #DT2 Imprime gráfico: #SN1","","0","","","","","","VTCCONS","1","0","0","0","19/10/2012 12:53:08","","05/04/2023 12:42:56","RHUSSEL.MARQUETTO","2"
"66","JDE_402","Análise da Venda Perdida","","","SELECT PES.SEQPESSOA,
       PES.NOMERAZAO,
       PES.CIDADE  #vksSql_ConcatHifen PES.UF AS CIDADE,
       PRC.PROCESSO,
       PRC.FASE, 
       PRC.STATUS, 
       RES.DESCRICAO AS RESULTADO,
       PRC.DTAINCLUSAO AS DTAINCLUSAO_D,
       (SELECT RESULTADOCMPL
           FROM IV_HISTORICO
             WHERE PROCESSO = PRC.PROCESSO
             AND RESULTADO = 940324) AS TIPO_SERVICO,
       VPD.RESULTADOCMPL AS MOTIVO,
       1 AS QTDE_N
FROM IV$PROCESSO PRC     
         JOIN IV_HISTORICO VPD 
                    JOIN IV_RESULTADO RES 
                                    ON RES.RESULTADO = VPD.RESULTADO
                               AND RES.DESCRICAO LIKE '%Ve%Perdid%'
                   ON VPD.PROCESSO = PRC.PROCESSO     
         JOIN GE_PESSOA PES ON PES.SEQPESSOA = PRC.SEQPESSOA
WHERE PRC.CODPROCESSO = 9405
  AND PRC.DTAINCLUSAO >= :DT1 
  AND PRC.DTAINCLUSAO <= :DT2
  AND PRC.NROEMPRESA IN (  #OPT1_ListChave )
ORDER BY PRC.DTAINCLUSAO

","JDE_402_Análise da Venda Perdida.qrp","1","Microsoft Sans Serif","8","Empresa(s): #OPT1_List Solicitação do agendamento entre: #DT1 e #DT2","","0","","","","","","VTCCONS","1","0","0","0","18/10/2012 11:40:16","","","",""
"67","JDE_403","Análise das Garantias","Análise das Garantias","","SET LS1_CMD = ' AND NOMEREDUZIDO = :LS1';
SET LS2_CMD = ' AND RES.DESCRICAO = :LS2';
SELECT PES.SEQPESSOA,
	PES.NOMERAZAO, 
	GAR.PROCESSO,
	SRV.DESCRICAO	 ,
	GAR.DTAREALIZACAO AS DTA_SOLIC_GAR_D,
	GAR.RESULTADOCMPL AS TIPO,
	NVL(RES.DESCRICAO, 'Em andamento')  AS STATUS,
                1 AS QTDE_N
  FROM IV_HISTORICO GAR
	LEFT JOIN IV_AGENDA FAB 
		       JOIN IV_HISTORICO STAT 
			JOIN IV_RESULTADO RES 
		                            ON RES.RESULTADO = STAT.RESULTADO
			         AND RES.CONCLUSIVO = 'S'
                                    ON STAT.AGENDAORIGEM = FAB.SEQAGENDA
	       ON FAB.HISTORICOORIGEM = GAR.SEQHISTORICO
	    AND FAB.ACAO = 940060
	JOIN IV_RESULTADO SRV ON SRV.RESULTADO = GAR.RESULTADO
	JOIN GE_PESSOA PES ON PES.SEQPESSOA = GAR.SEQPESSOA
WHERE GAR.ACAOGERADORA = 940059
  AND GAR.RESULTADO IN (940255)
  AND GAR.DTAREALIZACAO >= :DT1
  AND GAR.DTAREALIZACAO <= :DT2
  AND GAR.NROEMPRESA IN (  #OPT1_ListChave )
#LS2_CMD
ORDER BY 2

","JDE_403_Análise das Garantias.qrp","1","Microsoft Sans Serif","8","Empresa: #LS1 Situação da garantia: #LS2 Solicitação da garantia gerada entre: #DT1 e: #DT2","","0","","","","","","VTCCONS","1","0","0","0","19/10/2012 11:06:17","","","",""
"68","JDE_404","Análise do tempo de atendimento de Serviços","Análise do tempo de atendimento de Serviços","","SET LS1_CMD = ' AND EMP.NOMEREDUZIDO =  :LS1';
SET LTA = fk_StrDecode (SN2_X, ""1"",  "" AND PRC.REALIZADO = 1 "");
SELECT EMP.NOMEREDUZIDO AS EMPRESA, 
              PRC.REALIZADO, 
              PRC.PROCESSO, 
              PES.NOMERAZAO AS CLIENTE,
              PRC.USURESPONSAVEL AS CEN,
              PRC.DTAINCLUSAO AS DTAINCLUSAO_D,
              PF.FASEORDEM, 
              PFM.FASE,
              PFM.DTAPRIMRESULTADO AS DTAFASE_D,
              PFM.DTAPRIMRESULTADO,
              PFM.HN * 100 AS HRTOTAL_N,
              #vksSql_Trunc(PFM.HN) AS HR_N,
              ROUND((PFM.HN - TRUNC(PFM.HN)) * 60) AS MIN_N
 FROM IV$PROCESSO PRC
               JOIN IV_PROCFASEMONIT PFM ON PFM.PROCESSO = PRC.PROCESSO
                           JOIN IV_PROCFASE PF 
                                   ON PF.CODPROCESSO = PRC.CODPROCESSO
                                 AND PF.FASE = PFM.FASE
               JOIN GE_PESSOA PES ON PES.SEQPESSOA = PRC.SEQPESSOA
               JOIN GE_EMPRESA EMP ON EMP.NROEMPRESA = PRC.NROEMPRESA
WHERE PRC.CODPROCESSO = 9405
 AND PRC.DTAINCLUSAO >= :DT1
 AND PRC.DTAINCLUSAO <= :DT2
#LS1_CMD
#LTA
ORDER BY 1, 2, 6

","JDE_404_Análise do tempo de atendimento de Serviços.qrp","1","Microsoft Sans Serif","8","Data de inclusão do serviço entre: #DT1 e: #DT2","","0","","","","","","VTCCONS","1","0","0","0","26/11/2012 15:43:20","","03/09/2014 17:11:54","JACQUELINE.DUARTE","1"
"69","JDE_405","Análise Complementar","","","SET LS1_CMD = ' AND RES.DESCRICAO = :LS1';
SELECT 'Serviços realizados' AS TIPO,
       PES.SEQPESSOA,
       PES.NOMERAZAO,
       PES.CIDADE  #vksSql_ConcatHifen PES.UF AS CIDADE ,
       PRC.PROCESSO,
       SRV.DTAREALIZACAO AS DTAINCLUSAO_D,
       RES.DESCRICAO AS RESULTADO,
       SRV.RESULTADOCMPL AS MOTIVO,
       SRV.CODUSUARIO AS CONSULTOR,
       1 AS QTDE_N
FROM IV$PROCESSO PRC     
         JOIN IV_HISTORICO SRV
	     JOIN IV_RESULTADO RES 
                                  ON RES.RESULTADO = SRV.RESULTADO
                                AND RES.CONCLUSIVO = 'S'
                             AND RES.DESCRICAO NOT LIKE '%Canc%'
              ON SRV.PROCESSO = PRC.PROCESSO
             AND SRV.ACAOGERADORA = 940059
         JOIN GE_PESSOA PES ON PES.SEQPESSOA = PRC.SEQPESSOA
WHERE PRC.CODPROCESSO = 9405
  AND PRC.DTAINCLUSAO >= :DT1 
  AND PRC.DTAINCLUSAO <= :DT2
#LS1_CMD
UNION
SELECT 'Atendimentos cancelados',
       PES.SEQPESSOA,
       PES.NOMERAZAO,
       PES.CIDADE  #vksSql_ConcatHifen PES.UF,
       PRC.PROCESSO,
       SRV.DTAREALIZACAO,
       RES.DESCRICAO,
       SRV.RESULTADOCMPL AS MOTIVO,
       SRV.CODUSUARIO,
       1 AS QTDE_N
FROM IV$PROCESSO PRC     
         JOIN IV_HISTORICO SRV
	     JOIN IV_RESULTADO RES 
                                  ON RES.RESULTADO = SRV.RESULTADO
                   ON SRV.PROCESSO = PRC.PROCESSO
                   AND SRV.ACAOGERADORA = 940057
                   AND SRV.RESULTADO IN (940248, 940249)
         JOIN GE_PESSOA PES ON PES.SEQPESSOA = PRC.SEQPESSOA
WHERE PRC.CODPROCESSO = 9405
  AND PRC.DTAINCLUSAO >= :DT1 
  AND PRC.DTAINCLUSAO <= :DT2
#LS1_CMD 
ORDER BY 1, 3;

","JDE_405_Análise Complementar.qrp","1","Microsoft Sans Serif","8","Empresa(s): #OPT1_List Solicitação do agendamento entre: #DT1 e #DT2","","0","","","","","","VTCCONS","1","0","0","0","19/10/2012 10:46:16","","","",""
"70","JDE_100","Análise da Carteira de Clientes","Análise da Carteira de Clientes","","select usu.CODUSUARIO as vendedor,
           car.NROEMPRESA,
           CAR.CARTEIRA,
           CPES.POTENCIAL,
           CID.CIDADE,
           CPES.SEQPESSOA,
           pes.NOMERAZAO,
           (SELECT COUNT(*)
           FROM IV_HISTORICO HT 
           JOIN IV_RESULTADO RES ON RES.RESULTADO = HT.RESULTADO
                         AND RES.IDENTSITUACAO = 'S'
                         AND RES.ACAO IN ( select acao from IV_PROCACAO where codprocesso in(9400,9401) )
           WHERE HT.SEQPESSOA = CPES.SEQPESSOA
             AND HT.DTAREALIZACAO >= :DT1 and HT.DTAREALIZACAO <= :DT2 ) as qtde_contatos_N,
           (SELECT count(*)
           FROM IV_HISTORICO HT 
           JOIN IV_RESULTADO RES ON RES.RESULTADO = HT.RESULTADO
                         AND RES.IDENTSITUACAO = 'S'
                         AND RES.ACAO IN ( select acao from IV_PROCACAO where codprocesso =9401)
           WHERE HT.SEQPESSOA = CPES.SEQPESSOA
             AND HT.DTAREALIZACAO >= :DT1 and HT.DTAREALIZACAO <= :DT2 ) as qtde_clientes_N,
           (SELECT count(*)
           FROM IV_HISTORICO HT 
           JOIN IV_RESULTADO RES ON RES.RESULTADO = HT.RESULTADO
                         AND RES.IDENTSITUACAO = 'S'
                         AND RES.ACAO IN ( select acao from IV_PROCACAO where codprocesso =9400 )
           WHERE HT.SEQPESSOA = CPES.SEQPESSOA
             AND HT.DTAREALIZACAO >= :DT1 and HT.DTAREALIZACAO <= :DT2 ) as qtde_prospeccoes_N,
           (SELECT count(*)
           FROM IV$PROCESSO PRC 
           WHERE PRC.SEQPESSOA = CPES.SEQPESSOA
            AND PRC.CODPROCESSO BETWEEN 9400 AND 9401
             AND PRC.STATUS in( 'PEDIDO REALIZADO','DOC PENDENTE','DOC COMPLETA','PAC EMITIDO', 'PARADO','CONTRATO EMITIDO','FAT AUTORIZADO')
             AND PRC.DTAULTRESULTADO >= :DT1 and PRC.DTAULTRESULTADO <= :DT2 ) as ped_cart_per_N,
           (SELECT count(*)
           FROM IV$PROCESSO PRC 
           WHERE PRC.SEQPESSOA = CPES.SEQPESSOA
            AND PRC.CODPROCESSO BETWEEN 9400 AND 9401
             AND PRC.STATUS in( 'PEDIDO REALIZADO','DOC PENDENTE','DOC COMPLETA','PAC EMITIDO', 'PARADO','CONTRATO EMITIDO','FAT AUTORIZADO')
             AND PRC.DTAULTRESULTADO < :DT1 ) as ped_cart_ant_N,
           (SELECT count(*)
           FROM IV$PROCESSO PRC 
                  JOIN IV_PROCSTATMONIT PSM ON PSM.PROCESSO = PRC.PROCESSO
           WHERE PRC.SEQPESSOA = CPES.SEQPESSOA
            AND PRC.CODPROCESSO BETWEEN 9400 AND 9401
            AND PSM.STATUS = 'FATURADO'
            AND PSM.DTAMONIT >= :DT1 AND PSM.DTAMONIT <= :DT2 ) as faturado_per_N,
           (SELECT count(*)
           FROM IV$PROCESSO PRC 
           WHERE PRC.SEQPESSOA = CPES.SEQPESSOA
            AND PRC.CODPROCESSO BETWEEN 9400 AND 9401
             AND PRC.STATUS = 'EM ABERTO'
             and prc.DTAINCLUSAO >= :DT1 and prc.DTAINCLUSAO <= :DT2 ) as em_aberto_per_N,
           (SELECT count(*)
           FROM IV$PROCESSO PRC 
           WHERE PRC.SEQPESSOA = CPES.SEQPESSOA
            AND PRC.CODPROCESSO BETWEEN 9400 AND 9401
             AND PRC.STATUS = 'EM ABERTO' and prc.dtainclusao < :DT1) as em_aberto_ant_N,
           (SELECT count(*)
           FROM IV$PROCESSO PRC 
           WHERE PRC.SEQPESSOA = CPES.SEQPESSOA
            AND PRC.CODPROCESSO BETWEEN 9400 AND 9401
             AND PRC.STATUS in('DESISTIU DA COMPRA','VENDA PERDIDA') and PRC.DTAULTRESULTADO >= :DT1 and PRC.DTAULTRESULTADO <= :DT2) as venda_perdida_N
from IVS_CARTEIRA CAR
INNER JOIN GE_USUARIO USU ON USU.SEQUSUARIO = CAR.SEQUSRRESP
INNER JOIN IVS_CARTCID CCID ON CCID.SEQCARTEIRA = CAR.SEQCARTEIRA
INNER JOIN GE_CIDADE CID ON CID.SEQCIDADE = CCID.SEQCIDADE
INNER JOIN IVS_PES CPES ON CPES.SEQCARTEIRA = CAR.SEQCARTEIRA
INNER JOIN GE_PESSOA PES ON PES.SEQPESSOA = CPES.SEQPESSOA AND PES.SEQCIDADE = CCID.SEQCIDADE
WHERE CAR.SEQCARTEIRA  IN ( #OPT1_ListChave   ) 
order by 1,3,5,4;

","JDE_100_analise_carteira.qrp","1","Microsoft Sans Serif","8","Período de #DT1 a #DT2. Carteira: #OPT1_List","","0","","","","","","VTCCONS","1","0","0","0","18/12/2013 16:58:00","","10/10/2024 13:35:40","MATHEUS.AUGUSTO","34"
"71","JDE_101","Análise da Carteira de Pedidos","Análise da Carteira de Pedidos","","SET LS1_CMD = ' AND ACV.TIPO_EQUIP1 = :LS1';
 
 
SET LS2_CMD = ' AND EMP.NOMEREDUZIDO = :LS2';
 
 
/*SET LTA = fk_StrTranslateSep (""0"",""AND ACV.FATURAMENTO_REALIZ IS NULL"",SN1_X,""~"");*/
 
 
SELECT EMP.NOMEREDUZIDO AS EMPRESA,
	CART.CARTEIRA AS CARTEIRA,
	RESP.CODUSUARIO AS CEN,
	ACV.TIPO_EQUIP1 AS TIPO_DE_MAQUINA,
	ACV.MODEL_EQUIP1 AS MODELO,
	PES.NOMERAZAO, 
	PES.CIDADE #vksSql_ConcatHifen PES.UF,
	1 AS QTDE_N,
	ACV.TP_PGTO1 AS FORMA_PGTO ,
	ACV.PROB_APROV_CRED1 AS PROB_APROVACAO,
              CASE ACV.PROB_APROV_CRED1
                      WHEN 'Alta'  THEN '1'
                      WHEN 'Média' THEN '2'
                      ELSE '3'
                  END AS  Prob_Sort_N,
	ACV.PREV_FATURAM1 AS DTA_PREV_FAT_D,
--Não existe mais	ACV.FATURAMENTO_REALIZ AS DTA_FATURAMENTO_D,
'' DTA_FATURAMENTO_D,
--Não existe mais	ACV.ORIGEM_FATURAMENTO ,
'' ORIGEM_FATURAMENTO,
--Não existe mais	ACV.NRO_PAC1 AS DTA_EMIS_PAC_D,
'' DTA_EMIS_PAC_D,
	PRC.FASE,
	PRC.PROCESSO AS PROCESSO_N,
	PRC.STATUS,
              PDD.DTAULTRESULTADO AS DTA_ULT_ANDAMENTO_D
FROM IV_PROCESSO PRC
    JOIN IV_PROCDADO PDD ON PDD.PROCESSO = PRC.PROCESSO
    JOIN GE_EMPRESA EMP ON EMP.NROEMPRESA = PDD.NROEMPRESA
    JOIN GE_PESSOA PES ON PES.SEQPESSOA = PDD.SEQPESSOA
    JOIN IV_Q$ACOMPANH_VENDA_JDE ACV ON ACV.PROCESSO = PRC.PROCESSO
    JOIN IVS_PES IVP
	    JOIN IVS_CARTEIRA CART 
                      ON CART.SEQCARTEIRA = IVP.SEQCARTEIRA
                      AND CART.SEQCARTEIRA IN ( #OPT1_ListChave )
	    JOIN GE_USUARIO RESP ON RESP.SEQUSUARIO = CART.SEQUSRRESP
	ON IVP.SEQPESSOA = PDD.SEQPESSOA
	AND IVP.SEQDEPTO = 2
WHERE PDD.CODPROCESSO = 7
  AND ( ACV.PREV_FATURAM1 IS NULL
           OR ( ACV.PREV_FATURAM1 >= :DT1 AND ACV.PREV_FATURAM1 <= :DT2 )
           ) 
#LS1_CMD
#LS2_CMD 
/* #LTA */
ORDER BY 1,2,4,5,6

 ","JDE_101_CarteiraPedido.qrp","1","Microsoft Sans Serif","8","Carteiras: #OPT1_List, Fat. prev entre #DT1 e #DT2","","0","","","","","","DIEGO.MARQUES","1","0","45685980","45697932","13/03/2024 09:45:00","","02/01/2026 13:57:32","V:GUI.BATISTA","81"
"72","JDE_102","Análise de oportunidades no período","Análise de oportunidades no período","","SET DTB = DT1;

SET LS1_CMD = ' AND EMP.NOMEREDUZIDO = :LS1';

SET LS2_CMD = ' AND PRC.STATUS = :LS2';


SELECT EMP.NOMEREDUZIDO AS EMPRESA,
                CART.CARTEIRA #vksSql_ConcatHifen  RESP.NOMEREDUZIDO AS CEN,
                'Quebra' AS QUEBRA,
                PES.SEQPESSOA AS SEQ,
	PES.NOMERAZAO AS CLIENTE, 
	PES.CIDADE #vksSql_ConcatHifen PES.UF AS CIDADE,
	PRC.FASE,
	PRC.PROCESSO AS PROCESSO_N,
	PRC.DTAINCLUSAO AS DTAINCLUSAO_D,
	PRC.STATUS,
                PDD.DTAULTRESULTADO AS DTA_ULT_ANDAMENTO_D,
/*Pedido Realizado*/
	(SELECT MAX( DTAMONIT ) FROM IV_PROCSTATMONIT PSM
	   WHERE PSM.PROCESSO = PRC.PROCESSO
	        AND PSM.STATUS = 'PEDIDO REALIZADO' ) AS DATA_PEDIDO_D,
	(SELECT MAX(1) FROM IV_PROCSTATMONIT PSM
	   WHERE PSM.PROCESSO = PRC.PROCESSO
	        AND PSM.STATUS = 'PEDIDO REALIZADO'
                        AND #vksSql_ConcatOwner fva_IntervaloDataB ( DTAMONIT , :DT1, :DT2 ) > 0 ) AS PED_NOPERIODO_N,
/*Faturamento realizado*/
	(SELECT MAX( DTAMONIT ) FROM IV_PROCSTATMONIT PSM
	   WHERE PSM.PROCESSO = PRC.PROCESSO
	        AND PSM.STATUS IN ( 'FATURADO', 'VENDA REALIZADA') ) AS DATA_FATURA_D,     
	(SELECT MAX(1) FROM IV_PROCSTATMONIT PSM
	   WHERE PSM.PROCESSO = PRC.PROCESSO
	        AND PSM.STATUS IN ( 'FATURADO', 'VENDA REALIZADA') 
                        AND #vksSql_ConcatOwner fva_IntervaloDataB ( DTAMONIT , :DT1, :DT2 ) > 0 ) AS FAT_NOPERIODO_N,
/*Venda Perdida*/
	(SELECT MAX( DTAMONIT ) FROM IV_PROCSTATMONIT PSM
	   WHERE PSM.PROCESSO = PRC.PROCESSO
	        AND PSM.STATUS = 'VENDA PERDIDA' )  AS DATA_VP_D,
	(SELECT MAX(1) FROM IV_PROCSTATMONIT PSM
	   WHERE PSM.PROCESSO = PRC.PROCESSO
	        AND PSM.STATUS = 'VENDA PERDIDA'
                        AND #vksSql_ConcatOwner fva_IntervaloDataB ( DTAMONIT , :DT1, :DT2 ) > 0 )  AS VP_NOPERIODO_N,
/*Desistiu da compra*/
	(SELECT MAX( DTAMONIT ) FROM IV_PROCSTATMONIT PSM
	   WHERE PSM.PROCESSO = PRC.PROCESSO
	        AND PSM.STATUS = 'DESISTIU DA COMPRA' )  AS DATA_DC_D,
	(SELECT MAX(1) FROM IV_PROCSTATMONIT PSM
	   WHERE PSM.PROCESSO = PRC.PROCESSO
	        AND PSM.STATUS = 'DESISTIU DA COMPRA'
                        AND #vksSql_ConcatOwner fva_IntervaloDataB ( DTAMONIT , :DT1, :DT2 ) > 0 )  AS DC_NOPERIODO_N,
/*Inclusão do processo no período*/
                #vksSql_ConcatOwner fva_IntervaloDataB ( PRC.DTAINCLUSAO , :DT1, :DT2 ) AS NOPERIODO_N, 
	1 AS QTDE_N		
FROM IV_PROCESSO PRC
    JOIN IV_PROCDADO PDD ON PDD.PROCESSO = PRC.PROCESSO
    JOIN GE_EMPRESA EMP ON EMP.NROEMPRESA = PDD.NROEMPRESA
    JOIN GE_PESSOA PES ON PES.SEQPESSOA = PDD.SEQPESSOA
    JOIN IVS_PES IVP
	    JOIN IVS_CARTEIRA CART 
                      ON CART.SEQCARTEIRA = IVP.SEQCARTEIRA
                      AND CART.SEQCARTEIRA IN ( #OPT1_ListChave )
	    JOIN GE_USUARIO RESP ON RESP.SEQUSUARIO = CART.SEQUSRRESP
	ON IVP.SEQPESSOA = PDD.SEQPESSOA
 	AND IVP.SEQDEPTO = 2
WHERE PDD.CODPROCESSO = 41  
  AND PRC.DTAINCLUSAO >= :DT1 AND PRC.DTAINCLUSAO <= :DT2
  #LS1_CMD
  #LS2_CMD
ORDER BY 1, 2, 9 DESC, 5

","JDE_102_Análise de oportunidades no período.qrp","1","Microsoft Sans Serif","8","Empresa: #LS1 Carteira: #OPT1_List Status: #LS2 Processos incluídos entre: #DT1 e #DT2 Imprime detalhe: #SN1","","0","","","","","","VTCCONS","1","0","45833939","45854195","19/06/2024 17:42:00","","26/08/2024 15:41:22","CRISTIAN.LINCK","46"
"73","JDE_103","Acompanhamento Venda perdida/Desistiu da compra","Venda perdida - Motivos","","SET LS1_CMD = ' AND EMP.NOMEREDUZIDO = :LS1';

SELECT CASE '#LS2' WHEN 'VENDA PERDIDA' THEN 'IN (136, 149, 165, 221, 258)' ELSE 'IN (131, 146, 186, 160, 220, 257)'  END INTO :LTA FROM DUAL;

SET LS2_CMD = 'AND RES.RESULTADO #LTA';


SELECT EMP.NOMEREDUZIDO AS EMPRESA,
                CART.CARTEIRA,
	RESP.CODUSUARIO AS CEN,
                CASE WHEN RES.RESULTADO < 90000 THEN 'Imp' ELSE 'Maq' END AS TIPO,
                ACA.DESCRICAO AS ACAO,
	RES.DESCRICAO AS RESULTADO,
	VPD.MOTIVO AS MOTIVO,
                PES.SEQPESSOA AS SEQPESSOA,
	PES.NOMERAZAO AS PESSOA, 
	PES.CIDADE #vksSql_ConcatHifen  PES.UF AS CIDADE,
	VPD.REVENDA,
	VPD.MARCA_VP,
	 #vksSql_Nvl (VPD.DATA_DA_VENDA, HIST.DtaRealizacao) AS DTAVENDA_D,
	VPD.MODELO_VP,
	VPD.QUANTIDADE AS QUANTIDADE_N,
	VPD.PRECO_CONCORRENTE AS PRECO_CONCORR_N,
	VPD.MODELO_JOHN_DEER,
	VPD.PRECO_JOHN_DEERE AS PRECO_JDEERE_N,
	PRC.DTAINCLUSAO AS DTAINCLUSAO_D, 
	PRC.DTASTATUS AS DTAPERDIDA_D,
	PRC.PROCESSO AS PROCESSO_N,
                HIST.DETALHE AS DETALHE_L,
	1 AS QTDE_N
FROM IV_HISTORICO HIST
   JOIN GE_PESSOA PES ON PES.SEQPESSOA = HIST.SEQPESSOA
   JOIN GE_EMPRESA EMP ON EMP.NROEMPRESA = HIST.NROEMPRESA
   JOIN IV_RESULTADO RES 
            JOIN IV_ACAO ACA ON ACA.ACAO = RES.ACAO
       ON RES.RESULTADO = HIST.RESULTADO
   LEFT JOIN IV_PROCESSO PRC ON PRC.PROCESSO = HIST.PROCESSO
   LEFT JOIN IV_Q$VENDA_PERDIDA VPD ON VPD.PROCESSO = HIST.PROCESSO
   JOIN IVS_PES PESC
	JOIN IVS_CARTEIRA CART 
                      ON CART.SEQCARTEIRA = PESC.SEQCARTEIRA
                      AND CART.SEQCARTEIRA IN ( #OPT1_ListChave )
	    JOIN GE_USUARIO RESP ON RESP.SEQUSUARIO = CART.SEQUSRRESP
	ON PESC.SEQPESSOA = PES.SEQPESSOA
   JOIN IVS_DEPTO DPT ON DPT.SEQDEPTO = PESC.SEQDEPTO
WHERE HIST.RESULTADO IN  (131, 136, 146, 149, 186, 160, 165, 257, 258, 220, 221)
      AND HIST.DTAREALIZACAO >= :DT1  
      AND HIST.DTAREALIZACAO <= :DT2
     AND DPT.DEPTO = 'MAQ-NOVOS'
   #LS1_CMD
   #LS2_CMD
ORDER BY 1, 2, 3, 6, 7, 9;","JDE_103 - Acompanhamento Venda perdidaDesistiu da compra.qrp","1","Microsoft Sans Serif","8","Empresa: #LS1 Data da venda perdida entre: #DT1 e #DT2 Carteira(s): #OPT1_List","","0","","","","","","VTCCONS","1","0","46043682","1","24/06/2015 10:17:00","","31/05/2026 11:13:57","RENATA.ABRA","67"
"74","JDE_104","Análise de duração das fases das vendas","Análise de duração do faturamento","","SELECT PRC.PROCESSO, 
              PES.NOMERAZAO AS CLIENTE,
              PRC.USURESPONSAVEL AS CEN,
              PRC.DTAINCLUSAO AS DTAINCLUSAO_D,
              PF.FASEORDEM, 
              PFM.FASE,
              PFM.DTAPRIMRESULTADO AS DTAFASE_D,
              PFM.DTAPRIMRESULTADO,
              PFM.HN * 100 AS HRTOTAL_N,
              #vksSql_Trunc (PFM.HN) AS HR_N,
              ROUND((PFM.HN - TRUNC(PFM.HN)) * 60) AS MIN_N
 FROM IV$PROCESSO PRC
               JOIN IV_PROCFASEMONIT PFM ON PFM.PROCESSO = PRC.PROCESSO
                           JOIN IV_PROCFASE PF 
                                   ON PF.CODPROCESSO = PRC.CODPROCESSO
                                 AND PF.FASE = PFM.FASE
               JOIN GE_PESSOA PES ON PES.SEQPESSOA = PRC.SEQPESSOA
WHERE PRC.CODPROCESSO = 9401
 AND PRC.DTAINCLUSAO >= :DT1
 AND PRC.DTAINCLUSAO <= :DT2
ORDER BY 1, 5

","JDE_104_Análise do tempo de atendimento de Vendas.qrp","1","Microsoft Sans Serif","8","Data de inclusão da oportunidade entre: #DT1 e: #DT2","","0","","","","","","VTCCONS","1","0","0","0","13/02/2013 12:04:19","","13/02/2026 09:44:56","NETO.PRADO","11"
"75","JDE_105","Demonstrações realizadas no período","Demonstrações realizadas no período","","SET LS1_CMD = ' AND EMP.NOMEREDUZIDO = :LS1';


SELECT CASE WHEN :LS2 = 'Plantadeira' THEN 'AND QST.SEQFORMULARIO = 94000010'
         ELSE 'AND TIPO_DE_MAQUINA = :LS2'
       END INTO :LTA FROM DUAL;
SELECT CASE WHEN :TUDO2 = 0 THEN '#LTA'
         ELSE ''
       END INTO :LTB FROM DUAL;


SELECT EMP.NOMEREDUZIDO AS EMPRESA,
                CART.CARTEIRA #vksSql_ConcatHifen  RESP.NOMEREDUZIDO AS CEN,
                'Quebra' AS QUEBRA,
                PES.SEQPESSOA AS SEQ,
	PES.NOMERAZAO AS CLIENTE, 
	PRC.PROCESSO AS PROCESSO_N,
	PRC.DTAINCLUSAO AS DTAINCLUSAO_D,
                PDD.DTAULTRESULTADO AS DTA_ULT_ANDAMENTO_D,
/*Faturamento realizado*/
	( SELECT MAX( DTAMONIT ) FROM IV_PROCSTATMONIT PSM
	   WHERE PSM.PROCESSO = PRC.PROCESSO
	        AND PSM.STATUS IN ( 'FATURADO', 'VENDA REALIZADA') 
                        AND PSM.DTAMONIT >= :DT1 AND PSM.DTAMONIT <= :DT2 )  AS DATA_FATURA_D, 
/*Teve demonstração de trator?*/    
                ( SELECT COUNT(QST.PROCESSO) FROM IV_QUESTIONARIO QST
                        WHERE QST.SEQQUESTIONARIO = FRMT.SEQQUESTIONARIO 
                         AND QST.DTAREALIZACAO >= :DT1 AND QST.DTAREALIZACAO <= :DT2
                         #LTB ) AS TEVE_DEMO_TRA_N,
                 FRMT.DTAREALIZACAO AS DTA_DEMO_TRA_D,
/*Teve demonstração de plantadeira?*/    
                ( SELECT COUNT(QST.PROCESSO) FROM IV_QUESTIONARIO QST
                        WHERE QST.SEQQUESTIONARIO = FRMC.SEQQUESTIONARIO 
                         AND QST.DTAREALIZACAO >= :DT1 AND QST.DTAREALIZACAO <= :DT2 
                        #LTB ) AS TEVE_DEMO_COL_N,
                 FRMC.DTAREALIZACAO AS DTA_DEMO_COL_D,
                 FRMT.TIPO_DE_MAQUINA,
                 FRMT.MODELO_DEMO,
                 FRMT.N__SERIE AS NROSERIE_TRA_N,
                 FRMT.DEMONSTRADOR AS DEMONSTR1,
                 FRMC.TIPO_PLANTADEIRA, 
                 FRMC.MODELO_PLANTADEIRA,
                 FRMC.NRO_SERIE AS NROSERIE_COLH_N,
                 FRMC.DEMONSTRADOR AS DEMONSTR2,
                 1 AS QTDE_N
FROM IV_PROCESSO PRC
    JOIN IV_PROCDADO PDD ON PDD.PROCESSO = PRC.PROCESSO
    LEFT JOIN IV_Q$DEMONSTRACAO_TRATOR FRMT ON FRMT.PROCESSO = PRC.PROCESSO
    LEFT JOIN IV_Q$DEMONSTR_COLHEITAD FRMC ON FRMC.PROCESSO = PRC.PROCESSO
    JOIN GE_EMPRESA EMP ON EMP.NROEMPRESA = PDD.NROEMPRESA
    JOIN GE_PESSOA PES ON PES.SEQPESSOA = PDD.SEQPESSOA
    JOIN IVS_PES IVP
	    JOIN IVS_CARTEIRA CART 
                        ON CART.SEQCARTEIRA = IVP.SEQCARTEIRA
                        AND CART.SEQCARTEIRA IN ( #OPT1_ListChave )
	    JOIN GE_USUARIO RESP ON RESP.SEQUSUARIO = CART.SEQUSRRESP
	ON IVP.SEQPESSOA = PDD.SEQPESSOA
     JOIN IVS_DEPTO DPT ON DPT.SEQDEPTO = IVP.SEQDEPTO
WHERE PRC.CODPROCESSO = 9401  
  AND PRC.DTAINCLUSAO >= :DT1 AND PRC.DTAINCLUSAO <= :DT2 
  AND DPT.DEPTO = 'MAQ-NOVOS'
  #LS1_CMD
ORDER BY 1, 2, 5

","JDE_105_Demonstrações realizadas no período.qrp","1","Microsoft Sans Serif","8","Empresa: #LS1 Carteira: #OPT1_List Status: #LS2 Processos incluídos entre: #DT1 e #DT2","","0","","","","","","VTCCONS","1","0","45833939","45854195","","","27/01/2015 15:42:37","JACQUELINE.DUARTE","2"
"76","JDE_106","Análise de negócios em aberto","Análise de negócios em aberto","","SET LS1_CMD = ' AND EMP.NOMEREDUZIDO = :LS1' ;

SET LS2_CMD = ' AND PRD.FAMILIA = :LS2' ;


SELECT DISTINCT EMP.NOMEREDUZIDO AS EMPRESA,
           CRT.CARTEIRA,
           RESP.CODUSUARIO AS RESPONSAVEL,
           PRC.PERSPECTIVA AS PERSPORDEM_N,
            #vksSql_Nvl (PRSP.PERSPECTIVA, '***Sem Perspectiva***') AS PERSPECTIVA,
           PESC.POTENCIAL,
           PES.SEQPESSOA AS SEQPESSOA_N,
           PES.NOMERAZAO,
           PES.CIDADE,
           PRC.PROCESSO AS PROCESSO_N,
           PRC.DTAPRIMRESULTADO AS DTAINICIO_D,
           PRC.DTAULTRESULTADO AS ULTRESULTADO_D,
           ( SELECT RES.DESCREDUZIDA 
                        FROM IV_RESULTADO RES
                      WHERE RES.RESULTADO = PRC.ULTRESULTADO ) AS ULTRESULTADO,
           #vksSql_Nvl (PRC.DTAULTRESULTADO, HIS2.DTAREALIZACAO) AS ULTRESULTADO_D,
           PRC.STATUS,
           PRC.FASE,
           PRD.FAMILIA AS TIPO_DE_MAQUINA,
           PRD.MODELO AS MODELO_D_EQUIPAME,
           PPD.VALOR AS VALOR_N2,
           PRC.DESCRICAO AS DESCRICAO_L,
           HIS.DTAREALIZACAO AS DTAHISTORICO_D,
            #vksSql_Substr ( #vksSql_Nvl  (ACA.DESCREDUZIDA, ACAO.DESCREDUZIDA), 0, 6) AS ACAO,
           #vksSql_Nvl (RES.DESCREDUZIDA, RESO.DESCREDUZIDA ) AS RESULTADO,
           HIS.CODUSUARIO AS ATENDENTEHISTORICO,
           HIS.DETALHE AS HISTORICO_L
  FROM IV$PROCESSO PRC
        LEFT JOIN IV_HISTORICO HIS 
                ON HIS.PROCESSO = PRC.PROCESSO 
               AND HIS.RESULTADO = PRC.ULTRESULTADO
        LEFT JOIN IV_RESULTADO RES ON RES.RESULTADO = HIS.RESULTADO
        LEFT JOIN IV_ACAO ACA ON ACA.ACAO = HIS.ACAOGERADORA
        LEFT JOIN IV_PROCPRODUTO PPD ON PPD.PROCESSO = PRC.PROCESSO
        LEFT JOIN IV$PRODUTO PRD ON PRD.SEQPRODUTO = PPD.SEQPRODUTO
        LEFT JOIN IV_PROCPERSP PRSP ON PRSP.PERSPORDEM = PRC.PERSPECTIVA AND PRSP.CODPROCESSO = PRC.CODPROCESSO
        JOIN IV_PROCDADO ORG 
                JOIN IV_RESULTADO RESO ON RESO.RESULTADO = ORG.ULTRESULTADO
                LEFT JOIN IV_ACAO ACAO ON ACAO.ACAO = RESO.ACAO
	        LEFT JOIN (SELECT PROCESSO, MAX(SEQHISTORICO) AS SEQHISTORICO FROM IV_HISTORICO GROUP BY PROCESSO) HIS1
                     ON HIS1.PROCESSO = ORG.PROCESSO 
      	        LEFT JOIN IV_HISTORICO HIS2 ON HIS2.SEQHISTORICO = HIS1.SEQHISTORICO
        ON ORG.PROCESSO = PRC.PROCESSOPAI        
        JOIN GE_PESSOA PES ON PES.SEQPESSOA = PRC.SEQPESSOA
        JOIN IVS_PES PESC ON PESC.SEQPESSOA = PRC.SEQPESSOA
        JOIN IVS_CARTEIRA CRT 
               ON CRT.SEQCARTEIRA = PESC.SEQCARTEIRA 
               AND CRT.SEQCARTEIRA IN (#OPT1_ListChave)
        JOIN GE_USUARIO RESP ON RESP.SEQUSUARIO = CRT.SEQUSRRESP
        JOIN IVS_DEPTO DPT ON DPT.SEQDEPTO = PESC.SEQDEPTO AND DPT.DEPTO = 'MAQ-NOVOS'
        JOIN GE_EMPRESA EMP ON EMP.NROEMPRESA = PRC.NROEMPRESA
WHERE PRC.REALIZADO = 0
  AND PRC.CODPROCESSO = 7
  AND PRC.DTAINCLUSAO >= :DT1 
  AND PRC.DTAINCLUSAO <= :DT2
 #LS1_CMD
 #LS2_CMD 
ORDER BY  1, 2, 3, 5, 6, 7, 21, 8","JDE_106_Análise de negócios em aberto.qrp","1","Microsoft Sans Serif","8","Empresa: #LS1, Família de produtos: #LS2","","0","","","","","","VTCCONS","1","0","0","0","19/01/2015 12:05:00","","26/08/2024 15:44:10","CRISTIAN.LINCK","35"
"77","JDE_111","Análise Financeira","Análise da Carteira de Pedidos","","SET LS1_CMD = ' AND PRC.STATUS = :LS1';

SET LS2_CMD = ' AND EMP.NOMEREDUZIDO = :LS2';

SET LS3_CMD = ' AND ACV.TIPO_EQUIP1 = :LS3';

SET LS4_CMD = ' AND HST.VENDEDOR = :LS4';

SET LTB = fk_StrTranslateSep (""0"",""AND PST.STATUSORDEM < 50"",SN2_X,""~"");



SELECT  EMP.NOMEREDUZIDO AS EMPRESA,
	CART.CARTEIRA AS CARTEIRA,
	HST.VENDEDOR AS CEN,
                PES.CIDADE #vksSql_ConcatHifen PES.UF AS CIDADE_UF,
                PES.NOMERAZAO AS CLIENTE,
                PES.FONEDDD1 #vksSql_ConcatHifen CAST(PES.FONENRO1 AS VARCHAR(20)) AS TEL_CLIENTE,
                CAST(PES.NROCGCCPF AS VARCHAR(15)) #vksSql_ConcatHifen CAST(PES.DIGCGCCPF AS VARCHAR(4)) AS CNPJ_CPF_CLIENTE,
                PDD.MOTIVO AS MIDIA,
                ACV.DTAREALIZACAO AS DATA_PEDIDO_D,
                ACV.NRO_PED_VEND1 AS NRO_PEDIDO,
	ACV.TIPO_EQUIP1 TIPO_DE_MAQUINA,
                ACV.MARCA_1 AS MARCA_EQUIPAMENTO,
	ACV.MODEL_EQUIP1 AS MODELO,		
	1 AS QTDE_N,
                ACV.VLR_TOTAL1 AS VLR_TOTAL,
                ACV.VLR_SINAL1 AS VLR_SINAL,
                ACV.VLR_FINAN1 AS VLR_FINANCIADO,
	ACV.TP_PGTO1 AS FORMA_PGTO,
                ACV.INSTITUI_FINANCEIRA1 AS FINANCEIRA,
                ACV.NRO_AGENC1 AS NRO_AGENCIA,
                ACV.NOME_AGENC1 AS AGENCIA,
                ACV.NOME_GERENT1 AS NOME_GERENTE,
                ACV.TEL_AGENCIA1 AS TEL_AGENCIA,    
                ACV.EMAIL_AGENCIA1 AS EMAIL_CONTATO,                     
	ACV.PROB_APROV_CRED1 PROB_APROVACAO,
	CASE ACV.PROB_APROV_CRED1 
                     WHEN 'Alta' THEN '1' 
                     WHEN 'Média' THEN '2'  
                     ELSE '3'                     
END as Prob_Sort_N,
	ACV.PREV_FATURAM1 AS DTA_PREV_FAT_D,	
--Não existe	ACV.ORIGEM_FAT,
                ACV.NRO_PAC1 AS NRO_PAC,
                ACV.NRO_CONTR1 AS NRO_CONTRATO,	
                ACV.NRO_CHASSI1 AS NRO_CHASSI,
	PRC.FASE,
	PRC.PROCESSO AS PROCESSO_N,
	PRC.STATUS AS STATUS,                 
                PDD.DTAULTRESULTADO AS DTA_ULT_ANDAMENTO_D,
                HST.RESULTADOCMPL,                        
                HST.DETALHE AS DETALHE_L
FROM IV_PROCESSO PRC
    JOIN IV_PROCDADO PDD ON PDD.PROCESSO = PRC.PROCESSO
    JOIN IV_PROCST PST ON PST.STATUS = PRC.STATUS 
                AND PDD.CODPROCESSO = PST.CODPROCESSO
    JOIN IV_HISTORICO HST ON HST.PROCESSO = PDD.PROCESSO
    JOIN GE_EMPRESA EMP ON EMP.NROEMPRESA = PDD.NROEMPRESA
    JOIN GE_PESSOA PES ON PES.SEQPESSOA = PDD.SEQPESSOA
    JOIN IV_Q$ACOMPANH_VENDA_JDE ACV ON ACV.PROCESSO = PRC.PROCESSO
    JOIN IVS_PES IVP
	    JOIN IVS_CARTEIRA CART 
                      ON CART.SEQCARTEIRA = IVP.SEQCARTEIRA           
              	    JOIN GE_USUARIO RESP ON RESP.SEQUSUARIO = CART.SEQUSRRESP
	ON IVP.SEQPESSOA = PDD.SEQPESSOA
 	AND IVP.SEQDEPTO = 2
WHERE PDD.CODPROCESSO = 7
  AND  ACV.INSTITUI_FINANCEIRA1 IN  (SELECT LITERAL1 FROM IV_GLOBALPAR WHERE SEQGLBPAR = 9415 AND SEQPAR IN ( #OPT1_ListChave ))
  AND HST.SEQHISTORICO = (SELECT MAX (SEQHISTORICO) FROM IV_HISTORICO WHERE  PROCESSO = HST.PROCESSO)
  AND ( ACV.PREV_FATURAM1 IS NULL
           OR ( ACV.PREV_FATURAM1 >= :DT1 AND ACV.PREV_FATURAM1 <= :DT2 )
           ) 
#LS1_CMD 
#LS2_CMD 
#LS3_CMD 
#LS4_CMD
#LTB
ORDER BY 1,2,3,4,5,10,11,12
;","","1","Microsoft Sans Serif","8","Fat. prev entre #DT1 e #DT2","","0","","","","","","VTCCONS","1","0","0","1","21/01/2015 10:27:00","","27/01/2015 15:40:30","JACQUELINE.DUARTE","1"
"78","JDE_002X","Potencial dos Clientes","Potencial dos Clientes","","SET LS1_CMD = ' AND USU.CODUSUARIO = :LS1 ';

SET LS2_CMD = ' AND  DEP.DEPTO = :LS2';

SET LS3_CMD = ' AND PES.CIDADE = :LS3';

SELECT CASE :SN1_X WHEN '1' THEN 'AND NOT EXISTS ( SELECT 1 FROM IVS_PES WHERE SEQPESSOA = CPES.SEQPESSOA ) ' ELSE ' ' END INTO :LTA FROM DUAL;

SELECT CASE :LS4 WHEN 'Carteira' THEN 'ORDER BY 6, 4, 2' WHEN 'Cidade' THEN 'ORDER BY 4, 2' WHEN 'Cliente' THEN 'ORDER BY 2' ELSE 'ORDER BY 8, 7, 3, 2' END INTO :LTB FROM DUAL;


SELECT PES.SEQPESSOA AS SEQ, 
               PES.NOMERAZAO, 
               CASE PES.STATUS 
                  WHEN 'A' THEN 'Ativo'
                  WHEN 'P' THEN 'Prospect'
                  WHEN 'I' THEN 'Inativo'
                  WHEN 'F' THEN 'Falecido'
                  WHEN 'O' THEN 'Outros'
              ELSE 'Em branco' END AS STATUS,
               PES.CIDADE, 
               PES.UF, 
               CAR.CARTEIRA, 
                #vksSql_Nvl (CPES.POTENCIAL, '***A definir') AS POTENCIAL,  
               USU.CODUSUARIO, 
               DEP.DEPTO
FROM GE_PESSOA PES
     LEFT JOIN IVS_PES CPES ON CPES.SEQPESSOA = PES.SEQPESSOA 
     LEFT JOIN IVS_CARTEIRA CAR ON CAR.SEQCARTEIRA = CPES.SEQCARTEIRA
     LEFT JOIN GE_USUARIO USU ON USU.SEQUSUARIO = CAR.SEQUSRRESP 
     LEFT JOIN IVS_DEPTO DEP ON DEP.SEQDEPTO = CPES.SEQDEPTO
WHERE PES.STATUS  IN (  #OPT1_ListChave ) 
#LS1_CMD
#LS2_CMD
#LS3_CMD
#LTA
#LTB","","1","Microsoft Sans Serif","8","","","0","","","","","","VTCCONS","1","0","45897459","1","30/07/2014 13:17:00","","13/02/2026 15:11:57","NETO.PRADO","102"
"79","FRM_001","Formulário Acompanhamento de vendas","Formulário Acompanhamento de vendas","","
SELECT CASE WHEN LEN(:LT1) = 1 THEN '' ELSE ' WHERE ACV.NRO_CHASSI1 = :LT1' END INTO :LTA FROM DUAL;

SELECT CASE WHEN LEN(:LT2) = 1 THEN '' ELSE ' WHERE ACV.PROCESSO = :LT2' END INTO :LTB FROM DUAL;


SELECT ACV.USUINCLUSAO
	, ACV.DTAREALIZACAO AS DTAREALIZACAO_D
	, ACV.PROCESSO
	, ACV.TIPO_EQUIP1 AS TIPO_EQUIPAMENTO
	, ACV.MARCA_1 AS MARCA
	, ACV.MODEL_EQUIP1 AS MODELO_D_EQUIPAMEN
	, ACV.QTDE_PESO_DIAN1 AS QTD_PESO_DIANTEIRO
	, ACV.QTDE_PESO_TRAS1 AS QTD_PESO_TRASEIRO
	, ACV.LASTR_DIANT_LIQ1 AS LASTRO_LIQUIDO_DIANT
	, ACV.LASTR_LIQ_TRAS1 AS LASTRO_LIQUIDO_TRAS
	, ACV.RODADO_DIANT1 AS RODADO_DIANT
	, ACV.RODADO_TRAS1 AS RODADO_TRAS
	, ACV.OUTRAS_CONFIG1 AS OUTRAS_CONFIGURACOES
	, ACV.DESCRICAO_AMS1 AS DESC_IMPLEMENTO
	, ACV.VLR_TOTAL1 AS VALOR_N2
	, ACV.VLR_SINAL1 AS VALOR_SINAL_N2 
	, ACV.VLR_FINAN1 AS VLR_FINANCIADO_N2
	, ACV.TP_PGTO1 AS TIPO_DE_FINANCIAME
	, ACV.INF_PARA_FINANC1 AS INFORMACOES_PARA_O_F
	, ACV.PROB_APROV_CRED1 AS PROB_APROVACAO
	, ACV.NRO_PED_VEND1 AS NRO_PEDIDO
	, ACV.NRO_CHASSI1 AS NRO_CHASSI
	, ACV.VLR_SINAL1 AS VLR_REC_PROPRIO
--Não existe	, ACV. AS ORIGEM_FATURAMENTO
	, ACV.PREV_FATURAM1 AS DTA_PREVFAT_D
	, ACV.INSTITUI_FINANCEIRA1 AS INST_FINANCEIRA
	, ACV.NRO_AGENC1 AS NRO_AGENCIA
	, ACV.NOME_AGENC1 AS AGENCIA
	, ACV.NOME_GERENT1 AS NOME_DO_GERENTE
	, ACV.TEL_AGENCIA1 AS TELEFONE_DA_AGENCIA
	, ACV.EMAIL_AGENCIA1 AS EMAIL_CONTATO
--Não existe	, ACV.N__PEDIDO_NA_FABRI
	, ACV.NRO_PAC1 AS NRO_PAC
	, ACV.NRO_CONTR1 AS NRO_CONTRATO
	, ACV.NRO_NF1 AS NRO_NF
  FROM IV_Q$ACOMPANH_VENDA_JDE ACV
#LTA
#LTB","FRM_001_Formulário Acompanhamento de vendas.qrp","1","Microsoft Sans Serif","8","","","","","","","","","VTCCONS","1","","","","13/01/2015 11:57:00","","07/01/2015 09:46:44","VTCCONS","407"
"80","GER_001","Dados de Pessoa para exportar ao excel","Dados de Pessoa para exportar ao excel","","SELECT PE.SeqPessoa as SeqPessoa,xxxxxxxxxxxx
               PE.NomeRazao as Nome,
               cast(PE.NroCGCCPF as varchar (12)) +'-'+ cast(PE.DigCGCCPF as varchar(2)) as CGC_CPF,
               PE.FoneDDD1 +' - '+ cast(PE.FoneNro1 as varchar(11)) as Telefone,
               PE.Email as Email,
               PE.Logradouro + ', '+ PE.NroLogradouro as Endereco,
               PE.CmpltoLogradouro as Complemento,
               PE.Cidade as Cidade,
               PE.Uf as Estado,
               PE.Cep as Cep,
               PE.Status as Status,
               PE.DtaAlteracao as Data_Alteracao
FROM GE_PESSOA PE
","","1","Microsoft Sans Serif","8","","","","","","","","","VTCCONS","1","","","","01/07/2014 15:46:00","","","",""
"81","JDE_014","Índice de Cobertura de Carteira por Potencial","Índice de Cobertura de Carteira por Potencial","","SET LS2_CMD = ' AND EMP.NOMEREDUZIDO = :LS2';


SELECT CASE :SN3_X 
          WHEN '1' THEN 'AND EXISTS ( SELECT 1 FROM IV$PROCESSO P WHERE P.SEQPESSOA = PESC.SEQPESSOA AND P.CODPROCESSO = 7 AND P.REALIZADO = 0 )' 
         ELSE '' END INTO :LTA FROM DUAL;


SELECT EMP.NOMEREDUZIDO AS EMPRESA
      ,CART.CARTEIRA
      ,USR.NOMEREDUZIDO AS RESPONSAVEL
      ,#vksSql_Nvl ( PESC.POTENCIAL, '**Não informado' ) AS POTENCIAL
      ,PESC.SEQPESSOA
      ,PES.NOMERAZAO
      ,PES.CIDADE #vksSql_ConcatHifen PES.UF AS CIDADE
      ,PESC.DTAULTCTTO AS ULTCTTO_D
      ,PESC.DTAULTCTTOEXT AS ULTCCTOEXT_D
      ,(SELECT MAX(DTAAGENDA)
             FROM IV_AGENDA AGD
             WHERE AGD.SEQPESSOA = PESC.SEQPESSOA
                AND AGD.REALIZADA = 'N'
                AND AGD.ACAO = DPTO.ACAOCONTATO) AS DTAAGENDACTTO_D
      ,(SELECT MAX(DTAAGENDA)
             FROM IV_AGENDA AGD
             WHERE AGD.SEQPESSOA = PESC.SEQPESSOA
               AND AGD.REALIZADA = 'N'
               AND AGD.ACAO = DPTO.ACAOEXTERNA) AS DTAAGENDAEXT_D
      ,(SELECT MAX(CAST(PRC.PERSPECTIVA AS VARCHAR(2))  + '-' + PPP.PERSPECTIVA )
          FROM IV_PROCDADO PDD
          JOIN IV_PROCESSO PRC
            ON PRC.PROCESSO = PDD.PROCESSO
           AND PRC.REALIZADO = 0
           AND PDD.CODPROCESSO = 7
          JOIN IV_PROCPERSP PPP
            ON PPP.CODPROCESSO = PDD.CODPROCESSO
            AND PPP.PERSPORDEM = PRC.PERSPECTIVA
	  JOIN IV_PROCST PST 
            ON PST.CODPROCESSO = PDD.CODPROCESSO 
           AND PST.STATUSORDEM < 50
           AND PST.STATUS = PRC.STATUS
         WHERE PDD.SEQPESSOA = PESC.SEQPESSOA) AS PERSP_NEGABERTA
      ,(SELECT MIN(PPP.QTDDIAPRO)
          FROM IV_PROCDADO PDD
          JOIN IV_PROCESSO PRC
            ON PRC.PROCESSO = PDD.PROCESSO
           AND PRC.REALIZADO = 0
           AND PDD.CODPROCESSO = 7
          JOIN IV_PROCPERSP PPP
            ON PPP.CODPROCESSO = PDD.CODPROCESSO
            AND PPP.PERSPORDEM = PRC.PERSPECTIVA
	  JOIN IV_PROCST PST 
            ON PST.CODPROCESSO = PDD.CODPROCESSO 
           AND PST.STATUSORDEM < 50
           AND PST.STATUS = PRC.STATUS
         WHERE PDD.SEQPESSOA = PESC.SEQPESSOA) AS CICLO_ONEG_N
      ,CASE PESC.POTENCIAL
           WHEN 'A' THEN DPTO.CICLOA
           WHEN 'B' THEN DPTO.CICLOB
           WHEN 'C' THEN DPTO.CICLOC
           WHEN 'D' THEN DPTO.CICLOD
           ELSE 0
       END AS CICLO_CTTO_N
      ,CASE PESC.POTENCIAL
           WHEN 'A' THEN DPTO.CICLOAEXT
           WHEN 'B' THEN DPTO.CICLOBEXT
           WHEN 'C' THEN DPTO.CICLOCEXT
           WHEN 'D' THEN DPTO.CICLODEXT
           ELSE 0
       END AS CICLO_VISITA_N
FROM IVS_CARTEIRA CART
	JOIN GE_EMPRESA EMP ON EMP.NROEMPRESA = CART.NROEMPRESA
	JOIN GE_USUARIO USR ON USR.SEQUSUARIO = CART.SEQUSRRESP
	JOIN IVS_PES PESC ON PESC.SEQCARTEIRA = CART.SEQCARTEIRA 
	JOIN IVS_DEPTO DPTO ON DPTO.SEQDEPTO = PESC.SEQDEPTO  
	JOIN GE_PESSOA PES ON PES.SEQPESSOA = PESC.SEQPESSOA
 WHERE DPTO.DEPTO = '#LS1' 
    #LS2_CMD
    AND CART.SEQCARTEIRA IN ( #OPT1_ListChave   )
   #LTA
 ORDER BY 1, 2, 4, 6;","JDE_014_Índice de Cobertura de Carteira por Potencial.qrp","1","Microsoft Sans Serif","8","Departamento #LS1, Empresa #LS2","","0","","","","","","VTCCONS","1","1","1","1","22/01/2015 10:53:00","","24/04/2026 14:52:03","NETO.PRADO","126"
"83","JDE_150C","Aproveitamento das Oportunidades de Negócio(Analítico)","Aproveitamento das Oportunidades de Negócio(Analítico)","","SET DTA = DT1 - 10;

SET DTB = DT2 + 10;

--Deixar apenas a linha de acordo com o banco de dados
--SET LTT = 'De ' + fk_DtaToStrX (DT1) + ' a ' + fk_DtaToStrX (DT2)  ;

SET LS1_CMD = ' AND EMP.NOMEREDUZIDO = :LS1';

SET SELX1_CMD =  'AND PESC.SEQCARTEIRA IN (#SELX1_ListChave )';


SELECT EMP.SIGLA AS EMP 
   , CRT.CARTEIRA  #vksSql_ConcatHifen  RESP.CODUSUARIO AS CEN
   , PRC.PROCESSO AS PROCESSO_N
   , PES.NOMERAZAO AS CLIENTE
   , PDD.DTAPRIMRESULTADO  AS DT_PRIM_RESULT_T
   , CASE WHEN PDD.DTAPRIMRESULTADO < :DT1 THEN 1 ELSE 0 END AS REM_B
   , CASE WHEN PDD.DTAPRIMRESULTADO < :DT1 THEN 0 ELSE 1 END AS NOV_B 
   , #vksSql_Substr (#vksSql_ConcatOwner fIV_GetStatusNaData (PDD.PROCESSO,  :DT2 ), 0, 50) AS STATUS_S
   , #vksSql_ConcatOwner fIV_GetStatusOrdNaData (PDD.PROCESSO,  :DT2 ) AS ORDEM_NH
   , CASE WHEN #vksSql_Nvl (SPEDIDO.DTAMONIT , :DTB ) <= :DT2     THEN 1
          WHEN #vksSql_ConcatOwner fIV_GetStatusOrdNaData (PDD.PROCESSO,  :DT2 ) > 15 THEN 1
          WHEN #vksSql_ConcatOwner fIV_GetStatusNaData (PDD.PROCESSO,  :DT2 ) = 'VENDA PERDIDA'  THEN 1
          WHEN #vksSql_ConcatOwner fIV_GetStatusNaData (PDD.PROCESSO,  :DT2 ) = 'DESISTIU DA COMPRA' THEN 1 
          WHEN #vksSql_ConcatOwner fIV_GetStatusNaData (PDD.PROCESSO,  :DT2 ) = 'CANCELADO' THEN 1 
          ELSE 0
     END AS FIM_B
   , CASE WHEN #vksSql_Nvl (SPEDIDO.DTAMONIT , :DTB ) <= :DT2 
        AND #vksSql_ConcatOwner fIV_GetStatusNaData (PDD.PROCESSO,  :DT2 ) NOT IN ( 'VENDA PERDIDA', 'DESISTIU DA COMPRA', 'EM ABERTO' )
          THEN 1
          ELSE 0
     END AS PEDIDO_B  
   , CASE WHEN #vksSql_ConcatOwner fIV_GetStatusNaData (PDD.PROCESSO,  :DT2 ) = 'VENDA PERDIDA'  THEN 1
          WHEN #vksSql_ConcatOwner fIV_GetStatusNaData (PDD.PROCESSO,  :DT2 ) = 'DESISTIU DA COMPRA' THEN 1 
          ELSE 0
     END AS PERDEU_B  
   , CASE WHEN #vksSql_ConcatOwner fIV_GetStatusOrdNaData (PDD.PROCESSO,  :DT2 ) < 10
          THEN 
             PERSP.PERSPECTIVA 
          ELSE '---'
     END  #vksSql_Concat ' '  #vksSql_Concat CAST(PRC.PERSPECTIVA AS VARCHAR) AS PESPECTIVA
   , CASE WHEN #vksSql_ConcatOwner fIV_GetStatusOrdNaData (PDD.PROCESSO,  :DT2 ) < 10
          THEN 
            CASE WHEN PRC.PERSPECTIVA >= 90 THEN 1 ELSE 0 END 
          ELSE 0
     END AS QNT_B
    , CASE WHEN #vksSql_ConcatOwner fIV_GetStatusOrdNaData (PDD.PROCESSO,  :DT2 ) < 10
          THEN 
            CASE WHEN PRC.PERSPECTIVA >= 50 AND PRC.PERSPECTIVA < 90 THEN 1 ELSE 0 END 
          ELSE 0
     END AS MRN_B
    , CASE WHEN #vksSql_ConcatOwner fIV_GetStatusOrdNaData (PDD.PROCESSO,  :DT2 ) < 10
          THEN 
            CASE WHEN #vksSql_Nvl (PRC.PERSPECTIVA, 0) < 50   THEN 1 ELSE 0 END 
          ELSE 0
     END AS FRI_B  
    , CASE WHEN #vksSql_ConcatOwner fIV_GetStatusOrdNaData (PDD.PROCESSO,  :DT2 ) < 10
          THEN   1 
          ELSE 0
     END AS PROXIMO_N 
FROM IV_PROCDADO PDD
     JOIN GE_PESSOA PES ON PES.SEQPESSOA = PDD.SEQPESSOA
     JOIN IVS_PES PESC ON PESC.SEQPESSOA = PDD.SEQPESSOA AND PESC.SEQDEPTO = 2
     JOIN IVS_CARTEIRA CRT ON CRT.SEQCARTEIRA = PESC.SEQCARTEIRA
     JOIN GE_USUARIO RESP ON RESP.SEQUSUARIO = CRT.SEQUSRRESP
     JOIN GE_EMPRESA EMP ON EMP.NROEMPRESA = PDD.NROEMPRESA
     JOIN IV_PROCESSO PRC ON PRC.PROCESSO = PDD.PROCESSO 
     LEFT JOIN IV_PROCPERSP PERSP
          ON PERSP.CODPROCESSO = PDD.CODPROCESSO  AND PERSP.PERSPORDEM = PRC.PERSPECTIVA 
     LEFT JOIN ( SELECT PROCESSO, MAX(DTAMONIT) AS DTAMONIT
		FROM IV_PROCSTATMONIT 
	      WHERE STATUS = 'PEDIDO REALIZADO' GROUP BY PROCESSO ) SPEDIDO
	  ON SPEDIDO.PROCESSO = PDD.PROCESSO
WHERE PDD.CODPROCESSO = 7
  AND PDD.DTAPRIMRESULTADO <= :DT2
  AND #vksSql_Nvl (PRC.DTAREALIZACAO, :DT2 ) >= :DT1
  AND #vksSql_Nvl (SPEDIDO.DTAMONIT , :DT1 ) >= :DT1
  AND #vksSql_Nvl (SPEDIDO.DTAMONIT , :DT1 ) <= :DT2
  AND #vksSql_Nvl (#vksSql_ConcatOwner fIV_GetStatusNaData (PDD.PROCESSO,  :DT1 ), 'EM ABERTO') = 'EM ABERTO'
#SELX1_CMD 
#LS1_CMD 
ORDER BY 1,2
","","1","Microsoft Sans Serif","12","","","0","","","","","","VTCCONS","1","0","0","0","19/05/2015 09:33:00","","06/07/2026 16:16:46","ANNA.FELIX","271"
"84","JDE_150","Aproveitamento das Oportunidades de Negócio","Aproveitamento das Oportunidades de Negócio","","SET DTB = DT2 + 10;

SET LS1_CMD = ' AND EMP.NOMEREDUZIDO = :LS1';

SET SELX1_CMD =  'AND PESC.SEQCARTEIRA IN (#SELX1_ListChave )';

  
SELECT ' ' #vksSql_Concat EMP.SIGLA AS EMP_H
   , CRT.CARTEIRA  #vksSql_ConcatHifen RESP.CODUSUARIO AS CEN
   , SUM(CASE WHEN PDD.DTAPRIMRESULTADO < :DT1 THEN 1
          ELSE 0
     END )
         AS REMAN_N
   , SUM(CASE WHEN PDD.DTAPRIMRESULTADO >= :DT1 THEN 1
          ELSE 0
     END )
         AS NOVAS_N
   , COUNT(*) AS OPORT_N   
   
   , SUM(CASE WHEN #vksSql_Nvl (SPEDIDO.DTAMONIT , :DTB ) <= :DT2     THEN 1
          WHEN #vksSql_ConcatOwner fIV_GetStatusOrdNaData (PDD.PROCESSO,  :DT2 ) >= 15 THEN 1
          ELSE 0
     END )
         AS FINAL_N  
   , SUM(CASE WHEN #vksSql_Nvl (SPEDIDO.DTAMONIT , :DTB ) <= :DT2 
	      AND #vksSql_ConcatOwner fIV_GetStatusNaData (PDD.PROCESSO,  :DT2 ) NOT IN ( 'VENDA PERDIDA', 'DESISTIU DA COMPRA', 'CANCELADO', 'EM ABERTO'  )
          THEN 1
          ELSE 0
     END )
         AS PEDIDO_N  
   , SUM( CASE WHEN #vksSql_ConcatOwner fIV_GetStatusNaData (PDD.PROCESSO,  :DT2 ) = 'VENDA PERDIDA'  THEN 1
          WHEN #vksSql_ConcatOwner fIV_GetStatusNaData (PDD.PROCESSO,  :DT2 ) = 'DESISTIU DA COMPRA' THEN 1 
          WHEN #vksSql_ConcatOwner fIV_GetStatusNaData (PDD.PROCESSO,  :DT2 ) = 'CANCELADO' THEN 1
          ELSE 0
     END )
         AS PERDEU_N
   , MAX(0) AS TC_P1
   , SUM( CASE WHEN #vksSql_ConcatOwner fIV_GetStatusOrdNaData (PDD.PROCESSO,  :DT2 ) < 10
          THEN 
            CASE WHEN PRC.PERSPECTIVA >= 90 THEN 1 ELSE 0 END 
          ELSE 0
     END )
         AS QUENTES_N
    , SUM(CASE WHEN #vksSql_ConcatOwner fIV_GetStatusOrdNaData (PDD.PROCESSO,  :DT2 ) < 10
          THEN 
            CASE WHEN PRC.PERSPECTIVA >= 50 AND PRC.PERSPECTIVA < 90 THEN 1 ELSE 0 END 
          ELSE 0
     END )
         AS MORNAS_N 
    , SUM(CASE WHEN #vksSql_ConcatOwner fIV_GetStatusOrdNaData (PDD.PROCESSO,  :DT2 ) < 10
          THEN 
            CASE WHEN #vksSql_Nvl (PRC.PERSPECTIVA, 0) < 50   THEN 1 ELSE 0 END 
          ELSE 0
     END )
         AS FRIAS_N   
    , SUM( CASE WHEN #vksSql_ConcatOwner fIV_GetStatusOrdNaData (PDD.PROCESSO,  :DT2 ) < 10
              AND #vksSql_Nvl (SPEDIDO.DTAMONIT , :DTB ) > :DT2
          THEN   1 
          ELSE 0
     END )
         AS PROXIMO_N
    , MAX(DATEDIFF ( DAY, PDD.DTAULTRESULTADO , GETDATE())) AS DIAS_OPORTUNIDADE_N
FROM IV_PROCDADO PDD
     JOIN IVS_PES PESC ON PESC.SEQPESSOA = PDD.SEQPESSOA AND PESC.SEQDEPTO = 2
     JOIN IVS_CARTEIRA CRT ON CRT.SEQCARTEIRA = PESC.SEQCARTEIRA
     JOIN GE_USUARIO RESP ON RESP.SEQUSUARIO = CRT.SEQUSRRESP
     JOIN GE_EMPRESA EMP ON EMP.NROEMPRESA = CRT.NROEMPRESA
     JOIN IV_PROCESSO PRC ON PRC.PROCESSO = PDD.PROCESSO 
     LEFT JOIN ( SELECT PROCESSO, MAX(DTAMONIT) AS DTAMONIT
		FROM IV_PROCSTATMONIT 
	      WHERE STATUS = 'PEDIDO REALIZADO' GROUP BY PROCESSO ) SPEDIDO
	  ON SPEDIDO.PROCESSO = PDD.PROCESSO
WHERE PDD.CODPROCESSO = 7
  AND PDD.DTAPRIMRESULTADO <= :DT2
  AND  #vksSql_Nvl (PRC.DTAREALIZACAO, :DT2 ) >= :DT1
  AND #vksSql_Nvl (SPEDIDO.DTAMONIT , :DT1 ) >= :DT1
  AND #vksSql_Nvl (SPEDIDO.DTAMONIT , :DT1 ) <= :DT2
  AND #vksSql_Nvl (#vksSql_ConcatOwner fIV_GetStatusNaData (PDD.PROCESSO,  :DT1 ), 'EM ABERTO') = 'EM ABERTO'
#LS1_CMD
#SELX1_CMD 
GROUP BY ' ' #vksSql_Concat EMP.SIGLA
   , CRT.CARTEIRA #vksSql_ConcatHifen RESP.CODUSUARIO

UNION 

SELECT  ' ' #vksSql_Concat EMP.SIGLA AS EMP
   , ' ' #vksSql_Concat EMP.SIGLA AS CEN
   , SUM(CASE WHEN PDD.DTAPRIMRESULTADO < :DT1 THEN 1
          ELSE 0
     END )
         AS REMAN_N
   , SUM(CASE WHEN PDD.DTAPRIMRESULTADO >= :DT1 THEN 1
          ELSE 0
     END )
         AS NOVAS_N
   , COUNT(*) AS OPORT_N   
   
   , SUM(CASE WHEN #vksSql_Nvl (SPEDIDO.DTAMONIT , :DTB ) <= :DT2     THEN 1
          WHEN #vksSql_ConcatOwner fIV_GetStatusOrdNaData (PDD.PROCESSO,  :DT2 ) > 10 THEN 1
          WHEN #vksSql_ConcatOwner fIV_GetStatusNaData (PDD.PROCESSO,  :DT2 ) = 'VENDA PERDIDA'  THEN 1
          WHEN #vksSql_ConcatOwner fIV_GetStatusNaData (PDD.PROCESSO,  :DT2 ) = 'DESISTIU DA COMPRA' THEN 1 
          WHEN #vksSql_ConcatOwner fIV_GetStatusNaData (PDD.PROCESSO,  :DT2 ) = 'CANCELADO' THEN 1 
          ELSE 0
     END )
         AS FINAL_N  
   , SUM(CASE WHEN #vksSql_Nvl (SPEDIDO.DTAMONIT , :DTB ) <= :DT2 
	      AND #vksSql_ConcatOwner fIV_GetStatusNaData (PDD.PROCESSO,  :DT2 ) NOT IN ( 'VENDA PERDIDA', 'DESISTIU DA COMPRA', 'CANCELADO', 'EM ABERTO'  )
          THEN 1
          ELSE 0
     END )
         AS SUCESSO_N  
   , SUM( CASE WHEN #vksSql_ConcatOwner fIV_GetStatusNaData (PDD.PROCESSO,  :DT2 ) = 'VENDA PERDIDA'  THEN 1
          WHEN #vksSql_ConcatOwner fIV_GetStatusNaData (PDD.PROCESSO,  :DT2 ) = 'DESISTIU DA COMPRA' THEN 1 
          WHEN #vksSql_ConcatOwner fIV_GetStatusNaData (PDD.PROCESSO,  :DT2 ) = 'CANCELADO' THEN 1
          ELSE 0
     END )
         AS VEND_PERD_N
   , MAX(0) AS TC_N1
   , SUM( CASE WHEN #vksSql_ConcatOwner fIV_GetStatusOrdNaData (PDD.PROCESSO,  :DT2 ) < 10
          THEN 
            CASE WHEN PRC.PERSPECTIVA >= 90 THEN 1 ELSE 0 END 
          ELSE 0
     END )
         AS QUENTES_N
    , SUM(CASE WHEN #vksSql_ConcatOwner fIV_GetStatusOrdNaData (PDD.PROCESSO,  :DT2 ) < 10
          THEN 
            CASE WHEN PRC.PERSPECTIVA >= 50 AND PRC.PERSPECTIVA < 90 THEN 1 ELSE 0 END 
          ELSE 0
     END )
         AS MORNAS_N 
    , SUM(CASE WHEN #vksSql_ConcatOwner fIV_GetStatusOrdNaData (PDD.PROCESSO,  :DT2 ) < 10
          THEN 
            CASE WHEN #vksSql_Nvl (PRC.PERSPECTIVA, 0) < 50   THEN 1 ELSE 0 END 
          ELSE 0
     END )
         AS FRIAS_N   
    , SUM( CASE WHEN #vksSql_ConcatOwner fIV_GetStatusOrdNaData (PDD.PROCESSO,  :DT2 ) < 10
              AND #vksSql_Nvl (SPEDIDO.DTAMONIT , :DTB ) > :DT2
          THEN   1 
          ELSE 0
     END )
         AS PROXIMO_N 
    , MAX(DATEDIFF ( DAY, PDD.DTAULTRESULTADO , GETDATE())) AS DIAS_OPORTUNIDADE_N
FROM IV_PROCDADO PDD
     JOIN IVS_PES PESC ON PESC.SEQPESSOA = PDD.SEQPESSOA AND PESC.SEQDEPTO = 2
     JOIN IVS_CARTEIRA CRT ON CRT.SEQCARTEIRA = PESC.SEQCARTEIRA
     JOIN GE_USUARIO RESP ON RESP.SEQUSUARIO = CRT.SEQUSRRESP
     JOIN GE_EMPRESA EMP ON EMP.NROEMPRESA = CRT.NROEMPRESA
     JOIN IV_PROCESSO PRC ON PRC.PROCESSO = PDD.PROCESSO 
     LEFT JOIN ( SELECT PROCESSO, MAX(DTAMONIT) AS DTAMONIT
		FROM IV_PROCSTATMONIT 
	      WHERE STATUS = 'PEDIDO REALIZADO' GROUP BY PROCESSO ) SPEDIDO
	  ON SPEDIDO.PROCESSO = PDD.PROCESSO
WHERE PDD.CODPROCESSO = 7
  AND PDD.DTAPRIMRESULTADO <= :DT2
  AND #vksSql_Nvl (PRC.DTAREALIZACAO, :DT2 ) >= :DT1
  AND #vksSql_Nvl (SPEDIDO.DTAMONIT , :DT1 ) >= :DT1
  AND #vksSql_Nvl (SPEDIDO.DTAMONIT , :DT1 ) <= :DT2
  AND #vksSql_Nvl (#vksSql_ConcatOwner fIV_GetStatusNaData (PDD.PROCESSO,  :DT1 ), 'EM ABERTO') = 'EM ABERTO'
#LS1_CMD
#SELX1_CMD 
GROUP BY ' ' #vksSql_Concat EMP.SIGLA
   , ' ' #vksSql_Concat EMP.SIGLA

UNION

SELECT  '* TOTAL *' AS EMP
   , '* TOTAL *'   AS CEN
   , SUM(CASE WHEN PDD.DTAPRIMRESULTADO < :DT1 THEN 1
          ELSE 0
     END )
         AS REMAN_N
   , SUM(CASE WHEN PDD.DTAPRIMRESULTADO >= :DT1 THEN 1
          ELSE 0
     END )
         AS NOVAS_N
   , COUNT(*) AS OPORT_N   
   
   , SUM(CASE WHEN #vksSql_Nvl (SPEDIDO.DTAMONIT , :DTB ) <= :DT2     THEN 1
          WHEN #vksSql_ConcatOwner fIV_GetStatusOrdNaData (PDD.PROCESSO,  :DT2 ) > 10 THEN 1
          WHEN #vksSql_ConcatOwner fIV_GetStatusNaData (PDD.PROCESSO,  :DT2 ) = 'VENDA PERDIDA'  THEN 1
          WHEN #vksSql_ConcatOwner fIV_GetStatusNaData (PDD.PROCESSO,  :DT2 ) = 'DESISTIU DA COMPRA' THEN 1 
          WHEN #vksSql_ConcatOwner fIV_GetStatusNaData (PDD.PROCESSO,  :DT2 ) = 'CANCELADO' THEN 1 
          ELSE 0
     END )
         AS FINAL_N  
   , SUM(CASE WHEN #vksSql_Nvl (SPEDIDO.DTAMONIT , :DTB ) <= :DT2 
	      AND #vksSql_ConcatOwner fIV_GetStatusNaData (PDD.PROCESSO,  :DT2 ) NOT IN ( 'VENDA PERDIDA', 'DESISTIU DA COMPRA', 'CANCELADO', 'EM ABERTO'  )
          THEN 1
          ELSE 0
     END )
         AS SUCESSO_N 
   , SUM( CASE WHEN #vksSql_ConcatOwner fIV_GetStatusNaData (PDD.PROCESSO,  :DT2 ) = 'VENDA PERDIDA'  THEN 1
          WHEN #vksSql_ConcatOwner fIV_GetStatusNaData (PDD.PROCESSO,  :DT2 ) = 'DESISTIU DA COMPRA' THEN 1 
          WHEN #vksSql_ConcatOwner fIV_GetStatusNaData (PDD.PROCESSO,  :DT2 ) = 'CANCELADO' THEN 1
          ELSE 0
     END )
         AS VEND_PERD_N 
   , MAX(0) AS TC_N1
   , SUM( CASE WHEN #vksSql_ConcatOwner fIV_GetStatusOrdNaData (PDD.PROCESSO,  :DT2 ) < 10
          THEN 
            CASE WHEN PRC.PERSPECTIVA >= 90 THEN 1 ELSE 0 END 
          ELSE 0
     END )
         AS QUENTES_N
    , SUM(CASE WHEN #vksSql_ConcatOwner fIV_GetStatusOrdNaData (PDD.PROCESSO,  :DT2 ) < 10
          THEN 
            CASE WHEN PRC.PERSPECTIVA >= 50 AND PRC.PERSPECTIVA < 90 THEN 1 ELSE 0 END 
          ELSE 0
     END )
         AS MORNAS_N 
    , SUM(CASE WHEN #vksSql_ConcatOwner fIV_GetStatusOrdNaData (PDD.PROCESSO,  :DT2 ) < 10
          THEN 
            CASE WHEN #vksSql_Nvl (PRC.PERSPECTIVA, 0) < 50   THEN 1 ELSE 0 END 
          ELSE 0
     END )
         AS FRIAS_N   
    , SUM( CASE WHEN #vksSql_ConcatOwner fIV_GetStatusOrdNaData (PDD.PROCESSO,  :DT2 ) < 10
              AND #vksSql_Nvl (SPEDIDO.DTAMONIT , :DTB ) > :DT2
          THEN   1 
          ELSE 0
     END )
         AS PROXIMO_N 
    , MAX(DATEDIFF ( DAY, PDD.DTAULTRESULTADO , GETDATE())) AS DIAS_OPORTUNIDADE_N
FROM IV_PROCDADO PDD
     JOIN IVS_PES PESC ON PESC.SEQPESSOA = PDD.SEQPESSOA AND PESC.SEQDEPTO = 2
     JOIN IVS_CARTEIRA CRT ON CRT.SEQCARTEIRA = PESC.SEQCARTEIRA
     JOIN GE_USUARIO RESP ON RESP.SEQUSUARIO = CRT.SEQUSRRESP
     JOIN GE_EMPRESA EMP ON EMP.NROEMPRESA = CRT.NROEMPRESA
     JOIN IV_PROCESSO PRC ON PRC.PROCESSO = PDD.PROCESSO 
     LEFT JOIN ( SELECT PROCESSO, MAX(DTAMONIT) AS DTAMONIT
		FROM IV_PROCSTATMONIT 
	      WHERE STATUS = 'PEDIDO REALIZADO' GROUP BY PROCESSO ) SPEDIDO
	  ON SPEDIDO.PROCESSO = PDD.PROCESSO
WHERE PDD.CODPROCESSO = 7
  AND PDD.DTAPRIMRESULTADO <= :DT2
  AND #vksSql_Nvl (PRC.DTAREALIZACAO, :DT2 ) >= :DT1
  AND #vksSql_Nvl (SPEDIDO.DTAMONIT , :DT1 ) >= :DT1
  AND #vksSql_Nvl (SPEDIDO.DTAMONIT , :DT1 ) <= :DT2
  AND #vksSql_Nvl (#vksSql_ConcatOwner fIV_GetStatusNaData (PDD.PROCESSO,  :DT1 ), 'EM ABERTO') = 'EM ABERTO'
#LS1_CMD
#SELX1_CMD 
ORDER BY 1,2","","1","Microsoft Sans Serif","12","","","0","","","","","","DIEGO.MARQUES","1","0","0","0","23/09/2020 23:45:00","","17/01/2025 14:49:37","NETO.PRADO","206"
"85","CAD01","Análise de alterações de e-mail de pessoa e contato","Análise de alterações de e-mail de pessoa e contato","","SELECT 'Alteração do email da Pessoa' AS TIPO,
PES.SEQPESSOA,
PES.NOMERAZAO,
PES.CIDADE,
PES.EMAIL AS EMAIL,
LB.DTALOG AS DTA_INCALT_EMAIL_T,
LB.USR AS QUEM_ALTEROU,
LB.Obs AS OBSERVACAO
FROM GE_LGTB LB
JOIN GE_PESSOA PES ON PES.SEQPESSOA = LB.KN1
LEFT JOIN GE_CONTATO CO ON CO.SeqPessoa = PES.SeqPessoa
WHERE LB.TB = 'GE_PESSOA'
AND LB.OBS LIKE '%GE_EMAIL%'
AND LB.DtaLog >= :DT1 AND LB.DtaLog <= :DT2

UNION

SELECT 'Alteração do email do Contato' AS TIPO,
PES.SEQPESSOA,
PES.NOMERAZAO,
PES.CIDADE,
CO.EMail AS EMAIL,
LB.DTALOG AS DTA_INCALT_EMAIL_T,
LB.USR AS QUEM_ALTEROU,
LB.Obs AS OBSERVACAO
FROM GE_LGTB LB
JOIN GE_PESSOA PES ON PES.SEQPESSOA = LB.KN1
LEFT JOIN GE_CONTATO CO ON CO.SeqPessoa = PES.SeqPessoa
WHERE LB.TB = 'GE_CONTATO'
AND LB.OBS LIKE '%e-Mail=%'
AND ISNULL(CO.EMail, '@') != '@'
AND LB.DtaLog >= :DT1 AND LB.DtaLog <= :DT2


ORDER BY 1, 6","","1","Microsoft Sans Serif","8","","","","","","","","","VTCCONS","1","","","","28/11/2014 16:57:00","","12/03/2020 15:37:40","JUNIO.AQUINO","9"
"86","FRM_001A","Formulário Acompanhamento de vendas (novo)","Formulário Acompanhamento de vendas","","SELECT CASE WHEN LEN(:LT1) = 1 THEN '' ELSE ' AND ACV.NRO_CHASSI1 = :LT1' END INTO :LTA FROM DUAL;

SELECT CASE WHEN LEN(:LT2) = 1 THEN '' ELSE ' AND ACV.PROCESSO = :LT2' END INTO :LTB FROM DUAL;

SELECT CASE :LS1
      WHEN 'ABERTO' THEN 'AND NOT EXISTS ( SELECT 1 FROM IV_HISTORICO WHERE PROCESSO = ACV.PROCESSO AND RESULTADO IN ( 212, 213, 215 ))' 
      WHEN 'FATURADO' THEN 'AND EXISTS ( SELECT 1 FROM IV_HISTORICO WHERE PROCESSO = ACV.PROCESSO AND RESULTADO IN ( 212, 213, 215 ) )'
  ELSE '' 
END INTO :LTE FROM DUAL;

SELECT ACV.USUINCLUSAO,
                ACV.DTAREALIZACAO AS DTAREALIZACAO_D,
                ACV.PROCESSO,
	ACV.TIPO_EQUIP1,
	ACV.MARCA_1,
	ACV.MODEL_EQUIP1,
	ACV.NRO_PED_VEND1,
	ACV.QTDE_PESO_TRAS1,
	ACV.KG,
	ACV.POSICAO_TRAS1,
                ACV.POSICAO_PESO_TRAS2,
	ACV.QDTE_PESO_TRAS2,
	ACV.KG_TRAS_2,
	ACV.QTDE_PESO_DIAN1,
	ACV.KG_PESO_DIAN1,	
	ACV.LASTR_LIQ_TRAS1,
	ACV.LASTR_DIANT_LIQ1,
	ACV.RODADO_TRAS1,
	ACV.RODADO_DIANT1,
	ACV.QTD_VRC_1001 AS QTD_VRC_100,
	ACV.QTD_VCR_3001 AS QTD_VCR_300,
                RTRIM(LTRIM(ACV.BITOLA)) AS BITOLA,	
	ACV.AMS1,
	ACV.AMS_DE_FABRICA1,
	ACV.DESCRICAO_AMS1 AS DESCRICAO_AMS1_L,
	ACV.OUTRAS_CONFIG1 AS OUTRAS_CONFIGURACOES_L,
                ACV.INFORMACOES_AGREGA__ AS INF_AGREGA_DES_L,
	ACV.NRO_CHASSI1,
	ACV.PROB_APROV_CRED1,
	ACV.NRO_PAC1,
	ACV.NRO_CONTR1,
	ACV.PREV_FATURAM1 AS DTA_PREVFAT_D,
                ACV.DATA_PEDIDO_DE_VENDA AS DTA_PEDIDO_D,
	ACV.NRO_NF1,
	ACV.NF_DE_REFATURAMENTO,
                ACV.EXPECTATIVA_DATA_CLI AS DTA_EXPECTATIVA_D,
                ACV.DATA_COMBINADA_CLIEN AS DTA_COMBINADA_D,
                ACV.DATA_ATUALIZADA AS DTA_ATUALIZADA_D,	
                ACV.FATURAMENTO_REALIZ AS DTA_FATURAMENTO_D,	
                ACV.MEU_1_JD,
                --RTRIM(LTRIM(ACV.CODIGO_MDA)) AS CODIGO_MDA,
	RTRIM(LTRIM(ACV.OBSERVACAO)) AS OBSERVACAO_L,
                --SUBSTRING(ACV.Observacao, 0,250) as OBSERVACAO_L,
                PES.SEQPESSOA,
                PES.NOMERAZAO
  FROM IV_Q$ACOMPANH_VENDA_JDE ACV
       JOIN GE_PESSOA PES ON PES.SEQPESSOA = ACV.SEQPESSOA
 WHERE ACV.DTAREALIZACAO >= :DT1 AND ACV.DTAREALIZACAO <= :DT2
#LTA
#LTB
#LTE 

","FRM_001A_Formulário Acompanhamento de vendas.qrp","1","Microsoft Sans Serif","8","","","0","","","","","","VTCCONS","1","0","0","0","26/07/2017 10:19:00","","06/11/2024 15:10:59","KALIDA.ALVES","6552"
"87","COL_888","Dashboard (AUTO)","Dashboard","","/* -- Ações do processo de equipamentos para monitoramento.
35, APROVAR PEDIDO JDE
126, PREPARAR PEDIDO E DOCTO PARA APROVAÇÃO
41, PREPARAR DOCUMENTAÇÃO EQUIPAMENTO JDE
51, VERIFICAR DISPONIBILIDADE EQUIPAMENT JDE
137,VERIFICAR DISPONIBILIDADE AMS
48, RECEBER EQUIPAMENTO NOVO
39, INFORMAR AGREGA / DESAGREGA JDE
46, REALIZAR PRÉ-ENTREGA JDE
38, FATURAR EQUIPAMENTO JDE
44, REALIZAR ENTREGA FÍSICA EQUIPAMENTO JDE
47, REALIZAR ENTREGA TÉCNICA EQUIPAMENTO JDE
'ABERTO' = Quando ainda não existe o resultado Entrega Técnica Realizada preenchido no processo;
'FINALIZADO' = Quando existe o resultado Entrega Técnica Realizada preenchida no processo;
'TODOS' = Não faz nenhuma condição;
*/


MENSAGEM = 'Atenção! O filtro Data de entrega só será considerado quando escolhido tipo de análise = FINALIZADO';
SELECT CASE :LS2 WHEN 'FINALIZADO' THEN 1 ELSE 0 END INTO :NRZ FROM DUAL;
AVISO;


SET LS1_CMD = ' AND EMP.NOMEREDUZIDO = :LS1 ';

SET SELX1_CMD = ' AND CART.SEQCARTEIRA IN ( #SELX1_ListChave ) ';

SELECT CASE :LS2
      WHEN 'ABERTO' THEN 'AND NOT EXISTS ( SELECT 1 FROM IV_HISTORICO WHERE PROCESSO = PRC.PROCESSO AND RESULTADO IN ( 243 ) ) AND PRC.REALIZADO = 0' 
      WHEN 'FINALIZADO' THEN 'AND EXISTS ( SELECT 1 FROM IV_HISTORICO WHERE PROCESSO = PRC.PROCESSO AND RESULTADO IN ( 243 ) AND DTAREALIZACAO >= :DT3 AND DTAREALIZACAO <= :DT4 )'
  ELSE '' 
END INTO :LTE FROM DUAL;



SELECT TAB.CLIENTE
  , TAB.PROCESSO
 , SUBSTRING(TAB.MODELO, 1, 10) AS MODELO
 , TAB.APROV AS APROV_N 
 , TAB.LEV_DOC AS LEV_DOC_N 
 , TAB.PREP_DOC AS PREP_DOC_N 
 , TAB.DISP AS DISP_N 
 , TAB.DISP_AMS AS DISP_AMS_N
 , TAB.REC_NOVO AS REC_NOVO_N
 , TAB.INF_AG AS INF_AG_N 
 , TAB.PRE_ENT AS PRE_ENT_N 
 , TAB.FAT AS FAT_N 
 , TAB.E_FIS AS E_FIS_N 
 , TAB.TECN AS TECN_N 
     , ( 0 +
       #vksSql_Nvl ( TAB.APROV, 0 ) + 
       #vksSql_Nvl ( LEV_DOC, 0 ) +  
       #vksSql_Nvl ( PREP_DOC, 0 ) + 
       #vksSql_Nvl ( DISP,  0 ) +  
        #vksSql_Nvl ( DISP_AMS,  0 ) + 
       #vksSql_Nvl ( REC_NOVO,  0 ) +
       #vksSql_Nvl ( INF_AG, 0 ) +
       #vksSql_Nvl ( PRE_ENT, 0 ) +
       #vksSql_Nvl ( FAT, 0 ) +
       #vksSql_Nvl ( E_FIS, 0 ) + 
       #vksSql_Nvl ( TECN, 0 ) ) AS TOTAL_N
      , DATEDIFF(DAY, #vksSql_Nvl (DTA_ATUAL_ENTREGA, DTA_COMB_CLIENTE), #vksSql_Nvl (DTA_ENTREGA, GETDATE())) AS ENTREGA_N
     , #vksSql_Nvl ( DTA_ATUAL_ENTREGA, TAB.DTA_COMB_CLIENTE ) AS DATA_COMBINADA_CLIENTE
     , TAB.ENTREGUE AS ENTR_B
     , 1 AS HUM_NH
FROM (
SELECT PES.NOMERAZAO AS CLIENTE
     , AGD.PROCESSO
     , ACV.MODEL_EQUIP1 AS MODELO
 , MAX(CASE WHEN AGD.ACAO = 35 THEN dbo.fcnDiasUteis (AGD.DTAAGENDAORIGINAL, ISNULL(AGD.DTAREALIZACAO, GETDATE() )) ELSE NULL END) AS APROV 
 , MAX(CASE WHEN AGD.ACAO = 35 THEN AGD.REALIZADA ELSE NULL END) AS AGD_APROV
 , MAX(CASE WHEN AGD.ACAO = 126 THEN dbo.fcnDiasUteis (AGD.DTAAGENDAORIGINAL, ISNULL(AGD.DTAREALIZACAO, GETDATE() )) ELSE NULL END) AS LEV_DOC 
 , MAX(CASE WHEN AGD.ACAO = 126 THEN AGD.REALIZADA ELSE NULL END) AS AGD_LEV_DOC
 , MAX(CASE WHEN AGD.ACAO = 41 THEN dbo.fcnDiasUteis (AGD.DTAAGENDAORIGINAL, ISNULL(AGD.DTAREALIZACAO, GETDATE() )) ELSE NULL END) AS PREP_DOC 
 , MAX(CASE WHEN AGD.ACAO = 41 THEN AGD.REALIZADA ELSE NULL END) AS AGD_PREP_DOC 
 , MAX(CASE WHEN AGD.ACAO = 51 THEN dbo.fcnDiasUteis (AGD.DTAAGENDAORIGINAL, ISNULL(AGD.DTAREALIZACAO, GETDATE() )) ELSE NULL END) AS DISP 
 , MAX(CASE WHEN AGD.ACAO = 51 THEN AGD.REALIZADA ELSE NULL END) AS AGD_DISP
 , MAX(CASE WHEN AGD.ACAO = 137 THEN dbo.fcnDiasUteis (AGD.DTAAGENDAORIGINAL, ISNULL(AGD.DTAREALIZACAO, GETDATE() )) ELSE NULL END) AS DISP_AMS 
 , MAX(CASE WHEN AGD.ACAO = 137 THEN AGD.REALIZADA ELSE NULL END) AS AGD_DISP_AMS
 , MAX(CASE WHEN AGD.ACAO = 48 THEN dbo.fcnDiasUteis (AGD.DTAAGENDAORIGINAL, ISNULL(AGD.DTAREALIZACAO, GETDATE() )) ELSE NULL END) AS REC_NOVO
 , MAX(CASE WHEN AGD.ACAO = 48 THEN AGD.REALIZADA ELSE NULL END) AS AGD_REC_NOVO
 , MAX(CASE WHEN AGD.ACAO = 39 THEN dbo.fcnDiasUteis (AGD.DTAAGENDAORIGINAL, ISNULL(AGD.DTAREALIZACAO, GETDATE() )) ELSE NULL END) AS INF_AG 
 , MAX(CASE WHEN AGD.ACAO = 39 THEN AGD.REALIZADA ELSE NULL END) AS AGD_INF_AG
 , MAX(CASE WHEN AGD.ACAO = 46 THEN dbo.fcnDiasUteis (AGD.DTAAGENDAORIGINAL, ISNULL(AGD.DTAREALIZACAO, GETDATE() )) ELSE NULL END) AS PRE_ENT 
 , MAX(CASE WHEN AGD.ACAO = 46 THEN AGD.REALIZADA ELSE NULL END) AS AGD_PRE_ENT
 , MAX(CASE WHEN AGD.ACAO = 38 THEN dbo.fcnDiasUteis (AGD.DTAAGENDAORIGINAL, ISNULL(AGD.DTAREALIZACAO, GETDATE() )) ELSE NULL END) AS FAT 
 , MAX(CASE WHEN AGD.ACAO = 38 THEN AGD.REALIZADA ELSE NULL END) AS AGD_FAT
 , MAX(CASE WHEN AGD.ACAO = 44 THEN dbo.fcnDiasUteis (AGD.DTAAGENDAORIGINAL, ISNULL(AGD.DTAREALIZACAO, GETDATE() )) ELSE NULL END) AS E_FIS 
 , MAX(CASE WHEN AGD.ACAO = 44 THEN AGD.REALIZADA ELSE NULL END) AS AGD_E_FIS
 , MAX(CASE WHEN AGD.ACAO = 47 THEN dbo.fcnDiasUteis (AGD.DTAAGENDAORIGINAL, ISNULL(AGD.DTAREALIZACAO, GETDATE() )) ELSE NULL END) AS TECN 
 , MAX(CASE WHEN AGD.ACAO = 47 THEN AGD.REALIZADA ELSE NULL END) AS AGD_TECN
     , ( SELECT ISNULL(MAX(1), 0) FROM IV_HISTORICO WHERE PROCESSO = AGD.PROCESSO AND RESULTADO IN (236, 493, 482)  ) AS ENTREGUE
     , ISNULL(( SELECT MAX(DTAREALIZACAO) FROM IV_HISTORICO WHERE PROCESSO = AGD.PROCESSO AND RESULTADO IN (236, 493, 482) ), GETDATE()) AS DTA_ENTREGA
     , MAX(ACV.DATA_COMBINADA_CLIEN) AS DTA_COMB_CLIENTE
     , MAX(ACV.DATA_ATUALIZADA) AS DTA_ATUAL_ENTREGA
  FROM IV_PROCESSO PRC
	JOIN IV_PROCDADO PDD ON PDD.PROCESSO = PRC.PROCESSO
	JOIN IV_AGENDA AGD ON AGD.PROCESSO = PRC.PROCESSO
    AND AGD.DtaGeracaoOrig < ISNULL(dateadd(minute, 0, AGD.DTAREALIZACAO), GETDATE()) 
	JOIN GE_PESSOA PES ON PES.SEQPESSOA = AGD.SEQPESSOA
	JOIN IV_Q$ACOMPANH_VENDA_JDE ACV ON ACV.PROCESSO = AGD.PROCESSO
                JOIN IV_PROCSTATMONIT PED ON PED.PROCESSO = PDD.PROCESSO AND PED.STATUS = 'EM ANDAMENTO'
	JOIN IVS_PES PESC ON PESC.SEQPESSOA = PDD.SEQPESSOA
	JOIN IVS_DEPTO DPTO ON DPTO.SEQDEPTO = PESC.SEQDEPTO
                JOIN IVS_CARTEIRA CART ON CART.SEQCARTEIRA = PESC.SEQCARTEIRA
	JOIN GE_EMPRESA EMP ON EMP.NROEMPRESA = CART.NROEMPRESA
                JOIN GE_USUARIO USR ON USR.SEQUSUARIO = CART.SEQUSRRESP
WHERE 1 = 1
  AND PED.DTAMONIT >= :DT1
  AND PED.DTAMONIT <= :DT2
  AND PRC.FASE <> 'Finalizado'
  AND PRC.Status NOT IN ('CANCELADO')
  AND PDD.CODPROCESSO = 7
  #LTE
   --AND AGD.PROCESSO = 896163
  #LS1_CMD
  #SELX1_CMD
GROUP BY PES.NOMERAZAO, AGD.PROCESSO, ACV.MODEL_EQUIP1 
) TAB
ORDER BY TAB.CLIENTE","","0","Microsoft Sans Serif","10","","","0","","","","","","DIEGO.MARQUES","1","0","0","0","02/05/2021 11:35:00","","24/04/2026 14:41:28","NETO.PRADO","156"
"88","JDE_008","Índice de Visitas & Contatos por Período","Índice de Cobertura de Carteira","","SET LS2_CMD = ' AND EMP.NOMEREDUZIDO = :LS2';

SET SELX1_CMD = ' AND CART.SEQCARTEIRA IN ( #SELX1_ListChave ) ';

SELECT TAB.EMPRESA 
      , TAB.CARTEIRA 
      , TAB.RESPONSAVEL 
      , TAB.POTENCIAL 
      , TAB.STATUS 
      , TAB.SEQPESSOA 
      , TAB.CLIENTE 
      , TAB.CIDADE
      , MAX(TAB.CTTO) AS CTTO_D 
      , MAX(TAB.VISITA) AS VISITA_D 
      , MAX(TAB.DTAAGENDACTTO) AS DTAAGENDACTTO_D 
      , MAX(TAB.DTAAGENDAEXT) AS DTAAGENDAEXT_D 
      , MAX(TAB.NA_EMPRESA) AS NA_EMPRESA_N 
      , MAX(TAB.NA_CARTEIRA) AS NA_CARTEIRA_N 
      , MAX(TAB.SEGMENTADOS) AS SEGMENTADOS_N
FROM ( 
SELECT EMP.NOMEREDUZIDO AS EMPRESA
     , CART.CARTEIRA
     , USR.NOMEREDUZIDO AS RESPONSAVEL
     , PESC.POTENCIAL
     , CASE PES.STATUS 
            WHEN 'A' THEN 'Ativo'
            WHEN 'P' THEN 'Prospect'
            WHEN 'I' THEN 'Inativo'
            WHEN 'F' THEN 'Falecido'
            WHEN 'S' THEN 'Suspect'
       ELSE 'O' END AS STATUS
     , PES.SEQPESSOA
     , PES.NOMERAZAO AS CLIENTE
     , PES.CIDADE
     , (SELECT MAX(DTAAGENDA) FROM IV_AGENDA AGD
	   WHERE AGD.SEQPESSOA = PESC.SEQPESSOA
	      AND 	AGD.REALIZADA = 'S'
	      
      ,(SELECT MAX(DTAAGENDA) FROM IV_AGENDA AGD
	   WHERE AGD.SEQPESSOA = PESC.SEQPESSOA
	      AND 	AGD.REALIZADA = 'S'
    , ( SELECT COUNT(*)
	FROM IVS_PES P
	   JOIN IVS_CARTEIRA C ON C.SEQCARTEIRA = P.SEQCARTEIRA
	WHERE C.NROEMPRESA = CART.NROEMPRESA ) AS NA_EMPRESA
     , ( SELECT COUNT(*) FROM IVS_PES WHERE SEQCARTEIRA = PESC.SEQCARTEIRA ) AS NA_CARTEIRA
     , ( SELECT COUNT(*) FROM IVS_PES ) AS SEGMENTADOS
  FROM IV_HISTORICO HIST
	JOIN IVS_PES PESC ON PESC.SEQPESSOA = HIST.SEQPESSOA
	JOIN IVS_DEPTO DPTO ON DPTO.SEQDEPTO = PESC.SEQDEPTO
                JOIN IVS_CARTEIRA CART ON CART.SEQCARTEIRA = PESC.SEQCARTEIRA
	JOIN GE_EMPRESA EMP ON EMP.NROEMPRESA = CART.NROEMPRESA
                JOIN GE_USUARIO USR ON USR.SEQUSUARIO = CART.SEQUSRRESP
	JOIN IVS_DEPTORES DPRES 
	    ON DPRES.RESULTADO = HIST.RESULTADO 
	   AND DPRES.SEQDEPTO = PESC.SEQDEPTO

	JOIN IV_RESULTADO RES ON RES.RESULTADO = HIST.RESULTADO
	LEFT JOIN IV_ACAO ACA ON ACA.ACAO = RES.ACAO
                 JOIN GE_PESSOA PES ON PES.SEQPESSOA = HIST.SEQPESSOA
WHERE 1 = 1
  AND HIST.DTAREALIZACAO >= :DT1
  AND HIST.DTAREALIZACAO <= :DT2
  
  AND PES.STATUS IN ( #OPT1_ListChave  )
  #LS2_CMD
  #SELX1_CMD
) TAB 
GROUP BY  TAB.EMPRESA 
      , TAB.CARTEIRA 
      , TAB.RESPONSAVEL 
      , TAB.POTENCIAL 
      , TAB.STATUS 
      , TAB.SEQPESSOA 
      , TAB.CLIENTE 
      , TAB.CIDADE
ORDER BY TAB.EMPRESA 
     , TAB.CARTEIRA 
     , TAB.RESPONSAVEL 
     , TAB.POTENCIAL 
     , TAB.CLIENTE ","JDE_008_Contato_Visita.qrp","1","Microsoft Sans Serif","8","Departamento #LS1, Empresa #LS2, Período #DT1 a #DT2","","0","","","","","","DIEGO.MARQUES","1","1","1","45783730","30/05/2022 22:58:00","","03/01/2025 10:25:46","CRISTIAN.LINCK","50"
"89","COL_001","Gestão de carteira","Índice de Qualificação de Clientes","","SET LS2_CMD = ' AND EMP.NOMEREDUZIDO = :LS2';

SET SELX1_CMD = ' AND CART.SEQCARTEIRA IN ( #SELX1_ListChave ) ';


SELECT 	EMP.NOMEREDUZIDO AS EMPRESA,
	CART.CARTEIRA,
	USR.NOMEREDUZIDO AS RESPONSAVEL,
	PESC.POTENCIAL,
	PES.SEQPESSOA,
	PES.NOMERAZAO, 
              PES.FISICAJURIDICA AS FIS_JUR,
              PES.STATUS AS STATUS,
              PES.CIDADE #vksSql_ConcatHifen  PES.UF AS CIDADE,
	( SELECT MIN ( CPR.CAMPO3 #vksSql_ConcatHifen CPR.CAMPO1  #vksSql_ConcatHifen CAST (CPR.NUMERO4 AS VARCHAR) )
                      FROM IV_CLIENTEPROPR CPR 
                         WHERE CPR.SEQPESSOA = PES.SEQPESSOA
	              AND  CPR.SEQPROPRIEDADE = 9400 )  AS ORIGEM_RECEITA,
	( SELECT COUNT(DISTINCT PAPEL) FROM GE_CONTATOPAPEL CTP
	     WHERE CTP.SEQPESSOA =  PES.SEQPESSOA ) AS CONTATO_PP_N, 
 	SUM (#vksSql_ConcatOwner fva_IntervaloNum ( PROPR.SEQPROPRIEDADE, 9400, 9400, 1, 0 )) AS RECEITA_N , 
 	SUM (#vksSql_ConcatOwner fva_IntervaloNum ( PROPR.SEQPROPRIEDADE, 9402, 9402, PROPR.NUMERO1, 0 )) AS TRATOR_N ,
 	SUM (#vksSql_ConcatOwner fva_IntervaloNum ( PROPR.SEQPROPRIEDADE, 9403, 9403, PROPR.NUMERO1, 0 )) AS COLH_GRAO_N ,
 	SUM (#vksSql_ConcatOwner fva_IntervaloNum ( PROPR.SEQPROPRIEDADE, 9411, 9411, PROPR.NUMERO1, 0 )) AS COLH_CANA_N ,
 	SUM (#vksSql_ConcatOwner fva_IntervaloNum ( PROPR.SEQPROPRIEDADE, 9405, 9405, PROPR.NUMERO1, 0 )) AS PLANTADEIRA_N ,
 	SUM (#vksSql_ConcatOwner fva_IntervaloNum ( PROPR.SEQPROPRIEDADE, 9401, 9411, PROPR.NUMERO1, 0 )) AS FROTA_N ,
	MAX(CASE WHEN HIST1.SEQHISTORICO > 0 THEN 'SIM' ELSE 'NÃO' END)  AS CONHECIDO ,
	MAX(CASE WHEN DPRES.INDCONTATO > 0 THEN HIST.DTAREALIZACAO ELSE NULL END) AS ULT_CONTATO_D , 
	MAX(CASE WHEN DPRES.INDEXTERNO > 0 OR (DPRES.INDEXTFORMACTTO > 0 AND HIST.FORMAPRIMCONT = 'Externo' ) THEN HIST.DTAREALIZACAO ELSE NULL END) AS ULT_VISITA_D /*,
                MAX(R.DESCRICAO) AS ULT_RESULTADO*/
FROM IVS_CARTEIRA CART
	JOIN GE_EMPRESA EMP ON EMP.NROEMPRESA = CART.NROEMPRESA
	JOIN GE_USUARIO USR ON USR.SEQUSUARIO = CART.SEQUSRRESP
	JOIN IVS_PES PESC ON PESC.SEQCARTEIRA = CART.SEQCARTEIRA 
	JOIN IVS_DEPTO DPTO ON DPTO.SEQDEPTO = PESC.SEQDEPTO  
	JOIN GE_PESSOA PES ON PES.SEQPESSOA = PESC.SEQPESSOA 
	LEFT JOIN IV_CLIENTEPROPR PROPR   
                  ON PROPR.SEQPESSOA = PESC.SEQPESSOA
				    AND PROPR.SEQPROPRIEDADE IN ( 9400, 9402, 9403, 9404, 9405, 9406, 9407,9408, 9409, 9410, 9411 ) 
                LEFT JOIN IV_HISTORICO HIST 
	JOIN IVS_DEPTORES DPRES 
	    ON DPRES.RESULTADO = HIST.RESULTADO  
	   AND DPRES.SEQDEPTO = 2
	  AND (( DPRES.INDCONTATO >0 OR DPRES.INDEXTERNO > 0 ) OR ( DPRES.INDEXTFORMACTTO > 0 AND HIST.FORMAPRIMCONT = 'Externo' )) 
             ON HIST.SEQPESSOA = PESC.SEQPESSOA 
           AND HIST.DTAREALIZACAO >= :DT1
           AND HIST.DTAREALIZACAO <= :DT2

                LEFT JOIN IV_HISTORICO HIST1 
	JOIN IVS_DEPTORES DPRES1 
	    ON DPRES1.RESULTADO = HIST1.RESULTADO  
	   AND DPRES1.SEQDEPTO = 2
	  AND (( DPRES1.INDCONTATO >0 OR DPRES1.INDEXTERNO > 0 ) OR ( DPRES1.INDEXTFORMACTTO > 0 AND HIST1.FORMAPRIMCONT = 'Externo' )) 
             ON HIST1.SEQPESSOA = PESC.SEQPESSOA 
           AND HIST1.DTAREALIZACAO >= :DT3

/* Será adicionado após aprovação da consultoria
            LEFT JOIN IV_HISTORICO HIST2 
		JOIN IV_RESULTADO R ON R.RESULTADO = HIST2.RESULTADO
   	 ON HIST2.SEQPESSOA = HIST.SEQPESSOA
	AND HIST2.SEQHISTORICO = ( SELECT MAX(SEQHISTORICO) FROM IV_HISTORICO WHERE SEQPESSOA = HIST.SEQPESSOA ) 
*/
WHERE DPTO.DEPTO = :LS1
  #LS2_CMD
  #SELX1_CMD
  AND PES.STATUS IN ( #OPT1_ListChave  )
GROUP BY  EMP.NOMEREDUZIDO ,
	CART.CARTEIRA,
	USR.NOMEREDUZIDO  ,
              PES.CIDADE, 
              PES.UF ,
	PESC.POTENCIAL,
	PES.SEQPESSOA,
	PES.NOMERAZAO,
              PES.FISICAJURIDICA,
              PES.STATUS 
ORDER BY 1,2,3,4, 6
; ","","1","Microsoft Sans Serif","8","","","0","","","","","","VTCCONS","1","1","1","1","04/04/2015 22:14:00","","04/05/2026 09:59:57","FILIPE.RODRIGUES","85"
"90","JDE_150CAG","Aproveitamento das Oportunidades de Negócio(Analítico) CAGRS","Aproveitamento das Oportunidades de Negócio(Analítico)","","SET DTA = DT1 - 10;
SET DTB = DT2 + 10;
--Deixar apenas a linha de acordo com o banco de dados
--SET LTT = 'De ' + fk_DtaToStrX (DT1) + ' a ' + fk_DtaToStrX (DT2)  ;
SET LS1_CMD = ' AND EMP.NOMEREDUZIDO = :LS1';
SET SELX1_CMD =  'AND PESC.SEQCARTEIRA IN (#SELX1_ListChave )';
SELECT DISTINCT EMP.SIGLA AS EMP 
   , CRT.CARTEIRA  #vksSql_ConcatHifen  RESP.CODUSUARIO AS CEN
   , PRC.PROCESSO AS PROCESSO_N
   , PES.NOMERAZAO AS CLIENTE
   , PRP.CodProduto AS PRODUTO_INTERESSE
   , PDD.DTAPRIMRESULTADO  AS DT_PRIM_RESULT_T
   , CASE WHEN PDD.DTAPRIMRESULTADO < :DT1 THEN 1 ELSE 0 END AS REM_B
   , CASE WHEN PDD.DTAPRIMRESULTADO < :DT1 THEN 0 ELSE 1 END AS NOV_B 
   , #vksSql_Substr (#vksSql_ConcatOwner fIV_GetStatusNaData (PDD.PROCESSO,  :DT2 ), 0, 50) AS STATUS_S
   , #vksSql_ConcatOwner fIV_GetStatusOrdNaData (PDD.PROCESSO,  :DT2 ) AS ORDEM_NH
   , CASE WHEN #vksSql_Nvl (SPEDIDO.DTAMONIT , :DTB ) <= :DT2     THEN 1
          WHEN #vksSql_ConcatOwner fIV_GetStatusOrdNaData (PDD.PROCESSO,  :DT2 ) > 15 THEN 1
          WHEN #vksSql_ConcatOwner fIV_GetStatusNaData (PDD.PROCESSO,  :DT2 ) = 'VENDA PERDIDA'  THEN 1
          WHEN #vksSql_ConcatOwner fIV_GetStatusNaData (PDD.PROCESSO,  :DT2 ) = 'DESISTIU DA COMPRA' THEN 1 
          WHEN #vksSql_ConcatOwner fIV_GetStatusNaData (PDD.PROCESSO,  :DT2 ) = 'CANCELADO' THEN 1 
          ELSE 0
     END AS FIM_B
   , CASE WHEN #vksSql_Nvl (SPEDIDO.DTAMONIT , :DTB ) <= :DT2 
        AND #vksSql_ConcatOwner fIV_GetStatusNaData (PDD.PROCESSO,  :DT2 ) NOT IN ( 'VENDA PERDIDA', 'DESISTIU DA COMPRA' )
          THEN 1
          ELSE 0
     END AS PEDIDO_B  
   , CASE WHEN #vksSql_ConcatOwner fIV_GetStatusNaData (PDD.PROCESSO,  :DT2 ) = 'VENDA PERDIDA'  THEN 1
          WHEN #vksSql_ConcatOwner fIV_GetStatusNaData (PDD.PROCESSO,  :DT2 ) = 'DESISTIU DA COMPRA' THEN 1 
          ELSE 0
     END AS PERDEU_B  
   , CASE WHEN #vksSql_ConcatOwner fIV_GetStatusOrdNaData (PDD.PROCESSO,  :DT2 ) < 10
          THEN 
             PERSP.PERSPECTIVA 
          ELSE '---'
     END  #vksSql_Concat ' '  #vksSql_Concat CAST(PRC.PERSPECTIVA AS VARCHAR) AS PESPECTIVA
   , CASE WHEN #vksSql_ConcatOwner fIV_GetStatusOrdNaData (PDD.PROCESSO,  :DT2 ) < 10
          THEN 
            CASE WHEN PRC.PERSPECTIVA >= 90 THEN 1 ELSE 0 END 
          ELSE 0
     END AS QNT_B
    , CASE WHEN #vksSql_ConcatOwner fIV_GetStatusOrdNaData (PDD.PROCESSO,  :DT2 ) < 10
          THEN 
            CASE WHEN PRC.PERSPECTIVA >= 50 AND PRC.PERSPECTIVA < 90 THEN 1 ELSE 0 END 
          ELSE 0
     END AS MRN_B
    , CASE WHEN #vksSql_ConcatOwner fIV_GetStatusOrdNaData (PDD.PROCESSO,  :DT2 ) < 10
          THEN 
            CASE WHEN #vksSql_Nvl (PRC.PERSPECTIVA, 0) < 50   THEN 1 ELSE 0 END 
          ELSE 0
     END AS FRI_B  
    , CASE WHEN #vksSql_ConcatOwner fIV_GetStatusOrdNaData (PDD.PROCESSO,  :DT2 ) < 10
          THEN   1 
          ELSE 0
     END AS PROXIMO_N 
FROM IV_PROCDADO PDD
     JOIN GE_PESSOA PES ON PES.SEQPESSOA = PDD.SEQPESSOA
     JOIN IVS_PES PESC ON PESC.SEQPESSOA = PDD.SEQPESSOA AND PESC.SEQDEPTO = 2
     JOIN IVS_CARTEIRA CRT ON CRT.SEQCARTEIRA = PESC.SEQCARTEIRA
     JOIN GE_USUARIO RESP ON RESP.SEQUSUARIO = CRT.SEQUSRRESP
     JOIN GE_EMPRESA EMP ON EMP.NROEMPRESA = PDD.NROEMPRESA
     JOIN IV_PROCESSO PRC ON PRC.PROCESSO = PDD.PROCESSO 

LEFT JOIN IV_PROCPRODUTO PRP ON PRP.Processo = PDD.Processo

     LEFT JOIN IV_PROCPERSP PERSP
          ON PERSP.CODPROCESSO = PDD.CODPROCESSO  AND PERSP.PERSPORDEM = PRC.PERSPECTIVA 
     LEFT JOIN ( SELECT PROCESSO, MAX(DTAMONIT) AS DTAMONIT
		FROM IV_PROCSTATMONIT 
	      WHERE STATUS = 'PEDIDO REALIZADO' GROUP BY PROCESSO ) SPEDIDO
	  ON SPEDIDO.PROCESSO = PDD.PROCESSO
WHERE PDD.CODPROCESSO = 7
  AND PDD.DTAPRIMRESULTADO <= :DT2
  AND #vksSql_Nvl (PRC.DTAREALIZACAO, :DT2 ) >= :DT1
  AND #vksSql_Nvl (SPEDIDO.DTAMONIT , :DT1 ) >= :DT1
  AND #vksSql_Nvl (SPEDIDO.DTAMONIT , :DT1 ) <= :DT2
  AND #vksSql_Nvl (#vksSql_ConcatOwner fIV_GetStatusNaData (PDD.PROCESSO,  :DT1 ), 'EM ABERTO') = 'EM ABERTO'
#SELX1_CMD 
#LS1_CMD 
ORDER BY 1,2

","","1","Microsoft Sans Serif","12","","","0","","","","","","VTCCONS","1","0","0","0","23/04/2015 15:09:00","","11/01/2016 09:22:04","JULIANA.PLACIDI","4"
"91","JDE_150AG","Aproveitamento das Oportunidades de Negócio AGRS","Aproveitamento das Oportunidades de Negócio","","SET DTA = DT1 - 10;
SET DTB = DT2 + 10;
SET LS1_CMD = ' AND EMP.NOMEREDUZIDO = :LS1';
SET SELX1_CMD =  'AND PESC.SEQCARTEIRA IN (#SELX1_ListChave )';
  
SELECT ' ' #vksSql_Concat EMP.SIGLA AS EMP_H
   , CRT.CARTEIRA  #vksSql_ConcatHifen RESP.CODUSUARIO AS CEN
   , SUM(CASE WHEN PDD.DTAPRIMRESULTADO < :DT1 THEN 1
          ELSE 0
     END )
         AS REMAN_N
   , SUM(CASE WHEN PDD.DTAPRIMRESULTADO >= :DT1 THEN 1
          ELSE 0
     END )
         AS NOVAS_N
   , COUNT(*) AS OPORT_N   
   
   , SUM(CASE WHEN #vksSql_Nvl (SPEDIDO.DTAMONIT , :DTB ) <= :DT2     THEN 1
          WHEN #vksSql_ConcatOwner fIV_GetStatusOrdNaData (PDD.PROCESSO,  :DT2 ) >= 15 THEN 1
          ELSE 0
     END )
         AS FINAL_N  
   , SUM(CASE WHEN #vksSql_Nvl (SPEDIDO.DTAMONIT , :DTB ) <= :DT2 
	      AND #vksSql_ConcatOwner fIV_GetStatusNaData (PDD.PROCESSO,  :DT2 ) NOT IN ( 'VENDA PERDIDA', 'DESISTIU DA COMPRA', 'CANCELADO'  )
          THEN 1
          ELSE 0
     END )
         AS PEDIDO_N  
   , SUM( CASE WHEN #vksSql_ConcatOwner fIV_GetStatusNaData (PDD.PROCESSO,  :DT2 ) = 'VENDA PERDIDA'  THEN 1
          WHEN #vksSql_ConcatOwner fIV_GetStatusNaData (PDD.PROCESSO,  :DT2 ) = 'DESISTIU DA COMPRA' THEN 1 
          WHEN #vksSql_ConcatOwner fIV_GetStatusNaData (PDD.PROCESSO,  :DT2 ) = 'CANCELADO' THEN 1
          ELSE 0
     END )
         AS PERDEU_N
   , MAX(0) AS TC_P1
   , SUM( CASE WHEN #vksSql_ConcatOwner fIV_GetStatusOrdNaData (PDD.PROCESSO,  :DT2 ) < 10
          THEN 
            CASE WHEN PRC.PERSPECTIVA >= 90 THEN 1 ELSE 0 END 
          ELSE 0
     END )
         AS QUENTES_N
    , SUM(CASE WHEN #vksSql_ConcatOwner fIV_GetStatusOrdNaData (PDD.PROCESSO,  :DT2 ) < 10
          THEN 
            CASE WHEN PRC.PERSPECTIVA >= 50 AND PRC.PERSPECTIVA < 90 THEN 1 ELSE 0 END 
          ELSE 0
     END )
         AS MORNAS_N 
    , SUM(CASE WHEN #vksSql_ConcatOwner fIV_GetStatusOrdNaData (PDD.PROCESSO,  :DT2 ) < 10
          THEN 
            CASE WHEN #vksSql_Nvl (PRC.PERSPECTIVA, 0) < 50   THEN 1 ELSE 0 END 
          ELSE 0
     END )
         AS FRIAS_N   
    , SUM( CASE WHEN #vksSql_ConcatOwner fIV_GetStatusOrdNaData (PDD.PROCESSO,  :DT2 ) < 10
              AND #vksSql_Nvl (SPEDIDO.DTAMONIT , :DTB ) > :DT2
          THEN   1 
          ELSE 0
     END )
         AS PROXIMO_N
    , MAX(DATEDIFF ( DAY, PDD.DTAULTRESULTADO , GETDATE())) AS DIAS_OPORTUNIDADE_N
FROM IV_PROCDADO PDD
     JOIN IVS_PES PESC ON PESC.SEQPESSOA = PDD.SEQPESSOA AND PESC.SEQDEPTO = 2
     JOIN IVS_CARTEIRA CRT ON CRT.SEQCARTEIRA = PESC.SEQCARTEIRA
     JOIN GE_USUARIO RESP ON RESP.SEQUSUARIO = CRT.SEQUSRRESP
     JOIN GE_EMPRESA EMP ON EMP.NROEMPRESA = PDD.NROEMPRESA
     JOIN IV_PROCESSO PRC ON PRC.PROCESSO = PDD.PROCESSO 
     LEFT JOIN ( SELECT PROCESSO, MAX(DTAMONIT) AS DTAMONIT
		FROM IV_PROCSTATMONIT 
	      WHERE STATUS = 'PEDIDO REALIZADO' GROUP BY PROCESSO ) SPEDIDO
	  ON SPEDIDO.PROCESSO = PDD.PROCESSO
WHERE PDD.CODPROCESSO = 7
  AND PDD.DTAPRIMRESULTADO <= :DT2
  AND  #vksSql_Nvl (PRC.DTAREALIZACAO, :DT2 ) >= :DT1
  AND #vksSql_Nvl (SPEDIDO.DTAMONIT , :DT1 ) >= :DT1
  AND #vksSql_Nvl (SPEDIDO.DTAMONIT , :DT1 ) <= :DT2
  AND #vksSql_Nvl (#vksSql_ConcatOwner fIV_GetStatusNaData (PDD.PROCESSO,  :DT1 ), 'EM ABERTO') = 'EM ABERTO'
#LS1_CMD
#SELX1_CMD 
GROUP BY ' ' #vksSql_Concat EMP.SIGLA
   , CRT.CARTEIRA #vksSql_ConcatHifen RESP.CODUSUARIO
UNION 
SELECT  ' ' #vksSql_Concat EMP.SIGLA AS EMP
   , ' ' #vksSql_Concat EMP.SIGLA AS CEN
   , SUM(CASE WHEN PDD.DTAPRIMRESULTADO < :DT1 THEN 1
          ELSE 0
     END )
         AS REMAN_N
   , SUM(CASE WHEN PDD.DTAPRIMRESULTADO >= :DT1 THEN 1
          ELSE 0
     END )
         AS NOVAS_N
   , COUNT(*) AS OPORT_N   
   
   , SUM(CASE WHEN #vksSql_Nvl (SPEDIDO.DTAMONIT , :DTB ) <= :DT2     THEN 1
          WHEN #vksSql_ConcatOwner fIV_GetStatusOrdNaData (PDD.PROCESSO,  :DT2 ) > 10 THEN 1
          WHEN #vksSql_ConcatOwner fIV_GetStatusNaData (PDD.PROCESSO,  :DT2 ) = 'VENDA PERDIDA'  THEN 1
          WHEN #vksSql_ConcatOwner fIV_GetStatusNaData (PDD.PROCESSO,  :DT2 ) = 'DESISTIU DA COMPRA' THEN 1 
          WHEN #vksSql_ConcatOwner fIV_GetStatusNaData (PDD.PROCESSO,  :DT2 ) = 'CANCELADO' THEN 1 
          ELSE 0
     END )
         AS FINAL_N  
   , SUM(CASE WHEN #vksSql_Nvl (SPEDIDO.DTAMONIT , :DTB ) <= :DT2 
	      AND #vksSql_ConcatOwner fIV_GetStatusNaData (PDD.PROCESSO,  :DT2 ) NOT IN ( 'VENDA PERDIDA', 'DESISTIU DA COMPRA', 'CANCELADO'  )
          THEN 1
          ELSE 0
     END )
         AS SUCESSO_N  
   , SUM( CASE WHEN #vksSql_ConcatOwner fIV_GetStatusNaData (PDD.PROCESSO,  :DT2 ) = 'VENDA PERDIDA'  THEN 1
          WHEN #vksSql_ConcatOwner fIV_GetStatusNaData (PDD.PROCESSO,  :DT2 ) = 'DESISTIU DA COMPRA' THEN 1 
          WHEN #vksSql_ConcatOwner fIV_GetStatusNaData (PDD.PROCESSO,  :DT2 ) = 'CANCELADO' THEN 1
          ELSE 0
     END )
         AS VEND_PERD_N
   , MAX(0) AS TC_N1
   , SUM( CASE WHEN #vksSql_ConcatOwner fIV_GetStatusOrdNaData (PDD.PROCESSO,  :DT2 ) < 10
          THEN 
            CASE WHEN PRC.PERSPECTIVA >= 90 THEN 1 ELSE 0 END 
          ELSE 0
     END )
         AS QUENTES_N
    , SUM(CASE WHEN #vksSql_ConcatOwner fIV_GetStatusOrdNaData (PDD.PROCESSO,  :DT2 ) < 10
          THEN 
            CASE WHEN PRC.PERSPECTIVA >= 50 AND PRC.PERSPECTIVA < 90 THEN 1 ELSE 0 END 
          ELSE 0
     END )
         AS MORNAS_N 
    , SUM(CASE WHEN #vksSql_ConcatOwner fIV_GetStatusOrdNaData (PDD.PROCESSO,  :DT2 ) < 10
          THEN 
            CASE WHEN #vksSql_Nvl (PRC.PERSPECTIVA, 0) < 50   THEN 1 ELSE 0 END 
          ELSE 0
     END )
         AS FRIAS_N   
    , SUM( CASE WHEN #vksSql_ConcatOwner fIV_GetStatusOrdNaData (PDD.PROCESSO,  :DT2 ) < 10
              AND #vksSql_Nvl (SPEDIDO.DTAMONIT , :DTB ) > :DT2
          THEN   1 
          ELSE 0
     END )
         AS PROXIMO_N 
    , MAX(DATEDIFF ( DAY, PDD.DTAULTRESULTADO , GETDATE())) AS DIAS_OPORTUNIDADE_N
FROM IV_PROCDADO PDD
     JOIN IVS_PES PESC ON PESC.SEQPESSOA = PDD.SEQPESSOA AND PESC.SEQDEPTO = 2
     JOIN IVS_CARTEIRA CRT ON CRT.SEQCARTEIRA = PESC.SEQCARTEIRA
     JOIN GE_USUARIO RESP ON RESP.SEQUSUARIO = CRT.SEQUSRRESP
     JOIN GE_EMPRESA EMP ON EMP.NROEMPRESA = PDD.NROEMPRESA
     JOIN IV_PROCESSO PRC ON PRC.PROCESSO = PDD.PROCESSO 
     LEFT JOIN ( SELECT PROCESSO, MAX(DTAMONIT) AS DTAMONIT
		FROM IV_PROCSTATMONIT 
	      WHERE STATUS = 'PEDIDO REALIZADO' GROUP BY PROCESSO ) SPEDIDO
	  ON SPEDIDO.PROCESSO = PDD.PROCESSO
WHERE PDD.CODPROCESSO = 7
  AND PDD.DTAPRIMRESULTADO <= :DT2
  AND #vksSql_Nvl (PRC.DTAREALIZACAO, :DT2 ) >= :DT1
  AND #vksSql_Nvl (SPEDIDO.DTAMONIT , :DT1 ) >= :DT1
  AND #vksSql_Nvl (SPEDIDO.DTAMONIT , :DT1 ) <= :DT2
  AND #vksSql_Nvl (#vksSql_ConcatOwner fIV_GetStatusNaData (PDD.PROCESSO,  :DT1 ), 'EM ABERTO') = 'EM ABERTO'
#LS1_CMD
#SELX1_CMD 
GROUP BY ' ' #vksSql_Concat EMP.SIGLA
   , ' ' #vksSql_Concat EMP.SIGLA
UNION
SELECT  '* TOTAL *' AS EMP
   , '* TOTAL *'   AS CEN
   , SUM(CASE WHEN PDD.DTAPRIMRESULTADO < :DT1 THEN 1
          ELSE 0
     END )
         AS REMAN_N
   , SUM(CASE WHEN PDD.DTAPRIMRESULTADO >= :DT1 THEN 1
          ELSE 0
     END )
         AS NOVAS_N
   , COUNT(*) AS OPORT_N   
   
   , SUM(CASE WHEN #vksSql_Nvl (SPEDIDO.DTAMONIT , :DTB ) <= :DT2     THEN 1
          WHEN #vksSql_ConcatOwner fIV_GetStatusOrdNaData (PDD.PROCESSO,  :DT2 ) > 10 THEN 1
          WHEN #vksSql_ConcatOwner fIV_GetStatusNaData (PDD.PROCESSO,  :DT2 ) = 'VENDA PERDIDA'  THEN 1
          WHEN #vksSql_ConcatOwner fIV_GetStatusNaData (PDD.PROCESSO,  :DT2 ) = 'DESISTIU DA COMPRA' THEN 1 
          WHEN #vksSql_ConcatOwner fIV_GetStatusNaData (PDD.PROCESSO,  :DT2 ) = 'CANCELADO' THEN 1 
          ELSE 0
     END )
         AS FINAL_N  
   , SUM(CASE WHEN #vksSql_Nvl (SPEDIDO.DTAMONIT , :DTB ) <= :DT2 
	      AND #vksSql_ConcatOwner fIV_GetStatusNaData (PDD.PROCESSO,  :DT2 ) NOT IN ( 'VENDA PERDIDA', 'DESISTIU DA COMPRA', 'CANCELADO'  )
          THEN 1
          ELSE 0
     END )
         AS SUCESSO_N 
   , SUM( CASE WHEN #vksSql_ConcatOwner fIV_GetStatusNaData (PDD.PROCESSO,  :DT2 ) = 'VENDA PERDIDA'  THEN 1
          WHEN #vksSql_ConcatOwner fIV_GetStatusNaData (PDD.PROCESSO,  :DT2 ) = 'DESISTIU DA COMPRA' THEN 1 
          WHEN #vksSql_ConcatOwner fIV_GetStatusNaData (PDD.PROCESSO,  :DT2 ) = 'CANCELADO' THEN 1
          ELSE 0
     END )
         AS VEND_PERD_N 
   , MAX(0) AS TC_N1
   , SUM( CASE WHEN #vksSql_ConcatOwner fIV_GetStatusOrdNaData (PDD.PROCESSO,  :DT2 ) < 10
          THEN 
            CASE WHEN PRC.PERSPECTIVA >= 90 THEN 1 ELSE 0 END 
          ELSE 0
     END )
         AS QUENTES_N
    , SUM(CASE WHEN #vksSql_ConcatOwner fIV_GetStatusOrdNaData (PDD.PROCESSO,  :DT2 ) < 10
          THEN 
            CASE WHEN PRC.PERSPECTIVA >= 50 AND PRC.PERSPECTIVA < 90 THEN 1 ELSE 0 END 
          ELSE 0
     END )
         AS MORNAS_N 
    , SUM(CASE WHEN #vksSql_ConcatOwner fIV_GetStatusOrdNaData (PDD.PROCESSO,  :DT2 ) < 10
          THEN 
            CASE WHEN #vksSql_Nvl (PRC.PERSPECTIVA, 0) < 50   THEN 1 ELSE 0 END 
          ELSE 0
     END )
         AS FRIAS_N   
    , SUM( CASE WHEN #vksSql_ConcatOwner fIV_GetStatusOrdNaData (PDD.PROCESSO,  :DT2 ) < 10
              AND #vksSql_Nvl (SPEDIDO.DTAMONIT , :DTB ) > :DT2
          THEN   1 
          ELSE 0
     END )
         AS PROXIMO_N 
    , MAX(DATEDIFF ( DAY, PDD.DTAULTRESULTADO , GETDATE())) AS DIAS_OPORTUNIDADE_N
FROM IV_PROCDADO PDD
     JOIN IVS_PES PESC ON PESC.SEQPESSOA = PDD.SEQPESSOA AND PESC.SEQDEPTO = 2
     JOIN IVS_CARTEIRA CRT ON CRT.SEQCARTEIRA = PESC.SEQCARTEIRA
     JOIN GE_USUARIO RESP ON RESP.SEQUSUARIO = CRT.SEQUSRRESP
     JOIN GE_EMPRESA EMP ON EMP.NROEMPRESA = PDD.NROEMPRESA
     JOIN IV_PROCESSO PRC ON PRC.PROCESSO = PDD.PROCESSO 
     LEFT JOIN ( SELECT PROCESSO, MAX(DTAMONIT) AS DTAMONIT
		FROM IV_PROCSTATMONIT 
	      WHERE STATUS = 'PEDIDO REALIZADO' GROUP BY PROCESSO ) SPEDIDO
	  ON SPEDIDO.PROCESSO = PDD.PROCESSO
WHERE PDD.CODPROCESSO = 7
  AND PDD.DTAPRIMRESULTADO <= :DT2
  AND #vksSql_Nvl (PRC.DTAREALIZACAO, :DT2 ) >= :DT1
  AND #vksSql_Nvl (SPEDIDO.DTAMONIT , :DT1 ) >= :DT1
  AND #vksSql_Nvl (SPEDIDO.DTAMONIT , :DT1 ) <= :DT2
  AND #vksSql_Nvl (#vksSql_ConcatOwner fIV_GetStatusNaData (PDD.PROCESSO,  :DT1 ), 'EM ABERTO') = 'EM ABERTO'
#LS1_CMD
#SELX1_CMD 
ORDER BY 1,2
","","1","Microsoft Sans Serif","12","","","0","","","","","","VTCCONS","1","0","0","0","23/04/2015 14:22:00","","","",""
"92","COL_002","Análise de clientes prospects com telefone","Análise clientes prospects","","SELECT PES.SEQPESSOA
     , PES.NOMERAZAO AS CLIENTE
     , PES.STATUS
     , PES.LOGRADOURO
     , PES.BAIRRO
     , PES.CIDADE
     , PES.NROLOGRADOURO AS NUMERO
     , PES.CEP
     , PES.UF AS ESTADO
     , PES.FONENRO1 AS FONENRO1_PES
     , PES.FONENRO2 AS FONENRO2_PES
     , PES.FONENRO3 AS FONENRO3_PES
     , PES.EMAIL AS EMAIL_PES

     , ( SELECT CONTATO FROM GE_CONTATO WHERE SEQPESSOA = PES.SEQPESSOA AND SEQCONTATO = 1 ) AS NOME_CTTO1
     , ( SELECT FONENRO1 FROM GE_CONTATO WHERE SEQPESSOA = PES.SEQPESSOA AND SEQCONTATO = 1 ) AS FONENRO1_CTTO1
     , ( SELECT FONENRO2 FROM GE_CONTATO WHERE SEQPESSOA = PES.SEQPESSOA AND SEQCONTATO = 1 ) AS FONENRO2_CTTO1
     , ( SELECT EMAIL FROM GE_CONTATO WHERE SEQPESSOA = PES.SEQPESSOA AND SEQCONTATO = 1 ) AS EMAIL_CTTO1

     , ( SELECT CONTATO FROM GE_CONTATO WHERE SEQPESSOA = PES.SEQPESSOA AND SEQCONTATO = 2 ) AS NOME_CTTO2
     , ( SELECT FONENRO1 FROM GE_CONTATO WHERE SEQPESSOA = PES.SEQPESSOA AND SEQCONTATO = 2 ) AS FONENRO1_CTTO2
     , ( SELECT FONENRO2 FROM GE_CONTATO WHERE SEQPESSOA = PES.SEQPESSOA AND SEQCONTATO = 2 ) AS FONENRO2_CTTO2
     , ( SELECT EMAIL FROM GE_CONTATO WHERE SEQPESSOA = PES.SEQPESSOA AND SEQCONTATO = 2 ) AS EMAIL_CTTO2

     , ( SELECT CONTATO FROM GE_CONTATO WHERE SEQPESSOA = PES.SEQPESSOA AND SEQCONTATO = 3 ) AS NOME_CTTO3
     , ( SELECT FONENRO1 FROM GE_CONTATO WHERE SEQPESSOA = PES.SEQPESSOA AND SEQCONTATO = 3 ) AS FONENRO1_CTTO3
     , ( SELECT FONENRO2 FROM GE_CONTATO WHERE SEQPESSOA = PES.SEQPESSOA AND SEQCONTATO = 3 ) AS FONENRO2_CTTO3
     , ( SELECT EMAIL FROM GE_CONTATO WHERE SEQPESSOA = PES.SEQPESSOA AND SEQCONTATO = 3 ) AS EMAIL_CTTO3

     , ( SELECT ISNULL(MAX(CASE UPPER(REFERENCIA) WHEN 'JOHN DEERE' THEN 1 ELSE 0 END), 0)
	FROM IV_CLIENTEPROPR 
             WHERE SEQPESSOA = PES.SEQPESSOA 
               AND SEQPROPRIEDADE NOT IN ( 9400, 9404 ) ) AS FROTA_JDEERE
  FROM GE_PESSOA PES
WHERE 1 = 1
  AND PES.STATUS = 'P'
  AND (    (
	EXISTS (
 	 SELECT 1
	    FROM GE_PESSOA PES1
	 WHERE PES1.SEQPESSOA = PES.SEQPESSOA
	AND ( PES1.FONENRO1 > 0
		OR
		PES1.FONENRO2 > 0
		OR 
		PES1.FONENRO3 > 0 )
	) OR
   	EXISTS (
	 SELECT 1
	   FROM GE_CONTATO CTTO1
	WHERE CTTO1.SEQPESSOA = PES.SEQPESSOA
	AND ( CTTO1.FONENRO1 > 0
		OR
		CTTO1.FONENRO2 > 0 )
     )
    ))

ORDER BY PES.SEQPESSOA;","","1","Microsoft Sans Serif","8","","","","","","","","","VTCCONS","1","","","","25/05/2015 16:52:00","","","",""
"93","COL_003","Informações de clientes para Call Center","Informações de clientes para Call Center","","
SELECT PES.SEQPESSOA
     , PES.NOMERAZAO AS CLIENTE
     , dbo.fva_CGCCPFFormat (PES.NROCGCCPF, PES.DIGCGCCPF, PES.FISICAJURIDICA ) AS CGCCPF
     , CASE PES.STATUS
	WHEN 'A' THEN 'Ativo'
	WHEN 'P' THEN 'Prospect'
	WHEN 'S' THEN 'Suspect'
	WHEN 'I' THEN 'Inativo'
	WHEN 'F' THEN 'Falecido'
       ELSE 'Outros'
	END AS STATUS
     , PESC.POTENCIAL
     , PES.LOGRADOURO
     , PES.BAIRRO
     , PES.CIDADE
     , PES.NROLOGRADOURO AS NUMERO
     , PES.CEP
     , PES.UF AS ESTADO
     , PES.FONEDDD1
     , PES.FONENRO1 AS FONENRO1_PES
     , PES.FONEDDD2
     , PES.FONENRO2 AS FONENRO2_PES
     , PES.FONEDDD3
     , PES.FONENRO3 AS FONENRO3_PES
     , PES.EMAIL AS EMAIL_PES

     , ( SELECT CONTATO FROM GE_CONTATO WHERE SEQPESSOA = PES.SEQPESSOA AND SEQCONTATO = 1 ) AS NOME_CTTO1
     , ( SELECT FONEDDD1 FROM GE_CONTATO WHERE SEQPESSOA = PES.SEQPESSOA AND SEQCONTATO = 1 ) AS FONEDDD1_CTTO1
     , ( SELECT FONENRO1 FROM GE_CONTATO WHERE SEQPESSOA = PES.SEQPESSOA AND SEQCONTATO = 1 ) AS FONENRO1_CTTO1
     , ( SELECT FONEDDD2 FROM GE_CONTATO WHERE SEQPESSOA = PES.SEQPESSOA AND SEQCONTATO = 1 ) AS FONEDDD2_CTTO1
     , ( SELECT FONENRO2 FROM GE_CONTATO WHERE SEQPESSOA = PES.SEQPESSOA AND SEQCONTATO = 1 ) AS FONENRO2_CTTO1
     , ( SELECT EMAIL FROM GE_CONTATO WHERE SEQPESSOA = PES.SEQPESSOA AND SEQCONTATO = 1 ) AS EMAIL_CTTO1

     , ( SELECT CONTATO FROM GE_CONTATO WHERE SEQPESSOA = PES.SEQPESSOA AND SEQCONTATO = 2 ) AS NOME_CTTO2
     , ( SELECT FONEDDD1 FROM GE_CONTATO WHERE SEQPESSOA = PES.SEQPESSOA AND SEQCONTATO = 2 ) AS FONEDDD1_CTTO2
     , ( SELECT FONENRO1 FROM GE_CONTATO WHERE SEQPESSOA = PES.SEQPESSOA AND SEQCONTATO = 2 ) AS FONENRO1_CTTO2
     , ( SELECT FONEDDD2 FROM GE_CONTATO WHERE SEQPESSOA = PES.SEQPESSOA AND SEQCONTATO = 2 ) AS FONEDDD2_CTTO2
     , ( SELECT FONENRO2 FROM GE_CONTATO WHERE SEQPESSOA = PES.SEQPESSOA AND SEQCONTATO = 2 ) AS FONENRO2_CTTO2
     , ( SELECT EMAIL FROM GE_CONTATO WHERE SEQPESSOA = PES.SEQPESSOA AND SEQCONTATO = 2 ) AS EMAIL_CTTO2

     , ( SELECT CONTATO FROM GE_CONTATO WHERE SEQPESSOA = PES.SEQPESSOA AND SEQCONTATO = 3 ) AS NOME_CTTO3
     , ( SELECT FONEDDD1 FROM GE_CONTATO WHERE SEQPESSOA = PES.SEQPESSOA AND SEQCONTATO = 3 ) AS FONEDDD1_CTTO3
     , ( SELECT FONENRO1 FROM GE_CONTATO WHERE SEQPESSOA = PES.SEQPESSOA AND SEQCONTATO = 3 ) AS FONENRO1_CTTO3
     , ( SELECT FONEDDD2 FROM GE_CONTATO WHERE SEQPESSOA = PES.SEQPESSOA AND SEQCONTATO = 3 ) AS FONEDDD2_CTTO3
     , ( SELECT FONENRO2 FROM GE_CONTATO WHERE SEQPESSOA = PES.SEQPESSOA AND SEQCONTATO = 3 ) AS FONENRO2_CTTO3
     , ( SELECT EMAIL FROM GE_CONTATO WHERE SEQPESSOA = PES.SEQPESSOA AND SEQCONTATO = 3 ) AS EMAIL_CTTO3

    , ( SELECT ISNULL(MAX(1), 0) FROM IV_HISTORICO WHERE SEQPESSOA = PES.SEQPESSOA ) AS HISTORICO
    , ( SELECT ISNULL(MAX(1), 0) FROM IV_AGENDA WHERE SEQPESSOA = PES.SEQPESSOA ) AS AGENDA

     , ( SELECT ISNULL(MAX(CASE UPPER(REFERENCIA) WHEN 'JOHN DEERE' THEN 1 ELSE 0 END), 0)
	FROM IV_CLIENTEPROPR 
             WHERE SEQPESSOA = PES.SEQPESSOA 
               AND SEQPROPRIEDADE NOT IN ( 9400, 9404 ) ) AS FROTA_JDEERE
  FROM GE_PESSOA PES
      JOIN IVS_PES PESC ON PESC.SEQPESSOA = PES.SEQPESSOA AND PESC.SeqDepto = 2
WHERE 1 = 1

/*  AND (    (
	EXISTS (
 	 SELECT 1
	    FROM GE_PESSOA PES1
	 WHERE PES1.SEQPESSOA = PES.SEQPESSOA
	AND ( PES1.FONENRO1 > 0
		OR
		PES1.FONENRO2 > 0
		OR 
		PES1.FONENRO3 > 0 )
	) OR
   	EXISTS (
	 SELECT 1
	   FROM GE_CONTATO CTTO1
	WHERE CTTO1.SEQPESSOA = PES.SEQPESSOA
	AND ( CTTO1.FONENRO1 > 0
		OR
		CTTO1.FONENRO2 > 0 )
     )
    ))
*/
ORDER BY PES.SEQPESSOA;","","1","Microsoft Sans Serif","8","","","","","","","","","VTCCONS","1","","","","05/06/2015 15:24:00","","","",""
"94","JDE_112","Analise Financeira Implemento","Análise da Carteira de Pedidos","","SET LS2_CMD = ' AND EMP.NOMEREDUZIDO = :LS2';
SET LS3_CMD = ' AND ACV.TIP_IMPLEMENTO  = :LS3';
SET LS4_CMD = ' AND HST.VENDEDOR = :LS4';
SET LTB = fk_StrTranslateSep (""0"",""AND PST.STATUSORDEM < 50"",SN2_X,""~"");
SELECT  	CART.CARTEIRA AS REGIAO,           
	ACV.TIP_IMPLEMENTO AS TIPO_IMPLEMENTO,
	PRC.STATUS AS STATUS,  
                PDD.DTAULTRESULTADO AS DTA_ULT_ANDAMENTO_D,
                ACV.DATA_PREV_FATURAM AS DTA_PREV_FAT_D,
                case when month(ACV.DATA_PREV_FATURAM) = '1' then 'Janeiro'
                         when month(ACV.DATA_PREV_FATURAM) = '2' then 'Fevereiro'
                         when month(ACV.DATA_PREV_FATURAM) = '3' then 'Março'                         
                         when month(ACV.DATA_PREV_FATURAM) = '4' then 'Abril'
                         when month(ACV.DATA_PREV_FATURAM) = '5' then 'Maio'
                         when month(ACV.DATA_PREV_FATURAM) = '6' then 'Junho'
                         when month(ACV.DATA_PREV_FATURAM) = '7' then 'Julho'
                         when month(ACV.DATA_PREV_FATURAM) = '8' then 'Agosto'
                         when month(ACV.DATA_PREV_FATURAM) = '9' then 'Setembro'
                         when month(ACV.DATA_PREV_FATURAM) = '10' then 'Outubro'
                         when month(ACV.DATA_PREV_FATURAM) = '11' then 'Novembro'
                         when month(ACV.DATA_PREV_FATURAM ) = '12' then 'Dezembro'
                end AS MES_PREV_FAT,
                ACV.MARCA_IMPLEMENTO AS MARCA,
	ACV.MODELO_IMPLEMENTO AS MODELO,
/*                ACV.TIPO_IMPLEMENTO AS TIPO_IMPLEMENTO,         */
                ACV.NUM_CHASSI_IMPL AS CHASSI ,
                PES.NOMERAZAO AS CLIENTE,
                DBO.FVA_CGCCPFFORMAT (PES.NROCGCCPF, PES.DIGCGCCPF, PES.FISICAJURIDICA) AS CNPJ_CPF_CLIENTE,            
                DBO.fva_dinheiro(ACV.VALOR_TOTAL_IMPLEM ) AS VLR_TOTAL,
  	HST.VENDEDOR AS CEN,
                PRC.Processo AS NRO_PROCESSO,               
                ACV.NUM_PED_VENDA AS NRO_PEDIDO,
                ACV.DTA_PEDIDO AS DATA_PEDIDO_D,
	ACV.TIPO_PAGTO_IMPL AS FORMA_PGTO,
                 isnull(ACV.INST_FINANC , 'Não Informado') AS FINANCEIRA,
                ACV.AGENCIA_BANC AS AGENCIA,
                ACV.NUMERO_AGENCIA AS NRO_AGENCIA,																
                ACV.TEL_AGENCIA_BANCO AS TEL_AGENCIA,    
                ACV.NOME_GER_BANCO AS NOME_GERENTE,
                PES.FONEDDD1 #vksSql_ConcatHifen rtrim(convert(char,PES.FONENRO1)) AS TEL_CLIENTE,
                PDD.CAMPANHA AS CAMPANHA,             
                ACV.NRO_DO_PAC AS NRO_PAC,
               (SELECT MAX (PST.DTAMONIT)
                          FROM IV_PROCSTATMONIT PST
                                WHERE PST.PROCESSO = PRC.PROCESSO
                                 AND PST.STATUS = 'PAC EMITIDO') AS DATA_PAC_D,
               ACV.NUMERO_NOTAFISCAL AS NRO_NF,
               (SELECT MAX (PST.DTAMONIT)
                          FROM IV_PROCSTATMONIT PST
                                WHERE PST.PROCESSO = PRC.PROCESSO
                                 AND PST.STATUS = 'FATURADO') AS DATA_FAT_D,
               (SELECT MAX (PST.DTAMONIT)
                          FROM IV_PROCSTATMONIT PST
                                WHERE PST.PROCESSO = PRC.PROCESSO
                                 AND PST.STATUS = 'ENTREGUE') AS DATA_ENTREGA_D,
                DBO.fva_dinheiro(ACV.VALOR_SINAL_IMPL ) AS REC_PROPRIO,
                DBO.fva_dinheiro(ACV.VALOR_FINAN_IMPL ) AS REC_BANCO,        
               ' ' AS HISTORICO_PG,
               (SELECT MAX (PST.DTAMONIT)
                          FROM IV_PROCSTATMONIT PST
                                WHERE PST.PROCESSO = PRC.PROCESSO
                                 AND PST.STATUS = 'RECEBIDO FINANC') AS STATUS_PGTO_D,                  
               year(ACV.DTAREALIZACAO) AS ANO,
                HST.DETALHE as ULT_HIST_L
FROM IV_PROCESSO PRC
    JOIN IV_PROCST PST ON PST.STATUS = PRC.STATUS 
    JOIN IV_PROCDADO PDD ON PDD.PROCESSO = PRC.PROCESSO
                AND PDD.CODPROCESSO = PST.CODPROCESSO
    JOIN IV_HISTORICO HST ON HST.PROCESSO = PDD.PROCESSO
    JOIN GE_EMPRESA EMP ON EMP.NROEMPRESA = PDD.NROEMPRESA
    JOIN GE_PESSOA PES ON PES.SEQPESSOA = PDD.SEQPESSOA
    JOIN IV_Q$ACOMPANHAM_VENDA_IMP ACV ON ACV.PROCESSO = PRC.PROCESSO
    JOIN IVS_PES IVP
	    JOIN IVS_CARTEIRA CART 
                      ON CART.SEQCARTEIRA = IVP.SEQCARTEIRA           
              	    JOIN GE_USUARIO RESP ON RESP.SEQUSUARIO = CART.SEQUSRRESP
	ON IVP.SEQPESSOA = PDD.SEQPESSOA
 	AND IVP.SEQDEPTO = 2
WHERE PDD.CODPROCESSO = 8
  AND  ACV.INST_FINANC IN  (SELECT LITERAL1 FROM IV_GLOBALPAR WHERE SEQGLBPAR = 9415 AND SEQPAR IN ( #OPT1_ListChave ))
  AND HST.SEQHISTORICO = (SELECT MAX (SEQHISTORICO) FROM IV_HISTORICO WHERE  PROCESSO = HST.PROCESSO)
  AND ( ACV.DATA_PREV_FATURAM IS NULL
           OR ( ACV.DATA_PREV_FATURAM >= :DT1 AND ACV.DATA_PREV_FATURAM <= :DT2 )
           ) 
  AND PST.STATUS IN ( #SELX1_ListChave )
#LS1_CMD 
#LS2_CMD 
#LS3_CMD 
#LS4_CMD
ORDER BY 1,2,3,4,5,10,11,12
;
","","1","Microsoft Sans Serif","8","Fat. prev entre #DT1 e #DT2","","0","","","","","","VTCCONS","1","0","0","1","25/06/2015 20:31:00","","17/10/2019 17:15:46","VANESSA.ALVES","13"
"95","FRM_002A","Formulário Acompanhamento de vendas implemento (novo)","Formulário Acompanhamento de vendas","","SELECT CASE WHEN LEN(:LT1) = 1 THEN '' ELSE ' AND ACV.NUM_CHASSI_IMPL = :LT1' END INTO :LTA FROM DUAL;

SELECT CASE WHEN LEN(:LT2) = 1 THEN '' ELSE ' AND ACV.PROCESSO = :LT2' END INTO :LTB FROM DUAL;


SELECT CASE :LS1
      WHEN 'ABERTO' THEN 'AND NOT EXISTS ( SELECT 1 FROM IV_HISTORICO WHERE PROCESSO = ACV.PROCESSO AND RESULTADO IN ( 850, 327, 330, 2063, 319, 1072, 360,359, 311, 302, 303, 308, 1141,146,1334,1060))' 
      WHEN 'FATURADO' THEN 'AND EXISTS ( SELECT 1 FROM IV_HISTORICO WHERE PROCESSO = ACV.PROCESSO AND RESULTADO IN ( 330, 328, 329,2063) )'
  ELSE '' 
END INTO :LTE FROM DUAL;

SELECT  	ACV.USUINCLUSAO,
                ACV.DtaRealizacao AS DTAREALIZACAO_D,
                ACV.PROCESSO,
	ACV.TIP_IMPLEMENTO,
	ACV.MARCA_IMPLEMENTO ,
	ACV.MODELO_IMPLEMENTO ,
	ACV.NUM_PED_VENDA ,	
                ACV.INFO_AGREGA_DESAGREG AS AGREGA_L,
	ACV.NUM_CHASSI_IMPL ,
	ACV.PROBAB_APR_CREDITO ,
	ACV.NRO_DO_PAC,
	ACV.NRO_CONTRATO ,
	ACV.DATA_PREV_FATURAM AS DTA_PREVFAT_D,
	ACV.NUMERO_NOTAFISCAL ,
                ACV.DATA_COMBINADA_CLIEN AS DTA_COMBINADA_D,
       	ACV.DESCR_DET_DIMENS AS OBSERVACAO_L,
  ACV.VALOR_TOTAL_IMPLEM,
               PES.SEQPESSOA,
                PES.NOMERAZAO
  FROM IV_Q$ACOMPANHAM_VENDA_IMP ACV
     JOIN GE_PESSOA PES ON PES.SEQPESSOA = ACV.SEQPESSOA
WHERE ACV.DTAREALIZACAO >= :DT1 AND ACV.DTAREALIZACAO <= :DT2
#LTA
#LTB
#LTE","FRM_002A_Formulário Acompanhamento de implemento.qrp","1","Microsoft Sans Serif","8","","","0","","","","","","DIEGO.MARQUES","1","0","0","0","27/10/2021 23:21:00","","24/04/2026 14:29:12","NETO.PRADO","131"
"96","COL_020","Distribuição das carteiras","Distribuição das carteiras","","
SELECT CASE WHEN ISNULL(CAR.CARTEIRA,'@')='@' 
            THEN '<sem carteira>' 
            ELSE CAR.CARTEIRA END AS CARTEIRA, 
       USU.CODUSUARIO AS USR_RESPONSAVEL,
       COUNT ( CASE PES.STATUS WHEN 'A' THEN 1 ELSE NULL END ) AS ATIVO,
       COUNT ( CASE WHEN IVP.POTENCIAL = 'A' AND PES.STATUS = 'A' THEN 1 ELSE NULL END ) AS ATIVO_POTA,
       COUNT ( CASE WHEN IVP.POTENCIAL = 'B' AND PES.STATUS = 'A' THEN 1 ELSE NULL END ) AS ATIVO_POTB,
       COUNT ( CASE WHEN IVP.POTENCIAL = 'C' AND PES.STATUS = 'A' THEN 1 ELSE NULL END ) AS ATIVO_POTC,
       COUNT ( CASE WHEN IVP.POTENCIAL = 'D' AND PES.STATUS = 'A' THEN 1 ELSE NULL END ) AS ATIVO_POTD,
       COUNT ( CASE WHEN IVP.POTENCIAL = 'Z' AND PES.STATUS = 'A' THEN 1 ELSE NULL END ) AS ATIVO_POTZ,
       COUNT ( CASE WHEN ISNULL(IVP.POTENCIAL, '@')  = '@' AND PES.STATUS = 'A' THEN 1 ELSE NULL END ) AS ATIVO_SEMPOT,
       COUNT ( CASE PES.STATUS WHEN 'P' THEN 1 ELSE NULL END ) AS PROSPECT,
       COUNT ( CASE WHEN IVP.POTENCIAL = 'A' AND PES.STATUS = 'P' THEN 1 ELSE NULL END ) AS PROSPECT_POTA,
       COUNT ( CASE WHEN IVP.POTENCIAL = 'B' AND PES.STATUS = 'P' THEN 1 ELSE NULL END ) AS PROSPECT_POTB,
       COUNT ( CASE WHEN IVP.POTENCIAL = 'C' AND PES.STATUS = 'P' THEN 1 ELSE NULL END ) AS PROSPECT_POTC,
       COUNT ( CASE WHEN IVP.POTENCIAL = 'D' AND PES.STATUS = 'P' THEN 1 ELSE NULL END ) AS PROSPECT_POTD,
       COUNT ( CASE WHEN IVP.POTENCIAL = 'Z' AND PES.STATUS = 'P' THEN 1 ELSE NULL END ) AS PROSPECT_POTZ,
       COUNT ( CASE WHEN ISNULL(IVP.POTENCIAL, '@')  = '@' AND PES.STATUS = 'P' THEN 1 ELSE NULL END ) AS PROSPECT_SEMPOT,
       COUNT ( CASE PES.STATUS WHEN 'S' THEN 1 ELSE NULL END ) AS SUSPECT,
       COUNT ( CASE PES.STATUS WHEN 'F' THEN 1 ELSE NULL END ) AS FALECIDO,
       COUNT ( CASE PES.STATUS WHEN 'I' THEN 1 ELSE NULL END ) AS INATIVO,
       COUNT ( CASE PES.STATUS WHEN 'O' THEN 1 ELSE NULL END ) AS OUTROS,
       COUNT ( CASE IVP.POTENCIAL WHEN 'A' THEN 1 ELSE NULL END ) AS A,
       COUNT ( CASE IVP.POTENCIAL WHEN 'B' THEN 1 ELSE NULL END ) AS B,
       COUNT ( CASE IVP.POTENCIAL WHEN 'C' THEN 1 ELSE NULL END ) AS C,
       COUNT ( CASE IVP.POTENCIAL WHEN 'D' THEN 1 ELSE NULL END ) AS D,
       COUNT ( CASE IVP.POTENCIAL WHEN 'Z' THEN 1 ELSE NULL END ) AS Z,
       COUNT ( CASE WHEN ISNULL(IVP.POTENCIAL, '@')  = '@' THEN 1 ELSE NULL END ) AS SEM,
       COUNT(*) AS TOTAL
FROM GE_PESSOA PES
LEFT JOIN IVS_PES IVP ON IVP.SEQPESSOA = PES.SEQPESSOA
LEFT JOIN IVS_CARTEIRA CAR ON CAR.SEQCARTEIRA = IVP.SEQCARTEIRA
LEFT JOIN GE_USUARIO USU ON USU.SEQUSUARIO = CAR.SEQUSRRESP
GROUP BY CASE WHEN ISNULL(CAR.CARTEIRA,'@')='@' 
            THEN '<sem carteira>' 
            ELSE CAR.CARTEIRA END, 
       USU.CODUSUARIO
ORDER BY 1, 2","","1","Microsoft Sans Serif","8","","","","","","","","","VTCCONS","1","","","","05/08/2015 17:26:00","","20/01/2025 14:38:18","MATHEUS.AUGUSTO","31"
"97","COL_021","Detalhe da distribuição das carteiras","Detalhe da distribuição das carteiras","","SET LS1_CMD =  ' AND PES.STATUS = LEFT(:LS1, 1) '
;
SET LS2_CMD = ' AND PES.CIDADE = :LS2'
;
SET LS3_CMD = ' AND PRP.SEQPROPRIEDADE = (SELECT SEQPROPRIEDADE FROM IV_PROPRIEDADE WHERE PROPRIEDADE = :LS3) '
;
SET SELX1_CMD = ' AND CAR.SEQCARTEIRA IN ( #SELX1_ListChave ) '
;
SET LS4_CMD = ' AND EXISTS (SELECT 1 FROM IV_HISTORICO WHERE SEQPESSOA = PES.SEQPESSOA AND RESULTADO IN (SELECT RESULTADO FROM IV_RESULTADO WHERE DESCRICAO = :LS4))'
;
SELECT 
      PES.NOMERAZAO,
      PES.SEQPESSOA,
      PES.LOGRADOURO,
      PES.NroLogradouro,
      PES.CmpltoLogradouro,
      PES.Bairro,
      PES.CIDADE,
      PES.UF,
      PES.Status,
      PES.Grupo,
      PES.Atividade,
      PES.Email,
      PES.NroCGCCPF,
      PES.DigCGCCPF,
      PES.FoneDDD1 + '-' + CAST ( PES.FoneNro1 AS VARCHAR(13) ) +  '-' + PES.FoneCmpl1 AS FONE1,
      PES.FoneDDD2 + '-' + CAST ( PES.FoneNro2 AS VARCHAR(13) ) +  '-' + PES.FoneCmpl2 AS FONE2,
      PES.FoneDDD3 + '-' + CAST ( PES.FoneNro3 AS VARCHAR(13) ) +  '-' + PES.FoneCmpl3 AS FONE3,
      IVP.Potencial,
      CASE WHEN ISNULL(CAR.CARTEIRA,'@')='@' 
            THEN '<sem carteira>' 
            ELSE CAR.CARTEIRA END AS CARTEIRA, 
      CTT.Contato,
      CTT.FoneDDD1 + CAST ( CTT.FoneNro1 AS VARCHAR(13)) + '-' + CTT.FoneCmpl1 AS FONE1CTT,
      CTT.FoneDDD2 + CAST ( CTT.FoneNro2 AS VARCHAR(13)) + '-' + CTT.FoneCmpl2 AS FONE2CTT,
      (SELECT TOP 1 PAPEL FROM GE_CONTATOPAPEL WHERE SEQPESSOA = PES.SEQPESSOA ORDER BY SEQCONTATO) AS PAPELCTT,
      (SELECT CASE WHEN COUNT(*) > 0 
                                THEN 'Possui Agenda' 
                                 ELSE NULL END FROM IV_AGENDA 
                      WHERE SEQPESSOA = PES.SEQPESSOA AND REALIZADA = 'N') AS AGENDA,
      (SELECT CASE WHEN COUNT(*) > 0 
                                THEN 'Possui Historico' 
                                 ELSE NULL END FROM IV_HISTORICO
                       WHERE SEQPESSOA = PES.SEQPESSOA) AS HISTORICO,

                PROP.PROPRIEDADE,
	PRP.REFERENCIA,
	CASE PRP.SEQPROPRIEDADE
		WHEN 9400 THEN 'TIPO..: ' + ISNULL(PRP.CAMPO1, ' ') + 
		               ', PESO..:' + ISNULL(PRP.CAMPO3, ' ') + 
		               ', AREA..: ' + ISNULL( CAST (PRP.NUMERO4 AS VARCHAR(10)), ' ')
		WHEN 9402 THEN 'MODELO..: ' + ISNULL(PRP.CAMPO2, ' ') + 
		               ', POTENCIA..:' + ISNULL(PRP.CAMPO3, ' ') + 
		               ', ANO..: ' + ISNULL(PRP.CAMPO6, ' ') + 
		               ', QTDE..: ' + ISNULL( CAST ( PRP.NUMERO1 AS VARCHAR(10)), ' ')
		WHEN 9403 THEN 'MODELO..: ' + ISNULL(PRP.CAMPO2, ' ') + 
		               ', SEPARADOR..:' + ISNULL(PRP.CAMPO3, ' ') + 
		               ', TIPO..: ' + ISNULL(PRP.CAMPO4, ' ') + 
		               ', ANO..: ' + ISNULL(PRP.CAMPO6, ' ') + 
		               ', QTDE..: ' + ISNULL( CAST ( PRP.NUMERO1 AS VARCHAR(10)), ' ') + 
		               ', TAMANHO..: ' + ISNULL(CAST ( PRP.NUMERO4 AS VARCHAR(10)), ' ')
		WHEN 9404 THEN 'ANO..: ' + ISNULL(PRP.CAMPO6, ' ') + 
		               ', QTDE..: ' + ISNULL( CAST ( PRP.NUMERO1 AS VARCHAR(10)), ' ' ) + 
		               ', TAMANHO..: ' + ISNULL( CAST ( PRP.NUMERO4 AS VARCHAR(10)), ' ')
		WHEN 9405 THEN 'MODELO..: ' + ISNULL(PRP.CAMPO2, ' ') + 
		               ', ANO..: ' + ISNULL( PRP.CAMPO6, ' ') + 
		               ', QTDE..: ' + ISNULL ( CAST ( PRP.NUMERO1 AS VARCHAR(10)), ' ') + 
		               ', N.LINHAS..: ' + ISNULL( CAST ( PRP.NUMERO4 AS VARCHAR(10)), ' ')
		WHEN 9406 THEN 'TIPO..: ' + ISNULL(PRP.CAMPO1, ' ') + 
		               ', QTDE..: ' + ISNULL ( CAST ( PRP.NUMERO1 AS VARCHAR(10)), ' ') 
		WHEN 9407 THEN 'TIPO..: ' + ISNULL(PRP.CAMPO1, ' ') + 
		               ', MODELO..: ' + ISNULL( PRP.CAMPO2, ' ') + 
		               ', QTDE..: ' + ISNULL ( CAST ( PRP.NUMERO1 AS VARCHAR(10)), ' ') 
		WHEN 9408 THEN 'TIPO..: ' + ISNULL(PRP.CAMPO1, ' ') + 
		               ', ANO..: ' + ISNULL( PRP.CAMPO6, ' ') + 
		               ', QTDE..: ' + ISNULL ( CAST ( PRP.NUMERO1 AS VARCHAR(10)), ' ') 
		WHEN 9409 THEN 'TIPO..: ' + ISNULL(PRP.CAMPO1, ' ') + 
		               ', MODELO..: ' + ISNULL( PRP.CAMPO2, ' ') + 
		               ', QTDE..: ' + ISNULL ( CAST ( PRP.NUMERO1 AS VARCHAR(10)), ' ') 
		WHEN 9410 THEN 'MODELO..: ' + ISNULL(PRP.CAMPO2, ' ') + 
		               ', ANO..: ' + ISNULL( PRP.CAMPO6, ' ') + 
		               ', QTDE..: ' + ISNULL ( CAST ( PRP.NUMERO1 AS VARCHAR(10)), ' ') + 
		               ', CAPACIDADE..: ' + ISNULL( CAST ( PRP.NUMERO4 AS VARCHAR(10)), ' ')
		WHEN 9411 THEN 'MODELO..: ' + ISNULL(PRP.CAMPO2, ' ') + 
		               ', ANO..: ' + ISNULL( PRP.CAMPO6, ' ') + 
		               ', QTDE..: ' + ISNULL ( CAST ( PRP.NUMERO1 AS VARCHAR(10)), ' ')
		ELSE NULL END AS PROPRIEDADE

FROM GE_PESSOA PES
LEFT JOIN IVS_PES IVP ON IVP.SEQPESSOA = PES.SEQPESSOA
LEFT JOIN IVS_CARTEIRA CAR ON CAR.SEQCARTEIRA = IVP.SEQCARTEIRA
LEFT JOIN GE_CONTATO CTT ON CTT.SeqPessoa = PES.SeqPessoa
LEFT JOIN IV_CLIENTEPROPR PRP ON PRP.SEQPESSOA = PES.SEQPESSOA
LEFT JOIN IV_PROPRIEDADE PROP ON PROP.SEQPROPRIEDADE = PRP.SEQPROPRIEDADE
WHERE 1=1
#LS1_CMD
#LS2_CMD
#LS3_CMD
#LS4_CMD
#SELX1_CMD
  AND IVP.Potencial IN ( #OPT1_ListChave  )
ORDER BY 1","","1","Microsoft Sans Serif","8","","","","","","","","","VTCCONS","1","","","","27/07/2015 17:11:00","","12/08/2015 08:20:07","MARCELO.EDER","32"
"98","PSQ","Pesquisa de incentivo","Pesquisa de Cotação","","SELECT IVQ.SEQPESSOA,  
               IVQ.PESSOA,
               IVQ.NRO_COTACAO, 
               IVQ.NRO_NF,
               IVQ.DATA_EMISSAO AS DATA_EMISSAO,
               IVQ.NRO_COTACAO_ALCADA, 
               IVQ.NRO_NF_ALCADA,               
               IVQ.DTA_NF_ALCADA AS DATA_EMISSAO_ALCADA_D
FROM IV_Q$INCENTIVO IVQ 
WHERE NRO_COTACAO_ALCADA = :NR1
OR NRO_COTACAO = :NR1
ORDER BY 6 DESC","","1","Microsoft Sans Serif","8","","","","","","","","","VTCCONS","1","","","","21/09/2015 16:32:00","","17/01/2018 10:13:30","VTCCONS","12"
"99","COL_889","Dashboard Offline","Dashboard","","/* -- Ações do processo de equipamentos para monitoramento.
35, APROVAR PEDIDO JDE
126, PREPARAR PEDIDO E DOCTO PARA APROVAÇÃO
41, PREPARAR DOCUMENTAÇÃO EQUIPAMENTO JDE
51, VERIFICAR DISPONIBILIDADE EQUIPAMENT JDE
137,VERIFICAR DISPONIBILIDADE AMS
48, RECEBER EQUIPAMENTO NOVO
39, INFORMAR AGREGA / DESAGREGA JDE
46, REALIZAR PRÉ-ENTREGA JDE
38, FATURAR EQUIPAMENTO JDE
44, REALIZAR ENTREGA FÍSICA EQUIPAMENTO JDE
47, REALIZAR ENTREGA TÉCNICA EQUIPAMENTO JDE
'ABERTO' = Quando ainda não existe o resultado Entrega Técnica Realizada preenchido no processo;
'FINALIZADO' = Quando existe o resultado Entrega Técnica Realizada preenchida no processo;
'TODOS' = Não faz nenhuma condição;
*/


MENSAGEM = 'Atenção! O filtro Data de entrega só será considerado quando escolhido tipo de análise = FINALIZADO';
SELECT CASE :LS2 WHEN 'FINALIZADO' THEN 1 ELSE 0 END INTO :NRZ FROM DUAL;
AVISO;


SET LS1_CMD = ' AND EMP.NOMEREDUZIDO = :LS1 ';

SET SELX1_CMD = ' AND CART.SEQCARTEIRA IN ( #SELX1_ListChave ) ';

SELECT CASE :LS2
      WHEN 'ABERTO' THEN 'AND NOT EXISTS ( SELECT 1 FROM IV_HISTORICO WHERE PROCESSO = PRC.PROCESSO AND RESULTADO IN ( 243 ) ) AND PRC.REALIZADO = 0' 
      WHEN 'FINALIZADO' THEN 'AND EXISTS ( SELECT 1 FROM IV_HISTORICO WHERE PROCESSO = PRC.PROCESSO AND RESULTADO IN ( 243 ) AND DTAREALIZACAO >= :DT3 AND DTAREALIZACAO <= :DT4 )'
  ELSE '' 
END INTO :LTE FROM DUAL;



SELECT TAB.CLIENTE
  , TAB.PROCESSO
 , SUBSTRING(TAB.MODELO, 1, 10) AS MODELO
 , TAB.APROV AS APROV_N 
 , TAB.LEV_DOC AS LEV_DOC_N 
 , TAB.PREP_DOC AS PREP_DOC_N 
 , TAB.DISP AS DISP_N 
 , TAB.DISP_AMS AS DISP_AMS_N
 , TAB.REC_NOVO AS REC_NOVO_N
 , TAB.INF_AG AS INF_AG_N 
 , TAB.PRE_ENT AS PRE_ENT_N 
 , TAB.FAT AS FAT_N 
 , TAB.E_FIS AS E_FIS_N 
 , TAB.TECN AS TECN_N 
     , ( 0 +
       #vksSql_Nvl ( TAB.APROV, 0 ) + 
       #vksSql_Nvl ( LEV_DOC, 0 ) +  
       #vksSql_Nvl ( PREP_DOC, 0 ) + 
       #vksSql_Nvl ( DISP,  0 ) +  
        #vksSql_Nvl ( DISP_AMS,  0 ) + 
       #vksSql_Nvl ( REC_NOVO,  0 ) +
       #vksSql_Nvl ( INF_AG, 0 ) +
       #vksSql_Nvl ( PRE_ENT, 0 ) +
       #vksSql_Nvl ( FAT, 0 ) +
       #vksSql_Nvl ( E_FIS, 0 ) + 
       #vksSql_Nvl ( TECN, 0 ) ) AS TOTAL_N
      , DATEDIFF(DAY, #vksSql_Nvl (DTA_ATUAL_ENTREGA, DTA_COMB_CLIENTE), #vksSql_Nvl (DTA_ENTREGA, GETDATE())) AS ENTREGA_N
     , #vksSql_Nvl ( DTA_ATUAL_ENTREGA, TAB.DTA_COMB_CLIENTE ) AS DATA_COMBINADA_CLIENTE
     , TAB.ENTREGUE AS ENTR_B
     , 1 AS HUM_NH
FROM (
SELECT PES.NOMERAZAO AS CLIENTE
     , AGD.PROCESSO
     , ACV.MODEL_EQUIP1 AS MODELO
 , MAX(CASE WHEN AGD.ACAO = 35 THEN dbo.fcnDiasUteis (AGD.DTAAGENDAORIGINAL, ISNULL(AGD.DTAREALIZACAO, GETDATE() )) ELSE NULL END) AS APROV 
 , MAX(CASE WHEN AGD.ACAO = 35 THEN AGD.REALIZADA ELSE NULL END) AS AGD_APROV
 , MAX(CASE WHEN AGD.ACAO = 126 THEN dbo.fcnDiasUteis (AGD.DTAAGENDAORIGINAL, ISNULL(AGD.DTAREALIZACAO, GETDATE() )) ELSE NULL END) AS LEV_DOC 
 , MAX(CASE WHEN AGD.ACAO = 126 THEN AGD.REALIZADA ELSE NULL END) AS AGD_LEV_DOC
 , MAX(CASE WHEN AGD.ACAO = 41 THEN dbo.fcnDiasUteis (AGD.DTAAGENDAORIGINAL, ISNULL(AGD.DTAREALIZACAO, GETDATE() )) ELSE NULL END) AS PREP_DOC 
 , MAX(CASE WHEN AGD.ACAO = 41 THEN AGD.REALIZADA ELSE NULL END) AS AGD_PREP_DOC 
 , MAX(CASE WHEN AGD.ACAO = 51 THEN dbo.fcnDiasUteis (AGD.DTAAGENDAORIGINAL, ISNULL(AGD.DTAREALIZACAO, GETDATE() )) ELSE NULL END) AS DISP 
 , MAX(CASE WHEN AGD.ACAO = 51 THEN AGD.REALIZADA ELSE NULL END) AS AGD_DISP
 , MAX(CASE WHEN AGD.ACAO = 137 THEN dbo.fcnDiasUteis (AGD.DTAAGENDAORIGINAL, ISNULL(AGD.DTAREALIZACAO, GETDATE() )) ELSE NULL END) AS DISP_AMS 
 , MAX(CASE WHEN AGD.ACAO = 137 THEN AGD.REALIZADA ELSE NULL END) AS AGD_DISP_AMS
 , MAX(CASE WHEN AGD.ACAO = 48 THEN dbo.fcnDiasUteis (AGD.DTAAGENDAORIGINAL, ISNULL(AGD.DTAREALIZACAO, GETDATE() )) ELSE NULL END) AS REC_NOVO
 , MAX(CASE WHEN AGD.ACAO = 48 THEN AGD.REALIZADA ELSE NULL END) AS AGD_REC_NOVO
 , MAX(CASE WHEN AGD.ACAO = 39 THEN dbo.fcnDiasUteis (AGD.DTAAGENDAORIGINAL, ISNULL(AGD.DTAREALIZACAO, GETDATE() )) ELSE NULL END) AS INF_AG 
 , MAX(CASE WHEN AGD.ACAO = 39 THEN AGD.REALIZADA ELSE NULL END) AS AGD_INF_AG
 , MAX(CASE WHEN AGD.ACAO = 46 THEN dbo.fcnDiasUteis (AGD.DTAAGENDAORIGINAL, ISNULL(AGD.DTAREALIZACAO, GETDATE() )) ELSE NULL END) AS PRE_ENT 
 , MAX(CASE WHEN AGD.ACAO = 46 THEN AGD.REALIZADA ELSE NULL END) AS AGD_PRE_ENT
 , MAX(CASE WHEN AGD.ACAO = 38 THEN dbo.fcnDiasUteis (AGD.DTAAGENDAORIGINAL, ISNULL(AGD.DTAREALIZACAO, GETDATE() )) ELSE NULL END) AS FAT 
 , MAX(CASE WHEN AGD.ACAO = 38 THEN AGD.REALIZADA ELSE NULL END) AS AGD_FAT
 , MAX(CASE WHEN AGD.ACAO = 44 THEN dbo.fcnDiasUteis (AGD.DTAAGENDAORIGINAL, ISNULL(AGD.DTAREALIZACAO, GETDATE() )) ELSE NULL END) AS E_FIS 
 , MAX(CASE WHEN AGD.ACAO = 44 THEN AGD.REALIZADA ELSE NULL END) AS AGD_E_FIS
 , MAX(CASE WHEN AGD.ACAO = 47 THEN dbo.fcnDiasUteis (AGD.DTAAGENDAORIGINAL, ISNULL(AGD.DTAREALIZACAO, GETDATE() )) ELSE NULL END) AS TECN 
 , MAX(CASE WHEN AGD.ACAO = 47 THEN AGD.REALIZADA ELSE NULL END) AS AGD_TECN
     , ( SELECT ISNULL(MAX(1), 0) FROM IV_HISTORICO WHERE PROCESSO = AGD.PROCESSO AND RESULTADO IN (236, 493, 482)  ) AS ENTREGUE
     , ISNULL(( SELECT MAX(DTAREALIZACAO) FROM IV_HISTORICO WHERE PROCESSO = AGD.PROCESSO AND RESULTADO IN (236, 493, 482) ), GETDATE()) AS DTA_ENTREGA
     , MAX(ACV.DATA_COMBINADA_CLIEN) AS DTA_COMB_CLIENTE
     , MAX(ACV.DATA_ATUALIZADA) AS DTA_ATUAL_ENTREGA
  FROM IV_PROCESSO PRC
	JOIN IV_PROCDADO PDD ON PDD.PROCESSO = PRC.PROCESSO
	JOIN IV_AGENDA AGD ON AGD.PROCESSO = PRC.PROCESSO
    AND AGD.DtaGeracaoOrig < ISNULL(dateadd(minute, 0, AGD.DTAREALIZACAO), GETDATE()) 
	JOIN GE_PESSOA PES ON PES.SEQPESSOA = AGD.SEQPESSOA
	JOIN IV_Q$ACOMPANH_VENDA_JDE ACV ON ACV.PROCESSO = AGD.PROCESSO
                JOIN IV_PROCSTATMONIT PED ON PED.PROCESSO = PDD.PROCESSO AND PED.STATUS = 'EM ANDAMENTO'
	JOIN IVS_PES PESC ON PESC.SEQPESSOA = PDD.SEQPESSOA
	JOIN IVS_DEPTO DPTO ON DPTO.SEQDEPTO = PESC.SEQDEPTO
                JOIN IVS_CARTEIRA CART ON CART.SEQCARTEIRA = PESC.SEQCARTEIRA
	JOIN GE_EMPRESA EMP ON EMP.NROEMPRESA = CART.NROEMPRESA
                JOIN GE_USUARIO USR ON USR.SEQUSUARIO = CART.SEQUSRRESP
WHERE 1 = 1
  AND PED.DTAMONIT >= :DT1
  AND PED.DTAMONIT <= :DT2
  AND PRC.FASE <> 'Finalizado'
  AND PRC.Status NOT IN ('CANCELADO')
  AND PDD.CODPROCESSO = 7
  #LTE
   --AND AGD.PROCESSO = 896163
  #LS1_CMD
  #SELX1_CMD
GROUP BY PES.NOMERAZAO, AGD.PROCESSO, ACV.MODEL_EQUIP1 
) TAB
ORDER BY TAB.CLIENTE","","0","Microsoft Sans Serif","10","","","0","","","","","","DIEGO.MARQUES","1","0","0","0","02/05/2021 12:15:00","","24/04/2026 14:51:42","NETO.PRADO","274"
"100","FRM_003","Formulário Controle de Comissão","Formulário Controle de Comissão","","
SELECT CASE WHEN LEN(:LT1) = 1 THEN '' ELSE ' AND ACV.NRO_CHASSI1 = :LT1' END INTO :LTA FROM DUAL;
SELECT CASE WHEN LEN(:LT1) = 1 THEN '' ELSE ' AND ACV.NUM_CHASSI_IMPL = :LT1' END INTO :LTB FROM DUAL;

SELECT CASE WHEN LEN(:LT2) = 1 THEN '' ELSE ' AND ACV.PROCESSO = :LT2' END INTO :LTC FROM DUAL;

SELECT CASE :LS1
      WHEN 'ABERTO' THEN 'AND NOT EXISTS ( SELECT 1 FROM IV_HISTORICO WHERE PROCESSO = ACV.PROCESSO AND RESULTADO IN ( 381, 383, 385, 367, 369, 384 ))' 
      WHEN 'PAGO' THEN 'AND EXISTS ( SELECT 1 FROM IV_HISTORICO WHERE PROCESSO = COM.PROCESSO AND RESULTADO IN ( 381, 367 ) )'
  ELSE '' 
END INTO :LTE FROM DUAL;




SELECT     PES.SEQPESSOA
                 ,PES.NOMERAZAO AS CLIENTE
                 ,COM.PROCESSO AS PROCESSO_CRM
                 ,ACV.DTAREALIZACAO AS DTA_ACOMPANHAMENTO_VENDA_D
                 ,(SELECT MAX(DTAREALIZACAO) FROM IV_HISTORICO WHERE PROCESSO = COM.PROCESSO AND RESULTADO = 212 ) AS DTA_FATURAMENTO_D
                 , ACV.NRO_NF1 AS NRO_NOTA
                 , PDD.VENDEDOR AS CEN
                 , ACV.MODEL_EQUIP1 AS MODELO
                 , ACV.NRO_CHASSI1 AS CHASSI
                 , COM.VALOR_DO_EQUIPAMENTO
                 , COM.DESCONTO_INCONDICION
                 , COM.VALOR_DO_EQUIP__USAD AS VALOR_EQUIP_USADO_N2
                 , COM.VALOR_BASE_COMISSAO AS VALOR_BASE_COMISSAO_N2
                 , COM.__COMISSAO__RH_ AS PERC_COMISSAO_RH
                 , COM.VLR_COMISSAO AS VALOR_COMISSAO_N2
                 , CASE WHEN COM.UTILIZACAO_DE_MARGEM IS NULL OR COM.UTILIZACAO_DE_MARGEM = '' THEN 'Sem Acelerador' ELSE COM.UTILIZACAO_DE_MARGEM END AS MARGEM_PRODUTO
                 , CASE WHEN COM.ACELERADOR___RISCO__ IS NULL OR COM.ACELERADOR___RISCO__ = '' THEN 'Sem Acelerador' ELSE COM.ACELERADOR___RISCO__ END AS ACELERADOR_RISCO
                 , CASE WHEN COM.ACELERADOR___MARGEM_ IS NULL OR COM.ACELERADOR___MARGEM_ = '' THEN 'Sem Acelerador' ELSE COM.ACELERADOR___MARGEM_ END AS ACELERADOR_MARGEM
                 , CASE WHEN CAST(COM.Q013_AGRICULTURA_DE_ AS CHAR(1)) = '1' THEN 'Sim' ELSE 'Não' END AS ACEL_AGRICULTURA_PRECISAO
                 , CASE WHEN CAST(COM.Q013_CONTRATOS_DE_PE AS CHAR(1)) = '1' THEN 'Sim' ELSE 'Não' END  AS ACEL_PECAS_SERVICOS_MONIT
                 , CASE WHEN CAST(COM.Q013_TREINAMENTO AS CHAR(1)) = '1' THEN 'Sim' ELSE 'Não' END  AS ACEL_TREINAMENTO
                 , CASE WHEN CAST(COM.Q013_VENDA_1__TRATOR AS CHAR(1)) = '1' THEN 'Sim' ELSE 'Não' END  AS ACEL_VENDA_1_TRATOR
                 , CASE WHEN COM.VENDA_DE_PACOTE_OU_P IS NULL OR  COM.VENDA_DE_PACOTE_OU_P = '' THEN 'Não' ELSE COM.VENDA_DE_PACOTE_OU_P END AS VENDA_PACOTE_PRODUTO
                 , COM.VLR_TOTAL_COMISSAO AS VLR_TOTAL_COMISSAO_N2
                 , COM.COMISSAO_PAGA___RH_ AS COMISSAO_PAGA
                 , COM.OBSERVACAO
                 , RES.DESCRICAO AS ULT_RESULTADO
  FROM IV_Q$ACOMPANH_VENDA_JDE ACV
          JOIN IV_Q$COMISSAO COM ON COM.PROCESSO = ACV.PROCESSO
          JOIN IV_PROCDADO PDD ON PDD.PROCESSO = COM.PROCESSO
          JOIN IV_PROCESSO PRC ON PRC.PROCESSO = COM.PROCESSO
          JOIN IV_RESULTADO RES ON RES.RESULTADO = PDD.ULTRESULTADO
          JOIN GE_PESSOA PES ON PES.SEQPESSOA = COM.SEQPESSOA
WHERE ACV.DTAREALIZACAO >= :DT1
  AND ACV.DTAREALIZACAO <= :DT2
  AND EXISTS ( SELECT 1 FROM IV_HISTORICO WHERE PROCESSO = COM.PROCESSO AND RESULTADO = 212 )
  AND PRC.STATUS NOT IN ('DESISTIU DA COMPRA', 'VENDA PERDIDA')
#LTA
#LTC
#LTE 

UNION

SELECT      PES.SEQPESSOA
                 , PES.NOMERAZAO AS CLIENTE
                 , COM.PROCESSO AS PROCESSO_CRM
                 , ACV.DTAREALIZACAO AS DTA_ACOMPANHAMENTO_VENDA_D
                 , ( SELECT MAX(DTAREALIZACAO) FROM IV_HISTORICO WHERE PROCESSO = COM.PROCESSO AND RESULTADO = 330 ) AS DTA_FATURAMENTO_D
                 , ACV.NUMERO_NOTAFISCAL AS NRO_NOTA
                 , PDD.VENDEDOR AS CEN
                 , ACV.MODELO_IMPLEMENTO AS MODELO
                 , ACV.NUM_CHASSI_IMPL AS CHASSI
                 , COM.VALOR_DO_EQUIPAMENTO
                 , COM.DESCONTO_INCONDICION
                 , COM.VALOR_DO_EQUIP__USAD AS VALOR_EQUIP_USADO_N2
                 , COM.VALOR_BASE_COMISSAO AS VALOR_BASE_COMISSAO_N2
                 , COM.__COMISSAO__RH_ AS PERC_COMISSAO_RH
                 , COM.VLR_COMISSAO AS VALOR_COMISSAO_N2
                 , CASE WHEN COM.UTILIZACAO_DE_MARGEM IS NULL OR COM.UTILIZACAO_DE_MARGEM = '' THEN 'Sem Acelerador' ELSE COM.UTILIZACAO_DE_MARGEM END AS MARGEM_PRODUTO
                 , CASE WHEN COM.ACELERADOR___RISCO__ IS NULL OR COM.ACELERADOR___RISCO__ = '' THEN 'Sem Acelerador' ELSE COM.ACELERADOR___RISCO__ END AS ACELERADOR_RISCO
                 , CASE WHEN COM.ACELERADOR___MARGEM_ IS NULL OR COM.ACELERADOR___MARGEM_ = '' THEN 'Sem Acelerador' ELSE COM.ACELERADOR___MARGEM_ END AS ACELERADOR_MARGEM
                 , CASE WHEN CAST(COM.Q013_AGRICULTURA_DE_ AS CHAR(1)) = '1' THEN 'Sim' ELSE 'Não' END AS ACEL_AGRICULTURA_PRECISAO
                 , CASE WHEN CAST(COM.Q013_CONTRATOS_DE_PE AS CHAR(1)) = '1' THEN 'Sim' ELSE 'Não' END  AS ACEL_PECAS_SERVICOS_MONIT
                 , CASE WHEN CAST(COM.Q013_TREINAMENTO AS CHAR(1)) = '1' THEN 'Sim' ELSE 'Não' END  AS ACEL_TREINAMENTO
                 , CASE WHEN CAST(COM.Q013_VENDA_1__TRATOR AS CHAR(1)) = '1' THEN 'Sim' ELSE 'Não' END  AS ACEL_VENDA_1_TRATOR
                 , CASE WHEN COM.VENDA_DE_PACOTE_OU_P IS NULL OR  COM.VENDA_DE_PACOTE_OU_P = '' THEN 'Não' ELSE COM.VENDA_DE_PACOTE_OU_P END AS VENDA_PACOTE_PRODUTO
                 , COM.VLR_TOTAL_COMISSAO AS VLR_TOTAL_COMISSAO_N2
                 , COM.COMISSAO_PAGA___RH_ AS COMISSAO_PAGA
                 , COM.OBSERVACAO
                 , RES.DESCRICAO AS ULT_RESULTADO
  FROM IV_Q$ACOMPANHAM_VENDA_IMP ACV
          JOIN IV_Q$COMISSAO COM ON COM.PROCESSO = ACV.PROCESSO
          JOIN IV_PROCDADO PDD ON PDD.PROCESSO = COM.PROCESSO
          JOIN IV_PROCESSO PRC ON PRC.PROCESSO = COM.PROCESSO
          JOIN IV_RESULTADO RES ON RES.RESULTADO = PDD.ULTRESULTADO
          JOIN GE_PESSOA PES ON PES.SEQPESSOA = COM.SEQPESSOA
WHERE ACV.DTAREALIZACAO >= :DT1
  AND ACV.DTAREALIZACAO <= :DT2
  AND EXISTS ( SELECT 1 FROM IV_HISTORICO WHERE PROCESSO = COM.PROCESSO AND RESULTADO = 330 )
  AND PRC.STATUS NOT IN ('DESISTIU DA COMPRA', 'VENDA PERDIDA')
#LTB
#LTC
#LTE ","FRM_003_Formulário Controle de Comissão.qrp","1","Microsoft Sans Serif","8","","","","","","","","","VTCCONS","1","","","","06/07/2017 16:00:00","","15/12/2023 08:42:35","LIVIA.SILVA","2422"
"101","COL_990","Dashboard Offline(Incentivos)","Dashboard Offline(Incentivos)","","/* -- Ações do processo de equipamentos para monitoramento.
87, INFORMAR COTAÇÃO ALÇADA
88, CADASTRAR ALÇADA IRS
89, ACOMPANHAR INCENTIVOS
90, ENVIAR XML
91, EMITIR NF INCENTIVO

'ABERTO' = Quando ainda não existe o resultado Recebido preenchido no processo;
'PAGO' = Quando existe o resultado Recebido preenchida no processo;
'TODOS' = Não faz nenhuma condição;
*/


SET LS1_CMD = ' AND EMP.NOMEREDUZIDO = :LS1 ';

SET SELX1_CMD = ' AND CART.SEQCARTEIRA IN ( #SELX1_ListChave ) ';

SELECT CASE :LS2
      WHEN 'ABERTO' THEN 'AND NOT EXISTS ( SELECT 1 FROM IV_HISTORICO WHERE PROCESSO = PRC.PROCESSO AND RESULTADO = 431)' 
      WHEN 'PAGO' THEN 'AND EXISTS ( SELECT 1 FROM IV_HISTORICO WHERE PROCESSO = PRC.PROCESSO AND RESULTADO = 431)'
  ELSE '' 
END INTO :LTE FROM DUAL;




SELECT TAB.CLIENTE
     , TAB.PROCESSO
     , SUBSTRING(TAB.MODELO, 1, 10) AS MODELO
 , TAB.INF_COT_ALC AS INF_COT_ALC_N  
 , TAB.AGD_INF_COT_ALC AS AGD_INF_COT_ALC 
 , TAB.CAD_ALC_IRS AS CAD_ALC_IRS_N  
 , TAB.AGD_CAD_ALC_IRS AS AGD_CAD_ALC_IRS 
 , TAB.ACMP_INC AS ACMP_INC_N  
 , TAB.AGD_ACMP_INC AS AGD_ACMP_INC 
 , TAB.ENV_XML AS ENV_XML_N  
 , TAB.AGD_ENV_XML AS AGD_ENV_XML 
 , TAB.EMT_NF_INC AS EMT_NF_INC_N  
 , TAB.AGD_EMT_NF_INC AS AGD_EMT_NF_INC
 , ( 0 + 
  isNull  ( TAB.INF_COT_ALC, 0 ) +  
  isNull  ( CAD_ALC_IRS, 0 ) +  
  isNull  ( ACMP_INC, 0 ) +  
  isNull  ( ENV_XML, 0 ) + 
  isNull  ( EMT_NF_INC, 0 ) ) AS TOTAL_N 
FROM (
SELECT PES.NOMERAZAO AS CLIENTE
     , AGD.PROCESSO
     , ACV.MODEL_EQUIP1 AS MODELO
 , MAX(CASE WHEN AGD.ACAO = 87 THEN dbo.fcnDiasUteis (AGD.DTAAGENDAORIGINAL, ISNULL(AGD.DTAREALIZACAO, GETDATE() )) ELSE NULL END) AS INF_COT_ALC  
 , MAX(CASE WHEN AGD.ACAO = 87 THEN AGD.REALIZADA ELSE NULL END) AS AGD_INF_COT_ALC 
 , MAX(CASE WHEN AGD.ACAO = 88 THEN dbo.fcnDiasUteis (AGD.DTAAGENDAORIGINAL, ISNULL(AGD.DTAREALIZACAO, GETDATE() )) ELSE NULL END) AS CAD_ALC_IRS 
 , MAX(CASE WHEN AGD.ACAO = 88 THEN AGD.REALIZADA ELSE NULL END) AS AGD_CAD_ALC_IRS
 , MAX(CASE WHEN AGD.ACAO = 89 THEN dbo.fcnDiasUteis (AGD.DTAAGENDAORIGINAL, ISNULL(AGD.DTAREALIZACAO, GETDATE() )) ELSE NULL END) AS ACMP_INC 
 , MAX(CASE WHEN AGD.ACAO = 89 THEN AGD.REALIZADA ELSE NULL END) AS AGD_ACMP_INC   
 , MAX(CASE WHEN AGD.ACAO = 90 THEN dbo.fcnDiasUteis (AGD.DTAAGENDAORIGINAL, ISNULL(AGD.DTAREALIZACAO, GETDATE() )) ELSE NULL END) AS ENV_XML
 , MAX(CASE WHEN AGD.ACAO = 90 THEN AGD.REALIZADA ELSE NULL END) AS AGD_ENV_XML   
 , MAX(CASE WHEN AGD.ACAO = 91 THEN dbo.fcnDiasUteis (AGD.DTAAGENDAORIGINAL, ISNULL(AGD.DTAREALIZACAO, GETDATE() )) ELSE NULL END) AS EMT_NF_INC
 , MAX(CASE WHEN AGD.ACAO = 91 THEN AGD.REALIZADA ELSE NULL END) AS AGD_EMT_NF_INC
  FROM IV_PROCESSO PRC
	JOIN IV_PROCDADO PDD ON PDD.PROCESSO = PRC.PROCESSO
	JOIN IV_AGENDA AGD ON AGD.PROCESSO = PRC.PROCESSO
                              AND AGD.DTAAGENDAORIGINAL < ISNULL(dateadd(minute, 5, AGD.DTAREALIZACAO), GETDATE()) 
                              AND AGD.ACAO IN (87, 88, 89, 90, 91)
	JOIN GE_PESSOA PES ON PES.SEQPESSOA = AGD.SEQPESSOA
                JOIN IV_Q$INCENTIVO INC ON INC.PROCESSO = AGD.PROCESSO 
                JOIN IV_Q$ACOMPANH_VENDA_JDE ACV ON ACV.PROCESSO = AGD.PROCESSO 
                JOIN IV_PROCSTATMONIT PED ON PED.PROCESSO = PDD.PROCESSO AND PED.STATUS = 'PEDIDO REALIZADO'
	JOIN IVS_PES PESC ON PESC.SEQPESSOA = PDD.SEQPESSOA
	JOIN IVS_DEPTO DPTO ON DPTO.SEQDEPTO = PESC.SEQDEPTO
                JOIN IVS_CARTEIRA CART ON CART.SEQCARTEIRA = PESC.SEQCARTEIRA
	JOIN GE_EMPRESA EMP ON EMP.NROEMPRESA = CART.NROEMPRESA
                JOIN GE_USUARIO USR ON USR.SEQUSUARIO = CART.SEQUSRRESP
WHERE 1 = 1
  AND PED.DTAMONIT >= :DT1
  AND PED.DTAMONIT <= :DT2
  AND PRC.FASE <> 'Finalizado'
  AND PRC.Status <> 'CANCELADO'
  AND PDD.CODPROCESSO = 7
 #LTE
--  AND AGD.PROCESSO = 251003
  #LS1_CMD
  #SELX1_CMD
GROUP BY PES.NOMERAZAO, AGD.PROCESSO, ACV.MODEL_EQUIP1 
) TAB
ORDER BY TAB.CLIENTE","","1","Microsoft Sans Serif","10","","","0","","","","","","VTCCONS","1","0","0","0","31/05/2016 19:11:00","","","",""
"102","CAD02","Potencial X Realizado na visão CIP","Potencial X Realizado na visão CIP","","SELECT X.SEQPESSOA, 
               X.MES, 
               X.VLR, 
               CASE WHEN (X.MES - X.VLR) >= 0 
                   THEN 'R$' + CAST( ABS(X.MES - X.VLR)  AS VARCHAR(12)) + ' para bater a meta mensal'
               ELSE 'Parabéns, bateu a meta mensal!!!' END AS RESULTADO
  FROM (
SELECT NFS.SEQPESSOA,
           CASE 
	WHEN MONTH(GETDATE()) = 1 THEN JAN
	WHEN MONTH(GETDATE()) = 2 THEN FEV
	WHEN MONTH(GETDATE()) = 3 THEN MAR
	WHEN MONTH(GETDATE()) = 4 THEN ABR
	WHEN MONTH(GETDATE()) = 5 THEN MAI
	WHEN MONTH(GETDATE()) = 6 THEN JUN
	WHEN MONTH(GETDATE()) = 7 THEN JUL
	WHEN MONTH(GETDATE()) = 8 THEN AGO
	WHEN MONTH(GETDATE()) = 9 THEN ""SET""
	WHEN MONTH(GETDATE()) = 10 THEN OUT
	WHEN MONTH(GETDATE()) = 11 THEN NOV
	WHEN MONTH(GETDATE()) = 12 THEN DEZ
            ELSE NULL END AS MES,
SUM(NFSI.VLRLIQITEM) AS VLR
  FROM EXT_NFS NFS
	JOIN EXT_NFSITEM NFSI ON NFSI.IDNFS = NFS.IDNFS
	JOIN EXT_POT_PECAS PEC ON PEC.SEQ= NFS.SEQPESSOA
WHERE MONTH(NFS.DTAEMISSAONF) = MONTH(GETDATE())
  AND NFS.SEQPESSOA = :vknSeqPessoa 
GROUP BY NFS.SEQPESSOA,
           CASE 
	WHEN MONTH(GETDATE()) = 1 THEN JAN
	WHEN MONTH(GETDATE()) = 2 THEN FEV
	WHEN MONTH(GETDATE()) = 3 THEN MAR
	WHEN MONTH(GETDATE()) = 4 THEN ABR
	WHEN MONTH(GETDATE()) = 5 THEN MAI
	WHEN MONTH(GETDATE()) = 6 THEN JUN
	WHEN MONTH(GETDATE()) = 7 THEN JUL
	WHEN MONTH(GETDATE()) = 8 THEN AGO
	WHEN MONTH(GETDATE()) = 9 THEN ""SET""
	WHEN MONTH(GETDATE()) = 10 THEN OUT
	WHEN MONTH(GETDATE()) = 11 THEN NOV
	WHEN MONTH(GETDATE()) = 12 THEN DEZ
            ELSE NULL END
  ) X","","1","Microsoft Sans Serif","8","","","","","","","","","VTCCONS","1","","","","07/04/2017 12:40:00","","17/01/2018 10:13:50","VTCCONS","32"
"103","EXEC_PRC","Executa a integração de Propriedade","tesrteeee","","exec dbo.PR_PROPRIEDADE;
commit;

SELECT 'SUCESSO' FROM DUAL;","","1","Microsoft Sans Serif","8","","","","","","","","","VTCCONS","1","","","","07/04/2017 16:36:00","","08/05/2017 15:08:55","VTCCONS","3"
"104","EXEC_PRC01","Inativa título excluído no SISDIA","Inativa título excluído no SISDIA","","
exec dbo.PR_ATUALIZA_TITULO_INATIVO @LinkStr = '#LT1', @Retorno = 'A';
COMMIT;

SELECT 'Procedure Executada'
FROM DUAL;

","","1","Microsoft Sans Serif","8","","","","","","","","","VTCCONS","1","","","","23/11/2017 13:10:00","","28/12/2017 10:46:01","VANESSA.ALVES","9"
"105","FRM_004","Formulario de Venda AMS","Formulario de Venda AMS","","SELECT CASE WHEN LEN(:LT1) = 1 THEN '' ELSE ' AND ACV.PROCESSO = :LT1' END INTO :LTB FROM DUAL;


SELECT CASE :LS1
      WHEN 'ABERTO' THEN 'AND NOT EXISTS ( SELECT 1 FROM IV_HISTORICO WHERE PROCESSO = ACV.PROCESSO AND RESULTADO IN (  1063 ) )' 
      WHEN 'FATURADO' THEN 'AND EXISTS ( SELECT 1 FROM IV_HISTORICO WHERE PROCESSO = His.PROCESSO AND RESULTADO IN (  731 )  )'
  ELSE '' 
END INTO :LTE FROM DUAL;

SELECT  	ACV.USUINCLUSAO,
                his.DtaRealizacao AS DTAREALIZACAO_D,
                ACV.PROCESSO,	
                ACV.VALOR_DA_VENDA ,
                ACV.FORMA_DE_PAGAMENTO ,
                PES.SEQPESSOA,
                PES.NOMERAZAO
  FROM IV_Q$VENDA_AMS ACV
      JOIN GE_PESSOA PES ON PES.SEQPESSOA = ACV.SEQPessoa 
     JOIN IV_HISTORICO his on acv.Processo = his.Processo
     WHERE his.DTAREALIZACAO >= :DT1 AND  his.DTAREALIZACAO <= :DT2
#LTA
#LTB
#LTE","","1","Microsoft Sans Serif","8","","","","","","","","","DIEGO.MARQUES","1","","","","20/12/2018 17:09:00","","","",""
"106","FRM_005","Formulario Venda de Usados","Formulario Venda de Usados","","--SELECT ':LS2' INTO :LTC FROM DUAL;

SELECT CASE :LS2
      WHEN 'Logistica' THEN 0 
      WHEN 'Oficina' THEN 1
  ELSE '' 
END INTO :LTC FROM DUAL;

SELECT CASE WHEN LEN(:LT1) = 1 THEN '' ELSE ' AND ACV.NRO_CHASSI1 = :LT1' END INTO :LTA FROM DUAL;

SELECT CASE WHEN LEN(:LT2) = 1 THEN '' ELSE ' AND ACV.PROCESSO = :LT2' END INTO :LTB FROM DUAL;

SELECT CASE :LS1
      WHEN 'ABERTO' THEN 'AND NOT EXISTS ( SELECT 1 FROM IV_HISTORICO WHERE PROCESSO = ACV.PROCESSO AND RESULTADO IN ( 212, 213, 215 ))' 
      WHEN 'FATURADO' THEN 'AND EXISTS ( SELECT 1 FROM IV_HISTORICO WHERE PROCESSO = ACV.PROCESSO AND RESULTADO IN ( 212, 213, 215 ) )'
  ELSE '' 
END INTO :LTE FROM DUAL;

SELECT ACV.USUINCLUSAO
                , ACV.DTAREALIZACAO AS DTAREALIZACAO_D
                , ACV.PROCESSO
	, ACV.TIPO_DO_EQUIPAMENTO
	, ACV.MARCA
	, ACV.MODELO_DO_EQUIPAMENT
	, ACV.CHASSI_DO_EQUIPAMENT
                , ACV.HORIMETRO
                , ACV.COR
                , ACV.MOTOR___FUNCIONAMENT
                , ACV.VAZAMENTOS___AGUA
                , ACV.VAZAMENTO___OLEO
                , ACV.VAZAMENTO___COMBUSTI
                , ACV.PARTE_ELETRICA___BAT
                , ACV.PARTE_ELETRICA___PAR
                , ACV.PNEUS_DIANTEIRO_DIRE
                , ACV.PNEUS_DIANTEIRO_ESQU
                , ACV.PNEUS_TRASEIRO_DIREI
                , ACV.PNEUS_TRASEIRO_ESQUE
                , ACV.EMBREAGEM
                , ACV.TRANSMISSAO
                , ACV.TERCEIRO_PONTO
                , ACV.SISTEMA_INDUSTRIAL
                , ACV.ELEVADOR
                , PES.SEQPESSOA 
                , PES.NOMERAZAO
                , #LTC AS TIPO_DEPTO
 FROM IV_Q$AVALIA_USADO_ENTRADA ACV
JOIN GE_PESSOA PES ON PES.SEQPESSOA = ACV.SEQPESSOA
 WHERE ACV.DTAREALIZACAO >= :DT1 AND ACV.DTAREALIZACAO <= :DT2
  --and acv.Processo = 671757
#LTA
#LTB
#LTE ","FRM_005_Formulário Venda de Usados.qrp","1","Microsoft Sans Serif","8","","","","","","","","","VTCCONS","1","","","","07/05/2019 18:05:00","","23/11/2023 15:21:05","LIVIA.SILVA","782"
"107","FRM_045","Formulario Comissao AMS","Comissao AMS","","SELECT CASE WHEN LEN(:LT1) = 1 THEN '' ELSE ' AND ACV.PROCESSO = :LT1' END INTO :LTC FROM DUAL;

SELECT CASE :LS1
      WHEN 'ABERTO' THEN 'AND NOT EXISTS ( SELECT 1 FROM IV_HISTORICO WHERE PROCESSO = ACV.PROCESSO AND RESULTADO IN (734,826,733,731,732,1494 ))' 
      WHEN 'PAGO' THEN 'AND EXISTS ( SELECT 1 FROM IV_HISTORICO WHERE PROCESSO = COM.PROCESSO AND RESULTADO IN ( 825) )'
  ELSE '' 
END INTO :LTE FROM DUAL;


SELECT     ACV.SEQPESSOA 
          ,ACV.PESSOA AS CLIENTE
          ,COM.PROCESSO AS PROCESSO_CRM
          ,COM.ITENS_DO_AMS AS ITENS_AMS
          ,ACV.DTAREALIZACAO AS DTA_ACOMPANHAMENTO_VENDA_D   
          , ( SELECT MAX(DTAREALIZACAO) FROM IV_HISTORICO WHERE PROCESSO = COM.PROCESSO AND RESULTADO in (731,1494)) AS DTA_FATURAMENTO_D  
          ,ACV.CEN AS CEN
          ,ACV.ESPECIALISTA_AMS AS ESPECIALISTA
          ,ACV.Valor_do_ams AS Valor   
          ,ACV.VLR_COMISSAO_CEN
          ,ACV.VLR_COMISSAO_ESPECIA
FROM IV_Q$Comissao_AMS ACV  
          JOIN IV_Q$VENDA_AMS COM ON COM.PROCESSO = ACV.PROCESSO 
		  JOIN IV_PROCDADO PDD ON PDD.PROCESSO = COM.PROCESSO
          JOIN IV_PROCESSO PRC ON PRC.PROCESSO = COM.Processo        
WHERE ACV.DTAREALIZACAO >= :DT1
  AND ACV.DTAREALIZACAO <= :DT2
  AND EXISTS ( SELECT 1 FROM IV_HISTORICO WHERE PROCESSO = COM.PROCESSO AND RESULTADO IN (731,1494))
--#LTA
#LTC
#LTE ","FRM_045_Formulario Comissao AMS.qrp","1","Microsoft Sans Serif","8","","","","","","","","","DIEGO.MARQUES","1","","","","24/10/2019 14:29:00","","23/11/2023 15:22:13","LIVIA.SILVA","151"
"108","FRM_050","Formulario Comissao Serviço AMS","Formulario Comissao Serviço AMS","","SELECT CASE WHEN LEN(:LT1) = 1 THEN '' ELSE ' AND ACV.PROCESSO = :LT1' END INTO :LTC FROM DUAL;

SELECT CASE :LS1
      WHEN 'ABERTO' THEN 'AND NOT EXISTS ( SELECT 1 FROM IV_HISTORICO WHERE PROCESSO = ACV.PROCESSO AND RESULTADO IN (1391,1194,1388,1389 ))' 
      WHEN 'PAGO' THEN 'AND EXISTS ( SELECT 1 FROM IV_HISTORICO WHERE PROCESSO = COM.PROCESSO AND RESULTADO IN ( 1193) )'
  ELSE '' 
END INTO :LTE FROM DUAL;

SELECT     
           ACV.SEQPESSOA 
          ,ACV.PESSOA AS CLIENTE
          ,COM.PROCESSO AS PROCESSO_CRM
          ,COM.SERVICO_VENDIDO AS SERVICO 
           ,ACV.DTAREALIZACAO AS DTA_ACOMPANHAMENTO_VENDA_D   
          , ( SELECT MAX(DTAREALIZACAO) FROM IV_HISTORICO WHERE PROCESSO = COM.PROCESSO AND RESULTADO = 1388 ) AS DTA_FATURAMENTO_D
          ,ACV.CEN_ AS CEN
          ,ACV.ESPECIALISTA_AMS AS ESPECIALISTA
          ,ACV.VALOR_DO_SERVICO AS Valor   
          ,ACV.VALOR_COMISSAO_ESP
          ,ACV.VALOR_COMISSAOCEN   
FROM IV_Q$Comissao_Serv_AMS ACV  
          JOIN IV_Q$VENDA_SERVICOS_AMS COM ON COM.PROCESSO = ACV.PROCESSO 
          JOIN IV_PROCDADO PDD ON PDD.PROCESSO = COM.PROCESSO
          JOIN IV_PROCESSO PRC ON PRC.PROCESSO = COM.Processo
WHERE ACV.DTAREALIZACAO >= :DT1
  AND ACV.DTAREALIZACAO <= :DT2
  AND EXISTS ( SELECT 1 FROM IV_HISTORICO WHERE PROCESSO = COM.PROCESSO AND RESULTADO = 1388 )
#LTA
#LTC
#LTE ","FRM_050_Formulario Comissao Serviço AMS.qrp","1","Microsoft Sans Serif","8","","","","","","","","","DIEGO.MARQUES","1","","","","17/06/2020 22:09:00","","15/12/2023 08:43:19","LIVIA.SILVA","64"
"109","FRM_055","Formulario Premio Venda Direta","Formulario Premio Venda Direta","","SELECT CASE WHEN LEN(:LT1) = 1 THEN '' ELSE ' AND ACV.PROCESSO = :LT1' END INTO :LTC FROM DUAL;

SELECT     
 
               ACV.PESSOA AS CLIENTE
             ,COM.PROCESSO AS PROCESSO_CRM
            ,( SELECT MAX(DTAREALIZACAO) FROM IV_HISTORICO WHERE PROCESSO = COM.PROCESSO AND RESULTADO in (444)) AS DTA_FATURAMENTO
            ,COM.TIPO_EQUIP AS Equipamento
            ,ACV.CEN AS CEN
            ,ACV.Valor_Venda AS Valor   
            ,ACV.Valor_COMISSAO 
             ,ACV.Equipamento_AMS_FULL
            ,ACV.especialista_venda AS Especialista
            ,ACV.Premio_especialista 
FROM IV_Q$Comissao_contachave ACV
          JOIN IV_Q$ACOMP_VENDA_DIRETAJD COM ON COM.PROCESSO = ACV.PROCESSO 
          JOIN IV_PROCDADO PDD ON PDD.PROCESSO = COM.PROCESSO
          JOIN IV_PROCESSO PRC ON PRC.PROCESSO = COM.Processo        
WHERE ACV.DtaAlteracao >= :DT1
  AND ACV.DtaAlteracao <= :DT2
  AND ACV.PREMIO_PAGO = 'SIM'
  AND EXISTS ( SELECT 1 FROM IV_HISTORICO WHERE PROCESSO = COM.PROCESSO AND RESULTADO IN (444))
--#LTA
#LTC
#LTE ","","1","Microsoft Sans Serif","8","","","","","","","","","DIEGO.MARQUES","1","","","","14/12/2020 13:20:00","","15/12/2023 08:43:47","LIVIA.SILVA","39"
"110","FRM_088","Aferição de Serviço Web","Aferição de Serviço","","SELECT CASE WHEN LEN(:LT1) = 1 THEN '' ELSE ' AND ACV.PROCESSO = :LT1' END INTO :LTC FROM DUAL;


select 
    ACV.SeqPessoa as SeqPessoa
    ,ACV.Pessoa as Cliente
    ,COM.Processo as Processo
   ,ACV.DtaRealizacao as Data_Realizada
   ,( SELECT MAX(DTAREALIZACAO) FROM IV_HISTORICO WHERE PROCESSO = COM.PROCESSO AND RESULTADO in (40126,40127,40391))
   ,ACV.NOTANPS as Nota_NPS
  ,ACV.OS_PRAZOS_AGENDADOS_ as Prazos
  ,ACV.AGENDAMENTO_ENTREGA as Agendamento
 ,ACV.EXPECTATIVA_TECNICO as Expectativa
 ,ACV.SERV_CORRETAMENTE as Servico
  from IV_Q$AFERICAO_SERV_WEB acv
  JOIN IV_Q$AFERICAO_SERV_WEB COM ON COM.PROCESSO = ACV.PROCESSO 
 WHERE ACV.DTAREALIZACAO >= :DT1
  AND ACV.DTAREALIZACAO <= :DT2","","1","Microsoft Sans Serif","8","","","","","","","","","DIEGO.MARQUES","1","","","","15/06/2020 14:23:00","","15/12/2023 08:43:59","LIVIA.SILVA","6"
"111","FRM_089","Aferição de Serviço","Aferição de Serviço","","SELECT CASE WHEN LEN(:LT1) = 1 THEN '' ELSE ' AND ACV.PROCESSO = :LT1' END INTO :LTC FROM DUAL;


select 
     ACV.SeqPessoa as SeqPessoa
    ,ACV.Pessoa as Cliente
    ,COM.Processo as Processo
   ,ACV.DtaRealizacao as Data_Realizada
   ,( SELECT MAX(DTAREALIZACAO) FROM IV_HISTORICO WHERE PROCESSO = COM.PROCESSO AND RESULTADO in (40126,40127,40391))
   ,ACV.QUE_NOTA_O_A__SR__A_ as Nota_NPS
   ,ACV.PRAZO_AGENDADOS as Prazos
   ,ACV.ACORDADO_CUMPRIDO as Acordado
   ,ACV.TECNICO_ATENDEU as Tecnico
   ,ACV.SERV_EXECUTADO as Servico
   ,ACV.TEVE_RETORNAR
  from IV_Q$servicos_afericao acv
  JOIN IV_Q$servicos_afericao COM ON COM.PROCESSO = ACV.PROCESSO 
 WHERE ACV.DTAREALIZACAO >= :DT1
  AND ACV.DTAREALIZACAO <= :DT2","","1","Microsoft Sans Serif","8","","","","","","","","","DIEGO.MARQUES","1","","","","15/06/2020 14:30:00","","15/12/2023 08:44:28","LIVIA.SILVA","4"
"112","FRM_090","Comissao Trator","Comissao Trator","","SELECT CASE WHEN LEN(:LT1) = 1 THEN '' ELSE ' AND ACV.PROCESSO = :LT1' END INTO :LTC FROM DUAL;


SELECT 
                   PES.NOMERAZAO AS CLIENTE
                  ,COM.PROCESSO AS PROCESSO_CRM
                 ,(SELECT MAX(DTAREALIZACAO) FROM IV_HISTORICO WHERE PROCESSO = COM.PROCESSO AND RESULTADO = 212 ) AS DATA_FATURAMENTO
                 --ACV.NRO_NF1 AS NRO_NOTA
                 , ACV.MODEL_EQUIP1 AS MODELO
                 , COM.VALOR_DO_EQUIPAMENTO
                 , ACV.NRO_NF1 AS NRO_NOTA
                 , COM.SINAL_EMBUTIDO AS SINAL_EMBUTIDO_GERENTE
                 , PDD.VENDEDOR AS CEN
                 , COM.ESPECIALISTA_NA_VEND AS HOUVE_ESPECIALISTA_NA_VENDA
                 , COM.ESPECIALISTA_VENDA_A AS ESPECIALISTA
                 --COM.VALOR_BASE_COMISSAO AS VALOR_BASE_COMISSAO
                 --COM.VLR_COMISSAO AS VALOR_COMISSAO 
                 , COM.VLR_COMISSAO_CEN AS VALOR_COMISSAO_CEN
                 , COM.VALOR_COMISSAO_ESP AS VALOR_PREMIO_ESPECIALISTA
	 --COM.VLR_COMISSAO_ESPECIA AS VALOR_PREMIO_ESPECIALISTA
                 --CASE WHEN COM.ACELERADOR___RISCO__ IS NULL OR COM.ACELERADOR___RISCO__ = '' THEN 'Sem Acelerador' ELSE COM.ACELERADOR___RISCO__ END                    AS ACELERADOR_RISCO
                 --CASE WHEN COM.ACELERADOR___MARGEM_ IS NULL OR COM.ACELERADOR___MARGEM_ = '' THEN 'Sem Acelerador' ELSE COM.ACELERADOR___MARGEM_                    END AS ACELERADOR_MARGEM
                 --CASE WHEN CAST(COM.Q013_AGRICULTURA_DE_ AS CHAR(1)) = '1' THEN 'Sim' ELSE 'Não' END AS ACEL_AGRICULTURA_PRECISAO
                 --CASE WHEN CAST(COM.Q013_CONTRATOS_DE_PE AS CHAR(1)) = '1' THEN 'Sim' ELSE 'Não' END  AS ACEL_PECAS_SERVICOS_MONIT
                 --CASE WHEN CAST(COM.Q013_TREINAMENTO AS CHAR(1)) = '1' THEN 'Sim' ELSE 'Não' END  AS ACEL_TREINAMENTO
                 --CASE WHEN CAST(COM.Q013_VENDA_1__TRATOR AS CHAR(1)) = '1' THEN 'Sim' ELSE 'Não' END  AS ACEL_VENDA_1_TRATOR
                 --CASE WHEN COM.VENDA_DE_PACOTE_OU_P IS NULL OR  COM.VENDA_DE_PACOTE_OU_P = '' THEN 'Não' ELSE COM.VENDA_DE_PACOTE_OU_P END AS                    VENDA_PACOTE_PRODUTO
                   --COM.VLR_TOTAL_COMISSAO AS VALOR_TOTAL_COMISSAO
                   , COM.DESCONTO_INCONDICION AS VALOR_AMS_ADICIONAL
                   , COM.VLR_COMISSAO_ADC_ESP 
                   , COM.VLR_COMISSAO_ADC_CEN
                   FROM IV_Q$ACOMPANH_VENDA_JDE ACV
                   JOIN IV_Q$COMISSAO COM ON COM.PROCESSO = ACV.PROCESSO
                   JOIN IV_PROCDADO PDD ON PDD.PROCESSO = COM.PROCESSO
                   JOIN IV_PROCESSO PRC ON PRC.PROCESSO = COM.PROCESSO
                   JOIN IV_RESULTADO RES ON RES.RESULTADO = PDD.ULTRESULTADO
                   JOIN GE_PESSOA PES ON PES.SEQPESSOA = COM.SEQPESSOA
                   --JOIN IMP_NFSItem NF ON NF.Nronf = ACV.NRO_NF1
                   WHERE  COM.DtaAlteracao >= :DT1
                   AND COM.DtaAlteracao <= :DT2
                   AND COM.COMISSAO_PAGA___RH_ = 'SIM'
                  --AND EXISTS ( SELECT 1 FROM IV_HISTORICO WHERE PROCESSO = COM.PROCESSO AND RESULTADO = 212)
                  --AND PRC.STATUS NOT IN ('DESISTIU DA COMPRA', 'VENDA PERDIDA')
#LTA
#LTC
#LTE 

","","1","Microsoft Sans Serif","8","","","","","","","","","DIEGO.MARQUES","1","","","","14/10/2021 09:19:00","","15/12/2023 08:44:53","LIVIA.SILVA","99"
"113","FRM_091","Comissao Implemento","Comissao Implemento","","SELECT CASE WHEN LEN(:LT1) = 1 THEN '' ELSE ' AND ACV.PROCESSO = :LT1' END INTO :LTC FROM DUAL;

SELECT    
                   PES.NOMERAZAO AS CLIENTE
                 , COM.PROCESSO AS PROCESSO_CRM
                 , ( SELECT MAX(DTAREALIZACAO) FROM IV_HISTORICO WHERE PROCESSO = COM.PROCESSO AND RESULTADO = 330 ) AS DTA_FATURAMENTO
                 , ACV.NUMERO_NOTAFISCAL AS NRO_NOTA
                 , PDD.VENDEDOR AS CEN
                 , ACV.MODELO_IMPLEMENTO AS MODELO
                 , COM.VALOR_DO_EQUIPAMENTO
                 , COM.VALOR_BASE_COMISSAO AS VALOR_BASE_COMISSAO
                 , COM.VLR_COMISSAO AS VALOR_COMISSAO
                 , COM.VLR_COMISSAO_CEN AS VALOR_COMISSAO_NOVO
                 , COM.SINAL_EMBUTIDO AS SINAL_EMBUTIDO_GERENTE
                 , COM.VLR_TOTAL_COMISSAO AS VLR_TOTAL_COMISSAO
  FROM IV_Q$ACOMPANHAM_VENDA_IMP ACV
          JOIN IV_Q$COMISSAO COM ON COM.PROCESSO = ACV.PROCESSO
          JOIN IV_PROCDADO PDD ON PDD.PROCESSO = COM.PROCESSO
          JOIN IV_PROCESSO PRC ON PRC.PROCESSO = COM.PROCESSO
          JOIN IV_RESULTADO RES ON RES.RESULTADO = PDD.ULTRESULTADO
          JOIN GE_PESSOA PES ON PES.SEQPESSOA = COM.SEQPESSOA
WHERE COM.DtaAlteracao >= :DT1
  AND COM.DtaAlteracao <= :DT2
  AND COM.COMISSAO_PAGA___RH_ = 'SIM'
  AND EXISTS ( SELECT 1 FROM IV_HISTORICO WHERE PROCESSO = COM.PROCESSO AND RESULTADO in ('330','2063') )
  AND PRC.STATUS NOT IN ('DESISTIU DA COMPRA', 'VENDA PERDIDA')
#LTB
#LTC
#LTE ","","1","Microsoft Sans Serif","8","","","","","","","","","DIEGO.MARQUES","1","","","","29/09/2021 17:31:00","","15/12/2023 08:45:05","LIVIA.SILVA","58"
"114","FRM_092","Comissao AMS","COMISSAO AMS","","SELECT CASE WHEN LEN(:LT1) = 1 THEN '' ELSE ' AND ACV.PROCESSO = :LT1' END INTO :LTC FROM DUAL;

SELECT   
           ACV.PESSOA AS CLIENTE
          ,COM.PROCESSO AS PROCESSO_CRM
          ,COM.ITENS_DO_AMS AS ITENS_AMS 
          , ( SELECT MAX(DTAREALIZACAO) FROM IV_HISTORICO WHERE PROCESSO = COM.PROCESSO AND RESULTADO in (731,1494)) AS DTA_FATURAMENTO
          ,ACV.CEN AS CEN
          ,ACV.ESPECIALISTA_AMS AS ESPECIALISTA
          ,ACV.Valor_do_ams AS Valor   
          ,ACV.VALORCOMISSAO_CEN
          ,ACV.VALORCOMISSAO_ESPEC
          ,COM.SINAL_EMBUTIDO AS SINAL_EMBUTIDO_GERENTE 
          FROM IV_Q$Comissao_AMS ACV  
          JOIN IV_Q$VENDA_AMS COM ON COM.PROCESSO = ACV.PROCESSO 
          JOIN IV_PROCDADO PDD ON PDD.PROCESSO = COM.PROCESSO
          JOIN IV_PROCESSO PRC ON PRC.PROCESSO = COM.Processo  
WHERE ACV.DtaAlteracao >= :DT1
  AND ACV.DtaAlteracao <= :DT2
  And  ACV.COMISSAO_PAGA = 'SIM'
  AND EXISTS ( SELECT 1 FROM IV_HISTORICO WHERE PROCESSO = COM.PROCESSO AND RESULTADO IN (731,1494))
#LTB
#LTC
#LTE ","","1","Microsoft Sans Serif","8","","","","","","","","","DIEGO.MARQUES","1","","","","29/11/2021 10:46:00","","15/12/2023 08:45:25","LIVIA.SILVA","37"
"115","FRM_093","Comissao Serviço AMS","Comissao Serviço AMS","","SELECT CASE WHEN LEN(:LT1) = 1 THEN '' ELSE ' AND ACV.PROCESSO = :LT1' END INTO :LTC FROM DUAL;

SELECT      
            ACV.PESSOA AS CLIENTE
          ,COM.PROCESSO AS PROCESSO_CRM
          ,COM.SERVICO_VENDIDO AS SERVICO 
          , ( SELECT MAX(DTAREALIZACAO) FROM IV_HISTORICO WHERE PROCESSO = COM.PROCESSO AND RESULTADO = 1388 ) AS DTA_FATURAMENTO
          ,ACV.CEN_ AS CEN
          ,ACV.ESPECIALISTA_AMS AS ESPECIALISTA
          ,ACV.VALOR_DO_SERVICO AS VALOR 
          ,ACV.VALOR_COMISSAO_ESP
          ,ACv.VALOR_COMISSAOCEN AS VALOR_COMISSAO_CEN
FROM IV_Q$Comissao_Serv_AMS ACV  
          JOIN IV_Q$VENDA_SERVICOS_AMS COM ON COM.PROCESSO = ACV.PROCESSO 
          JOIN IV_PROCDADO PDD ON PDD.PROCESSO = COM.PROCESSO
          JOIN IV_PROCESSO PRC ON PRC.PROCESSO = COM.Processo
WHERE ACV.DtaAlteracao >= :DT1
  AND ACV.DtaAlteracao <= :DT2
  AND ACV.comissao_paga = 'SIM'
  AND EXISTS ( SELECT 1 FROM IV_HISTORICO WHERE PROCESSO = COM.PROCESSO AND RESULTADO = 1388 )
#LTA
#LTC
#LTE ","","1","Microsoft Sans Serif","8","","","","","","","","","DIEGO.MARQUES","1","","","","27/11/2020 10:07:00","","15/12/2023 08:45:37","LIVIA.SILVA","39"
"116","CART","Carteira Peças","Carteira Peças","","SELECT 
         A.SEQCARTEIRA AS IDCARTEIRA,
         A.SEQPESSOA AS SEQPESSOA,
         B.NOMERAZAO AS NOMERAZAO,
         B.CIDADE AS CIDADE,
         B.FONENRO1 AS TELOEFONE,
         --C.LISTA AS POTENCIAL_PECAS ,
         D.Carteira AS CARTEIRA
         FROM IVS_PES A
         JOIN GE_PESSOA B ON B.SeqPessoa = A.SEQPESSOA
         JOIN IV_CLIENTEATRIB C ON C.SeqPessoa = A.SEQPESSOA
        JOIN IVS_Carteira D on D.SeqCarteira = a.SeqCarteira
        JOIN GE_PESSOA PES ON PES.SEQPESSOA = A.SEQPESSOA
        WHERE A.SEQCARTEIRA IN ( #OPT1_ListChave )
        --and c.atributo = 'Potencial Carteira Peças'

        ","","1","Microsoft Sans Serif","8","","","","","","","","","DIEGO.MARQUES","1","","","","07/10/2020 09:45:00","","03/05/2022 15:42:18","MURILO.SOARES","39"
"117","PROP_CART","Propriedade Carteira Peças","Propriedade Carteira Peças","","SELECT 
         A.SEQPESSOA 		AS SEQPESSOA,
         B.NOMERAZAO 		AS NOMERAZAO,
         B.CIDADE 			AS CIDADE,
         B.FONENRO1 		AS TELOEFONE,
         C.LISTA 			AS POTENCIAL_PECAS ,
         D.Carteira 		                AS CARTEIRA,
         h.Trator8000,
         e.Trator7000,	
         F.Trator6000,
         G.Trator5000,
          I.Colhedora,
          j.Colheitadeira,
          l.Plantadeira,
          m.pulverizador	
          
        FROM		
                 IVS_PES 		A
        	JOIN GE_PESSOA	                B ON B.SeqPessoa = A.SEQPESSOA
        	JOIN IV_CLIENTEATRIB 	C ON C.SeqPessoa = A.SEQPESSOA
                JOIN IVS_Carteira 		D on D.SeqCarteira = A.SeqCarteira
        	Left Join 
                (Select  SeqPessoa,
        	              COUNT(campo1) As Trator7000
        		From  IV_CLIENTEPROPR 
        		where 
        		 Campo1 in ('7000','Trator 7000','TRATOR 7200J (MAR-I)','TRATOR 7215J (MAR-I)','TRATOR 7230J (MAR-I)')
                                 and ativo = 'S'
        		group by SeqPessoa) e on e.SEQPESSOA = A.SeqPessoa
     	Left Join 
                (Select  SeqPessoa,
        	              COUNT(campo1) As Trator6000
        		From  IV_CLIENTEPROPR 
        		where 
        		 Campo1 in ('6000','Trator 6000','TRATOR 6100J','TRATOR 6110 J / E','TRATOR 6115J (MAR-I)','TRATOR 6125E/J (MAR-','TRATOR 6135J (MAR-I)','TRATOR 6150J (MAR-I)','TRATOR 6190J (MAR-I)')
                                and ativo = 'S'
        		group by SeqPessoa) F on F.SEQPESSOA = A.SeqPessoa
                 Left Join 
                (Select  SeqPessoa,
        	              COUNT(campo1) As Trator5000
        		From  IV_CLIENTEPROPR 
        		where 
        		 Campo1 in ('5000','Trator 5000')
                                 and ativo = 'S'
        		group by SeqPessoa) G on G.SEQPESSOA = A.SeqPessoa
              Left Join 
                (Select  SeqPessoa,
        	              COUNT(campo1) As Trator8000
        		From  IV_CLIENTEPROPR 
        		where 
        		 Campo1 in ('8000','Trator 8000','TRATOR 8270R (MAR-I)')
                                  and ativo = 'S' 
        		group by SeqPessoa) H on H.SEQPESSOA = A.SeqPessoa
               Left Join 
                (Select  SeqPessoa,
        	              COUNT(campo1) As Colhedora
        		From  IV_CLIENTEPROPR 
        		where 
        		 Campo1 in ('Colhedora','COLHEDORA DE CANA 35','COLHEDORA DE CANA CH','COLHEDORA DE CANA DE','COLHEDORA DE CANA JD','COLHEDORA DE CANA JO')
                                 and ativo = 'S'
        		group by SeqPessoa) I on I.SEQPESSOA = A.SeqPessoa
                Left Join 
                (Select  SeqPessoa,
        	              COUNT(campo1) As Colheitadeira
        		From  IV_CLIENTEPROPR 
        		where 
        		 Campo1 in ('Colheitadeira','COLHEITADEIRA DE CER','COLHEITADEIRA JOHN D','COLHEITADEIRA S430','Colheitadeira SS','COLHEITADERAS JOHN D')
                                  and ativo = 'S'
        		group by SeqPessoa) j on j.SEQPESSOA = A.SeqPessoa
                 Left Join 
                (Select  SeqPessoa,
        	              COUNT(campo1) As Plantadeira
        		From  IV_CLIENTEPROPR 
        		where 
        		 Campo1 in ('PLANTADEIRA JOHN DEE','Plantadeira S1100')
                                and ativo = 'S'
        		group by SeqPessoa) l on l.SEQPESSOA = A.SeqPessoa
                 Left Join 
                (Select  SeqPessoa,
        	              COUNT(campo1) As Pulverizador
        		From  IV_CLIENTEPROPR 
        		where 
        		 Campo1 in ('Pulverizador','PULVERIZADOR AUTOPRO','PULVERIZADOR M4025','PULVERIZADOR M4030')
                                 and ativo = 'S'
        		group by SeqPessoa) m on m.SEQPESSOA = A.SeqPessoa




          WHERE 
        	A.SEQCARTEIRA  IN ( #OPT1_ListChave )
                and  c.atributo = 'Potencial Carteira Peças'
                
        	","","1","Microsoft Sans Serif","8","","","","","","","","","DIEGO.MARQUES","1","","","","14/09/2020 23:16:00","","14/12/2023 09:56:51","EDUARDO.SORIANO","31"
"118","REL_PROSP","RELATORIO PROSPECCAO","RELATORIO PROSPECCAO","","SELECT
       A.NOMEREDUZIDO,
       A.NROEMPRESA,
       e.Com_Interesse_Pecas,
       h.Com_Interesse_Pneus,
       i.Com_Interesse_Servicos,
       l.Com_Interesse_Futuro,
       f.Sem_Interesse,
       G.Cancelada
	 
FROM GE_EMPRESA A 
     Left Join 
                   (Select 
        			Nroempresa,
        			COUNT(Resultado) As Com_Interesse_Pecas
        			From  IV_Historico 
        		where Resultado = 1641
                                and DtaRealizacao > = :DT1
                                and DtaRealizacao < = :DT2
        		group by NROEMPRESA)e on e.NROEMPRESA = A.NROEMPRESA
      Left Join 
                   (Select 
        			Nroempresa,
        			COUNT(Resultado) As Com_Interesse_Pneus
        			From  IV_Historico 
        		where Resultado = 1775
                                and DtaRealizacao > = :DT1
                                and DtaRealizacao < = :DT2 
        		group by NROEMPRESA)h on h.NROEMPRESA = A.NROEMPRESA
      Left Join 
                   (Select 
        			Nroempresa,
        			COUNT(Resultado) As Com_Interesse_Servicos
        			From  IV_Historico 
        		where Resultado = 1776
                                and DtaRealizacao > = :DT1
                                and DtaRealizacao < = :DT2
        		group by NROEMPRESA)i on i.NROEMPRESA = A.NROEMPRESA
        Left Join 
                   (Select 
        			Nroempresa,
        			COUNT(Resultado) As Sem_Interesse
        			From  IV_Historico 
        		where Resultado = 1640
                                 and DtaRealizacao > = :DT1
                                and DtaRealizacao < = :DT2
        		group by NROEMPRESA)f on f.NROEMPRESA = A.NROEMPRESA
        Left Join 
                   (Select 
        			Nroempresa,
        			COUNT(Resultado) As Cancelada
        			From  IV_Historico 
        		where Resultado = 1639
                                 and DtaRealizacao > = :DT1
                                and DtaRealizacao < = :DT2
        		group by NROEMPRESA)G on G.NROEMPRESA = A.NROEMPRESA
        left Join
                   (Select 
        			Nroempresa,
        			COUNT(Resultado) As Com_Interesse_Futuro
        			From  IV_Historico 
        		where Resultado = 1664
                                 and DtaRealizacao > = :DT1
                                and DtaRealizacao < = :DT2
        		group by NROEMPRESA)l on l.NROEMPRESA = A.NROEMPRESA



	 ","","1","Microsoft Sans Serif","8","","","","","","","","","DIEGO.MARQUES","1","","","","23/09/2020 23:49:00","","13/02/2026 09:48:37","NETO.PRADO","7"
"119","REL_MIDIA","","","","","","1","Microsoft Sans Serif","8","","","","","","","","","DIEGO.MARQUES","","","","","16/09/2020 20:10:00","","","",""
"120","REL_CONTAT","Relatorio Contato Digital","Relatorio Contato Digital","","SELECT
                   A.ResultadoCmpl,
	   e.Facebook,
	   f.Indicacao,
	   g.Instagram,
	   h.Olx,
	   i.Jd_Conecta,
	   j.Anuncios,
	   l.Email_MKT,
	   m.Eventos,
	   n.Ja_Conhece,
	   O.Landing_Page,
	   p.Radio,
	   q.Site_,
	   r.SMS,
	   s.Tv,
	   t.Visita,
	   u.Whats_app,
	   v.Youtube
                  -- (SELECT MAX(DTAREALIZACAO) FROM IV_HISTORICO WHERE RESULTADO = A.RESULTADO AND RESULTADO = 1278 ) AS DATA_FATURAMENTO


FROM IV_ResultadoCmpl A

Left Join 
                   (Select 
        			ResultadoCmpl,
        			COUNT( FormaPrimCont) As Facebook
        			From  IV_HISTORICO
        		    where FormaPrimCont = 'Facebook'
                                  and resultado = 1278
                                  and DtaRealizacao > = :DT1
                                 and DtaRealizacao < = :DT2
        		group by ResultadoCmpl)e on e.ResultadoCmpl = A.ResultadoCmpl
				--where resultado = 1278
Left Join 
                   (Select 
        			ResultadoCmpl,
        			COUNT(FormaPrimCont) As Indicacao
        			From  IV_HISTORICO 
        		    where FormaPrimCont = 'Indicacao'
                                   and resultado = 1278
                                   and DtaRealizacao > = :DT1
                                   and DtaRealizacao < = :DT2
        		group by ResultadoCmpl)f on f.ResultadoCmpl = A.ResultadoCmpl
				--where resultado = 1278			
				 Left Join 
                   (Select 
        			ResultadoCmpl,
        			COUNT(FormaPrimCont) As Instagram
        			From  IV_HISTORICO 
        		    where FormaPrimCont = 'Instagram'
                                  and resultado = 1278
                                  and DtaRealizacao > = :DT1
                                  and DtaRealizacao < = :DT2
        		group by ResultadoCmpl)g on g.ResultadoCmpl = A.ResultadoCmpl
				--where resultado = 1278	
								 Left Join 
                   (Select 
        			ResultadoCmpl,
        			COUNT(FormaPrimCont) As olx
        			From  IV_HISTORICO 
        		    where FormaPrimCont = 'olx'
                                and resultado = 1278
                                and DtaRealizacao > = :DT1
                                and DtaRealizacao < = :DT2
        		group by ResultadoCmpl)h on h.ResultadoCmpl = A.ResultadoCmpl	
							 Left Join 
                   (Select 
        			ResultadoCmpl,
        			COUNT(FormaPrimCont) As Jd_Conecta
        			From  IV_HISTORICO 
        		    where FormaPrimCont = 'jd Conecta'
                                   and resultado = 1278
                                   and DtaRealizacao > = :DT1
                                   and DtaRealizacao < = :DT2
        		group by ResultadoCmpl)i on i.ResultadoCmpl = A.ResultadoCmpl
				          Left Join 
                   (Select 
        			ResultadoCmpl,
        			COUNT(FormaPrimCont) As Anuncios
        			From  IV_HISTORICO 
        		    where FormaPrimCont = 'Anuncios'
                                  and resultado = 1278
                                  and DtaRealizacao > = :DT1
                                  and DtaRealizacao < = :DT2
        		group by ResultadoCmpl)j on j.ResultadoCmpl = A.ResultadoCmpl
				 Left Join 
                   (Select 
        			ResultadoCmpl,
        			COUNT(FormaPrimCont) As Email_MKT
        			From  IV_HISTORICO 
        		    where FormaPrimCont = 'Email Mkt'
                                  and resultado = 1278
                                  and DtaRealizacao > = :DT1
                                  and DtaRealizacao < = :DT2
        		group by ResultadoCmpl)l on l.ResultadoCmpl = A.ResultadoCmpl
								 Left Join 
                   (Select 
        			ResultadoCmpl,
        			COUNT(FormaPrimCont) As Eventos
        			From  IV_HISTORICO 
        		    where FormaPrimCont = 'Eventos'
                                  and resultado = 1278
                                  and DtaRealizacao > = :DT1
                                  and DtaRealizacao < = :DT2
        		group by ResultadoCmpl)m on m.ResultadoCmpl = A.ResultadoCmpl
                       Left Join 
                   (Select 
        			ResultadoCmpl,
        			COUNT(FormaPrimCont) As Ja_Conhece
        			From  IV_HISTORICO 
        		    where FormaPrimCont = 'Ja Conhece'
                                   and resultado = 1278
                                   and DtaRealizacao > = :DT1
                                   and DtaRealizacao < = :DT2
        		group by ResultadoCmpl)n on n.ResultadoCmpl = A.ResultadoCmpl
				 Left Join 
                   (Select 
        			ResultadoCmpl,
        			COUNT(FormaPrimCont) As Landing_Page
        			From  IV_HISTORICO 
        		    where FormaPrimCont = 'Landing_Page'
                                   and resultado = 1278
                                   and DtaRealizacao > = :DT1
                                   and DtaRealizacao < = :DT2
        		group by ResultadoCmpl)o on o.ResultadoCmpl = A.ResultadoCmpl
				Left Join 
                   (Select 
        			ResultadoCmpl,
        			COUNT(FormaPrimCont) As Radio
        			From  IV_HISTORICO 
        		    where FormaPrimCont = 'Rádio' 
                                   and resultado = 1278
                                   and DtaRealizacao > = :DT1
                                   and DtaRealizacao < = :DT2
        		group by ResultadoCmpl)p on p.ResultadoCmpl = A.ResultadoCmpl
								Left Join 
                   (Select 
        			ResultadoCmpl,
        			COUNT(FormaPrimCont) As Site_
        			From  IV_HISTORICO 
        		    where FormaPrimCont = 'Site'
                                  and resultado = 1278
                                  and DtaRealizacao > = :DT1
                                  and DtaRealizacao < = :DT2
        		group by ResultadoCmpl)q on q.ResultadoCmpl = A.ResultadoCmpl
                	Left Join 
                   (Select 
        			ResultadoCmpl,
        			COUNT(FormaPrimCont) As SMS
        			From  IV_HISTORICO 
        		    where FormaPrimCont = 'SMS'
                                  and resultado = 1278
                                  and DtaRealizacao > = :DT1
                                  and DtaRealizacao < = :DT2
        		group by ResultadoCmpl)r on r.ResultadoCmpl = A.ResultadoCmpl
                	Left Join 
                   (Select 
        			ResultadoCmpl,
        			COUNT(FormaPrimCont) As TV
        			From  IV_HISTORICO 
        		    where FormaPrimCont = 'TV'
                                  and resultado = 1278
                                  and DtaRealizacao > = :DT1
                                  and DtaRealizacao < = :DT2
        		group by ResultadoCmpl)S on S.ResultadoCmpl = A.ResultadoCmpl
			      Left Join 
                   (Select 
        			ResultadoCmpl,
        			COUNT(FormaPrimCont) As Visita
        			From  IV_HISTORICO 
        		    where FormaPrimCont = 'Visita'
                                   and resultado = 1278
                                   and DtaRealizacao > = :DT1
                                   and DtaRealizacao < = :DT2
        		group by ResultadoCmpl)t on t.ResultadoCmpl = A.ResultadoCmpl
				Left Join
                   (Select 
        			ResultadoCmpl,
        			COUNT(FormaPrimCont) As Whats_app
        			From  IV_HISTORICO 
        		    where FormaPrimCont = 'Whatsapp'
                                    and resultado = 1278
                                   and DtaRealizacao > = :DT1
                                   and DtaRealizacao < = :DT2
        		group by ResultadoCmpl)u on u.ResultadoCmpl = A.ResultadoCmpl
				Left Join
                   (Select 
				        			ResultadoCmpl,
        			COUNT(FormaPrimCont) As Youtube
        			From  IV_HISTORICO 
        		    where FormaPrimCont = 'Youtube'
                                   and resultado = 1278
                                   and DtaRealizacao > = :DT1
                                   and DtaRealizacao < = :DT2
        		group by ResultadoCmpl)v on v.ResultadoCmpl = A.ResultadoCmpl
	 where a.resultado = 1278
","","1","Microsoft Sans Serif","8","","","","","","","","","DIEGO.MARQUES","1","","","","29/10/2020 18:43:00","","21/08/2024 09:36:09","PEDRO.SOUSA","13"
"121","REL_CONT","Relatorio Contato Digital 2","Relatorio Contato Digital 2","","select 
D.nomerazao,
a.processo,
a.DtaPrimResultado,
a.vendedor,
c.UsuResponsavel,
c.Fase,
c.Status,
a.FormaPrimCont,
e.Departamento


From IV_ProcDado A
Join IV_Processo C on c.processo = a.Processo 
Join GE_Pessoa D on D.SeqPessoa = a.SeqPessoa 

Join 
                (Select  Processo,
        	    ResultadoCmpl As Departamento 
        		From IV_Historico
        		where 
        		Resultado = 1278
        		) e on e.Processo = A.Processo
where  a.DtaPrimResultado >= :DT1
and a.DtaPrimResultado <= :DT2","","1","Microsoft Sans Serif","8","","","","","","","","","DIEGO.MARQUES","1","","","","13/10/2020 07:53:00","","13/02/2026 09:43:36","NETO.PRADO","16"
"122","AMS_FIELD","Relatorio AMS Field","Relatorio AMS Field","","SELECT CASE WHEN LEN(:LT1) = 1 THEN '' ELSE ' AND ACV.PROCESSO = :LT1' END INTO :LTC FROM DUAL;

SELECT   
           ACV.PESSOA AS CLIENTE
          ,COM.PROCESSO AS PROCESSO_CRM
          ,COM.ITENS_DO_AMS AS ITENS_AMS 
          , ( SELECT MAX(DTArealizacao) FROM IV_HISTORICO WHERE PROCESSO = COM.PROCESSO AND RESULTADO in (731,1494)) AS DTA_FATURAMENTO
          ,ACV.CEN AS CEN
          ,ACV.ESPECIALISTA_AMS AS ESPECIALISTA
          ,ACV.Valor_do_ams AS Valor   
          ,ACV.VLR_COMISSAO_CEN
          ,ACV.VLR_COMISSAO_ESPECIA
          ,COM.SINAL_EMBUTIDO AS SINAL_EMBUTIDO_GERENTE 
          FROM IV_Q$Comissao_AMS ACV  
          JOIN IV_Q$VENDA_AMS COM ON COM.PROCESSO = ACV.PROCESSO 
          JOIN IV_PROCDADO PDD ON PDD.PROCESSO = COM.PROCESSO
          JOIN IV_PROCESSO PRC ON PRC.PROCESSO = COM.Processo  
          JOIN IV_HISTORICO hst    ON HST.PROCESSO = ACV.PROCESSO
WHERE HST.DtaRealizacao >= :DT1
  AND HST.DtaRealizacao <= :DT2
  AND HST.Resultado IN (731,1494)
  AND EXISTS ( SELECT 1 FROM IV_HISTORICO WHERE PROCESSO = COM.PROCESSO AND RESULTADO IN (731,1494))
#LTB
#LTC
#LTE ","","1","Microsoft Sans Serif","8","","","","","","","","","DIEGO.MARQUES","1","","","","21/12/2020 11:22:00","","02/06/2022 13:33:44","ROGER.ABUD","23"
"123","AMS_SERVIÇ","Relatorio AMS Serviço","Relatorio AMS Serviço","","SELECT CASE WHEN LEN(:LT1) = 1 THEN '' ELSE ' AND ACV.PROCESSO = :LT1' END INTO :LTC FROM DUAL;

SELECT      
            ACV.PESSOA AS CLIENTE
          ,COM.PROCESSO AS PROCESSO_CRM
          ,COM.SERVICO_VENDIDO AS SERVICO 
          , ( SELECT MAX(DTAREALIZACAO) FROM IV_HISTORICO WHERE PROCESSO = COM.PROCESSO AND RESULTADO = 1388 ) AS DTA_FATURAMENTO
          ,ACV.CEN_ AS CEN
          ,ACV.ESPECIALISTA_AMS AS ESPECIALISTA
          ,ACV.VALOR_DO_SERVICO AS VALOR 
FROM IV_Q$Comissao_Serv_AMS ACV  
          JOIN IV_Q$VENDA_SERVICOS_AMS COM ON COM.PROCESSO = ACV.PROCESSO 
          JOIN IV_PROCDADO PDD ON PDD.PROCESSO = COM.PROCESSO
          JOIN IV_PROCESSO PRC ON PRC.PROCESSO = COM.Processo
          JOIN IV_HISTORICO HST ON HST.Processo = ACV.PROCESSO
WHERE HST.DTAREALIZACAO >= :DT1
  AND HST.DTAREALIZACAO <= :DT2
  AND HST.RESULTADO = 1388
  AND EXISTS ( SELECT 1 FROM IV_HISTORICO WHERE PROCESSO = COM.PROCESSO AND RESULTADO = 1388 )
#LTA
#LTC
#LTE ","","1","Microsoft Sans Serif","8","","","","","","","","","DIEGO.MARQUES","1","","","","21/12/2020 11:29:00","","02/06/2022 13:54:08","ROGER.ABUD","18"
"124","FRM_VEND","Formulario de Venda trator","Formulario de Venda trator","","SELECT CASE WHEN LEN(:LT2) = 1 THEN '' ELSE ' AND ACV.PROCESSO = :LT2' END INTO :LTB FROM DUAL;

SELECT CASE :LS1
      WHEN 'ABERTO' THEN 'AND NOT EXISTS ( SELECT 1 FROM IV_HISTORICO WHERE PROCESSO = ACV.PROCESSO AND RESULTADO IN ( 212, 213, 215 ))' 
      WHEN 'FATURADO' THEN 'AND EXISTS ( SELECT 1 FROM IV_HISTORICO WHERE PROCESSO = ACV.PROCESSO AND RESULTADO IN ( 212, 213, 215 ) )'
  ELSE '' 
END INTO :LTE FROM DUAL;

SELECT ACV.USUINCLUSAO,
                ACV.DTAREALIZACAO AS DTAREALIZACAO_D,
                ACV.PROCESSO,
	ACV.TIPO_EQUIP1,
	ACV.MARCA_1,
	ACV.MODEL_EQUIP1,
	ACV.AMS1,
	ACV.AMS_DE_FABRICA1,
	ACV.DESCRICAO_AMS1 AS DESCRICAO_AMS1_L,
	ACV.NRO_NF1,
	ACV.NF_DE_REFATURAMENTO,
                ACV.FATURAMENTO_REALIZ AS DTA_FATURAMENTO_D,	
                ACV.MEU_1_JD,
                PES.SEQPESSOA,
                PES.NOMERAZAO,
                ACV.VLR_TOTAL1,
                PD.Vendedor,
                com.ESPECIALISTA_VENDA_A,
                com.VLR_COMISSAO_ADC_CEN,
                com.VLR_COMISSAO_ADC_ESP,
                com.DESCONTO_INCONDICION
  FROM IV_Q$ACOMPANH_VENDA_JDE ACV
       JOIN GE_PESSOA PES ON PES.SEQPESSOA = ACV.SEQPESSOA
       Join IV_ProcDado PD on PD.Processo  = acv.Processo 
       join IV_Q$COMISSAO COM on COM.Processo = acv.Processo
       join IV_HISTORICO HST on HST.Processo = acv.processo
 WHERE hst.DtaRealizacao >= :DT1
and hst.DtaRealizacao  <= :DT2
and hst.Resultado = 212


#LTB
#LTE 
","","1","Microsoft Sans Serif","8","","","","","","","","","DIEGO.MARQUES","1","","","","06/12/2021 17:00:00","","18/06/2024 12:09:39","MATHEUS.AUGUSTO","31"
"125","VEND_CHAVE","Relatorio de Venda Chave","Relatorio de Venda Chave","","SELECT CASE WHEN LEN(:LT1) = 1 THEN '' ELSE ' AND ACV.PROCESSO = :LT1' END INTO :LTC FROM DUAL;

SELECT     
 
               ACV.PESSOA AS CLIENTE
             ,COM.PROCESSO AS PROCESSO_CRM
            ,( SELECT MAX(DTAREALIZACAO) FROM IV_HISTORICO WHERE PROCESSO = COM.PROCESSO AND RESULTADO in (444)) AS DTA_FATURAMENTO
            ,COM.TIPO_EQUIP AS Equipamento
            ,ACV.CEN AS CEN
            ,ACV.Valor_Venda AS Valor   
            ,ACV.Valor_COMISSAO 
             ,ACV.Equipamento_AMS_FULL
            ,ACV.especialista_venda AS Especialista
            ,ACV.Premio_especialista 
FROM IV_Q$Comissao_contachave ACV
          JOIN IV_Q$ACOMP_VENDA_DIRETAJD COM ON COM.PROCESSO = ACV.PROCESSO 
          JOIN IV_PROCDADO PDD ON PDD.PROCESSO = COM.PROCESSO
          JOIN IV_PROCESSO PRC ON PRC.PROCESSO = COM.Processo        
          JOIN iv_HISTORICO HST ON HST.Processo = ACV.Processo
WHERE HST.DtaRealizacao >= :DT1
  AND HST.DtaRealizacao <= :DT2
  AND HST.Resultado = 444
  AND EXISTS ( SELECT 1 FROM IV_HISTORICO WHERE PROCESSO = COM.PROCESSO AND RESULTADO IN (444))
--#LTA
#LTC
#LTE ","","1","Microsoft Sans Serif","8","","","","","","","","","DIEGO.MARQUES","1","","","","21/12/2020 16:46:00","","31/01/2022 07:56:10","ROGER.ABUD","4"
"126","FRM_099","Entrega Fisica Equipamentos","Entrega Fisica Equipamentos","","SELECT CASE WHEN LEN(:LT1) = 1 THEN '' ELSE ' AND ACV.NRO_CHASSI1 = :LT1' END INTO :LTA FROM DUAL;

SELECT CASE WHEN LEN(:LT2) = 1 THEN '' ELSE ' AND ACV.PROCESSO = :LT2' END INTO :LTB FROM DUAL;

SELECT 
       AGD.NroEmpresa AS Loja
     , PES.NOMERAZAO AS Cliente
     , ACV.PROCESSO AS Processo 
     , ACV.MODEL_EQUIP1 AS Modelo
	 , ACV.NRO_NF1 as Nota_Fiscal
	 , ACV.FATURAMENTO_REALIZ AS Data_Faturamento
	 , RES.Descricao AS Marcado_Entregue
	 , his.ResultadoCmpl as Resultado_Complementar
	 , HIS.DtaRealizacao as Data	
	 , MAX(CASE WHEN AGD.ACAO = 44 THEN AGD.REALIZADA ELSE NULL END) AS Realizado_Entrega_Fisica
   FROM IV_Q$ACOMPANH_VENDA_JDE ACV
       JOIN GE_PESSOA PES ON PES.SEQPESSOA = ACV.SEQPESSOA
	   JOIN IV_Historico HIS ON HIS.PROCESSO = ACV.Processo
	   JOIN IV_AGENDA AGD ON AGD.PROCESSO = ACV.PROCESSO
	   JOIN IV_Resultado RES ON RES.Resultado = HIS.Resultado
	   where his.AcaoGeradora = 44
	   and HIS.DtaRealizacao  >= :DT1
	   GROUP BY PES.NOMERAZAO,agd.NroEmpresa, ACV.PROCESSO,ACV.MODEL_EQUIP1,ACV.NRO_NF1,ACV.FATURAMENTO_REALIZ,his.Resultado,RES.Descricao,HIS.DtaRealizacao,his.ResultadoCmpl
","","1","Microsoft Sans Serif","8","","","","","","","","","DIEGO.MARQUES","1","","","","07/02/2022 16:41:00","","15/12/2023 08:45:52","LIVIA.SILVA","7"
"127","COL_888H","Dashboard Horas","Dashbo","","/* -- Ações do processo de equipamentos para monitoramento.
35, APROVAR PEDIDO JDE
126, PREPARAR PEDIDO E DOCTO PARA APROVAÇÃO
41, PREPARAR DOCUMENTAÇÃO EQUIPAMENTO JDE
51, VERIFICAR DISPONIBILIDADE EQUIPAMENT JDE
137,VERIFICAR DISPONIBILIDADE AMS
48, RECEBER EQUIPAMENTO NOVO
39, INFORMAR AGREGA / DESAGREGA JDE
46, REALIZAR PRÉ-ENTREGA JDE
38, FATURAR EQUIPAMENTO JDE
44, REALIZAR ENTREGA FÍSICA EQUIPAMENTO JDE
47, REALIZAR ENTREGA TÉCNICA EQUIPAMENTO JDE
'ABERTO' = Quando ainda não existe o resultado Entrega Técnica Realizada preenchido no processo;
'FINALIZADO' = Quando existe o resultado Entrega Técnica Realizada preenchida no processo;
'TODOS' = Não faz nenhuma condição;
*/


MENSAGEM = 'Atenção! O filtro Data de entrega só será considerado quando escolhido tipo de análise = FINALIZADO';
SELECT CASE :LS2 WHEN 'FINALIZADO' THEN 1 ELSE 0 END INTO :NRZ FROM DUAL;
AVISO;


SET LS1_CMD = ' AND EMP.NOMEREDUZIDO = :LS1 ';

SET SELX1_CMD = ' AND CART.SEQCARTEIRA IN ( #SELX1_ListChave ) ';

SELECT CASE :LS2
      WHEN 'ABERTO' THEN 'AND NOT EXISTS ( SELECT 1 FROM IV_HISTORICO WHERE PROCESSO = PRC.PROCESSO AND RESULTADO IN ( 243 ) ) AND PRC.REALIZADO = 0' 
      WHEN 'FINALIZADO' THEN 'AND EXISTS ( SELECT 1 FROM IV_HISTORICO WHERE PROCESSO = PRC.PROCESSO AND RESULTADO IN ( 243 ) AND DTAREALIZACAO >= :DT3 AND DTAREALIZACAO <= :DT4 )'
  ELSE '' 
END INTO :LTE FROM DUAL;

SELECT TAB.CLIENTE
  , TAB.PROCESSO
 , SUBSTRING(TAB.MODELO, 1, 10) AS MODELO
 , TAB.APROV AS APROV_N 
 , TAB.LEV_DOC AS LEV_DOC_N 
 , TAB.PREP_DOC AS PREP_DOC_N 
 , TAB.DISP AS DISP_N 
 , TAB.DISP_AMS AS DISP_AMS_N
 , TAB.REC_NOVO AS REC_NOVO_N
 , TAB.INF_AG AS INF_AG_N 
 , TAB.PRE_ENT AS PRE_ENT_N 
 , TAB.FAT AS FAT_N 
 , TAB.E_FIS AS E_FIS_N 
 , TAB.TECN AS TECN_N 
       #vksSql_Sysdate ( TAB.APROV) + 
       #vksSql_Sysdate ( LEV_DOC ) +  
       #vksSql_Sysdate ( PREP_DOC ) + 
       #vksSql_Sysdate ( DISP ) +  
       #vksSql_Sysdate ( DISP_AMS ) + 
       #vksSql_Sysdate ( REC_NOVO) +
       #vksSql_Sysdate ( INF_AG ) +
       #vksSql_Sysdate( PRE_ENT) +
       #vksSql_Sysdate ( FAT ) +
       #vksSql_Sysdate( E_FIS ) + 
       #vksSql_Sysdate( TECN ) AS TOTAL_N
  , DATEDIFF(DAY, vksSql_Sysdate (DTA_ATUAL_ENTREGA, DTA_COMB_CLIENTE), vksSql_Sysdate (DTA_ENTREGA, GETDATE())) AS ENTREGA_N
   , #vksSql_Sysdate( DTA_ATUAL_ENTREGA, TAB.DTA_COMB_CLIENTE ) AS DATA_COMBINADA_CLIENTE
     , TAB.ENTREGUE AS ENTR_B
     , 1 AS HUM_NH
FROM (
SELECT PES.NOMERAZAO AS CLIENTE
     , AGD.PROCESSO
     , ACV.MODEL_EQUIP1 AS MODELO
 , MAX(CASE WHEN AGD.ACAO = 35 THEN DBO.fn_ContaHoras(AGD.DTAAGENDAORIGINAL, ISNULL(AGD.DTAREALIZACAO, )) ELSE NULL END) AS APROV 
 , MAX(CASE WHEN AGD.ACAO = 35 THEN AGD.REALIZADA ELSE NULL END) AS AGD_APROV
 , MAX(CASE WHEN AGD.ACAO = 126 THEN DBO.fn_ContaHoras (AGD.DTAAGENDAORIGINAL, ISNULL(AGD.DTAREALIZACAO,  )) ELSE NULL END) AS LEV_DOC 
 , MAX(CASE WHEN AGD.ACAO = 126 THEN AGD.REALIZADA ELSE NULL END) AS AGD_LEV_DOC
 , MAX(CASE WHEN AGD.ACAO = 41 THEN dbo.fn_ContaHoras (AGD.DTAAGENDAORIGINAL, ISNULL(AGD.DTAREALIZACAO, )) ELSE NULL END) AS PREP_DOC 
 , MAX(CASE WHEN AGD.ACAO = 41 THEN AGD.REALIZADA ELSE NULL END) AS AGD_PREP_DOC 
 , MAX(CASE WHEN AGD.ACAO = 51 THEN DBO.fn_ContaHoras (AGD.DTAAGENDAORIGINAL, ISNULL(AGD.DTAREALIZACAO,  )) ELSE NULL END) AS DISP 
 , MAX(CASE WHEN AGD.ACAO = 51 THEN AGD.REALIZADA ELSE NULL END) AS AGD_DISP
 , MAX(CASE WHEN AGD.ACAO = 137 THEN DBO.fn_ContaHoras (AGD.DTAAGENDAORIGINAL, ISNULL(AGD.DTAREALIZACAO, )) ELSE NULL END) AS DISP_AMS 
 , MAX(CASE WHEN AGD.ACAO = 137 THEN AGD.REALIZADA ELSE NULL END) AS AGD_DISP_AMS
 , MAX(CASE WHEN AGD.ACAO = 48 THEN DBO.fn_ContaHoras (AGD.DTAAGENDAORIGINAL, ISNULL(AGD.DTAREALIZACAO,  )) ELSE NULL END) AS REC_NOVO
 , MAX(CASE WHEN AGD.ACAO = 48 THEN AGD.REALIZADA ELSE NULL END) AS AGD_REC_NOVOLEV_DOC
 , MAX(CASE WHEN AGD.ACAO = 39 THEN DBO.fn_ContaHoras (AGD.DTAAGENDAORIGINAL, ISNULL(AGD.DTAREALIZACAO,)) ELSE NULL END) AS INF_AG 
 , MAX(CASE WHEN AGD.ACAO = 39 THEN AGD.REALIZADA ELSE NULL END) AS AGD_INF_AG
 , MAX(CASE WHEN AGD.ACAO = 46 THEN DBO.fn_ContaHoras (AGD.DTAAGENDAORIGINAL, ISNULL(AGD.DTAREALIZACAO,  )) ELSE NULL END) AS PRE_ENT 
 , MAX(CASE WHEN AGD.ACAO = 46 THEN AGD.REALIZADA ELSE NULL END) AS AGD_PRE_ENT
 , MAX(CASE WHEN AGD.ACAO = 38 THEN DBO.fn_ContaHoras (AGD.DTAAGENDAORIGINAL, ISNULL(AGD.DTAREALIZACAO,  )) ELSE NULL END) AS FAT 
 , MAX(CASE WHEN AGD.ACAO = 38 THEN AGD.REALIZADA ELSE NULL END) AS AGD_FAT
 , MAX(CASE WHEN AGD.ACAO = 44 THEN DBO.fn_ContaHoras (AGD.DTAAGENDAORIGINAL, ISNULL(AGD.DTAREALIZACAO,  )) ELSE NULL END) AS E_FIS 
 , MAX(CASE WHEN AGD.ACAO = 44 THEN AGD.REALIZADA ELSE NULL END) AS AGD_E_FIS
 , MAX(CASE WHEN AGD.ACAO = 47 THEN DBO.fn_ContaHoras (AGD.DTAAGENDAORIGINAL, ISNULL(AGD.DTAREALIZACAO,  )) ELSE NULL END) AS TECN 
 , MAX(CASE WHEN AGD.ACAO = 47 THEN AGD.REALIZADA ELSE NULL END) AS AGD_TECN
     , ISNULL(( SELECT MAX(DTAREALIZACAO) FROM IV_HISTORICO WHERE PROCESSO = AGD.PROCESSO AND RESULTADO IN (236, 493, 482) ), GETDATE()) AS DTA_ENTREGA
     , MAX(ACV.DATA_COMBINADA_CLIEN) AS DTA_COMB_CLIENTE
     , MAX(ACV.DATA_ATUALIZADA) AS DTA_ATUAL_ENTREGA
  FROM IV_PROCESSO PRC
	JOIN IV_PROCDADO PDD ON PDD.PROCESSO = PRC.PROCESSO
	JOIN IV_AGENDA AGD ON AGD.PROCESSO = PRC.PROCESSO
    AND AGD.DtaGeracaoOrig < ISNULL(dateadd(minute, 0, AGD.DTAREALIZACAO), GETDATE()) 
	JOIN GE_PESSOA PES ON PES.SEQPESSOA = AGD.SEQPESSOA
	JOIN IV_Q$ACOMPANH_VENDA_JDE ACV ON ACV.PROCESSO = AGD.PROCESSO
                JOIN IV_PROCSTATMONIT PED ON PED.PROCESSO = PDD.PROCESSO AND PED.STATUS = 'EM ANDAMENTO'
	JOIN IVS_PES PESC ON PESC.SEQPESSOA = PDD.SEQPESSOA
	JOIN IVS_DEPTO DPTO ON DPTO.SEQDEPTO = PESC.SEQDEPTO
                JOIN IVS_CARTEIRA CART ON CART.SEQCARTEIRA = PESC.SEQCARTEIRA
	JOIN GE_EMPRESA EMP ON EMP.NROEMPRESA = CART.NROEMPRESA
                JOIN GE_USUARIO USR ON USR.SEQUSUARIO = CART.SEQUSRRESP
WHERE 1 = 1
  AND PED.DTAMONIT >= :DT1
  AND PED.DTAMONIT <= :DT2
  AND PRC.FASE <> 'Finalizado'
  AND PRC.Status NOT IN ('CANCELADO')
  AND PDD.CODPROCESSO = 7
  #LTE
   --AND AGD.PROCESSO = 896163
  #LS1_CMD
  #SELX1_CMD
GROUP BY PES.NOMERAZAO, AGD.PROCESSO, ACV.MODEL_EQUIP1 
) TAB
ORDER BY TAB.CLIENTE
","","1","Microsoft Sans Serif","8","","","","","","","","","DIEGO.MARQUES","1","","","","01/03/2022 09:00:00","","","",""
"128","FRM_0001B","Formulario Acompanhamento de vendas produto JDE","Formulario Acompanhamento de vendas produto","","SELECT CASE WHEN LEN(:LT1) = 1 THEN '' ELSE ' AND ACV.CHASSI = :LT1' END INTO :LTA FROM DUAL;

SELECT CASE WHEN LEN(:LT2) = 1 THEN '' ELSE ' AND ACV.PROCESSO = :LT2' END INTO :LTB FROM DUAL;

SELECT CASE :LS1            
      WHEN 'ABERTO' THEN 'AND NOT EXISTS ( SELECT 1 FROM IV_HISTORICO WHERE PROCESSO = ACV.PROCESSO AND RESULTADO IN ( 2127))' 
      WHEN 'FATURADO' THEN 'AND EXISTS ( SELECT 1 FROM IV_HISTORICO WHERE PROCESSO = ACV.PROCESSO AND RESULTADO IN (2127) )'
  ELSE '' 
END INTO :LTE FROM DUAL;

SELECT ACV.USUINCLUSAO,
    ACV.DTAREALIZACAO AS DTAREALIZACAO_D,
    ACV.PROCESSO,
	ACV.TIPO_EQUIPAMENTO,
	ACV.MARCA,
	ACV.MODELO_EQUIPAMENTO,
	--ACV.NRO_PED_VEND1,
	ACV.QTDE_PESO_TRASEIRO__,
	ACV.KG_PESO_TRASEIRO__1_,
	ACV.POSICAO_PESO_TRASEIR,
	ACV.QTDE_PESO_TRAS2,
	ACV.KG_PESO_TRASEIRO__2_,
	ACV.QTDE_PESO_DIANTEIRO,
	ACV.KG_PESO_DIANTEIRO,	
	ACV.LASTRO_DIANTEIRO__,
	ACV.LASTRO_TRASEIRO,
	ACV.RODADO_TRASEIRO,
	ACV.RODADO_DIANTEIRO,
	ACV.QTDE_VCR_100 AS QTD_VRC_100,
	ACV.QTDE_VCR_300 AS QTD_VCR_300,
    ACV.MEDIDA_BITOLA,	
	ACV.AMS,
	ACV.RECEPTOR,
	ACV.RADIO,
	ACV.ATIVACAO,
	ACV.MONITOR,
	ACV.VOLANTE,
	ACV.CONECTIVIDADCONECTIV,
	ACV.CONFIGURACOES_AMS,
                ACV.CHASSI,
               ACV.INFORMACAO_PREPARACA,
               PES.SEQPESSOA,
              PES.NOMERAZAO
  FROM IV_Q$ACOMP_VEND_MAQUINAS ACV
       JOIN GE_PESSOA PES ON PES.SEQPESSOA = ACV.SEQPESSOA
 WHERE ACV.DTAREALIZACAO >= :DT1 AND ACV.DTAREALIZACAO <= :DT2
#LTA
#LTB
#LTE ","","1","Microsoft Sans Serif","8","","","","","","","","","VTCCONS","1","","","","03/06/2022 09:46:00","","04/06/2024 11:31:20","LORELAINE.RIBEIRO","36"
"129","FRM_CEN","Visitas Cens","Visitas Cens","","SET LS1_CMD = ' AND EMP.NOMEREDUZIDO = :LS1';

SET SELX1_CMD = ' AND CART.SEQCARTEIRA IN ( #SELX1_ListChave ) ';

SELECT   PES.SeqPessoa,
         PES.NomeRazao,  
         ACV.DETALHE,
         ACV.CodUsuario,
         ACV.DtaRealizacao
 FROM IV_Historico ACV
       JOIN GE_PESSOA PES ON PES.SEQPESSOA = ACV.SEQPESSOA
       JOIN IVS_PES PESC ON PESC.SEQPESSOA = ACV.SEQPESSOA
	JOIN IVS_DEPTO DPTO ON DPTO.SEQDEPTO = PESC.SEQDEPTO
                JOIN IVS_CARTEIRA CART ON CART.SEQCARTEIRA = PESC.SEQCARTEIRA
	JOIN GE_EMPRESA EMP ON EMP.NROEMPRESA = CART.NROEMPRESA
                JOIN GE_USUARIO USR ON USR.SEQUSUARIO = CART.SEQUSRRESP
 WHERE ACV.Dtarealizacao = (SELECT MAX(ACV.Dtarealizacao) IV_Historico ACV)AND ACV.Dtarealizacao <= :DT2
and acv.Resultado in ('2134','2137','2136')


#LTA
#LTB
#LTE ","","1","Microsoft Sans Serif","8","","","","","","","","","DIEGO.MARQUES","1","","","","30/05/2022 23:18:00","","","",""
"130","FRM_0002","Formulario Acompanhamento de vendas produto implemento","Formulario venda produto implemento","","SELECT CASE WHEN LEN(:LT1) = 1 THEN '' ELSE ' AND ACV.CHASSI = :LT1' END INTO :LTA FROM DUAL;

SELECT CASE WHEN LEN(:LT2) = 1 THEN '' ELSE ' AND ACV.PROCESSO = :LT2' END INTO :LTB FROM DUAL;

SELECT CASE :LS1            
      WHEN 'ABERTO' THEN 'AND  EXISTS ( SELECT * FROM IV_Q$GESTAO_CREDITO_IMP WHERE FATURAMENTO_REALIZAD is null)' 
      WHEN 'FATURADO' THEN 'AND EXISTS ( SELECT * FROM IV_Q$GESTAO_CREDITO_IMP WHERE FATURAMENTO_REALIZAD <> '' )'
  ELSE '' 
END INTO :LTE FROM DUAL;

SELECT ACV.USUINCLUSAO,
    ACV.DTAREALIZACAO AS DTAREALIZACAO_D,
    ACV.PROCESSO,
	ACV.TIPO_EQUIPAMENTO,
	ACV.MARCA,
	ACV.MODELO_IMPLEMENTO,
	ACV.DESCRICAO_DETALHADA_,
	ACV.COR_IMPLEMENTO,
	ACV.ANO_FABRICACAO,
	ACV.CHASSI,
	ACV.INFORMACAO_PREPARACA,
               PES.SEQPESSOA,
              PES.NOMERAZAO
       FROM IV_Q$GESTAO_PRODUTO_IMPL ACV
       JOIN GE_PESSOA PES ON PES.SEQPESSOA = ACV.SEQPESSOA
      JOIN IV_Q$GESTAO_CREDITO_IMP IMP ON IMP.SeqPessoa = ACV.SeqPessoa
WHERE ACV.DTAREALIZACAO >=:DT1 AND ACV.DTAREALIZACAO <=:DT2
#LTA
#LTB
#LTE ","FRM_0002_Formulario Acompanhamento de vendas produto implemento.qrp","1","Microsoft Sans Serif","8","","","","","","","","","LIVIA.SILVA","1","","","","03/07/2023 16:34:00","","15/12/2023 08:38:30","LIVIA.SILVA","26"
"131","FRM_0003","Formulario Acompanhamento de venda AMS","Formulario Acompanhamento de venda AMS","","SELECT CASE WHEN LEN(:LT1) = 1 THEN '' ELSE ' AND ACV.CHASSI = :LT1' END INTO :LTA FROM DUAL;

SELECT CASE WHEN LEN(:LT2) = 1 THEN '' ELSE ' AND ACV.PROCESSO = :LT2' END INTO :LTB FROM DUAL;

SELECT CASE :LS1            
      WHEN 'ABERTO' THEN 'AND NOT EXISTS ( SELECT 1 FROM IV_HISTORICO WHERE PROCESSO = ACV.PROCESSO AND RESULTADO IN ( 2127,2146,2229,2230))' 
      WHEN 'FATURADO' THEN 'AND EXISTS ( SELECT 1 FROM IV_HISTORICO WHERE PROCESSO = ACV.PROCESSO AND RESULTADO IN (2127) )'
  ELSE '' 
END INTO :LTE FROM DUAL;

SELECT ACV.USUINCLUSAO,
    ACV.DTAREALIZACAO AS DTAREALIZACAO_D,
    ACV.PROCESSO,
	ACV.ITENS_AMS,
	ACV.COM_INSTALACAO_AMS,
	ACV.ITENS_A_AGREGAR,
	ACV.ITENS_A_DESAGREGAR,
    ACV.QUANTIDADE_ITENS,
    ACV.CHASSI_AMS___1,
	ACV.CHASSI_AMS___2,
	ACV.CHASSI_AMS___3,
	ACV.CHASSI_AMS___4,
	ACV.CHASSI_AMS___5,
	ACV.CHASSI_AMS___6,
	ACV.CHASSI_AMS___7,
	ACV.CHASSI_AMS___8,
	ACV.CHASSI_AMS___9,
	ACV.CHASSI_AMS___10,
               PES.SEQPESSOA,
              PES.NOMERAZAO
     FROM IV_Q$GESTAO_PRODUTO___AMS ACV
       JOIN GE_PESSOA PES ON PES.SEQPESSOA = ACV.SEQPESSOA
 WHERE ACV.DTAREALIZACAO >= :DT1 AND ACV.DTAREALIZACAO <= :DT2
#LTA
#LTB
#LTE ","FRM_0003_Formulario Acompanhamento de venda AMS.qrp","1","Microsoft Sans Serif","8","","","","","","","","","DIEGO.MARQUES","1","","","","28/07/2023 08:07:00","","15/12/2023 08:39:02","LIVIA.SILVA","11"
"132","FRM_0001","Formulario Acompanhamento de vendas produto JDE","Formulario Acompanhamento de vendas produto","","SELECT CASE WHEN LEN(:LT1) = 1 THEN '' ELSE ' AND ACV.CHASSI = :LT1' END INTO :LTA FROM DUAL;
SELECT CASE WHEN LEN(:LT2) = 1 THEN '' ELSE ' AND ACV.PROCESSO = :LT2' END INTO :LTB FROM DUAL;
SELECT CASE :LS1            
      WHEN 'ABERTO' THEN 'AND NOT EXISTS ( SELECT 1 FROM IV_HISTORICO WHERE PROCESSO = ACV.PROCESSO AND RESULTADO IN ( 2127,2227,2228,2142,2140,2232,2146))' 
      WHEN 'FATURADO' THEN 'AND EXISTS ( SELECT 1 FROM IV_HISTORICO WHERE PROCESSO = ACV.PROCESSO AND RESULTADO IN (2127) )'
  ELSE '' 
END INTO :LTE FROM DUAL;
SELECT ACV.USUINCLUSAO,
    ACV.DTAREALIZACAO AS DTAREALIZACAO_D,
    ACV.PROCESSO,
	ACV.TIPO_EQUIPAMENTO,
	ACV.MARCA,
	ACV.MODELO_EQUIPAMENTO,
	--ACV.NRO_PED_VEND1,
	ACV.QTDE_PESO_TRASEIRO__,
	ACV.KG_PESO_TRASEIRO__1_,
	ACV.POSICAO_PESO_TRASEIR,
	ACV.QTDE_PESO_TRAS2,
	ACV.KG_PESO_TRASEIRO__2_,
	ACV.QTDE_PESO_DIANTEIRO,
	ACV.KG_PESO_DIANTEIRO,	
	ACV.LASTRO_DIANTEIRO__,
	ACV.LASTRO_TRASEIRO,
	ACV.RODADO_TRASEIRO,
	ACV.RODADO_DIANTEIRO,
	ACV.QTDE_VCR_100 AS QTD_VRC_100,
	ACV.QTDE_VCR_300 AS QTD_VCR_300,
    ACV.MEDIDA_BITOLA,	
	ACV.AMS,
	ACV.RECEPTOR,
	ACV.RADIO,
	ACV.ATIVACAO,
      	ACV.MONITOR,
	ACV.VOLANTE,
	ACV.CONECTIVIDADCONECTIV,
	ACV.CONFIGURACOES_AMS as CONFIGURACAO_AMS,
                ACV.CHASSI,
                ACV.INFORMACAO_PREPARACA as INFORMACAO_L,
                PES.SEQPESSOA,
                PES.NOMERAZAO,
                ACV.POSICAO_BITOLA,
                ACV.CREEPER_CR,
                ACV.TROCA_DE_EIXO_3_METR,
                ACV.INSTALACAO_CABINE,
                ACV.TROCA_DE_ASSENTO
  FROM IV_Q$ACOMP_VEND_MAQUINAS ACV
       JOIN GE_PESSOA PES ON PES.SEQPESSOA = ACV.SEQPESSOA
 WHERE ACV.DTAREALIZACAO >= :DT1 AND ACV.DTAREALIZACAO <= :DT2
#LTA
#LTB
#LTE 
","FRM_0001_Formulário Acompanhamento de vendas produto.qrp","1","Microsoft Sans Serif","8","","","0","","","","","","DIEGO.MARQUES","1","0","0","0","27/11/2023 16:09:00","","19/12/2024 17:06:26","DIEGO.MARQUES","1332"
"133","FRM_0004","Formulario de Produtos Não Faturados","Formulario de Produtos Não Faturados","","SELECT distinct
PES.SEQPESSOA,
PES.NOMERAZAO,
ACV.MODELO_EQUIPAMENTO,
ACV.TIPO_EQUIPAMENTO,
ACV.Processo,
ACV.DtaRealizacao,
GC.NOTA_FISCAL
FROM IV_Q$GESTAO_CREDITO gc
JOIN GE_PESSOA PES ON PES.SEQPESSOA = gc.SEQPESSOA
JOIN IV_Q$ACOMP_VEND_MAQUINAS ACV ON ACV.Processo = gc.Processo
WHERE ACV.DTAREALIZACAO >= :DT1 AND ACV.DTAREALIZACAO <= :DT2
AND gc.NOTA_FISCAL is null
ORDER BY PES.NomeRazao



#LTA
#LTB
#LTE 
","","1","Microsoft Sans Serif","8","","","","","","","","","DIEGO.MARQUES","1","","","","10/06/2022 15:42:00","","04/06/2024 11:29:42","LORELAINE.RIBEIRO","104"
"134","PROP_0010","PROPRIEDADE CLIENTE","PROPRIEDADE CLIENTE","","
SELECT   
           ACV.SeqPessoa
          ,COM.NomeRazao
          ,ACV.Referencia AS CEN
          ,ACV.Notas 
          ,ACV.Campo1 AS Seguradora
          ,ACV.Campo2 AS Corretora
          ,ACV.Campo3 AS Pagamento
          ,ACV.Numero1 AS Apolice   
          ,ACV.Data1 AS Cobertura_Inicial
          ,ACV.Data1 AS Cobertura_Final
          ,ACV.Literal1 AS Valor_Cobertura
          ,ACV.Literal2 AS Valor_Seguro
          ,ACV.Literal3 AS Modelo
          ,ACV.Literal4 AS Chassi
          ,ACV.Literal5 AS Vendedor
          ,ACV.DtaInclusao AS Data_Inclusao
          FROM IV_ClientePropr ACV  
          JOIN GE_PESSOA COM ON COM.SEQPESSOA = ACV.SEQPESSOA
WHERE ACV.SeqPropriedade = 18
#LTB
#LTC
#LTE ","","1","Microsoft Sans Serif","8","","","","","","","","","DIEGO.MARQUES","1","","","","20/10/2022 15:22:00","","13/02/2026 09:46:16","NETO.PRADO","60"
"135","CST01","teste (AUTO)","teste","","SELECT 1 AS SEQ, 
               '.' AS SUBSEQ, 
               'QTD. CONTATOS' AS ITEM, 
               COUNT(1) AS QT_N
FROM IV_HISTORICO HIST
WHERE HIST.DtaRealizacao > GETDATE() - 7
UNION
SELECT 1, 
               'a' AS SUBITEM, 
               HIST.CODUSUARIO, 
               COUNT(1)
FROM IV_HISTORICO HIST
WHERE HIST.DtaRealizacao > GETDATE() - 7
GROUP BY HIST.CodUsuario
ORDER BY 1, 2, 3 DESC","","1","Microsoft Sans Serif","8","","","","","","","","","VTCCONS","1","","","","03/02/2023 08:53:00","","","",""
"136","FRM_0010","Formulario Entrega Equipamento JDE","Formulario Entrega Equipamento JDE","","SELECT CASE WHEN LEN(:LT1) = 1 THEN '' ELSE ' AND ACV.CHASSI = :LT1' END INTO :LTA FROM DUAL;
SELECT CASE WHEN LEN(:LT2) = 1 THEN '' ELSE ' AND ACV.PROCESSO = :LT2' END INTO :LTB FROM DUAL;
SELECT 
PES.SeqPessoa, 
PES.NOMERAZAO, 
ACV.DATA_ENTREGA, 
ACV.Processo,
ACV.TRANSPORTE_ENTREGA1, 
ACV.TRANSPORTADORA, 
ACV.VALOR_FRETE

FROM IV_Q$ACOMP_VEND_MAQUINAS ACV

JOIN GE_PESSOA PES ON PES.SEQPESSOA = ACV.SEQPESSOA
 WHERE ACV.DTAREALIZACAO >= :DT1 AND ACV.DTAREALIZACAO <= :DT2
#LTA
#LTB
#LTE 
","","1","Microsoft Sans Serif","8","","","","","","","","","DIEGO.MARQUES","1","","","","08/05/2023 14:25:00","","23/11/2023 15:17:00","LIVIA.SILVA","8"
"137","COM_CLI","CONSULTA CLIENTE CSC","CONSULTA CLIENTE CSC","","SELECT GE_Pessoa.NomeRazao, GE_Pessoa.SeqPessoa, GE_Pessoa.NroCGCCPF, GE_Pessoa.DigCGCCPF, GE_contato.Contato, GE_contato.FoneDDD1, GE_contato.FoneNro1, GE_contato.FoneDDD2, GE_contato.FoneNro2
FROM GE_Pessoa, GE_contato
WHERE GE_Pessoa.SeqPessoa = GE_contato.SeqPessoa
ORDER BY 1","","1","Microsoft Sans Serif","8","","","","","","","","","DIEGO.MARQUES","1","","","","28/07/2023 08:10:00","","02/09/2024 09:42:52","MATHEUS.AUGUSTO","2"
"138","CONS00138","Relatório Primeiro JD","Relatório Primeiro JD","","select 
A.SeqPessoa,
A.PESSOA,
A.FATURAMENTO_REALIZAD,
A.UsuInclusao,
B.TIPO_EQUIPAMENTO,
B.MODELO_EQUIPAMENTO,
B.CHASSI,
B.PROCESSO
from IV_Q$GESTAO_CREDITO AS A
JOIN IV_Q$ACOMP_VEND_MAQUINAS as B ON B.Processo = A.Processo
where A.MEU_PRIMEIRO_JD = 'SIM'","","1","Microsoft Sans Serif","8","","","","","","","","","DIEGO.MARQUES","1","","","","18/08/2023 16:38:00","","03/03/2026 10:24:22","WILLIAN.ALVES","5"
"139","CONS00139","Entrega equipamento JDE - AMS","Entrega equipamento JDE - AMS","","SELECT CASE WHEN LEN(:LT1) = 1 THEN '' ELSE ' AND ACV.CHASSI = :LT1' END INTO :LTA FROM DUAL;
SELECT CASE WHEN LEN(:LT2) = 1 THEN '' ELSE ' AND ACV.PROCESSO = :LT2' END INTO :LTB FROM DUAL;
SELECT 
PES.SeqPessoa, 
PES.NOMERAZAO, 
ACV.CHASSI,
ACV.DATA_ENTREGA, 
ACV.TRANSPORTE_ENTREGA1, 
ACV.TRANSPORTADORA, 
ACV.VALOR_FRETE,
ACV.Processo
FROM IV_Q$ACOMP_VEND_MAQUINAS ACV
JOIN GE_PESSOA PES ON PES.SEQPESSOA = ACV.SEQPESSOA
WHERE ACV.AMS = 'SIM'
AND ACV.DTAREALIZACAO >= :DT1 AND ACV.DTAREALIZACAO <= :DT2
#LTA
#LTB
#LTE ","","1","Microsoft Sans Serif","8","","","","","","","","","DIEGO.MARQUES","1","","","","23/08/2023 15:15:00","","23/08/2023 15:21:21","LIVIA.SILVA","1"
"140","CONS00140","Formulário Acompanhamento Autorizar Venda","Formulário Acompanhamento Autorizar Venda","","SELECT  A.Pessoa, A.SeqPessoa, A.Processo, A.Chassi, B.DtaRealizacao, B.CodUsuario 
FROM IV_Q$ACOMP_VEND_MAQUINAS A
JOIN IV_Historico B 
ON A.Processo = B.Processo
WHERE B.AcaoGeradora = 528
AND B.Resultado = 2145","","1","Microsoft Sans Serif","8","","","","","","","","","LIVIA.SILVA","1","","","","10/10/2023 15:00:00","","17/01/2024 09:45:09","DALISON.VICENTINI","10"
"141","CONS00141","Base cullturas clientes","Base cullturas clientes","","SELECT DISTINCT A.NomeRazao, A.SeqPessoa, A.NroCGCCPF AS CNPJCPF, B.Referencia AS CULTURA
FROM GE_Pessoa A, IV_ClientePropr B
WHERE A.SeqPessoa = B.SeqPessoa
and B.SeqPropriedade = '9400'","","1","Microsoft Sans Serif","8","","","","","","","","","LIVIA.SILVA","1","","","","17/10/2023 09:07:00","","03/03/2026 10:31:32","WILLIAN.ALVES","11"
"142","JDE_101x","Análise da Carteira de Pedidos","Análise da Carteira de Pedidos","","SET LS1_CMD = ' AND ACV.TIPO_EQUIP1 = :LS1';
 
 
SET LS2_CMD = ' AND EMP.NOMEREDUZIDO = :LS2';
 
 
/*SET LTA = fk_StrTranslateSep (""0"",""AND ACV.FATURAMENTO_REALIZ IS NULL"",SN1_X,""~"");*/



 
SELECT DISTINCT
	PRC.STATUS,
	PRC.Fase,
	EMP.NOMEREDUZIDO 				AS EMPRESA,
	RESP.CODUSUARIO 				AS CEN,
	
	VND.QUOTE_ID 					AS NRO_COTACAO,
	VND.TIPO_EQUIPAMENTO 				AS TIPO_DE_EQUIPAMENTO,
	VND.MARCA_EQUIPAM 				AS MARCA,
	VND.MODELO_EQUIPAM				AS MODELO,
/*	DECODE(VND.CONFIG_MAQUINA,'Nenhum', '', 'Full', 'Full', 'Dual', 'Dual')
									AS CONFIGURACAO,
	DECODE(VND.TIPO_CAMBIO,'Nenhuma', '', 'PQ', 'PQ', 'SY', 'SY')
									AS TIPO_CAMBIO,
*/	
VND.CODMODELO AS CONFIGURACAO,
    CASE VND.TIPO_CAMBIO
        WHEN 'Nenhuma' THEN ''
        WHEN 'PQ' THEN 'PQ'
        WHEN 'SY' THEN 'SY'
        ELSE ''
    END 							AS TIPO_CAMBIO,
	--NVL(VND.CABINADO, 'Não') 		      		AS CABINADO,
    Case
    	When VND.CABINADO is null
    		Then 'Não'
    		Else VND.CABINADO
    END							AS CABINADO,	
	PES.SEQPESSOA 					AS SEQPESSOA,		
	--PES.NOMERAZAO 					AS NOMERAZAO,
	--###########################################################################
	--correção implementada no dia 17/04/2024 
	--Email De: Lorena Miranda Tavares da Silva <lorena.tavares@tracbel.com.br>
	--Enviado: sábado, 13 de abril de 2024 13:01
	Case
		When TRIM(VND.PEDIDO_TIRADO_PARA) <>''
			THEN UPPER(TRIM(VND.PEDIDO_TIRADO_PARA))
			ELSE PES.NOMERAZAO
	end						AS NOMERAZAO,
	--###########################################################################
	-----------------------------------------------------------
	--UPPER(/*#vksSql_Nvl*/( VND.FINANCIADO_PARA, PES.NOMERAZAO))
	--						AS NOMERAZAO,
	-----------------------------------------------------------
	--#vksSql_Nvl
	--(ADM.CNPJ_CPF_DO_COMPRADO, PES.NROCGCCPF || PES.DIGCGCCPF)
	--						AS CNPJCPF,
	ADM.NRO_PROPOSTA 				AS PROPOSTA_N,
	--NULL 						AS PROPOSTA,
	ADM.DTA_PROPOSTA 				AS DTA_PROPOSTA_D,
	VND.LINHA_DE_CREDITO 				AS LINHA_CREDITO,
	VND.TIPO_DE_FINANCIAME 				AS FORMA_PGTO ,
	VND.INST_FINANCEIRA,
	ADM.PFA 						AS DTA_PREV_FAT_ATUAL_D,
	ADM.NRO_CHASSI,
	RES.DESCRICAO 					AS ULT_RESULTADO,
	VND.NOME_GERENTE 				AS NOME_DO_GERENTE,
	ADM.TELEFONE_DA_AGENCI 				AS FONE_AGENCIA,
	VND.PFO_PREVISAO_DE_FAT 			AS DTA_PREV_FAT_D,
	ADM.NRO_PAC 					AS NRO_PAC,
	ADM.DTA_FATURAMENTO 				AS DTA_FATURAMENTO_D,
	ADM.NRO_NF 					AS NF_N,
	VND.ORIGEM_FATURAMENTO			AS ORIGEM_FATURAMENTO,
	VND.DATA_PED_VENDA 				AS DTA_PED_D,
	VND.DTAREALIZACAO 				AS DTA_PRENCH_FORM_D,
	VND.VALOR_TOTAL 				AS VALOR_N,
	PDD.DTAULTRESULTADO 				AS DTA_ULT_ANDAMENTO_D,
	--HIST.DETALHE					AS ULT_HISTORICO_L,
	SUBSTRING(HIST.DETALHE,1,60)		AS ULT_HISTORICO,
	PRC.PROCESSO 					AS PROCESSO_N,
	CART.CARTEIRA 					AS CARTEIRA,
	--PES.CIDADE || ' - ' || PES.UF 	AS CIDADE,
	PES.CIDADE #vksSql_ConcatHifen PES.UF AS CIDADE,
	(
		SELECT
			MAX(HIST.DTAREALIZACAO)
		FROM IV_HISTORICO HIST
		WHERE HIST.PROCESSO = PRC.PROCESSO
		AND HIST.RESULTADO = 2548
	) 								AS DATA_PEDIDO_HIST_D
--940015 - Vender Maquina/Implemento 940221 -Pedido Realizado    
FROM 		IV_PROCESSO 		PRC
JOIN 		IV_PROCDADO 		PDD 	ON PDD.PROCESSO 	= PRC.PROCESSO
JOIN 		GE_EMPRESA 			EMP 	ON EMP.NROEMPRESA 	= PDD.NROEMPRESA
JOIN 		GE_PESSOA 			PES 	ON PES.SEQPESSOA 	= PDD.SEQPESSOA
-----------------------------------------------------------------------------
LEFT JOIN 	IV_Q$ADM_FINANCEIRO_N
								ADM 	ON ADM.PROCESSO 	= PRC.PROCESSO
JOIN 		IV_Q$VENDA_N 		VND 	ON VND.PROCESSO 	= PRC.PROCESSO
-----------------------------------------------------------------------------
LEFT JOIN 	IVS_PES 			IVP		ON IVP.SEQPESSOA 	= PDD.SEQPESSOA
    									--AND IVP.POTENCIAL >= 'A'
										AND IVP.SEQDEPTO 	IN ( 2 , 25 )
JOIN 		IVS_CARTEIRA 		CART 	ON CART.SEQCARTEIRA = IVP.SEQCARTEIRA
										------------------------------------------------
                 						--AND CART.SEQCARTEIRA IN ( #OPT1_ListChave )
JOIN 		GE_USUARIO RESP 			ON RESP.SEQUSUARIO 	= CART.SEQUSRRESP
LEFT JOIN
(
		SELECT
			HIS.PROCESSO,
			MAX(HIS.SEQHISTORICO) AS SEQ
		FROM IV_HISTORICO HIS  
		GROUP BY HIS.PROCESSO
) 					Q 		ON Q.PROCESSO 		= PRC.PROCESSO
LEFT JOIN IV_HISTORICO 			HIST 	ON 	HIST.SEQHISTORICO 	= Q.SEQ
--LEFT JOIN IV_HISTORICO_101X		HIST 	ON 	HIST.SEQHISTORICO 	= Q.SEQ
LEFT JOIN IV_RESULTADO 			RES 	ON	 RES.RESULTADO 	= HIST.RESULTADO

-----------------------------------------------------------------------------------------
INNER JOIN (
SELECT 
	PDD.ProcessoDNA		AS	ProcessoDNA,
	MAX(PRC.PROCESSO) 	AS	PROCESSO
	
FROM 		IV_PROCESSO 		PRC
JOIN 		IV_PROCDADO 		PDD 	ON 	PDD.PROCESSO 	= PRC.PROCESSO
										AND PDD.CODPROCESSO = 41
										AND PRC.STATUS 		NOT IN ('VENDA PERDIDA', 'DESISTIU DA COMPRA', 'CANCELADO')
JOIN 		GE_PESSOA 			PES 	ON 	PES.SEQPESSOA 	= PDD.SEQPESSOA
										AND PES.STATUS 		NOT IN ('I', 'F')	
GROUP by 
	PDD.ProcessoDNA
)				 				CTE 	ON 	CTE.ProcessoDNA		= PDD.ProcessoDNA
										AND CTE.PROCESSO 		= PRC.PROCESSO	


WHERE
	PDD.CODPROCESSO 	= 41
/*	
AND (
		ACV.PREV_FATURAM1 IS NULL
		OR 	( ACV.PREV_FATURAM1 >= :DT1 AND ACV.PREV_FATURAM1 <= :DT2 )
    )
*/
AND (
		VND.DTAREALIZACAO IS NULL
		OR 	( VND.DTAREALIZACAO >= :DT1 AND VND.DTAREALIZACAO <= :DT2 )
    ) 
AND PES.STATUS NOT IN ('I', 'F') 
AND PRC.Fase NOT IN 	(	
							'Apresentação',
							'Negociação',
							'Demonstração',
							'Visita à Fábrica',
							'Cliente Referência',
							'Proposta Apresentada'
						)

AND PRC.STATUS  NOT IN 	(			
							'VENDA PERDIDA', 
							'CANCELADO',
							'DESISTIU DA COMPRA'			
						)

/*
AND PRC.STATUS IN (		
							
							'EM ABERTO',
							'FAT AUTORIZADO',
							'PEDIDO REALIZADO',	
							'VENDA REALIZADA',
							'FATURADO'																		
												
						)
*/

AND PRC.STATUS IN (	
							case when #SN1 = '0' 	and  #SN2 = '0' then 'EM ABERTO' ELSE '' end,
							case when #SN1 = '0' 	and  #SN2 = '0' then 'FAT AUTORIZADO' ELSE '' end,
							case when #SN1 = '0' 	and  #SN2 = '0' then 'PEDIDO REALIZADO' ELSE '' end,
							case when #SN1 = '0' 	and  #SN2 = '0' then 'VENDA REALIZADA' ELSE '' end,						
							case when #SN1 = '0' 	and  #SN2 = '0' then 'FATURADO' ELSE '' end,
							
							case when #SN1 = '1' then 'EM ABERTO' ELSE '' end,
							case when #SN1 = '1' then 'FAT AUTORIZADO' ELSE '' end,
							case when #SN1 = '1' then 'PEDIDO REALIZADO' ELSE '' end,
							case when #SN1 = '1' then 'VENDA REALIZADA' ELSE '' end,						
							case when #SN2 = '1' then 'FATURADO' ELSE '' end
)


ORDER BY 1,2,4,5,6
","JDE_101_CarteiraPedido.qrp","1","Microsoft Sans Serif","8","Carteiras: #OPT1_List, Fat. prev entre #DT1 e #DT2","","0","","","","","","MATHEUS.AUGUSTO","1","0","45685980","45697932","30/01/2025 15:40:00","","25/05/2026 07:38:23","SILMARA.FERRARI","248"
"143","CONS00143","","","","","","1","Microsoft Sans Serif","8","","","","","","","","","FELIPE.VIOLIN","","","","","03/04/2024 14:00:00","","","",""
"144","TBA_101X","Análise da Carteira de Pedidos (Novo)","Análise da Carteira de PedidosW","","SET LS2_CMD = ' AND EMP.NOMEREDUZIDO = :LS2';
SET LS1_CMD = ' AND VND.TIPO_DO_EQUIPAMENTO = :LS1';
SET LS3_CMD = ' AND VND.MODELO_DO_EQUIPAMENT = :LS3';
SELECT CASE WHEN :SN1_X = '1' THEN 'AND EXISTS (SELECT 1 FROM IV_HISTORICO WHERE PROCESSO = PRC.PROCESSO AND RESULTADO IN ( 138, 255, 256, 305, 306, 785, 866, 1286, 2143, 176, 2548, 940221, 940225, 940341 ))' ELSE 'AND ADM.DATA_FATURAMENTO IS NULL' END INTO :LTA FROM DUAL;
SELECT CASE WHEN :SN4_X = '1' THEN 'AND PRC.REALIZADO = 0' ELSE '' END INTO :LTB FROM DUAL;
SELECT DISTINCT EMP.NOMEREDUZIDO AS EMPRESA,
 	 hist.vendedor AS CEN, 
               VND.NUMERO_DA_COTACAO AS NRO_COTACAO,
                VND.TIPO_DE_VENDA,
	VND.TIPO_DO_EQUIPAMENTO AS TIPO_DE_EQUIPAMENTO,
               VND.MARCA AS MARCA,
	VND.CODIGO_DO_MODELO AS MODELO,
                 PES.SEQPESSOA AS SEQPESSOA,       
	
	 case when isnull(VND.PEDIDO_TIRADO_PARA, '@')='@' or VND.PEDIDO_TIRADO_PARA='' 
                   then PES.NOMERAZAO 
	  else VND.PEDIDO_TIRADO_PARA end AS NOMERAZAO, 
	#vksSql_Nvl (ADM.CNPJ_CPF_DO_COMPRADO, CAST( PES.NROCGCCPF AS VARCHAR) + CAST (PES.DIGCGCCPF AS VARCHAR ) ) AS CNPJCPF,
    ADM.NUMERO_DA_PROPOSTA AS PROPOSTA_N,
        --NULL AS PROPOSTA,
    ADM.DATA_DA_PROPOSTA AS DTA_PROPOSTA_D,
    
	VND.LINHA_DE_CREDITO AS LINHA_CREDITO,
    VND.INSTITUICAO_FINANCEI AS INST_FINANCEIRA,
    ADM.NRO_CHASSI,
	RES.DESCRICAO AS ULT_RESULTADO,
    NULL AS NOME_DO_GERENTE,
    NULL AS FONE_AGENCIA,
    NULL AS NRO_PAC,
	ADM.DATA_FATURAMENTO AS DTA_FATURAMENTO_D,
    ADM.NRO_NF AS NF_N,
 	VND.ORIGEM_DO_FATURAMENT AS ORIGEM_FATURAMENTO,
    VND.DATA_PEDIDO_DE_VENDA AS DTA_PED_D,
	VND.DTAREALIZACAO AS DTA_PRENCH_FORM_D,
    VND.VALOR_TOTAL AS VALOR_N,
    PDD.DTAULTRESULTADO AS DTA_ULT_ANDAMENTO_D,
    HIST.DETALHE AS ULT_HISTORICO_L,
	PRC.PROCESSO AS PROCESSO_N,

 case when isnull( resp.codusuario, '@')='@' and isnull( resp3.codusuario, '@')='@'  then '<outro CEN>' 
      when isnull( resp.codusuario, '@')<>'@' then resp.CodUsuario
      when isnull( resp3.codusuario, '@')<>'@' then resp3.CodUsuario
      end AS CARTEIRA,

	PES.CIDADE + ' - ' + PES.UF AS CIDADE,
      (SELECT MAX(HIST.DTAREALIZACAO)
         FROM IV_HISTORICO HIST
        WHERE HIST.PROCESSO = PRC.PROCESSO
        AND HIST.RESULTADO = 2548) AS DATA_PEDIDO_HIST_D,
       PDD.Campanha
 --940015 - Vender Maquina/Implemento 940221 -Pedido Realizado    
FROM IV_PROCESSO PRC
 JOIN IV_PROCDADO PDD ON PDD.PROCESSO = PRC.PROCESSO 
 JOIN GE_EMPRESA EMP ON EMP.NROEMPRESA = PDD.NROEMPRESA 
 JOIN GE_PESSOA PES ON PES.SEQPESSOA = PDD.SEQPESSOA 
 LEFT JOIN IV_Q$ADM_FINANCEIRO ADM ON ADM.PROCESSO = PRC.PROCESSO 
 JOIN IV_Q$VENDA VND ON VND.PROCESSO = PRC.PROCESSO 
 LEFT JOIN ( SELECT HIS.PROCESSO, MAX(HIS.SEQHISTORICO) AS SEQ 
             FROM IV_HISTORICO HIS GROUP BY HIS.PROCESSO) Q ON Q.PROCESSO = PRC.PROCESSO 
 LEFT JOIN IV_HISTORICO HIST ON HIST.SEQHISTORICO = Q.SEQ 
 JOIN IVS_PES IVP ON IVP.SEQPESSOA = PDD.SEQPESSOA 
 AND IVP.SEQDEPTO IN ( 2, 25 ) 
 JOIN IVS_CARTEIRA CART  
 ON CART.SEQCARTEIRA = IVP.SEQCARTEIRA 
                      AND CART.SEQCARTEIRA IN ( #OPT1_ListChave )
 LEFT JOIN IV_RESULTADO RES ON RES.RESULTADO = HIST.RESULTADO 
 LEFT JOIN IVS_PES IVP2 ON IVP2.SeqPessoa = PES.SeqPessoa   AND IVP2.SeqDepto = 2
 LEFT JOIN IVS_CARTEIRA CART2 ON CART2.SeqCarteira = IVP2.SeqCarteira
 LEFT JOIN IVS_CartDepto CDEP ON CDEP.SeqDepto = 2 AND CART2.SeqCarteira = CDEP.SeqCarteira
 LEFT JOIN GE_USUARIO RESP ON RESP.CODUSUARIO = HIST.VENDEDOR AND RESP.SEQUSUARIO = CART2.SeqUsrResp
 LEFT JOIN IVS_PES IVP3 ON IVP3.SeqPessoa = PES.SeqPessoa   AND IVP3.SeqDepto = 25
 LEFT JOIN IVS_CARTEIRA CART3 ON CART3.SeqCarteira = IVP3.SeqCarteira
 LEFT JOIN IVS_CartDepto CDEP3 ON CDEP3.SeqDepto = 25 AND CART3.SeqCarteira = CDEP3.SeqCarteira
 LEFT JOIN GE_USUARIO RESP3 ON RESP3.CODUSUARIO = HIST.VENDEDOR  and RESP3.SEQUSUARIO = CART3.SeqUsrResp

WHERE PDD.CODPROCESSO in ( 41, 31 )
  AND VND.DATA_PEDIDO_DE_VENDA >= :DT1
  AND VND.DATA_PEDIDO_DE_VENDA <= :DT2
  AND PRC.STATUS NOT IN ('VENDA PERDIDA', 'DESISTIU DA COMPRA', 'CANCELADO')
  AND PES.STATUS NOT IN ('F')

AND EXISTS (SELECT 1 FROM IV_HISTORICO WHERE RESULTADO=2548 AND PROCESSO = PDD.PROCESSO)
AND NOT EXISTS (SELECT 1 FROM IV_HISTORICO HH2, IV_ProcStatMonit SMO
              WHERE HH2.RESULTADO=2548 AND HH2.PROCESSO = PDD.PROCESSO
			    AND SMO.Processo = HH2.PROCESSO
				AND SMO.Status = 'CREDITO NAO APROVADO'
				AND SMO.DtaMonit > HH2.DtaRealizacao
			  ) 

/*AND PRC.PROCESSO = 130256*/
 #LS2_CMD 
 #LS1_CMD 
 #LS3_CMD 
 #LTA
 #LTB
ORDER BY 1,2,4,5,6
","JDE_101XN_CarteiraPedido.qrp","0","Microsoft Sans Serif","8","Carteiras: #OPT1_List, Fat. prev entre #DT1 e #DT2","","0","","","","","","V:AMAURY","1","0","45685980","45697932","23/05/2025 11:36:00","13/05/2025 11:41:00","01/09/2026 15:07:05","RICARDO.MORETTI","2259"
"145","TEST_014","Índice de Cobertura de Carteira por Potencial
","Índice de Cobertura de Carteira por Potencial
","","SET LS2_CMD = ' AND EMP.NOMEREDUZIDO = :LS2';


SELECT CASE :SN3_X 
          WHEN '1' THEN 'AND EXISTS ( SELECT 1 FROM IV$PROCESSO P WHERE P.SEQPESSOA = PESC.SEQPESSOA AND P.CODPROCESSO = 41 AND P.REALIZADO = 0 )' 
         ELSE '' END INTO :LTA FROM DUAL;

SELECT 
      EMP.NOMEREDUZIDO AS EMPRESA,
      CART.CARTEIRA,
      USR.NOMEREDUZIDO AS RESPONSAVEL,
      ISNULL(PESC.POTENCIAL, 'Não informado') AS POTENCIAL,  
      PESC.SEQPESSOA,
      PES.NOMERAZAO,
      PES.CIDADE + '-' + PES.UF AS CIDADE,
      PESC.DTAULTCTTO AS ULTCTTO_D,
      PESC.DTAULTCTTOEXT AS ULTCCTOEXT_D,
      (SELECT MAX(DTAAGENDA)
         FROM IV_AGENDA AGD
         WHERE AGD.SEQPESSOA = PESC.SEQPESSOA
           AND AGD.REALIZADA = 'N'
           AND AGD.ACAO = DPTO.ACAOCONTATO) AS DTAAGENDACTTO_D,
      (SELECT MAX(DTAAGENDA)
         FROM IV_AGENDA AGD
         WHERE AGD.SEQPESSOA = PESC.SEQPESSOA
           AND AGD.REALIZADA = 'N'
           AND AGD.ACAO = DPTO.ACAOEXTERNA) AS DTAAGENDAEXT_D,
      (SELECT MAX(CAST(PRC.PERSPECTIVA AS VARCHAR(2)) + '-' + PPP.PERSPECTIVA)
         FROM IV_PROCDADO PDD
         JOIN IV_PROCESSO PRC ON PRC.PROCESSO = PDD.PROCESSO
           AND PRC.REALIZADO = 0
           AND PDD.CODPROCESSO = 41
         JOIN IV_PROCPERSP PPP ON PPP.CODPROCESSO = PDD.CODPROCESSO
           AND PPP.PERSPORDEM = PRC.PERSPECTIVA
         JOIN IV_PROCST PST ON PST.CODPROCESSO = PDD.CODPROCESSO 
           AND PST.STATUSORDEM < 50
           AND PST.STATUS = PRC.STATUS
         WHERE PDD.SEQPESSOA = PESC.SEQPESSOA) AS PERSP_NEGABERTA,
      (SELECT MIN(PPP.QTDDIAPRO)
         FROM IV_PROCDADO PDD
         JOIN IV_PROCESSO PRC ON PRC.PROCESSO = PDD.PROCESSO
           AND PRC.REALIZADO = 0
           AND PDD.CODPROCESSO = 41
         JOIN IV_PROCPERSP PPP ON PPP.CODPROCESSO = PDD.CODPROCESSO
           AND PPP.PERSPORDEM = PRC.PERSPECTIVA
         JOIN IV_PROCST PST ON PST.CODPROCESSO = PDD.CODPROCESSO 
           AND PST.STATUSORDEM < 50
           AND PST.STATUS = PRC.STATUS
         WHERE PDD.SEQPESSOA = PESC.SEQPESSOA) AS CICLO_ONEG_N,
      CASE 
           WHEN PESC.POTENCIAL = '1' THEN 'A'
           WHEN PESC.POTENCIAL = '22' THEN 'B'
           WHEN PESC.POTENCIAL = '43' THEN 'C'
           WHEN PESC.POTENCIAL = '64' THEN 'D'
           ELSE 'Não informado'
       END AS CICLO_CTTO_N,
      CASE 
           WHEN PESC.POTENCIAL = '1' THEN 'A'
           WHEN PESC.POTENCIAL = '22' THEN 'B'
           WHEN PESC.POTENCIAL = '43' THEN 'C'
           WHEN PESC.POTENCIAL = '64' THEN 'D'
           ELSE 'Não informado'
       END AS CICLO_VISITA_N
FROM IVS_CARTEIRA CART
JOIN GE_EMPRESA EMP ON EMP.NROEMPRESA = CART.NROEMPRESA
JOIN GE_USUARIO USR ON USR.SEQUSUARIO = CART.SEQUSRRESP
JOIN IVS_PES PESC ON PESC.SEQCARTEIRA = CART.SEQCARTEIRA 
JOIN IVS_DEPTO DEP ON DEP.SeqDepto = PESC.SeqDepto
JOIN IVS_DEPTOPOT DPTO ON DPTO.SEQDEPTO = PESC.SEQDEPTO and DPTO.SEQPOTENCIALDP = PESC.SEQPOTENCIALDP
JOIN GE_PESSOA PES ON PES.SEQPESSOA = PESC.SEQPESSOA
WHERE DPTO.DEPTO = 'valor_LS1'  
  AND EMP.NOMEREDUZIDO = 'valor_LS2'  
  AND CART.SEQCARTEIRA  >= 1 
ORDER BY 1, 2, 4, 6;","TESTE_014_Índice de Cobertura de Carteira por Potencial.qrp","1","Microsoft Sans Serif","8","Departamento #LS1, Empresa #LS2","","","","","","","","MATHEUS.AUGUSTO","1","","","","18/11/2024 10:57:00","","","",""
"146","TESTE_NETO","Índice de Cobertura de Carteira por Potencial","Índice de Cobertura de Carteira por Potencial","","SET LS2_CMD = ' AND EMP.NOMEREDUZIDO = :LS2';


SELECT CASE :SN3_X 
          WHEN '1' THEN 'AND EXISTS ( SELECT 1 FROM IV$PROCESSO P WHERE P.SEQPESSOA = PESC.SEQPESSOA AND P.CODPROCESSO = 41 AND P.REALIZADO = 0 )' 
         ELSE '' END INTO :LTA FROM DUAL;

SELECT 
      EMP.NOMEREDUZIDO AS EMPRESA,
      CART.CARTEIRA,
      USR.NOMEREDUZIDO AS RESPONSAVEL,
      ISNULL(PESC.POTENCIAL, 'Não informado') AS POTENCIAL,  
      PESC.SEQPESSOA,
      PES.NOMERAZAO,
      PES.CIDADE + '-' + PES.UF AS CIDADE,
      PESC.DTAULTCTTO AS ULTCTTO_D,
      PESC.DTAULTCTTOEXT AS ULTCCTOEXT_D,
      (SELECT MAX(DTAAGENDA)
         FROM IV_AGENDA AGD
         WHERE AGD.SEQPESSOA = PESC.SEQPESSOA
           AND AGD.REALIZADA = 'N'
           AND AGD.ACAO = DPTO.ACAOCONTATO) AS DTAAGENDACTTO_D,
      (SELECT MAX(DTAAGENDA)
         FROM IV_AGENDA AGD
         WHERE AGD.SEQPESSOA = PESC.SEQPESSOA
           AND AGD.REALIZADA = 'N'
           AND AGD.ACAO = DPTO.ACAOEXTERNA) AS DTAAGENDAEXT_D,
      (SELECT MAX(CAST(PRC.PERSPECTIVA AS VARCHAR(2)) + '-' + PPP.PERSPECTIVA)
         FROM IV_PROCDADO PDD
         JOIN IV_PROCESSO PRC ON PRC.PROCESSO = PDD.PROCESSO
           AND PRC.REALIZADO = 0
           AND PDD.CODPROCESSO = 41
         JOIN IV_PROCPERSP PPP ON PPP.CODPROCESSO = PDD.CODPROCESSO
           AND PPP.PERSPORDEM = PRC.PERSPECTIVA
         JOIN IV_PROCST PST ON PST.CODPROCESSO = PDD.CODPROCESSO 
           AND PST.STATUSORDEM < 50
           AND PST.STATUS = PRC.STATUS
         WHERE PDD.SEQPESSOA = PESC.SEQPESSOA) AS PERSP_NEGABERTA,
      (SELECT MIN(PPP.QTDDIAPRO)
         FROM IV_PROCDADO PDD
         JOIN IV_PROCESSO PRC ON PRC.PROCESSO = PDD.PROCESSO
           AND PRC.REALIZADO = 0
           AND PDD.CODPROCESSO = 41
         JOIN IV_PROCPERSP PPP ON PPP.CODPROCESSO = PDD.CODPROCESSO
           AND PPP.PERSPORDEM = PRC.PERSPECTIVA
         JOIN IV_PROCST PST ON PST.CODPROCESSO = PDD.CODPROCESSO 
           AND PST.STATUSORDEM < 50
           AND PST.STATUS = PRC.STATUS
         WHERE PDD.SEQPESSOA = PESC.SEQPESSOA) AS CICLO_ONEG_N,
      CASE 
           WHEN PESC.POTENCIAL = '1' THEN 'A'
           WHEN PESC.POTENCIAL = '22' THEN 'B'
           WHEN PESC.POTENCIAL = '43' THEN 'C'
           WHEN PESC.POTENCIAL = '64' THEN 'D'
           ELSE 'Não informado'
       END AS CICLO_CTTO_N,
      CASE 
           WHEN PESC.POTENCIAL = '1' THEN 'A'
           WHEN PESC.POTENCIAL = '22' THEN 'B'
           WHEN PESC.POTENCIAL = '43' THEN 'C'
           WHEN PESC.POTENCIAL = '64' THEN 'D'
           ELSE 'Não informado'
       END AS CICLO_VISITA_N
FROM IVS_CARTEIRA CART
JOIN GE_EMPRESA EMP ON EMP.NROEMPRESA = CART.NROEMPRESA
JOIN GE_USUARIO USR ON USR.SEQUSUARIO = CART.SEQUSRRESP
JOIN IVS_PES PESC ON PESC.SEQCARTEIRA = CART.SEQCARTEIRA 
JOIN IVS_DEPTO DPTO ON DPTO.SEQDEPTO = PESC.SEQDEPTO  
JOIN GE_PESSOA PES ON PES.SEQPESSOA = PESC.SEQPESSOA
WHERE DPTO.DEPTO = 'valor_LS1'   -- substitua por valor real
  AND EMP.NOMEREDUZIDO = 'valor_LS2'   -- substitua por valor real
  AND CART.SEQCARTEIRA IN (1, 2, 3)   -- substitua pelos IDs reais, por exemplo
ORDER BY 1, 2, 4, 6;","TESTE_NETO.qrp","1","Microsoft Sans Serif","8","Departamento #LS1, Empresa #LS2","","","","","","","","NETO.PRADO","1","","","","13/11/2024 17:03:00","","","",""
"147","TBA_025","Ciclo de Cobertura das Negociações por Perspectiva","Ciclo de Cobertura das Negociações por Perspectiva","","SELECT DISTINCT
      EMP.NOMEREDUZIDO AS EMPRESA,
      DPTO.DEPTO AS DEPARTAMENTO,
      CART.CARTEIRA,
      RESP.CODUSUARIO AS RESP_CARTEIRA,
      PRC.USURESPONSAVEL AS ATENDENTE,
      DPOT.POTENCIAL,
      PES.SEQPESSOA,
      PES.NOMERAZAO,
      PES.CIDADE,
      ISNULL(CAST(PRC.PERSPECTIVA AS varchar), '0') + '-' + ISNULL(PPP.PERSPECTIVA, 'Sem persp') AS PERSP_NEGABERTA,
      PPP.QTDDIAPRO AS CICLO_ONEG_N,
      PDD.PROCESSO,
      PRD.CODFAMILIA AS TIPO,
      COALESCE(PPD.CODPRODUTO, PRD.CODPRODUTO) AS MODELO,
      PRC.FASE,
      CPES.DTAULTCTTO AS ULTCTTO_D,
      CPES.DTAULTCTTOEXT AS ULTCTTOEXT_D,
      MAX(AGD1.DTAAGENDA) AS DTAAGENDACTTO_D,
      MAX(AGD2.DTAAGENDA) AS DTAAGENDAEXT_D
FROM IV_PROCESSO PRC
JOIN IV_PROCDADO PDD
  ON PDD.PROCESSO = PRC.PROCESSO
JOIN IV_CODPROCESSO COD
  ON COD.CODPROCESSO = PDD.CODPROCESSO
  AND COD.DESCRICAO = :LS3
LEFT JOIN IV_AGENDA AGD2
  ON AGD2.SEQPESSOA = PDD.SEQPESSOA
  AND AGD2.PROCESSO = PRC.PROCESSO
  AND AGD2.REALIZADA = 'N'
  AND AGD2.ACAO = 609
LEFT JOIN IV_PROCPERSP PPP
  ON PPP.CODPROCESSO = PDD.CODPROCESSO
  AND PPP.PERSPORDEM = PRC.PERSPECTIVA
JOIN IV_PROCFASE PFS
  ON PFS.CODPROCESSO = PDD.CODPROCESSO
  AND PFS.FASE = PRC.FASE
  AND PFS.FASEORDEM < 17
JOIN IVS_PES CPES
  ON CPES.SEQPESSOA = PDD.SEQPESSOA
LEFT JOIN IVS_DEPTOPOT DPOT
  ON DPOT.SEQDEPTO = CPES.SEQDEPTO
  AND DPOT.SEQPOTENCIALDP = CPES.SEQPOTENCIALDP
  AND (DPOT.POTENCIAL >= 'A' OR DPOT.POTENCIAL IS NULL)
JOIN IVS_CARTEIRA CART
  ON CART.SEQCARTEIRA = CPES.SEQCARTEIRA
  AND CART.SEQCARTEIRA IN (#OPT1_ListChave)
JOIN GE_USUARIO RESP
  ON RESP.SEQUSUARIO = CART.SEQUSRRESP
JOIN tba_usuarios usr
  ON usr.SEQUSUARIO = RESP.SEQUSUARIO and usr.gerente = 'VANESSA.ALVES'
JOIN IVS_DEPTO DPTO
  ON DPTO.SEQDEPTO = CPES.SEQDEPTO
  AND DPTO.DEPTO = :LS1
LEFT JOIN IV_PROCPRODUTO PPD
  ON PPD.PROCESSO = PRC.PROCESSO
  AND PPD.PROCESSO > 0
LEFT JOIN IV$PRODUTO PRD
  ON PRD.CODPRODUTO = PPD.CODPRODUTO
JOIN GE_EMPRESA EMP
  ON EMP.NROEMPRESA = PDD.NROEMPRESA
JOIN GE_PESSOA PES
  ON PES.SEQPESSOA = CPES.SEQPESSOA
  AND PES.STATUS NOT IN ('I', 'F')
LEFT JOIN IV_AGENDA AGD1
  ON AGD1.PROCESSO = PRC.PROCESSO
  AND AGD1.REALIZADA = 'N'
WHERE 1 = 1
  AND PRC.DTAINCLUSAO >= :DT1
  AND PRC.DTAINCLUSAO <= :DT2
  AND PRC.REALIZADO = 0
  AND AGD1.ACAO = 609
  AND PRC.UsuResponsavel IN ('ALBERTH.FIGUEREDO', 'AUGUSTO.OLIVEIRA', 'CAMILA.ARAUJO', 'GUILHERME.SOUZA', 'LUAN.MORI', 'VANESSA.ALVES')
GROUP BY
      EMP.NOMEREDUZIDO,
      DPTO.DEPTO,
      CART.CARTEIRA,
      RESP.CODUSUARIO,
      PRC.USURESPONSAVEL,
      DPOT.POTENCIAL,
      PES.SEQPESSOA,
      PES.NOMERAZAO,
      PES.CIDADE,
      ISNULL(CAST(PRC.PERSPECTIVA AS varchar), '0') + '-' + ISNULL(PPP.PERSPECTIVA, 'Sem persp'),
      PPP.QTDDIAPRO,
      PDD.PROCESSO,
      PRD.CODFAMILIA,
      COALESCE(PPD.CODPRODUTO, PRD.CODPRODUTO),
      PRC.FASE,
      CPES.DTAULTCTTO,
      CPES.DTAULTCTTOEXT
ORDER BY 2, 3, 9 DESC, 7;","JDE_017X_Ciclo de Cobertura das Negociações por Perspectiva.qrp","1","Microsoft Sans Serif","8","Departamento #LS1, Empresa #LS2, Carteiras #OPT1_List","","","","","","","","MATHEUS.AUGUSTO","1","","","","12/03/2025 11:49:00","12/03/2025 11:49:00","16/10/2025 10:52:00","ULYSSES.OLIVEIRA","17"
"148","GAR003","Gerencial de Ordens Abertas","Gerencial de Ordens Abertas","","SET LS1_CMD = 'AND EMP.NOMEREDUZIDO = :LS1';
SET LS2_CMD = 'AND RES.DESCRICAO = :LS2';

SELECT DISTINCT 
       hst.nroempresa AS nroempresa_N,
       emp.nomereduzido,
       pes.seqpessoa AS seqpessoa_N,
       pes.nomerazao AS nome_cliente,
       osg.numero_os AS numero_os,
       hst.codprocesso AS processo_N,
       res.descricao AS tipo_atendimento,
       CONVERT(VARCHAR(10), ISNULL(osg.data_abertura_os, hst.dtarealizacao), 103) AS data_aberturaos,
       DATEDIFF(DAY, ISNULL(osg.data_abertura_os, hst.dtarealizacao), GETDATE()) AS dias_aberto_N
FROM IV$S_HISTORICO hst
JOIN ge_empresa emp ON emp.nroempresa = hst.nroempresa
JOIN ge_pessoa pes ON pes.seqpessoa = hst.seqpessoa
JOIN iv_resultado res ON res.resultado = hst.cod_resultado
JOIN iv_procresultado pres ON res.resultado = pres.resultado
LEFT JOIN iv_q$os_garantia osg ON osg.processo = hst.codprocesso
LEFT JOIN ext_os os ON CAST(os.nroos AS VARCHAR) = osg.numero_os AND os.seqpessoa = osg.seqpessoa
LEFT JOIN iv_q$gar_data_servico dsr ON dsr.processo = hst.codprocesso
LEFT JOIN iv_q$retornado_jd rtjd ON rtjd.processo = hst.codprocesso
LEFT JOIN iv_q$aprovacao_tcsm aptc ON aptc.processo = hst.codprocesso
LEFT JOIN iv_q$chassi_pmp chpmp ON chpmp.processo = hst.codprocesso
WHERE pres.codprocesso = 45
  AND res.acao IS NULL
  AND NOT EXISTS (SELECT 1 FROM iv_agenda WHERE processo = hst.codprocesso AND realizada = 'N')
#LS1_CMD
#LS2_CMD
ORDER BY 1, 7, 6;","","1","Microsoft Sans Serif","8","","","","","","","","","MATHEUS.AUGUSTO","1","","","","05/12/2024 17:26:00","","","",""
"149","GAR002","Dados dos processos de Garantia - Personalizado","Dados dos processos de Garantia - Personalizado","","SET LS1_CMD = 'AND EMP.NOMEREDUZIDO = :LS1';
SET LS2_CMD = 'AND RES.DESCRICAO = :LS2';
SET LS3_CMD = ""AND case when pes.fisicajuridica='J' then lpad(pes.nrocgccpf,12,0)||lpad(pes.digcgccpf,2,0) else lpad(pes.nrocgccpf,9,0)||lpad(pes.digcgccpf,2,0) end = :LS3"";
SET LS4_CMD = 'AND HST.CODUSUARIO = :LS4';

SELECT DISTINCT
       hst.nroempresa,
       emp.nomereduzido,
       ISNULL(osc.numero_os, osg.numero_os) AS numero_os,
       hst.processo,
       res.descricao AS tipo_atendimento,
       pes.SEQPESSOA,
       pes.NOMERAZAO,
       ISNULL(osc.chassi, osg.CHASSI) AS chassi,
       hst.CODUSUARIO AS usuario_abertura,
       DATEDIFF(DAY, 
                (SELECT MIN(dtarealizacao) FROM iv_historico WHERE processo = hst.processo AND resultado IN (2833, 2837)),
                (SELECT MIN(dtageracaoorig) FROM iv_agenda WHERE processo = hst.processo AND acao = 667)) AS dia_aguard_peca_N,
       DATEDIFF(DAY, dsr.inicio_servico, dsr.termino_servico) AS dias_termino_servico_N,
       DATEDIFF(DAY,
                dsr.termino_servico,
                (SELECT MIN(dtageracaoorig) FROM iv_agenda WHERE processo = hst.processo AND acao IN (654, 668))) AS dias_maos_coordenador_N,
       DATEDIFF(DAY,
                (SELECT MIN(dtageracaoorig) FROM iv_agenda WHERE processo = hst.processo AND acao IN (654, 668)),
                (SELECT MIN(dtarealizacao) FROM iv_historico WHERE processo = hst.processo AND resultado IN (2790))) AS dias_liberar_os_N,
       DATEDIFF(DAY,
                (SELECT MIN(dtarealizacao) FROM iv_historico WHERE processo = hst.processo AND resultado IN (2752)),
                (SELECT MIN(dtarealizacao) FROM iv_historico WHERE processo = hst.processo AND resultado IN (2790))) AS dias_mao_central_N,
       DATEDIFF(DAY,
                (SELECT MIN(dtarealizacao) FROM iv_historico WHERE processo = hst.processo AND resultado IN (2690)),
                (SELECT MIN(dtarealizacao) FROM iv_historico WHERE processo = hst.processo AND resultado IN (2752))) AS dias_fab_autorizar_N,
       DATEDIFF(DAY, 
                ISNULL(osc.data_abertura_os, osg.data_abertura_os),
                dsr.inicio_servico) AS dias_servico_programado_N,
       DATEDIFF(DAY, 
                ISNULL(osc.data_abertura_os, osg.data_abertura_os),
                (SELECT MIN(dtarealizacao) FROM iv_historico WHERE processo = hst.processo AND resultado IN (2783))) AS total_dias_aberto_N
FROM iv_historico hst
JOIN ge_empresa emp ON emp.nroempresa = hst.nroempresa
JOIN ge_pessoa pes ON pes.seqpessoa = hst.seqpessoa
JOIN iv_resultado res ON res.resultado = hst.resultado
JOIN iv_procresultado pres ON res.resultado = pres.resultado
LEFT JOIN iv_q$os_garantia osg ON osg.processo = hst.processo
LEFT JOIN iv_q$os_cortesia osc ON osc.processo = hst.processo
LEFT JOIN iv_q$gar_data_servico dsr ON dsr.processo = hst.processo
LEFT JOIN iv_q$retornado_jd rtjd ON rtjd.processo = hst.processo
LEFT JOIN iv_q$aprovacao_tcsm aptc ON aptc.processo = hst.processo
LEFT JOIN iv_q$chassi_pmp chpmp ON chpmp.processo = hst.processo
WHERE pres.codprocesso = 45
  AND res.acao IS NULL
  AND hst.DTAREALIZACAO BETWEEN :DT1 AND :DT2
#LS1_CMD
#LS2_CMD
#LS3_CMD
#LS4_CMD
ORDER BY 1, 5, 4;","","1","Microsoft Sans Serif","8","","","","","","","","","MATHEUS.AUGUSTO","1","","","","06/12/2024 15:33:00","","","",""
"150","GAR001","Dados dos processos de Garantia - Total","Dados dos processos de Garantia - Total","","SET LS1_CMD = 'AND EMP.NOMEREDUZIDO = :LS1';

SET LS2_CMD = 'AND RES.DESCRICAO = :LS2';

SET LS3_CMD = ""AND case when pes.fisicajuridica='J' then lpad(pes.nrocgccpf,12,0)||lpad(pes.digcgccpf,2,0) else lpad(pes.nrocgccpf,9,0)||lpad(pes.digcgccpf,2,0) end = :LS3"";

SET LS4_CMD = 'AND HST.CODUSUARIO = :LS4';

 SELECT DISTINCT 
    hst.nroempresa,
    emp.nomereduzido,
    ISNULL(osc.numero_os, osg.numero_os) AS numero_os,
    hst.processo,
    CASE 
        WHEN pes.fisicajuridica = 'J' THEN 
            RIGHT(REPLICATE('0', 12) + CAST(pes.nrocgccpf AS VARCHAR), 12) + RIGHT(REPLICATE('0', 2) + CAST(pes.digcgccpf AS VARCHAR), 2)
        ELSE 
            RIGHT(REPLICATE('0', 9) + CAST(pes.nrocgccpf AS VARCHAR), 9) + RIGHT(REPLICATE('0', 2) + CAST(pes.digcgccpf AS VARCHAR), 2)
    END AS cnpj,
    pes.nomerazao AS nome_cliente,
    ISNULL(osc.chassi, osg.chassi) AS chassi,
    res.descricao AS tipo_atendimento,
    hst.codusuario AS usuario_abertura,
    FORMAT(ISNULL(osc.data_abertura_os, osg.data_abertura_os), 'dd/MM/yyyy') AS data_aberturaos,
    FORMAT((SELECT MIN(dtageracaoorig) 
            FROM iv_agenda 
            WHERE processo = hst.processo AND acao = 667), 'dd/MM/yyyy HH:mm') AS data_pedido_peca,
    FORMAT((SELECT MIN(dtarealizacao) 
            FROM iv_historico 
            WHERE processo = hst.processo AND resultado IN (2833, 2837)), 'dd/MM/yyyy HH:mm') AS data_atendimento_peca,
    DATEDIFF(DAY, 
             (SELECT MIN(dtageracaoorig) 
              FROM iv_agenda 
              WHERE processo = hst.processo AND acao = 667),
             (SELECT MIN(dtarealizacao) 
              FROM iv_historico 
              WHERE processo = hst.processo AND resultado IN (2833, 2837))) AS dia_aguard_peca_N,
    FORMAT(dsr.inicio_servico, 'dd/MM/yyyy') AS data_inicio_servico,
    DATEDIFF(DAY, 
             (SELECT MIN(dtarealizacao) 
              FROM iv_historico 
              WHERE processo = hst.processo AND resultado IN (2833, 2837)),
             dsr.inicio_servico) AS dia_inicio_servico_N,
    FORMAT(dsr.termino_servico, 'dd/MM/yyyy') AS data_termino_servico,
    DATEDIFF(DAY, dsr.inicio_servico, dsr.termino_servico) AS dias_termino_servico_N,
    FORMAT((SELECT MIN(dtageracaoorig) 
            FROM iv_agenda 
            WHERE processo = hst.processo AND acao IN (654, 668)), 'dd/MM/yyyy HH:mm') AS data_encaminhado_adm,
    DATEDIFF(DAY, 
             dsr.termino_servico,
             (SELECT MIN(dtageracaoorig) 
              FROM iv_agenda 
              WHERE processo = hst.processo AND acao IN (654, 668))) AS dias_maos_coordenador_N,
    FORMAT((SELECT MIN(dtarealizacao) 
            FROM iv_historico 
            WHERE processo = hst.processo AND resultado IN (2790)), 'dd/MM/yyyy HH:mm') AS data_os_liberada,
    DATEDIFF(DAY, 
             (SELECT MIN(dtageracaoorig) 
              FROM iv_agenda 
              WHERE processo = hst.processo AND acao IN (654, 668)),
             (SELECT MIN(dtarealizacao) 
              FROM iv_historico 
              WHERE processo = hst.processo AND resultado IN (2790))) AS dias_liberar_os_N
FROM iv_historico hst
JOIN ge_empresa emp
    ON emp.nroempresa = hst.nroempresa
JOIN ge_pessoa pes
    ON pes.seqpessoa = hst.seqpessoa
JOIN iv_resultado res
    ON res.resultado = hst.resultado
JOIN iv_procresultado pres
    ON res.resultado = pres.resultado
LEFT JOIN iv_q$os_garantia osg
    ON osg.processo = hst.processo
LEFT JOIN iv_q$os_cortesia osc
    ON osc.processo = hst.processo
LEFT JOIN iv_q$gar_data_servico dsr
    ON dsr.processo = hst.processo
LEFT JOIN iv_q$retornado_jd rtjd
    ON rtjd.processo = hst.processo
LEFT JOIN iv_q$aprovacao_tcsm aptc
    ON aptc.processo = hst.processo
LEFT JOIN iv_q$chassi_pmp chpmp
    ON chpmp.processo = hst.processo
WHERE pres.codprocesso = 45
  AND res.acao IS NULL
  AND hst.DTAREALIZACAO BETWEEN :DT1 AND :DT2
#LS1_CMD
#LS2_CMD
#LS3_CMD
#LS4_CMD
ORDER BY 1, 5, 4;","","1","Microsoft Sans Serif","8","","","","","","","","","MATHEUS.AUGUSTO","1","","","","20/12/2024 10:09:00","","","",""
"151","101X_TEST","Análise da Carteira de Pedidos (TESTE)","Análise da Carteira de Pedidos (TESTE)","","SET LS2_CMD = ' AND EMP.NOMEREDUZIDO = :LS2';
SET LS1_CMD = ' AND VND.TIPO_DO_EQUIPAMENTO = :LS1';
SET LS3_CMD = ' AND VND.MODELO_DO_EQUIPAMENT = :LS3';
SELECT CASE WHEN :SN1_X = '1' THEN 'AND EXISTS (SELECT 1 FROM IV_HISTORICO WHERE PROCESSO = PRC.PROCESSO AND RESULTADO IN ( 138, 255, 256, 305, 306, 785, 866, 1286, 2143, 176, 2548, 2612, 940221, 940225, 940341 ))' ELSE 'AND ADM.DATA_FATURAMENTO IS NULL' END INTO :LTA FROM DUAL;
SELECT CASE WHEN :SN4_X = '1' THEN 'AND PRC.REALIZADO = 0' ELSE '' END INTO :LTB FROM DUAL;
SELECT DISTINCT EMP.NOMEREDUZIDO AS EMPRESA,
 	 hist.vendedor AS CEN, 
               VND.NUMERO_DA_COTACAO AS NRO_COTACAO,
	VND.TIPO_DO_EQUIPAMENTO AS TIPO_DE_EQUIPAMENTO,
               VND.MARCA AS MARCA,
	VND.CODIGO_DO_MODELO AS MODELO,
	NULL AS CONFIGURACAO,
	NULL AS TIPO_CAMBIO,
    NULL AS CABINADO,
    PES.SEQPESSOA AS SEQPESSOA,       
	
	 case when isnull(VND.PEDIDO_TIRADO_PARA, '@')='@' or VND.PEDIDO_TIRADO_PARA='' 
                   then PES.NOMERAZAO 
	  else VND.PEDIDO_TIRADO_PARA end AS NOMERAZAO, 
	#vksSql_Nvl (ADM.CNPJ_CPF_DO_COMPRADO, CAST( PES.NROCGCCPF AS VARCHAR) + CAST (PES.DIGCGCCPF AS VARCHAR ) ) AS CNPJCPF,
    ADM.NUMERO_DA_PROPOSTA AS PROPOSTA_N,
        --NULL AS PROPOSTA,
    ADM.DATA_DA_PROPOSTA AS DTA_PROPOSTA_D,
    
	VND.LINHA_DE_CREDITO AS LINHA_CREDITO,
	NULL AS FORMA_PGTO ,
    VND.INSTITUICAO_FINANCEI AS INST_FINANCEIRA,
    ADM.PFA___PREVISAO_DE_FA AS DTA_PREV_FAT_ATUAL_D,
    ADM.NRO_CHASSI,
	RES.DESCRICAO AS ULT_RESULTADO,
    NULL AS NOME_DO_GERENTE,
    NULL AS FONE_AGENCIA,
 	NULL AS DTA_PREV_FAT_D,
    NULL AS NRO_PAC,
	ADM.DATA_FATURAMENTO AS DTA_FATURAMENTO_D,
    ADM.NRO_NF AS NF_N,
 	VND.ORIGEM_DO_FATURAMENT AS ORIGEM_FATURAMENTO,
    VND.DATA_PEDIDO_DE_VENDA AS DTA_PED_D,
	VND.DTAREALIZACAO AS DTA_PRENCH_FORM_D,
    VND.VALOR_TOTAL AS VALOR_N,
    PDD.DTAULTRESULTADO AS DTA_ULT_ANDAMENTO_D,
    HIST.DETALHE AS ULT_HISTORICO_L,
	PRC.PROCESSO AS PROCESSO_N,

 case when isnull( resp.codusuario, '@')='@' and isnull( resp3.codusuario, '@')='@'  then '<outro CEN>' 
      when isnull( resp.codusuario, '@')<>'@' then resp.CodUsuario
      when isnull( resp3.codusuario, '@')<>'@' then resp3.CodUsuario
      end AS CARTEIRA,

	PES.CIDADE + ' - ' + PES.UF AS CIDADE,
      (SELECT MAX(HIST.DTAREALIZACAO)
         FROM IV_HISTORICO HIST
        WHERE HIST.PROCESSO = PRC.PROCESSO
        AND HIST.RESULTADO = 2548) AS DATA_PEDIDO_HIST_D
 --940015 - Vender Maquina/Implemento 940221 -Pedido Realizado    
FROM IV_PROCESSO PRC
 JOIN IV_PROCDADO PDD ON PDD.PROCESSO = PRC.PROCESSO 
 JOIN GE_EMPRESA EMP ON EMP.NROEMPRESA = PDD.NROEMPRESA 
 JOIN GE_PESSOA PES ON PES.SEQPESSOA = PDD.SEQPESSOA 
 LEFT JOIN IV_Q$ADM_FINANCEIRO ADM ON ADM.PROCESSO = PRC.PROCESSO 
 JOIN IV_Q$VENDA VND ON VND.PROCESSO = PRC.PROCESSO 
 LEFT JOIN ( SELECT HIS.PROCESSO, MAX(HIS.SEQHISTORICO) AS SEQ 
             FROM IV_HISTORICO HIS GROUP BY HIS.PROCESSO) Q ON Q.PROCESSO = PRC.PROCESSO 
 LEFT JOIN IV_HISTORICO HIST ON HIST.SEQHISTORICO = Q.SEQ 
 JOIN IVS_PES IVP ON IVP.SEQPESSOA = PDD.SEQPESSOA 
 AND IVP.SEQDEPTO IN ( 2, 25 ) 
 JOIN IVS_CARTEIRA CART  
 ON CART.SEQCARTEIRA = IVP.SEQCARTEIRA 
                      AND CART.SEQCARTEIRA IN ( #OPT1_ListChave )
 LEFT JOIN IV_RESULTADO RES ON RES.RESULTADO = HIST.RESULTADO 
 LEFT JOIN IVS_PES IVP2 ON IVP2.SeqPessoa = PES.SeqPessoa   AND IVP2.SeqDepto = 2
 LEFT JOIN IVS_CARTEIRA CART2 ON CART2.SeqCarteira = IVP2.SeqCarteira
 LEFT JOIN IVS_CartDepto CDEP ON CDEP.SeqDepto = 2 AND CART2.SeqCarteira = CDEP.SeqCarteira
 LEFT JOIN GE_USUARIO RESP ON RESP.CODUSUARIO = HIST.VENDEDOR AND RESP.SEQUSUARIO = CART2.SeqUsrResp
 LEFT JOIN IVS_PES IVP3 ON IVP3.SeqPessoa = PES.SeqPessoa   AND IVP3.SeqDepto = 25
 LEFT JOIN IVS_CARTEIRA CART3 ON CART3.SeqCarteira = IVP3.SeqCarteira
 LEFT JOIN IVS_CartDepto CDEP3 ON CDEP3.SeqDepto = 25 AND CART3.SeqCarteira = CDEP3.SeqCarteira
 LEFT JOIN GE_USUARIO RESP3 ON RESP3.CODUSUARIO = HIST.VENDEDOR  and RESP3.SEQUSUARIO = CART3.SeqUsrResp

WHERE PDD.CODPROCESSO = 41
  AND VND.DATA_PEDIDO_DE_VENDA >= :DT1
  AND VND.DATA_PEDIDO_DE_VENDA <= :DT2
  AND PRC.STATUS NOT IN ('VENDA PERDIDA', 'DESISTIU DA COMPRA', 'CANCELADO')
  AND PES.STATUS NOT IN ('I', 'F')

AND EXISTS (SELECT 1 FROM IV_HISTORICO WHERE RESULTADO=2548 AND PROCESSO = PDD.PROCESSO)
AND NOT EXISTS (SELECT 1 FROM IV_HISTORICO HH2, IV_ProcStatMonit SMO
              WHERE HH2.RESULTADO=2548 AND HH2.PROCESSO = PDD.PROCESSO
			    AND SMO.Processo = HH2.PROCESSO
				AND SMO.Status = 'CREDITO NAO APROVADO'
				AND SMO.DtaMonit > HH2.DtaRealizacao
			  ) 

/*AND PRC.PROCESSO = 130256*/
 #LS2_CMD 
 #LS1_CMD 
 #LS3_CMD 
 #LTA
 #LTB
ORDER BY 1,2,4,5,6
","","0","Microsoft Sans Serif","8","Carteiras: #OPT1_List, Fat. prev entre #DT1 e #DT2","","","","","","","","MATHEUS.AUGUSTO","1","","","","25/03/2025 08:49:00","25/03/2025 08:49:00","","",""
"152","PEC_501","Análise do cenário de peças","Análise do cenário de peças","","SET DT3 = DT1;
SET DT4 = DT2;

SELECT CAR.CARTEIRA,
	CIP.CODUSUARIO AS CIP,
	isnull( DPP.POTENCIAL, '<N>')  as POTENCIAL,
                PES.SEQPESSOA,
	PES.NOMERAZAO AS CLIENTE,
	GPAR.NUMERO1 AS META_CTTO_N,
	( SELECT COUNT(DISTINCT CTTO.SEQPESSOA)
	   FROM IV_HISTORICO CTTO
	   JOIN IV_RESULTADO RES ON RES.RESULTADO = CTTO.RESULTADO
		AND (RES.ACAO IN (381 , 382,393) OR RES.RESULTADO IN (1777))
	 WHERE CTTO.SEQPESSOA = CPES.SEQPESSOA
             AND CTTO.DTAREALIZACAO >= :DT1 and CTTO.DTAREALIZACAO <= :DT2 ) AS QTDE_CLIENTE_N,
	( SELECT COUNT(*)
	   FROM IV_HISTORICO CTTO
	   JOIN IV_RESULTADO RES ON RES.RESULTADO = CTTO.RESULTADO
		AND (RES.ACAO IN (381 ,382,393) OR RES.RESULTADO IN (1777))
	 WHERE CTTO.SEQPESSOA = CPES.SEQPESSOA
             AND CTTO.DTAREALIZACAO >= :DT1 and CTTO.DTAREALIZACAO <= :DT2 ) AS QTDE_CTTO_N,
	( SELECT COUNT(DISTINCT PRC.SEQPESSOA)
	   FROM IV$PROCESSO PRC
	 WHERE PRC.CODPROCESSO in (32,34)
	  AND PRC.SEQPESSOA = CPES.SEQPESSOA
	  AND PRC.STATUS IN ('VENDA REALIZADA')
	  AND PRC.DTAULTRESULTADO >= :DT1 AND PRC.DTAULTRESULTADO <= :DT2 ) AS QTDE_VENDA_N,
	( SELECT COUNT(*)
	   FROM IV$PROCESSO PRC
	 WHERE PRC.CODPROCESSO in (32,34)
	  AND PRC.SEQPESSOA = CPES.SEQPESSOA
	  AND PRC.STATUS IN ('VENDA REALIZADA')
	  AND PRC.DTAULTRESULTADO >= :DT1 AND PRC.DTAULTRESULTADO <= :DT2 ) AS QTDE_VENDA_REAL_N,
             1 AS QTDE_N
FROM IVS_CARTEIRA CAR
   JOIN GE_USUARIO CIP ON CIP.SEQUSUARIO = CAR.SEQUSRRESP
      JOIN IVS_PES CPES ON CPES.SEQCARTEIRA = CAR.SEQCARTEIRA
	AND CPES.SEQDEPTO = 3
      JOIN IVS_DEPTO DPT ON DPT.SEQDEPTO = CPES.SEQDEPTO
	 LEFT JOIN IVS_DEPTOPOT DPP ON DPP.SEQPOTENCIALDP = CPES.SEQPOTENCIALDP
                 LEFT JOIN IV_GLOBALPAR GPAR ON GPAR.SeqGlbPar = 29
	                             AND GPAR.CAMPO1 = DPT.DEPTO 
			AND GPAR.CAMPO2 = DPP.POTENCIAL 
      JOIN GE_PESSOA PES ON PES.SEQPESSOA = CPES.SEQPESSOA
      JOIN GE_CIDADE CID ON CID.SEQCIDADE = PES.SEQCIDADE
WHERE CAR.SEQCARTEIRA  IN ( #OPT1_ListChave   ) 
 AND PES.STATUS != 'I'


ORDER BY 1, 2, 3, 4, 5 

","PEC_501_Análise do cenário de peças.qrp","1","Microsoft Sans Serif","8","Data inicial: #DT1, Data final: #DT2 , Carteira(s): #OPT1_List","","","","","","","","V:GUI.BATISTA","1","","","","03/06/2025 09:48:00","06/03/2025 16:14:00","27/08/2026 11:26:20","CARLOS.EDUARDO","373"
"153","TBA_010","Índice de Cobertura de Carteira por Potencial","Índice de Cobertura de Carteira","","SET LS2_CMD = ' AND EMP.NOMEREDUZIDO = :LS2';
/* Separando comandos de acordo com o banco de dados */

SELECT    XA.CICLO1,
	 XA.CICLO2 
	INTO :LTA, :LTB
FROM (
SELECT 	 cast ( ISNULL ( DPTO.CICLOA , 0 ) as varchar) #vksSql_Concat ',' #vksSql_Concat  
         cast ( ISNULL ( DPTO.CICLOB , 0 ) as varchar) #vksSql_Concat ',' #vksSql_Concat 
         cast ( ISNULL ( DPTO.CICLOC , 0 ) as varchar) #vksSql_Concat ',' #vksSql_Concat cast ( ISNULL ( DPTO.CICLOD , 0 ) as varchar) #vksSql_Concat ',0' AS CICLO1,
         cast ( ISNULL ( DPTO.CICLOAEXT, 0 ) as varchar) #vksSql_Concat ',' #vksSql_Concat  
         cast ( ISNULL ( DPTO.CICLOBEXT, 0 ) as varchar) #vksSql_Concat ',' #vksSql_Concat 
         cast ( ISNULL ( DPTO.CICLOCEXT, 0 ) as varchar) #vksSql_Concat ',' #vksSql_Concat cast ( ISNULL ( DPTO.CICLODEXT, 0 ) as varchar) #vksSql_Concat ',0' AS CICLO2
FROM IVS_DEPTO DPTO
WHERE DPTO.DEPTO = :LS1
) XA;

SELECT #LTA
FROM IVS_DEPTO DPTO
 WHERE DPTO.Depto = :LS1;  

SELECT 	EMP.NOMEREDUZIDO AS EMPRESA,
	CART.CARTEIRA,
	USR.NOMEREDUZIDO AS RESPONSAVEL,
	isnull (POTE.POTENCIAL, '**Não informado') AS POTENCIAL, 
	PESC.SEQPESSOA,
	PES.NOMERAZAO,
                PES.CIDADE #vksSql_ConcatHifen PES.UF AS CIDADE,
	PESC.DTAULTCTTO                                                    AS ULTCTTO_D,
	PESC.DTAULTCTTOEXT                                            AS ULTCCTOEXT_D,
	(SELECT MAX(DTAAGENDA) FROM IV_AGENDA AGD
	   WHERE AGD.SEQPESSOA = PESC.SEQPESSOA
	      AND 	AGD.REALIZADA = 'N'
	      AND  AGD.ACAO = DPTO.ACAOCONTATO ) AS DTAAGENDACTTO_D,
	(SELECT MAX(DTAAGENDA) FROM IV_AGENDA AGD
	   WHERE AGD.SEQPESSOA = PESC.SEQPESSOA
	      AND 	AGD.REALIZADA = 'N'
	      AND  AGD.ACAO = DPTO.ACAOEXTERNA  ) AS DTAAGENDAEXT_D,
                      XA.PotencialA, 
                      XA.PotencialB, 
                      XA.PotencialC, 
                      XA.PotencialD, 
                      XA.PotencialPAN,
                      case POTE.POTENCIAL when 'A' then xa.PotencialA
                                          when 'B' then xa.PotencialB
                                          when 'C' then xa.PotencialC
                                          when 'D' then xa.PotencialD
                                          when 'PAN' then xa.PotencialPAN end as POTENCIALOK,
                      case POTE.POTENCIAL when 'A' then xa.PotencialVisA 
                                          when 'B' then xa.PotencialVisB 
                                          when 'C' then xa.PotencialVisC 
                                          when 'D' then xa.PotencialVisD 
                                          when 'PAN' then xa.PotencialVisPAN end as POTENCIALVisOK 
                              	
FROM IVS_CARTEIRA CART
	JOIN GE_EMPRESA EMP ON EMP.NROEMPRESA = CART.NROEMPRESA
	JOIN GE_USUARIO USR ON USR.SEQUSUARIO = CART.SEQUSRRESP
	JOIN IVS_PES PESC ON PESC.SEQCARTEIRA = CART.SEQCARTEIRA 
	JOIN IVS_DEPTO DPTO ON DPTO.SEQDEPTO = PESC.SEQDEPTO    
	JOIN GE_PESSOA PES ON PES.SEQPESSOA = PESC.SEQPESSOA 
	JOIN IVS_DEPTOPOT POTE ON POTE.SEQPOTENCIALDP = PESC.SEQPOTENCIALDP
	                      AND ( (POTE.POTENCIAL NOT IN ( 'PAN' ) )
						        OR ( POTE.POTENCIAL = 'PAN' AND #SN2= 1 ) )
	JOIN ( SELECT PPP.SEQDEPTO,
			MAX(CASE WHEN PPP.POTENCIAL = 'A' THEN PPP.DIASCICLOCTTO ELSE NULL END) AS PotencialA,
			MAX(CASE WHEN PPP.POTENCIAL = 'B' THEN PPP.DIASCICLOCTTO ELSE NULL END) AS PotencialB,
			MAX(CASE WHEN PPP.POTENCIAL = 'C' THEN PPP.DIASCICLOCTTO ELSE NULL END) AS PotencialC,
			MAX(CASE WHEN PPP.POTENCIAL = 'D' THEN PPP.DIASCICLOCTTO ELSE NULL END) AS PotencialD,
			MAX(CASE WHEN PPP.POTENCIAL = 'PAN' THEN PPP.DIASCICLOCTTO ELSE NULL END) AS PotencialPAN, 
			MAX(CASE WHEN PPP.POTENCIAL = 'A' THEN PPP.DIASCICLOVISITA ELSE NULL END) AS PotencialVisA, 
			MAX(CASE WHEN PPP.POTENCIAL = 'B' THEN PPP.DIASCICLOVISITA ELSE NULL END) AS PotencialVisB, 
			MAX(CASE WHEN PPP.POTENCIAL = 'C' THEN PPP.DIASCICLOVISITA ELSE NULL END) AS PotencialVisC, 
			MAX(CASE WHEN PPP.POTENCIAL = 'D' THEN PPP.DIASCICLOVISITA ELSE NULL END) AS PotencialVisD, 
			MAX(CASE WHEN PPP.POTENCIAL = 'PAN' THEN PPP.DIASCICLOVISITA ELSE NULL END) AS PotencialVisPAN 
			FROM (
				SELECT POTENCIAL, DIASCICLOCTTO, SEQDEPTO, DIASCICLOVISITA
				FROM IVS_DEPTOPOT
				WHERE 1=1
				AND (POTENCIAL = 'A' OR POTENCIAL = 'B' OR POTENCIAL = 'C' OR POTENCIAL = 'D' OR POTENCIAL = 'PAN')
					) PPP GROUP BY PPP.SEQDEPTO) XA ON XA.SEQDEPTO = DPTO.SeqDepto
WHERE DPTO.DEPTO = '#LS1'
    #LS2_CMD
    AND CART.SEQCARTEIRA IN ( #OPT1_ListChave   )
    AND PES.STATUS NOT IN ('F', 'I')
ORDER BY 1,2,4, 6
","JDE_010new_CoberturaCarteira.qrp","0","Microsoft Sans Serif","8","Departamento #LS1, Empresa #LS2","","0","","","","","","V:AMAURY","1","1","1","1","14/04/2025 16:05:00","01/04/2025 10:30:00","31/08/2026 17:26:45","RAFAEL.ALVES","213"
"154","TBA_001","Carteira de Clientes (Vendas)","Carteira de Clientes","","

SELECT
    P.SEQPESSOA AS SEQUENCIAL,
    P.NOMERAZAO AS CLIENTE,
    P.Cidade AS CIDADE,
    C.CARTEIRA AS CARTEIRA,
    USR.CodUsuario AS RESPONSAVEL, 
        CASE
            WHEN DPOT.POTENCIAL = '85' THEN 'PAN'
            WHEN DPOT.POTENCIAL = '1' THEN 'A'
            WHEN DPOT.POTENCIAL = '22' THEN 'B'
            WHEN DPOT.POTENCIAL = '43' THEN 'C'
            WHEN DPOT.POTENCIAL = '64' THEN 'D'
            WHEN LEN(DPOT.POTENCIAL) = 0 OR DPOT.POTENCIAL IS NULL THEN 'VAZIO'
            ELSE DPOT.POTENCIAL
        END AS POTENCIAL
FROM
    GE_PESSOA P
    LEFT JOIN IVS_PES PES
    ON P.SEQPESSOA = PES.SEQPESSOA
    LEFT JOIN IVS_DEPTO D
    ON D.SEQDEPTO = PES.SEQDEPTO
    LEFT JOIN IVS_CARTEIRA C
    ON PES.SEQCARTEIRA = C.SeqCarteira
    LEFT JOIN IVS_DEPTOPOT DPOT
    ON DPOT.SEQDEPTO = PES.SEQDEPTO
    AND DPOT.SEQPOTENCIALDP = PES.SEQPOTENCIALDP
    AND (dpot.POTENCIAL >= 'A' or dpot.POTENCIAL is null)
    LEFT JOIN GE_Usuario USR
    ON USR.SeqUsuario = C.SeqUsrResp

WHERE D.DEPTO = :LS1
#LS2_CMD

AND C.SEQCARTEIRA IN ( #OPT1_ListChave   )


ORDER BY 6;","","1","Microsoft Sans Serif","8","","","","","","","","","NETO.PRADO","1","","","","27/01/2025 17:20:00","","13/08/2026 17:51:21","ANNA.FELIX","73"
"155","TI_010","Índice de Cobertura de Carteira por Potencial","Índice de Cobertura de Carteira","","SET LS2_CMD = ' AND EMP.NOMEREDUZIDO = :LS2';
/* Separando comandos de acordo com o banco de dados */
SELECT    XA.CICLO1,
	 XA.CICLO2 
	INTO :LTA, :LTB
FROM (
SELECT 	 cast ( ISNULL ( POTE.CICLOA , 0 ) as varchar) #vksSql_Concat ',' #vksSql_Concat  
         cast ( ISNULL ( POTE.CICLOB , 0 ) as varchar) #vksSql_Concat ',' #vksSql_Concat 
         cast ( ISNULL ( POTE.CICLOC , 0 ) as varchar) #vksSql_Concat ',' #vksSql_Concat cast ( ISNULL ( POTE.CICLOD , 0 ) as varchar) #vksSql_Concat ',0' AS CICLO1,
         cast ( ISNULL ( POTE.CICLOAEXT, 0 ) as varchar) #vksSql_Concat ',' #vksSql_Concat  
         cast ( ISNULL ( POTE.CICLOBEXT, 0 ) as varchar) #vksSql_Concat ',' #vksSql_Concat 
         cast ( ISNULL ( POTE.CICLOCEXT, 0 ) as varchar) #vksSql_Concat ',' #vksSql_Concat cast ( ISNULL ( POTE.CICLODEXT, 0 ) as varchar) #vksSql_Concat ',0' AS CICLO2
FROM IVS_DEPTOPOT POTE
WHERE POTE.SEQDEPTO = :LS1
) XA;
SELECT #LTA
FROM IVS_DEPTO DPTO
 WHERE DPTO.Depto = :LS1;  
SELECT 	EMP.NOMEREDUZIDO AS EMPRESA,
	CART.CARTEIRA,
	USR.NOMEREDUZIDO AS RESPONSAVEL,
	isnull (POTE.POTENCIAL, '**Não informado') AS POTENCIAL, 
	PESC.SEQPESSOA,
	PES.NOMERAZAO,
              PES.CIDADE #vksSql_ConcatHifen PES.UF AS CIDADE,
	PESC.DTAULTCTTO AS ULTCTTO_D,
	PESC.DTAULTCTTOEXT AS ULTCCTOEXT_D,
	(SELECT MAX(DTAAGENDA) FROM IV_AGENDA AGD
	   WHERE AGD.SEQPESSOA = PESC.SEQPESSOA
	      AND 	AGD.REALIZADA = 'N'
	      AND  AGD.ACAO = DPTO.ACAOCONTATO ) AS DTAAGENDACTTO_D,
	(SELECT MAX(DTAAGENDA) FROM IV_AGENDA AGD
	   WHERE AGD.SEQPESSOA = PESC.SEQPESSOA
	      AND 	AGD.REALIZADA = 'N'
	      AND  AGD.ACAO = DPTO.ACAOEXTERNA  ) AS DTAAGENDAEXT_D        	
FROM IVS_CARTEIRA CART
	JOIN GE_EMPRESA EMP ON EMP.NROEMPRESA = CART.NROEMPRESA
	JOIN GE_USUARIO USR ON USR.SEQUSUARIO = CART.SEQUSRRESP
	JOIN IVS_PES PESC ON PESC.SEQCARTEIRA = CART.SEQCARTEIRA 
	JOIN IVS_DEPTO DPTO ON DPTO.SEQDEPTO = PESC.SEQDEPTO    
	JOIN GE_PESSOA PES ON PES.SEQPESSOA = PESC.SEQPESSOA 
	JOIN IVS_DEPTOPOT POTE ON POTE.SEQPOTENCIALDP = PESC.SEQPOTENCIALDP
	                      AND ( (POTE.POTENCIAL NOT IN ( 'PAN' ) )
						        OR ( POTE.POTENCIAL = 'PAN' AND #SN2= 1 ) )
WHERE DPTO.DEPTO = '#LS1'
    #LS2_CMD
    AND CART.SEQCARTEIRA IN ( #OPT1_ListChave   )
    AND PES.STATUS NOT IN ('F', 'I')
ORDER BY 1,2,4, 6

","TI_010_CoberturaCarteira.qrp","0","Microsoft Sans Serif","8","Departamento #LS1, Empresa #LS2","","0","","","","","","MATHEUS.AUGUSTO","1","1","1","1","28/01/2025 09:12:00","","","",""
"157","TBA_PECAS","Base de Carteiras Peças com vinculados","Base de Carteiras Peças com vinculados","","WITH CTE_Vinculados AS (
    SELECT  
        p.NomeRazao AS CLIENTE,
        emp.NomeReduzido AS FILIAL,
        p.Cidade AS CIDADE,
        CART.Carteira AS CARTEIRA,
        usr.Nome AS CONSULTOR_DE_PEÇAS,
        p.SeqPessoa AS SEQUENCIAL,
        CASE 
            WHEN LEN(CAST(p.NroCGCCPF AS VARCHAR)) + LEN(CAST(p.DigCGCCPF AS VARCHAR)) <= 11 
                THEN RIGHT('00000000000' + CAST(p.NroCGCCPF AS VARCHAR), 9) + RIGHT('0' + CAST(p.DigCGCCPF AS VARCHAR), 2)
            ELSE RIGHT('00000000000000' + CAST(p.NroCGCCPF AS VARCHAR), 12) + RIGHT('00' + CAST(p.DigCGCCPF AS VARCHAR), 2)
        END AS CPF_CNPJ_PRINCIPAL,
        CASE 
            WHEN LEN(CAST(pvinc.NroCGCCPF AS VARCHAR)) + LEN(CAST(pvinc.DigCGCCPF AS VARCHAR)) <= 11 
                THEN RIGHT('00000000000' + CAST(pvinc.NroCGCCPF AS VARCHAR), 9) + RIGHT('0' + CAST(pvinc.DigCGCCPF AS VARCHAR), 2)
            ELSE RIGHT('00000000000000' + CAST(pvinc.NroCGCCPF AS VARCHAR), 12) + RIGHT('00' + CAST(pvinc.DigCGCCPF AS VARCHAR), 2)
        END AS CPF_CNPJ_VINCULADO,
        ROW_NUMBER() OVER (PARTITION BY p.SeqPessoa ORDER BY pvinc.NroCGCCPF) AS RN
    FROM GE_Pessoa p
    JOIN IVS_PES pes 
        ON pes.SeqPessoa = p.SeqPessoa
    LEFT JOIN GE_PessoaRelacao pr  
        ON pr.SeqPrincipal = p.SeqPessoa
    LEFT JOIN GE_Pessoa pvinc  
        ON pvinc.SeqPessoa = pr.SeqPessoa
    LEFT JOIN IVS_Carteira cart
        ON cart.SeqCarteira = pes.SeqCarteira
    LEFT JOIN GE_Empresa emp
        ON emp.NroEmpresa = cart.NroEmpresa
    LEFT JOIN GE_Usuario usr  
        ON usr.SeqUsuario = cart.SeqUsrResp
    WHERE pes.SeqDepto = :LS1
     #LS2_CMD

     AND CART.SEQCARTEIRA IN ( #OPT1_ListChave   )

) XA;
SELECT 
    CLIENTE,
    FILIAL,
    CIDADE,
    CARTEIRA,
    CONSULTOR_DE_PEÇAS,
    SEQUENCIAL,
    CPF_CNPJ_PRINCIPAL,
    MAX(CASE WHEN RN = 1 THEN CPF_CNPJ_VINCULADO END) AS CPF_CNPJ_VINCULADO_1,
    MAX(CASE WHEN RN = 2 THEN CPF_CNPJ_VINCULADO END) AS CPF_CNPJ_VINCULADO_2,
    MAX(CASE WHEN RN = 3 THEN CPF_CNPJ_VINCULADO END) AS CPF_CNPJ_VINCULADO_3,
    MAX(CASE WHEN RN = 4 THEN CPF_CNPJ_VINCULADO END) AS CPF_CNPJ_VINCULADO_4,
    MAX(CASE WHEN RN = 5 THEN CPF_CNPJ_VINCULADO END) AS CPF_CNPJ_VINCULADO_5,
    MAX(CASE WHEN RN = 6 THEN CPF_CNPJ_VINCULADO END) AS CPF_CNPJ_VINCULADO_6,
    MAX(CASE WHEN RN = 7 THEN CPF_CNPJ_VINCULADO END) AS CPF_CNPJ_VINCULADO_7,
    MAX(CASE WHEN RN = 8 THEN CPF_CNPJ_VINCULADO END) AS CPF_CNPJ_VINCULADO_8,
    MAX(CASE WHEN RN = 9 THEN CPF_CNPJ_VINCULADO END) AS CPF_CNPJ_VINCULADO_9,
    MAX(CASE WHEN RN = 10 THEN CPF_CNPJ_VINCULADO END) AS CPF_CNPJ_VINCULADO_10,
    MAX(CASE WHEN RN = 11 THEN CPF_CNPJ_VINCULADO END) AS CPF_CNPJ_VINCULADO_11,
    MAX(CASE WHEN RN = 12 THEN CPF_CNPJ_VINCULADO END) AS CPF_CNPJ_VINCULADO_12,
    MAX(CASE WHEN RN = 13 THEN CPF_CNPJ_VINCULADO END) AS CPF_CNPJ_VINCULADO_13,
    MAX(CASE WHEN RN = 14 THEN CPF_CNPJ_VINCULADO END) AS CPF_CNPJ_VINCULADO_14,
    MAX(CASE WHEN RN = 15 THEN CPF_CNPJ_VINCULADO END) AS CPF_CNPJ_VINCULADO_15,
    MAX(CASE WHEN RN = 16 THEN CPF_CNPJ_VINCULADO END) AS CPF_CNPJ_VINCULADO_16
FROM CTE_Vinculados
GROUP BY 
    CLIENTE, FILIAL, CIDADE, CARTEIRA, CONSULTOR_DE_PEÇAS, SEQUENCIAL, CPF_CNPJ_PRINCIPAL;","","1","Microsoft Sans Serif","8","","","","","","","","","MATHEUS.AUGUSTO","1","","","","10/02/2025 14:13:00","","","",""
"158","TBA_017X","Ciclo de Cobertura das Negociações por Perspectiva","TESTE 017X","","SELECT  DISTINCT COD.DESCRICAO, 
                EMP.NOMEREDUZIDO AS EMPRESA,
                CART.CARTEIRA,
                RESP.CODUSUARIO AS RESPONSAVEL,
                (SELECT POTENCIAL FROM IVS_DEPTOPOT WHERE SEQPOTENCIALDP = CPES.SEQPOTENCIALDP) AS POTENCIAL,
                PES.SEQPESSOA,
                PES.NOMERAZAO,
                PES.CIDADE,
                CAST( ISNULL(PRC.PERSPECTIVA, 0) AS VARCHAR) + '-' +
                ISNULL(PPP.PERSPECTIVA, 'Sem persp') AS PERSP_NEGABERTA,
                PPP.QTDDIAPRO CICLO_ONEG_N,
                PDD.PROCESSO,
                PRD.FAMILIA AS TIPO,
                PRD.CODPRODUTO AS MODELO,
                PRC.FASE,
                CPES.DTAULTCTTO AS ULTCTTO_D,
                CPES.DTAULTCTTOEXT AS ULTCTTOEXT_D,
                (SELECT MAX(DTAAGENDA)
                   FROM IV_AGENDA AGD
                   JOIN IV_PROCACAO PA
                     ON PA.ACAO = AGD.ACAO
                   JOIN IV_CODPROCESSO COD
                     ON COD.CODPROCESSO = PA.CODPROCESSO
                    AND COD.DESCRICAO = :LS3
                  WHERE AGD.PROCESSO = PRC.PROCESSO
                    AND AGD.REALIZADA = 'N') AS DTAAGENDACTTO_D,
                (SELECT MAX(DTAAGENDA)
                   FROM IV_AGENDA AGD
                  WHERE AGD.SEQPESSOA = CPES.SEQPESSOA
                    AND AGD.REALIZADA = 'N'
                    AND AGD.ACAO = DPTO.ACAOEXTERNA) AS DTAAGENDAEXT_D
  FROM IV_PROCESSO PRC
  JOIN IV_PROCDADO PDD
    ON PDD.PROCESSO = PRC.PROCESSO
  JOIN IV_CODPROCESSO COD
    ON COD.CODPROCESSO = PDD.CODPROCESSO
   AND COD.DESCRICAO = :LS3
  JOIN IV_PROCFASE PFS
    ON PFS.CODPROCESSO = PDD.CODPROCESSO
   AND PFS.FASE = PRC.FASE
   AND PFS.FASEORDEM < 19
  JOIN GE_EMPRESA EMP
    ON EMP.NROEMPRESA = PDD.NROEMPRESA
  JOIN IVS_PES CPES 
    ON CPES.SEQPESSOA = PDD.SEQPESSOA 
   AND CPES.SEQPOTENCIALDP is not null 
  JOIN GE_PESSOA PES 
    ON PES.SEQPESSOA = CPES.SEQPESSOA 
   AND PES.STATUS NOT IN ('I', 'F') 
  JOIN IVS_CARTEIRA CART
    ON CART.SEQCARTEIRA = CPES.SEQCARTEIRA
   AND CART.SEQCARTEIRA IN ( #OPT1_ListChave   )
  JOIN GE_USUARIO RESP
    ON RESP.SEQUSUARIO = CART.SEQUSRRESP
  JOIN IVS_DEPTO DPTO
    ON DPTO.SEQDEPTO = CPES.SEQDEPTO
   AND DPTO.DEPTO = 'MAQ-NOVOS'
  JOIN IV_AGENDA AGG 
    ON AGG.Processo = PRC.PROCESSO
   AND AGG.REALIZADA = 'N'
   AND AGG.Acao = 768
  LEFT JOIN IV_PROCPERSP PPP
    ON PPP.CODPROCESSO = PDD.CODPROCESSO
   AND PPP.PERSPORDEM = PRC.PERSPECTIVA
  LEFT JOIN IV_PROCPRODUTO PPD
    ON PPD.PROCESSO = PRC.PROCESSO
   AND PPD.PROCESSO > 0
  LEFT JOIN IV$PRODUTO PRD
    ON PRD.CODPRODUTO = PPD.CODPRODUTO
   AND PRD.SEQPRODUTO = PPD.SEQPRODUTO
 WHERE 1 = 1
   AND ISNULL(PRC.DTAINCLUSAO, PRC.DTAALTERACAO)  >= :DT1
   AND ISNULL(PRC.DTAINCLUSAO, PRC.DTAALTERACAO)  <= :DT2

   AND ISNULL(PRC.REALIZADO, 0) = 0
 ORDER BY 2, 3, 9 DESC, 7","JDE_017X_Ciclo de Cobertura das Negociações por Perspectiva.qrp","0","Microsoft Sans Serif","8","Departamento #LS1, Empresa #LS2, Carteiras #OPT1_List","","","","","","","","V:AMAURY","1","","","","28/08/2025 17:46:00","28/03/2025 08:58:00","02/09/2026 17:18:36","RENATA.ABRA","428"
"159","TBA_028","Análise de Faturamento (DSI PUK)","Faturamento DSI PUK","","SELECT
    PES.SEQPESSOA AS SEQUENCIAL,
    PES.NOMERAZAO AS CLIENTE,
    PES.CIDADE,
    cart.Carteira as CARTEIRA,
    eq.CodEquipe AS RESP_CARTEIRA,
    HST.VENDEDOR,
    FORMAT(HST.DTAREALIZACAO, 'dd/MM/yyyy') AS DATA_FATURAMENTO,
    VND.TIPO_DO_EQUIPAMENTO,
    VND.MARCA,
    VND.MODELO_DO_EQUIPAMENT,
    VND.CODIGO_DO_MODELO,
    VND.VALOR_TOTAL,
    HST.PROCESSO
FROM 
    GE_Pessoa pes
        LEFT JOIN iv_historico hst ON HST.SEQPESSOA = PES.SEQPESSOA
        JOIN IV_Q$VENDA VND ON VND.PROCESSO = HST.PROCESSO
        join IVS_Pes p ON p.SeqPessoa = pes.SeqPessoa
        left JOIN IVS_CARTEIRA CART
        ON cart.SeqCarteira = p.SeqCarteira
        join IVS_CartDepto cd on cd.SeqCarteira = cart.SeqCarteira
        left join IVS_Depto dpto on dpto.SeqUsrDirDepto = cart.SeqUsrResp and dpto.SeqDepto = p.SeqDepto
        JOIN IV_Equipe EQ ON EQ.SeqUsuario = CART.SeqUsrResp
        join IV_Operador op on op.SeqUsuario = eq.SeqUsuario 
where CARt.seqCarteira IN ( #OPT1_ListChave   )

AND cd.SeqDepto = 28
and op.Departamento = 'DSI-PUK'
and HST.RESULTADO IN (2506, 2505, 2504, 2529, 2530)
and hst.Vendedor in ('RAFAEL.LADEIA','EDUARDO.PRADO','JULIA.COSTA','MAICON.FIGUEIRA')
ORDER BY HST.DTAREALIZACAO DESC;","","1","Microsoft Sans Serif","8","","","","","","","","","MATHEUS.AUGUSTO","1","","","","10/04/2025 09:49:00","01/04/2025 17:39:00","01/04/2025 17:36:09","MATHEUS.AUGUSTO","4"
"160","TBA_022X","Acompanhamento Venda Perdida/Desistiu da Compra","Acompanhamento Venda Perdida/Desistiu da Compra","","SET LS1_CMD = ' AND EMP.NOMEREDUZIDO = :LS1';
SET LS2_CMD = ' AND HST.VENDEDOR = :LS2';

SELECT CASE 
         WHEN :LS3 = 'VENDA PERDIDA' THEN 'IN (2550,2555)' 
         ELSE 'IN (2549)' 
       END INTO :LTA;

SET LS3_CMD = ' AND RES.RESULTADO :LTA';

SELECT CASE 
         WHEN :LS3 = 'VENDA PERDIDA' THEN 'VENDA PERDIDA SEM PARTICIPAÇÃO' 
         ELSE 'DESISTIU DA COMPRA' 
       END INTO :LTB;

SELECT 
  PES.SEQPESSOA AS SEQPESSOA, 
  PES.NOMERAZAO AS PESSOA,
  PES.CIDADE AS CIDADE,
  CART.CARTEIRA + ' - ' + RESP.CODUSUARIO AS CEN,
  HST.VENDEDOR AS VENDEDOR,
  HST.DTAREALIZACAO AS DTA_VP_DC_D,
  APR.DATA_VENDA_VP AS DTA_VP_FORM_D,
  UPPER(APR.REVENDA_VP) AS REVENDA,
  APR.MARCA_VP AS MARCA,
  APR.MODELO_VP AS MOD_CONC,
  ISNULL(APR.MODELO_JOHN_DEERE_VP, PRD.MODELO) AS MOD_JD,
  ISNULL(APR.QUANTIDADE_VP, PPD.QTDE) AS QTDEJD_N,
  ISNULL(APR.PRECO_JOHN_DEERE_VP, PPD.VALOR) AS PRECOJD_N,
  ISNULL(APR.MOTIVO_VP, '*Desistiu da Compra') AS MOTIVO,
  '(' + RES.DESCREDUZIDA + ') ' + HST.DETALHE AS DETALHE_L,
  1 AS SOMA_N,
  PSP.PERSPECTIVA AS PERSPECTIVA,
  HST.PROCESSO AS PROCESSO_N
FROM IV_HISTORICO HST
  JOIN GE_PESSOA PES ON PES.SEQPESSOA = HST.SEQPESSOA
  JOIN IVS_PES IVP ON IVP.SEQPESSOA = HST.SEQPESSOA
    AND IVP.POTENCIAL >= 'A'
    AND IVP.SEQDEPTO IN (2, 25)
  JOIN IVS_CARTEIRA CART ON CART.SEQCARTEIRA = IVP.SEQCARTEIRA
  JOIN GE_USUARIO RESP ON RESP.SEQUSUARIO = CART.SEQUSRRESP
  JOIN GE_EMPRESA EMP ON EMP.NROEMPRESA = HST.NROEMPRESA
  JOIN IV_RESULTADO RES ON RES.RESULTADO = HST.RESULTADO
  LEFT JOIN IV_PROCESSO PRO ON PRO.PROCESSO = HST.PROCESSO
  LEFT JOIN IV_PROCPRODUTO PPD ON PPD.PROCESSO = PRO.PROCESSO
  LEFT JOIN IV$PRODUTO PRD ON PRD.SEQPRODUTO = PPD.SEQPRODUTO
  LEFT JOIN IV_Q$VENDA_PERDIDA_MAQIMP APR ON APR.PROCESSO = HST.PROCESSO
  LEFT JOIN (
    SELECT CODPROCESSO, MIN(PERSPECTIVA) AS PERSPECTIVA
    FROM IV_PROCPERSP
    GROUP BY CODPROCESSO
  ) PSP ON PSP.CODPROCESSO = HST.CODPROCESSO
WHERE HST.RESULTADO IN (2549, 2550, 2555)
  AND HST.DTAREALIZACAO >= :DT1 
  AND HST.DTAREALIZACAO <= :DT2
  AND PES.STATUS NOT IN ('I', 'F')
  #LS1_CMD
  #LS2_CMD
  #LS3_CMD
ORDER BY 4, 18;","JDE_022X_Acompanhamento_Venda_Perdida.qrp","1","Microsoft Sans Serif","8","Realizadas entre: #DT1 e #DT2. Empresa: #LS1. CEN:#LS2.","","","","","","","","MATHEUS.AUGUSTO","1","","","","11/04/2025 17:15:00","02/04/2025 09:16:00","","",""
"161","RAS","Rass","Rass","","SELECT *
FROM GE_FIGURA
","","1","Microsoft Sans Serif","8","","","","","","","","","V:AMAURY","1","","","","10/04/2025 16:36:00","10/04/2025 16:36:00","","",""
"162","PED001","Pedido de compra","Pedido de compra","","
SELECT 
substring ( '#LS1', 
charindex(' (',  '#LS1') + 2,   
(charindex(')',  '#LS1')) - 
(charindex(' (',  '#LS1') + 2)
) INTO :LTA
FROM DUAL
;

SET LS1_CMD = 'HIS2.Processo = #LTA';

SELECT XA.EMPRESA,
               XA.ARQUIVO,
               XA.TIPO_S,
               XA.IMAGEM_S,
               XA.QTDE,
               upper(XA.DESCRICAO) as DESCRICAO,
               XA.COMPRADOR,
               XA.RG,
               XA.CNPJ,
              upper(XA.LOGRADOURO) AS LOGRADOURO,
              XA.NROLOGRADOURO,
              XA.IE,
              upper(XA.CIDADE) AS CIDADE,
              upper(XA.BAIRRO) AS BAIRRO,
              XA.FONE,
             upper(XA.EMAIL) AS EMAIL,
             XA.FORMA_PAGTO ,
             XA.PROCESSO,
             XA.VALOR_TOTAL_N2,
            SUM ( XA.VALOR_TOTAL_N2 ) OVER ( PARTITION BY XA.SEQPESSOA ) AS SOMA_TOTAL_N2,
            XA.VENDEDOR,
            replace ( replace ( QX.observacao_consolidada, char(13), ''), char(10), '' )  AS OBSERVACAO
FROM (
 SELECT   DISTINCT  
          EMP.RAZAOSOCIAL + ' - ' + EMP.CIDADE + '/' + EMP.ESTADO AS EMPRESA, 
          FIG.ARQUIVO,  
          FIG.TIPO AS TIPO_S, 
		 'SELECT FIGURABIN FROM GE_FIGURA WHERE TIPO = ^' + TIPO + '^ AND CODIGO = ' + cast(FIG.CODIGO as varchar) AS IMAGEM_S, 
          1  AS QTDE, 
		  QU.MODELO_DO_EQUIPAMENT AS DESCRICAO, 
          PES.NomeRazao AS COMPRADOR,  
	      PES.InscricaoRG AS RG, 
		  CAST ( PES.NROCGCCPF AS VARCHAR ) + ' ' + CAST ( PES.digCGCCPF AS VARCHAR ) AS CNPJ, 
		  PES.LOGRADOURO AS LOGRADOURO, 
		  PES.NroLogradouro AS NROLOGRADOURO, 
	      PES.InscProdutor AS IE, 
	      PES.CIDADE AS CIDADE, 
		  PES.BAIRRO AS BAIRRO, 
	      PES.FONEDDD1 + '-' + CAST ( PES.FONENRO1 AS VARCHAR) + '- ' + PES.FoneCmpl1 AS FONE, 
	      PES.EMAIL AS EMAIL, 
	      QU.FORMA_DE_PAGAMENTO AS FORMA_PAGTO , 
          '*processo de referência..: ' + cast(HIS.PROCESSO as varchar) as PROCESSO , 
          QU.VALOR_TOTAL AS VALOR_TOTAL_N2, 
          HIS.vendedor AS VENDEDOR, 
          QU.Observacao AS OBSERVACAO, 
          PES.SEQPESSOA 
FROM IV_HISTORICO HIS 
JOIN GE_EMPRESA EMP ON EMP.NROEMPRESA = HIS.NroEmpresa  
JOIN GE_PESSOA PES ON PES.SEQPESSOA = HIS.SeqPessoa 
JOIN IV_Q$VENDA QU ON QU.PROCESSO = HIS.Processo 
JOIN GE_FIGURA FIG ON FIG.CODIGO = QU.SeqQuestionario AND FIG.Tipo = 'FORMASSINATURA' 
JOIN IV_HISTORICO HIS2 ON #LS1_CMD 
WHERE HIS.Resultado = 2548 
 AND HIS.DtaRealizacao >= :DT1
 AND HIS.DtaRealizacao <= :DT2 
 AND HIS.NROEMPRESA = (SELECT NROEMPRESA FROM GE_EMPRESA WHERE NOMEREDUZIDO = :LS2)
 AND HIS.VENDEDOR = :LS3
 AND HIS.SeqPessoa = HIS2.SeqPessoa
)  XA
, ( select XB.seqpessoa, STRING_AGG(XB.observacao, ', ') AS observacao_consolidada
    FROM (
            SELECT DISTINCT Q1.SEQPESSOA, Q1.OBSERVACAO
            FROM (SELECT DISTINCT SEQPESSOA, PROCESSO, TRIM(OBSERVACAO) AS OBSERVACAO FROM IV_Q$VENDA) q1, IV_HISTORICO q2
	   where Q2.Resultado = 2548 
                     AND Q2.DtaRealizacao >= :DT1
                     AND Q2.DtaRealizacao <= :DT2
                     AND Q2.NROEMPRESA = (SELECT NROEMPRESA FROM GE_EMPRESA WHERE NOMEREDUZIDO = :LS2)
                     AND Q2.VENDEDOR = :LS3
                     AND Q2.PROCESSO = Q1.PROCESSO
        ) XB  GROUP BY XB.SeqPessoa) qx  
where qx.seqpessoa = xa.seqpessoa
","PED001 - pedido.qrp","0","Microsoft Sans Serif","8","","","","","","","","","V:AMAURY","1","","","","30/04/2025 10:49:00","14/04/2025 12:12:00","14/05/2025 16:56:20","MATHEUS.AUGUSTO","30"
"163","TBA_101XX","Análise da Carteira de Pedidos FY25","Teste","","SET LS2_CMD = ' AND EMP.NOMEREDUZIDO = :LS2';
SET LS1_CMD = ' AND VND.VENDA_TIPO_EQUIPAMEN = :LS1';
SET LS3_CMD = ' AND VND.VENDA_MODELO_EQUIPAM = :LS3';
SELECT CASE 
         WHEN :SN1_X = '1' AND :SN3_X = '1' THEN ' ' 
         WHEN :SN1_X = '1' THEN 'AND PRC.STATUS = ''FATURADO''' 
         ELSE '' 
       END 
INTO :LTA FROM DUAL;
SELECT CASE 
         WHEN :SN1_X = '1' AND :SN3_X = '1' THEN ' ' 
         WHEN :SN3_X = '1' THEN 'AND PRC.STATUS NOT IN (''FATURADO'', ''CANCELADO'', ''VENDA PERDIDA'')' 
         ELSE '' 
       END 
INTO :LTB FROM DUAL;
SELECT DISTINCT EMP.NOMEREDUZIDO AS EMPRESA,
 	 hist.vendedor AS CEN, 
               VND.VENDA_JDQUOTE AS JD_QUOTE,
                VND.VENDA_TIPO_VENDA AS TIPO_VENDA,
	VND.VENDA_TIPO_EQUIPAMEN AS TIPO_DE_EQUIPAMENTO,
               VND.VENDA_MARCA_EQUIPAME AS MARCA,
	VND.VENDA_MODELO_EQUIPAM AS MODELO,
                 PES.SEQPESSOA AS SEQPESSOA,       
	 case when isnull(VND.VENDA_COMPRADOR, '@')='@' or VND.VENDA_COMPRADOR='' 
                   then PES.NOMERAZAO 
	  else VND.VENDA_COMPRADOR end AS NOMERAZAO,
	ISNULL(CAST(PES.NROCGCCPF AS VARCHAR), '') + ISNULL(CAST(PES.DIGCGCCPF AS VARCHAR), '') AS CNPJCPF,
	VND.VENDA_LINHA_CREDITO AS LINHA_CREDITO,
    VND.VENDA_INST_FINANC AS INST_FINANCEIRA,
    ADM.VENDA_FINANC_CHASSI AS FINANC_CHASSI,
	ACA.Descricao + ' - ' + RES.Descricao AS ULT_RESULTADO,
	ADM.VENDA_FINANC_DATAFAT AS DTA_FATURAMENTO_D,
    ADM.VENDA_FINANC_NRO_NF AS NF_N,
    VND.VENDA_DATA_PEDIDO AS DTA_PED_D,
	VND.DTAREALIZACAO AS DTA_PRENCH_FORM_D,
    VND.VENDA_VALOR_TOTAL AS VALOR_N,
    PDD.DTAULTRESULTADO AS DTA_ULT_ANDAMENTO_D,
    HIST.DETALHE AS ULT_HISTORICO_L,
	PRC.PROCESSO AS PROCESSO_N,

 case when isnull( resp.codusuario, '@')='@' and isnull( resp3.codusuario, '@')='@'  then '<outro CEN>' 
      when isnull( resp.codusuario, '@')<>'@' then resp.CodUsuario
      when isnull( resp3.codusuario, '@')<>'@' then resp3.CodUsuario
      end AS CARTEIRA,

	PES.CIDADE + ' - ' + PES.UF AS CIDADE,
      (SELECT MAX(HIST.DTAREALIZACAO)
         FROM IV_HISTORICO HIST
        WHERE HIST.PROCESSO = PRC.PROCESSO
        AND HIST.RESULTADO = 3231) AS DATA_PEDIDO_HIST_D,
       PDD.Campanha
 --940015 - Vender Maquina/Implemento 940221 -Pedido Realizado    
FROM IV_PROCESSO PRC
 JOIN IV_PROCDADO PDD ON PDD.PROCESSO = PRC.PROCESSO 
 JOIN GE_EMPRESA EMP ON EMP.NROEMPRESA = PDD.NROEMPRESA 
 JOIN GE_PESSOA PES ON PES.SEQPESSOA = PDD.SEQPESSOA 
 LEFT JOIN IV_Q$ACOMP_VENDA_FINANC ADM ON ADM.PROCESSO = PRC.PROCESSO 
 JOIN IV_Q$VENDA_EQUIPAMENTO VND ON VND.PROCESSO = PRC.PROCESSO 
 LEFT JOIN ( SELECT HIS.PROCESSO, MAX(HIS.SEQHISTORICO) AS SEQ 
             FROM IV_HISTORICO HIS GROUP BY HIS.PROCESSO) Q ON Q.PROCESSO = PRC.PROCESSO 
 LEFT JOIN IV_HISTORICO HIST ON HIST.SEQHISTORICO = Q.SEQ 
 JOIN IVS_PES IVP ON IVP.SEQPESSOA = PDD.SEQPESSOA 
 AND IVP.SEQDEPTO IN ( 2, 25 ) 
 JOIN IVS_CARTEIRA CART  
 ON CART.SEQCARTEIRA = IVP.SEQCARTEIRA 
                      AND CART.SEQCARTEIRA IN ( #OPT1_ListChave )
 LEFT JOIN IV_RESULTADO RES ON RES.RESULTADO = HIST.RESULTADO 
 LEFT JOIN IV_ACAO ACA ON ACA.ACAO = RES.ACAO
 LEFT JOIN IVS_PES IVP2 ON IVP2.SeqPessoa = PES.SeqPessoa   AND IVP2.SeqDepto = 2
 LEFT JOIN IVS_CARTEIRA CART2 ON CART2.SeqCarteira = IVP2.SeqCarteira
 LEFT JOIN IVS_CartDepto CDEP ON CDEP.SeqDepto = 2 AND CART2.SeqCarteira = CDEP.SeqCarteira
 LEFT JOIN GE_USUARIO RESP ON RESP.CODUSUARIO = HIST.VENDEDOR AND RESP.SEQUSUARIO = CART2.SeqUsrResp
 LEFT JOIN IVS_PES IVP3 ON IVP3.SeqPessoa = PES.SeqPessoa   AND IVP3.SeqDepto = 25
 LEFT JOIN IVS_CARTEIRA CART3 ON CART3.SeqCarteira = IVP3.SeqCarteira
 LEFT JOIN IVS_CartDepto CDEP3 ON CDEP3.SeqDepto = 25 AND CART3.SeqCarteira = CDEP3.SeqCarteira
 LEFT JOIN GE_USUARIO RESP3 ON RESP3.CODUSUARIO = HIST.VENDEDOR  and RESP3.SEQUSUARIO = CART3.SeqUsrResp

WHERE PDD.CODPROCESSO in ( 31,41, 50 )
  AND VND.VENDA_DATA_PEDIDO >= :DT1
  AND VND.VENDA_DATA_PEDIDO <= :DT2
  AND PRC.STATUS NOT IN ('VENDA PERDIDA', 'DESISTIU DA COMPRA', 'CANCELADO')
  AND PES.STATUS NOT IN ('F')

AND EXISTS (SELECT 1 FROM IV_HISTORICO WHERE RESULTADO=3231 AND PROCESSO = PDD.PROCESSO)
AND NOT EXISTS (SELECT 1 FROM IV_HISTORICO HH2, IV_ProcStatMonit SMO
              WHERE HH2.RESULTADO=3231 AND HH2.PROCESSO = PDD.PROCESSO
			    AND SMO.Processo = HH2.PROCESSO
				AND SMO.Status = 'CREDITO NAO APROVADO'
				AND SMO.DtaMonit > HH2.DtaRealizacao
			  ) 
			  

/*AND PRC.PROCESSO = 130256*/
 #LS2_CMD 
 #LS1_CMD 
 #LS3_CMD 
 #LTA
 #LTB
ORDER BY 1,2,4,5,6
","","1","Microsoft Sans Serif","8","","","","","","","","","V:AMAURY","1","","","","20/08/2025 15:11:00","22/05/2025 12:55:00","21/08/2025 07:51:19","WILLIAN.ALVES","235"
"164","TESTE_444","Ciclo de Cobertura das Negociações por Perspectiva teste 017","TESTE 017X","","SELECT  DISTINCT COD.DESCRICAO, 
                EMP.NOMEREDUZIDO AS EMPRESA,
                CART.CARTEIRA,
                RESP.CODUSUARIO AS RESPONSAVEL,
                (SELECT POTENCIAL FROM IVS_DEPTOPOT WHERE SEQPOTENCIALDP = CPES.SEQPOTENCIALDP) AS POTENCIAL,
                PES.SEQPESSOA,
                PES.NOMERAZAO,
                PES.CIDADE,
                CAST( ISNULL(PRC.PERSPECTIVA, 0) AS VARCHAR) + '-' +
                ISNULL(PPP.PERSPECTIVA, 'Sem persp') AS PERSP_NEGABERTA,
                PPP.QTDDIAPRO CICLO_ONEG_N,
                PDD.PROCESSO,
                PRD.FAMILIA AS TIPO,
                PRD.CODPRODUTO AS MODELO,
                PRC.FASE,
                CPES.DTAULTCTTO AS ULTCTTO_D,
                CPES.DTAULTCTTOEXT AS ULTCTTOEXT_D,
                (SELECT MAX(DTAAGENDA)
                   FROM IV_AGENDA AGD
                   JOIN IV_PROCACAO PA
                     ON PA.ACAO = AGD.ACAO
                   JOIN IV_CODPROCESSO COD
                     ON COD.CODPROCESSO = PA.CODPROCESSO
                    AND COD.DESCRICAO = :LS3
                  WHERE AGD.PROCESSO = PRC.PROCESSO
                    AND AGD.REALIZADA = 'N') AS DTAAGENDACTTO_D,
                (SELECT MAX(DTAAGENDA)
                   FROM IV_AGENDA AGD
                  WHERE AGD.SEQPESSOA = CPES.SEQPESSOA
                    AND AGD.REALIZADA = 'N'
                    AND AGD.ACAO = DPTO.ACAOEXTERNA) AS DTAAGENDAEXT_D
  FROM IV_PROCESSO PRC
  JOIN IV_PROCDADO PDD
    ON PDD.PROCESSO = PRC.PROCESSO
  JOIN IV_CODPROCESSO COD
    ON COD.CODPROCESSO = PDD.CODPROCESSO
   AND COD.DESCRICAO = :LS3
  JOIN IV_PROCFASE PFS
    ON PFS.CODPROCESSO = PDD.CODPROCESSO
   AND PFS.FASE = PRC.FASE
   AND PFS.FASEORDEM < 17
  JOIN GE_EMPRESA EMP
    ON EMP.NROEMPRESA = PDD.NROEMPRESA
  JOIN IVS_PES CPES 
    ON CPES.SEQPESSOA = PDD.SEQPESSOA 
   AND CPES.SEQPOTENCIALDP is not null 
  JOIN GE_PESSOA PES 
    ON PES.SEQPESSOA = CPES.SEQPESSOA 
   AND PES.STATUS NOT IN ('I', 'F') 
  JOIN IVS_CARTEIRA CART
    ON CART.SEQCARTEIRA = CPES.SEQCARTEIRA
   AND CART.SEQCARTEIRA IN ( #OPT1_ListChave   )
  JOIN GE_USUARIO RESP
    ON RESP.SEQUSUARIO = CART.SEQUSRRESP
  JOIN IVS_DEPTO DPTO
    ON DPTO.SEQDEPTO = CPES.SEQDEPTO
   AND DPTO.DEPTO = 'MAQ-NOVOS'
  JOIN IV_AGENDA AGG 
    ON AGG.Processo = PRC.PROCESSO
   AND AGG.REALIZADA = 'N'
   AND AGG.Acao = 768
  LEFT JOIN IV_PROCPERSP PPP
    ON PPP.CODPROCESSO = PDD.CODPROCESSO
   AND PPP.PERSPORDEM = PRC.PERSPECTIVA
  LEFT JOIN IV_PROCPRODUTO PPD
    ON PPD.PROCESSO = PRC.PROCESSO
   AND PPD.PROCESSO > 0
  LEFT JOIN IV$PRODUTO PRD
    ON PRD.CODPRODUTO = PPD.CODPRODUTO
   AND PRD.SEQPRODUTO = PPD.SEQPRODUTO
 WHERE 1 = 1
   AND ISNULL(PRC.DTAINCLUSAO, PRC.DTAALTERACAO)  >= :DT1
   AND ISNULL(PRC.DTAINCLUSAO, PRC.DTAALTERACAO)  <= :DT2

   AND ISNULL(PRC.REALIZADO, 0) = 0
 ORDER BY 2, 3, 9 DESC, 7
","Clone_JDE_017X_Ciclo de Cobertura das Negociações por Perspectiva.qrp","0","Microsoft Sans Serif","8","Departamento #LS1, Empresa #LS2, Carteiras #OPT1_List","","","","","","","","MATHEUS.AUGUSTO","1","","","","28/05/2025 11:10:00","28/03/2025 08:58:00","08/07/2025 11:14:31","MATHEUS.AUGUSTO","112"
"165","TBA_002","Carteira de Clientes (Peças)","Carteira de Clientes","","

SELECT
    P.SEQPESSOA AS SEQUENCIAL,
    P.NOMERAZAO AS CLIENTE,
    P.Cidade AS CIDADE,
    C.CARTEIRA AS CARTEIRA,
    USR.CodUsuario AS RESPONSAVEL, 
        CASE
            WHEN DPOT.POTENCIAL = '85' THEN 'PAN'
            WHEN DPOT.POTENCIAL = '1' THEN 'A'
            WHEN DPOT.POTENCIAL = '22' THEN 'B'
            WHEN DPOT.POTENCIAL = '43' THEN 'C'
            WHEN DPOT.POTENCIAL = '64' THEN 'D'
            WHEN LEN(DPOT.POTENCIAL) = 0 OR DPOT.POTENCIAL IS NULL THEN 'VAZIO'
            ELSE DPOT.POTENCIAL
        END AS POTENCIAL
FROM
    GE_PESSOA P
    LEFT JOIN IVS_PES PES
    ON P.SEQPESSOA = PES.SEQPESSOA
    LEFT JOIN IVS_DEPTO D
    ON D.SEQDEPTO = PES.SEQDEPTO
    LEFT JOIN IVS_CARTEIRA C
    ON PES.SEQCARTEIRA = C.SeqCarteira
    LEFT JOIN IVS_DEPTOPOT DPOT
    ON DPOT.SEQDEPTO = PES.SEQDEPTO
    AND DPOT.SEQPOTENCIALDP = PES.SEQPOTENCIALDP
    AND (dpot.POTENCIAL >= 'A' or dpot.POTENCIAL is null)
    LEFT JOIN GE_Usuario USR
    ON USR.SeqUsuario = C.SeqUsrResp

WHERE D.DEPTO = :LS1
#LS2_CMD

AND C.SEQCARTEIRA IN ( #OPT1_ListChave   )


ORDER BY 6;","Clone_","1","Microsoft Sans Serif","8","","","","","","","","","MATHEUS.AUGUSTO","1","","","","05/06/2025 08:48:00","05/06/2025 08:48:00","31/08/2026 12:47:36","EDER.ARAUJO","88"
"166","TBA_003","Carteira de Clientes (Pneus)","Carteira de Clientes","","

SELECT
    P.SEQPESSOA AS SEQUENCIAL,
    P.NOMERAZAO AS CLIENTE,
    P.Cidade AS CIDADE,
    C.CARTEIRA AS CARTEIRA,
    USR.CodUsuario AS RESPONSAVEL, 
        CASE
            WHEN DPOT.POTENCIAL = '85' THEN 'PAN'
            WHEN DPOT.POTENCIAL = '1' THEN 'A'
            WHEN DPOT.POTENCIAL = '22' THEN 'B'
            WHEN DPOT.POTENCIAL = '43' THEN 'C'
            WHEN DPOT.POTENCIAL = '64' THEN 'D'
            WHEN LEN(DPOT.POTENCIAL) = 0 OR DPOT.POTENCIAL IS NULL THEN 'VAZIO'
            ELSE DPOT.POTENCIAL
        END AS POTENCIAL
FROM
    GE_PESSOA P
    LEFT JOIN IVS_PES PES
    ON P.SEQPESSOA = PES.SEQPESSOA
    LEFT JOIN IVS_DEPTO D
    ON D.SEQDEPTO = PES.SEQDEPTO
    LEFT JOIN IVS_CARTEIRA C
    ON PES.SEQCARTEIRA = C.SeqCarteira
    LEFT JOIN IVS_DEPTOPOT DPOT
    ON DPOT.SEQDEPTO = PES.SEQDEPTO
    AND DPOT.SEQPOTENCIALDP = PES.SEQPOTENCIALDP
    AND (dpot.POTENCIAL >= 'A' or dpot.POTENCIAL is null)
    LEFT JOIN GE_Usuario USR
    ON USR.SeqUsuario = C.SeqUsrResp

WHERE D.DEPTO = :LS1
#LS2_CMD

AND C.SEQCARTEIRA IN ( #OPT1_ListChave   )


ORDER BY 6;","Clone_Clone_","1","Microsoft Sans Serif","8","","","","","","","","","MATHEUS.AUGUSTO","1","","","","05/06/2025 08:50:00","05/06/2025 08:48:00","14/07/2025 15:15:00","ULYSSES.OLIVEIRA","21"
"167","PED001XX","Pedido de compra","Pedido de compra","","
SELECT 
substring ( '#LS1', 
charindex(' (',  '#LS1') + 2,   
(charindex(')',  '#LS1')) - 
(charindex(' (',  '#LS1') + 2)
) INTO :LTA
FROM DUAL
;

SET LS1_CMD = 'HIS2.Processo = #LTA';

SELECT
    B.EMPRESA,
    'PEDIDO' AS ARQUIVO,
    B.FIG_TIPO AS TIPO_S,
    CASE WHEN ROW_NUMBER() OVER (PARTITION BY B.SEQPESSOA ORDER BY B.PROCESSO) = 1
         THEN 'SELECT FIGURABIN FROM GE_FIGURA WHERE TIPO = ^' + B.FIG_TIPO + '^ AND CODIGO = ' + CAST(B.FIG_CODIGO AS VARCHAR(20))
         ELSE NULL
    END AS IMAGEM_S,
    1 AS QTDE,
    UPPER(B.VENDA_MODELO_EQUIPAM) AS DESCRICAO,
    B.COMPRADOR,
    B.RG,
    B.CNPJ,
    UPPER(B.LOGRADOURO) AS LOGRADOURO,
    B.NROLOGRADOURO,
    B.IE,
    UPPER(B.CIDADE) AS CIDADE,
    UPPER(B.BAIRRO) AS BAIRRO,
    B.FONE,
    UPPER(B.EMAIL) AS EMAIL,
    B.FORMA_PAGTO,
    '*processo de referência..: ' + CAST(B.PROCESSO AS VARCHAR(20)) AS PROCESSO,

    B.VENDA_VALOR_TOTAL AS VALOR_TOTAL_N2,
    SUM(B.VENDA_VALOR_TOTAL) OVER (PARTITION BY B.SEQPESSOA) AS SOMA_TOTAL_N2,

    B.VENDEDOR,
    B.FONEPES,
    B.CELPES,

    OBX.Observacao_Consolidada AS OBSERVACAO,

    ROW_NUMBER() OVER (PARTITION BY B.SEQPESSOA ORDER BY B.PROCESSO) AS PEDIDO,
    B.UF
FROM (
    SELECT DISTINCT
        EMP.RAZAOSOCIAL + ' - ' + EMP.CIDADE + '/' + EMP.ESTADO AS EMPRESA,
        FIG.ARQUIVO                            AS FIG_ARQUIVO,
        FIG.TIPO                               AS FIG_TIPO,
        FIG.CODIGO                             AS FIG_CODIGO,
        QU.VENDA_MODELO_EQUIPAM,
        PES.NomeRazao                          AS COMPRADOR,
        PES.InscricaoRG                        AS RG,
        CAST(PES.NROCGCCPF AS VARCHAR(20)) + ' ' + CAST(PES.digCGCCPF AS VARCHAR(5)) AS CNPJ,
        PES.LOGRADOURO,
        PES.NroLogradouro                      AS NROLOGRADOURO,
        PES.InscProdutor                       AS IE,
        PES.CIDADE,
        PES.BAIRRO,
        PES.FONEDDD1 + '-' + CAST(PES.FONENRO1 AS VARCHAR(20)) + '- ' + PES.FoneCmpl1 AS FONE,
        PES.EMAIL,
        QU.VENDA_FORMA_PAGTO                   AS FORMA_PAGTO,
        HIS.PROCESSO                           AS PROCESSO,
        QU.Observacao,
        QU.VENDA_VALOR_TOTAL,         
        HIS.VENDEDOR,                         
        PES.SEQPESSOA,
        CAST(PES.FoneDDD1 AS VARCHAR(5)) + CAST(PES.FoneNro1 AS VARCHAR(20)) AS FONEPES,
        CAST(PES.FoneDDD2 AS VARCHAR(5)) + CAST(PES.FoneNro2 AS VARCHAR(20)) AS CELPES,
        PES.UF
    FROM IV_HISTORICO HIS
    JOIN GE_EMPRESA EMP        ON EMP.NROEMPRESA = HIS.NroEmpresa
    JOIN GE_PESSOA  PES        ON PES.SEQPESSOA = HIS.SeqPessoa
    JOIN IV_Q$VENDA_EQUIPAMENTO QU ON QU.PROCESSO = HIS.Processo
    JOIN GE_FIGURA FIG         ON FIG.CODIGO = QU.SeqQuestionario AND FIG.Tipo = 'FORMASSINATURA'
    JOIN IV_HISTORICO HIS2     ON #LS1_CMD 
    WHERE HIS.Resultado = 3231
      AND HIS.DtaRealizacao >= :DT1
      AND HIS.DtaRealizacao <= :DT2
      AND HIS.NROEMPRESA = (SELECT NROEMPRESA FROM GE_EMPRESA WHERE NOMEREDUZIDO = :LS2)
      AND HIS.VENDEDOR = :LS3
      AND HIS.SeqPessoa = HIS2.SeqPessoa
) B
CROSS APPLY (
    SELECT Observacao_Consolidada =
        STUFF((
            SELECT   NCHAR(13) + NCHAR(10)
                 + N'PEDIDO ' + RIGHT( CAST(ROW_NUMBER() OVER (PARTITION BY d.SeqPessoa ORDER BY d.Processo) AS VARCHAR(3)), 3)
                 + N' - ' + COALESCE(d.Observacao, N'')
            FROM (
                SELECT DISTINCT
                    Q1.SeqPessoa, Q1.Processo, Q1.Observacao
                FROM IV_Q$VENDA_EQUIPAMENTO Q1
                INNER JOIN IV_HISTORICO Q2 ON Q2.Processo = Q1.Processo
                WHERE Q2.Resultado = 3231
                  AND Q2.DtaRealizacao >= :DT1
                  AND Q2.DtaRealizacao <= :DT2
                  AND Q2.VENDEDOR = :LS3
                  AND Q2.NROEMPRESA = (SELECT NROEMPRESA FROM GE_EMPRESA WHERE NOMEREDUZIDO = :LS2)
                  AND Q1.SeqPessoa = B.SeqPessoa
            ) d
            ORDER BY d.Processo
            FOR XML PATH(''), TYPE
        ).value('.', 'nvarchar(max)'), 1, 2, '')
) OBX
ORDER BY B.SeqPessoa, PEDIDO
","PEDNOVO.qrp","0","Microsoft Sans Serif","8","","","0","","","","","","V:AMAURY","1","0","0","0","15/10/2025 16:07:00","28/05/2025 11:52:00","08/12/2025 14:56:04","RAFAEL.ALVES","36"
"168","TBA_101XX_","Análise da Carteira de Pedidos FY25_old","Teste","","SET LS2_CMD = '#LS2';
SET LS1_CMD = ' :LS1';
SET LS3_CMD = ' :LS3';

 SELECT CASE 
          WHEN :SN1_X = '1' AND :SN3_X = '1' THEN ' ' 
          WHEN :SN1_X = '1' THEN 'FATURADO'
          ELSE '' 
        END 
 INTO :LTA FROM DUAL;
 SELECT CASE 
          WHEN :SN1_X = '1' AND :SN3_X = '1' THEN ' ' 
          WHEN :SN3_X = '1' THEN 'FAT-VEND-CANC'
          ELSE '' 
        END 
 INTO :LTB FROM DUAL;
 SELECT CASE 
          WHEN :SN1_X = '1' AND :SN3_X = '1' THEN ' ' 
          WHEN :SN1_X = '1' THEN 'FATURADO' 
          ELSE '' 
        END 
 INTO :LTC FROM DUAL;
 SELECT CASE 
          WHEN :SN1_X = '1' AND :SN3_X = '1' THEN ' ' 
          WHEN :SN3_X = '1' THEN 'AND SPRC2.STATUS NOT IN (''FATURADO'', ''CANCELADO'', ''VENDA PERDIDA'')' 
          ELSE '' 
        END 
 INTO :LTD FROM DUAL;

SET LTD = vksUsr_Cod;

SELECT RIGHT('#DT1', 4) + SUBSTRING('#DT1', 4, 2) + SUBSTRING('#DT1', 1, 2)  INTO :LTE FROM DUAL;

SELECT RIGHT('#DT2', 4) + SUBSTRING('#DT2', 4, 2) + SUBSTRING('#DT2', 1, 2)  INTO :LTF FROM DUAL;


EXEC VTC_Gera_REL_TBA101
    @CODUSUARIO = N'#LTD',
    @DT1 = '#LTE',
    @DT2 = '#LTF',
    @OPT1_ListChave = N'#OPT1_ListChave',
    @LS2_CMD = N'#LS2_CMD',
    @LS1_CMD = N'#LS1_CMD',
    @LS3_CMD = N'#LS3_CMD',
    @LTA = N'#LTA',
    @LTB = N'#LTB' 
;
commit;

 SET LS2_CMD = ' AND EMP.NOMEREDUZIDO = :LS2';
 SET LS1_CMD = ' AND VND.VENDA_TIPO_EQUIPAMEN = :LS1';
 SET LS3_CMD = ' AND VND.VENDA_MODELO_EQUIPAM = :LS3';
 SELECT CASE 
          WHEN :SN1_X = '1' AND :SN3_X = '1' THEN ' ' 
          WHEN :SN1_X = '1' THEN 'AND PRC.STATUS = ''FATURADO''  OR ADM.VENDA_FINANC_DATAENT IS NOT NULL'  
          ELSE '' 
        END 
 INTO :LTA FROM DUAL;
 SELECT CASE 
          WHEN :SN1_X = '1' AND :SN3_X = '1' THEN ' ' 
          WHEN :SN3_X = '1' THEN 'AND ( (PRC.STATUS NOT IN (''FATURADO'', ''CANCELADO'', ''VENDA PERDIDA'') ) OR ( PRC.STATUS = ''FATURADO'' AND ADM.VENDA_FINANC_DATAENT IS NULL  AND ADM.DtaRealizacao > CONVERT( DATE, ''16/03/2026'', 103)))' 
          ELSE '' 
        END 
 INTO :LTB FROM DUAL;
 SELECT CASE 
          WHEN :SN1_X = '1' AND :SN3_X = '1' THEN ' ' 
          WHEN :SN1_X = '1' THEN 'AND SPRC2.STATUS = ''FATURADO''' 
          ELSE '' 
        END 
 INTO :LTC FROM DUAL;
 SELECT CASE 
          WHEN :SN1_X = '1' AND :SN3_X = '1' THEN ' ' 
          WHEN :SN3_X = '1' THEN 'AND SPRC2.STATUS NOT IN (''FATURADO'', ''CANCELADO'', ''VENDA PERDIDA'')' 
          ELSE '' 
        END 
 INTO :LTD FROM DUAL;

SELECT DISTINCT XA.EMPRESA,  
       XA.CEN,   
       XA.JD_QUOTE,  
       XA.COMAR,
       XA.TIPO_VENDA,  
       XA.TIPO_DE_EQUIPAMENTO,  
       XA.MARCA,  
       XA.MODELO,  
       XA.SEQPESSOA,   
       XA.NOMERAZAO,  
       XA.CNPJCPF,  
       XA.LINHA_CREDITO,  
       XA.INST_FINANCEIRA,  
       XA.FINANC_CHASSI, 
	   CASE WHEN XA.PROCESSO_N = XH2.PROCESSO THEN XA.ULT_RESULTADO
	    ELSE  XA2.Descricao + ' - ' + XR2.Descricao END AS ULT_RESULTADO, 
       XA.DTA_FATURAMENTO_D,  
       XA.NF_N as NF,  
       XA.DTA_PED_D,  
       XA.DTA_PRENCH_FORM_D,  
       XA.VALOR_N,  
       XA.DTA_ULT_ANDAMENTO_D,  
	   CASE WHEN XA.PROCESSO_N = XH2.PROCESSO THEN XA.ULT_HISTORICO_L
	        ELSE   XR3.Descricao END AS ULT_HISTORICO_L,
	   XA.PROCESSO_N, 
       XA.CARTEIRA,  
       XA.CIDADE,  
       XA.DATA_PEDIDO_HIST_D,  
       XA.CAMPANHA , 
       XA.PROCESSODNA,
       (SELECT FORMAT( MAX(DTAREALIZACAO), 'dd/MM/yyyy' ) AS DT FROM IV_PROCDADO PX, IV_HISTORICO HX WHERE PX.ProcessoDNA = XA.PROCESSODNA AND HX.Processo = PX.PROCESSO AND HX.Resultado = 3239 ) AS DTAPROVADO,
       CONVERT(VARCHAR(10), XA.VENDA_FINANC_DATAENT, 103) as  DATA_MARCADO_ENTREGUE
 from (
 SELECT DISTINCT EMP.NOMEREDUZIDO AS EMPRESA, 
                hist.vendedor AS CEN,  
                VND.VENDA_JDQUOTE AS JD_QUOTE, 
                VND.VENDA_TIPO_VENDA AS TIPO_VENDA, 
                VND.VENDA_TIPO_EQUIPAMEN AS TIPO_DE_EQUIPAMENTO, 
                VND.VENDA_MARCA_EQUIPAME AS MARCA, 
                VND.VENDA_MODELO_EQUIPAM AS MODELO, 
                PES.SEQPESSOA AS SEQPESSOA,  
                case when isnull(VND.VENDA_COMPRADOR, '@')='@' or VND.VENDA_COMPRADOR=''  
                then PES.NOMERAZAO  
                else VND.VENDA_COMPRADOR end AS NOMERAZAO, 
                  ISNULL(CAST(PES.NROCGCCPF AS VARCHAR), '') + ISNULL(CAST(PES.DIGCGCCPF AS VARCHAR), '') AS CNPJCPF, 
                  VND.VENDA_LINHA_CREDITO AS LINHA_CREDITO, 
                VND.VENDA_INST_FINANC AS INST_FINANCEIRA, 
                ADM.VENDA_FINANC_CHASSI AS FINANC_CHASSI, 
                ACA.Descricao + ' - ' + RES.Descricao AS ULT_RESULTADO, 
               ADM.VENDA_FINANC_DATAFAT AS DTA_FATURAMENTO_D, 
              ADM.VENDA_FINANC_NRO_NF AS NF_N, 
              VND.VENDA_DATA_PEDIDO AS DTA_PED_D, 
              VND.DTAREALIZACAO AS DTA_PRENCH_FORM_D, 
              VND.VENDA_VALOR_TOTAL AS VALOR_N, 
              PDD.DTAULTRESULTADO AS DTA_ULT_ANDAMENTO_D, 
              HIST.DETALHE AS ULT_HISTORICO_L, 
              PRC.PROCESSO AS PROCESSO_N, 
              case when isnull( resp.codusuario, '@')='@' and isnull( resp3.codusuario, '@')='@' then '<outro CEN>'  
              when isnull( resp.codusuario, '@')<>'@' then resp.CodUsuario 
              when isnull( resp3.codusuario, '@')<>'@' then resp3.CodUsuario 
              end AS CARTEIRA, 
               PES.CIDADE + ' - ' + PES.UF AS CIDADE, 
               (SELECT MAX(HIST.DTAREALIZACAO) 
                FROM IV_HISTORICO HIST 
                WHERE HIST.PROCESSO = PRC.PROCESSO 
                 AND HIST.RESULTADO = 3231) AS DATA_PEDIDO_HIST_D, 
             PDD.Campanha ,
             PDD.ProcessoDNA,
             ADM.VENDA_FINANC_DATAENT,
             ADM.COMAR
 FROM IV_PROCESSO PRC 
  JOIN IV_PROCDADO PDD ON PDD.PROCESSO = PRC.PROCESSO  
  JOIN GE_EMPRESA EMP ON EMP.NROEMPRESA = PDD.NROEMPRESA  
  JOIN GE_PESSOA PES ON PES.SEQPESSOA = PDD.SEQPESSOA  
  LEFT JOIN IV_Q$ACOMP_VENDA_FINANC ADM ON ADM.PROCESSO = PRC.PROCESSO  
#LTG

 JOIN (
SELECT  VND2.PROCESSO,
        VND2.VENDA_JDQUOTE,
        VND2.VENDA_TIPO_VENDA,
        VND2.VENDA_TIPO_EQUIPAMEN,
        VND2.VENDA_MARCA_EQUIPAME,
        VND2.VENDA_MODELO_EQUIPAM,
        VND2.VENDA_COMPRADOR,
        VND2.VENDA_LINHA_CREDITO,
        VND2.VENDA_INST_FINANC,
        VND2.VENDA_DATA_PEDIDO,
        VND2.DTAREALIZACAO,
        VND2.VENDA_VALOR_TOTAL
 FROM IV_Q$VENDA_EQUIPAMENTO VND2
UNION
SELECT  PPD2.PROCESSO,
        VND3.VENDA_JDQUOTE,
        VND3.VENDA_TIPO_VENDA,
        VND3.VENDA_TIPO_EQUIPAMEN,
        VND3.VENDA_MARCA_EQUIPAME,
        VND3.VENDA_MODELO_EQUIPAM,
        VND3.VENDA_COMPRADOR,
        VND3.VENDA_LINHA_CREDITO,
        VND3.VENDA_INST_FINANC,
        VND3.VENDA_DATA_PEDIDO,
        VND3.DTAREALIZACAO,
        VND3.VENDA_VALOR_TOTAL
FROM IV_Q$VENDA_EQUIPAMENTO VND3, IV_PROCDADO PPD2 
WHERE PPD2.PROCESSODNA = VND3.PROCESSO) VND
 ON VND.PROCESSO = PRC.Processo   

  LEFT JOIN ( SELECT HIS.PROCESSO, MAX(HIS.SEQHISTORICO) AS SEQ  
  FROM IV_HISTORICO HIS GROUP BY HIS.PROCESSO) Q ON Q.PROCESSO = PRC.PROCESSO  
  LEFT JOIN IV_HISTORICO HIST ON HIST.SEQHISTORICO = Q.SEQ  
  JOIN IVS_PES IVP ON IVP.SEQPESSOA = PDD.SEQPESSOA  
  AND IVP.SEQDEPTO IN ( 2, 25 )  
  JOIN IVS_CARTEIRA CART  
  ON CART.SEQCARTEIRA = IVP.SEQCARTEIRA  
  AND CART.SEQCARTEIRA IN ( #OPT1_ListChave )
  LEFT JOIN IV_RESULTADO RES ON RES.RESULTADO = HIST.RESULTADO  
  LEFT JOIN IV_ACAO ACA ON ACA.ACAO = RES.ACAO 
  LEFT JOIN IVS_PES IVP2 ON IVP2.SeqPessoa = PES.SeqPessoa AND IVP2.SeqDepto = 2 
  LEFT JOIN IVS_CARTEIRA CART2 ON CART2.SeqCarteira = IVP2.SeqCarteira 
  LEFT JOIN IVS_CartDepto CDEP ON CDEP.SeqDepto = 2 AND CART2.SeqCarteira = CDEP.SeqCarteira 
  LEFT JOIN GE_USUARIO RESP ON RESP.CODUSUARIO = HIST.VENDEDOR AND RESP.SEQUSUARIO = CART2.SeqUsrResp 
 LEFT JOIN IVS_PES IVP3 ON IVP3.SeqPessoa = PES.SeqPessoa AND IVP3.SeqDepto = 25 
  LEFT JOIN IVS_CARTEIRA CART3 ON CART3.SeqCarteira = IVP3.SeqCarteira 
  LEFT JOIN IVS_CartDepto CDEP3 ON CDEP3.SeqDepto = 25 AND CART3.SeqCarteira = CDEP3.SeqCarteira 
  LEFT JOIN GE_USUARIO RESP3 ON RESP3.CODUSUARIO = HIST.VENDEDOR and RESP3.SEQUSUARIO = CART3.SeqUsrResp 
 WHERE PDD.CODPROCESSO in ( 31,41, 50 ) 
  AND VND.VENDA_DATA_PEDIDO >= :DT1 
  AND VND.VENDA_DATA_PEDIDO <= :DT2 
  AND PRC.STATUS NOT IN ('VENDA PERDIDA', 'DESISTIU DA COMPRA', 'CANCELADO', 'PEDIDO NÃO APROVADO', 'CREDITO NAO APROVADO', 'DEVOLVIDO') 
  AND PES.STATUS NOT IN ('F') 
 AND (EXISTS (SELECT 1 FROM IV_HISTORICO WHERE RESULTADO=3231 AND PROCESSO = PDD.PROCESSO)  OR 
	 EXISTS (SELECT 1 FROM IV_HISTORICO H3, IV_PROCDADO P3 WHERE H3.RESULTADO=3231 AND H3.Processo = P3.PROCESSODNA AND P3.PROCESSO = PDD.PROCESSO))  
 AND NOT EXISTS (SELECT 1 FROM IV_HISTORICO HH2, IV_ProcStatMonit SMO 
  WHERE HH2.RESULTADO=3231 AND HH2.PROCESSO = PDD.PROCESSO 
  AND SMO.Processo = HH2.PROCESSO 
  AND SMO.Status = 'CREDITO NAO APROVADO' 
  AND SMO.DtaMonit > HH2.DtaRealizacao 
  )  
   
  #LS2_CMD 
  #LS1_CMD 
  #LS3_CMD 
  #LTA
  #LTB
    
 ) XA
JOIN (SELECT _P.PROCESSODNA, 
       _P2.PROCESSO,
	   MAX( _H.DTAREALIZACAO) AS DTAPROCESSO,
	   MAX( CASE WHEN _H.RESULTADO = 3239 THEN _H.DtaRealizacao END ) AS DTADNA
		FROM IV_PROCDADO _P, IV_PROCDADO _P2, IV_HISTORICO _H
		WHERE _P2.PROCESSODNA = _P.PROCESSODNA
			AND _H.PROCESSO = _P2.PROCESSO
		GROUP BY _P.PROCESSODNA, _P2.PROCESSO) XP1 ON XP1.Processo = XA.PROCESSO_N
LEFT JOIN IV_HISTORICO XH2 ON XH2.Processo = XP1.Processo AND XH2.DtaRealizacao = XP1.DTADNA
LEFT JOIN IV_RESULTADO XR2 ON XR2.Resultado = XH2.Resultado
LEFT JOIN IV_ACAO XA2 ON XA2.Acao = XH2.AcaoGeradora
JOIN IV_HISTORICO XH3 ON XH3.Processo = XP1.Processo AND XH3.DtaRealizacao = XP1.DTAPROCESSO
JOIN IV_RESULTADO XR3 ON XR3.Resultado = XH3.Resultado
WHERE 1=1
   AND NOT EXISTS (SELECT 1 FROM IV_Q$VENDA_EQUIPAMENTO WHERE VENDA_QTDE_EQUIPAMEN>1 AND PROCESSO = XA.PROCESSO_N AND PROCESSO = XA.PROCESSODNA ) 
  AND EXISTS (SELECT 1 FROM IV_HISTORICO WHERE ACAOGERADORA = 769 AND PROCESSO = XA.PROCESSO_N)

UNION

SELECT [EMPRESA]
      ,[CEN]
      ,[JD_QUOTE]
      ,X2.COMAR
      ,[TIPO_VENDA]
      ,[TIPO_DE_EQUIPAMENTO]
      ,[MARCA]
      ,[MODELO]
      ,X1.[SEQPESSOA]
      ,[NOMERAZAO]
      ,[CNPJCPF]
      ,[LINHA_CREDITO]
      ,[INST_FINANCEIRA]
      ,[FINANC_CHASSI]
      ,[ULT_RESULTADO]
      ,[DTA_FATURAMENTO_D]
      ,[NF_N] as NF
      ,[DTA_PED_D]
      ,[DTA_PRENCH_FORM_D]
      ,[VALOR_N]
      ,[DTA_ULT_ANDAMENTO_D]
      ,[ULT_HISTORICO_L]
      ,[PROCESSO_N]
      ,[CARTEIRA]
      ,[CIDADE]
      ,[DATA_PEDIDO_HIST_D]
      ,[CAMPANHA]
      ,[PROCESSODNA]
      ,[DTAPROVADO]
      ,CONVERT(VARCHAR(10), X2.VENDA_FINANC_DATAENT, 103) as  DATA_MARCADO_ENTREGUE
  FROM IMP_REL_TBA101 X1
  LEFT JOIN IV_Q$ACOMP_VENDA_FINANC X2 ON X2.PROCESSO = X1.PROCESSO_N
  WHERE X1.CODUSUARIO = :vksUsr_Cod

 ORDER BY 1,2,4,5,6 
","JDE_101XN_CarteiraPedido-XX2.qrp","1","Microsoft Sans Serif","8","","","0","","","","","","V:GUI.BATISTA","1","0","0","0","27/04/2026 15:32:00","13/08/2025 11:03:00","27/04/2026 15:38:01","SILMARA.FERRARI","1507"
"169","JDE500","Aferir Qualidade da Carteira","Aferir Qualidade da Carteira",""," SET SELX1_CMD = ' AND CART.SEQCARTEIRA IN ( #SELX1_ListChave ) ';
 SET LS1_CMD = ' AND PES.CIDADE = :LS1 ';
 SELECT CASE WHEN :LS2 = 'Resumo' THEN 0 ELSE 1 END INTO :NRA FROM DUAL;
 SELECT 1 AS ITEM,
              CAST(XA.SEQPESSOA AS VARCHAR(20)) + '-' + XA.NOMERAZAO AS NOMERAZAO,
              XA.FONEDDD1 + '-' + CAST(XA.FONENRO1 AS VARCHAR(20)) AS FONE1,
              XA.FONEDDD2 + '-' + CAST(XA.FONENRO2 AS VARCHAR(20)) AS FONE2,
              XA.FONEDDD3 + '-' + CAST(XA.FONENRO3 AS VARCHAR(20)) AS FONE3,
              XA.EMAIL,
              XA.LOGRADOURO,
              XA.CONTATO,
              XA.FONEDDD1CTT + '-' + CAST(XA.FONENRO1CTT AS VARCHAR(20)) AS FONE1CTT,
              XA.FONEDDD2CTT + '-' + CAST(XA.FONENRO2CTT AS VARCHAR(20)) AS FONE2CTT,
              XA.EMAILCTTO,
              XA.CARTEIRA,
              XA.PERFIL_CLIENTE AS PERFIL_CLIENTE_N,
               CASE 
                 WHEN XA.PERFIL_CONTATO = 999 THEN 'X' 
                ELSE CAST(XA.PERFIL_CONTATO AS VARCHAR(10)) 
                END AS PERFIL_CONTATO,
                (
                (XA.PERFIL_CLIENTE + 
                (CASE XA.PERFIL_CONTATO WHEN 999 THEN 0 ELSE XA.PERFIL_CONTATO END)
                ) / 20.0
                ) * 100 AS FATORQLD_N,
               XA.CODUSUARIO
 FROM (
 SELECT 
        PES.SEQPESSOA,
        PES.NOMERAZAO,
        PES.FONEDDD1,
        PES.FONENRO1,
        PES.FONEDDD2,
        PES.FONENRO2,
        PES.FONEDDD3,
        PES.FONENRO3,
        PES.EMAIL,
        PES.LOGRADOURO,
        CTT.CONTATO,
        CTT.FONEDDD1 AS FONEDDD1CTT,
        CTT.FONENRO1 AS FONENRO1CTT,
        CTT.FONEDDD2 AS FONEDDD2CTT,
        CTT.FONENRO2 AS FONENRO2CTT,
        CTT.EMAIL AS EMAILCTTO,
        CART.CARTEIRA,
        CTT.SEQCONTATO,
        -- PERFIL_CLIENTE
        CASE 
            WHEN ISNULL(PES.NOMERAZAO, '@') <> '@' THEN 5 ELSE 0 END +
        CASE 
            WHEN ISNULL(PES.FONENRO1, 0) <> 0 
              OR ISNULL(PES.FONENRO2, 0) <> 0 
              OR ISNULL(PES.FONENRO3, 0) <> 0 
            THEN 4 ELSE 0 END +
        CASE 
            WHEN ISNULL(PES.EMAIL, '@') <> '@' THEN 3 ELSE 0 END +
        CASE 
            WHEN ISNULL(PES.LOGRADOURO, '@') <> '@' THEN 2 ELSE 0 END 
        AS PERFIL_CLIENTE,
        -- PERFIL_CONTATO
        CASE 
            WHEN ISNULL(CTT.SEQCONTATO, 0) = 0 THEN 999
            ELSE 
                CASE WHEN LEN(CTT.CONTATO) > 3 THEN 1 ELSE 0 END +
                CASE 
                    WHEN ISNULL(CTT.FONENRO1, 0) <> 0 
                      OR ISNULL(CTT.FONENRO2, 0) <> 0 
                    THEN 3 ELSE 0 END +
                CASE 
                    WHEN ISNULL(CTT.EMAIL, '@') <> '@' THEN 2 ELSE 0 END
        END AS PERFIL_CONTATO,
        USU.CODUSUARIO
 FROM GE_PESSOA PES
 JOIN IVS_PES IVP ON IVP.SEQPESSOA = PES.SEQPESSOA
 JOIN IVS_CARTEIRA CART ON CART.SEQCARTEIRA = IVP.SEQCARTEIRA 
                                                      #SELX1_CMD 
 JOIN GE_USUARIO USU ON USU.SEQUSUARIO = CART.SEQUSRRESP
 LEFT JOIN GE_CONTATO CTT ON CTT.SEQPESSOA = PES.SEQPESSOA AND CTT.EMUSO = 1
 WHERE 1=1
 #LS1_CMD
 ) XA
 ORDER BY XA.CARTEIRA, 
                    ( ( XA.PERFIL_CLIENTE + ( CASE  XA.PERFIL_CONTATO WHEN 999 THEN 0 ELSE XA.PERFIL_CONTATO END )) / 20  )* 100 DESC
 ","JDE_500xx_Qualid_Carteira_v2.qrp","1","Microsoft Sans Serif","8","relatorio qualidade","","0","","","","","","V:AMAURY","1","0","0","0","27/11/2025 16:55:00","13/11/2025 08:34:00","18/05/2026 08:01:17","RENATA.ABRA","7"
"170","TBA_101XX3","Análise da Carteira de Pedidos FY25","TESTE RELATORIO","","SET LS2_CMD = '#LS2';
SET LS1_CMD = ' :LS1';
SET LS3_CMD = ' :LS3';

 SELECT CASE 
          WHEN :SN1_X = '1' AND :SN3_X = '1' THEN ' ' 
          WHEN :SN1_X = '1' THEN 'FATURADO'
          ELSE '' 
        END 
 INTO :LTA FROM DUAL;
 SELECT CASE 
          WHEN :SN1_X = '1' AND :SN3_X = '1' THEN ' ' 
          WHEN :SN3_X = '1' THEN 'FAT-VEND-CANC'
          ELSE '' 
        END 
 INTO :LTB FROM DUAL;
 SELECT CASE 
          WHEN :SN1_X = '1' AND :SN3_X = '1' THEN ' ' 
          WHEN :SN1_X = '1' THEN 'FATURADO' 
          ELSE '' 
        END 
 INTO :LTC FROM DUAL;
 SELECT CASE 
          WHEN :SN1_X = '1' AND :SN3_X = '1' THEN ' ' 
          WHEN :SN3_X = '1' THEN 'AND SPRC2.STATUS NOT IN (''FATURADO'', ''CANCELADO'', ''VENDA PERDIDA'')' 
          ELSE '' 
        END 
 INTO :LTD FROM DUAL;

SET LTD = vksUsr_Cod;

SELECT RIGHT('#DT1', 4) + SUBSTRING('#DT1', 4, 2) + SUBSTRING('#DT1', 1, 2)  INTO :LTE FROM DUAL;

SELECT RIGHT('#DT2', 4) + SUBSTRING('#DT2', 4, 2) + SUBSTRING('#DT2', 1, 2)  INTO :LTF FROM DUAL;


EXEC VTC_Gera_REL_TBA101
    @CODUSUARIO = N'#LTD',
    @DT1 = '#LTE',
    @DT2 = '#LTF',
    @OPT1_ListChave = N'#OPT1_ListChave',
    @LS2_CMD = N'#LS2_CMD',
    @LS1_CMD = N'#LS1_CMD',
    @LS3_CMD = N'#LS3_CMD',
    @LTA = N'#LTA',
    @LTB = N'#LTB' 
;
commit;

 SET LS2_CMD = ' AND EMP.NOMEREDUZIDO = :LS2';
 SET LS1_CMD = ' AND VND.VENDA_TIPO_EQUIPAMEN = :LS1';
 SET LS3_CMD = ' AND VND.VENDA_MODELO_EQUIPAM = :LS3';
 SELECT CASE 
          WHEN :SN1_X = '1' AND :SN3_X = '1' THEN ' ' 
          WHEN :SN1_X = '1' THEN 'AND PRC.STATUS = ''FATURADO''  OR ADM.VENDA_FINANC_DATAENT IS NOT NULL'  
          ELSE '' 
        END 
 INTO :LTA FROM DUAL;
 SELECT CASE 
          WHEN :SN1_X = '1' AND :SN3_X = '1' THEN ' ' 
          WHEN :SN3_X = '1' THEN 'AND ( (PRC.STATUS NOT IN (''FATURADO'', ''CANCELADO'', ''VENDA PERDIDA'') ) OR ( PRC.STATUS = ''FATURADO'' AND ADM.VENDA_FINANC_DATAENT IS NULL  AND ADM.DtaRealizacao > CONVERT( DATE, ''16/03/2026'', 103)))' 
          ELSE '' 
        END 
 INTO :LTB FROM DUAL;
 SELECT CASE 
          WHEN :SN1_X = '1' AND :SN3_X = '1' THEN ' ' 
          WHEN :SN1_X = '1' THEN 'AND SPRC2.STATUS = ''FATURADO''' 
          ELSE '' 
        END 
 INTO :LTC FROM DUAL;
 SELECT CASE 
          WHEN :SN1_X = '1' AND :SN3_X = '1' THEN ' ' 
          WHEN :SN3_X = '1' THEN 'AND SPRC2.STATUS NOT IN (''FATURADO'', ''CANCELADO'', ''VENDA PERDIDA'')' 
          ELSE '' 
        END 
 INTO :LTD FROM DUAL;

SELECT DISTINCT XA.EMPRESA,  
       XA.CEN,   
       XA.JD_QUOTE,  
       XA.COMAR_,
       XA.TIPO_VENDA,  
       XA.TIPO_DE_EQUIPAMENTO,  
       XA.MARCA,  
       XA.MODELO,  
       XA.SEQPESSOA,   
       XA.NOMERAZAO,  
       XA.CNPJCPF,  
       XA.LINHA_CREDITO,  
       XA.INST_FINANCEIRA,  
       XA.FINANC_CHASSI, 
	   CASE WHEN XA.PROCESSO_N = XH2.PROCESSO THEN XA.ULT_RESULTADO
	    ELSE  XA2.Descricao + ' - ' + XR2.Descricao END AS ULT_RESULTADO, 
       XA.DTA_FATURAMENTO_D,  
       XA.NF_N as NF,  
       XA.DTA_PED_D,  
       XA.DTA_PRENCH_FORM_D,  
       XA.VALOR_N,  
       XA.DTA_ULT_ANDAMENTO_D,  
	   CASE WHEN XA.PROCESSO_N = XH2.PROCESSO THEN XA.ULT_HISTORICO_L
	        ELSE   XR3.Descricao END AS ULT_HISTORICO_L,
	   XA.PROCESSO_N, 
       XA.CARTEIRA,  
       XA.CIDADE,  
       XA.DATA_PEDIDO_HIST_D,  
       XA.CAMPANHA , 
       XA.PROCESSODNA,
       (SELECT FORMAT( MAX(DTAREALIZACAO), 'dd/MM/yyyy' ) AS DT FROM IV_PROCDADO PX, IV_HISTORICO HX WHERE PX.ProcessoDNA = XA.PROCESSODNA AND HX.Processo = PX.PROCESSO AND HX.Resultado = 3239 ) AS DTAPROVADO,
       CONVERT(VARCHAR(10), XA.VENDA_FINANC_DATAENT, 103) as  DATA_MARCADO_ENTREGUE
 from (
 SELECT DISTINCT EMP.NOMEREDUZIDO AS EMPRESA, 
                hist.vendedor AS CEN,  
                VND.VENDA_JDQUOTE AS JD_QUOTE, 
                VND.VENDA_TIPO_VENDA AS TIPO_VENDA, 
                VND.VENDA_TIPO_EQUIPAMEN AS TIPO_DE_EQUIPAMENTO, 
                VND.VENDA_MARCA_EQUIPAME AS MARCA, 
                VND.VENDA_MODELO_EQUIPAM AS MODELO, 
                PES.SEQPESSOA AS SEQPESSOA,  
                case when isnull(VND.VENDA_COMPRADOR, '@')='@' or VND.VENDA_COMPRADOR=''  
                then PES.NOMERAZAO  
                else VND.VENDA_COMPRADOR end AS NOMERAZAO, 
                  ISNULL(CAST(PES.NROCGCCPF AS VARCHAR), '') + ISNULL(CAST(PES.DIGCGCCPF AS VARCHAR), '') AS CNPJCPF, 
                  VND.VENDA_LINHA_CREDITO AS LINHA_CREDITO, 
                VND.VENDA_INST_FINANC AS INST_FINANCEIRA, 
                ADM.VENDA_FINANC_CHASSI AS FINANC_CHASSI, 
                ACA.Descricao + ' - ' + RES.Descricao AS ULT_RESULTADO, 
               ADM.VENDA_FINANC_DATAFAT AS DTA_FATURAMENTO_D, 
              ADM.VENDA_FINANC_NRO_NF AS NF_N, 
              VND.VENDA_DATA_PEDIDO AS DTA_PED_D, 
              VND.DTAREALIZACAO AS DTA_PRENCH_FORM_D, 
              VND.VENDA_VALOR_TOTAL AS VALOR_N, 
              PDD.DTAULTRESULTADO AS DTA_ULT_ANDAMENTO_D, 
              HIST.DETALHE AS ULT_HISTORICO_L, 
              PRC.PROCESSO AS PROCESSO_N, 
              case when isnull( resp.codusuario, '@')='@' and isnull( resp3.codusuario, '@')='@' then '<outro CEN>'  
              when isnull( resp.codusuario, '@')<>'@' then resp.CodUsuario 
              when isnull( resp3.codusuario, '@')<>'@' then resp3.CodUsuario 
              end AS CARTEIRA, 
               PES.CIDADE + ' - ' + PES.UF AS CIDADE, 
               (SELECT MAX(HIST.DTAREALIZACAO) 
                FROM IV_HISTORICO HIST 
                WHERE HIST.PROCESSO = PRC.PROCESSO 
                 AND HIST.RESULTADO = 3231) AS DATA_PEDIDO_HIST_D, 
             PDD.Campanha ,
             PDD.ProcessoDNA,
             ADM.VENDA_FINANC_DATAENT,
             ADM.COMAR_
 FROM IV_PROCESSO PRC 
  JOIN IV_PROCDADO PDD ON PDD.PROCESSO = PRC.PROCESSO  
  JOIN GE_EMPRESA EMP ON EMP.NROEMPRESA = PDD.NROEMPRESA  
  JOIN GE_PESSOA PES ON PES.SEQPESSOA = PDD.SEQPESSOA  
  LEFT JOIN IV_Q$ACOMP_VENDA_FINANC ADM ON ADM.PROCESSO = PRC.PROCESSO  
#LTG

 JOIN (
SELECT  VND2.PROCESSO,
        VND2.VENDA_JDQUOTE,
        VND2.VENDA_TIPO_VENDA,
        VND2.VENDA_TIPO_EQUIPAMEN,
        VND2.VENDA_MARCA_EQUIPAME,
        VND2.VENDA_MODELO_EQUIPAM,
        VND2.VENDA_COMPRADOR,
        VND2.VENDA_LINHA_CREDITO,
        VND2.VENDA_INST_FINANC,
        VND2.VENDA_DATA_PEDIDO,
        VND2.DTAREALIZACAO,
        VND2.VENDA_VALOR_TOTAL
 FROM IV_Q$VENDA_EQUIPAMENTO VND2
UNION
SELECT  PPD2.PROCESSO,
        VND3.VENDA_JDQUOTE,
        VND3.VENDA_TIPO_VENDA,
        VND3.VENDA_TIPO_EQUIPAMEN,
        VND3.VENDA_MARCA_EQUIPAME,
        VND3.VENDA_MODELO_EQUIPAM,
        VND3.VENDA_COMPRADOR,
        VND3.VENDA_LINHA_CREDITO,
        VND3.VENDA_INST_FINANC,
        VND3.VENDA_DATA_PEDIDO,
        VND3.DTAREALIZACAO,
        VND3.VENDA_VALOR_TOTAL
FROM IV_Q$VENDA_EQUIPAMENTO VND3, IV_PROCDADO PPD2 
WHERE PPD2.PROCESSODNA = VND3.PROCESSO) VND
 ON VND.PROCESSO = PRC.Processo   

  LEFT JOIN ( SELECT HIS.PROCESSO, MAX(HIS.SEQHISTORICO) AS SEQ  
  FROM IV_HISTORICO HIS GROUP BY HIS.PROCESSO) Q ON Q.PROCESSO = PRC.PROCESSO  
  LEFT JOIN IV_HISTORICO HIST ON HIST.SEQHISTORICO = Q.SEQ  
  JOIN IVS_PES IVP ON IVP.SEQPESSOA = PDD.SEQPESSOA  
  AND IVP.SEQDEPTO IN ( 2, 25 )  
  JOIN IVS_CARTEIRA CART  
  ON CART.SEQCARTEIRA = IVP.SEQCARTEIRA  
  AND CART.SEQCARTEIRA IN ( #OPT1_ListChave )
  LEFT JOIN IV_RESULTADO RES ON RES.RESULTADO = HIST.RESULTADO  
  LEFT JOIN IV_ACAO ACA ON ACA.ACAO = RES.ACAO 
  LEFT JOIN IVS_PES IVP2 ON IVP2.SeqPessoa = PES.SeqPessoa AND IVP2.SeqDepto = 2 
  LEFT JOIN IVS_CARTEIRA CART2 ON CART2.SeqCarteira = IVP2.SeqCarteira 
  LEFT JOIN IVS_CartDepto CDEP ON CDEP.SeqDepto = 2 AND CART2.SeqCarteira = CDEP.SeqCarteira 
  LEFT JOIN GE_USUARIO RESP ON RESP.CODUSUARIO = HIST.VENDEDOR AND RESP.SEQUSUARIO = CART2.SeqUsrResp 
 LEFT JOIN IVS_PES IVP3 ON IVP3.SeqPessoa = PES.SeqPessoa AND IVP3.SeqDepto = 25 
  LEFT JOIN IVS_CARTEIRA CART3 ON CART3.SeqCarteira = IVP3.SeqCarteira 
  LEFT JOIN IVS_CartDepto CDEP3 ON CDEP3.SeqDepto = 25 AND CART3.SeqCarteira = CDEP3.SeqCarteira 
  LEFT JOIN GE_USUARIO RESP3 ON RESP3.CODUSUARIO = HIST.VENDEDOR and RESP3.SEQUSUARIO = CART3.SeqUsrResp 
 WHERE PDD.CODPROCESSO in ( 31,41, 50 ) 
  AND VND.VENDA_DATA_PEDIDO >= :DT1 
  AND VND.VENDA_DATA_PEDIDO <= :DT2 
  AND PRC.STATUS NOT IN ('VENDA PERDIDA', 'DESISTIU DA COMPRA', 'CANCELADO', 'PEDIDO NÃO APROVADO', 'CREDITO NAO APROVADO', 'DEVOLVIDO') 
  AND PES.STATUS NOT IN ('F') 
 AND (EXISTS (SELECT 1 FROM IV_HISTORICO WHERE RESULTADO=3231 AND PROCESSO = PDD.PROCESSO)  OR 
	 EXISTS (SELECT 1 FROM IV_HISTORICO H3, IV_PROCDADO P3 WHERE H3.RESULTADO=3231 AND H3.Processo = P3.PROCESSODNA AND P3.PROCESSO = PDD.PROCESSO))  
 AND NOT EXISTS (SELECT 1 FROM IV_HISTORICO HH2, IV_ProcStatMonit SMO 
  WHERE HH2.RESULTADO=3231 AND HH2.PROCESSO = PDD.PROCESSO 
  AND SMO.Processo = HH2.PROCESSO 
  AND SMO.Status = 'CREDITO NAO APROVADO' 
  AND SMO.DtaMonit > HH2.DtaRealizacao 
  )  
   
  #LS2_CMD 
  #LS1_CMD 
  #LS3_CMD 
  #LTA
  #LTB
    
 ) XA
JOIN (SELECT _P.PROCESSODNA, 
       _P2.PROCESSO,
	   MAX( _H.DTAREALIZACAO) AS DTAPROCESSO,
	   MAX( CASE WHEN _H.RESULTADO = 3239 THEN _H.DtaRealizacao END ) AS DTADNA
		FROM IV_PROCDADO _P, IV_PROCDADO _P2, IV_HISTORICO _H
		WHERE _P2.PROCESSODNA = _P.PROCESSODNA
			AND _H.PROCESSO = _P2.PROCESSO
		GROUP BY _P.PROCESSODNA, _P2.PROCESSO) XP1 ON XP1.Processo = XA.PROCESSO_N
LEFT JOIN IV_HISTORICO XH2 ON XH2.Processo = XP1.Processo AND XH2.DtaRealizacao = XP1.DTADNA
LEFT JOIN IV_RESULTADO XR2 ON XR2.Resultado = XH2.Resultado
LEFT JOIN IV_ACAO XA2 ON XA2.Acao = XH2.AcaoGeradora
JOIN IV_HISTORICO XH3 ON XH3.Processo = XP1.Processo AND XH3.DtaRealizacao = XP1.DTAPROCESSO
JOIN IV_RESULTADO XR3 ON XR3.Resultado = XH3.Resultado
WHERE 1=1
   AND NOT EXISTS (SELECT 1 FROM IV_Q$VENDA_EQUIPAMENTO WHERE VENDA_QTDE_EQUIPAMEN>1 AND PROCESSO = XA.PROCESSO_N AND PROCESSO = XA.PROCESSODNA ) 
  AND EXISTS (SELECT 1 FROM IV_HISTORICO WHERE ACAOGERADORA = 769 AND PROCESSO = XA.PROCESSO_N)

UNION

SELECT [EMPRESA]
      ,[CEN]
      ,[JD_QUOTE]
      ,X2.COMAR_
      ,[TIPO_VENDA]
      ,[TIPO_DE_EQUIPAMENTO]
      ,[MARCA]
      ,[MODELO]
      ,X1.[SEQPESSOA]
      ,[NOMERAZAO]
      ,[CNPJCPF]
      ,[LINHA_CREDITO]
      ,[INST_FINANCEIRA]
      ,[FINANC_CHASSI]
      ,[ULT_RESULTADO]
      ,[DTA_FATURAMENTO_D]
      ,[NF_N] as NF
      ,[DTA_PED_D]
      ,[DTA_PRENCH_FORM_D]
      ,[VALOR_N]
      ,[DTA_ULT_ANDAMENTO_D]
      ,[ULT_HISTORICO_L]
      ,[PROCESSO_N]
      ,[CARTEIRA]
      ,[CIDADE]
      ,[DATA_PEDIDO_HIST_D]
      ,[CAMPANHA]
      ,[PROCESSODNA]
      ,[DTAPROVADO]
      ,CONVERT(VARCHAR(10), X2.VENDA_FINANC_DATAENT, 103) as  DATA_MARCADO_ENTREGUE
  FROM IMP_REL_TBA101 X1
  LEFT JOIN IV_Q$ACOMP_VENDA_FINANC X2 ON X2.PROCESSO = X1.PROCESSO_N
  WHERE X1.CODUSUARIO = :vksUsr_Cod
 ORDER BY 1,2,4,5,6 ","JDE_101XN_CarteiraPedido-XX2.qrp","1","Microsoft Sans Serif","8","","","","","","","","","V:GUI.BATISTA","1","","","","18/08/2026 08:45:00","27/04/2026 15:25:00","02/09/2026 11:17:04","EVELIN.AQUINO","777"
"171","TBA_101XX4","TBA_101XX4","TBA_101XX4","","SET LS2_CMD = '#LS2';
SET LS1_CMD = ' :LS1';
SET LS3_CMD = ' :LS3';

 SELECT CASE 
          WHEN :SN1_X = '1' AND :SN3_X = '1' THEN ' ' 
          WHEN :SN1_X = '1' THEN 'FATURADO'
          ELSE '' 
        END 
 INTO :LTA FROM DUAL;
 SELECT CASE 
          WHEN :SN1_X = '1' AND :SN3_X = '1' THEN ' ' 
          WHEN :SN3_X = '1' THEN 'FAT-VEND-CANC'
          ELSE '' 
        END 
 INTO :LTB FROM DUAL;
 SELECT CASE 
          WHEN :SN1_X = '1' AND :SN3_X = '1' THEN ' ' 
          WHEN :SN1_X = '1' THEN 'FATURADO' 
          ELSE '' 
        END 
 INTO :LTC FROM DUAL;
 SELECT CASE 
          WHEN :SN1_X = '1' AND :SN3_X = '1' THEN ' ' 
          WHEN :SN3_X = '1' THEN 'AND SPRC2.STATUS NOT IN (''FATURADO'', ''CANCELADO'', ''VENDA PERDIDA'')' 
          ELSE '' 
        END 
 INTO :LTD FROM DUAL;

SET LTD = vksUsr_Cod;

SELECT RIGHT('#DT1', 4) + SUBSTRING('#DT1', 4, 2) + SUBSTRING('#DT1', 1, 2)  INTO :LTE FROM DUAL;

SELECT RIGHT('#DT2', 4) + SUBSTRING('#DT2', 4, 2) + SUBSTRING('#DT2', 1, 2)  INTO :LTF FROM DUAL;


EXEC VTC_Gera_REL_TBA101
    @CODUSUARIO = N'#LTD',
    @DT1 = '#LTE',
    @DT2 = '#LTF',
    @OPT1_ListChave = N'#OPT1_ListChave',
    @LS2_CMD = N'#LS2_CMD',
    @LS1_CMD = N'#LS1_CMD',
    @LS3_CMD = N'#LS3_CMD',
    @LTA = N'#LTA',
    @LTB = N'#LTB' 
;
commit;

 SET LS2_CMD = ' AND EMP.NOMEREDUZIDO = :LS2';
 SET LS1_CMD = ' AND VND.VENDA_TIPO_EQUIPAMEN = :LS1';
 SET LS3_CMD = ' AND VND.VENDA_MODELO_EQUIPAM = :LS3';
 SELECT CASE 
          WHEN :SN1_X = '1' AND :SN3_X = '1' THEN ' ' 
          WHEN :SN1_X = '1' THEN 'AND PRC.STATUS = ''FATURADO''  OR ADM.VENDA_FINANC_DATAENT IS NOT NULL'  
          ELSE '' 
        END 
 INTO :LTA FROM DUAL;
 SELECT CASE 
          WHEN :SN1_X = '1' AND :SN3_X = '1' THEN ' ' 
          WHEN :SN3_X = '1' THEN 'AND ( (PRC.STATUS NOT IN (''FATURADO'', ''CANCELADO'', ''VENDA PERDIDA'') ) OR ( PRC.STATUS = ''FATURADO'' AND ADM.VENDA_FINANC_DATAENT IS NULL  AND ADM.DtaRealizacao > CONVERT( DATE, ''16/03/2026'', 103)))' 
          ELSE '' 
        END 
 INTO :LTB FROM DUAL;
 SELECT CASE 
          WHEN :SN1_X = '1' AND :SN3_X = '1' THEN ' ' 
          WHEN :SN1_X = '1' THEN 'AND SPRC2.STATUS = ''FATURADO''' 
          ELSE '' 
        END 
 INTO :LTC FROM DUAL;
 SELECT CASE 
          WHEN :SN1_X = '1' AND :SN3_X = '1' THEN ' ' 
          WHEN :SN3_X = '1' THEN 'AND SPRC2.STATUS NOT IN (''FATURADO'', ''CANCELADO'', ''VENDA PERDIDA'')' 
          ELSE '' 
        END 
 INTO :LTD FROM DUAL;

INSERT INTO IMP_REL_TBA101_PG2  (CODUSUARIO, EMPRESA, CEN, JD_QUOTE, TIPO_VENDA, TIPO_DE_EQUIPAMENTO, MARCA, MODELO, SEQPESSOA, NOMERAZAO, CNPJCPF, LINHA_CREDITO, INST_FINANCEIRA, FINANC_CHASSI, ULT_RESULTADO, DTA_FATURAMENTO_D, NF_N, DTA_PED_D, DTA_PRENCH_FORM_D, VALOR_N, DTA_ULT_ANDAMENTO_D, ULT_HISTORICO_L, PROCESSO_N, CARTEIRA, CIDADE, DATA_PEDIDO_HIST_D, CAMPANHA, PROCESSODNA, DTAPROVADO, DATA_MARCADO_ENTREGUE, COMAR) 

SELECT DISTINCT :vksUsr_Cod,  XA.EMPRESA,  
       XA.CEN,   
       XA.JD_QUOTE,  
       XA.TIPO_VENDA,  
       XA.TIPO_DE_EQUIPAMENTO,  
       XA.MARCA,  
       XA.MODELO,  
       XA.SEQPESSOA,   
       XA.NOMERAZAO,  
       XA.CNPJCPF,  
       XA.LINHA_CREDITO,  
       XA.INST_FINANCEIRA,  
       XA.FINANC_CHASSI, 
	   CASE WHEN XA.PROCESSO_N = XH2.PROCESSO THEN XA.ULT_RESULTADO
	    ELSE  XA2.Descricao + ' - ' + XR2.Descricao END AS ULT_RESULTADO, 
       XA.DTA_FATURAMENTO_D,  
       XA.NF_N as NF,  
       XA.DTA_PED_D,  
       XA.DTA_PRENCH_FORM_D,  
       XA.VALOR_N,  
       XA.DTA_ULT_ANDAMENTO_D,  
	   CASE WHEN XA.PROCESSO_N = XH2.PROCESSO THEN XA.ULT_HISTORICO_L
	        ELSE   XR3.Descricao END AS ULT_HISTORICO_L,
	   XA.PROCESSO_N, 
       XA.CARTEIRA,  
       XA.CIDADE,  
       XA.DATA_PEDIDO_HIST_D,  
       XA.CAMPANHA , 
       XA.PROCESSODNA,
       (SELECT FORMAT( MAX(DTAREALIZACAO), 'dd/MM/yyyy' ) AS DT FROM IV_PROCDADO PX, IV_HISTORICO HX WHERE PX.ProcessoDNA = XA.PROCESSODNA AND HX.Processo = PX.PROCESSO AND HX.Resultado = 3239 ) AS DTAPROVADO,
       CONVERT(VARCHAR(10), XA.VENDA_FINANC_DATAENT, 103) as  DATA_MARCADO_ENTREGUE,
       XA.COMAR
 from (
 SELECT DISTINCT EMP.NOMEREDUZIDO AS EMPRESA, 
                hist.vendedor AS CEN,  
                VND.VENDA_JDQUOTE AS JD_QUOTE, 
                VND.VENDA_TIPO_VENDA AS TIPO_VENDA, 
                VND.VENDA_TIPO_EQUIPAMEN AS TIPO_DE_EQUIPAMENTO, 
                VND.VENDA_MARCA_EQUIPAME AS MARCA, 
                VND.VENDA_MODELO_EQUIPAM AS MODELO, 
                PES.SEQPESSOA AS SEQPESSOA,  
                case when isnull(VND.VENDA_COMPRADOR, '@')='@' or VND.VENDA_COMPRADOR=''  
                then PES.NOMERAZAO  
                else VND.VENDA_COMPRADOR end AS NOMERAZAO, 
                  ISNULL(CAST(PES.NROCGCCPF AS VARCHAR), '') + ISNULL(CAST(PES.DIGCGCCPF AS VARCHAR), '') AS CNPJCPF, 
                  VND.VENDA_LINHA_CREDITO AS LINHA_CREDITO, 
                VND.VENDA_INST_FINANC AS INST_FINANCEIRA, 
                ADM.VENDA_FINANC_CHASSI AS FINANC_CHASSI, 
                ACA.Descricao + ' - ' + RES.Descricao AS ULT_RESULTADO, 
               ADM.VENDA_FINANC_DATAFAT AS DTA_FATURAMENTO_D, 
              ADM.VENDA_FINANC_NRO_NF AS NF_N, 
              VND.VENDA_DATA_PEDIDO AS DTA_PED_D, 
              VND.DTAREALIZACAO AS DTA_PRENCH_FORM_D, 
              VND.VENDA_VALOR_TOTAL AS VALOR_N, 
              PDD.DTAULTRESULTADO AS DTA_ULT_ANDAMENTO_D, 
              HIST.DETALHE AS ULT_HISTORICO_L, 
              PRC.PROCESSO AS PROCESSO_N, 
              case when isnull( resp.codusuario, '@')='@' and isnull( resp3.codusuario, '@')='@' then '<outro CEN>'  
              when isnull( resp.codusuario, '@')<>'@' then resp.CodUsuario 
              when isnull( resp3.codusuario, '@')<>'@' then resp3.CodUsuario 
              end AS CARTEIRA, 
               PES.CIDADE + ' - ' + PES.UF AS CIDADE, 
               (SELECT MAX(HIST.DTAREALIZACAO) 
                FROM IV_HISTORICO HIST 
                WHERE HIST.PROCESSO = PRC.PROCESSO 
                 AND HIST.RESULTADO = 3231) AS DATA_PEDIDO_HIST_D, 
             PDD.Campanha ,
             PDD.ProcessoDNA,
             ADM.VENDA_FINANC_DATAENT,
             ADM.COMAR
 FROM IV_PROCESSO PRC 
  JOIN IV_PROCDADO PDD ON PDD.PROCESSO = PRC.PROCESSO  
  JOIN GE_EMPRESA EMP ON EMP.NROEMPRESA = PDD.NROEMPRESA  
  JOIN GE_PESSOA PES ON PES.SEQPESSOA = PDD.SEQPESSOA  
  LEFT JOIN IV_Q$ACOMP_VENDA_FINANC ADM ON ADM.PROCESSO = PRC.PROCESSO  
#LTG

 JOIN (
SELECT  VND2.PROCESSO,
        VND2.VENDA_JDQUOTE,
        VND2.VENDA_TIPO_VENDA,
        VND2.VENDA_TIPO_EQUIPAMEN,
        VND2.VENDA_MARCA_EQUIPAME,
        VND2.VENDA_MODELO_EQUIPAM,
        VND2.VENDA_COMPRADOR,
        VND2.VENDA_LINHA_CREDITO,
        VND2.VENDA_INST_FINANC,
        VND2.VENDA_DATA_PEDIDO,
        VND2.DTAREALIZACAO,
        VND2.VENDA_VALOR_TOTAL
 FROM IV_Q$VENDA_EQUIPAMENTO VND2
UNION
SELECT  PPD2.PROCESSO,
        VND3.VENDA_JDQUOTE,
        VND3.VENDA_TIPO_VENDA,
        VND3.VENDA_TIPO_EQUIPAMEN,
        VND3.VENDA_MARCA_EQUIPAME,
        VND3.VENDA_MODELO_EQUIPAM,
        VND3.VENDA_COMPRADOR,
        VND3.VENDA_LINHA_CREDITO,
        VND3.VENDA_INST_FINANC,
        VND3.VENDA_DATA_PEDIDO,
        VND3.DTAREALIZACAO,
        VND3.VENDA_VALOR_TOTAL
FROM IV_Q$VENDA_EQUIPAMENTO VND3, IV_PROCDADO PPD2 
WHERE PPD2.PROCESSODNA = VND3.PROCESSO) VND
 ON VND.PROCESSO = PRC.Processo   

  LEFT JOIN ( SELECT HIS.PROCESSO, MAX(HIS.SEQHISTORICO) AS SEQ  
  FROM IV_HISTORICO HIS GROUP BY HIS.PROCESSO) Q ON Q.PROCESSO = PRC.PROCESSO  
  LEFT JOIN IV_HISTORICO HIST ON HIST.SEQHISTORICO = Q.SEQ  
  JOIN IVS_PES IVP ON IVP.SEQPESSOA = PDD.SEQPESSOA  
  AND IVP.SEQDEPTO IN ( 2, 25 )  
  JOIN IVS_CARTEIRA CART  
  ON CART.SEQCARTEIRA = IVP.SEQCARTEIRA  
  AND CART.SEQCARTEIRA IN ( #OPT1_ListChave )
  LEFT JOIN IV_RESULTADO RES ON RES.RESULTADO = HIST.RESULTADO  
  LEFT JOIN IV_ACAO ACA ON ACA.ACAO = RES.ACAO 
  LEFT JOIN IVS_PES IVP2 ON IVP2.SeqPessoa = PES.SeqPessoa AND IVP2.SeqDepto = 2 
  LEFT JOIN IVS_CARTEIRA CART2 ON CART2.SeqCarteira = IVP2.SeqCarteira 
  LEFT JOIN IVS_CartDepto CDEP ON CDEP.SeqDepto = 2 AND CART2.SeqCarteira = CDEP.SeqCarteira 
  LEFT JOIN GE_USUARIO RESP ON RESP.CODUSUARIO = HIST.VENDEDOR AND RESP.SEQUSUARIO = CART2.SeqUsrResp 
 LEFT JOIN IVS_PES IVP3 ON IVP3.SeqPessoa = PES.SeqPessoa AND IVP3.SeqDepto = 25 
  LEFT JOIN IVS_CARTEIRA CART3 ON CART3.SeqCarteira = IVP3.SeqCarteira 
  LEFT JOIN IVS_CartDepto CDEP3 ON CDEP3.SeqDepto = 25 AND CART3.SeqCarteira = CDEP3.SeqCarteira 
  LEFT JOIN GE_USUARIO RESP3 ON RESP3.CODUSUARIO = HIST.VENDEDOR and RESP3.SEQUSUARIO = CART3.SeqUsrResp 
 WHERE PDD.CODPROCESSO in ( 31,41, 50 ) 
  AND VND.VENDA_DATA_PEDIDO >= :DT1 
  AND VND.VENDA_DATA_PEDIDO <= :DT2 
  AND PRC.STATUS NOT IN ('VENDA PERDIDA', 'DESISTIU DA COMPRA', 'CANCELADO', 'PEDIDO NÃO APROVADO', 'CREDITO NAO APROVADO', 'DEVOLVIDO') 
  AND PES.STATUS NOT IN ('F') 
 AND (EXISTS (SELECT 1 FROM IV_HISTORICO WHERE RESULTADO=3231 AND PROCESSO = PDD.PROCESSO)  OR 
	 EXISTS (SELECT 1 FROM IV_HISTORICO H3, IV_PROCDADO P3 WHERE H3.RESULTADO=3231 AND H3.Processo = P3.PROCESSODNA AND P3.PROCESSO = PDD.PROCESSO))  
 AND NOT EXISTS (SELECT 1 FROM IV_HISTORICO HH2, IV_ProcStatMonit SMO 
  WHERE HH2.RESULTADO=3231 AND HH2.PROCESSO = PDD.PROCESSO 
  AND SMO.Processo = HH2.PROCESSO 
  AND SMO.Status = 'CREDITO NAO APROVADO' 
  AND SMO.DtaMonit > HH2.DtaRealizacao 
  )  
   
  #LS2_CMD 
  #LS1_CMD 
  #LS3_CMD 
  #LTA
  #LTB
    
 ) XA
JOIN (SELECT _P.PROCESSODNA, 
       _P2.PROCESSO,
	   MAX( _H.DTAREALIZACAO) AS DTAPROCESSO,
	   MAX( CASE WHEN _H.RESULTADO = 3239 THEN _H.DtaRealizacao END ) AS DTADNA
		FROM IV_PROCDADO _P, IV_PROCDADO _P2, IV_HISTORICO _H
		WHERE _P2.PROCESSODNA = _P.PROCESSODNA
			AND _H.PROCESSO = _P2.PROCESSO
		GROUP BY _P.PROCESSODNA, _P2.PROCESSO) XP1 ON XP1.Processo = XA.PROCESSO_N
LEFT JOIN IV_HISTORICO XH2 ON XH2.Processo = XP1.Processo AND XH2.DtaRealizacao = XP1.DTADNA
LEFT JOIN IV_RESULTADO XR2 ON XR2.Resultado = XH2.Resultado
LEFT JOIN IV_ACAO XA2 ON XA2.Acao = XH2.AcaoGeradora
JOIN IV_HISTORICO XH3 ON XH3.Processo = XP1.Processo AND XH3.DtaRealizacao = XP1.DTAPROCESSO
JOIN IV_RESULTADO XR3 ON XR3.Resultado = XH3.Resultado
WHERE 1=1
   AND NOT EXISTS (SELECT 1 FROM IV_Q$VENDA_EQUIPAMENTO WHERE VENDA_QTDE_EQUIPAMEN>1 AND PROCESSO = XA.PROCESSO_N AND PROCESSO = XA.PROCESSODNA ) 
  AND EXISTS (SELECT 1 FROM IV_HISTORICO WHERE ACAOGERADORA = 769 AND PROCESSO = XA.PROCESSO_N)
;
COMMIT
;
SELECT  
      EMPRESA 
      ,CEN 
      ,JD_QUOTE 
      ,COMAR 
      ,TIPO_VENDA 
      ,TIPO_DE_EQUIPAMENTO 
      ,MARCA 
      ,MODELO 
      ,SEQPESSOA 
      ,NOMERAZAO 
      ,CNPJCPF 
      ,LINHA_CREDITO 
      ,INST_FINANCEIRA 
      ,FINANC_CHASSI 
      ,ULT_RESULTADO 
      , format (DTA_FATURAMENTO_D, 'dd/MM/yyyy') AS DTA_FATURAMENTO_D 
      ,NF_N 
      , format ( DTA_PED_D,  'dd/MM/yyyy') AS DTA_PED_D  
      , format(DTA_PRENCH_FORM_D, 'dd/MM/yyyy') as  DTA_PRENCH_FORM_D  
      ,VALOR_N 
      , FORMAT(DTA_ULT_ANDAMENTO_D, 'dd/MM/yyyy') AS  DTA_ULT_ANDAMENTO_D  
      ,ULT_HISTORICO_L 
      ,PROCESSO_N 
      ,CARTEIRA 
      ,CIDADE 
      ,FORMAT(DATA_PEDIDO_HIST_D , 'dd/MM/yyyy') AS  DATA_PEDIDO_HIST_D
      ,CAMPANHA 
      ,PROCESSODNA 
      ,DTAPROVADO 
      ,DATA_MARCADO_ENTREGUE 
  FROM IMP_REL_TBA101_PG2
  WHERE CODUSUARIO = :vksUsr_Cod

UNION

SELECT [EMPRESA]
      ,[CEN]
      ,[JD_QUOTE]
      ,X2.COMAR
      ,[TIPO_VENDA]
      ,[TIPO_DE_EQUIPAMENTO]
      ,[MARCA]
      ,[MODELO]
      ,X1.[SEQPESSOA]
      ,[NOMERAZAO]
      ,[CNPJCPF]
      ,[LINHA_CREDITO]
      ,[INST_FINANCEIRA]
      ,[FINANC_CHASSI]
      ,[ULT_RESULTADO]
      , format ([DTA_FATURAMENTO_D], 'dd/MM/yyyy') AS DTA_FATURAMENTO_D  
      ,[NF_N] as NF 
      , format ( [DTA_PED_D],  'dd/MM/yyyy') AS DTA_PED_D   
      , format([DTA_PRENCH_FORM_D], 'dd/MM/yyyy') as  [DTA_PRENCH_FORM_D]   
      ,[VALOR_N] 
      , FORMAT([DTA_ULT_ANDAMENTO_D], 'dd/MM/yyyy') AS  [DTA_ULT_ANDAMENTO_D]   
      ,[ULT_HISTORICO_L] 
      ,[PROCESSO_N] 
      ,[CARTEIRA] 
      ,[CIDADE] 
      ,FORMAT([DATA_PEDIDO_HIST_D] , 'dd/MM/yyyy') AS  [DATA_PEDIDO_HIST_D] 
      ,[CAMPANHA] 
      ,[PROCESSODNA] 
      ,[DTAPROVADO] 
      ,format( X2.VENDA_FINANC_DATAENT, 'dd/mm/yyyy') as  DATA_MARCADO_ENTREGUE 
  FROM IMP_REL_TBA101 X1
  LEFT JOIN IV_Q$ACOMP_VENDA_FINANC X2 ON X2.PROCESSO = X1.PROCESSO_N
  WHERE X1.CODUSUARIO = :vksUsr_Cod
 ORDER BY 1,2,4,5,6 ","","1","Microsoft Sans Serif","8","","","","","","","","","V:AMAURY","1","","","","27/05/2026 11:50:00","25/05/2026 17:09:00","18/08/2026 11:09:10","RENATA.ABRA","7"
