"SeqAcaoAuto","Pcte","NroEmpresa","Resultado","ResultadoCmpl","Acao","SeqUsuario","AssuntoCmpl","Operacao","UsaObjDyn","Exigida","GerarPara","FormaGeracao","QtdeDias","QtdeHU","Departamento","AtivoReceptivo","FormaPrimCont","Prioridade","SemConfirmacao","TipoAgendamento","Mesmoprocesso","SeqOrder","CHKSUM","QuebraDNA","EXIGESCOLHAATDGRPO","INDGERAPARAPESPRC","EMUSO","PROPAGAFORMTRAB","SOLICDATAAGD","HORAAGENDA"
"94000000","","1","940003","","940062","8","","","","S","","","0","0,00","","A","","","N","A","S","1","","0","0","","1","","0",""
"94000004","","7","940016","","","247","","","","S",""," ","0","0,00","","A","","","N","C","S","1","","0","0","","1","","0",""
"94000013","","","940009","","940015","","","","","S",""," ","0","0,00","","A","","2","N","A","S","1","","0","0","","1","","0",""
"94000016","","","940008","","940015","","","","","S",""," ","0","","","A","","2","N","A","S","1","","0","0","","1","","0",""
"94000017","","7","940052","","940015","193","","","","S",""," ","0","0,00","","A","","2","N","A","N","1","","0","0","","1","","0",""
"94000018","","","940059","","940018","","","","","S",""," ","0","","","A","","2","N","A","S","1","","0","0","","1","","0",""
"94000019","","","940069","","","","","","","S",""," ","0","","","A","","2","N","C","S","1","","0","0","","1","","0",""
"94000058","","","940096","","940011","879","","","0","S",""," ","0","0,00","","A","","2","N","A","S","1","","0","0","","1","0","0",""
"94000059","","","940097","","940010","167","","","","S",""," ","0","0,00","","A","","2","N","A","S","1","","0","0","","1","","0",""
"94000072","","","940028","","940014","","","","","S",""," ","0","","","A","","2","N","A","N","1","","0","0","","1","","0",""
"94000083","","1","940119","","940025","242","","","","S",""," ","0","0,00","","A","","2","N","A","S","1","","0","0","","1","","0",""
"2058","","","819","","315","796","","","","S","","","0","0,00","","A","","","N","A","S","1","","","","","1","","0",""
"2093","","","1190","","323","1272","","","0","S","","","0","0,00","","A","","","N","A","S","1","","0","1","","1","0","0",""
"2094","","","1392","","277","767","","","","S","","","0","0,00","","A","","","N","A","S","1","","","","","1","","0",""
"2095","","","1388","","324","489","","","","S","","","0","0,00","","A","","","N","A","S","1","","","","","1","","0",""
"2145","","","1368","","","796","","","","S","","","0","0,00","","A","","","S","C","S","1","","","","","1","","0",""
"2146","","","1368","","","779","","","","S","","","0","0,00","","A","","","S","C","S","1","","","","","1","","0",""
"2147","","","1368","","","1337","","","0","S","","","0","0,00","","A","","","S","C","S","1","","0","0","","1","0","0",""
"2150","","","127","Insatisfeito AMS","334","875","","","","S","","","0","0,00","","A","","","N","A","S","1","","","","","1","","0",""
"2151","","","1424","","335","796","","","","N","","","0","0,00","","A","","","N","A","S","1","","","","","1","","0",""
"2157","","","1414","","","-5","","","","S","","","0","0,00","","A","","","N","C","S","1","","","","","1","","0",""
"2158","","","1414","","","875","","","","S","","","0","0,00","","A","","","N","C","S","1","","","","","1","","0",""
"2160","","","1417","","164","","","","","S","","","0","0,00","","A","","","N","A","S","1","","","","","1","","0",""
"2161","","","1418","","164","","","","","S","","","0","0,00","","A","","","N","A","S","1","","","","","1","","0",""
"2162","","","1419","","164","","","","","S","","","0","0,00","","A","","","N","A","S","1","","","","","1","","0",""
"2176","","2","1339","","333","167","","","","S","","","0","0,00","","A","","","N","A","S","1","","","","","1","","0",""
"1","","","940039","","","-5","","","","S","","","0","0,00","","A","","","N","C","S","1","","0","0","","1","","0",""
"9","","7","940097","","","247","","","","S","","","0","0,00","","A","","","N","C","S","1","","0","0","","1","","0",""
"14","","2","940026","","","244","","","","S","","","0","0,00","","A","","","N","C","S","1","","0","0","","1","","0",""
"15","","3","940026","","","243","","","","S","","","0","0,00","","A","","","N","C","S","1","","0","0","","1","","0",""
"16","","11","940026","","","245","","","","S","","","0","0,00","","A","","","N","C","S","1","","0","0","","1","","0",""
"17","","3","940025","","","243","","","","S","","","0","0,00","","A","","","N","C","S","1","","0","0","","1","","0",""
"18","","2","940025","","","244","","","","S","","","0","0,00","","A","","","N","C","S","1","","0","0","","1","","0",""
"19","","11","940025","","","245","","","","S","","","0","0,00","","A","","","N","C","S","1","","0","0","","1","","0",""
"20","","11","940023","","","245","","","","S","","","0","0,00","","A","","","N","C","S","1","","0","0","","1","","0",""
"21","","3","940023","","","243","","","","S","","","0","0,00","","A","","","N","C","S","1","","0","0","","1","","0",""
"22","","2","940023","","","244","","","","S","","","0","0,00","","A","","","N","C","S","1","","0","0","","1","","0",""
"32","","11","940024","","940000","20","","","","S","","","0","0,00","","A","","","N","A","N","1","","0","0","","1","","0",""
"33","","3","940024","","940000","181","","","","S","","","0","0,00","","A","","","N","A","N","1","","0","0","","1","","0",""
"34","","2","940024","","940000","22","","","","S","","","0","0,00","","A","","","N","A","N","1","","0","0","","1","","0",""
"36","","3","940016","","","243","","","","S","","","0","0,00","","A","","","N","C","S","1","","0","0","","1","","0",""
"37","","11","940016","","","245","","","","S","","","0","0,00","","A","","","N","C","S","1","","0","0","","1","","0",""
"38","","2","940016","","","244","","","","S","","","0","0,00","","A","","","N","C","S","1","","0","0","","1","","0",""
"51","","1","940040","","","242","","","","S","","","0","0,00","","A","","","N","C","S","1","","0","0","","1","","0",""
"52","","7","940040","","","247","","","","S","","","0","0,00","","A","","","N","C","S","1","","0","0","","1","","0",""
"53","","11","940040","","","245","","","","S","","","0","0,00","","A","","","N","C","S","1","","0","0","","1","","0",""
"54","","3","940040","","","243","","","","S","","","0","0,00","","A","","","N","C","S","1","","0","0","","1","","0",""
"61","","11","940039","","","245","","","","S","","","0","0,00","","A","","","N","C","S","1","","0","0","","1","","0",""
"62","","3","940039","","","243","","","","S","","","0","0,00","","A","","","N","C","S","1","","0","0","","1","","0",""
"63","","2","940039","","","244","","","","S","","","0","0,00","","A","","","N","C","S","1","","0","0","","1","","0",""
"64","","11","940094","","","245","","","","S","","","0","0,00","","A","","","N","C","S","1","","0","0","","1","","0",""
"65","","3","940094","","","243","","","","S","","","0","0,00","","A","","","N","C","S","1","","0","0","","1","","0",""
"66","","2","940094","","","244","","","","S","","","0","0,00","","A","","","N","C","S","1","","0","0","","1","","0",""
"67","","11","940095","","","245","","","","S","","","0","0,00","","A","","","N","C","S","1","","0","0","","1","","0",""
"68","","3","940095","","","243","","","","S","","","0","0,00","","A","","","N","C","S","1","","0","0","","1","","0",""
"69","","2","940095","","","244","","","","S","","","0","0,00","","A","","","N","C","S","1","","0","0","","1","","0",""
"70","","11","940097","","","245","","","","S","","","0","0,00","","A","","","N","C","S","1","","0","0","","1","","0",""
"71","","3","940097","","","243","","","","S","","","0","0,00","","A","","","N","C","S","1","","0","0","","1","","0",""
"72","","2","940097","","","244","","","","S","","","0","0,00","","A","","","N","C","S","1","","0","0","","1","","0",""
"95","","","4","","940030","686","","","","N","","","0","0,00","","A","","","N","A","S","1","","0","0","","1","","0",""
"96","","1","5","","940006","248","","","","N","","","0","0,00","","A","","","N","A","S","1","","0","0","","1","","0",""
"97","","1","940133","","940031","606","","","","S","","","0","0,00","","A","","","N","A","S","1","","0","0","","0","","0",""
"98","","7","940133","","940031","326","","","","S","","","0","0,00","","A","","","N","A","S","1","","0","0","","0","","0",""
"99","","4","940133","","940031","326","","","","S","","","0","0,00","","A","","","N","A","S","1","","0","0","","0","","0",""
"100","","11","940133","","940031","326","","","","S","","","0","0,00","","A","","","N","A","S","1","","0","0","","0","","0",""
"101","","3","940133","","940031","50","","","","S","","","0","0,00","","A","","","N","A","S","1","","0","0","","0","","0",""
"102","","2","940133","","940031","421","","","","S","","","0","0,00","","A","","","N","A","S","1","","0","0","","0","","0",""
"103","","1","940126","","940028","8","","","","S","","","0","0,00","","A","","","N","A","N","1","","0","0","","1","","0",""
"104","","7","940126","","940028","9","","","","S","","","0","0,00","","A","","","N","A","N","1","","0","0","","1","","0",""
"105","","4","940126","","940028","10","","","","S","","","0","0,00","","A","","","N","A","N","1","","0","0","","1","","0",""
"106","","11","940126","","940028","12","","","","S","","","0","0,00","","A","","","N","A","N","1","","0","0","","1","","0",""
"107","","3","940126","","940028","11","","","","S","","","0","0,00","","A","","","N","A","N","1","","0","0","","1","","0",""
"108","","2","940126","","940028","13","","","","S","","","0","0,00","","A","","","N","A","N","1","","0","0","","1","","0",""
"124","","7","5","","940006","248","","","","N","","","0","0,00","","A","","","N","A","S","1","","0","0","","1","","0",""
"125","","4","5","","940006","248","","","","N","","","0","0,00","","A","","","N","A","S","1","","0","0","","1","","0",""
"126","","11","5","","940006","248","","","","N","","","0","0,00","","A","","","N","A","S","1","","0","0","","1","","0",""
"127","","3","5","","940006","248","","","","N","","","0","0,00","","A","","","N","A","S","1","","0","0","","1","","0",""
"128","","2","5","","940006","248","","","","N","","","0","0,00","","A","","","N","A","S","1","","0","0","","1","","0",""
"129","","7","940119","","940025","247","","","","S","","","0","0,00","","A","","","N","A","S","1","","0","0","","1","","0",""
"130","","4","940119","","940025","247","","","","S","","","0","0,00","","A","","","N","A","S","1","","0","0","","1","","0",""
"131","","11","940119","","940025","245","","","","S","","","0","0,00","","A","","","N","A","S","1","","0","0","","1","","0",""
"132","","3","940119","","940025","243","","","","S","","","0","0,00","","A","","","N","A","S","1","","0","0","","1","","0",""
"133","","2","940119","","940025","244","","","","S","","","0","0,00","","A","","","N","A","S","1","","0","0","","1","","0",""
"135","","","38","SOLICITA ATENDIMENTO","3","","","","","S","","","0","0,00","","A","","","N","A","S","1","","0","0","","1","","0",""
"136","","","39","SOLICITA ATENDIMENTO","2","","","","","N","","","0","0,00","","A","","","N","A","S","1","","0","0","","1","","0",""
"137","","2","940225","","","244","","","","S","","","0","0,00","","A","","","N","C","S","1","","0","0","","1","","0",""
"138","","3","940225","","","243","","","","S","","","0","0,00","","A","","","N","C","S","1","","0","0","","1","","0",""
"139","","11","940225","","","245","","","","S","","","0","0,00","","A","","","N","C","S","1","","0","0","","1","","0",""
"140","","4","940225","","","246","","","","S","","","0","0,00","","A","","","N","C","S","1","","0","0","","1","","0",""
"141","","7","940225","","","247","","","","S","","","0","0,00","","A","","","N","C","S","1","","0","0","","1","","0",""
"142","","1","940225","","","242","","","","S","","","0","0,00","","A","","","N","C","S","1","","0","0","","1","","0",""
"143","","2","50","","5","339","","","","S","","","0","0,00","","A","","","N","A","S","1","","0","0","","1","","0",""
"144","","3","50","","5","337","","","","S","","","0","0,00","","A","","","N","A","S","1","","0","0","","1","","0",""
"145","","11","50","","5","338","","","","S","","","0","0,00","","A","","","N","A","S","1","","0","0","","1","","0",""
"146","","4","50","","5","341","","","","S","","","0","0,00","","A","","","N","A","S","1","","0","0","","1","","0",""
"147","","7","50","","5","340","","","","S","","","0","0,00","","A","","","N","A","S","1","","0","0","","1","","0",""
"148","","1","50","","5","336","","","","S","","","0","0,00","","A","","","N","A","S","1","","0","0","","1","","0",""
"190","","7","940095","","","247","","","","S","","","0","0,00","","A","","","N","C","S","1","","0","0","","1","","0",""
"191","","1","940095","","","242","","","","N","","","0","0,00","","A","","","N","C","S","1","","0","0","","1","","0",""
"192","","1","940094","","","242","","","","S","","","0","0,00","","A","","","N","C","S","1","","0","0","","1","","0",""
"193","","7","940094","","","247","","","","S","","","0","0,00","","A","","","N","C","S","1","","0","0","","1","","0",""
"195","","2","940003","","940062","13","","","","S","","","0","0,00","","A","","","N","A","S","1","","0","0","","1","","0",""
"196","","3","940003","","940062","11","","","","S","","","0","0,00","","A","","","N","A","S","1","","0","0","","1","","0",""
"197","","11","940003","","940062","12","","","","S","","","0","0,00","","A","","","N","A","S","1","","0","0","","1","","0",""
"198","","4","940003","","940062","10","","","","S","","","0","0,00","","A","","","N","A","S","1","","0","0","","1","","0",""
"199","","7","940003","","940062","9","","","","S","","","0","0,00","","A","","","N","A","S","1","","0","0","","1","","0",""
"221","","2","53","","940030","686","","","","N","","","0","0,00","","A","","","N","A","N","1","","0","0","","1","","0",""
"224","","","940052","","940015","190","","","","S","","","0","0,00","","A","","","N","A","N","1","","0","0","","1","","0",""
"263","","","93","Acomp.Téc.Operaciona","14","358","","","","S","","","0","0,00","","A","","","N","A","S","1","","0","0","","1","","0",""
"264","","","93","Clínica","12","358","","","","S","","","0","0,00","","A","","","N","A","S","1","","0","0","","1","","0",""
"265","","","93","Visita Pró Ativa","13","358","","","","S","","","0","0,00","","A","","","N","A","S","1","","0","0","","1","","0",""
"266","","","93","Treinamentos","15","358","","","","S","","","0","0,00","","A","","","N","A","S","1","","0","0","","1","","0",""
"267","","","93","Entrega Técnica","16","358","","","","S","","","0","0,00","","A","","","N","A","S","1","","0","0","","1","","0",""
"268","","2","940332","","940036","339","","","","N","","","0","0,00","","A","","","N","A","S","1","","0","0","","1","","0",""
"269","","3","940332","","940036","337","","","","N","","","0","0,00","","A","","","N","A","S","1","","0","0","","1","","0",""
"270","","4","940332","","940036","341","","","","N","","","0","0,00","","A","","","N","A","S","1","","0","0","","1","","0",""
"271","","7","940332","","940036","340","","","","N","","","0","0,00","","A","","","N","A","S","1","","0","0","","1","","0",""
"272","","11","940332","","940036","338","","","","N","","","0","0,00","","A","","","N","A","S","1","","0","0","","1","","0",""
"273","","2","940333","","940057","294","","","","S","","","0","0,00","","A","","","N","A","S","1","","0","0","","1","","0",""
"274","","3","940333","","940057","337","","","","S","","","0","0,00","","A","","","N","A","S","1","","0","0","","1","","0",""
"275","","11","940333","","940057","338","","","","S","","","0","0,00","","A","","","N","A","S","1","","0","0","","1","","0",""
"276","","4","940333","","940057","341","","","","S","","","0","0,00","","A","","","N","A","S","1","","0","0","","1","","0",""
"277","","7","940333","","940057","340","","","","S","","","0","0,00","","A","","","N","A","S","1","","0","0","","1","","0",""
"290","","","116","","940052","","","","","N","","","0","0,00","","A","","","N","A","S","1","","0","0","","1","","0",""
"298","","","119","","","-4","","","","S","","","0","0,00","","A","","","N","C","S","1","","0","0","","1","","0",""
"307","","2","127","Insatisfeito Peças","940031","273","","","","S","","","0","0,00","","A","","","N","A","S","1","","0","0","","1","","0",""
"308","","3","127","Insatisfeito Peças","940031","274","","","","S","","","0","0,00","","A","","","N","A","S","1","","0","0","","1","","0",""
"309","","11","127","Insatisfeito Peças","940031","276","","","","S","","","0","0,00","","A","","","N","A","S","1","","0","0","","1","","0",""
"310","","4","127","Insatisfeito Peças","940031","275","","","","S","","","0","0,00","","A","","","N","A","S","1","","0","0","","1","","0",""
"311","","7","127","Insatisfeito Peças","940031","272","","","","S","","","0","0,00","","A","","","N","A","S","1","","0","0","","1","","0",""
"312","","1","127","Insatisfeito Peças","940031","271","","","","S","","","0","0,00","","A","","","N","A","S","1","","0","0","","1","","0",""
"313","","2","127","Insatisfeito Serviço","940028","13","","","","S","","","0","0,00","","A","","","N","A","S","1","","0","0","","1","","0",""
"314","","3","127","Insatisfeito Serviço","940028","11","","","","S","","","0","0,00","","A","","","N","A","S","1","","0","0","","1","","0",""
"315","","11","127","Insatisfeito Serviço","940028","12","","","","S","","","0","0,00","","A","","","N","A","S","1","","0","0","","1","","0",""
"316","","4","127","Insatisfeito Serviço","940028","10","","","","S","","","0","0,00","","A","","","N","A","S","1","","0","0","","1","","0",""
"317","","7","127","Insatisfeito Serviço","940028","9","","","","S","","","0","0,00","","A","","","N","A","S","1","","0","0","","1","","0",""
"318","","1","127","Insatisfeito Serviço","940028","8","","","","S","","","0","0,00","","A","","","N","A","S","1","","0","0","","1","","0",""
"319","","2","127","Insatisfeito Vendas","940025","244","","","","S","","","0","0,00","","A","","","N","A","S","1","","0","0","","1","","0",""
"320","","3","127","Insatisfeito Vendas","940025","243","","","","S","","","0","0,00","","A","","","N","A","S","1","","0","0","","1","","0",""
"321","","11","127","Insatisfeito Vendas","940025","245","","","","S","","","0","0,00","","A","","","N","A","S","1","","0","0","","1","","0",""
"322","","4","127","Insatisfeito Vendas","940025","246","","","","N","","","0","0,00","","A","","","N","A","S","1","","0","0","","1","","0",""
"323","","7","127","Insatisfeito Vendas","940025","247","","","","S","","","0","0,00","","A","","","N","A","S","1","","0","0","","1","","0",""
"324","","1","127","Insatisfeito Vendas","940025","242","","","","S","","","0","0,00","","A","","","N","A","S","1","","0","0","","1","","0",""
"342","","","170","","","412","","","","S","","","0","0,00","","A","","","N","C","S","1","","0","0","","1","","0",""
"361","","","189","Retornar","","248","","","","S","","","0","0,00","","A","","","N","C","S","1","","0","0","","1","","0",""
"362","","","189","Insatisfeito","940028","329","","","","S","","","0","0,00","","A","","","N","A","S","1","","0","0","","1","","0",""
"431","","","268","","52","","","","","S","","","7","0,00","","A","","","N","A","S","1","","0","0","","1","","0",""
"477","","7","285","","940025","247","","","","S"," ","","0","0,00","","A","","","N","A","N","","","","0","","1","","0",""
"478","","4","285","","940025","246","","","","S"," ","","0","0,00","","A","","","N","A","N","","","","0","","1","","0",""
"480","","3","285","","940025","243","","","","S"," ","","0","0,00","","A","","","N","A","N","","","","0","","1","","0",""
"481","","2","285","","940025","244","","","","S"," ","","0","0,00","","A","","","N","A","N","","","","0","","1","","0",""
"482","","1","285","","940025","242","","","","S"," ","","0","0,00","","A","","2","N","A","N","","","","0","","1","","0",""
"526","","","328","","73","489","","","","S"," ","","0","0,00","","A","","","N","A","S","","","","0","","1","","0",""
"527","","","329","","72","489","","","","S"," ","","0","0,00","","A","","","N","A","S","","","","0","","1","","0",""
"585","","","274","","","167","","","","S","","","0","0,00","","A","","","S","C","S","1","","","0","","1","","0",""
"670","","","436","","95","","","","","S","","","0","0,00","","A","","","N","A","S","1","","","0","","1","","0",""
"671","","","436","Parcial","147","","","","","S","","","0","0,00","","A","","","N","A","S","1","","","0","","1","","0",""
"678","","1","274","","","127","","","","S","","","0","0,00","","A","","","S","C","S","1","","","0","","1","","0",""
"681","","1","447","","","127","","","","S","","","0","0,00","","A","","","S","C","S","1","","","0","","1","","0",""
"687","","","447","","","167","","","","S","","","0","0,00","","A","","","S","C","S","1","","","0","","1","","0",""
"749","","","263","Consórcio","459","","","","","S","","","0","0,00","","A","","","N","A","N","1","","","0","","1","","0",""
"807","","","444","","155","489","","","","S","","","0","0,00","","A","","","N","A","S","1","","","0","","1","","0",""
"839","","","516","","","","","","","N","","","0","0,00","","A","","","N","C","S","1","","","0","","1","","0",""
"867","","","542","","","","","","","S","","","0","0,00","","A","","","N","C","S","1","","","0","","1","","0",""
"868","","","543","","","","","","","S","","","0","0,00","","A","","","N","C","S","1","","","0","","1","","0",""
"871","","","539","","","446","","","","S","","","0","0,00","","A","","","S","C","S","1","","","0","","1","","0",""
"872","","","546","","","","","","","S","","","0","0,00","","A","","","N","C","S","1","","","0","","1","","0",""
"896","","","559","","123","","","","","S","","","30","0,00","","A","","","N","A","S","","","0","0","","1","","0",""
"897","","","560","","123","523","","","","S","","","0","0,00","","A","","","N","A","S","1","","","0","","1","","0",""
"899","","","563","","","167","","","","S","","","0","0,00","","A","","","N","C","S","1","","","0","","1","","0",""
"916","","","454","","","167","","","","S","","","0","0,00","","A","","","N","C","S","1","","","0","","1","","0",""
"950","","","588","","123","","","","","S","","","0","0,00","","A","","","N","A","N","1","","","0","","1","","0",""
"951","","","587","","","-3","","","","S","","","0","0,00","","A","","","N","C","S","1","","","0","","1","","0",""
"962","","","555","Serviços","123","","","","","S","","","0","0,00","","A","","","N","A","N","1","","","0","","1","","0",""
"964","","","555","Consórcio","123","","","","","S","","","0","0,00","","A","","","N","A","N","1","","","0","","1","","0",""
"965","","","555","Green System","123","","","","","S","","","0","0,00","","A","","","N","A","N","1","","","0","","1","","0",""
"966","","","555","Locação","123","","","","","S","","","0","0,00","","A","","","N","A","N","1","","","0","","1","","0",""
"967","","","555","Peças","123","","","","","S","","","0","0,00","","A","","","N","A","N","1","","","0","","1","","0",""
"986","","","595","","129","","","","","N","","","30","0,00","","A","","","N","A","N","","","","0","","1","","0",""
"991","","","604","","129","","","","","N","","","0","0,00","","A","","","N","A","S","1","","","0","","1","","0",""
"1000","","","619","","","","","","","S","","","0","0,00","","A","","","N","C","S","1","","","0","","1","","0",""
"1039","","","1","","","516","","","","S","","","0","0,00","","A","","","N","C","S","1","","","0","","1","","0",""
"1043","","","243","Com Insatisfação","408","686","Entrega Técnica","","","S","","","0","0,00","","A","","0","N","A","S","1","","0","0","","1","","0",""
"1046","","","661","","123","","","","","S","","","0","0,00","","A","","","N","A","N","","","","0","","1","","0",""
"1047","","","662","","123","","","","","S","","","0","0,00","","A","","","N","A","N","","","","0","","1","","0",""
"1050","","","664","","128","-5","Pedido Aprovado","","","S","","","0","0,00","","A","","","N","A","S","1","","","0","","1","","0",""
"1051","","","590","","145","","","","","S","","","0","0,00","","A","","","N","A","N","1","","","0","","1","","0",""
"1052","","","672","","130","","","","","S","","","0","0,00","","A","","","N","A","S","1","","","0","","1","","0",""
"1056","","","673","Sem Problemas","150","686","","","","S","","","69","0,00","","A","","","N","A","S","1","","","0","","1","","0",""
"1057","","","285","","149","686","","","","S","","","18","0,00","","A","","","N","A","S","1","","","0","","1","","0",""
"1058","","","286","","149","686","","","","S","","","18","0,00","","A","","","N","A","S","1","","","0","","1","","0",""
"1059","","","450","","149","686","","","","S","","","18","0,00","","A","","","N","A","S","1","","","0","","1","","0",""
"1060","","","243","","63","686","","","","S","","","5","0,00","","A","","0","N","A","S","1","","0","0","","0","","0",""
"1063","","","679","","128","-5","","","","S","","","0","0,00","","A","","","N","A","S","1","","","0","","1","","0",""
"1064","","","679","","94","656","","","","S","","","0","0,00","","A","","","N","A","S","1","","","0","","1","","0",""
"1067","","","436","","154","","","","","S","","","0","0,00","","A","","","N","A","S","1","","","0","","1","","0",""
"1072","","","691","","156","767","Pagar Comissão Venda Direta","","","S","","","0","0,00","","A","","","N","A","S","1","","","0","","1","","0",""
"1073","","","693","AMS + Serviços","152","","","","","S","","","0","0,00","","A","","","N","A","S","1","","","0","","1","","0",""
"1075","","","693","AMS","152","","","","","S","","","0","0,00","","A","","","N","A","S","1","","","0","","1","","0",""
"1078","","","697","","","516","","","","S","","","0","0,00","","A","","","N","C","S","1","","","0","","1","","0",""
"1079","","","699","","","516","","","","S","","","0","0,00","","A","","","S","C","S","1","","","0","","1","","0",""
"1087","","","706","","150","686","","","","S","","","69","0,00","","A","","","N","A","S","1","","","0","","1","","0",""
"1089","","1","673","Com Problemas","940025","127","","","","S","","","0","0,00","","A","","","N","A","S","1","","","0","","1","","0",""
"1090","","2","673","Com Problemas","940025","747","","","","S","","","0","0,00","","A","","","N","A","S","1","","","0","","1","","0",""
"1091","","3","673","Com Problemas","940025","591","","","","S","","","0","0,00","","A","","","N","A","S","1","","","0","","1","","0",""
"1092","","7","673","Com Problemas","940025","782","","","","S","","","0","0,00","","A","","","N","A","S","1","","","0","","1","","0",""
"1095","","2","675","Com Problemas","940025","747","","","","S","","","0","0,00","","A","","","N","A","S","1","","","0","","1","","0",""
"1096","","3","675","Com Problemas","940025","591","","","","S","","","0","0,00","","A","","","N","A","S","1","","","0","","1","","0",""
"1099","","7","675","Com Problemas","940025","782","","","","S","","","0","0,00","","A","","","N","A","S","1","","","0","","1","","0",""
"1100","","1","675","Com Problemas","940025","127","","","","S","","","0","0,00","","A","","","N","A","S","1","","","0","","1","","0",""
"1101","","","284","","149","686","","","","S","","","18","0,00","","A","","","N","A","S","1","","","0","","1","","0",""
"1105","","","632","","","-5","","","","S","","","0","0,00","","A","","","S","C","S","1","","","0","","1","","0",""
"1106","","","632","","","516","","","","S","","","0","0,00","","A","","","S","C","S","1","","","0","","1","","0",""
"1108","","","719","","","-5","","","","S","","","0","0,00","","A","","","S","C","S","1","","","0","","1","","0",""
"1111","","","729","","166","576","","","","S","","","0","0,00","","A","","0","N","A","S","1","","","0","","1","","0",""
"1112","","","731","","167","489","","","","S","","","0","0,00","","A","","","N","A","S","1","","","0","","1","","0",""
"1114","","","734","Parcial","167","489","","","","S","","","0","0,00","","A","","","N","A","S","1","","","0","","1","","0",""
"1115","","","737","","171","","","","","S","","","0","0,00","","A","","","N","A","S","","","","0","","1","","0",""
"1117","","","738","","170","","","","","S","","","0","0,00","","A","","","N","A","S","","","","0","","1","","0",""
"1118","","","741","","171","","","","","S","","","0","0,00","","A","","","N","A","S","","","","0","","1","","0",""
"1120","","","742","","","-5","","","","S","","","0","","","A","","","S","C","S","","","","0","","1","","0",""
"1121","","","742","","","516","","","","S","","","0","","","A","","","S","C","S","","","","0","","1","","0",""
"1122","","","744","","176","819","","","","S","","","0","0,00","","A","","","N","A","S","","","","0","","1","","0",""
"1128","","","727","","165","","","","","S","","","0","0,00","","A","","1","N","A","S","1","","","0","","1","","0",""
"1146","","4","263","Agricultura Precisão","131","591","","","","N","","","0","0,00","","A","","","N","A","S","1","","","0","","1","","0",""
"1147","","3","263","Agricultura Precisão","131","591","","","","N","","","0","0,00","","A","","","N","A","S","1","","","0","","1","","0",""
"1148","","2","263","Agricultura Precisão","131","","","","","N","","","0","0,00","","A","","","N","A","S","1","","","0","","1","","0",""
"1149","","7","263","Agricultura Precisão","131","674","","","","N","","","0","0,00","","A","","","N","A","S","1","","","0","","1","","0",""
"1152","","","760","","","516","","","","S","","","0","0,00","","A","","","N","C","S","1","","","0","","1","","0",""
"1154","","","761","","","516","","","","N","","","0","0,00","","A","","","N","C","S","1","","","0","","1","","0",""
"1156","","","763","","172","","","","","S","","","0","0,00","","A","","1","N","A","S","1","","","0","","1","","0",""
"1157","","","766","","145","","","","","S","","","0","0,00","","A","","","N","A","S","1","","","0","","1","","0",""
"1159","","","767","","145","","","","","S","","","0","0,00","","A","","1","N","A","S","1","","","0","","1","","0",""
"1162","","","729","","","-5","","","","S","","","0","0,00","","A","","","S","C","S","1","","","0","","1","","0",""
"1163","","","729","","","448","","","","S","","","0","0,00","","A","","","S","C","S","1","","","0","","1","","0",""
"1171","","","778","","179","","","","","S","","","0","0,00","","A","","2","N","A","S","1","","","0","","1","","0",""
"1210","","","809","","187","","","","","S","","","0","0,00","","A","","","N","A","S","1","","","0","","1","","0",""
"1212","","","673","Com Problemas","150","686","","","","S","","","69","0,00","","A","","","N","A","S","1","","","0","","1","","0",""
"1231","","","779","","180","","","","","S","","","0","0,00","","A","","","N","A","S","1","","","0","","1","","0",""
"1232","","","729","","","231","","","","S","","","0","0,00","","A","","","S","C","S","1","","","0","","1","","0",""
"1242","","1","53","","940030","686","","","","N","","","0","0,00","","A","","","N","A","N","1","","","0","","1","","0",""
"1243","","7","53","","940030","686","","","","N","","","0","0,00","","A","","","N","A","N","1","","","0","","1","","0",""
"1244","","10","53","","940030","686","","","","N","","","0","0,00","","A","","","N","A","N","1","","","0","","1","","0",""
"1245","","5","53","","940030","686","","","","N","","","0","0,00","","A","","","N","A","N","1","","","0","","1","","0",""
"1246","","12","53","","940030","686","","","","N","","","0","0,00","","A","","","N","A","N","1","","","0","","1","","0",""
"1247","","4","53","","940030","686","","","","N","","","0","0,00","","A","","","N","A","N","1","","","0","","1","","0",""
"1248","","11","53","","940030","686","","","","N","","","0","0,00","","A","","","N","A","N","1","","","0","","1","","0",""
"1249","","9","53","","940030","686","","","","N","","","0","0,00","","A","","","N","A","N","1","","","0","","1","","0",""
"1250","","3","53","","940030","686","","","","N","","","0","0,00","","A","","","N","A","N","1","","","0","","1","","0",""
"1278","","","274","","","448","","","","S","","","0","0,00","","A","","","S","C","S","1","","","0","","1","","0",""
"1285","","","818","","179","","","","","S","","","0","0,00","","A","","","N","A","S","1","","","0","","1","","0",""
"1286","","","570","","","241","","","","S","","","0","0,00","","A","","","S","C","S","1","","","0","","1","","0",""
"1288","","","729","","","875","","","","S","","","0","0,00","","A","","","S","C","S","1","","","0","","1","","0",""
"1293","","","833","Com Demanda","193","","","","","S","","","0","0,00","","A","","","N","A","S","1","","","0","","1","","0",""
"1294","","","833","Sem Demanda","191","","","","","S","","","0","0,00","","A","","","N","A","S","1","","","0","","1","","0",""
"1305","","","723","","","467","","","","S","","","0","0,00","","A","","","S","C","S","1","","","0","","1","","0",""
"1306","","","723","","","448","","","","S","","","0","0,00","","A","","","S","C","S","1","","","0","","1","","0",""
"1320","","","899","","199","","Cliente com interesse em equip usado","","","S","","","0","0,00","","A","","2","N","A","S","1","","","0","","1","","0",""
"1365","","","911","","","448","","","","S","","","0","0,00","","A","","","S","C","S","1","","","0","","1","","0",""
"1366","","","911","","","467","","","","S","","","0","0,00","","A","","","N","C","S","1","","","0","","1","","0",""
"1393","","","646","","","","","","","S","","","0","0,00","","A","","","S","C","S","1","","","0","","1","","0",""
"1428","","","981","","229","","Negativação realizada","","","S","","","0","0,00","","A","","","N","A","S","1","","","0","","1","","0",""
"1431","","","985","","231","","","","","S","","","0","0,00","","A","","","N","A","S","1","","","0","","1","","0",""
"1444","","","1006","","234","","","","","S","","","0","0,00","","A","","1","N","A","S","1","","","0","","1","","0",""
"1451","","","1008","Contabilidade","","576","","","","S","","","0","0,00","","A","","","S","C","S","1","","","0","","1","","0",""
"1452","","","1008","Estoque","","448","","","","S","","","0","0,00","","A","","","S","C","S","1","","","0","","1","","0",""
"1453","","","1008","Financeiro","","520","","","","S","","","0","0,00","","A","","","S","C","S","1","","","0","","1","","0",""
"1454","","","1008","","","-5","","","","S","","","0","0,00","","A","","","S","C","S","1","","","0","","1","","0",""
"1491","","","1061","","198","","","","","S","","","0","0,00","","A","","","N","A","S","1","","","0","","1","","0",""
"1496","","","1062","","","516","","","","S","","","0","0,00","","A","","1","N","C","S","1","","","0","","1","","0",""
"1498","","","1063","","","448","Faturamento Cancelado","","","S","","","0","0,00","","A","","","S","C","S","1","","0","0","0","1","","0",""
"1499","","","1063","","","-5","Faturamento Cancelado","","","S","","","0","0,00","","A","","","S","C","S","1","","0","0","0","1","","0",""
"1573","","1","1143","","","127","","","","S","","","0","0,00","","A","","","S","C","S","1","","","0","","1","","0",""
"1574","","","1143","","","448","","","","S","","","0","0,00","","A","","","S","C","S","1","","","0","","1","","0",""
"1575","","","1143","","","447","","","","S","","","0","0,00","","A","","","S","C","S","1","","","0","","1","","0",""
"1583","","4","642","","213","591","","","","S","","","0","0,00","","A","","","S","A","S","1","","","0","","1","","0",""
"1585","","9","642","","213","591","","","","S","","","0","0,00","","A","","","S","A","S","1","","","0","","1","","0",""
"1586","","3","642","","213","591","","","","S","","","0","0,00","","A","","","S","A","S","1","","","0","","1","","0",""
"1587","","","1144","","176","819","","","","S","","","0","0,00","","A","","","N","A","S","1","","","0","","1","","0",""
"1588","","","1145","","176","819","","","","S","","","0","0,00","","A","","","N","A","S","1","","","0","","1","","0",""
"1589","","","1146","","143","606","","","","N","","","0","0,00","","A","","","N","A","S","1","","","0","","1","","0",""
"1590","","","1149","","142","","","","","S","","","0","0,00","","A","","","N","A","S","1","","","0","","1","","0",""
"1591","","","1147","","264","441","","","","S","","","0","0,00","","A","","","N","A","S","1","","","0","","1","","0",""
"1592","","","1147","","143","606","","","","S","","","0","0,00","","A","","","N","A","S","1","","","0","","1","","0",""
"1594","","","1146","","264","576","","","","N","","","0","0,00","","A","","","N","A","S","1","","","0","","1","","0",""
"1598","","","1150","","265","","","","","S","","","0","0,00","","A","","","N","A","S","1","","","0","","1","","0",""
"1601","","","1157","","267","","","","","S","","","0","0,00","","A","","2","N","A","S","1","","","0","","1","","0",""
"1604","","2","1171","","269","","","","","S","","","0","0,00","","A","","","N","A","S","1","","","0","","1","","0",""
"1606","","","1164","","","354","","","","S","","","0","0,00","","A","","","S","C","S","1","","","0","","1","","0",""
"1607","","","1164","","","-2","","","","S","","","0","0,00","","A","","","S","C","S","1","","","0","","1","","0",""
"1609","","","1189","","","-4","Crédito não liberado","","","S","","","0","0,00","","A","","","N","C","S","1","","","0","","1","","0",""
"1611","","","1175","","768","0","","","0","S","","","0","0,00","","A","","2","N","A","S","1","","0","0","","1","0","0",""
"1612","","3","1178","","273","243","","","","S","","","0","0,00","","A","","","N","A","S","1","","","0","","1","","0",""
"1613","","","1182","","272","-4","Pedido Recusado","","","S","","","0","0,00","","A","","1","N","A","S","1","","","0","","1","","0",""
"1614","","2","1183","Ativação de Licença","274","802","","","","S","","","0","0,00","","A","","","N","A","S","1","","","0","","1","","0",""
"1615","","2","1183","Licença","274","802","","","","S","","","0","0,00","","A","","","N","A","S","1","","","0","","1","","0",""
"1617","","","1183","","276","811","","","","S","","","0","0,00","","A","","","N","A","S","1","","","0","","1","","0",""
"1633","","","1215","","268","","","","","S","","","60","0,00","","A","","","N","A","S","1","","","0","","1","","0",""
"1682","","","1216","","268","","","","","S","","","0","0,00","","A","","","N","A","S","1","","","0","","1","","0",""
"1699","","","1223","","285","248","","","","S","","","0","0,00","","A","","","N","A","S","1","","","0","","1","","0",""
"1702","","","286","Com Indicação","285","1337","","","0","N","","","0","0,00","","A","","1","S","A","N","1","","1","0","","1","0","0",""
"1738","","3","1230","Atendimento Serviços","286","593","","","","S","","","0","0,00","","A","","","N","A","S","","","","0","","1","","0",""
"1740","","11","1230","Atendimento Serviços","286","827","","","","S","","","0","0,00","","A","","","N","A","S","","","","0","","1","","0",""
"1741","","4","1230","Garantia","286","593","","","","S","","","0","0,00","","A","","","N","A","S","","","","0","","1","","0",""
"1743","","7","1230","PMP","286","593","","","","S","","","0","0,00","","A","","","N","A","S","","","","0","","1","","0",""
"1754","","","1243","","","516","","","","S","","","0","0,00","","A","","","N","C","S","1","","","0","","1","","0",""
"1755","","","1243","","","-5","","","","S","","","0","0,00","","A","","","N","C","S","1","","","0","","1","","0",""
"1756","","","1239","","289","","Prospecão IM","","","S","","","0","0,00","","A","","2","N","A","S","1","","","0","","1","","0",""
"1757","","","1239","Serviço","268","354","Prospecção IM","","","S","","","0","0,00","","A","","0","N","A","S","1","","","0","","1","","0",""
"1758","","","1239","Peça","382","","Prospecção IM","","","S","","","0","0,00","","A","","0","N","A","S","1","","","0","","1","","0",""
"1778","","","738","","","489","","","","S","","","0","0,00","","A","","","N","C","S","1","","","0","","1","","0",""
"1779","","","2","","","879","","","0","S","","","0","0,00","","A","","","N","C","S","1","","0","0","","1","0","0",""
"1780","","","1270","Implementos","296","","","","","S","","","0","0,00","","A","","0","N","A","S","1","","","0","","1","","0",""
"1805","","11","1287","","268","593","","","","S","","","0","0,00","","A","","","N","A","S","1","","","0","","1","","0",""
"1807","","4","1287","","268","593","","","","S","","","0","0,00","","A","","","N","A","S","1","","","0","","1","","0",""
"1808","","3","1287","","268","593","","","","S","","","0","0,00","","A","","","N","A","S","1","","","0","","1","","0",""
"1809","","7","1287","","268","593","","","","S","","","0","0,00","","A","","","N","A","S","1","","","0","","1","","0",""
"1810","","1","1287","","268","0","","","0","S","","","0","0,00","","A","","","N","A","S","1","","0","0","","1","0","0",""
"1811","","","1292","","300","","","","","S","","","0","0,00","","A","","","N","A","S","1","","","0","","1","","0",""
"1815","","","1299","","302","0","","","0","N","","","0","0,00","","A","","","N","A","S","1","","0","0","","1","0","0",""
"1823","","","1301","","376","516","","","","S","","","0","0,00","","A","","","N","A","S","1","","","0","","1","","0",""
"1847","","","1198","","","-3","","","","N","","","0","0,00","","A","","","N","C","S","1","","","0","","1","","0",""
"94000119","","","940185","","940050","","","","","S",""," ","0","","","A","","2","N","A","S","1","","0","0","","1","","0",""
"94000120","","","940185","","940051","","","","","S",""," ","0","","","A","","2","N","A","S","1","","0","0","","1","","0",""
"94000125","","7","940024","","940000","182","","","","S",""," ","0","0,00","","A","","","N","A","N","1","","0","0","","1","","0",""
"94000126","","","940025","","940001","","","","","S",""," ","0","","","A","","","N","A","S","1","","0","0","","1","","0",""
"94000129","","","940204","","940000","","","","","S",""," ","0","","","A","","","N","A","S","1","","0","0","","1","","0",""
"94000139","","","940091","","940016","","","","","S",""," ","0","","","A","","","N","A","S","1","","0","0","","1","","0",""
"94000146","","","940216","","940053","","","","","S",""," ","0","","","A","","","N","A","S","1","","0","0","","1","","0",""
"94000158","","","940228","","940017","","","","","S",""," ","0","","","A","","","N","A","S","1","","0","0","","1","","0",""
"94000165","","","940239","","940002","","","","","N","","","0","0,00","","A","","","N","A","S","1","","0","0","","1","","0",""
"94000168","","1","940097","","","242","","","","S","","","0","0,00","","A","","","N","C","S","1","","0","0","","1","","0",""
"94000170","","","940216","","940020","","","","","S","","","0","0,00","","A","","","N","A","S","1","","0","0","","1","","0",""
"94000225","","1","940039","","","242","","","","S","","","0","0,00","","A","","","N","C","S","1","","0","0","","1","","0",""
"94000226","","7","940039","","","247","","","","S","","","0","0,00","","A","","","N","C","S","1","","0","0","","1","","0",""
"94000227","","2","940040","","","244","","","","S","","","0","0,00","","A","","","N","C","S","1","","0","0","","1","","0",""
"94000228","","7","940017","","","247","","","","S","","","0","0,00","","A","","","N","C","S","1","","0","0","","1","","0",""
"94000229","","1","940017","","","242","","","","S","","","0","0,00","","A","","","N","C","S","1","","0","0","","1","","0",""
"94000235","","1","940024","","940000","21","","","","S","","","0","0,00","","A","","","N","A","N","1","","0","0","","1","","0",""
"94000236","","1","940026","","","242","","","","S","","","0","0,00","","A","","","N","C","S","1","","0","0","","1","","0",""
"94000237","","7","940026","","","247","","","","S","","","0","0,00","","A","","","N","C","S","1","","0","0","","1","","0",""
"94000238","","7","940025","","","247","","","","S","","","0","0,00","","A","","","N","C","S","1","","0","0","","1","","0",""
"94000239","","1","940025","","","242","","","","S","","","0","0,00","","A","","","N","C","S","1","","0","0","","1","","0",""
"94000240","","7","940023","","","247","","","","S","","","0","0,00","","A","","","N","C","S","1","","0","0","","1","","0",""
"94000241","","1","940023","","","242","","","","S","","","0","0,00","","A","","","N","C","S","1","","0","0","","1","","0",""
"94000242","","1","940016","","","242","","","","S","","","0","0,00","","A","","","N","C","S","1","","0","0","","1","","0",""
"94000245","","1","940058","","","242","","","","S","","","0","0,00","","A","","","N","C","S","1","","0","0","","1","","0",""
"94000246","","7","940058","","","247","","","","S","","","0","0,00","","A","","","N","C","S","1","","0","0","","1","","0",""
"94000247","","11","940017","","","245","","","","S","","","0","0,00","","A","","","N","C","S","1","","0","0","","1","","0",""
"94000248","","3","940017","","","243","","","","S","","","0","0,00","","A","","","N","C","S","1","","0","0","","1","","0",""
"94000249","","2","940017","","","244","","","","S","","","0","0,00","","A","","","N","C","S","1","","0","0","","1","","0",""
"94000268","","4","940040","","","246","","","","S","","","0","0,00","","A","","","N","C","S","1","","0","0","","1","","0",""
"94000278","","","940245","","","213","","","","S","","","0","0,00","","A","","","N","C","S","1","","0","0","","1","","0",""
"94000279","","","940252","","","213","","","","S"," ","","0","","","A","","","N","C","S","","","0","0","","1","","0",""
"94000285","","","940256","","","213","","","","S","","","0","0,00","","A","","","N","C","S","1","","0","0","","1","","0",""
"94000298","","","940220","","52","","","","","S","","","0","0,00","","A","","","N","A","S","1","","0","0","","1","","0",""
"94000318","","","940051","","","","","","","N","","","0","0,00","","A","","","N","C","S","1","","0","0","","1","","0",""
"94000336","","1","940332","","940036","","","","","N","","","0","0,00","","A","","","N","A","S","1","","0","0","","1","","0",""
"94000337","","1","940333","","940057","","","","","S","","","0","0,00","","A","","","N","A","S","1","","0","0","","1","","0",""
"94000338","","","940036","","","241","","","","S","","","0","0,00","","A","","","N","C","S","1","","0","0","","1","","0",""
"94000353","","","940289","Banco John Deere","940009","265","","","","S","","","0","0,00","","A","","","N","A","S","1","","0","0","","1","","0",""
"94000354","","","940289","Direto Fábrica","940064","","","","","S","","","0","0,00","","A","","","N","A","S","1","","0","0","","1","","0",""
"94000355","","","940289","Á Vista","940064","","","","","S","","","0","0,00","","A","","","N","A","S","1","","0","0","","1","","0",""
"94000356","","","940289","","940066","","","","","S","","","0","0,00","","A","","","N","A","S","1","","0","0","","1","","0",""
"94000365","","","940007","","","-13","","","","S","","","0","0,00","","A","","","S","C","S","1","","0","0","","1","","0",""
"94000395","","","940389","","940070","","","","","S","","","0","0,00","","A","","2","N","A","S","1","","0","0","","1","","0",""
"94000398","","","135","","","241","","","","S"," ","","0","","","A","","","N","C","S","","","0","0","","1","","0",""
"94000431","","","940134","Com Parecer","396","","","","","S","","","0","0,00","","A","","","N","A","S","1","","","","","1","","0",""
"94000432","","","940390","Com Parecer","396","","","","","S","","","0","0,00","","A","","","N","A","S","1","","","","","1","","0",""
"94000433","","","940134","Com Parecer","403","796","","","","S","","","0","0,00","","A","","","N","A","S","1","","","","","1","","0",""
"94000434","","","940390","Com Parecer","403","796","","","","S","","","0","0,00","","A","","","N","A","S","1","","","","","1","","0",""
"94000435","","","940127","Com Parecer","403","","","","","S","","","0","0,00","","A","","","N","A","S","1","","","","","1","","0",""
"94000436","","","940127","Com Parecer","396","","","","","S","","","0","0,00","","A","","","N","A","S","1","","","","","1","","0",""
"94000437","","","940391","Com Parecer","403","","","","","S","","","0","0,00","","A","","","N","A","S","1","","","","","1","","0",""
"94000438","","","940391","Com Parecer","396","","","","","S","","","0","0,00","","A","","","N","A","S","1","","","","","1","","0",""
"94000448","","","940412","","566","796","","","","S","","","0","0,00","","A","","","N","A","S","1","","","","","1","","0",""
"94000449","","11","940415","","940028","593","","","","S","","","0","0,00","","A","","","N","A","S","1","","","","","1","","0",""
"94000450","","7","940415","","940028","593","","","","S","","","0","0,00","","A","","","N","A","S","1","","","","","1","","0",""
"94000451","","4","940415","","940028","593","","","","S","","","0","0,00","","A","","","N","A","S","1","","","","","1","","0",""
"94000452","","3","940415","","940028","593","","","","S","","","0","0,00","","A","","","N","A","S","1","","","","","1","","0",""
"94000453","","2","940415","","940028","421","","","","S","","","0","0,00","","A","","","N","A","S","1","","","","","1","","0",""
"94000454","","1","940415","","940028","1157","","","0","N","","","0","0,00","","A","","","N","A","S","1","","0","0","","1","0","0",""
"94000455","","","940415","","940029","686","","","","S","","","0","0,00","","A","","","N","A","S","1","","","","","1","","0",""
"94000457","","","940410","","567","796","","","","S","","","0","0,00","","A","","","N","A","S","1","","","","","1","","0",""
"94000458","","","940411","Com Sugest. Melhoria","566","796","","","","S","","","0","0,00","","A","","","N","A","S","1","","","","","1","","0",""
"94000459","","","940411","Com Crítica","566","796","","","","S","","","0","0,00","","A","","","N","A","S","1","","","","","1","","0",""
"94000460","","","940409","Com Sugest. Melhoria","567","796","","","","S","","","0","0,00","","A","","","N","A","S","1","","","","","1","","0",""
"94000461","","","940409","Com Crítica","567","796","","","","S","","","0","0,00","","A","","","N","A","S","1","","","","","1","","0",""
"94000462","","10","940415","","940028","421","","","","S","","","0","0,00","","A","","","N","A","S","1","","","","","1","","0",""
"94000463","","10","940133","","940031","606","","","","S","","","0","0,00","","A","","","N","A","S","1","","","","","0","","0",""
"94000464","","","940417","","619","686","","","","S","","","0","0,00","","A","","","N","A","S","1","","","","","1","","0",""
"94000465","","","940418","","940025","796","","","","S","","","0","0,00","","A","","","N","A","S","1","","","","","1","","0",""
"2677","","","450","Com Parecer","396","","","","","S","","","0","0,00","","A","","","N","A","S","1","","","","","1","","0",""
"2678","","","450","Com Parecer","403","796","","","","S","","","0","0,00","","A","","","N","A","S","1","","","","","1","","0",""
"2710","","1","1171","","269","819","","","","S","","","0","0,00","","A","","","N","A","S","1","","","","","1","","0",""
"2711","","7","1171","","269","694","","","","S","","","0","0,00","","A","","","N","A","S","1","","","","","1","","0",""
"2712","","4","1171","","269","667","","","","S","","","0","0,00","","A","","","N","A","S","1","","","","","1","","0",""
"2713","","11","1171","","269","827","","","","S","","","0","0,00","","A","","","N","A","S","1","","","","","1","","0",""
"2714","","3","1171","","269","843","","","","S","","","0","0,00","","A","","","N","A","S","1","","","","","1","","0",""
"2724","","10","1698","","940031","421","","","","S","","","0","0,00","","A","","","N","A","S","1","","","","","1","","0",""
"2725","","5","1698","","940031","326","","","","S","","","0","0,00","","A","","","N","A","S","1","","","","","1","","0",""
"2728","","11","1698","","940031","326","","","","S","","","0","0,00","","A","","","N","A","S","1","","","","","1","","0",""
"2348","","1","1478","","346","167","","","","S","","","0","0,00","","A","","","N","A","S","1","","","","","1","","0",""
"2352","","2","1478","","346","167","","","","S","","","0","0,00","","A","","","N","A","S","1","","","","","1","","0",""
"2353","","","1482","","347","576","","","","S","","","0","0,00","","A","","","N","A","S","1","","","","","1","","0",""
"2354","","","1483","","348","489","","","","S","","","0","0,00","","A","","","N","A","S","1","","","","","1","","0",""
"2364","","","1513","","358","-15","","","","S","","","0","0,00","","A","","","S","A","S","1","","","","","1","","0",""
"2366","","","1510","","357","-7","","","","S","","","0","0,00","","A","","","N","A","S","1","","","","","1","","0",""
"2367","","1","1511","","421","1272","","","0","S","","","0","0,00","","A","","","N","A","S","1","","0","1","","1","0","0",""
"2730","","2","1698","","940031","421","","","","S","","","0","0,00","","A","","","N","A","S","1","","","","","1","","0",""
"2737","","","1703","","334","875","","","","S","","","0","0,00","","A","","","N","A","S","1","","","","","1","","0",""
"2738","","2","1706","","940025","747","","","","S","","","0","0,00","","A","","","N","A","S","1","","","","","1","","0",""
"2739","","2","1707","","940031","421","","","","S","","","0","0,00","","A","","","N","A","S","1","","","","","1","","0",""
"2740","","1","1706","","940025","127","","","","S","","","0","0,00","","A","","","N","A","S","1","","","","","1","","0",""
"2743","","9","1706","","940025","875","","","","S","","","0","0,00","","A","","","N","A","S","1","","","","","1","","0",""
"2744","","3","1706","","940025","243","","","","S","","","0","0,00","","A","","","N","A","S","1","","","","","1","","0",""
"2748","","5","1707","","940031","326","","","","S","","","0","0,00","","A","","","N","A","S","1","","","","","1","","0",""
"2749","","12","1707","","940031","421","","","","S","","","0","0,00","","A","","","N","A","S","1","","","","","1","","0",""
"2751","","11","1707","","940031","326","","","","S","","","0","0,00","","A","","","N","A","S","1","","","","","1","","0",""
"2760","","","1709","","409","","","","","S","","","0","0,00","","A","","","N","A","S","1","","","","","1","","0",""
"2761","","","37","","408","686","","","","S","","","0","0,00","","A","","0","N","A","S","1","","","","","1","","0",""
"2775","","","1668","","52","-5","","","","S","","","0","0,00","","A","","","N","A","S","1","","","","","1","","0",""
"2785","","","665","","145","-5","","","","S","","","0","0,00","","A","","","N","A","S","1","","","","","1","","0",""
"2790","","","1643","","381","0","","","0","N","","","30","0,00","","A","","","N","A","N","1","","0","0","","1","0","0",""
"2791","","","1722","","381","","","","","S","","","30","0,00","","A","","","N","A","N","1","","","","","1","","0",""
"2792","","11","54","","940027","686","","","","S","","","0","0,00","","A","","","N","A","N","1","","","","","1","","0",""
"2794","","1","54","","940027","686","","","","S","","","0","0,00","","A","","","N","A","N","1","","","","","1","","0",""
"2795","","7","54","","940027","686","","","","S","","","0","0,00","","A","","","N","A","N","1","","","","","1","","0",""
"2796","","10","54","","940027","686","","","","S","","","0","0,00","","A","","","N","A","N","1","","","","","1","","0",""
"2797","","5","54","","940027","686","","","","S","","","0","0,00","","A","","","N","A","N","1","","","","","1","","0",""
"2798","","4","54","","940027","686","","","","S","","","0","0,00","","A","","","N","A","N","1","","","","","1","","0",""
"2799","","9","54","","940027","686","","","","S","","","0","0,00","","A","","","N","A","N","1","","","","","1","","0",""
"2800","","3","54","","940027","686","","","","S","","","0","0,00","","A","","","N","A","N","1","","","","","1","","0",""
"2801","","2","54","","940027","686","","","","S","","","0","0,00","","A","","","N","A","N","1","","","","","1","","0",""
"2802","","","968","","173","1272","","","0","S","","","0","0,00","","A","","","N","A","S","1","","0","1","","1","0","0",""
"2808","","","1388","","412","811","","","","S","","","0","0,00","","A","","","S","A","S","1","","","","","1","","0",""
"4675","","3","1899","","462","591","","","","N","","","0","0,00","","A","","","N","A","S","1","","","","","1","","0",""
"4676","","","1901","","463","167","","","","N","","","0","0,00","","A","","","N","A","S","1","","","","","1","","0",""
"4677","","","1901","","464","802","","","","N","","","0","0,00","","A","","","N","A","S","1","","","","","1","","0",""
"4679","","","1908","","490","489","","","","N","","","0","0,00","","A","","","N","A","S","1","","","","","1","","0",""
"4680","","","1975","","489","819","","","","N","","","0","0,00","","A","","","N","A","S","1","","","","","1","","0",""
"4681","","","1983","","510","489","","","","N","","","0","0,00","","A","","","N","A","S","1","","","","","1","","0",""
"4682","","","1904","","465","","","","","N","","","0","0,00","","A","","","N","A","S","1","","","","","1","","0",""
"4683","","","1911","","466","576","","","","N","","","0","0,00","","A","","","N","A","S","1","","","","","1","","0",""
"4684","","","1912","","468","489","","","","S","","","0","0,00","","A","","","N","A","S","1","","","","","1","","0",""
"4685","","","1912","","467","819","","","","S","","","0","0,00","","A","","","N","A","S","1","","","","","1","","0",""
"4686","","","2392","","266","","Aguardando Retorno JD","","","S","","","0","0,00","","A","","","N","A","S","1","","","","","1","","0",""
"4687","","1","2458","Peças","586","606","","","","S","","","0","0,00","","A","","","N","A","S","1","","","","","1","","0",""
"4688","","2","2458","Peças","586","421","","","","S","","","0","0,00","","A","","","N","A","S","1","","","","","1","","0",""
"4689","","3","2458","Peças","586","50","","","","S","","","0","0,00","","A","","","N","A","S","1","","","","","1","","0",""
"4690","","4","2458","Peças","586","326","","","","S","","","0","0,00","","A","","","N","A","S","1","","","","","1","","0",""
"4691","","5","2458","Peças","586","326","","","","S","","","0","0,00","","A","","","N","A","S","1","","","","","1","","0",""
"4692","","7","2458","Peças","586","326","","","","S","","","0","0,00","","A","","","N","A","S","1","","","","","1","","0",""
"4693","","9","2458","Peças","586","50","","","","S","","","0","0,00","","A","","","N","A","S","1","","","","","1","","0",""
"4694","","10","2458","Peças","586","606","","","","S","","","0","0,00","","A","","","N","A","S","1","","","","","1","","0",""
"4695","","11","2458","Peças","586","326","","","","S","","","0","0,00","","A","","","N","A","S","1","","","","","1","","0",""
"4696","","12","2458","Peças","586","421","","","","S","","","0","0,00","","A","","","N","A","S","1","","","","","1","","0",""
"4697","","1","2458","Serviços","586","1157","","","0","S","","","0","0,00","","A","","","N","A","S","1","","0","0","","1","0","0",""
"4698","","2","2458","Serviços","586","421","","","","S","","","0","0,00","","A","","","N","A","S","1","","","","","1","","0",""
"4699","","3","2458","Serviços","586","593","","","","S","","","0","0,00","","A","","","N","A","S","1","","","","","1","","0",""
"4700","","4","2458","Serviços","586","593","","","","S","","","0","0,00","","A","","","N","A","S","1","","","","","1","","0",""
"4701","","7","2458","Serviços","586","593","","","","S","","","0","0,00","","A","","","N","A","S","1","","","","","1","","0",""
"4702","","9","2458","Serviços","586","593","","","","S","","","0","0,00","","A","","","N","A","S","1","","","","","1","","0",""
"4703","","10","2458","Serviços","586","421","","","","S","","","0","0,00","","A","","","N","A","S","1","","","","","1","","0",""
"4704","","11","2458","Serviços","586","593","","","","S","","","0","0,00","","A","","","N","A","S","1","","","","","1","","0",""
"4705","","1","2458","Máquinas","586","127","","","","S","","","0","0,00","","A","","","N","A","S","1","","","","","1","","0",""
"4707","","2","2458","Máquinas","586","747","","","","S","","","0","0,00","","A","","","N","A","S","1","","","","","1","","0",""
"4708","","2","2458","Implementos","586","747","","","","S","","","0","0,00","","A","","","N","A","S","1","","","","","1","","0",""
"4467","","","2328","Implemento","436","","Redirecionada","","","S","","","0","0,00","","A","","","N","A","S","1","","","","","1","","0",""
"4468","","","2328","Máquinas","940025","","Redirecionada","","","S","","","0","0,00","","A","","","N","A","S","1","","","","","1","","0",""
"4469","","","2328","Serviços","940028","","Redirecionada","","","S","","","0","0,00","","A","","","N","A","S","1","","","","","1","","0",""
"4470","","","2328","Peças","940031","","Redirecionada","","","S","","","0","0,00","","A","","","N","A","S","1","","","","","1","","0",""
"4471","","","2328","Backoffice","456","","Redirecionada","","","S","","","0","0,00","","A","","","N","A","S","1","","","","","1","","0",""
"4472","","","2329","Implementos","436","","Redirecionado","","","S","","","0","0,00","","A","","","N","A","S","1","","","","","1","","0",""
"4473","","","2329","Backoffice","456","","Redirecionado","","","S","","","0","0,00","","A","","","N","A","S","1","","","","","1","","0",""
"4482","","","2338","Implemento","436","","Redirecionado","","","S","","","0","0,00","","A","","","N","A","S","1","","","","","1","","0",""
"4483","","","2327","Implemento","436","","Redirecionado ","","","S","","","0","0,00","","A","","","N","A","S","1","","","","","1","","0",""
"4484","","9","2364","","940025","875","","","","N","","","0","0,00","","A","","","N","A","S","","","","","","1","","0",""
"4485","","7","2364","","940025","782","","","","N","","","0","0,00","","A","","","N","A","S","","","","","","1","","0",""
"4486","","3","2364","","940025","243","","","","N","","","0","0,00","","A","","","N","A","S","","","","","","1","","0",""
"4487","","2","2364","","940025","747","","","","N","","","0","0,00","","A","","","N","A","S","","","","","","1","","0",""
"4488","","1","2364","","940025","127","","","","N","","","0","0,00","","A","","","N","A","S","","","","","","1","","0",""
"4489","","","2364","","940026","686","","","","S","","","0","0,00","","A","","","N","A","S","","","","","","1","","0",""
"4490","","","2365","Com crítica","565","686","","","","S","","","0","0,00","","A","","","N","A","S","","","","","","1","","0",""
"4491","","","2365","Com sugest. melhoria","565","686","","","","S","","","0","0,00","","A","","","N","A","S","","","","","","1","","0",""
"4492","","","2366","Com crítica","565","686","","","","S","","","0","0,00","","A","","","N","A","S","","","","","","1","","0",""
"4493","","","2366","Com sugest. melhoria","565","686","","","","S","","","0","0,00","","A","","","N","A","S","","","","","","1","","0",""
"4494","","","2368","Máquina","940025","","","","","S","","","0","0,00","","A","","","N","A","S","","","","","","1","","0",""
"4495","","","2368","AMS","334","","","","","S","","","0","0,00","","A","","","N","A","S","","","","","","1","","0",""
"4496","","","2368","Peças","940031","","","","","S","","","0","0,00","","A","","","N","A","S","","","","","","1","","0",""
"4497","","","2368","Serviços","940028","","","","","S","","","0","0,00","","A","","","N","A","S","","","","","","1","","0",""
"4498","","","2368","Implemento","436","","","","","S","","","0","0,00","","A","","","N","A","S","","","","","","1","","0",""
"4500","","7","2371","","940025","782","","","","S","","","0","0,00","","A","","","N","A","S","","","","","","1","","0",""
"4502","","3","2371","","940025","591","","","","S","","","0","0,00","","A","","","N","A","S","","","","","","1","","0",""
"4503","","2","2371","","940025","747","","","","S","","","0","0,00","","A","","","N","A","S","","","","","","1","","0",""
"4504","","1","2371","","940025","127","","","","S","","","0","0,00","","A","","","N","A","S","","","","","","1","","0",""
"4505","","","2371","","150","686","","","","S","","","18","0,00","","A","","2","N","A","S","","","","","","1","","0",""
"4545","","4","2390","","266","","","","","S","","","0","0,00","","A","","","N","A","S","1","","","","","1","","0",""
"4546","","3","2390","","266","","","","","S","","","0","0,00","","A","","","N","A","S","1","","","","","1","","0",""
"4547","","2","2390","","266","632","","","","S","","","0","0,00","","A","","","N","A","S","1","","","","","1","","0",""
"4548","","1","2390","","266","632","","","","S","","","0","0,00","","A","","","N","A","S","1","","","","","1","","0",""
"4549","","4","2393","","","593","","","","S","","","0","0,00","","A","","","N","C","S","1","","","","","1","","0",""
"4550","","7","2393","","","593","","","","S","","","0","0,00","","A","","","N","C","S","1","","","","","1","","0",""
"4551","","10","2393","","","421","","","","S","","","0","0,00","","A","","","N","C","S","1","","","","","1","","0",""
"4552","","11","2393","","","421","","","","S","","","0","0,00","","A","","","N","C","S","1","","","","","1","","0",""
"4553","","3","2393","","","593","","","","S","","","0","0,00","","A","","","N","C","S","1","","","","","1","","0",""
"4554","","2","2393","","","421","","","","S","","","0","0,00","","A","","","N","C","S","1","","","","","1","","0",""
"4556","","","37","","","1337","","","0","S","","","0","0,00","","A","","0","S","C","S","1","","0","0","","1","0","0",""
"4557","","","2394","","608","","","","","S","","","0","0,00","","A","","","N","A","S","1","","","","","1","","0",""
"4558","","2","1170","Critica","413","","","","","S","","","0","0,00","","A","","","N","A","S","1","","","","","1","","0",""
"4559","","2","1170","Atenção","413","","","","","S","","","0","0,00","","A","","","N","A","S","1","","","","","1","","0",""
"4560","","2","1170","Anormal","413","","","","","S","","","0","0,00","","A","","","N","A","S","1","","","","","1","","0",""
"4561","","1","1170","Critica","413","819","","","","S","","","0","0,00","","A","","","N","A","S","1","","","","","1","","0",""
"4562","","1","1170","Atenção","413","819","","","","S","","","0","0,00","","A","","","N","A","S","1","","","","","1","","0",""
"4563","","1","1170","Anormal","413","819","","","","S","","","0","0,00","","A","","","N","A","S","1","","","","","1","","0",""
"4564","","4","1170","Critica","413","667","","","","S","","","0","0,00","","A","","","N","A","S","1","","","","","1","","0",""
"4565","","4","1170","Atenção","413","667","","","","S","","","0","0,00","","A","","","N","A","S","1","","","","","1","","0",""
"4566","","4","1170","Anormal","413","667","","","","S","","","0","0,00","","A","","","N","A","S","1","","","","","1","","0",""
"4567","","3","1170","Critica","413","825","","","","S","","","0","0,00","","A","","","N","A","S","1","","","","","1","","0",""
"4568","","3","1170","Atenção","413","825","","","","S","","","0","0,00","","A","","","N","A","S","1","","","","","1","","0",""
"4569","","3","1170","Anormal","413","825","","","","S","","","0","0,00","","A","","","N","A","S","1","","","","","1","","0",""
"4570","","7","1170","Anormal","413","694","","","","S","","","0","0,00","","A","","","N","A","S","1","","","","","1","","0",""
"4571","","7","1170","Atenção","413","694","","","","S","","","0","0,00","","A","","","N","A","S","1","","","","","1","","0",""
"4572","","7","1170","Critica","413","694","","","","S","","","0","0,00","","A","","","N","A","S","1","","","","","1","","0",""
"4573","","10","1170","Anormal","413","774","","","","S","","","0","0,00","","A","","","N","A","S","1","","","","","1","","0",""
"4574","","10","1170","Atenção","413","774","","","","S","","","0","0,00","","A","","","N","A","S","1","","","","","1","","0",""
"4575","","10","1170","Critica","413","774","","","","S","","","0","0,00","","A","","","N","A","S","1","","","","","1","","0",""
"4576","","11","1170","Anormal","413","827","","","","S","","","0","0,00","","A","","","N","A","S","1","","","","","1","","0",""
"4577","","11","1170","Atenção","413","827","","","","S","","","0","0,00","","A","","","N","A","S","1","","","","","1","","0",""
"4578","","11","1170","Critica","413","827","","","","S","","","0","0,00","","A","","","N","A","S","1","","","","","1","","0",""
"4631","","11","2389","","266","632","","","","S","","","0","0,00","","A","","","N","A","S","1","","","","","1","","0",""
"4632","","10","2389","","266","632","","","","S","","","0","0,00","","A","","","N","A","S","1","","","","","1","","0",""
"4633","","7","2389","","266","","","","","S","","","0","0,00","","A","","","N","A","S","1","","","","","1","","0",""
"4634","","2","2389","","266","632","","","","S","","","0","0,00","","A","","","N","A","S","1","","","","","1","","0",""
"4635","","4","2389","","266","","","","","S","","","0","0,00","","A","","","N","A","S","1","","","","","1","","0",""
"4636","","3","2389","","266","","","","","S","","","0","0,00","","A","","","N","A","S","1","","","","","1","","0",""
"4637","","1","2389","","266","632","","","","S","","","0","0,00","","A","","","N","A","S","1","","","","","1","","0",""
"4638","","","2428","","309","354","","","","S","","","0","0,00","","A","","","N","A","S","1","","","","","1","","0",""
"4639","","","2074","IMPLEMENTOS","435","","","","","S","","","0","0,00","","A","","","N","A","S","1","","","","","0","","0",""
"4640","","","2074","EVENTOS","315","","","","","S","","","0","0,00","","A","","","N","A","S","1","","","","","1","","0",""
"4641","","","2074","SERVIÇOS","940027","","","","","S","","","0","0,00","","A","","","N","A","S","1","","","","","1","","0",""
"4642","","","2074","MAQUINAS","63","","","","","S","","","0","0,00","","A","","","N","A","S","1","","","","","1","","0",""
"4643","","","2074","PEÇAS","940030","","","","","S","","","0","0,00","","A","","","N","A","S","1","","","","","1","","0",""
"4644","","7","2421","","491","1272","","","0","S","","","5","0,00","","A","","","N","A","S","1","","0","1","","1","0","0",""
"4645","","3","2421","","491","1272","","","0","S","","","5","0,00","","A","","","N","A","S","1","","0","1","","1","0","0",""
"4646","","2","2421","","491","1272","","","0","S","","","5","0,00","","A","","","N","A","S","1","","0","1","","1","0","0",""
"4647","","1","2421","","491","819","","","","S","","","5","0,00","","A","","","N","A","S","1","","","","","1","","0",""
"4648","","","2421","Com Insatisfação","408","686","","","","S","","","0","0,00","","A","","","N","A","S","1","","","","","1","","0",""
"4649","","","2421","","478","1272","","","0","S","","","60","0,00","","A","","","N","A","S","1","","0","1","","1","0","0",""
"4650","","","2421","","63","686","","","","S","","","5","0,00","","A","","","N","A","S","1","","","","","0","","0",""
"4651","","","2430","Araraquara","578","1108","","","0","S","","","0","0,00","","A","","","N","A","S","1","","0","0","","1","0","0",""
"4652","","2","2432","Retorno demonstração","579","1126","","","0","S","","","0","0,00","","A","","","N","A","S","1","","0","0","","1","0","0",""
"4653","","","2442","","","656","","","0","S","","","0","0,00","","A","","","N","C","S","1","","0","0","","1","0","0",""
"4654","","","2442","","580","656","","","0","S","","","0","0,00","","A","","","N","A","S","1","","0","0","","1","0","0",""
"4655","","","2443","","","656","","","0","S","","","0","0,00","","A","","","N","C","S","1","","0","0","","1","0","0",""
"4657","","","2433","Tracbel Entrega","581","1402","Agendar entrega","","0","S","","","0","0,00","","A","","","N","A","S","1","","0","0","","1","0","0",""
"4658","","","2434","Com AMS","582","885","","","0","S","","","0","0,00","","A","","","N","A","S","1","","0","0","","1","0","0",""
"4659","","","2435","","583","-12","","","0","S","","","0","0,00","","A","","","N","A","S","1","","0","0","","1","0","0",""
"4660","","","2452","","","656","","","0","S","","","0","0,00","","A","","","N","C","S","1","","0","0","","1","0","0",""
"4668","","9","2190","","521","594","","","","S","","","0","0,00","","A","","","N","A","S","1","","","","","1","","0",""
"4669","","9","2287","","521","167","","","","S","","","0","0,00","","A","","","N","A","S","1","","","","","1","","0",""
"4670","","","2454","","940027","686","","","","S","","","0","0,00","","A","","","S","A","S","1","","","","","1","","0",""
"4672","","2","1899","","462","747","","","","N","","","0","0,00","","A","","","N","A","S","1","","","","","1","","0",""
"4673","","1","1899","","462","127","","","","N","","","0","0,00","","A","","","N","A","S","1","","","","","1","","0",""
"4674","","7","1899","","462","782","","","","N","","","0","0,00","","A","","","N","A","S","1","","","","","1","","0",""
"4760","","","2430","","577","656","Solicitado Preparação","","0","S","","","0","0,00","","A","","","N","A","S","1","","0","0","","1","0","0",""
"4761","","","2433","","577","656","Agendado Transporte","","0","S","","","0","0,00","","A","","","N","A","S","1","","0","0","","1","0","0",""
"4762","","","2432","Saída demonstração","577","656","Solicitado Emissão NF","","0","S","","","0","0,00","","A","","","N","A","S","1","","0","0","","1","0","0",""
"4763","","","2434","","577","656","Solicitado Relatório de Performance","","0","S","","","0","0,00","","A","","","N","A","S","1","","0","0","","1","0","0",""
"4764","","","2435","","577","656","Solicitado Relatório de Percepção","","0","N","","","0","0,00","","A","","","N","A","S","1","","0","0","","1","0","0",""
"4766","","","2447","","581","1402","Entrega Realizada","","0","S","","","0","0,00","","A","","","N","A","S","1","","0","0","","1","0","0",""
"4767","","","2452","","577","656","Relatório Percepção Entregue","","0","S","","","0","0,00","","A","","","N","A","S","1","","0","0","","1","0","0",""
"4769","","","2467","","577","879","","","0","S","","","0","0,00","","A","","","N","A","S","1","","0","0","","1","0","0",""
"4770","","1","2465","","588","127","","","","S","","","0","0,00","","A","","","N","A","S","1","","0","","","1","","0",""
"4771","","2","2465","","588","747","","","","S","","","0","0,00","","A","","","N","A","S","1","","0","","","1","","0",""
"4772","","3","2465","","588","591","","","","S","","","0","0,00","","A","","","N","A","S","1","","0","","","1","","0",""
"4773","","7","2465","","588","782","","","","S","","","0","0,00","","A","","","N","A","S","1","","0","","","1","","0",""
"4775","","","2429","","577","656","Realizado Agendamento","","0","S","","","0","0,00","","A","","","N","A","S","1","","0","0","","1","0","0",""
"4778","","12","940133","","940031","421","","","","S","","","0","0,00","","A","","","N","A","S","1","","","","","0","","0",""
"4779","","5","940133","","940031","326","","","","S","","","0","0,00","","A","","","N","A","S","1","","","","","0","","0",""
"4780","","9","940133","","940031","50","","","","S","","","0","0,00","","A","","","N","A","S","1","","","","","0","","0",""
"4781","","9","940415","","940028","593","","","","S","","","0","0,00","","A","","","N","A","S","1","","","","","1","","0",""
"4782","","","2444","","579","1406","","","0","S","","","0","0,00","","A","","","N","A","S","1","","0","0","","1","0","0",""
"4783","","1","1317","","364","127","","","","S","","","0","0,00","","A","","","N","A","S","1","","","","","1","","0",""
"4784","","2","1317","","364","747","","","","S","","","0","0,00","","A","","","N","A","S","1","","","","","1","","0",""
"4785","","3","1317","","364","243","","","","S","","","0","0,00","","A","","","N","A","S","1","","","","","1","","0",""
"4786","","7","1317","","364","782","","","","S","","","0","0,00","","A","","","N","A","S","1","","","","","1","","0",""
"4811","","","290","","149","796","","","","S","","","20","0,00","","A","","","N","A","S","1","","","","","1","","0",""
"4814","","","2341","","149","796","","","","S","","","20","0,00","","A","","","N","A","S","1","","","","","1","","0",""
"4815","","","2369","","150","796","","","","S","","","20","0,00","","A","","","N","A","S","1","","","","","1","","0",""
"4816","","","2370","","150","796","","","","S","","","20","0,00","","A","","","N","A","S","1","","","","","1","","0",""
"4817","","","2370","","149","796","","","","S","","","0","0,00","","A","","","N","A","S","1","","","","","1","","0",""
"4818","","2","1183","","275","167","","","","S","","","0","0,00","","A","","","N","A","S","","","","","","1","","0",""
"4819","","9","1183","","275","167","","","","S","","","0","0,00","","A","","","N","A","S","","","","","","1","","0",""
"4820","","3","1183","","275","167","","","","S","","","0","0,00","","A","","","N","A","S","","","","","","1","","0",""
"4821","","11","1183","","275","167","","","","S","","","0","0,00","","A","","","N","A","S","","","","","","1","","0",""
"4822","","1","1183","","275","167","","","","S","","","0","0,00","","A","","","N","A","S","","","","","","1","","0",""
"4823","","2","1397","","275","167","","","","S","","","0","0,00","","A","","","N","A","S","","","","","","1","","0",""
"4824","","3","1397","","275","167","","","","S","","","0","0,00","","A","","","N","A","S","","","","","","1","","0",""
"4825","","9","1397","","275","167","","","","S","","","0","0,00","","A","","","N","A","S","","","","","","1","","0",""
"4826","","11","1397","","275","167","","","","S","","","0","0,00","","A","","","N","A","S","","","","","","1","","0",""
"4827","","1","1397","","275","167","","","","S","","","0","0,00","","A","","","N","A","S","","","","","","1","","0",""
"4828","","","2481","","609","-5","Justificar Venda Perdida","","0","S","","","0","0,00","","A","","","N","A","S","1","","0","0","","0","0","0",""
"4829","","7","1183","","275","167","","","","S","","","0","0,00","","A","","","N","A","S","","","","","","1","","0",""
"4830","","","2132","","589","794","","","","S","","","0","0,00","","A","","","N","A","S","1","","","","","1","","0",""
"4832","","","2433","Tracbel Retira","581","1402","Agendar retirada","","0","S","","","0","0,00","","A","","","N","A","S","1","","0","0","","1","0","0",""
"4833","","","2143","","135","-5","","","","S","","","0","0,00","","A","","","N","A","S","1","","","","","1","","0",""
"4834","","","2176","","135","-5","","","","S","","","0","0,00","","A","","","N","A","S","1","","","","","1","","0",""
"4848","","1","2504","","594","1121","","","","S","","","0","0,00","","A","","","S","A","S","1","","","","","1","","0",""
"4849","","","2503","","608","-5","","","","S","","","0","0,00","","A","","","N","A","N","1","","","","","1","","0",""
"4850","","1","2505","","595","1121","","","","N","","","0","0,00","","A","","","S","A","S","1","","","","","1","","0",""
"4851","","1","2506","","596","1121","","","","N","","","0","0,00","","A","","","S","A","S","1","","","","","1","","0",""
"4852","","","2508","","609","-5","","","0","S","","","0","0,00","","A","","","N","A","N","1","","0","0","","0","0","0",""
"4853","","","2509","","608","-5","","","","S","","","90","0,00","","A","","","N","A","N","1","","","","","1","","0",""
"4854","","","2507","","597","863","","","0","S","","","0","0,00","","A","","","S","A","S","1","","0","0","","1","0","0",""
"4855","","","2512","","593","869","","","0","S","","","0","0,00","","A","","","N","A","S","1","","0","1","","1","0","0",""
"4856","","","2514","","608","-7","","","","S","","","90","0,00","","A","","","S","A","N","1","","","","","1","","0",""
"4858","","","2511","","599","869","","","0","S","","","0","0,00","","A","","","N","A","S","1","","0","1","","1","0","0",""
"4859","","","2517","","593","869","","","0","S","","","0","0,00","","A","","","N","A","S","1","","0","1","","1","0","0",""
"4860","","","2518","","608","-12","","","","S","","","90","0,00","","A","","","N","A","N","1","","","","","1","","0",""
"4861","","","2515","","600","869","","","0","S","","","0","0,00","","A","","","N","A","S","1","","0","1","","1","0","0",""
"4862","","","2521","","593","869","","","0","S","","","0","0,00","","A","","","N","A","S","1","","0","1","","1","0","0",""
"4863","","","2522","","608","-5","","","","S","","","0","0,00","","A","","","N","A","S","1","","","","","1","","0",""
"4864","","","2519","","601","869","","","0","S","","","0","0,00","","A","","","N","A","S","1","","0","1","","1","0","0",""
"4865","","","2523","","593","869","","","0","S","","","0","0,00","","A","","","N","A","S","1","","0","1","","1","0","0",""
"4866","","","2528","","608","-5","","","","S","","","0","0,00","","A","","","S","A","N","1","","","","","1","","0",""
"4868","","","2529","Financiamento","602","869","","","0","S","","","0","0,00","","A","","","N","A","S","1","","0","1","","1","0","0",""
"4869","","","2532","","593","869","","","0","S","","","0","0,00","","A","","","N","A","S","1","","0","1","","1","0","0",""
"4870","","","2533","","608","-12","","","","S","","","90","0,00","","A","","","N","A","N","1","","","","","1","","0",""
"4872","","","2530","","604","863","","","0","N","","","0","0,00","","A","","","S","A","S","1","","0","0","","0","0","0",""
"4873","","","2543","","606","","","","","S","","","0","0,00","","A","","","N","A","S","1","","","","","1","","0",""
"4874","","","2545","","607","","","","","S","","","0","0,00","","A","","","N","A","S","1","","","","","1","","0",""
"4916","","","2529","Consórcio","613","869","","","0","S","","","0","0,00","","A","","","N","A","S","1","","0","1","","1","0","0",""
"4917","","","2527","","608","-12","","","","S","","","90","0,00","","A","","","N","A","N","1","","","","","1","","0",""
"4918","","2","2594","","611","1126","","","0","N","","","0","0,00","","A","","","N","A","S","1","","0","0","","1","0","0",""
"4919","","","2597","","608","-15","","","0","S","","","90","0,00","","A","","","N","A","N","1","","0","0","","1","0","0",""
"4920","","2","2598","","611","1126","","","","S","","","0","0,00","","A","","","N","A","S","1","","","","","1","","0",""
"4921","","2","2599","","611","1126","","","","S","","","0","0,00","","A","","","N","A","S","1","","","","","1","","0",""
"4922","","2","2600","","611","1126","","","","S","","","0","0,00","","A","","","N","A","S","1","","","","","1","","0",""
"4923","","2","2601","","611","1126","","","","S","","","0","0,00","","A","","","N","A","S","1","","","","","1","","0",""
"4924","","","2603","","593","869","","","0","S","","","0","0,00","","A","","","N","A","S","1","","0","1","","1","0","0",""
"4925","","","2604","","608","-12","","","","S","","","90","0,00","","A","","","N","A","N","1","","","","","1","","0",""
"4926","","","2605","","841","0","","","0","S","","","0","0,00","","A","","","N","A","S","1","","0","0","","1","0","0",""
"4927","","","2606","","608","","","","","N","","","0","0,00","","A","","","N","A","N","1","","","","","1","","0",""
"4928","","","2607","","608","","","","","S","","","0","0,00","","A","","","N","A","N","1","","","","","1","","0",""
"4929","","","2608","","608","","","","","S","","","0","0,00","","A","","","N","A","N","1","","","","","1","","0",""
"4930","","","2612","","768","0","","","0","S","","","0","0,00","","A","","","N","A","S","1","","0","0","","1","0","0",""
"4933","","","2504","","616","735","","","0","S","","","0","0,00","","A","","","N","A","S","100","","0","1","","1","0","0",""
"4935","","","2138","","608","","","","","N","","","0","240,00","","A","","","S","A","N","1","","","","","1","","0",""
"4936","","","2616","","615","796","Lista John Deere","","","S","","","0","0,00","","A","","","S","A","S","1","","","","","1","","0",""
"4937","","","2619","","409","796","Lista John Deere","","","S","","","0","0,00","","A","","","N","A","S","1","","","","","1","","0",""
"4938","","","2374","","149","796","WhatsApp","","","S","","","0","0,00","","A","","","N","A","S","1","","","","","1","","0",""
"4939","","","2379","","150","796","WhatsApp","","","S","","","0","0,00","","A","","","N","A","S","1","","","","","1","","0",""
"4940","","2","2504","","594","1126","","","","S","","","0","0,00","","A","","","S","A","S","1","","","","","1","","0",""
"4941","","7","2504","","594","1122","","","0","S","","","0","0,00","","A","","","S","A","S","100","","0","0","","1","0","0",""
"4942","","3","2504","","594","1124","","","","S","","","0","0,00","","A","","","S","A","S","","","","","","1","","0",""
"4946","","2","2505","","595","1126","","","","N","","","0","0,00","","A","","","S","A","S","1","","","","","1","","0",""
"4947","","7","2505","","595","1122","","","0","N","","","0","0,00","","A","","","S","A","S","100","","0","0","","1","0","0",""
"4948","","3","2505","","595","1124","","","","N","","","0","0,00","","A","","","S","A","S","","","","","","1","","0",""
"4949","","2","2506","","596","1126","","","0","N","","","0","0,00","","A","","","S","A","S","1","","0","0","","1","0","0",""
"4950","","7","2506","","596","1122","","","0","N","","","0","0,00","","A","","","N","A","S","1","","0","0","","1","0","0",""
"4951","","3","2506","","596","1124","","","0","N","","","0","0,00","","A","","","S","A","S","1","","0","0","","1","0","0",""
"4952","","2","2582","","600","1126","Com Pendência","","","S","","","0","0,00","","A","","","N","A","S","","","","","","1","","0",""
"4953","","7","2582","","600","1122","Com Pendência","","","S","","","0","0,00","","A","","","N","A","S","","","","","","1","","0",""
"4954","","3","2582","","600","1124","Com Pendência","","","S","","","0","0,00","","A","","","N","A","S","","","","","","1","","0",""
"8336","","17","3408","","772","1259","Alterada Forma de Pagamento","","0","S","","","0","0,00","","A","","2","S","A","S","100","","0","0","0","1","0","0",""
"8337","","16","3408","","772","1258","Alterada Forma de Pagamento","","0","S","","","0","0,00","","A","","2","S","A","S","100","","0","0","0","1","0","0",""
"8338","","","3409","","767","-15","Venda Perdida","","0","S","","","0","0,00","","A","","2","S","A","N","100","","0","0","0","0","0","0",""
"8339","","2","3410","","772","1126","Desistiu da Compra","","0","S","","","0","0,00","","A","","2","S","A","N","100","","0","0","0","0","0","0",""
"8340","","3","3410","","772","1124","Desistiu da Compra","","0","S","","","0","0,00","","A","","2","S","A","N","100","","0","0","0","0","0","0",""
"8341","","9","3410","","772","1123","Desistiu da Compra","","0","S","","","0","0,00","","A","","2","S","A","N","100","","0","0","0","0","0","0",""
"8342","","14","3410","","772","1256","Desistiu da Compra","","0","S","","","0","0,00","","A","","2","S","A","N","100","","0","0","0","0","0","0",""
"8343","","11","3410","","772","1125","Desistiu da Compra","","0","S","","","0","0,00","","A","","2","S","A","N","100","","0","0","0","0","0","0",""
"8344","","4","3410","","772","1158","Desisiu da Compra","","0","S","","","0","0,00","","A","","2","S","A","N","100","","0","0","0","0","0","0",""
"8345","","12","3410","","772","1127","Desisiu da Compra","","0","S","","","0","0,00","","A","","2","S","A","N","100","","0","0","0","0","0","0",""
"8346","","5","3410","","772","1159","Desisiu da Compra","","0","S","","","0","0,00","","A","","2","S","A","N","100","","0","0","0","0","0","0",""
"8347","","15","3410","","772","1257","Desisiu da Compra","","0","S","","","0","0,00","","A","","2","S","A","N","100","","0","0","0","0","0","0",""
"8348","","10","3410","","772","1160","Desisiu da Compra","","0","S","","","0","0,00","","A","","2","S","A","N","100","","0","0","0","0","0","0",""
"8349","","18","3410","","772","1260","Desisiu da Compra","","0","S","","","0","0,00","","A","","2","S","A","N","100","","0","0","0","0","0","0",""
"8350","","7","3410","","772","1122","Desisiu da Compra","","0","S","","","0","0,00","","A","","2","S","A","N","100","","0","0","0","0","0","0",""
"8351","","1","3410","","772","1121","Desisiu da Compra","","0","S","","","0","0,00","","A","","2","S","A","N","100","","0","0","0","0","0","0",""
"8352","","13","3410","","772","1255","Desisiu da Compra","","0","S","","","0","0,00","","A","","2","S","A","N","100","","0","0","0","0","0","0",""
"8353","","17","3410","","772","1259","Desisiu da Compra","","0","S","","","0","0,00","","A","","2","S","A","N","100","","0","0","0","0","0","0",""
"8354","","16","3410","","772","1258","Desisiu da Compra","","0","S","","","0","0,00","","A","","2","S","A","N","100","","0","0","0","0","0","0",""
"8355","","","3417","Sem Pendência","801","0","Sem Pendência","","0","S","","","0","0,00","","A","","2","N","A","S","100","","0","0","0","1","0","0",""
"8356","","2","3417","Com Pendência","863","1126","Com Pendência","","0","S","","","0","0,00","","A","","2","N","A","S","100","","0","0","0","1","0","0",""
"8357","","3","3417","Com Pendência","863","1124","Com Pendência","","0","S","","","0","0,00","","A","","2","N","A","S","100","","0","0","0","1","0","0",""
"8358","","9","3417","Com Pendência","863","1123","Com Pendência","","0","S","","","0","0,00","","A","","2","N","A","S","100","","0","0","0","1","0","0",""
"8359","","14","3417","Com Pendência","863","1256","Com Pendência","","0","S","","","0","0,00","","A","","2","N","A","S","100","","0","0","0","1","0","0",""
"8360","","11","3417","Com Pendência","863","1125","Com Pendência","","0","S","","","0","0,00","","A","","2","N","A","S","100","","0","0","0","1","0","0",""
"8361","","4","3417","Com Pendência","863","1158","Com Pendência","","0","S","","","0","0,00","","A","","2","N","A","S","100","","0","0","0","1","0","0",""
"8362","","12","3417","Com Pendência","863","1127","Com Pendência","","0","S","","","0","0,00","","A","","2","N","A","S","100","","0","0","0","1","0","0",""
"8363","","5","3417","Com Pendência","863","1159","Com Pendência","","0","S","","","0","0,00","","A","","2","N","A","S","100","","0","0","0","1","0","0",""
"8364","","15","3417","Com Pendência","863","1257","Com Pendência","","0","S","","","0","0,00","","A","","2","N","A","S","100","","0","0","0","1","0","0",""
"8365","","10","3417","Com Pendência","863","1160","Com Pendência","","0","S","","","0","0,00","","A","","2","N","A","S","100","","0","0","0","1","0","0",""
"8366","","18","3417","Com Pendência","863","1260","Com Pendência","","0","S","","","0","0,00","","A","","2","N","A","S","100","","0","0","0","1","0","0",""
"8396","","11","3416","","772","1125","Alterada Forma de Pagamento","","0","S","","","0","0,00","","A","","2","S","A","S","100","","0","0","0","1","0","",""
"8397","","4","3416","","772","1158","Alterada Forma de Pagamento","","0","S","","","0","0,00","","A","","2","S","A","S","100","","0","0","0","1","0","",""
"8398","","12","3416","","772","1127","Alterada Forma de Pagamento","","0","S","","","0","0,00","","A","","2","S","A","S","100","","0","0","0","1","0","",""
"8399","","5","3416","","772","1159","Alterada Forma de Pagamento","","0","S","","","0","0,00","","A","","2","S","A","S","100","","0","0","0","1","0","",""
"8400","","15","3416","","772","1257","Alterada Forma de Pagamento","","0","S","","","0","0,00","","A","","2","S","A","S","100","","0","0","0","1","0","",""
"8401","","10","3416","","772","1160","Alterada Forma de Pagamento","","0","S","","","0","0,00","","A","","2","S","A","S","100","","0","0","0","1","0","",""
"8402","","18","3416","","772","1260","Alterada Forma de Pagamento","","0","S","","","0","0,00","","A","","2","S","A","S","100","","0","0","0","1","0","",""
"8403","","7","3416","","772","1122","Alterada Forma de Pagamento","","0","S","","","0","0,00","","A","","2","S","A","S","100","","0","0","0","1","0","",""
"8404","","1","3416","","772","1121","Alterada Forma de Pagamento","","0","S","","","0","0,00","","A","","2","S","A","S","100","","0","0","0","1","0","",""
"8405","","13","3416","","772","1255","Alterada Forma de Pagamento","","0","S","","","0","0,00","","A","","2","S","A","S","100","","0","0","0","1","0","",""
"8406","","17","3416","","772","1259","Alterada Forma de Pagamento","","0","S","","","0","0,00","","A","","2","S","A","S","100","","0","0","0","1","0","",""
"8407","","16","3416","","772","1258","Alterada Forma de Pagamento","","0","S","","","0","0,00","","A","","2","S","A","S","100","","0","0","0","1","0","",""
"8409","","","3479","","821","0","Chassi Disponível","","0","S","","","0","0,00","","A","","2","N","A","S","100","","0","0","0","1","0","0",""
"8410","","","3479","","809","869","Chassi Disponível","","0","S","","","0","0,00","","A","","2","S","A","S","100","","0","0","0","0","0","0",""
"8411","","2","3479","","774","1126","Chassi Disponível","","0","S","","","0","0,00","","A","","2","S","A","S","100","","0","0","0","1","0","0",""
"8412","","3","3479","","774","1124","Chassi Disponível","","0","S","","","0","0,00","","A","","2","S","A","S","100","","0","0","0","1","0","0",""
"8413","","9","3479","","774","1123","Chassi Disponível","","0","S","","","0","0,00","","A","","2","S","A","S","100","","0","0","0","1","0","0",""
"8414","","14","3479","","774","1256","Chassi Disponível","","0","S","","","0","0,00","","A","","2","S","A","S","100","","0","0","0","1","0","0",""
"8415","","11","3479","","774","1125","Chassi Disponível","","0","S","","","0","0,00","","A","","2","S","A","S","100","","0","0","0","1","0","0",""
"8416","","4","3479","","774","1158","Chassi Disponível","","0","S","","","0","0,00","","A","","2","S","A","S","100","","0","0","0","1","0","0",""
"8417","","12","3479","","774","1127","Chassi Disponível","","0","S","","","0","0,00","","A","","2","S","A","S","100","","0","0","0","1","0","0",""
"8418","","5","3479","","774","1159","Chassi Disponível","","0","S","","","0","0,00","","A","","2","S","A","S","100","","0","0","0","1","0","0",""
"8419","","15","3479","","774","1257","Chassi Disponível","","0","S","","","0","0,00","","A","","2","S","A","S","100","","0","0","0","1","0","0",""
"8420","","10","3479","","774","1160","Chassi Disponível","","0","S","","","0","0,00","","A","","2","S","A","S","100","","0","0","0","1","0","0",""
"8421","","18","3479","","774","1260","Chassi Disponível","","0","S","","","0","0,00","","A","","2","S","A","S","100","","0","0","0","1","0","0",""
"8422","","7","3479","","774","1122","Chassi Disponível","","0","S","","","0","0,00","","A","","2","S","A","S","100","","0","0","0","1","0","0",""
"8423","","1","3479","","774","1121","Chassi Disponível","","0","S","","","0","0,00","","A","","2","S","A","S","100","","0","0","0","1","0","0",""
"8424","","13","3479","","774","1255","Chassi Disponível","","0","S","","","0","0,00","","A","","2","S","A","S","100","","0","0","0","1","0","0",""
"8425","","17","3479","","774","1259","Chassi Disponível","","0","S","","","0","0,00","","A","","2","S","A","S","100","","0","0","0","1","0","0",""
"8426","","16","3479","","774","1258","Chassi Disponível","","0","S","","","0","0,00","","A","","2","S","A","S","100","","0","0","0","1","0","0",""
"8427","","17","3490","","","1259","","","0","N","","","0","0,00","","A","","2","S","C","S","100","","0","0","0","1","0","0",""
"8428","","3","3490","","","1124","","","0","N","","","0","0,00","","A","","2","S","C","S","100","","0","0","0","1","0","",""
"8429","","9","3490","","","1123","","","0","N","","","0","0,00","","A","","2","S","C","S","100","","0","0","0","1","0","",""
"8430","","14","3490","","","1256","","","0","N","","","0","0,00","","A","","2","S","C","S","100","","0","0","0","1","0","",""
"8432","","4","3490","","","1158","","","0","N","","","0","0,00","","A","","2","S","C","S","100","","0","0","0","1","0","",""
"8433","","12","3490","","","1127","","","0","N","","","0","0,00","","A","","2","S","C","S","100","","0","0","0","1","0","",""
"8434","","5","3490","","","1159","","","0","N","","","0","0,00","","A","","2","S","C","S","100","","0","0","0","1","0","",""
"8435","","16","3490","","","1258","","","0","N","","","0","0,00","","A","","2","S","C","S","100","","0","0","0","1","0","",""
"8436","","2","3490","","","1126","","","0","N","","","0","0,00","","A","","2","S","C","S","100","","0","0","0","1","0","",""
"8437","","11","3490","","","1125","","","0","N","","","0","0,00","","A","","2","S","C","S","100","","0","0","0","1","0","",""
"8438","","15","3490","","","1257","","","0","N","","","0","0,00","","A","","2","S","C","S","100","","0","0","0","1","0","",""
"8439","","10","3490","","","1160","","","0","N","","","0","0,00","","A","","2","S","C","S","100","","0","0","0","1","0","",""
"8440","","18","3490","","","1260","","","0","N","","","0","0,00","","A","","2","S","C","S","100","","0","0","0","1","0","",""
"8441","","7","3490","","","1122","","","0","N","","","0","0,00","","A","","2","S","C","S","100","","0","0","0","1","0","",""
"8442","","1","3490","","","1121","","","0","N","","","0","0,00","","A","","2","S","C","S","100","","0","0","0","1","0","",""
"8443","","13","3490","","","1255","","","0","N","","","0","0,00","","A","","2","S","C","S","100","","0","0","0","1","0","",""
"8444","","","3427","","806","1380","","","0","S","","","0","0,00","","A","","2","N","A","S","100","","0","0","0","1","0","0",""
"8445","","2","3429","","805","1126","Análise Com Pendência","","0","S","","","0","0,00","","A","","2","S","A","S","100","","0","0","0","1","0","",""
"8446","","3","3429","","805","1124","v","","0","S","","","0","0,00","","A","","2","S","A","S","100","","0","0","0","1","0","",""
"8447","","9","3429","","805","1123","Análise Com Pendência","","0","S","","","0","0,00","","A","","2","S","A","S","100","","0","0","0","1","0","",""
"8448","","14","3429","","805","1256","Análise Com Pendência","","0","S","","","0","0,00","","A","","2","S","A","S","100","","0","0","0","1","0","",""
"8449","","11","3429","","805","1125","Análise Com Pendência","","0","S","","","0","0,00","","A","","2","S","A","S","100","","0","0","0","1","0","",""
"8450","","4","3429","","805","1158","Análise Com Pendência","","0","S","","","0","0,00","","A","","2","S","A","S","100","","0","0","0","1","0","",""
"8451","","12","3429","","805","1127","Análise Com Pendência","","0","S","","","0","0,00","","A","","2","S","A","S","100","","0","0","0","1","0","",""
"8452","","5","3429","","805","1159","Análise Com Pendência","","0","S","","","0","0,00","","A","","2","S","A","S","100","","0","0","0","1","0","",""
"8453","","15","3429","","805","1257","Análise Com Pendência","","0","S","","","0","0,00","","A","","2","S","A","S","100","","0","0","0","1","0","",""
"8454","","10","3429","","805","1160","Análise Com Pendência","","0","S","","","0","0,00","","A","","2","S","A","S","100","","0","0","0","1","0","",""
"8455","","18","3429","","805","1260","Análise Com Pendência","","0","S","","","0","0,00","","A","","2","S","A","S","100","","0","0","0","1","0","",""
"8301","","17","3401","","800","1259","","","0","S","","","0","0,00","","A","","2","N","A","S","100","","0","0","0","1","0","0",""
"8302","","16","3401","","800","1258","","","0","S","","","0","0,00","","A","","2","N","A","S","100","","0","0","0","1","0","0",""
"8303","","2","3402","","811","1126","","","0","S","","","0","0,00","","A","","2","S","A","S","100","","0","0","0","1","0","0",""
"8304","","3","3402","","811","1124","","","0","S","","","0","0,00","","A","","2","S","A","S","100","","0","0","0","1","0","0",""
"8305","","9","3402","","811","1123","","","0","S","","","0","0,00","","A","","2","S","A","S","100","","0","0","0","1","0","0",""
"8306","","14","3402","","811","1256","","","0","S","","","0","0,00","","A","","2","S","A","S","100","","0","0","0","1","0","0",""
"8307","","11","3402","","811","1125","","","0","S","","","0","0,00","","A","","2","S","A","S","100","","0","0","0","1","0","0",""
"8308","","4","3402","","811","1158","","","0","S","","","0","0,00","","A","","2","S","A","S","100","","0","0","0","1","0","0",""
"8309","","12","3402","","811","1127","","","0","S","","","0","0,00","","A","","2","S","A","S","100","","0","0","0","1","0","0",""
"8310","","5","3402","","811","1159","","","0","S","","","0","0,00","","A","","2","S","A","S","100","","0","0","0","1","0","0",""
"8311","","15","3402","","811","1257","","","0","S","","","0","0,00","","A","","2","S","A","S","100","","0","0","0","1","0","0",""
"8312","","10","3402","","811","1160","","","0","S","","","0","0,00","","A","","2","S","A","S","100","","0","0","0","1","0","0",""
"8313","","18","3402","","811","1260","","","0","S","","","0","0,00","","A","","2","S","A","S","100","","0","0","0","1","0","0",""
"8314","","7","3402","","811","1122","","","0","S","","","0","0,00","","A","","2","S","A","S","100","","0","0","0","1","0","0",""
"8315","","1","3402","","811","1121","","","0","S","","","0","0,00","","A","","2","S","A","S","100","","0","0","0","1","0","0",""
"8316","","13","3402","","811","1255","","","0","S","","","0","0,00","","A","","2","S","A","S","100","","0","0","0","1","0","0",""
"8317","","17","3402","","811","1259","","","0","S","","","0","0,00","","A","","2","S","A","S","100","","0","0","0","1","0","0",""
"8318","","16","3402","","811","1258","","","0","S","","","0","0,00","","A","","2","S","A","S","100","","0","0","0","1","0","0",""
"8319","","","3403","","767","-15","","","0","S","","","0","0,00","","A","","2","S","A","S","100","","0","0","0","0","0","0",""
"8320","","","3404","","767","-15","","","0","S","","","0","0,00","","A","","2","S","A","S","100","","0","0","0","0","0","0",""
"8321","","","3406","","801","869","Documentação completa","","0","S","","","0","0,00","","A","","2","N","A","S","100","","0","0","0","0","0","0",""
"8322","","2","3408","","772","1126","Alterada Forma de Pagamento","","0","S","","","0","0,00","","A","","2","S","A","S","100","","0","0","0","1","0","0",""
"8323","","3","3408","","772","1124","Alterada Forma de Pagamento","","0","S","","","0","0,00","","A","","2","S","A","S","100","","0","0","0","1","0","0",""
"8324","","9","3408","","772","1123","Alterada Forma de Pagamento","","0","S","","","0","0,00","","A","","2","S","A","S","100","","0","0","0","1","0","0",""
"8325","","14","3408","","772","1256","Alterada Forma de Pagamento","","0","S","","","0","0,00","","A","","2","S","A","S","100","","0","0","0","1","0","0",""
"8326","","11","3408","","772","1125","Alterada Forma de Pagamento","","0","S","","","0","0,00","","A","","2","S","A","S","100","","0","0","0","1","0","0",""
"8327","","4","3408","","772","1158","Alterada Forma de Pagamento","","0","S","","","0","0,00","","A","","2","S","A","S","100","","0","0","0","1","0","0",""
"8328","","12","3408","","772","1127","Alterada Forma de Pagamento","","0","S","","","0","0,00","","A","","2","S","A","S","100","","0","0","0","1","0","0",""
"8329","","5","3408","","772","1159","Alterada Forma de Pagamento","","0","S","","","0","0,00","","A","","2","S","A","S","100","","0","0","0","1","0","0",""
"8330","","15","3408","","772","1257","Alterada Forma de Pagamento","","0","S","","","0","0,00","","A","","2","S","A","S","100","","0","0","0","1","0","0",""
"8331","","10","3408","","772","1160","Alterada Forma de Pagamento","","0","S","","","0","0,00","","A","","2","S","A","S","100","","0","0","0","1","0","0",""
"8332","","18","3408","","772","1260","Alterada Forma de Pagamento","","0","S","","","0","0,00","","A","","2","S","A","S","100","","0","0","0","1","0","0",""
"8333","","7","3408","","772","1122","Alterada Forma de Pagamento","","0","S","","","0","0,00","","A","","2","S","A","S","100","","0","0","0","1","0","0",""
"8334","","1","3408","","772","1121","Alterada Forma de Pagamento","","0","S","","","0","0,00","","A","","2","S","A","S","100","","0","0","0","1","0","0",""
"8335","","13","3408","","772","1255","Alterada Forma de Pagamento","","0","S","","","0","0,00","","A","","2","S","A","S","100","","0","0","0","1","0","0",""
"8367","","7","3417","Com Pendência","863","1122","Com Pendência","","0","S","","","0","0,00","","A","","2","N","A","S","100","","0","0","0","1","0","0",""
"8368","","1","3417","Com Pendência","863","1121","Com Pendência","","0","S","","","0","0,00","","A","","2","N","A","S","100","","0","0","0","1","0","0",""
"8369","","13","3417","Com Pendência","863","1255","Com Pendência","","0","S","","","0","0,00","","A","","2","N","A","S","100","","0","0","0","1","0","0",""
"8370","","17","3417","Com Pendência","863","1259","Com Pendência","","0","S","","","0","0,00","","A","","2","N","A","S","100","","0","0","0","1","0","0",""
"8371","","16","3417","Com Pendência","863","1258","Com Pendência","","0","S","","","0","0,00","","A","","2","N","A","S","100","","0","0","0","1","0","0",""
"8372","","","3412","","818","1379","Crédito Aprovado","","0","S","","","0","0,00","","A","","2","N","A","S","100","","0","1","0","1","0","",""
"8373","","2","3412","","","1126","Crédito Aprovado","","0","S","","","0","0,00","","A","","2","S","C","S","100","","0","0","0","1","0","0",""
"8374","","3","3412","","","1124","Crédito Aprovado.","","0","S","","","0","0,00","","A","","2","S","C","S","100","","0","0","0","1","0","0",""
"8375","","9","3412","","","1123","Crédito Aprovado.","","0","S","","","0","0,00","","A","","2","S","C","S","100","","0","0","0","1","0","0",""
"8376","","14","3412","","","1256","Crédito Aprovado.","","0","S","","","0","0,00","","A","","2","S","C","S","100","","0","0","0","1","0","0",""
"8377","","11","3412","","","1125","Crédito Aprovado.","","0","S","","","0","0,00","","A","","2","S","C","S","100","","0","0","0","1","0","0",""
"8378","","4","3412","","","1158","Crédito Aprovado.","","0","S","","","0","0,00","","A","","2","S","C","S","100","","0","0","0","1","0","0",""
"8379","","12","3412","","","1127","Crédito Aprovado.","","0","S","","","0","0,00","","A","","2","S","C","S","100","","0","0","0","1","0","0",""
"8380","","5","3412","","","1159","Crédito Aprovado.","","0","S","","","0","0,00","","A","","2","S","C","S","100","","0","0","0","1","0","0",""
"8381","","15","3412","","","1257","Crédito Aprovado.","","0","S","","","0","0,00","","A","","2","S","C","S","100","","0","0","0","1","0","0",""
"8382","","10","3412","","","1160","Crédito Aprovado.","","0","S","","","0","0,00","","A","","2","S","C","S","100","","0","0","0","1","0","0",""
"8383","","18","3412","","","1260","Crédito Aprovado.","","0","S","","","0","0,00","","A","","2","S","C","S","100","","0","0","0","1","0","0",""
"8384","","7","3412","","","1122","Crédito Aprovado","","0","S","","","0","0,00","","A","","2","S","C","S","100","","0","0","0","1","0","0",""
"8385","","1","3412","","","1121","Crédito Aprovado","","0","S","","","0","0,00","","A","","2","S","C","S","100","","0","0","0","1","0","0",""
"8386","","13","3412","","","1255","Crédito Aprovado","","0","S","","","0","0,00","","A","","2","S","C","S","100","","0","0","0","1","0","0",""
"8387","","17","3412","","","1259","Crédito Aprovado","","0","S","","","0","0,00","","A","","2","S","C","S","100","","0","0","0","1","0","0",""
"8388","","16","3412","","","1258","Crédito Aprovado","","0","S","","","0","0,00","","A","","2","S","C","S","100","","0","0","0","1","0","0",""
"8389","","","3413","Renegociável","768","-5","Crédito Não Aprovado","","0","S","","","0","0,00","","A","","2","S","A","N","100","","1","0","0","0","0","0",""
"8390","","","3414","","767","-15","","","0","S","","","0","0,00","","A","","2","S","A","S","100","","0","0","0","0","0","0",""
"8391","","","3415","","767","-15","","","0","S","","","0","0,00","","A","","2","S","A","S","100","","0","0","0","0","0","0",""
"8392","","2","3416","","772","1126","Alterada Forma de Pagamento","","0","S","","","0","0,00","","A","","2","S","A","S","100","","0","0","0","1","0","",""
"8393","","3","3416","","772","1124","Alterada Forma de Pagamento","","0","S","","","0","0,00","","A","","2","S","A","S","100","","0","0","0","1","0","",""
"8394","","9","3416","","772","1123","Alterada Forma de Pagamento","","0","S","","","0","0,00","","A","","2","S","A","S","100","","0","0","0","1","0","",""
"8395","","14","3416","","772","1256","Alterada Forma de Pagamento","","0","S","","","0","0,00","","A","","2","S","A","S","100","","0","0","0","1","0","",""
"8456","","7","3429","","805","1122","Análise Com Pendência","","0","S","","","0","0,00","","A","","2","S","A","S","100","","0","0","0","1","0","",""
"8457","","1","3429","","805","1121","Análise Com Pendência","","0","S","","","0","0,00","","A","","2","S","A","S","100","","0","0","0","1","0","",""
"8458","","13","3429","","805","1255","Análise Com Pendência","","0","S","","","0","0,00","","A","","2","S","A","S","100","","0","0","0","1","0","",""
"8459","","17","3429","","805","1259","Análise Com Pendência","","0","S","","","0","0,00","","A","","2","S","A","S","100","","0","0","0","1","0","",""
"8460","","16","3429","","805","1258","Análise Com Pendência","","0","S","","","0","0,00","","A","","2","S","A","S","100","","0","0","0","1","0","",""
"8461","","2","3430","Sem Contrato","","1126","","","0","N","","","0","0,00","","A","","2","S","C","S","100","","0","0","0","1","0","0",""
"8462","","3","3430","Sem Contrato","","1124","","","0","N","","","0","0,00","","A","","2","S","C","S","100","","0","0","0","1","0","0",""
"8463","","9","3430","Sem Contrato","","1123","","","0","N","","","0","0,00","","A","","2","S","C","S","100","","0","0","0","1","0","0",""
"8464","","14","3430","Sem Contrato","","1256","","","0","N","","","0","0,00","","A","","2","S","C","S","100","","0","0","0","1","0","0",""
"8465","","11","3430","Sem Contrato","","1125","","","0","N","","","0","0,00","","A","","2","S","C","S","100","","0","0","0","1","0","0",""
"8466","","4","3430","Sem Contrato","","1158","","","0","N","","","0","0,00","","A","","2","S","C","S","100","","0","0","0","1","0","0",""
"8467","","12","3430","Sem Contrato","","1127","","","0","N","","","0","0,00","","A","","2","S","C","S","100","","0","0","0","1","0","0",""
"8468","","5","3430","Sem Contrato","","1159","","","0","N","","","0","0,00","","A","","2","S","C","S","100","","0","0","0","1","0","0",""
"8469","","15","3430","Sem Contrato","","1257","","","0","N","","","0","0,00","","A","","2","S","C","S","100","","0","0","0","1","0","0",""
"8470","","10","3430","Sem Contrato","","1160","","","0","N","","","0","0,00","","A","","2","S","C","S","100","","0","0","0","1","0","0",""
"8471","","18","3430","Sem Contrato","","1260","","","0","N","","","0","0,00","","A","","2","S","C","S","100","","0","0","0","1","0","0",""
"8472","","7","3430","Sem Contrato","","1122","","","0","N","","","0","0,00","","A","","2","S","C","S","100","","0","0","0","1","0","0",""
"8473","","1","3430","Sem Contrato","","1121","","","0","N","","","0","0,00","","A","","2","S","C","S","100","","0","0","0","1","0","0",""
"8474","","13","3430","Sem Contrato","","1255","","","0","N","","","0","0,00","","A","","2","S","C","S","100","","0","0","0","1","0","0",""
"8475","","17","3430","Sem Contrato","","1259","","","0","N","","","0","0,00","","A","","2","S","C","S","100","","0","0","0","1","0","0",""
"8476","","16","3430","Sem Contrato","","1258","","","0","N","","","0","0,00","","A","","2","S","C","S","100","","0","0","0","1","0","0",""
"8477","","2","3431","","805","1126","Recurso Próprio Não Aprovado","","0","S","","","0","0,00","","A","","2","S","A","S","100","","0","0","0","1","0","",""
"8478","","3","3431","","805","1124","Recurso Próprio Não Aprovado","","0","S","","","0","0,00","","A","","2","S","A","S","100","","0","0","0","1","0","",""
"8479","","9","3431","","805","1123","Recurso Próprio Não Aprovado","","0","S","","","0","0,00","","A","","2","S","A","S","100","","0","0","0","1","0","",""
"8480","","14","3431","","805","1256","Recurso Próprio Não Aprovado","","0","S","","","0","0,00","","A","","2","S","A","S","100","","0","0","0","1","0","",""
"8481","","11","3431","","805","1125","Recurso Próprio Não Aprovado","","0","S","","","0","0,00","","A","","2","S","A","S","100","","0","0","0","1","0","",""
"8482","","4","3431","","805","1158","Recurso Próprio Não Aprovado","","0","S","","","0","0,00","","A","","2","S","A","S","100","","0","0","0","1","0","",""
"8483","","12","3431","","805","1127","Recurso Próprio Não Aprovado","","0","S","","","0","0,00","","A","","2","S","A","S","100","","0","0","0","1","0","",""
"8484","","5","3431","","805","1159","Recurso Próprio Não Aprovado","","0","S","","","0","0,00","","A","","2","S","A","S","100","","0","0","0","1","0","",""
"8485","","15","3431","","805","1257","Recurso Próprio Não Aprovado","","0","S","","","0","0,00","","A","","2","S","A","S","100","","0","0","0","1","0","",""
"8515","","9","3459","","772","1123","Alterada Forma de Pagamento","","0","S","","","0","0,00","","A","","2","S","A","S","100","","0","0","0","1","0","",""
"8516","","14","3459","","772","1256","Alterada Forma de Pagamento","","0","S","","","0","0,00","","A","","2","S","A","S","100","","0","0","0","1","0","",""
"8517","","11","3459","","772","1125","Alterada Forma de Pagamento","","0","S","","","0","0,00","","A","","2","S","A","S","100","","0","0","0","1","0","",""
"8518","","4","3459","","772","1158","Alterada Forma de Pagamento","","0","S","","","0","0,00","","A","","2","S","A","S","100","","0","0","0","1","0","",""
"8519","","12","3459","","772","1127","Alterada Forma de Pagamento","","0","S","","","0","0,00","","A","","2","S","A","S","100","","0","0","0","1","0","",""
"8520","","5","3459","","772","1159","Alterada Forma de Pagamento","","0","S","","","0","0,00","","A","","2","S","A","S","100","","0","0","0","1","0","",""
"8521","","15","3459","","772","1257","Alterada Forma de Pagamento","","0","S","","","0","0,00","","A","","2","S","A","S","100","","0","0","0","1","0","",""
"8522","","10","3459","","772","1160","Alterada Forma de Pagamento","","0","S","","","0","0,00","","A","","2","S","A","S","100","","0","0","0","1","0","",""
"8523","","18","3459","","772","1260","Alterada Forma de Pagamento","","0","S","","","0","0,00","","A","","2","S","A","S","100","","0","0","0","1","0","",""
"8524","","7","3459","","772","1122","Alterada Forma de Pagamento","","0","S","","","0","0,00","","A","","2","S","A","S","100","","0","0","0","1","0","",""
"8525","","1","3459","","772","1121","Alterada Forma de Pagamento","","0","S","","","0","0,00","","A","","2","S","A","S","100","","0","0","0","1","0","",""
"8526","","13","3459","","772","1255","Alterada Forma de Pagamento","","0","S","","","0","0,00","","A","","2","S","A","S","100","","0","0","0","1","0","",""
"8527","","17","3459","","772","1259","Alterada Forma de Pagamento","","0","S","","","0","0,00","","A","","2","S","A","S","100","","0","0","0","1","0","",""
"8528","","16","3459","","772","1258","Alterada Forma de Pagamento","","0","S","","","0","0,00","","A","","2","S","A","S","100","","0","0","0","1","0","",""
"8529","","","3461","","819","1379","Faturamento à vista","","0","S","","","0","0,00","","A","","2","N","A","S","100","","0","1","0","1","0","",""
"8530","","2","3462","","811","1126","Recebimento Não Confirmado","","0","S","","","0","0,00","","A","","2","S","A","S","100","","0","0","0","1","0","",""
"8531","","3","3462","","811","1124","Recebimento Não Confirmado","","0","S","","","0","0,00","","A","","2","S","A","S","100","","0","0","0","1","0","",""
"8532","","9","3462","","811","1123","Recebimento Não Confirmado","","0","S","","","0","0,00","","A","","2","S","A","S","100","","0","0","0","1","0","",""
"8533","","14","3462","","811","1256","Recebimento Não Confirmado","","0","S","","","0","0,00","","A","","2","S","A","S","100","","0","0","0","1","0","",""
"8534","","11","3462","","811","1125","Recebimento Não Confirmado","","0","S","","","0","0,00","","A","","2","S","A","S","100","","0","0","0","1","0","",""
"8535","","4","3462","","811","1158","Recebimento Não Confirmado","","0","S","","","0","0,00","","A","","2","S","A","S","100","","0","0","0","1","0","",""
"8536","","12","3462","","811","1127","Recebimento Não Confirmado","","0","S","","","0","0,00","","A","","2","S","A","S","100","","0","0","0","1","0","",""
"8537","","5","3462","","811","1159","Recebimento Não Confirmado","","0","S","","","0","0,00","","A","","2","S","A","S","100","","0","0","0","1","0","",""
"8538","","15","3462","","811","1257","Recebimento Não Confirmado","","0","S","","","0","0,00","","A","","2","S","A","S","100","","0","0","0","1","0","",""
"8539","","10","3462","","811","1160","Recebimento Não Confirmado","","0","S","","","0","0,00","","A","","2","S","A","S","100","","0","0","0","1","0","",""
"8540","","18","3462","","811","1260","Recebimento Não Confirmado","","0","S","","","0","0,00","","A","","2","S","A","S","100","","0","0","0","1","0","",""
"8541","","7","3462","","811","1122","Recebimento Não Confirmado","","0","S","","","0","0,00","","A","","2","S","A","S","100","","0","0","0","1","0","",""
"8542","","1","3462","","811","1121","Recebimento Não Confirmado","","0","S","","","0","0,00","","A","","2","S","A","S","100","","0","0","0","1","0","",""
"8543","","13","3462","","811","1255","Recebimento Não Confirmado","","0","S","","","0","0,00","","A","","2","S","A","S","100","","0","0","0","1","0","",""
"8544","","17","3462","","811","1259","Recebimento Não Confirmado","","0","S","","","0","0,00","","A","","2","S","A","S","100","","0","0","0","1","0","",""
"8545","","16","3462","","811","1258","Recebimento Não Confirmado","","0","S","","","0","0,00","","A","","2","S","A","S","100","","0","0","0","1","0","",""
"8546","","","3475","","819","1379","Crédito Aprovado","","0","S","","","0","0,00","","A","","2","S","A","S","100","","0","0","0","1","0","",""
"8547","","2","3476","","811","1126","Créd; Aprovado Com Alterações","","0","S","","","0","0,00","","A","","2","S","A","S","100","","0","0","0","1","0","",""
"8548","","3","3476","","811","1124","Créd; Aprovado Com Alterações","","0","S","","","0","0,00","","A","","2","S","A","S","100","","0","0","0","1","0","",""
"8549","","9","3476","","811","1123","Créd; Aprovado Com Alterações","","0","S","","","0","0,00","","A","","2","S","A","S","100","","0","0","0","1","0","",""
"8550","","14","3476","","811","1256","Créd; Aprovado Com Alterações","","0","S","","","0","0,00","","A","","2","S","A","S","100","","0","0","0","1","0","",""
"8551","","11","3476","","811","1125","Créd; Aprovado Com Alterações","","0","S","","","0","0,00","","A","","2","S","A","S","100","","0","0","0","1","0","",""
"8552","","4","3476","","811","1158","Créd; Aprovado Com Alterações","","0","S","","","0","0,00","","A","","2","S","A","S","100","","0","0","0","1","0","",""
"8553","","12","3476","","811","1127","Créd; Aprovado Com Alterações","","0","S","","","0","0,00","","A","","2","S","A","S","100","","0","0","0","1","0","",""
"8554","","5","3476","","811","1159","Créd; Aprovado Com Alterações","","0","S","","","0","0,00","","A","","2","S","A","S","100","","0","0","0","1","0","",""
"8555","","15","3476","","811","1257","Créd; Aprovado Com Alterações","","0","S","","","0","0,00","","A","","2","S","A","S","100","","0","0","0","1","0","",""
"8556","","10","3476","","811","1160","Créd; Aprovado Com Alterações","","0","S","","","0","0,00","","A","","2","S","A","S","100","","0","0","0","1","0","",""
"8557","","18","3476","","811","1260","Créd; Aprovado Com Alterações","","0","S","","","0","0,00","","A","","2","S","A","S","100","","0","0","0","1","0","",""
"8558","","7","3476","","811","1122","Créd; Aprovado Com Alterações","","0","S","","","0","0,00","","A","","2","S","A","S","100","","0","0","0","1","0","",""
"8559","","1","3476","","811","1121","Créd; Aprovado Com Alterações","","0","S","","","0","0,00","","A","","2","S","A","S","100","","0","0","0","1","0","",""
"8560","","13","3476","","811","1255","Créd; Aprovado Com Alterações","","0","S","","","0","0,00","","A","","2","S","A","S","100","","0","0","0","1","0","",""
"8561","","17","3476","","811","1259","Créd; Aprovado Com Alterações","","0","S","","","0","0,00","","A","","2","S","A","S","100","","0","0","0","1","0","",""
"8562","","16","3476","","811","1258","Créd; Aprovado Com Alterações","","0","S","","","0","0,00","","A","","2","S","A","S","100","","0","0","0","1","0","",""
"8563","","2","3477","","811","1126","Crédito Negado","","0","S","","","0","0,00","","A","","2","S","A","S","100","","0","0","0","1","0","",""
"8564","","3","3477","","811","1124","Crédito Negado","","0","S","","","0","0,00","","A","","2","S","A","S","100","","0","0","0","1","0","",""
"8565","","9","3477","","811","1123","Crédito Negado","","0","S","","","0","0,00","","A","","2","S","A","S","100","","0","0","0","1","0","",""
"8566","","14","3477","","811","1256","Crédito Negado","","0","S","","","0","0,00","","A","","2","S","A","S","100","","0","0","0","1","0","",""
"8567","","11","3477","","811","1125","Crédito Negado","","0","S","","","0","0,00","","A","","2","S","A","S","100","","0","0","0","1","0","",""
"8568","","4","3477","","811","1158","Crédito Negado","","0","S","","","0","0,00","","A","","2","S","A","S","100","","0","0","0","1","0","",""
"8569","","12","3477","","811","1127","Crédito Negado","","0","S","","","0","0,00","","A","","2","S","A","S","100","","0","0","0","1","0","",""
"8570","","5","3477","","811","1159","Crédito Negado","","0","S","","","0","0,00","","A","","2","S","A","S","100","","0","0","0","1","0","",""
"8571","","15","3477","","811","1257","Crédito Negado","","0","S","","","0","0,00","","A","","2","S","A","S","100","","0","0","0","1","0","",""
"8572","","10","3477","","811","1160","Crédito Negado","","0","S","","","0","0,00","","A","","2","S","A","S","100","","0","0","0","1","0","",""
"8573","","18","3477","","811","1260","Crédito Negado","","0","S","","","0","0,00","","A","","2","S","A","S","100","","0","0","0","1","0","",""
"8574","","7","3477","","811","1122","Crédito Negado","","0","S","","","0","0,00","","A","","2","S","A","S","100","","0","0","0","1","0","",""
"8575","","1","3477","","811","1121","Crédito Negado","","0","S","","","0","0,00","","A","","2","S","A","S","100","","0","0","0","1","0","",""
"8576","","13","3477","","811","1255","Crédito Negado","","0","S","","","0","0,00","","A","","2","S","A","S","100","","0","0","0","1","0","",""
"8577","","17","3477","","811","1259","Crédito Negado","","0","S","","","0","0,00","","A","","2","S","A","S","100","","0","0","0","1","0","",""
"8578","","16","3477","","811","1258","Crédito Negado","","0","S","","","0","0,00","","A","","2","S","A","S","100","","0","0","0","1","0","",""
"8579","","2","3482","","807","1126","","","0","S","","","0","0,00","","A","","2","S","A","S","100","","0","0","0","1","0","0",""
"8580","","3","3482","","807","1124","","","0","S","","","0","0,00","","A","","2","S","A","S","100","","0","0","0","1","0","0",""
"8581","","9","3482","","807","1123","","","0","S","","","0","0,00","","A","","2","S","A","S","100","","0","0","0","1","0","0",""
"8582","","14","3482","","807","1256","","","0","S","","","0","0,00","","A","","2","S","A","S","100","","0","0","0","1","0","0",""
"8583","","11","3482","","807","1125","","","0","S","","","0","0,00","","A","","2","S","A","S","100","","0","0","0","1","0","0",""
"8584","","4","3482","","807","1158","","","0","S","","","0","0,00","","A","","2","S","A","S","100","","0","0","0","1","0","0",""
"8585","","12","3482","","807","1127","","","0","S","","","0","0,00","","A","","2","S","A","S","100","","0","0","0","1","0","0",""
"8586","","5","3482","","807","1159","","","0","S","","","0","0,00","","A","","2","S","A","S","100","","0","0","0","1","0","0",""
"8587","","15","3482","","807","1257","","","0","S","","","0","0,00","","A","","2","S","A","S","100","","0","0","0","1","0","0",""
"8588","","10","3482","","807","1160","","","0","S","","","0","0,00","","A","","2","S","A","S","100","","0","0","0","1","0","0",""
"8589","","18","3482","","807","1260","","","0","S","","","0","0,00","","A","","2","S","A","S","100","","0","0","0","1","0","0",""
"8590","","7","3482","","807","1122","","","0","S","","","0","0,00","","A","","2","S","A","S","100","","0","0","0","1","0","0",""
"8591","","1","3482","","807","1121","","","0","S","","","0","0,00","","A","","2","S","A","S","100","","0","0","0","1","0","0",""
"8592","","13","3482","","807","1255","","","0","S","","","0","0,00","","A","","2","S","A","S","100","","0","0","0","1","0","0",""
"8593","","17","3482","","807","1259","","","0","S","","","0","0,00","","A","","2","S","A","S","100","","0","0","0","1","0","0",""
"8594","","16","3482","","807","1258","","","0","S","","","0","0,00","","A","","2","S","A","S","100","","0","0","0","1","0","0",""
"8595","","2","3482","","774","1126","","","0","S","","","0","0,00","","A","","2","S","A","S","100","","0","0","0","1","0","0",""
"8596","","3","3482","","774","1124","","","0","S","","","0","0,00","","A","","2","S","A","S","100","","0","0","0","1","0","0",""
"8597","","9","3482","","774","1123","","","0","S","","","0","0,00","","A","","2","S","A","S","100","","0","0","0","1","0","0",""
"8598","","14","3482","","774","1256","","","0","S","","","0","0,00","","A","","2","S","A","S","100","","0","0","0","1","0","0",""
"8599","","11","3482","","774","1125","","","0","S","","","0","0,00","","A","","2","S","A","S","100","","0","0","0","1","0","0",""
"8600","","4","3482","","774","1158","","","0","S","","","0","0,00","","A","","2","S","A","S","100","","0","0","0","1","0","0",""
"8601","","12","3482","","774","1127","","","0","S","","","0","0,00","","A","","2","S","A","S","100","","0","0","0","1","0","0",""
"8602","","5","3482","","774","1159","","","0","S","","","0","0,00","","A","","2","S","A","S","100","","0","0","0","1","0","0",""
"8603","","15","3482","","774","1257","","","0","S","","","0","0,00","","A","","2","S","A","S","100","","0","0","0","1","0","0",""
"8604","","10","3482","","774","1160","","","0","S","","","0","0,00","","A","","2","S","A","S","100","","0","0","0","1","0","0",""
"8605","","18","3482","","774","1260","","","0","S","","","0","0,00","","A","","2","S","A","S","100","","0","0","0","1","0","0",""
"8606","","7","3482","","774","1122","","","0","S","","","0","0,00","","A","","2","S","A","S","100","","0","0","0","1","0","0",""
"8607","","1","3482","","774","1121","","","0","S","","","0","0,00","","A","","2","S","A","S","100","","0","0","0","1","0","0",""
"8608","","13","3482","","774","1255","","","0","S","","","0","0,00","","A","","2","S","A","S","100","","0","0","0","1","0","0",""
"8609","","17","3482","","774","1259","","","0","S","","","0","0,00","","A","","2","S","A","S","100","","0","0","0","1","0","0",""
"8610","","16","3482","","774","1258","","","0","S","","","0","0,00","","A","","2","S","A","S","100","","0","0","0","1","0","0",""
"8611","","","3482","À Prazo","820","1380","","","0","S","","","0","0,00","","A","","2","S","A","S","100","","0","0","0","0","0","0",""
"8612","","","3483","","820","1380","Sem Chassi","","0","S","","","0","0,00","","A","","2","S","A","S","100","","0","0","0","0","0","0",""
"8613","","","3483","","822","1379","","","0","S","","","0","0,00","","A","","2","S","A","S","100","","0","0","0","0","0","0",""
"8614","","2","3485","","807","1126","Contrato Emitido","","0","S","","","0","0,00","","A","","2","S","A","S","100","","0","0","0","1","0","",""
"8615","","3","3485","","807","1124","Contrato Emitido","","0","S","","","0","0,00","","A","","2","S","A","S","100","","0","0","0","1","0","",""
"8616","","9","3485","","807","1123","Contrato Emitido","","0","S","","","0","0,00","","A","","2","S","A","S","100","","0","0","0","1","0","",""
"8617","","14","3485","","807","1256","Contrato Emitido","","0","S","","","0","0,00","","A","","2","S","A","S","100","","0","0","0","1","0","",""
"8618","","11","3485","","807","1125","Contrato Emitido","","0","S","","","0","0,00","","A","","2","S","A","S","100","","0","0","0","1","0","",""
"8619","","4","3485","","807","1158","Contrato Emitido","","0","S","","","0","0,00","","A","","2","S","A","S","100","","0","0","0","1","0","",""
"8620","","12","3485","","807","1127","Contrato Emitido","","0","S","","","0","0,00","","A","","2","S","A","S","100","","0","0","0","1","0","",""
"8621","","5","3485","","807","1159","Contrato Emitido","","0","S","","","0","0,00","","A","","2","S","A","S","100","","0","0","0","1","0","",""
"8622","","15","3485","","807","1257","Contrato Emitido","","0","S","","","0","0,00","","A","","2","S","A","S","100","","0","0","0","1","0","",""
"8623","","10","3485","","807","1160","Contrato Emitido","","0","S","","","0","0,00","","A","","2","S","A","S","100","","0","0","0","1","0","",""
"8624","","18","3485","","807","1260","Contrato Emitido","","0","S","","","0","0,00","","A","","2","S","A","S","100","","0","0","0","1","0","",""
"8625","","7","3485","","807","1122","Contrato Emitido","","0","S","","","0","0,00","","A","","2","S","A","S","100","","0","0","0","1","0","",""
"8626","","1","3485","","807","1121","Contrato Emitido","","0","S","","","0","0,00","","A","","2","S","A","S","100","","0","0","0","1","0","",""
"8627","","13","3485","","807","1255","Contrato Emitido","","0","S","","","0","0,00","","A","","2","S","A","S","100","","0","0","0","1","0","",""
"8628","","17","3485","","807","1259","Contrato Emitido","","0","S","","","0","0,00","","A","","2","S","A","S","100","","0","0","0","1","0","",""
"8629","","16","3485","","807","1258","Contrato Emitido","","0","S","","","0","0,00","","A","","2","S","A","S","100","","0","0","0","1","0","",""
"8630","","2","3486","","807","1126","Contrato Não Necessário","","0","S","","","0","0,00","","A","","2","S","A","S","100","","0","0","0","1","0","0",""
"8631","","3","3486","","807","1124","Contrato Não Necessário","","0","S","","","0","0,00","","A","","2","S","A","S","100","","0","0","0","1","0","",""
"8632","","9","3486","","807","1123","Contrato Não Necessário","","0","S","","","0","0,00","","A","","2","S","A","S","100","","0","0","0","1","0","",""
"8633","","14","3486","","807","1256","Contrato Não Necessário","","0","S","","","0","0,00","","A","","2","S","A","S","100","","0","0","0","1","0","",""
"8634","","11","3486","","807","1125","Contrato Não Necessário","","0","S","","","0","0,00","","A","","2","S","A","S","100","","0","0","0","1","0","",""
"8635","","4","3486","","807","1158","Contrato Não Necessário","","0","S","","","0","0,00","","A","","2","S","A","S","100","","0","0","0","1","0","",""
"8636","","12","3486","","807","1127","Contrato Não Necessário","","0","S","","","0","0,00","","A","","2","S","A","S","100","","0","0","0","1","0","",""
"8637","","5","3486","","807","1159","Contrato Não Necessário","","0","S","","","0","0,00","","A","","2","S","A","S","100","","0","0","0","1","0","",""
"8638","","15","3486","","807","1257","Contrato Não Necessário","","0","S","","","0","0,00","","A","","2","S","A","S","100","","0","0","0","1","0","",""
"8639","","10","3486","","807","1160","Contrato Não Necessário","","0","S","","","0","0,00","","A","","2","S","A","S","100","","0","0","0","1","0","",""
"8640","","18","3486","","807","1260","Contrato Não Necessário","","0","S","","","0","0,00","","A","","2","S","A","S","100","","0","0","0","1","0","",""
"8641","","7","3486","","807","1122","Contrato Não Necessário","","0","S","","","0","0,00","","A","","2","S","A","S","100","","0","0","0","1","0","",""
"8642","","1","3486","","807","1121","Contrato Não Necessário","","0","S","","","0","0,00","","A","","2","S","A","S","100","","0","0","0","1","0","",""
"8643","","17","3486","","807","1259","Contrato Não Necessário","","0","S","","","0","0,00","","A","","2","S","A","S","100","","0","0","0","1","0","",""
"8644","","16","3486","","807","1258","Contrato Não Necessário","","0","S","","","0","0,00","","A","","2","S","A","S","100","","0","0","0","1","0","",""
"8645","","13","3486","","807","1255","Contrato Não Necessário","","0","S","","","0","0,00","","A","","2","S","A","S","100","","0","0","0","1","0","",""
"8646","","2","3464","","774","1108","","","0","S","","","0","0,00","","A","","2","S","A","S","100","","0","0","0","1","0","",""
"8647","","3","3464","","774","1109","","","0","S","","","0","0,00","","A","","2","S","A","S","100","","0","0","0","1","0","",""
"8648","","9","3464","","774","1114","","","0","S","","","0","0,00","","A","","2","S","A","S","100","","0","0","0","1","0","",""
"8649","","14","3464","","774","1116","","","0","S","","","0","0,00","","A","","2","S","A","S","100","","0","0","0","1","0","",""
"8650","","11","3464","","774","1113","","","0","S","","","0","0,00","","A","","2","S","A","S","100","","0","0","0","1","0","",""
"8651","","4","3464","","774","1110","","","0","S","","","0","0,00","","A","","2","S","A","S","100","","0","0","0","1","0","",""
"8652","","12","3464","","774","1144","","","0","S","","","0","0,00","","A","","2","S","A","S","100","","0","0","0","1","0","",""
"8653","","5","3464","","774","1143","","","0","S","","","0","0,00","","A","","2","S","A","S","100","","0","0","0","1","0","",""
"8654","","15","3464","","774","1117","","","0","S","","","0","0,00","","A","","2","S","A","S","100","","0","0","0","1","0","",""
"8655","","10","3464","","774","1112","","","0","S","","","0","0,00","","A","","2","S","A","S","100","","0","0","0","1","0","",""
"8656","","18","3464","","774","1120","","","0","S","","","0","0,00","","A","","2","S","A","S","100","","0","0","0","1","0","",""
"8657","","7","3464","","774","1111","","","0","S","","","0","0,00","","A","","2","S","A","S","100","","0","0","0","1","0","",""
"8658","","1","3464","","774","1107","","","0","S","","","0","0,00","","A","","2","N","A","S","100","","0","1","0","1","0","0",""
"8659","","13","3464","","774","1115","","","0","S","","","0","0,00","","A","","2","S","A","S","100","","0","0","0","1","0","",""
"8660","","17","3464","","774","1119","","","0","S","","","0","0,00","","A","","2","S","A","S","100","","0","0","0","1","0","",""
"8661","","16","3464","","774","1118","","","0","S","","","0","0,00","","A","","2","S","A","S","100","","0","0","0","1","0","",""
"8662","","2","3491","","","1126","","","0","N","","","0","0,00","","A","","2","S","C","S","100","","0","0","0","1","0","",""
"8663","","3","3491","","","1124","","","0","N","","","0","0,00","","A","","2","S","C","S","100","","0","0","0","1","0","",""
"8664","","9","3491","","","1123","","","0","N","","","0","0,00","","A","","2","S","C","S","100","","0","0","0","1","0","",""
"8665","","14","3491","","","1256","","","0","N","","","0","0,00","","A","","2","S","C","S","100","","0","0","0","1","0","",""
"8666","","11","3491","","","1125","","","0","N","","","0","0,00","","A","","2","S","C","S","100","","0","0","0","1","0","",""
"8667","","4","3491","","","1158","","","0","N","","","0","0,00","","A","","2","S","C","S","100","","0","0","0","1","0","",""
"8668","","12","3491","","","1127","","","0","N","","","0","0,00","","A","","2","S","C","S","100","","0","0","0","1","0","",""
"8669","","5","3491","","","1159","","","0","N","","","0","0,00","","A","","2","S","C","S","100","","0","0","0","1","0","",""
"8670","","15","3491","","","1257","","","0","N","","","0","0,00","","A","","2","S","C","S","100","","0","0","0","1","0","",""
"8671","","10","3491","","","1160","","","0","N","","","0","0,00","","A","","2","S","C","S","100","","0","0","0","1","0","",""
"8672","","18","3491","","","1260","","","0","N","","","0","0,00","","A","","2","S","C","S","100","","0","0","0","1","0","",""
"8673","","7","3491","","","1122","","","0","N","","","0","0,00","","A","","2","S","C","S","100","","0","0","0","1","0","",""
"8674","","1","3491","","","1121","","","0","N","","","0","0,00","","A","","2","S","C","S","100","","0","0","0","1","0","",""
"8675","","13","3491","","","1255","","","0","N","","","0","0,00","","A","","2","S","C","S","100","","0","0","0","1","0","",""
"8676","","17","3491","","","1259","","","0","N","","","0","0,00","","A","","2","S","C","S","100","","0","0","0","1","0","",""
"8677","","16","3491","","","1258","","","0","N","","","0","0,00","","A","","2","S","C","S","100","","0","0","0","1","0","",""
"8678","","2","3493","","","1126","","","0","N","","","0","0,00","","A","","2","S","C","S","100","","0","0","0","1","0","",""
"8679","","3","3493","","","1124","","","0","N","","","0","0,00","","A","","2","S","C","S","100","","0","0","0","1","0","",""
"8680","","9","3493","","","1123","","","0","N","","","0","0,00","","A","","2","S","C","S","100","","0","0","0","1","0","",""
"8681","","14","3493","","","1256","","","0","N","","","0","0,00","","A","","2","S","C","S","100","","0","0","0","1","0","",""
"8682","","11","3493","","","1125","","","0","N","","","0","0,00","","A","","2","S","C","S","100","","0","0","0","1","0","",""
"8683","","4","3493","","","1158","","","0","N","","","0","0,00","","A","","2","S","C","S","100","","0","0","0","1","0","",""
"8684","","12","3493","","","1127","","","0","N","","","0","0,00","","A","","2","S","C","S","100","","0","0","0","1","0","",""
"8685","","5","3493","","","1159","","","0","N","","","0","0,00","","A","","2","S","C","S","100","","0","0","0","1","0","",""
"8686","","15","3493","","","1257","","","0","N","","","0","0,00","","A","","2","S","C","S","100","","0","0","0","1","0","",""
"8687","","10","3493","","","1160","","","0","N","","","0","0,00","","A","","2","S","C","S","100","","0","0","0","1","0","",""
"8688","","18","3493","","","1260","","","0","N","","","0","0,00","","A","","2","S","C","S","100","","0","0","0","1","0","",""
"8689","","7","3493","","","1122","","","0","N","","","0","0,00","","A","","2","S","C","S","100","","0","0","0","1","0","",""
"8690","","1","3493","","","1121","","","0","N","","","0","0,00","","A","","2","S","C","S","100","","0","0","0","1","0","",""
"8691","","13","3493","","","1255","","","0","N","","","0","0,00","","A","","2","S","C","S","100","","0","0","0","1","0","",""
"8692","","17","3493","","","1259","","","0","N","","","0","0,00","","A","","2","S","C","S","100","","0","0","0","1","0","",""
"8693","","16","3493","","","1258","","","0","N","","","0","0,00","","A","","2","S","C","S","100","","0","0","0","1","0","",""
"8694","","","3433","","808","910","","","0","S","","","0","0,00","","A","","2","S","A","S","100","","0","0","0","1","0","",""
"8695","","2","3435","","772","1126","Alterado Forma de Pagamento","","0","S","","","0","0,00","","A","","2","S","A","S","100","","0","0","0","1","0","",""
"2386","","7","1511","","421","694","","","","S","","","0","0,00","","A","","","N","A","S","1","","","","","1","","0",""
"2387","","4","1511","","421","667","","","","S","","","0","0,00","","A","","","N","A","S","1","","","","","1","","0",""
"2388","","11","1511","","421","827","","","","S","","","0","0,00","","A","","","N","A","S","1","","","","","1","","0",""
"2390","","3","1511","","421","593","","","","S","","","0","0,00","","A","","","N","A","S","1","","","","","1","","0",""
"2391","","1","1523","","356","1157","","","0","S","","","0","0,00","","A","","","N","A","S","1","","0","0","","1","0","0",""
"2392","","7","1523","","356","593","","","","S","","","0","0,00","","A","","","N","A","S","1","","","","","1","","0",""
"2393","","4","1523","","356","593","","","","S","","","0","0,00","","A","","","N","A","S","1","","","","","1","","0",""
"2394","","11","1523","","356","593","","","","S","","","0","0,00","","A","","","N","A","S","1","","","","","1","","0",""
"2395","","3","1523","","356","593","","","","S","","","0","0,00","","A","","","N","A","S","1","","","","","1","","0",""
"2396","","2","1523","","356","421","","","","S","","","0","0,00","","A","","","N","A","S","1","","","","","1","","0",""
"2397","","","1164","","","-7","","","","S","","","0","0,00","","A","","","S","C","S","1","","","","","1","","0",""
"2399","","","1524","","","516","","","","S","","","0","0,00","","A","","","S","C","S","1","","","","","1","","0",""
"2400","","","1270","","","516","","","","N","","","0","0,00","","A","","1","S","C","S","1","","","","","1","","0",""
"2401","","","1270","Máquinas","296","","","","","S","","","0","0,00","","A","","0","N","A","S","1","","","","","1","","0",""
"2406","","2","1435","Com Contrato","363","756","","","","S","","","0","0,00","","A","","","N","A","S","1","","","","","1","","0",""
"2408","","","1533","","","-5","","","","S","","","0","0,00","","A","","","S","C","S","1","","","","","1","","0",""
"2426","","","729","","367","576","","","","S","","","0","0,00","","A","","","N","A","S","1","","","","","1","","0",""
"2238","","","1414","Processo Completo","337","","","","","S","","","0","0,00","","A","","","N","A","S","1","","","","","1","","0",""
"2239","","","1440","","333","577","","","","S","","","0","0,00","","A","","","N","A","S","1","","","","","1","","0",""
"2243","","2","1414","Aguard Docto Compl","338","756","","","","S","","","0","0,00","","A","","","N","A","S","1","","","","","1","","0",""
"2249","","3","672","","131","591","","","","S","","","0","0,00","","A","","","N","A","S","1","","","","","1","","0",""
"2302","","","1491","","351","690","","","","S","","","0","0,00","","A","","","N","A","S","1","","","","","1","","0",""
"2303","","","1494","","167","489","","","","S","","","0","0,00","","A","","","N","A","S","1","","","","","1","","0",""
"2304","","","1418","Com Refaturamento","333","","","","","S","","","0","0,00","","A","","","N","A","S","1","","","","","1","","0",""
"2306","","1","1339","","333","167","","","","S","","","0","0,00","","A","","","N","A","S","1","","","","","1","","0",""
"2821","","2","1736","","356","421","","","","S","","","0","0,00","","A","","","N","A","S","1","","","","","1","","0",""
"2842","","1","1736","","356","1157","","","0","S","","","0","0,00","","A","","","N","A","S","1","","0","0","","1","0","0",""
"2843","","7","1736","","356","593","","","","S","","","0","0,00","","A","","","N","A","S","1","","","","","1","","0",""
"2844","","10","1736","","356","421","","","","S","","","0","0,00","","A","","","N","A","S","1","","","","","1","","0",""
"2845","","5","1736","","356","593","","","","S","","","0","0,00","","A","","","N","A","S","1","","","","","1","","0",""
"2846","","12","1736","","356","421","","","","S","","","0","0,00","","A","","","N","A","S","1","","","","","1","","0",""
"2847","","4","1736","","356","593","","","","S","","","0","0,00","","A","","","N","A","S","1","","","","","1","","0",""
"2848","","11","1736","","356","593","","","","S","","","0","0,00","","A","","","N","A","S","1","","","","","1","","0",""
"2849","","9","1736","","356","1150","","","0","S","","","0","0,00","","A","","","N","A","S","1","","0","0","","1","0","0",""
"2850","","3","1736","","356","593","","","","S","","","0","0,00","","A","","","N","A","S","1","","","","","1","","0",""
"2854","","10","1511","","421","1272","","","0","S","","","0","0,00","","A","","","N","A","S","1","","0","1","","1","0","0",""
"2855","","5","1511","","421","827","","","","S","","","0","0,00","","A","","","N","A","S","1","","","","","1","","0",""
"2857","","9","1511","","421","1272","","","0","S","","","0","0,00","","A","","","N","A","S","1","","0","1","","1","0","0",""
"2858","","","1586","","377","","Prospecção","","","N","","","0","0,00","","A","","","N","A","S","1","","","","","1","","0",""
"2859","","","1713","","423","686","","","","S","","","0","0,00","","A","","","N","A","S","1","","","","","1","","0",""
"2860","","","1714","","423","686","","","","S","","","0","0,00","","A","","","N","A","S","1","","","","","1","","0",""
"2862","","1","1508","","413","1272","","","0","S","","","0","0,00","","A","","","N","A","S","1","","0","1","","1","0","0",""
"2863","","7","1508","","413","694","","","","S","","","0","0,00","","A","","","N","A","S","1","","","","","1","","0",""
"2865","","5","1508","","413","827","","","","S","","","0","0,00","","A","","","N","A","S","1","","","","","1","","0",""
"2867","","4","1508","","413","667","","","","S","","","0","0,00","","A","","","N","A","S","1","","","","","1","","0",""
"2868","","11","1508","","413","827","","","","S","","","0","0,00","","A","","","N","A","S","1","","","","","1","","0",""
"2870","","3","1508","","413","593","","","","S","","","0","0,00","","A","","","N","A","S","1","","","","","1","","0",""
"2872","","1","1754","","422","819","","","","S","","","0","0,00","","A","","","N","A","S","1","","","","","1","","0",""
"2873","","7","1754","","422","819","","","","S","","","0","0,00","","A","","","N","A","S","1","","","","","1","","0",""
"2874","","10","1754","","422","819","","","","S","","","0","0,00","","A","","","N","A","S","1","","","","","1","","0",""
"2875","","5","1754","","422","827","","","","S","","","0","0,00","","A","","","N","A","S","1","","","","","1","","0",""
"2876","","12","1754","","422","632","","","","S","","","0","0,00","","A","","","N","A","S","1","","","","","1","","0",""
"2877","","4","1754","","422","667","","","","S","","","0","0,00","","A","","","N","A","S","1","","","","","1","","0",""
"2878","","11","1754","","422","827","","","","S","","","0","0,00","","A","","","N","A","S","1","","","","","1","","0",""
"2879","","3","1754","","422","593","","","","S","","","0","0,00","","A","","","N","A","S","1","","","","","1","","0",""
"2880","","9","1754","","422","819","","","","S","","","0","0,00","","A","","","N","A","S","1","","","","","1","","0",""
"2881","","2","1754","","422","632","","","","S","","","0","0,00","","A","","","N","A","S","1","","","","","1","","0",""
"2882","","","1734","","419","","","","","S","","","0","0,00","","A","","","N","A","S","1","","","","","1","","0",""
"2883","","","1735","","420","","","","","S","","","0","0,00","","A","","","N","A","S","1","","","","","1","","0",""
"2894","","1","1757","","422","819","","","","S","","","0","0,00","","A","","","N","A","S","1","","","","","1","","0",""
"2895","","7","1757","","422","819","","","","S","","","0","0,00","","A","","","N","A","S","1","","","","","1","","0",""
"2896","","10","1757","","422","819","","","","S","","","0","0,00","","A","","","N","A","S","1","","","","","1","","0",""
"2897","","5","1757","","422","827","","","","S","","","0","0,00","","A","","","N","A","S","1","","","","","1","","0",""
"2898","","12","1757","","422","632","","","","S","","","0","0,00","","A","","","N","A","S","1","","","","","1","","0",""
"2899","","4","1757","","422","667","","","","S","","","0","0,00","","A","","","N","A","S","1","","","","","1","","0",""
"2900","","11","1757","","422","827","","","","S","","","0","0,00","","A","","","N","A","S","1","","","","","1","","0",""
"2901","","9","1757","","422","819","","","","S","","","0","0,00","","A","","","N","A","S","1","","","","","1","","0",""
"2902","","3","1757","","422","593","","","","S","","","0","0,00","","A","","","N","A","S","1","","","","","1","","0",""
"2903","","2","1757","","422","632","","","","S","","","0","0,00","","A","","","N","A","S","1","","","","","1","","0",""
"2906","","7","1763","","417","819","","","","S","","","0","0,00","","A","","","N","A","S","1","","","","","1","","0",""
"2908","","5","1763","","417","827","","","","S","","","0","0,00","","A","","","N","A","S","1","","","","","1","","0",""
"2909","","12","1763","","417","632","","","","S","","","0","0,00","","A","","","N","A","S","1","","","","","1","","0",""
"2911","","11","1763","","417","827","","","","S","","","0","0,00","","A","","","N","A","S","1","","","","","1","","0",""
"2912","","3","1763","","417","593","","","","S","","","0","0,00","","A","","","N","A","S","1","","","","","1","","0",""
"2913","","2","1763","","417","632","","","","S","","","0","0,00","","A","","","N","A","S","1","","","","","1","","0",""
"2915","","","1765","","425","","","","","S","","","0","0,00","","A","","","N","A","S","1","","","","","1","","0",""
"3294","","","1964","","382","-5","Oportunidade Prospecção","","","S","","","0","0,00","","A","","","N","A","S","1","","","","","1","","0",""
"3295","","","1787","","413","","","","","S","","","0","0,00","","A","","","N","A","S","1","","","","","1","","0",""
"3303","","","1980","","272","","Oportunidade Prospecção","","","S","","","0","0,00","","A","","","N","A","N","1","","1","","","1","","0",""
"3309","","1","243","","491","819","","","","S","","","5","0,00","","A","","","N","A","S","1","","","","","1","","0",""
"3311","","7","243","","491","1272","","","0","S","","","5","0,00","","A","","","N","A","S","1","","0","1","","1","0","0",""
"3315","","2","243","","491","1272","","","0","S","","","5","0,00","","A","","","N","A","S","1","","0","1","","1","0","0",""
"3316","","3","243","","491","1272","","","0","S","","","5","0,00","","A","","","N","A","S","1","","0","1","","1","0","0",""
"3588","","7","593","","131","674","","","","S","","","0","0,00","","A","","","N","A","S","1","","","","","1","","0",""
"3590","","3","593","","131","591","","","","S","","","0","0,00","","A","","","N","A","S","1","","","","","1","","0",""
"3592","","2","593","","131","","","","","S","","","0","0,00","","A","","","N","A","S","1","","","","","1","","0",""
"3611","","","2093","","272","-15","Oportunidade Prospecção","","0","S","","","0","0,00","","A","","","N","A","N","100","","0","0","","1","0","0",""
"3612","","","1586","Seguro","104","","Prospecção","","","S","","","0","0,00","","A","","","N","A","S","1","","0","","","1","","0",""
"3613","","","2094","","104","","","","","S","","","0","0,00","","A","","","N","A","S","1","","","","","1","","0",""
"3618","","1","1988","","512","1272","","","0","N","","","0","0,00","","A","","","N","A","S","1","","0","1","","1","0","0",""
"3619","","3","1988","","512","1272","","","0","N","","","0","0,00","","A","","","N","A","S","1","","0","1","","1","0","0",""
"3620","","7","1988","","512","686","","","","N","","","0","0,00","","A","","","N","A","S","1","","","","","1","","0",""
"3621","","7","1152","","266","667","","","","S","","","0","0,00","","A","","","N","A","S","1","","","","","1","","0",""
"3622","","11","1152","","266","667","","","","S","","","0","0,00","","A","","","N","A","S","1","","","","","1","","0",""
"3623","","4","1152","","266","667","","","","S","","","0","0,00","","A","","","N","A","S","1","","","","","1","","0",""
"3624","","1","1152","","266","667","","","","S","","","0","0,00","","A","","","N","A","S","1","","","","","1","","0",""
"3625","","3","1152","","266","667","","","","S","","","0","0,00","","A","","","N","A","S","1","","","","","1","","0",""
"3626","","10","1152","","266","667","","","","S","","","0","0,00","","A","","","N","A","S","1","","","","","1","","0",""
"3627","","2","1152","","266","667","","","","S","","","0","0,00","","A","","","N","A","S","1","","","","","1","","0",""
"3628","","","2071","PEÇAS","392","","","","","S","","","0","0,00","","A","","","N","A","S","1","","","","","1","","0",""
"3629","","","2071","SERVIÇOS","478","","","","","S","","","0","0,00","","A","","","N","A","S","1","","","","","1","","0",""
"3631","","","2071","CONSORCIO","459","","","","","S","","","0","0,00","","A","","","N","A","S","1","","","","","1","","0",""
"3716","","","2108","Serviços","478","679","Contato via fone prospecção","","","S","","","0","0,00","","A","","","N","A","S","1","","","","","1","","0",""
"3717","","","2108","Peças","392","679","Contato via fone prospecção","","","S","","","0","0,00","","A","","","N","A","S","1","","","","","1","","0",""
"3718","","","2108","Máquinas","376","679","Contato via fone prospecção","","","S","","","0","0,00","","A","","","N","A","S","1","","","","","1","","0",""
"3720","","1","1178","","273","127","","","","S","","","0","0,00","","A","","","N","A","S","1","","","","","1","","0",""
"3721","","7","1178","","273","782","","","","S","","","0","0,00","","A","","","N","A","S","1","","","","","1","","0",""
"3722","","2","1178","","273","747","","","","S","","","0","0,00","","A","","","N","A","S","1","","","","","1","","0",""
"3723","","","466","","104","","","","","S","","","0","0,00","","A","","","N","A","S","1","","","","","1","","0",""
"3752","","","2132","Parcial","525","819","Entrega parcial","","","S","","","0","0,00","","A","","","N","A","S","1","","","","","1","","0",""
"3786","","2","2143","","528","747","","","","S","","","0","0,00","","A","","","N","A","S","1","","","","","1","","0",""
"3788","","","2146","Renegociação","609","-5","Processo devolvido","","0","S","","","0","0,00","","A","","0","N","A","S","1","","0","0","","0","0","0",""
"3789","","2","2151","","521","594","","","","S","","","0","0,00","","A","","","N","A","S","1","","","","","1","","0",""
"3795","","1","2151","","522","802","","","","S","","","0","0,00","","A","","","N","A","S","1","","","","","1","","0",""
"3805","","","2121","","523","819","","","","S","","","0","0,00","","A","","","N","A","S","1","","","","","1","","0",""
"3807","","","2154","","523","819","Agrega Desagrega","","","S","","","0","0,00","","A","","","N","A","S","1","","","","","1","","0",""
"3808","","","2155","","523","","","","","S","","","0","0,00","","A","","","N","A","S","1","","","","","1","","0",""
"3810","","","2158","","531","576","","","","S","","","0","0,00","","A","","","N","A","S","","","","","","1","","0",""
"3812","","","2165","Parcial","531","","","","","S","","","0","0,00","","A","","","N","A","S","","","","","","1","","0",""
"3813","","","2166","Parcial","531","","","","","S","","","0","0,00","","A","","","N","A","S","","","","","","1","","0",""
"3815","","","2158","Peças","530","","","","","S","","","0","0,00","","A","","","N","A","S","1","","","","","1","","0",""
"3817","","","2164","Parcial","531","","","","","S","","","0","0,00","","A","","","N","A","S","1","","","","","1","","0",""
"3818","","","2161","Parcial","530","","","","","S","","","0","0,00","","A","","","N","A","S","1","","","","","1","","0",""
"3822","","","2121","Parcial","522","","","","","S","","","0","0,00","","A","","","N","A","S","1","","","","","1","","0",""
"3823","","","2154","Parcial","522","","Agrega Desagrega","","","S","","","0","0,00","","A","","","N","A","S","1","","","","","1","","0",""
"3824","","","2155","Parcial","522","","","","","S","","","0","0,00","","A","","","N","A","S","1","","","","","1","","0",""
"3825","","","2156","Parcial","522","","Sem preparacao","","","S","","","0","0,00","","A","","","N","A","S","1","","","","","1","","0",""
"3829","","3","2132","","47","1109","","","","S","","","0","0,00","","A","","","N","A","S","1","","","","","1","","0",""
"3830","","7","2117","Parcial","528","782","Processo devolvido Parcial","","","N","","","0","0,00","","A","","0","N","A","S","1","","","","","1","","0",""
"3834","","3","1183","Ativação de Licença","274","802","","","","S","","","0","0,00","","A","","","N","A","S","1","","","","","1","","0",""
"2533","","2","1420","","333","756","","","","S","","","0","0,00","","A","","","N","A","S","1","","","","","1","","0",""
"2534","","2","1586","Máquina Agrícola","768","0","Prospecção","","0","S","","","0","0,00","","A","","","N","A","N","100","","0","0","","1","0","0",""
"2535","","3","1586","Máquina Agrícola","768","0","Prospecção","","0","S","","","0","0,00","","A","","","N","A","N","100","","0","0","","1","0","0",""
"2536","","11","1586","Máquina Agrícola","768","0","Prospecção","","0","S","","","0","0,00","","A","","","N","A","N","100","","0","0","","1","0","0",""
"2539","","1","1586","Máquina Agrícola","768","0","Prospecção","","0","S","","","0","0,00","","A","","","N","A","N","100","","0","0","","1","0","0",""
"2540","","2","1586","Implemento","768","0","Prospecção","","0","S","","","0","0,00","","A","","","N","A","N","100","","0","0","","1","0","0",""
"2541","","3","1586","Implemento","768","0","Prospecção","","0","S","","","0","0,00","","A","","","N","A","N","100","","0","0","","1","0","0",""
"2542","","11","1586","Implemento","768","0","Prospecção","","0","S","","","0","0,00","","A","","","N","A","N","100","","0","0","","1","0","0",""
"3926","","3","2205","","542","802","","","","S","","","0","0,00","","A","","0","N","A","S","1","","","","","1","","0",""
"3927","","9","2205","","542","802","","","","S","","","0","0,00","","A","","0","N","A","S","1","","","","","1","","0",""
"3928","","2","2205","","542","802","","","","S","","","0","0,00","","A","","0","N","A","S","1","","","","","1","","0",""
"3929","","","2205","","","748","","","","S","","","0","0,00","","A","","","S","C","S","1","","","","","1","","0",""
"3930","","2","2211","","542","802","","","","S","","","0","0,00","","A","","0","N","A","S","1","","","","","1","","0",""
"3931","","1","2211","","542","802","","","","S","","","0","0,00","","A","","0","N","A","S","1","","","","","1","","0",""
"3932","","7","2211","","542","802","","","","S","","","0","0,00","","A","","0","N","A","S","1","","","","","1","","0",""
"3933","","3","2211","","542","802","","","","S","","","0","0,00","","A","","0","N","A","S","1","","","","","1","","0",""
"3934","","","2211","","","748","","","","S","","","0","0,00","","A","","","S","C","S","1","","","","","1","","0",""
"3935","","2","2206","","542","802","","","","S","","","0","0,00","","A","","0","N","A","S","1","","","","","1","","0",""
"3936","","1","2206","","542","802","","","","S","","","0","0,00","","A","","0","N","A","S","1","","","","","1","","0",""
"3937","","7","2206","","542","802","","","","S","","","0","0,00","","A","","0","N","A","S","1","","","","","1","","0",""
"3938","","3","2206","","542","802","","","","S","","","0","0,00","","A","","0","N","A","S","1","","","","","1","","0",""
"3939","","","2206","","","748","","","","S","","","0","0,00","","A","","","S","C","S","1","","","","","1","","0",""
"3940","","","2187","","","516","","","","S","","","0","0,00","","A","","","S","C","S","1","","","","","1","","0",""
"3941","","","2217","","","-3","","","","S","","","0","","","A","","","S","C","S","","","","","","1","","0",""
"3942","","1","2217","","542","802","","","","S","","","0","0,00","","A","","0","N","A","S","","","","","","1","","0",""
"3944","","7","2217","","542","802","","","","S","","","0","0,00","","A","","0","N","A","S","","","","","","1","","0",""
"3945","","3","2217","","542","802","","","","S","","","0","0,00","","A","","0","N","A","S","","","","","","1","","0",""
"3946","","9","2217","","542","802","","","","S","","","0","0,00","","A","","0","N","A","S","","","","","","1","","0",""
"3947","","2","2217","","542","802","","","","S","","","0","0,00","","A","","0","N","A","S","","","","","","1","","0",""
"3948","","","2217","","","748","","","","S","","","0","","","A","","","S","C","S","","","","","","1","","0",""
"3949","","","285","","545","796","","","","S","","","0","0,00","","A","","","N","A","S","1","","","","","1","","0",""
"3950","","","1806","","545","686","","","","S","","","0","0,00","","A","","","N","A","S","1","","","","","1","","0",""
"3951","","","673","Com Problemas","545","686","","","","S","","","0","0,00","","A","","","N","A","S","1","","","","","1","","0",""
"3952","","","675","Com Problemas","545","686","","","","S","","","0","0,00","","A","","","N","A","S","1","","","","","1","","0",""
"3953","","","940133","","940031","796","","","","S","","","0","0,00","","A","","","N","A","S","1","","","","","1","","0",""
"3954","","","940126","","545","686","","","","S","","","0","0,00","","A","","","N","A","S","1","","","","","1","","0",""
"3955","","","2220","","546","","Aguardando Documentação Usado","","","N","","","0","0,00","","A","","","S","A","S","1","","","","","1","","0",""
"3956","","9","2145","","546","","","","","S","","","0","0,00","","A","","","N","A","S","1","","","","","1","","0",""
"3957","","7","2145","","546","594","","","","S","","","0","0,00","","A","","","N","A","S","1","","","","","1","","0",""
"3959","","3","2145","","546","652","","","","S","","","0","0,00","","A","","","N","A","S","1","","","","","1","","0",""
"3961","","","2221","","547","489","","","","S","","","0","0,00","","A","","","N","A","S","1","","","","","1","","0",""
"3962","","","2221","","548","819","","","","S","","","0","0,00","","A","","","N","A","S","1","","","","","1","","0",""
"3964","","1","2117","Parcial","528","127","Processo devolvido Parcial","","","N","","","0","0,00","","A","","0","N","A","S","1","","","","","1","","0",""
"3965","","3","2117","Parcial","528","591","Processo devolvido Parcial","","","N","","","0","0,00","","A","","0","N","A","S","1","","","","","1","","0",""
"3966","","2","2117","Parcial","528","747","Processo devolvido Parcial","","","N","","","0","0,00","","A","","0","N","A","S","1","","","","","1","","0",""
"3968","","","2117","Parcial","521","","","","","S","","","0","0,00","","A","","","N","A","S","1","","","","","1","","0",""
"3970","","1","2117","Total","528","127","Processo devolvido Total","","","N","","","0","0,00","","A","","","N","A","S","1","","","","","1","","0",""
"3971","","7","2117","Total","528","782","Processo devolvido Total","","","N","","","0","0,00","","A","","","N","A","S","1","","","","","1","","0",""
"3972","","3","2117","Total","528","591","Processo devolvido Total","","","N","","","0","0,00","","A","","","N","A","S","1","","","","","1","","0",""
"3973","","2","2117","Total","528","747","Processo devolvido Total","","","N","","","0","0,00","","A","","","N","A","S","1","","","","","1","","0",""
"3974","","1","2128","","528","127","","","","N","","","0","0,00","","A","","","N","A","S","1","","","","","1","","0",""
"3975","","7","2128","","528","782","","","","N","","","0","0,00","","A","","","N","A","S","1","","","","","1","","0",""
"3977","","3","2128","","528","243","","","","N","","","0","0,00","","A","","","N","A","S","1","","","","","1","","0",""
"3978","","","2227","","549","-5","","","","S","","","0","0,00","","A","","","N","A","S","1","","","","","1","","0",""
"3979","","","2228","","549","-5","","","","S","","","0","0,00","","A","","","N","A","S","1","","","","","1","","0",""
"3980","","","2231","","551","","Interesse Husqvarna","","","S","","","0","0,00","","A","","","N","A","S","1","","","","","1","","0",""
"3981","","","2121","","538","576","","","","S","","","0","0,00","","A","","","N","A","S","1","","","","","1","","0",""
"3982","","","2154","","538","576","","","","S","","","0","0,00","","A","","","N","A","S","1","","","","","1","","0",""
"3986","","1","2190","","521","594","","","","S","","","0","0,00","","A","","","N","A","S","1","","","","","1","","0",""
"3987","","7","2190","","521","594","","","","S","","","0","0,00","","A","","","N","A","S","1","","","","","1","","0",""
"3988","","3","2190","","521","594","","","","S","","","0","0,00","","A","","","N","A","S","1","","","","","1","","0",""
"3989","","2","2190","","521","594","","","","S","","","0","0,00","","A","","","N","A","S","1","","","","","1","","0",""
"3997","","","2212","","","-5","","","","S","","","0","0,00","","A","","","N","C","S","1","","","","","1","","0",""
"3998","","","2207","","","-5","","","","S","","","0","0,00","","A","","","N","C","S","1","","","","","1","","0",""
"4003","","","2244","","552","","","","","N","","","0","0,00","","A","","","N","A","S","1","","","","","1","","0",""
"4005","","","2186","","435","686","","","","S","","","0","0,00","","A","","","N","A","S","1","","","","","1","","0",""
"4011","","2","2145","","555","838","Autorizado Venda","","","S","","","0","0,00","","A","","0","S","A","S","1","","","","","1","","0",""
"4012","","1","2145","","555","838","Autorizado Venda","","","S","","","0","0,00","","A","","0","S","A","S","1","","","","","1","","0",""
"4013","","3","2145","","555","838","Autorizado Venda","","","S","","","0","0,00","","A","","0","S","A","S","1","","","","","1","","0",""
"4014","","9","2145","","555","838","Autorizado Venda","","","S","","","0","0,00","","A","","0","S","A","S","1","","","","","1","","0",""
"4015","","7","2145","","555","838","Autorizado Venda","","","S","","","0","0,00","","A","","0","S","A","S","1","","","","","1","","0",""
"4016","","9","2120","","","679","","","","S","","","0","0,00","","A","","","S","C","S","1","","","","","1","","0",""
"4017","","9","2121","","","679","","","","S","","","0","0,00","","A","","","S","C","S","1","","","","","1","","0",""
"4018","","9","2154","","","679","","","","S","","","0","0,00","","A","","","S","C","S","1","","","","","1","","0",""
"4019","","9","2156","","","679","","","","S","","","0","0,00","","A","","","S","C","S","1","","","","","1","","0",""
"4020","","","2115","","","679","","","","S","","","0","0,00","","A","","","S","C","S","1","","","","","1","","0",""
"4022","","","2114","","","679","","","","S","","","0","0,00","","A","","","S","C","S","1","","","","","1","","0",""
"4023","","9","2132","","47","1114","","","","S","","","0","0,00","","A","","","N","A","S","1","","","","","1","","0",""
"4024","","2","2132","","47","1108","","","","S","","","0","0,00","","A","","","N","A","S","1","","","","","1","","0",""
"4025","","1","2132","","47","1107","","","","S","","","0","0,00","","A","","","N","A","S","1","","","","","1","","0",""
"4026","","7","2132","","47","1111","","","","S","","","0","0,00","","A","","","N","A","S","1","","","","","1","","0",""
"4031","","","2157","Físico não finalizad","523","","Prep física não finalizada","","","S","","","0","0,00","","A","","2","N","A","S","1","","","","","1","","0",""
"4033","","","2255","AMS/Peças","530","","","","","S","","","0","0,00","","A","","","N","A","S","1","","","","","1","","0",""
"4034","","","2255","AMS/Peças","554","","","","","S","","","0","0,00","","A","","","N","A","S","1","","","","","1","","0",""
"4035","","","2255","AMS","554","","","","","S","","","0","0,00","","A","","","N","A","S","1","","","","","1","","0",""
"4036","","","2255","Peças","530","","","","","S","","","0","0,00","","A","","","N","A","S","1","","","","","1","","0",""
"4037","","","2158","AMS/Peças","530","","","","","S","","","0","0,00","","A","","","N","A","S","1","","","","","1","","0",""
"4038","","","2158","AMS/Peças","554","","","","","S","","","0","0,00","","A","","","N","A","S","1","","","","","1","","0",""
"4039","","","2158","AMS","554","","","","","S","","","0","0,00","","A","","","N","A","S","1","","","","","1","","0",""
"4040","","","2255","","523","","Concluir Preparação Fisica","","","S","","","0","0,00","","A","","","N","A","S","1","","","","","1","","0",""
"4041","","","2254","","523","","Concluir Preparação Fisica","","","S","","","0","0,00","","A","","","N","A","S","1","","","","","1","","0",""
"4042","","","2257","Parcial","554","","","","","S","","","0","0,00","","A","","","N","A","S","1","","","","","1","","0",""
"4043","","9","2260","","47","1114","","","","S","","","0","0,00","","A","","","N","A","S","1","","","","","1","","0",""
"4044","","7","2260","","47","1111","","","","S","","","0","0,00","","A","","","N","A","S","1","","","","","1","","0",""
"4045","","3","2260","","47","1109","","","","S","","","0","0,00","","A","","","N","A","S","1","","","","","1","","0",""
"4046","","2","2260","","47","1108","","","","S","","","0","0,00","","A","","","N","A","S","1","","","","","1","","0",""
"4047","","1","2260","","47","1107","","","","S","","","0","0,00","","A","","","N","A","S","1","","","","","1","","0",""
"4048","","","2260","Parcial","525","819","Entrega Parcial","","","S","","","0","0,00","","A","","","N","A","S","1","","","","","1","","0",""
"4052","","9","2260","","123","-5","","","","N","","","0","0,00","","A","","","N","A","N","1","","","","1","1","","0",""
"4056","","9","2186","","123","-5","","","","N","","","0","0,00","","A","","","N","A","N","1","","","","1","1","","0",""
"4060","","9","2132","","123","-5","","","","N","","","0","0,00","","A","","","N","A","N","1","","1","","1","1","","0",""
"4080","","","2261","","","516","","","","N","","","0","0,00","","A","","","S","C","S","","","","","","1","","0",""
"4083","","","2261","","104","","","","","S","","","0","","","A","","","N","A","S","","","","","","1","","0",""
"4086","","","2215","","556","516","","","","S","","","0","0,00","","A","","","S","A","S","1","","","","","1","","0",""
"4087","","","2146","Venda perdida","549","-5","","","","S","","","0","0,00","","A","","0","N","A","S","1","","","","","1","","0",""
"4088","","","2146","Desistiu da compra","549","-5","","","","S","","","0","0,00","","A","","0","N","A","S","1","","","","","1","","0",""
"4089","","","2275","","277","767","","","","S","","","0","0,00","","A","","","N","A","S","1","","","","","1","","0",""
"4090","","","2115","","557","","","","","S","","","0","0,00","","A","","","N","A","S","1","","","","","1","","0",""
"4091","","","2274","","525","819","","","","S","","","0","0,00","","A","","","N","A","S","1","","","","","1","","0",""
"4093","","","1297","Visita Consultoras","380","","","","","S","","","0","0,00","","A","","","N","A","S","1","","","","","1","","0",""
"4094","","","1297","Alertas","559","","","","","S","","","0","0,00","","A","","","N","A","S","1","","","","","1","","0",""
"4095","","1","1297","Outros","300","819","","","","S","","","0","0,00","","A","","","N","A","S","1","","","","","1","","0",""
"4097","","1","1297","Expert Alerts","300","819","","","","S","","","0","0,00","","A","","","N","A","S","1","","","","","1","","0",""
"4098","","1","1297","Chip","300","819","","","","S","","","0","0,00","","A","","","N","A","S","1","","","","","1","","0",""
"4099","","1","1297","Alertas","300","819","","","","S","","","0","0,00","","A","","","N","A","S","1","","","","","1","","0",""
"4100","","2","1297","Outros","300","","","","","S","","","0","0,00","","A","","","N","A","S","1","","","","","1","","0",""
"4102","","2","1297","Expert Alerts","300","","","","","S","","","0","0,00","","A","","","N","A","S","1","","","","","1","","0",""
"4103","","2","1297","Chip","300","","","","","S","","","0","0,00","","A","","","N","A","S","1","","","","","1","","0",""
"4104","","2","1297","Alertas","300","","","","","S","","","0","0,00","","A","","","N","A","S","1","","","","","1","","0",""
"4105","","3","1297","Outros","300","825","","","","S","","","0","0,00","","A","","","N","A","S","1","","","","","1","","0",""
"4107","","3","1297","Expert Alerts","300","825","","","","S","","","0","0,00","","A","","","N","A","S","1","","","","","1","","0",""
"4108","","3","1297","Chip","300","825","","","","S","","","0","0,00","","A","","","N","A","S","1","","","","","1","","0",""
"4109","","3","1297","Alertas","300","825","","","","S","","","0","0,00","","A","","","N","A","S","1","","","","","1","","0",""
"4110","","7","1297","Outros","300","827","","","","S","","","0","0,00","","A","","","N","A","S","1","","","","","1","","0",""
"4112","","7","1297","Expert Alerts","300","694","","","","S","","","0","0,00","","A","","","N","A","S","1","","","","","1","","0",""
"4113","","7","1297","Chip","300","694","","","","S","","","0","0,00","","A","","","N","A","S","1","","","","","1","","0",""
"4114","","7","1297","Alertas","300","694","","","","S","","","0","0,00","","A","","","N","A","S","1","","","","","1","","0",""
"4115","","4","1297","Outros","300","825","","","","S","","","0","0,00","","A","","","N","A","S","1","","","","","1","","0",""
"4117","","4","1297","Expert Alerts","300","825","","","","S","","","0","0,00","","A","","","N","A","S","1","","","","","1","","0",""
"4118","","4","1297","Chip","300","825","","","","S","","","0","0,00","","A","","","N","A","S","1","","","","","1","","0",""
"4119","","4","1297","Alertas","300","825","","","","S","","","0","0,00","","A","","","N","A","S","1","","","","","1","","0",""
"4120","","10","1297","Outros","300","774","","","","S","","","0","0,00","","A","","","N","A","S","1","","","","","1","","0",""
"4122","","10","1297","Expert Alerts","300","774","","","","S","","","0","0,00","","A","","","N","A","S","1","","","","","1","","0",""
"4123","","10","1297","Chip","300","774","","","","S","","","0","0,00","","A","","","N","A","S","1","","","","","1","","0",""
"4124","","10","1297","Alertas","300","827","","","","S","","","0","0,00","","A","","","N","A","S","1","","","","","1","","0",""
"4125","","11","1297","Outros","300","827","","","","S","","","0","0,00","","A","","","N","A","S","1","","","","","1","","0",""
"4127","","11","1297","Expert Alerts","300","827","","","","S","","","0","0,00","","A","","","N","A","S","1","","","","","1","","0",""
"4128","","11","1297","Chip","300","827","","","","S","","","0","0,00","","A","","","N","A","S","1","","","","","1","","0",""
"4129","","11","1297","Alertas","300","827","","","","S","","","0","0,00","","A","","","N","A","S","1","","","","","1","","0",""
"4130","","","1603","","382","","","","","S","","","0","0,00","","A","","","N","A","S","1","","","","","1","","0",""
"4131","","","1297","Outros","559","","","","","S","","","0","0,00","","A","","","N","A","S","1","","","","","1","","0",""
"4133","","","1297","Expert Alerts","559","","","","","S","","","0","0,00","","A","","","N","A","S","1","","","","","1","","0",""
"4134","","","1297","Chip","559","","","","","S","","","0","0,00","","A","","","N","A","S","1","","","","","1","","0",""
"4136","","","1297","AMS","559","","","","","S","","","0","0,00","","A","","","N","A","S","1","","","","","1","","0",""
"4137","","6","1297","AMS","300","827","","","","S","","","0","0,00","","A","","","N","A","S","1","","","","","1","","0",""
"4138","","10","1297","AMS","300","774","","","","S","","","0","0,00","","A","","","N","A","S","1","","","","","1","","0",""
"4139","","4","1297","AMS","300","825","","","","S","","","0","0,00","","A","","","N","A","S","1","","","","","1","","0",""
"4140","","7","1297","AMS","300","694","","","","S","","","0","0,00","","A","","","N","A","S","1","","","","","1","","0",""
"4141","","3","1297","AMS","300","825","","","","S","","","0","0,00","","A","","","N","A","S","1","","","","","1","","0",""
"4142","","2","1297","AMS","300","","","","","S","","","0","0,00","","A","","","N","A","S","1","","","","","1","","0",""
"4143","","1","1297","AMS","300","819","","","","S","","","0","0,00","","A","","","N","A","S","1","","","","","1","","0",""
"4144","","","1297","GFC","560","1272","","","0","S","","","0","0,00","","A","","","N","A","S","1","","0","1","","1","0","0",""
"4145","","6","2284","","300","827","","","","S","","","0","0,00","","A","","","N","A","S","1","","","","","1","","0",""
"4146","","10","2284","","300","774","","","","S","","","0","0,00","","A","","","N","A","S","1","","","","","1","","0",""
"4147","","4","2284","","300","825","","","","S","","","0","0,00","","A","","","N","A","S","1","","","","","1","","0",""
"4148","","7","2284","","300","694","","","","S","","","0","0,00","","A","","","N","A","S","1","","","","","1","","0",""
"4149","","3","2284","","300","825","","","","S","","","0","0,00","","A","","","N","A","S","1","","","","","1","","0",""
"4194","","","2115","Parcial sem refatur.","521","","","","","S","","","0","0,00","","A","","","N","A","S","1","","","","","1","","0",""
"4195","","","2115","Parcial com refatur.","521","","Com refaturamento","","","S","","","0","0,00","","A","","","N","A","S","1","","","","","1","","0",""
"4196","","","2115","Total sem refatur.","524","576","","","","S","","","0","0,00","","A","","","N","A","S","1","","","","","1","","0",""
"4197","","","2115","Total com refatur.","524","576","","","","S","","","0","0,00","","A","","","N","A","S","1","","","","","1","","0",""
"4198","","","2115","Parcial sem refatur.","524","576","","","","S","","","0","0,00","","A","","","N","A","S","1","","","","","1","","0",""
"4199","","","2115","Parcial com refatur.","524","576","","","","S","","","0","0,00","","A","","","N","A","S","1","","","","","1","","0",""
"4200","","9","2119","","","679","","","","S","","","0","0,00","","A","","","S","C","S","1","","","","","1","","0",""
"4219","","9","2145","","","679","","","","S","","","0","0,00","","A","","","S","C","S","1","","","","","1","","0",""
"4220","","","574","","555","","","","","S","","","0","0,00","","A","","","N","A","S","1","","","","","1","","0",""
"4277","","","940122","","561","796","","","","S","","","0","0,00","","A","","","S","A","S","1","","","","","1","","0",""
"4278","","","940123","","561","796","","","","S","","","0","0,00","","A","","","S","A","S","1","","","","","1","","0",""
"4279","","","940130","","563","796","","","","S","","","0","0,00","","A","","","S","A","S","1","","","","","1","","0",""
"4280","","","940129","","563","796","","","","S","","","0","0,00","","A","","","S","A","S","1","","","","","1","","0",""
"4281","","","940137","","562","796","","","","S","","","0","0,00","","A","","","S","A","S","1","","","","","1","","0",""
"4282","","","940136","","562","796","","","","S","","","0","0,00","","A","","","S","A","S","1","","","","","1","","0",""
"4283","","","1875","","564","796","","","","S","","","0","0,00","","A","","","S","A","S","1","","","","","1","","0",""
"4284","","","1876","","564","796","","","","S","","","0","0,00","","A","","","S","A","S","1","","","","","1","","0",""
"4291","","","2325","","457","686","","","","S","","","0","","","A","","","N","A","S","","","","","","1","","0",""
"4292","","9","2306","","940025","875","","","","N","","","0","0,00","","A","","","N","A","S","1","","","","","1","","0",""
"4293","","7","2306","","940025","782","","","","N","","","0","0,00","","A","","","N","A","S","1","","","","","1","","0",""
"4294","","3","2306","","940025","243","","","","N","","","0","0,00","","A","","","N","A","S","1","","","","","1","","0",""
"4295","","2","2306","","940025","747","","","","N","","","0","0,00","","A","","","N","A","S","1","","","","","1","","0",""
"4296","","1","2306","","940025","127","","","","N","","","0","0,00","","A","","","N","A","S","1","","","","","1","","0",""
"4297","","","2306","","940026","686","","","","S","","","0","0,00","","A","","","N","A","S","1","","","","","1","","0",""
"4298","","12","2317","","940031","421","","","","N","","","0","0,00","","A","","","N","A","S","1","","","","","1","","0",""
"4299","","11","2317","","940031","326","","","","N","","","0","0,00","","A","","","N","A","S","1","","","","","1","","0",""
"4300","","10","2317","","940031","421","","","","N","","","0","0,00","","A","","","N","A","S","1","","","","","1","","0",""
"4302","","7","2317","","940031","326","","","","N","","","0","0,00","","A","","","N","A","S","1","","","","","1","","0",""
"4303","","5","2317","","940031","326","","","","N","","","0","0,00","","A","","","N","A","S","1","","","","","1","","0",""
"4304","","4","2317","","940031","326","","","","N","","","0","0,00","","A","","","N","A","S","1","","","","","1","","0",""
"4306","","2","2317","","940031","421","","","","N","","","0","0,00","","A","","","N","A","S","1","","","","","1","","0",""
"4307","","1","2317","","940031","606","","","","N","","","0","0,00","","A","","","N","A","S","1","","","","","1","","0",""
"4308","","","2317","","940032","686","","","","S","","","0","0,00","","A","","","N","A","S","1","","","","","1","","0",""
"4309","","11","2311","","940028","593","","","","S","","","0","0,00","","A","","","N","A","S","1","","","","","1","","0",""
"4310","","10","2311","","940028","421","","","","S","","","0","0,00","","A","","","N","A","S","1","","","","","1","","0",""
"4311","","9","2311","","940028","1150","","","0","S","","","0","0,00","","A","","","N","A","S","1","","0","0","","1","0","0",""
"4312","","7","2311","","940028","593","","","","S","","","0","0,00","","A","","","N","A","S","1","","","","","1","","0",""
"4313","","4","2311","","940028","593","","","","S","","","0","0,00","","A","","","N","A","S","1","","","","","1","","0",""
"4314","","3","2311","","940028","593","","","","S","","","0","0,00","","A","","","N","A","S","1","","","","","1","","0",""
"4315","","2","2311","","940028","421","","","","S","","","0","0,00","","A","","","N","A","S","1","","","","","1","","0",""
"4316","","1","2311","","940028","1157","","","0","S","","","0","0,00","","A","","","N","A","S","1","","0","0","","1","0","0",""
"4318","","","2326","","302","1272","","","0","N","","","0","0,00","","A","","","N","A","S","1","","0","1","","1","0","0",""
"4319","","","2327","Máquina","940025","","Redirecionado ","","","S","","","0","0,00","","A","","","N","A","S","1","","","","","1","","0",""
"4320","","","2327","AMS","334","","Redirecionado ","","","S","","","0","0,00","","A","","","N","A","S","1","","","","","1","","0",""
"4321","","","2327","Peças","940031","","Redirecionado ","","","S","","","0","0,00","","A","","","N","A","S","1","","","","","1","","0",""
"4322","","","2327","Serviços","940028","","Redirecionado ","","","S","","","0","0,00","","A","","","N","A","S","1","","","","","1","","0",""
"4327","","","2329","Máquinas","940025","","Redirecionado","","","S","","","0","0,00","","A","","","N","A","S","","","","","","1","","0",""
"4328","","","2329","AMS","334","","Redirecionado","","","S","","","0","0,00","","A","","","N","A","S","","","","","","1","","0",""
"4329","","","2329","Peças","940031","","Redirecionado","","","S","","","0","0,00","","A","","","N","A","S","","","","","","1","","0",""
"4330","","","2329","Serviços","940028","","Redirecionado","","","S","","","0","0,00","","A","","","N","A","S","","","","","","1","","0",""
"4590","","","1785","","572","1272","","","0","S","","","0","0,00","","A","","","N","A","S","1","","0","1","","1","0","0",""
"4591","","","2004","SEGUROS","555","679","","","","S","","","0","0,00","","A","","","N","A","S","1","","","","","1","","0",""
"4592","","9","2224","","573","802","","","","S","","","0","0,00","","A","","","N","A","S","1","","","","","1","","0",""
"4593","","7","2224","","573","802","","","","S","","","0","0,00","","A","","","N","A","S","1","","","","","1","","0",""
"4594","","1","2224","","573","802","","","","S","","","0","0,00","","A","","","N","A","S","1","","","","","1","","0",""
"4595","","3","2224","","573","802","","","","S","","","0","0,00","","A","","","N","A","S","1","","","","","1","","0",""
"4596","","2","2224","","573","802","","","","S","","","0","0,00","","A","","","N","A","S","1","","","","","1","","0",""
"4599","","","2274","","574","819","","","","N","","","0","0,00","","A","","","N","A","S","1","","","","","1","","0",""
"4602","","","1163","","270","811","","","","S","","","0","0,00","","A","","","N","A","S","1","","","","","1","","0",""
"4603","","","2422","","576","","","","","S","","","0","0,00","","A","","","N","A","S","1","","","","","1","","0",""
"4604","","10","1297","Revisão","300","774","","","","S","","","0","0,00","","A","","","N","A","S","1","","","","","1","","0",""
"4605","","7","1297","Revisão","300","827","","","","S","","","0","0,00","","A","","","N","A","S","1","","","","","1","","0",""
"4606","","11","1297","Revisão","300","827","","","","S","","","0","0,00","","A","","","N","A","S","1","","","","","1","","0",""
"4607","","4","1297","Revisão","300","825","","","","S","","","0","0,00","","A","","","N","A","S","1","","","","","1","","0",""
"4608","","3","1297","Revisão","300","825","","","","S","","","0","0,00","","A","","","N","A","S","1","","","","","1","","0",""
"4609","","2","1297","Revisão","300","","","","","S","","","0","0,00","","A","","","N","A","S","1","","","","","1","","0",""
"4610","","1","1297","Revisão","300","819","","","","S","","","0","0,00","","A","","","N","A","S","1","","","","","1","","0",""
"4611","","","1297","Revisão","559","","","","","S","","","0","0,00","","A","","","N","A","S","1","","","","","1","","0",""
"4612","","11","2425","","266","632","","","","S","","","0","0,00","","A","","","N","A","S","1","","","","","1","","0",""
"4613","","7","2425","","266","","","","","S","","","0","0,00","","A","","","N","A","S","1","","","","","1","","0",""
"4614","","10","2425","","266","632","","","","S","","","0","0,00","","A","","","N","A","S","1","","","","","1","","0",""
"4615","","4","2425","","266","","","","","S","","","0","0,00","","A","","","N","A","S","1","","","","","1","","0",""
"4616","","3","2425","","266","","","","","S","","","0","0,00","","A","","","N","A","S","1","","","","","1","","0",""
"4617","","2","2425","","266","632","","","","S","","","0","0,00","","A","","","N","A","S","1","","","","","1","","0",""
"4618","","1","2425","","266","632","","","","S","","","0","0,00","","A","","","N","A","S","1","","","","","1","","0",""
"4619","","","2426","","265","-14","","","","S","","","0","0,00","","A","","","N","A","S","1","","","","","1","","0",""
"4620","","","1343","","265","-14","","","","S","","","0","0,00","","A","","","N","A","S","1","","","","","1","","0",""
"4621","","","1599","","299","811","","","","S","","","0","0,00","","A","","","N","A","S","1","","","","","1","","0",""
"4623","","","2347","","555","679","Renovação","","","S","","","0","0,00","","A","","","N","A","S","1","","","1","","1","","0",""
"4624","","11","1341","","266","632","","","","S","","","0","0,00","","A","","","N","A","S","1","","","","","1","","0",""
"4625","","10","1341","","266","632","","","","S","","","0","0,00","","A","","","N","A","S","1","","","","","1","","0",""
"4626","","7","1341","","266","632","","","","S","","","0","0,00","","A","","","N","A","S","1","","","","","1","","0",""
"4627","","4","1341","","266","632","","","","S","","","0","0,00","","A","","","N","A","S","1","","","","","1","","0",""
"4628","","3","1341","","266","632","","","","S","","","0","0,00","","A","","","N","A","S","1","","","","","1","","0",""
"4629","","2","1341","","266","632","","","","S","","","0","0,00","","A","","","N","A","S","1","","","","","1","","0",""
"4630","","1","1341","","266","632","","","","S","","","0","0,00","","A","","","N","A","S","1","","","","","1","","0",""
"4506","","","2371","","545","796","","","","S","","","0","","","A","","","N","A","S","","","","","","1","","0",""
"4507","","","2372","Com Crítica","565","796","","","","S","","","0","0,00","","A","","","N","A","S","","","","","","1","","0",""
"4508","","","2372","Com Sugest. Melhoria","565","796","","","","S","","","0","0,00","","A","","","N","A","S","","","","","","1","","0",""
"4509","","","2373","Com Crítica","565","796","","","","S","","","0","0,00","","A","","","N","A","S","","","","","","1","","0",""
"4510","","","2373","Com Sugest. Melhoria","565","796","","","","S","","","0","0,00","","A","","","N","A","S","","","","","","1","","0",""
"4511","","7","2378","","940025","782","","","","S","","","0","0,00","","A","","","N","A","S","","","","","","1","","0",""
"4513","","3","2378","","940025","591","","","","S","","","0","0,00","","A","","","N","A","S","","","","","","1","","0",""
"4514","","2","2378","","940025","747","","","","S","","","0","0,00","","A","","","N","A","S","","","","","","1","","0",""
"4515","","1","2378","","940025","127","","","","S","","","0","0,00","","A","","","N","A","S","","","","","","1","","0",""
"4517","","","2378","","545","796","","","","S","","","0","","","A","","","N","A","S","","","","","","1","","0",""
"4518","","","2380","Com Crítica","565","796","","","","S","","","0","0,00","","A","","","N","A","S","","","","","","1","","0",""
"4519","","","2380","Com Sugest. Melhoria","565","796","","","","S","","","0","0,00","","A","","","N","A","S","","","","","","1","","0",""
"4520","","","2381","Com Crítica","565","796","","","","S","","","0","0,00","","A","","","N","A","S","","","","","","1","","0",""
"4521","","","2381","Com Sugest. Melhoria","565","796","","","","S","","","0","0,00","","A","","","N","A","S","","","","","","1","","0",""
"4522","","","1589","Ex funcionário","378","516","","","","S","","","0","0,00","","A","","","S","A","S","1","","","","","1","","0",""
"4523","","","1589","Fora da região","378","516","","","","S","","","0","0,00","","A","","","S","A","S","1","","","","","1","","0",""
"4524","","","1589","Fornecedor/Parceiros","378","516","","","","S","","","0","0,00","","A","","","S","A","S","1","","","","","1","","0",""
"4525","","","1589","Funcionário","378","516","","","","S","","","0","0,00","","A","","","S","A","S","1","","","","","1","","0",""
"4526","","","1589","Monitor. outro seq","378","516","Outro Sequencial","","","S","","","0","0,00","","A","","","S","A","S","1","","","","","1","","0",""
"4527","","","1589","Arrendamento","378","516","","","","S","","","0","0,00","","A","","","S","A","S","1","","","","","1","","0",""
"4528","","","1589","Concessionário JD","378","516","","","","S","","","0","0,00","","A","","","S","A","S","1","","","","","1","","0",""
"4529","","","1589","Concorrente","378","516","","","","S","","","0","0,00","","A","","","S","A","S","1","","","","","1","","0",""
"4530","","","1589","Outros","378","516","Outros","","","S","","","0","0,00","","A","","","S","A","S","1","","","","","1","","0",""
"4531","","","1589","Sem potencial","378","516","","","","S","","","0","0,00","","A","","","S","A","S","1","","","","","1","","0",""
"4532","","","1589","Prospectado Recent","378","516","","","","S","","","0","0,00","","A","","","S","A","S","1","","","","","1","","0",""
"4533","","","2387","","535","1272","","","0","S","","","0","0,00","","A","","","N","A","S","1","","0","0","","1","0","0",""
"4534","","11","2388","","266","632","","","","S","","","0","0,00","","A","","","N","A","S","1","","","","","1","","0",""
"4535","","10","2388","","266","632","","","","S","","","0","0,00","","A","","","N","A","S","1","","","","","1","","0",""
"4536","","7","2388","","266","","","","","S","","","0","0,00","","A","","","N","A","S","1","","","","","1","","0",""
"4537","","4","2388","","266","","","","","S","","","0","0,00","","A","","","N","A","S","1","","","","","1","","0",""
"4538","","3","2388","","266","","","","","S","","","0","0,00","","A","","","N","A","S","1","","","","","1","","0",""
"4539","","2","2388","","266","632","","","","S","","","0","0,00","","A","","","N","A","S","1","","","","","1","","0",""
"4540","","1","2388","","266","632","","","","S","","","0","0,00","","A","","","N","A","S","1","","","","","1","","0",""
"4542","","11","2390","","266","632","","","","S","","","0","0,00","","A","","","N","A","S","1","","","","","1","","0",""
"4543","","10","2390","","266","632","","","","S","","","0","0,00","","A","","","N","A","S","1","","","","","1","","0",""
"4544","","7","2390","","266","","","","","S","","","0","0,00","","A","","","N","A","S","1","","","","","1","","0",""
"4427","","","2338","Máquinas","940025","","Redirecionado","","","S","","","0","0,00","","A","","","N","A","S","1","","","","","1","","0",""
"4428","","","2338","Serviços","940028","","Redirecionado","","","S","","","0","0,00","","A","","","N","A","S","1","","","","","1","","0",""
"4429","","","2338","Peças","940031","","Redirecionado","","","S","","","0","0,00","","A","","","N","A","S","1","","","","","1","","0",""
"4430","","","2338","AMS","334","","Redirecionado","","","S","","","0","0,00","","A","","","N","A","S","1","","","","","1","","0",""
"4431","","","2307","Com sugest. melhoria","565","796","","","","S","","","0","0,00","","A","","","N","A","S","1","","","","","1","","0",""
"4432","","","2307","Com crítica","565","796","","","","S","","","0","0,00","","A","","","N","A","S","1","","","","","1","","0",""
"4433","","","2308","Com sugest. melhoria","565","796","","","","S","","","0","0,00","","A","","","N","A","S","1","","","","","1","","0",""
"4434","","","2308","Com crítica","565","796","","","","S","","","0","0,00","","A","","","N","A","S","1","","","","","1","","0",""
"4435","","","2314","Com sugest. melhoria","567","686","","","","S","","","0","0,00","","A","","","N","A","S","1","","","","","1","","0",""
"4436","","","2314","Com crítica","567","686","","","","S","","","0","0,00","","A","","","N","A","S","1","","","","","1","","0",""
"4437","","","2312","Com sugest. melhoria","567","686","","","","S","","","0","0,00","","A","","","N","A","S","1","","","","","1","","0",""
"4438","","","2312","Com crítica","567","686","","","","S","","","0","0,00","","A","","","N","A","S","1","","","","","1","","0",""
"4439","","","2318","Com sugest. melhoria","566","686","","","","S","","","0","0,00","","A","","","N","A","S","1","","","","","1","","0",""
"4440","","","2318","Com crítica","566","686","","","","S","","","0","0,00","","A","","","N","A","S","1","","","","","1","","0",""
"4441","","","2319","Com crítica","566","686","","","","S","","","0","0,00","","A","","","N","A","S","1","","","","","1","","0",""
"4442","","","2319","Com sugest. melhoria","566","686","","","","S","","","0","0,00","","A","","","N","A","S","1","","","","","1","","0",""
"4443","","","2323","Com sugest. melhoria","568","686","","","","S","","","0","0,00","","A","","","N","A","S","1","","","","","1","","0",""
"4444","","","2323","Com crítica","568","686","","","","S","","","0","0,00","","A","","","N","A","S","1","","","","","1","","0",""
"4445","","","2324","Com sugest. melhoria","568","686","","","","S","","","0","0,00","","A","","","N","A","S","1","","","","","1","","0",""
"4446","","","2324","Com crítica","568","686","","","","S","","","0","0,00","","A","","","N","A","S","1","","","","","1","","0",""
"4447","","","2255","","531","576","","","","S","","","0","0,00","","A","","","N","A","S","1","","","","","1","","0",""
"4448","","","2346","","149","686","","","","S","","","0","0,00","","A","","1","N","A","N","1","","1","","","1","","0",""
"4449","","","2346","Com Parecer","285","1337","","","0","N","","","18","0,00","","A","","","N","A","S","1","","0","0","","1","0","0",""
"4462","","","2355","","940025","796","","","","S","","","0","0,00","","A","","","N","A","S","1","","","","","1","","0",""
"4465","","","2338","Adm","456","","Redirecionado","","","S","","","0","0,00","","A","","","N","A","S","1","","","","","1","","0",""
"4466","","","2328","AMS","334","","Redirecionada","","","S","","","0","0,00","","A","","","N","A","S","1","","","","","1","","0",""
"5078","","4","2698","","667","1136","","","","S","","","0","0,00","","A","","","N","A","S","","","","1","","1","","0",""
"5079","","12","2698","","667","1142","","","","S","","","0","0,00","","A","","","N","A","S","","","","1","","1","","0",""
"5080","","5","2698","","667","1137","","","","S","","","0","0,00","","A","","","N","A","S","","","","1","","1","","0",""
"5081","","10","2698","","667","1140","","","","S","","","0","0,00","","A","","","N","A","S","","","","1","","1","","0",""
"5082","","7","2698","","667","1138","","","","S","","","0","0,00","","A","","","N","A","S","","","","1","","1","","0",""
"5083","","1","2698","","667","1133","","","","S","","","0","0,00","","A","","","N","A","S","","","","1","","1","","0",""
"5084","","2","2699","Não Possui Peça","641","1094","","","","S","","","0","0,00","","A","","","N","A","S","1","","","1","","1","","0",""
"5085","","3","2699","Não Possui Peça","641","1095","","","","S","","","0","0,00","","A","","","N","A","S","","","","1","","1","","0",""
"5086","","9","2699","Não Possui Peça","641","1100","","","","S","","","0","0,00","","A","","","N","A","S","","","","1","","1","","0",""
"5087","","11","2699","Não Possui Peça","641","1099","","","","S","","","0","0,00","","A","","","N","A","S","","","","1","","1","","0",""
"5088","","4","2699","Não Possui Peça","641","1096","","","","S","","","0","0,00","","A","","","N","A","S","","","","1","","1","","0",""
"5089","","12","2699","Não Possui Peça","641","1130","","","","S","","","0","0,00","","A","","","N","A","S","","","","1","","1","","0",""
"5090","","5","2699","Não Possui Peça","641","1129","","","","S","","","0","0,00","","A","","","N","A","S","","","","1","","1","","0",""
"5091","","10","2699","Não Possui Peça","641","1098","","","","S","","","0","0,00","","A","","","N","A","S","","","","1","","1","","0",""
"5092","","7","2699","Não Possui Peça","641","1097","","","","S","","","0","0,00","","A","","","N","A","S","","","","1","","1","","0",""
"5093","","1","2699","Não Possui Peça","641","1093","","","","S","","","0","0,00","","A","","","N","A","S","","","","1","","1","","0",""
"5094","","1","2846","","641","1093","","","","S","","","0","0,00","","A","","","N","A","S","1","","","1","","1","","0",""
"5095","","2","2846","","641","1094","","","","S","","","0","0,00","","A","","","N","A","S","","","","1","","1","","0",""
"5096","","3","2846","","641","1095","","","","S","","","0","0,00","","A","","","N","A","S","","","","1","","1","","0",""
"5097","","9","2846","","641","1100","","","","S","","","0","0,00","","A","","","N","A","S","","","","1","","1","","0",""
"5098","","11","2846","","641","1099","","","","S","","","0","0,00","","A","","","N","A","S","","","","1","","1","","0",""
"5099","","4","2846","","641","1096","","","","S","","","0","0,00","","A","","","N","A","S","","","","1","","1","","0",""
"5100","","12","2846","","641","1130","","","","S","","","0","0,00","","A","","","N","A","S","","","","1","","1","","0",""
"5101","","5","2846","","641","1129","","","","S","","","0","0,00","","A","","","N","A","S","","","","1","","1","","0",""
"5102","","10","2846","","641","1098","","","","S","","","0","0,00","","A","","","N","A","S","","","","1","","1","","0",""
"5103","","7","2846","","641","1097","","","","S","","","0","0,00","","A","","","N","A","S","","","","1","","1","","0",""
"5104","","2","2699","Possui Peça","669","1108","","","","S","","","0","0,00","","A","","","N","A","S","1","","","1","","1","","0",""
"5105","","3","2699","Possui Peça","669","1109","","","","S","","","0","0,00","","A","","","N","A","S","","","","1","","1","","0",""
"5106","","9","2699","Possui Peça","669","1114","","","","S","","","0","0,00","","A","","","N","A","S","","","","1","","1","","0",""
"5107","","11","2699","Possui Peça","669","1113","","","","S","","","0","0,00","","A","","","N","A","S","","","","1","","1","","0",""
"5108","","4","2699","Possui Peça","669","1110","","","","S","","","0","0,00","","A","","","N","A","S","","","","1","","1","","0",""
"5109","","12","2699","Possui Peça","669","1144","","","","S","","","0","0,00","","A","","","N","A","S","","","","1","","1","","0",""
"5110","","5","2699","Possui Peça","669","1143","","","","S","","","0","0,00","","A","","","N","A","S","","","","1","","1","","0",""
"5111","","10","2699","Possui Peça","669","1112","","","","S","","","0","0,00","","A","","","N","A","S","","","","1","","1","","0",""
"5112","","7","2699","Possui Peça","669","1111","","","","S","","","0","0,00","","A","","","N","A","S","","","","1","","1","","0",""
"5113","","1","2699","Possui Peça","669","1107","","","","S","","","0","0,00","","A","","","N","A","S","","","","1","","1","","0",""
"4875","","","2547","COTA DE CONSÓRCIO","614","","","","","S","","","0","0,00","","A","","","N","A","N","1","","","","","1","","0",""
"4876","","","2548","","593","869","","","0","S","","","0","0,00","","A","","","N","A","S","1","","0","1","","1","0","0",""
"4877","","","2548","","608","","","","","S","","","0","0,00","","A","","","N","A","N","1","","1","","","1","","0",""
"4878","","","2549","","608","","","","","S","","","90","0,00","","A","","2","N","A","N","1","","1","","","1","","0",""
"4879","","","2550","","608","","","","","S","","","90","0,00","","A","","2","N","A","N","1","","1","","","1","","0",""
"4880","","","2555","","767","0","","","0","S","","","0","0,00","","A","","2","N","A","N","1","","1","0","","1","0","0",""
"4881","","","2547","MÁQUINA/IMPLEMENTO","609","0","","","0","S","","","0","0,00","","A","","","N","A","N","1","","0","0","","0","0","0",""
"4885","","","2569","","608","0","","","0","S","","","0","0,00","","A","","","N","A","N","1","","1","0","","0","0","0",""
"4886","","7","1342","","266","632","","","","N","","","0","0,00","","A","","","N","A","S","","","","","","1","","0",""
"4887","","4","1342","","266","632","","","","N","","","0","0,00","","A","","","N","A","S","","","","","","1","","0",""
"4888","","3","1342","","266","632","","","","N","","","0","0,00","","A","","","N","A","S","","","","","","1","","0",""
"4889","","2","1342","","266","632","","","","N","","","0","0,00","","A","","","N","A","S","","","","","","1","","0",""
"4890","","9","1342","","266","632","","","","N","","","0","0,00","","A","","","N","A","S","","","","","","1","","0",""
"4891","","11","1342","","266","632","","","","N","","","0","0,00","","A","","","N","A","S","","","","","","1","","0",""
"4892","","12","1342","","266","632","","","","N","","","0","0,00","","A","","","N","A","S","","","","","","1","","0",""
"4893","","5","1342","","266","632","","","","N","","","0","0,00","","A","","","N","A","S","","","","","","1","","0",""
"4894","","10","1342","","266","632","","","","N","","","0","0,00","","A","","","N","A","S","","","","","","1","","0",""
"4895","","1","1342","","266","632","","","","N","","","0","0,00","","A","","","N","A","S","","","","","","1","","0",""
"4896","","","2507","","826","867","","","0","N","","","0","0,00","","A","","","S","A","N","1","","0","0","","1","0","0",""
"4897","","","2531","","","861","","","","N","","","0","0,00","","A","","","S","C","S","1","","","","","1","","0",""
"4898","","","2536","","","861","","","","N","","","0","0,00","","A","","","S","C","S","1","","","","","1","","0",""
"4899","","","2538","","608","-12","","","","S","","","90","0,00","","A","","","N","A","N","1","","","","","1","","0",""
"4900","","","2524","","594","-6","","","","N","","","0","0,00","","A","","","S","A","S","1","","","","","1","","0",""
"4901","","","2570","","597","910","","","","S","","","0","0,00","","A","","","S","A","S","1","","","","","1","","0",""
"4902","","","2571","","593","869","Alterada Forma de Pagto","","0","S","","","0","0,00","","A","","","N","A","S","1","","0","1","","1","0","0",""
"4903","","","2573","","608","-15","","","0","S","","","0","0,00","","A","","","N","A","N","1","","0","0","","1","0","0",""
"4905","","","2577","","608","-12","","","","S","","","90","0,00","","A","","","N","A","N","1","","","","","1","","0",""
"4906","","1","2578","Verificação Contrato","612","1121","","","","S","","","0","0,00","","A","","","S","A","S","1","","","","","1","","0",""
"4907","","","2579","","608","-5","","","","N","","","0","0,00","","A","","","S","A","N","1","","","","","1","","0",""
"4908","","","2580","","608","-12","","","","S","","","90","0,00","","A","","","N","A","N","1","","","","","1","","0",""
"4909","","1","2582","","600","1121","Com Pendência","","","S","","","0","0,00","","A","","","N","A","S","1","","","","","1","","0",""
"4910","","","2583","","768","-5","","","0","N","","","0","0,00","","A","","","S","A","N","1","","0","0","","1","0","0",""
"4912","","","2585","","593","869","","","0","S","","","0","0,00","","A","","","N","A","S","100","","0","1","","1","0","0",""
"4913","","1","2587","","611","1121","","","","N","","","0","0,00","","A","","","S","A","S","1","","","","","1","","0",""
"4914","","","2588","","593","869","","","0","S","","","0","0,00","","A","","","N","A","S","1","","0","1","","1","0","0",""
"4915","","","2592","","608","-12","","","","S","","","90","0,00","","A","","","N","A","N","1","","0","","","1","","0",""
"5001","","","243","","620","686","","","","S","","","120","0,00","","A","","","N","A","S","1","","0","","","0","","0",""
"5002","","","2661","","940025","796","","","","S","","","0","0,00","","A","","","N","A","S","1","","","","","1","","0",""
"5003","","","2296","","940025","796","","","","S","","","0","0,00","","A","","","N","A","S","1","","","","","1","","0",""
"5004","","","2297","","940025","796","","","","S","","","0","0,00","","A","","","N","A","S","1","","","","","1","","0",""
"5005","","","2298","","940025","796","","","","S","","","0","0,00","","A","","","N","A","S","1","","","","","1","","0",""
"5006","","","2299","","940025","796","","","","S","","","0","0,00","","A","","","N","A","S","1","","","","","1","","0",""
"5007","","","2294","","940025","796","","","","S","","","0","0,00","","A","","","N","A","S","1","","","","","1","","0",""
"5008","","","2668","","940025","796","","","","S","","","0","0,00","","A","","","N","A","S","1","","","1","","1","","0",""
"5009","","","2677","","623","879","","","","S","","","0","0,00","","A","","","N","A","S","1","","","","","1","","0",""
"5010","","","2679","","624","879","","","","S","","","0","0,00","","A","","","N","A","S","1","","","","","1","","0",""
"5011","","","2487","","767","0","","","0","N","","","0","0,00","","A","","","N","A","S","1","","0","0","","1","0","0",""
"5012","","","2529","","625","1048","","","","N","","","0","0,00","","A","","","S","A","S","1","","","","","1","","0",""
"5013","","","2530","","625","1048","","","","N","","","0","0,00","","A","","","S","A","S","","","","","","1","","0",""
"5014","","1","2595","","601","1121","Com Pendência","","","N","","","0","0,00","","A","","","S","A","S","1","","","","","1","","0",""
"5015","","7","2595","","601","1122","Com Pendência","","","N","","","0","0,00","","A","","","S","A","S","","","","","","1","","0",""
"5016","","9","2595","","601","1123","Com Pendência","","","N","","","0","0,00","","A","","","S","A","S","","","","","","1","","0",""
"5017","","3","2595","","601","1124","Com Pendência","","","N","","","0","0,00","","A","","","S","A","S","","","","","","1","","0",""
"5018","","11","2595","","601","1125","Com Pendência","","","N","","","0","0,00","","A","","","S","A","S","","","","","","1","","0",""
"5019","","2","2595","","601","1126","Com Pendência","","","N","","","0","0,00","","A","","","S","A","S","","","","","","1","","0",""
"5020","","12","2595","","601","1127","Com Pendência","","","N","","","0","0,00","","A","","","S","A","S","","","","","","1","","0",""
"5021","","1","2686","Peças Cliente","656","1093","","","","S","","","0","0,00","","A","","","N","A","S","1","","","1","","1","","0",""
"5022","","7","2686","Peças Cliente","656","1097","","","","S","","","0","0,00","","A","","","N","A","S","1","","","1","","1","","0",""
"5023","","10","2686","Peças Cliente","656","1098","","","","S","","","0","0,00","","A","","","N","A","S","1","","","1","","1","","0",""
"5024","","5","2686","Peças Cliente","656","1129","","","","S","","","0","0,00","","A","","","N","A","S","1","","","1","","1","","0",""
"5025","","12","2686","Peças Cliente","656","1130","","","","S","","","0","0,00","","A","","","N","A","S","1","","","1","","1","","0",""
"5026","","4","2686","Peças Cliente","656","1096","","","","S","","","0","0,00","","A","","","N","A","S","1","","","1","","1","","0",""
"5027","","11","2686","Peças Cliente","656","1099","","","","S","","","0","0,00","","A","","","N","A","S","1","","","1","","1","","0",""
"5028","","9","2686","Peças Cliente","656","1100","","","","S","","","0","0,00","","A","","","N","A","S","1","","","1","","1","","0",""
"5029","","3","2686","Peças Cliente","656","1095","","","","S","","","0","0,00","","A","","","N","A","S","1","","","1","","1","","0",""
"5030","","2","2686","Peças Cliente","656","1094","","","","S","","","0","0,00","","A","","","N","A","S","1","","","1","","1","","0",""
"5031","","","2686","Fábrica e Tracbel Ag","652","1132","","","","S","","","0","0,00","","A","","","N","A","S","1","","","1","","1","","0",""
"5032","","1","2687","","647","1093","","","","S","","","0","0,00","","A","","","N","A","S","","","","1","","1","","0",""
"5033","","7","2687","","647","1097","","","","S","","","0","0,00","","A","","","N","A","S","","","","1","","1","","0",""
"5034","","10","2687","","647","1098","","","","S","","","0","0,00","","A","","","N","A","S","","","","1","","1","","0",""
"5035","","5","2687","","647","1129","","","","S","","","0","0,00","","A","","","N","A","S","","","","1","","1","","0",""
"5036","","12","2687","","647","1130","","","","S","","","0","0,00","","A","","","N","A","S","","","","1","","1","","0",""
"5037","","4","2687","","647","1096","","","","S","","","0","0,00","","A","","","N","A","S","","","","1","","1","","0",""
"5152","","5","2708","","","1143","","","","S","","","0","0,00","","A","","","N","C","S","","","","1","","1","","0",""
"5153","","10","2708","","","1112","","","","S","","","0","0,00","","A","","","N","C","S","","","","1","","1","","0",""
"5154","","7","2708","","","1111","","","","S","","","0","0,00","","A","","","N","C","S","","","","1","","1","","0",""
"5155","","1","2708","","","1107","","","","S","","","0","0,00","","A","","","N","C","S","","","","1","","1","","0",""
"5156","","2","2709","","","1108","","","","S","","","0","0,00","","A","","","N","C","S","1","","","1","","1","","0",""
"5157","","3","2709","","","1109","","","","S","","","0","0,00","","A","","","N","C","S","","","","1","","1","","0",""
"5158","","9","2709","","","1114","","","","S","","","0","0,00","","A","","","N","C","S","","","","1","","1","","0",""
"5159","","11","2709","","","1113","","","","S","","","0","0,00","","A","","","N","C","S","","","","1","","1","","0",""
"5160","","4","2709","","","1110","","","","S","","","0","0,00","","A","","","N","C","S","","","","1","","1","","0",""
"5161","","12","2709","","","1144","","","","S","","","0","0,00","","A","","","N","C","S","","","","1","","1","","0",""
"5162","","5","2709","","","1143","","","","S","","","0","0,00","","A","","","N","C","S","","","","1","","1","","0",""
"5163","","10","2709","","","1112","","","","S","","","0","0,00","","A","","","N","C","S","","","","1","","1","","0",""
"5164","","7","2709","","","1111","","","","S","","","0","0,00","","A","","","N","C","S","","","","1","","1","","0",""
"5165","","1","2709","","","1107","","","","S","","","0","0,00","","A","","","N","C","S","","","","1","","1","","0",""
"5166","","","2711","","638","","","","","N","","","0","0,00","","A","","","S","A","S","1","","","","","1","","0",""
"5167","","","2712","","","991","","","","N","","","0","0,00","","A","","","N","C","S","1","","","","","1","","0",""
"5168","","2","2715","Assembly","654","1094","","","","S","","","0","0,00","","A","","","N","A","S","1","","","","","1","","0",""
"5169","","3","2715","Assembly","654","1095","","","","S","","","0","0,00","","A","","","N","A","S","1","","","","","1","","0",""
"5170","","9","2715","Assembly","654","1100","","","","S","","","0","0,00","","A","","","N","A","S","1","","","","","1","","0",""
"5171","","11","2715","Assembly","654","1099","","","","S","","","0","0,00","","A","","","N","A","S","1","","","","","1","","0",""
"5172","","4","2715","Assembly","654","1096","","","","S","","","0","0,00","","A","","","N","A","S","1","","","","","1","","0",""
"5173","","12","2715","Assembly","654","1130","","","","S","","","0","0,00","","A","","","N","A","S","1","","","","","1","","0",""
"5174","","5","2715","Assembly","654","1129","","","","S","","","0","0,00","","A","","","N","A","S","1","","","","","1","","0",""
"5175","","10","2715","Assembly","654","1098","","","","S","","","0","0,00","","A","","","N","A","S","1","","","","","1","","0",""
"5176","","1","2715","Assembly","654","1093","","","","S","","","0","0,00","","A","","","N","A","S","1","","","","","1","","0",""
"5177","","2","2715","Cortesia","668","1094","","","","S","","","0","0,00","","A","","","N","A","S","1","","","","","1","","0",""
"5178","","3","2715","Cortesia","668","1095","","","","S","","","0","0,00","","A","","","N","A","S","","","","","","1","","0",""
"5179","","9","2715","Cortesia","668","1100","","","","S","","","0","0,00","","A","","","N","A","S","","","","","","1","","0",""
"5180","","11","2715","Cortesia","668","1099","","","","S","","","0","0,00","","A","","","N","A","S","","","","","","1","","0",""
"5181","","4","2715","Cortesia","668","1096","","","","S","","","0","0,00","","A","","","N","A","S","","","","","","1","","0",""
"5182","","12","2715","Cortesia","668","1130","","","","S","","","0","0,00","","A","","","N","A","S","","","","","","1","","0",""
"5183","","5","2715","Cortesia","668","1129","","","","S","","","0","0,00","","A","","","N","A","S","","","","","","1","","0",""
"5184","","10","2715","Cortesia","668","1098","","","","S","","","0","0,00","","A","","","N","A","S","","","","","","1","","0",""
"5185","","7","2715","Cortesia","668","1097","","","","S","","","0","0,00","","A","","","N","A","S","","","","","","1","","0",""
"5186","","1","2715","Cortesia","668","1093","","","","S","","","0","0,00","","A","","","N","A","S","","","","","","1","","0",""
"5187","","2","2715","Garantia","654","1094","","","","S","","","0","0,00","","A","","","N","A","S","1","","","","","1","","0",""
"5188","","3","2715","Garantia","654","1095","","","","S","","","0","0,00","","A","","","N","A","S","","","","","","1","","0",""
"5225","","1","2716","Falta de Peça","667","1133","","","","S","","","0","0,00","","A","","","N","A","S","","","","1","","1","","0",""
"5226","","","2716","Equip Não Encontrado","628","","","","","S","","","0","0,00","","A","","","N","A","S","1","","","","","1","","0",""
"5227","","","2716","Condição Climática","628","","","","","S","","","0","0,00","","A","","","N","A","S","1","","","","","1","","0",""
"5228","","","2716","Precisa de mais dias","628","","","","","S","","","0","0,00","","A","","","N","A","S","1","","","","","1","","0",""
"5229","","","2718","","652","1132","","","","S","","","0","0,00","","A","","","N","A","S","1","","","1","","1","","0",""
"5230","","2","2718","","","1108","","","","S","","","0","0,00","","A","","","N","C","S","","","","","","1","","0",""
"5231","","3","2718","","","1109","","","","S","","","0","0,00","","A","","","N","C","S","","","","","","1","","0",""
"5232","","9","2718","","","1114","","","","S","","","0","0,00","","A","","","N","C","S","","","","","","1","","0",""
"5233","","11","2718","","","1113","","","","S","","","0","0,00","","A","","","N","C","S","","","","","","1","","0",""
"5234","","4","2718","","","1110","","","","S","","","0","0,00","","A","","","N","C","S","","","","","","1","","0",""
"5235","","12","2718","","","1144","","","","S","","","0","0,00","","A","","","N","C","S","","","","","","1","","0",""
"5236","","5","2718","","","1143","","","","S","","","0","0,00","","A","","","N","C","S","","","","","","1","","0",""
"5237","","10","2718","","","1112","","","","S","","","0","0,00","","A","","","N","C","S","","","","","","1","","0",""
"5238","","7","2718","","","1111","","","","S","","","0","0,00","","A","","","N","C","S","","","","","","1","","0",""
"5239","","1","2718","","","1107","","","","S","","","0","0,00","","A","","","N","C","S","","","","","","1","","0",""
"5240","","2","2720","","647","1094","","","","S","","","0","0,00","","A","","","N","A","S","1","","","1","","1","","0",""
"5241","","3","2720","","647","1095","","","","S","","","0","0,00","","A","","","N","A","S","","","","1","","1","","0",""
"5242","","9","2720","","647","1100","","","","S","","","0","0,00","","A","","","N","A","S","","","","1","","1","","0",""
"5243","","11","2720","","647","1099","","","","S","","","0","0,00","","A","","","N","A","S","","","","1","","1","","0",""
"5244","","4","2720","","647","1096","","","","S","","","0","0,00","","A","","","N","A","S","","","","1","","1","","0",""
"5245","","12","2720","","647","1130","","","","S","","","0","0,00","","A","","","N","A","S","","","","1","","1","","0",""
"5246","","5","2720","","647","1129","","","","S","","","0","0,00","","A","","","N","A","S","","","","1","","1","","0",""
"5247","","10","2720","","647","1098","","","","S","","","0","0,00","","A","","","N","A","S","","","","1","","1","","0",""
"5248","","7","2720","","647","1097","","","","S","","","0","0,00","","A","","","N","A","S","","","","1","","1","","0",""
"5249","","1","2720","","647","1093","","","","S","","","0","0,00","","A","","","N","A","S","","","","1","","1","","0",""
"5250","","2","2723","","648","1094","","","","S","","","0","0,00","","A","","","N","A","S","1","","","1","","1","","0",""
"5251","","3","2723","","648","1095","","","","S","","","0","0,00","","A","","","N","A","S","","","","1","","1","","0",""
"5252","","9","2723","","648","1100","","","","S","","","0","0,00","","A","","","N","A","S","","","","1","","1","","0",""
"5253","","11","2723","","648","1099","","","","S","","","0","0,00","","A","","","N","A","S","","","","1","","1","","0",""
"5254","","4","2723","","648","1096","","","","S","","","0","0,00","","A","","","N","A","S","","","","1","","1","","0",""
"5255","","12","2723","","648","1130","","","","S","","","0","0,00","","A","","","N","A","S","","","","1","","1","","0",""
"5256","","5","2723","","648","1129","","","","S","","","0","0,00","","A","","","N","A","S","","","","1","","1","","0",""
"5257","","10","2723","","648","1098","","","","S","","","0","0,00","","A","","","N","A","S","","","","1","","1","","0",""
"5258","","7","2723","","648","1097","","","","S","","","0","0,00","","A","","","N","A","S","","","","1","","1","","0",""
"5259","","1","2723","","648","1093","","","","S","","","0","0,00","","A","","","N","A","S","","","","1","","1","","0",""
"5260","","","2725","","651","","","","","N","","","0","0,00","","A","","","S","A","S","1","","","","","1","","0",""
"5261","","","2730","Apenas Serviço","628","","","","","N","","","0","0,00","","A","","","S","A","S","1","","","","","1","","0",""
"5262","","","2730","Com Peças","667","1132","","","","S","","","0","0,00","","A","","","N","A","S","1","","","1","","1","","0",""
"5263","","","2731","","632","","","","","N","","","0","0,00","","A","","","S","A","S","1","","","","","1","","0",""
"9034","","7","3590","","774","1122","Corrigir Orçamento Extra","","0","S","","","0","0,00","","A","","2","N","A","S","100","","0","1","0","1","0","",""
"9035","","1","3590","","774","1121","Corrigir Orçamento Extra","","0","S","","","0","0,00","","A","","2","N","A","S","100","","0","1","0","1","0","",""
"9036","","13","3590","","774","1255","Corrigir Orçamento Extra","","0","S","","","0","0,00","","A","","2","N","A","S","100","","0","1","0","1","0","",""
"9037","","17","3590","","774","1259","Corrigir Orçamento Extra","","0","S","","","0","0,00","","A","","2","N","A","S","100","","0","1","0","1","0","",""
"9038","","16","3590","","774","1258","Corrigir Orçamento Extra","","0","S","","","0","0,00","","A","","2","N","A","S","100","","0","1","0","1","0","",""
"9039","","","3591","","845","0","Venda Peças Balcão","","0","S","","","0","0,00","","A","","2","S","A","S","100","","0","0","0","1","0","",""
"9040","","","3597","","767","0","","","0","S","","","0","0,00","","A","","2","N","A","S","100","","0","0","0","1","0","0",""
"9041","","","3598","","808","811","AMS","","0","S","","","0","0,00","","A","","2","N","A","S","100","","0","0","0","1","0","",""
"9042","","","3239","Venda de Seminovo","771","1083","Venda de Seminovo","","0","S","","","0","0,00","","A","","2","N","A","S","100","","0","0","0","1","0","",""
"9043","","","3223","Seminovos","768","0","Seminovos","","0","S","","","0","0,00","","A","","2","N","A","S","100","","0","0","0","1","0","",""
"9044","","","2430","Barretos","578","1109","","","0","S","","","0","0,00","","A","","2","N","A","S","100","","0","0","0","1","0","0",""
"9045","","","2430","Bebedouro","578","1114","","","0","S","","","0","0,00","","A","","2","N","A","S","100","","0","0","0","1","0","",""
"9046","","","2430","Catanduva","578","1116","","","0","S","","","0","0,00","","A","","2","N","A","S","100","","0","0","0","1","0","",""
"9047","","","2430","Franca","578","1113","","","0","S","","","0","0,00","","A","","2","N","A","S","100","","0","0","0","1","0","",""
"9048","","","2430","Guaira","578","1110","","","0","S","","","0","0,00","","A","","2","N","A","S","100","","0","0","0","1","0","0",""
"9049","","","2430","Itapolis","578","1144","","","0","S","","","0","0,00","","A","","2","N","A","S","100","","0","0","0","1","0","",""
"9050","","","2430","Ituverava","578","1143","","","0","S","","","0","0,00","","A","","2","N","A","S","100","","0","0","0","1","0","",""
"9051","","","2430","Jales","578","1117","","","0","S","","","0","0,00","","A","","2","N","A","S","100","","0","0","0","1","0","",""
"9052","","","2430","Marilia","578","1120","","","0","S","","","0","0,00","","A","","2","N","A","S","100","","0","0","0","1","0","",""
"9053","","","2430","Monte Alto","578","1112","","","0","S","","","0","0,00","","A","","2","N","A","S","100","","0","0","0","1","0","",""
"9054","","","2430","Orlandia","578","1111","","","0","S","","","0","0,00","","A","","2","N","A","S","100","","0","0","0","1","0","",""
"9055","","","2430","Ribeirão Preto","578","1107","","","0","S","","","0","0,00","","A","","2","N","A","S","100","","0","0","0","1","0","",""
"9056","","","2430","São José do Rio Preto","578","1115","","","0","S","","","0","0,00","","A","","2","N","A","S","100","","0","0","0","1","0","",""
"9057","","","2430","Tupa","578","1119","","","0","S","","","0","0,00","","A","","2","N","A","S","100","","0","0","0","1","0","",""
"9058","","","2430","Votuporanga","578","1118","","","0","S","","","0","0,00","","A","","2","N","A","S","100","","0","0","0","1","0","",""
"9059","","","2432","Saída demonstração","579","1406","","","0","S","","","0","0,00","","A","","2","N","A","S","100","","0","1","0","1","0","0",""
"9060","","","3231","","767","-12","","","0","S","","","0","0,00","","A","","2","N","A","N","100","","1","0","0","1","0","0",""
"9061","","","2440","","","656","Preparação Não Realizada","","0","S","","","0","0,00","","A","","2","S","C","S","100","","0","0","0","1","0","0",""
"9062","","","3601","","706","1449","","","0","S","","","0","0,00","","A","","2","N","A","S","100","","0","0","0","1","0","0",""
"9063","","","3602","","706","1449","","","0","S","","","0","0,00","","A","","2","N","A","S","100","","0","0","0","1","0","0",""
"9064","","","3603","","706","1449","","","0","S","","","0","0,00","","A","","2","N","A","S","100","","0","0","0","1","0","0",""
"9065","","","3229","","861","1438","","","0","S","","","0","0,00","","A","","2","S","A","S","100","","0","0","0","1","0","0",""
"9066","","","3235","","767","0","","","0","S","","","0","0,00","","A","","2","N","A","N","100","","1","0","0","1","0","0",""
"9067","","","3236","","767","0","","","0","S","","","0","0,00","","A","","2","N","A","N","100","","1","0","0","1","0","0",""
"9068","","","3237","","767","0","","","0","S","","","0","0,00","","A","","2","N","A","N","100","","1","0","0","1","0","0",""
"9069","","","3464","Com AMS","","811","","","0","S","","","0","0,00","","A","","2","S","C","S","100","","0","0","0","1","0","0",""
"9070","","3","2519","","826","1400","","","0","N","","","0","0,00","","A","","2","S","A","N","100","","0","0","0","1","0","",""
"9071","","9","2519","","826","1400","","","0","N","","","0","0,00","","A","","2","S","A","N","100","","0","0","0","1","0","",""
"9072","","11","2519","","826","1400","","","0","N","","","0","0,00","","A","","2","S","A","N","100","","0","0","0","1","0","",""
"9073","","12","2519","","826","1400","","","0","N","","","0","0,00","","A","","2","S","A","N","100","","0","0","0","1","0","",""
"9074","","7","2519","","826","867","","","0","N","","","0","0,00","","A","","2","S","A","N","100","","0","0","0","1","0","",""
"9075","","1","2519","","826","867","","","0","N","","","0","0,00","","A","","2","S","A","N","100","","0","0","0","1","0","",""
"9076","","13","2519","","826","867","","","0","N","","","0","0,00","","A","","2","S","A","N","100","","0","0","0","1","0","",""
"9077","","5","2519","","826","867","","","0","N","","","0","0,00","","A","","2","S","A","N","100","","0","0","0","1","0","",""
"9078","","14","2519","","826","867","","","0","N","","","0","0,00","","A","","2","S","A","N","100","","0","0","0","1","0","",""
"9079","","15","2519","","826","867","","","0","N","","","0","0,00","","A","","2","S","A","N","100","","0","0","0","1","0","",""
"9080","","16","2519","","826","867","","","0","N","","","0","0,00","","A","","2","S","A","N","100","","0","0","0","1","0","",""
"9081","","17","2519","","826","867","","","0","N","","","0","0,00","","A","","2","S","A","N","100","","0","0","0","1","0","",""
"9082","","18","2519","","826","867","","","0","N","","","0","0,00","","A","","2","S","A","N","100","","0","0","0","1","0","",""
"9083","","10","2519","","826","1400","","","0","N","","","0","0,00","","A","","2","S","A","N","100","","0","0","0","1","0","",""
"9084","","4","2519","","826","1400","","","0","N","","","0","0,00","","A","","2","S","A","N","100","","0","0","0","1","0","",""
"9085","","9","2578","","826","1400","","","0","N","","","0","0,00","","A","","2","S","A","N","100","","0","0","0","1","0","",""
"9086","","10","2578","","826","1400","","","0","N","","","0","0,00","","A","","2","S","A","N","100","","0","0","0","1","0","",""
"9087","","3","2578","","826","1400","","","0","N","","","0","0,00","","A","","2","S","A","N","100","","0","0","0","1","0","",""
"9088","","4","2578","","826","1400","","","0","N","","","0","0,00","","A","","2","S","A","N","100","","0","0","0","1","0","",""
"9089","","11","2578","","826","1400","","","0","N","","","0","0,00","","A","","2","S","A","N","100","","0","0","0","1","0","",""
"9090","","12","2578","","826","1400","","","0","N","","","0","0,00","","A","","2","S","A","N","100","","0","0","0","1","0","",""
"9091","","7","2578","","826","867","","","0","N","","","0","0,00","","A","","2","S","A","N","100","","0","0","0","1","0","",""
"9092","","5","2578","","826","867","","","0","N","","","0","0,00","","A","","2","S","A","N","100","","0","0","0","1","0","",""
"9093","","1","2578","","826","867","","","0","N","","","0","0,00","","A","","2","S","A","N","100","","0","0","0","1","0","",""
"9094","","13","2578","","826","867","","","0","N","","","0","0,00","","A","","2","S","A","N","100","","0","0","0","1","0","",""
"9095","","14","2578","","826","867","","","0","N","","","0","0,00","","A","","2","S","A","N","100","","0","0","0","1","0","",""
"9096","","15","2578","","826","867","","","0","N","","","0","0,00","","A","","2","S","A","N","100","","0","0","0","1","0","",""
"9097","","17","2578","","826","867","","","0","N","","","0","0,00","","A","","2","S","A","N","100","","0","0","0","1","0","",""
"9098","","16","2578","","826","867","","","0","N","","","0","0,00","","A","","2","S","A","N","100","","0","0","0","1","0","",""
"5301","","1","2750","Foto Incorreta","666","1093","Inserir Cód de Rastreamento","","","S","","","0","0,00","","A","","","N","A","S","","","","","","1","","0",""
"5302","","2","2750","S/ Cód Rastreamento","666","1094","Inserir Cód de Rastreamento","","","S","","","0","0,00","","A","","","N","A","S","1","","","","","1","","0",""
"5303","","3","2750","S/ Cód Rastreamento","666","1095","Inserir Cód de Rastreamento","","","S","","","0","0,00","","A","","","N","A","S","","","","","","1","","0",""
"5304","","9","2750","S/ Cód Rastreamento","666","1100","Inserir Cód de Rastreamento","","","S","","","0","0,00","","A","","","N","A","S","","","","","","1","","0",""
"5305","","11","2750","S/ Cód Rastreamento","666","1099","Inserir Cód de Rastreamento","","","S","","","0","0,00","","A","","","N","A","S","","","","","","1","","0",""
"5306","","4","2750","S/ Cód Rastreamento","666","1096","Inserir Cód de Rastreamento","","","S","","","0","0,00","","A","","","N","A","S","","","","","","1","","0",""
"5307","","12","2750","S/ Cód Rastreamento","666","1130","Inserir Cód de Rastreamento","","","S","","","0","0,00","","A","","","N","A","S","","","","","","1","","0",""
"5308","","5","2750","S/ Cód Rastreamento","666","1129","Inserir Cód de Rastreamento","","","S","","","0","0,00","","A","","","N","A","S","","","","","","1","","0",""
"5309","","10","2750","S/ Cód Rastreamento","666","1098","Inserir Cód de Rastreamento","","","S","","","0","0,00","","A","","","N","A","S","","","","","","1","","0",""
"5310","","7","2750","S/ Cód Rastreamento","666","1097","Inserir Cód de Rastreamento","","","S","","","0","0,00","","A","","","N","A","S","","","","","","1","","0",""
"5311","","1","2750","S/ Cód Rastreamento","666","1093","Inserir Cód de Rastreamento","","","S","","","0","0,00","","A","","","N","A","S","","","","","","1","","0",""
"5312","","","2752","","627","991","","","","S","","","0","0,00","","A","","","N","A","S","1","","","","","1","","0",""
"5313","","2","2753","","648","1094","","","","S","","","0","0,00","","A","","","N","A","S","1","","","1","","1","","0",""
"5314","","3","2753","","648","1095","","","","S","","","0","0,00","","A","","","N","A","S","","","","1","","1","","0",""
"5315","","9","2753","","648","1100","","","","S","","","0","0,00","","A","","","N","A","S","","","","1","","1","","0",""
"5316","","11","2753","","648","1099","","","","S","","","0","0,00","","A","","","N","A","S","","","","1","","1","","0",""
"5317","","4","2753","","648","1096","","","","S","","","0","0,00","","A","","","N","A","S","","","","1","","1","","0",""
"5318","","12","2753","","648","1130","","","","S","","","0","0,00","","A","","","N","A","S","","","","1","","1","","0",""
"5319","","5","2753","","648","1129","","","","S","","","0","0,00","","A","","","N","A","S","","","","1","","1","","0",""
"5320","","10","2753","","648","1098","","","","S","","","0","0,00","","A","","","N","A","S","","","","1","","1","","0",""
"5321","","7","2753","","648","1097","","","","S","","","0","0,00","","A","","","N","A","S","","","","1","","1","","0",""
"5322","","1","2753","","648","1093","","","","S","","","0","0,00","","A","","","N","A","S","","","","1","","1","","0",""
"5323","","2","2754","","648","1094","","","","S","","","0","0,00","","A","","","N","A","S","1","","","","","1","","0",""
"5324","","3","2754","","648","1095","","","","S","","","0","0,00","","A","","","N","A","S","","","","","","1","","0",""
"5325","","9","2754","","648","1100","","","","S","","","0","0,00","","A","","","N","A","S","","","","","","1","","0",""
"5326","","11","2754","","648","1099","","","","S","","","0","0,00","","A","","","N","A","S","","","","","","1","","0",""
"5327","","4","2754","","648","1096","","","","S","","","0","0,00","","A","","","N","A","S","","","","","","1","","0",""
"5328","","12","2754","","648","1130","","","","S","","","0","0,00","","A","","","N","A","S","","","","","","1","","0",""
"5329","","5","2754","","648","1129","","","","S","","","0","0,00","","A","","","N","A","S","","","","","","1","","0",""
"5330","","10","2754","","648","1098","","","","S","","","0","0,00","","A","","","N","A","S","","","","","","1","","0",""
"5331","","7","2754","","648","1097","","","","S","","","0","0,00","","A","","","N","A","S","","","","","","1","","0",""
"5332","","1","2754","","648","1093","","","","S","","","0","0,00","","A","","","N","A","S","","","","","","1","","0",""
"5333","","","2758","","631","1132","","","","S","","","0","0,00","","A","","","N","A","S","1","","","","","1","","0",""
"5334","","2","2761","","667","1134","","","","S","","","0","0,00","","A","","","N","A","S","1","","","1","","1","","0",""
"5335","","3","2761","","667","1135","","","","S","","","0","0,00","","A","","","N","A","S","","","","1","","1","","0",""
"2545","","1","1586","Implemento","768","0","Prospecção","","0","S","","","0","0,00","","A","","","N","A","N","100","","0","0","","1","0","0",""
"2550","","3","1586","Agricultura Precisão","768","0","Prospecção","","0","S","","","0","0,00","","A","","","N","A","N","100","","0","0","","1","0","0",""
"2555","","","1589","Contato impossível","378","516","","","","S","","","0","0,00","","A","","","S","A","S","","","","","","1","","0",""
"2560","","1","1586","Agricultura Precisão","768","0","Prospecção","","0","S","","","0","0,00","","A","","","N","A","N","1","","0","0","","1","0","0",""
"2561","","2","1586","Agricultura Precisão","768","0","Prospecção","","0","S","","","0","0,00","","A","","","N","A","N","1","","0","0","","1","0","0",""
"2562","","3","1586","Agricultura Precisão","131","","Prospecção","","","S","","","0","0,00","","A","","","N","A","S","1","","","","","1","","0",""
"2563","","11","1586","Agricultura Precisão","768","0","Prospecção","","0","S","","","0","0,00","","A","","","N","A","N","1","","0","0","","1","0","0",""
"2565","","7","1586","Agricultura Precisão","768","0","Prospecção","","0","S","","","0","0,00","","A","","","N","A","N","1","","0","0","","1","0","0",""
"2566","","7","1586","Implemento","768","0","Prospecção","","0","S","","","0","0,00","","A","","","N","A","N","1","","0","0","","1","0","0",""
"2567","","7","1586","Máquina Agrícola","768","0","Prospecção","","0","S","","","0","0,00","","A","","","N","A","N","1","","0","0","","1","0","0",""
"2569","","7","1586","Máquina Agrícola","","782","Prospecção","","","N","","","0","0,00","","A","","","N","C","S","1","","","","","1","","0",""
"2570","","1","1586","Máquina Agrícola","","127","Prospecção","","","N","","","0","0,00","","A","","","N","C","S","1","","","","","1","","0",""
"2574","","","1586","","","516","Prospecção","","","N","","","0","0,00","","A","","","N","C","S","1","","","","","1","","0",""
"2583","","","1604","","376","516","","","","S","","","0","0,00","","A","","","N","A","S","1","","","","","1","","0",""
"2587","","","1414","Processo Completo","333","","","","","S","","","0","0,00","","A","","","N","A","S","1","","","","","1","","0",""
"2590","","","1606","","380","","","","","S","","","0","0,00","","A","","","N","A","N","1","","1","","","1","","0",""
"2591","","","1606","","379","","","","","S","","","0","0,00","","A","","","N","A","N","1","","1","","","1","","0",""
"2592","","","1291","","299","","","","","S","","","0","0,00","","A","","","N","A","S","1","","","","","1","","0",""
"2593","","","1606","","299","","","","","S","","","0","0,00","","A","","","N","A","S","1","","","","","1","","0",""
"2594","","","1612","","381","","","","","S","","","30","0,00","","A","","","N","A","N","1","","","","","1","","0",""
"2603","","","664","","94","656","","","","S","","","0","0,00","","A","","","N","A","S","1","","","","","1","","0",""
"2604","","","440","","384","489","","","","S","","","0","0,00","","A","","","N","A","S","1","","","","","1","","0",""
"2605","","","1623","","97","576","","","","S","","","0","0,00","","A","","","N","A","S","1","","","","","1","","0",""
"2607","","","666","","386","1272","","","0","S","","","0","0,00","","A","","","N","A","S","1","","0","0","","0","0","0",""
"2611","","","436","Parcial","94","","","","","S","","","0","0,00","","A","","","N","A","S","1","","","","","1","","0",""
"2615","","","1632","","384","489","","","","S","","","0","0,00","","A","","","N","A","S","1","","","","","1","","0",""
"2620","","","1641","","382","-15","Oportunidade Prospecção","","0","S","","","0","0,00","","A","","","N","A","N","1","","0","0","","1","0","0",""
"2621","","","1611","","382","","","","","S","","","0","0,00","","A","","","N","A","N","1","","0","","","1","","0",""
"2630","","","1607","","381","","","","","S","","","30","0,00","","A","","","N","A","N","1","","1","","","1","","0",""
"2631","","","1613","","381","","","","","S","","","0","0,00","","A","","","N","A","N","1","","","","","1","","0",""
"2632","","","1616","","393","","","","","S","","","0","0,00","","A","","","N","A","S","1","","","","","1","","0",""
"2633","","","1648","Peças","382","-15","","","","S","","","0","0,00","","A","","","N","A","N","1","","","","","1","","0",""
"2635","","","1653","","394","0","","","0","S","","","0","0,00","","A","","","N","A","S","1","","0","0","","1","0","0",""
"2636","","","1658","","395","817","Total","","0","S","","","0","0,00","","A","","","N","A","S","1","","0","0","","1","0","0",""
"2638","","","1662","","382","","","","","S","","","0","0,00","","A","","","N","A","N","1","","","","","1","","0",""
"2641","","","1644","","390","","","","","N","","","30","0,00","","A","","","N","A","S","1","","","","","1","","0",""
"5999","","4","2970","","692","1110","","","0","S","","","0","0,00","","A","","0","N","A","S","1","","0","1","0","1","","0",""
"6000","","12","2970","","692","1144","","","0","S","","","0","0,00","","A","","0","N","A","S","1","","0","1","0","1","","0",""
"6001","","3","2966","","692","1109","","","0","S","","","0","0,00","","A","","0","N","A","S","1","","0","1","0","1","","0",""
"6002","","9","2966","","692","1114","","","0","S","","","0","0,00","","A","","0","N","A","S","1","","0","1","0","1","","0",""
"6003","","11","2966","","692","1113","","","0","S","","","0","0,00","","A","","0","N","A","S","1","","0","1","0","1","","0",""
"6004","","4","2966","","692","1110","","","0","S","","","0","0,00","","A","","0","N","A","S","1","","0","1","0","1","","0",""
"6005","","12","2966","","692","1144","","","0","S","","","0","0,00","","A","","0","N","A","S","1","","0","1","0","1","","0",""
"6006","","3","2926","","686","1283","","","0","S","","","0","0,00","","A","","0","N","A","S","1","","0","1","0","1","","0",""
"6007","","9","2926","","686","1288","","","0","S","","","0","0,00","","A","","0","N","A","S","1","","0","1","0","1","","0",""
"6008","","11","2926","","686","1287","","","0","S","","","0","0,00","","A","","0","N","A","S","1","","0","1","0","1","","0",""
"6009","","4","2926","","686","1284","","","0","S","","","0","0,00","","A","","0","N","A","S","1","","0","1","0","1","","0",""
"6010","","12","2926","","686","1289","","","0","S","","","0","0,00","","A","","0","N","A","S","1","","0","1","0","1","","0",""
"6011","","3","2968","","687","1109","","","0","S","","","0","0,00","","A","","0","N","A","S","1","","0","1","0","1","","0",""
"6012","","9","2968","","687","1114","","","0","S","","","0","0,00","","A","","0","N","A","S","1","","0","1","0","1","","0",""
"6013","","11","2968","","687","1113","","","0","S","","","0","0,00","","A","","0","N","A","S","1","","0","1","0","1","","0",""
"6014","","4","2968","","687","1110","","","0","S","","","0","0,00","","A","","0","N","A","S","1","","0","1","0","1","","0",""
"6015","","12","2968","","687","1144","","","0","S","","","0","0,00","","A","","0","N","A","S","1","","0","1","0","1","","0",""
"6016","","3","2927","","697","1135","","","0","S","","","0","0,00","","A","","0","N","A","S","1","","0","1","0","1","","0",""
"6017","","9","2927","","697","1139","","","0","S","","","0","0,00","","A","","0","N","A","S","1","","0","1","0","1","","0",""
"6018","","11","2927","","697","1141","","","0","S","","","0","0,00","","A","","0","N","A","S","1","","0","1","0","1","","0",""
"6019","","4","2927","","697","1136","","","0","S","","","0","0,00","","A","","0","N","A","S","1","","0","1","0","1","","0",""
"6020","","12","2927","","697","1142","","","0","S","","","0","0,00","","A","","0","N","A","S","1","","0","1","0","1","","0",""
"6021","","3","2967","","687","1109","","","0","S","","","0","0,00","","A","","0","N","A","S","1","","0","1","0","1","","0",""
"6022","","9","2967","","687","1114","","","0","S","","","0","0,00","","A","","0","N","A","S","1","","0","1","0","1","","0",""
"6023","","11","2967","","687","1113","","","0","S","","","0","0,00","","A","","0","N","A","S","1","","0","1","0","1","","0",""
"6024","","4","2967","","687","1110","","","0","S","","","0","0,00","","A","","0","N","A","S","1","","0","1","0","1","","0",""
"6025","","12","2967","","687","1144","","","0","S","","","0","0,00","","A","","0","N","A","S","1","","0","1","0","1","","0",""
"6026","","3","2928","","709","1109","","","0","S","","","0","0,00","","A","","0","N","A","S","1","","0","1","0","1","","0",""
"6027","","9","2928","","709","1114","","","0","S","","","0","0,00","","A","","0","N","A","S","1","","0","1","0","1","","0",""
"6028","","11","2928","","709","1113","","","0","S","","","0","0,00","","A","","0","N","A","S","1","","0","1","0","1","","0",""
"6029","","4","2928","","709","1110","","","0","S","","","0","0,00","","A","","0","N","A","S","1","","0","1","0","1","","0",""
"6030","","12","2928","","709","1144","","","0","S","","","0","0,00","","A","","0","N","A","S","1","","0","1","0","1","","0",""
"6031","","3","2929","","693","1135","","","0","S","","","0","0,00","","A","","0","N","A","S","1","","0","1","0","1","","0",""
"6032","","9","2929","","693","1139","","","0","S","","","0","0,00","","A","","0","N","A","S","1","","0","1","0","1","","0",""
"6033","","11","2929","","693","1141","","","0","S","","","0","0,00","","A","","0","N","A","S","1","","0","1","0","1","","0",""
"6034","","4","2929","","693","1136","","","0","S","","","0","0,00","","A","","0","N","A","S","1","","0","1","0","1","","0",""
"6035","","12","2929","","693","1142","","","0","S","","","0","0,00","","A","","0","N","A","S","1","","0","1","0","1","","0",""
"6036","","3","2930","","688","1109","","","0","S","","","0","0,00","","A","","0","N","A","S","1","","0","1","0","1","","0",""
"6037","","9","2930","","688","1114","","","0","S","","","0","0,00","","A","","0","N","A","S","1","","0","1","0","1","","0",""
"6038","","11","2930","","688","1113","","","0","S","","","0","0,00","","A","","0","N","A","S","1","","0","1","0","1","","0",""
"6039","","4","2930","","688","1110","","","0","S","","","0","0,00","","A","","0","N","A","S","1","","0","1","0","1","","0",""
"6623","","15","2699","Não Possui Peça","641","1103","","","","S","","","0","0,00","","A","","","N","A","S","1","","","1","","1","","0",""
"6624","","15","2699","Possui Peça","669","1117","","","","S","","","0","0,00","","A","","","N","A","S","1","","","1","","1","","0",""
"6625","","16","2699","Não Possui Peça","641","1104","","","","S","","","0","0,00","","A","","","N","A","S","1","","","1","","1","","0",""
"6626","","16","2699","Possui Peça","669","1118","","","","S","","","0","0,00","","A","","","N","A","S","1","","","1","","1","","0",""
"6627","","17","2699","Não Possui Peça","641","1105","","","","S","","","0","0,00","","A","","","N","A","S","1","","","1","","1","","0",""
"6628","","17","2699","Possui Peça","669","1119","","","","S","","","0","0,00","","A","","","N","A","S","1","","","1","","1","","0",""
"6629","","18","2699","Não Possui Peça","641","1106","","","","S","","","0","0,00","","A","","","N","A","S","1","","","1","","1","","0",""
"6630","","18","2699","Possui Peça","669","1120","","","","S","","","0","0,00","","A","","","N","A","S","1","","","1","","1","","0",""
"6631","","13","2701","","","1115","","","","S","","","0","0,00","","A","","","N","C","S","","","","1","","1","","0",""
"6632","","14","2701","","","1116","","","","S","","","0","0,00","","A","","","N","C","S","","","","1","","1","","0",""
"6633","","15","2701","","","1117","","","","S","","","0","0,00","","A","","","N","C","S","","","","1","","1","","0",""
"6634","","13","2833","","628","1115","","","","S","","","0","0,00","","A","","","N","A","S","","","","1","","1","","0",""
"6635","","16","2701","","","1118","","","","S","","","0","0,00","","A","","","N","C","S","","","","1","","1","","0",""
"6636","","14","2833","","628","1116","","","","S","","","0","0,00","","A","","","N","A","S","","","","1","","1","","0",""
"6637","","17","2701","","","1119","","","","S","","","0","0,00","","A","","","N","C","S","","","","1","","1","","0",""
"6638","","15","2833","","628","1117","","","","S","","","0","0,00","","A","","","N","A","S","","","","1","","1","","0",""
"6639","","18","2701","","","1120","","","","S","","","0","0,00","","A","","","N","C","S","","","","1","","1","","0",""
"6640","","16","2833","","628","1118","","","","S","","","0","0,00","","A","","","N","A","S","","","","1","","1","","0",""
"6641","","17","2833","","628","1119","","","","S","","","0","0,00","","A","","","N","A","S","","","","1","","1","","0",""
"6642","","18","2833","","628","1120","","","","S","","","0","0,00","","A","","","N","A","S","","","","1","","1","","0",""
"6643","","13","2834","","","1115","","","","N","","","0","0,00","","A","","","S","C","S","","","","","","1","","0",""
"6644","","14","2834","","","1116","","","","N","","","0","0,00","","A","","","S","C","S","","","","","","1","","0",""
"6645","","15","2834","","","1117","","","","N","","","0","0,00","","A","","","S","C","S","","","","","","1","","0",""
"6646","","16","2834","","","1118","","","","N","","","0","0,00","","A","","","S","C","S","","","","","","1","","0",""
"6647","","17","2834","","","1119","","","","N","","","0","0,00","","A","","","S","C","S","","","","","","1","","0",""
"6648","","18","2834","","","1120","","","","N","","","0","0,00","","A","","","S","C","S","","","","","","1","","0",""
"6649","","13","2836","","","1115","","","","N","","","0","0,00","","A","","","S","C","S","","","","","","1","","0",""
"6650","","14","2836","","","1116","","","","N","","","0","0,00","","A","","","S","C","S","","","","","","1","","0",""
"6651","","15","2836","","","1117","","","","N","","","0","0,00","","A","","","S","C","S","","","","","","1","","0",""
"6652","","16","2836","","","1118","","","","N","","","0","0,00","","A","","","S","C","S","","","","","","1","","0",""
"6653","","17","2836","","","1119","","","","N","","","0","0,00","","A","","","S","C","S","","","","","","1","","0",""
"6654","","18","2836","","","1120","","","","N","","","0","0,00","","A","","","S","C","S","","","","","","1","","0",""
"6655","","13","2704","Aprovado com Peça","667","1302","","","","S","","","0","0,00","","A","","","N","A","S","1","","","1","","1","","0",""
"6656","","13","2704","Aprovado sem Peça","628","1115","","","","S","","","0","0,00","","A","","","N","A","S","1","","","1","","1","","0",""
"6657","","14","2704","Aprovado com Peça","667","1303","","","","S","","","0","0,00","","A","","","N","A","S","1","","","1","","1","","0",""
"6658","","14","2704","Aprovado sem Peça","628","1116","","","","S","","","0","0,00","","A","","","N","A","S","1","","","1","","1","","0",""
"6659","","15","2704","Aprovado com Peça","667","1304","","","","S","","","0","0,00","","A","","","N","A","S","1","","","1","","1","","0",""
"6660","","15","2704","Aprovado sem Peça","628","1117","","","","S","","","0","0,00","","A","","","N","A","S","1","","","1","","1","","0",""
"7231","","17","2984","2ª 450/600 h","709","1119","Revisão 450/600 h","","","S","","","0","0,00","","A","","","N","A","S","1","","","1","","1","","0",""
"7232","","17","2984","3ª 800 h","709","1119","Revisão 800 h","","","S","","","0","0,00","","A","","","N","A","S","1","","","1","","1","","0",""
"7233","","17","2984","4ª 1100 / 1150 h","709","1119","Revisão 1.100/1.150 h","","","S","","","0","0,00","","A","","","N","A","S","1","","","1","","1","","0",""
"7234","","17","2984","5ª 1500 h","709","1119","Revisão 1500 h","","","S","","","0","0,00","","A","","","N","A","S","1","","","1","","1","","0",""
"7235","","18","2984","1ª 100 h","709","1120","Revisão 100 h","","","S","","","0","0,00","","A","","","N","A","S","1","","","1","","1","","0",""
"7236","","18","2984","2ª 450/600 h","709","1120","Revisão 450/600 h","","","S","","","0","0,00","","A","","","N","A","S","1","","","1","","1","","0",""
"7237","","18","2984","3ª 800 h","709","1120","Revisão 800 h","","","S","","","0","0,00","","A","","","N","A","S","1","","","1","","1","","0",""
"7238","","18","2984","4ª 1100 / 1150 h","709","1120","Revisão 1.100/1.150 h","","","S","","","0","0,00","","A","","","N","A","S","1","","","1","","1","","0",""
"7239","","18","2984","5ª 1500 h","709","1120","Revisão 1500 h","","","S","","","0","0,00","","A","","","N","A","S","1","","","1","","1","","0",""
"7240","","13","2932","","693","1302","","","","S","","","0","0,00","","A","","","N","A","S","","","","1","","1","","0",""
"7241","","14","2932","","693","1303","","","","S","","","0","0,00","","A","","","N","A","S","","","","1","","1","","0",""
"7242","","15","2932","","693","1304","","","","S","","","0","0,00","","A","","","N","A","S","","","","1","","1","","0",""
"7243","","16","2932","","693","1305","","","","S","","","0","0,00","","A","","","N","A","S","","","","1","","1","","0",""
"7244","","17","2932","","693","1306","","","","S","","","0","0,00","","A","","","N","A","S","","","","1","","1","","0",""
"7245","","18","2932","","693","1307","","","","S","","","0","0,00","","A","","","N","A","S","","","","1","","1","","0",""
"7246","","13","2976","","699","1278","","","","S","","","0","0,00","","A","","","N","A","S","","","","1","","1","","0",""
"7247","","14","2976","","699","1275","","","","S","","","0","0,00","","A","","","N","A","S","","","","1","","1","","0",""
"7248","","15","2976","","699","1276","","","","S","","","0","0,00","","A","","","N","A","S","","","","1","","1","","0",""
"7249","","16","2976","","699","1280","","","","S","","","0","0,00","","A","","","N","A","S","","","","1","","1","","0",""
"7250","","17","2976","","699","1279","","","","S","","","0","0,00","","A","","","N","A","S","","","","1","","1","","0",""
"7251","","18","2976","","699","1277","","","","S","","","0","0,00","","A","","","N","A","S","","","","1","","1","","0",""
"7252","","13","2981","","695","1115","","","","S","","","0","0,00","","A","","","N","A","S","","","","1","","1","","0",""
"7253","","14","2981","","695","1116","","","","S","","","0","0,00","","A","","","N","A","S","","","","1","","1","","0",""
"7254","","15","2981","","695","1117","","","","S","","","0","0,00","","A","","","N","A","S","","","","1","","1","","0",""
"7255","","16","2981","","695","1118","","","","S","","","0","0,00","","A","","","N","A","S","","","","1","","1","","0",""
"7256","","17","2981","","695","1119","","","","S","","","0","0,00","","A","","","N","A","S","","","","1","","1","","0",""
"7257","","18","2981","","695","1120","","","","S","","","0","0,00","","A","","","N","A","S","","","","1","","1","","0",""
"7258","","13","2928","","709","1115","","","","S","","","0","0,00","","A","","","N","A","S","","","","1","","1","","0",""
"7259","","14","2928","","709","1116","","","","S","","","0","0,00","","A","","","N","A","S","","","","1","","1","","0",""
"7260","","15","2928","","709","1117","","","","S","","","0","0,00","","A","","","N","A","S","","","","1","","1","","0",""
"7261","","16","2928","","709","1118","","","","S","","","0","0,00","","A","","","N","A","S","","","","1","","1","","0",""
"7262","","17","2928","","709","1119","","","","S","","","0","0,00","","A","","","N","A","S","","","","1","","1","","0",""
"7263","","18","2928","","709","1120","","","","S","","","0","0,00","","A","","","N","A","S","","","","1","","1","","0",""
"7264","","13","2971","","","1115","","","","N","","","0","0,00","","A","","","S","C","S","","","","","","1","","0",""
"7265","","14","2971","","","1116","","","","N","","","0","0,00","","A","","","S","C","S","","","","","","1","","0",""
"7266","","15","2971","","","1117","","","","N","","","0","0,00","","A","","","S","C","S","","","","","","1","","0",""
"7267","","16","2971","","","1118","","","","N","","","0","0,00","","A","","","S","C","S","","","","","","1","","0",""
"7268","","17","2971","","","1119","","","","N","","","0","0,00","","A","","","S","C","S","","","","","","1","","0",""
"9480","","","3701","","898","1365","","","0","S","","","0","0,00","","A","","2","N","A","S","100","","0","1","0","1","0","",""
"9481","","","3700","","898","1365","","","0","S","","","0","0,00","","A","","2","N","A","S","100","","0","1","0","1","0","",""
"9482","","","3436","","898","1365","","","0","S","","","0","0,00","","A","","2","N","A","S","100","","0","1","0","1","0","",""
"9484","","","3814","","707","1450","PUK","","0","S","","","0","0,00","","A","","2","N","A","S","100","","0","1","0","1","0","0",""
"9486","","3","3494","","711","1375","Venda Direta","","0","S","","","0","0,00","","A","","2","S","A","N","100","","0","0","0","1","0","0",""
"9487","","9","3494","","711","1375","Venda Direta","","0","S","","","0","0,00","","A","","2","S","A","N","100","","0","0","0","1","0","",""
"9488","","14","3494","","711","1014","Venda Direta","","0","S","","","0","0,00","","A","","2","S","A","N","100","","0","0","0","1","0","0",""
"9489","","11","3494","","711","1375","Venda Direta","","0","S","","","0","0,00","","A","","2","S","A","N","100","","0","0","0","1","0","0",""
"9490","","4","3494","","711","1375","Venda Direta","","0","S","","","0","0,00","","A","","2","S","A","N","100","","0","0","0","1","0","0",""
"9491","","12","3494","","711","1375","Venda Direta","","0","S","","","0","0,00","","A","","2","S","A","N","100","","0","0","0","1","0","",""
"9492","","5","3494","","711","1375","Venda Direta","","0","S","","","0","0,00","","A","","2","S","A","N","100","","0","0","0","1","0","",""
"9493","","15","3494","","711","1014","Venda Direta","","0","S","","","0","0,00","","A","","2","S","A","N","100","","0","0","0","1","0","",""
"9494","","10","3494","","711","1375","Venda Direta","","0","S","","","0","0,00","","A","","2","S","A","N","100","","0","0","0","1","0","",""
"9495","","18","3494","","711","1014","Venda Direta","","0","S","","","0","0,00","","A","","2","S","A","N","100","","0","0","0","1","0","",""
"9496","","7","3494","","711","1375","Venda Direta","","0","S","","","0","0,00","","A","","2","S","A","N","100","","0","0","0","1","0","",""
"9497","","1","3494","","711","1375","Venda Direta","","0","S","","","0","0,00","","A","","2","S","A","N","100","","0","0","0","1","0","",""
"9498","","13","3494","","711","1014","Venda Direta","","0","S","","","0","0,00","","A","","2","S","A","N","100","","0","0","0","1","0","",""
"9499","","17","3494","","711","1014","Venda Direta","","0","S","","","0","0,00","","A","","2","S","A","N","100","","0","0","0","1","0","",""
"9500","","16","3494","","711","1014","Venda Direta","","0","S","","","0","0,00","","A","","2","S","A","N","100","","0","0","0","1","0","",""
"9501","","","3818","","888","1365","Sem Pendencia","","0","S","","","0","0,00","","A","","2","N","A","S","100","","0","1","0","1","0","",""
"9502","","","3821","Araraquara","678","1108","","","0","S","","","0","0,00","","A","","","N","A","S","1","","0","1","","1","0","0",""
"9503","","","3821","Barretos","678","1109","","","0","S","","","0","0,00","","A","","","N","A","S","1","","0","1","","1","0","0",""
"9504","","","3821","Bebedouro","678","1114","","","0","S","","","0","0,00","","A","","","N","A","S","1","","0","1","","1","0","0",""
"9505","","","3821","Franca","678","1113","","","0","S","","","0","0,00","","A","","","N","A","S","1","","0","1","","1","0","0",""
"9506","","","3821","Guaíra","678","1110","","","0","S","","","0","0,00","","A","","","N","A","S","1","","0","1","","1","0","0",""
"9507","","","3821","Itápolis","678","1144","","","0","S","","","0","0,00","","A","","","N","A","S","1","","0","1","","1","0","0",""
"9508","","","3821","Ituverava","678","1143","","","0","S","","","0","0,00","","A","","","N","A","S","1","","0","1","","1","0","0",""
"9509","","","3821","Monte Alto","678","1112","","","0","S","","","0","0,00","","A","","","N","A","S","1","","0","1","","1","0","0",""
"9510","","","3821","Orlândia","678","1111","","","0","S","","","0","0,00","","A","","","N","A","S","1","","0","1","","1","0","0",""
"9511","","","3821","Ribeirão Preto","678","1107","","","0","S","","","0","0,00","","A","","","N","A","S","1","","0","1","","1","0","0",""
"9512","","","3821","São José Do Rio Pret","678","1115","","","0","S","","","0","0,00","","A","","","N","A","S","1","","0","1","","1","0","0",""
"9513","","","3821","Catanduva","678","1116","","","0","S","","","0","0,00","","A","","","N","A","S","1","","0","1","","1","0","0",""
"9514","","","3821","Jales","678","1117","","","0","S","","","0","0,00","","A","","","N","A","S","1","","0","1","","1","0","0",""
"9515","","","3821","Votuporanga","678","1118","","","0","S","","","0","0,00","","A","","","N","A","S","1","","0","1","","1","0","0",""
"9516","","","3821","Tupã","678","1119","","","0","S","","","0","0,00","","A","","","N","A","S","1","","0","1","","1","0","0",""
"9517","","","3821","Márilia","678","1120","","","0","S","","","0","0,00","","A","","","N","A","S","1","","0","1","","1","0","0",""
"9518","","2","3824","","774","1126","Corrigir Pré-Entrega","","0","S","","","0","0,00","","A","","2","N","A","S","100","","0","1","0","1","0","0",""
"9519","","3","3824","","774","1124","Corrigir Pré-Entrega","","0","S","","","0","0,00","","A","","2","N","A","S","100","","0","1","0","1","0","0",""
"9520","","9","3824","","774","1123","Corrigir Pré-Entrega","","0","S","","","0","0,00","","A","","2","N","A","S","100","","0","1","0","1","0","0",""
"9521","","14","3824","","774","1256","Corrigir Pré-Entrega","","0","S","","","0","0,00","","A","","2","N","A","S","100","","0","1","0","1","0","",""
"9522","","11","3824","","774","1125","Corrigir Pré-Entrega","","0","S","","","0","0,00","","A","","2","N","A","S","100","","0","1","0","1","0","",""
"9523","","4","3824","","774","1158","Corrigir Pré-Entrega","","0","S","","","0","0,00","","A","","2","N","A","S","100","","0","1","0","1","0","",""
"9524","","12","3824","","774","1127","Corrigir Pré-Entrega","","0","S","","","0","0,00","","A","","2","N","A","S","100","","0","1","0","1","0","",""
"9525","","5","3824","","774","1159","Corrigir Pré-Entrega","","0","S","","","0","0,00","","A","","2","N","A","S","100","","0","1","0","1","0","",""
"9526","","15","3824","","774","1257","Corrigir Pré-Entrega","","0","S","","","0","0,00","","A","","2","N","A","S","100","","0","1","0","1","0","",""
"9527","","10","3824","","774","1160","Corrigir Pré-Entrega","","0","S","","","0","0,00","","A","","2","N","A","S","100","","0","1","0","1","0","",""
"9528","","18","3824","","774","1260","Corrigir Pré-Entrega","","0","S","","","0","0,00","","A","","2","N","A","S","100","","0","1","0","1","0","",""
"9529","","7","3824","","774","1122","Corrigir Pré-Entrega","","0","S","","","0","0,00","","A","","2","N","A","S","100","","0","1","0","1","0","",""
"9530","","1","3824","","774","1121","Corrigir Pré-Entrega","","0","S","","","0","0,00","","A","","2","N","A","S","100","","0","1","0","1","0","",""
"9531","","13","3824","","774","1255","Corrigir Pré-Entrega","","0","S","","","0","0,00","","A","","2","N","A","S","100","","0","1","0","1","0","",""
"9532","","17","3824","","774","1259","Corrigir Pré-Entrega","","0","S","","","0","0,00","","A","","2","N","A","S","100","","0","1","0","1","0","",""
"9533","","16","3824","","774","1258","Corrigir Pré-Entrega","","0","S","","","0","0,00","","A","","2","N","A","S","100","","0","1","0","1","0","",""
"9534","","","3258","","902","0","Prep Agrega c/ Orçamento Extra","","0","S","","","0","0,00","","A","","2","S","A","S","100","","0","0","0","1","0","",""
"9535","","","3440","Faturamento PUK","900","-5","","","0","S","","","0","0,00","","A","","2","S","A","S","100","","0","0","0","1","0","0",""
"9536","","","3780","","870","0","","","0","S","","","0","0,00","","A","","2","S","A","N","100","","1","0","0","1","0","",""
"9537","","2","3406","","801","1348","","","0","S","","","0","0,00","","A","","2","N","A","S","100","","0","0","0","1","0","",""
"9538","","3","3406","","801","1348","","","0","S","","","0","0,00","","A","","2","N","A","S","100","","0","0","0","1","0","",""
"9539","","9","3406","","801","1348","","","0","S","","","0","0,00","","A","","2","N","A","S","100","","0","0","0","1","0","",""
"9540","","14","3406","","801","723","","","0","S","","","0","0,00","","A","","2","N","A","S","100","","0","0","0","1","0","",""
"9541","","11","3406","","801","853","","","0","S","","","0","0,00","","A","","2","N","A","S","100","","0","0","0","1","0","",""
"9542","","4","3406","","801","869","","","0","S","","","0","0,00","","A","","2","N","A","S","100","","0","1","0","1","0","0",""
"9543","","12","3406","","801","723","","","0","S","","","0","0,00","","A","","2","N","A","S","100","","0","0","0","1","0","",""
"9544","","5","3406","","801","869","","","0","S","","","0","0,00","","A","","2","N","A","S","100","","0","1","0","1","0","0",""
"9545","","15","3406","","801","853","","","0","S","","","0","0,00","","A","","2","N","A","S","100","","0","0","0","1","0","",""
"9546","","10","3406","","801","869","","","0","S","","","0","0,00","","A","","2","N","A","S","100","","0","1","0","1","0","0",""
"9547","","18","3406","","801","723","","","0","S","","","0","0,00","","A","","2","N","A","S","100","","0","0","0","1","0","",""
"9548","","7","3406","","801","853","","","0","S","","","0","0,00","","A","","2","N","A","S","100","","0","0","0","1","0","",""
"9549","","1","3406","","801","853","","","0","S","","","0","0,00","","A","","2","N","A","S","100","","0","0","0","1","0","",""
"9550","","13","3406","","801","1348","","","0","S","","","0","0,00","","A","","2","N","A","S","100","","0","0","0","1","0","",""
"9551","","17","3406","","801","723","","","0","S","","","0","0,00","","A","","2","N","A","S","100","","0","0","0","1","0","",""
"9552","","16","3406","","801","1348","","","0","S","","","0","0,00","","A","","2","N","A","S","100","","0","0","0","1","0","",""
"9553","","2","3675","","801","853","","","0","S","","","0","0,00","","A","","2","N","A","S","100","","0","0","0","1","0","",""
"9554","","3","3675","","801","1348","","","0","S","","","0","0,00","","A","","2","N","A","S","100","","0","0","0","1","0","",""
"9555","","9","3675","","801","1348","","","0","S","","","0","0,00","","A","","2","N","A","S","100","","0","0","0","1","0","",""
"9556","","14","3675","","801","723","","","0","S","","","0","0,00","","A","","2","N","A","S","100","","0","0","0","1","0","",""
"9557","","11","3675","","801","853","","","0","S","","","0","0,00","","A","","2","N","A","S","100","","0","0","0","1","0","",""
"9558","","4","3675","","801","869","","","0","S","","","0","0,00","","A","","2","N","A","S","100","","0","1","0","1","0","",""
"9559","","12","3675","","801","723","","","0","S","","","0","0,00","","A","","2","N","A","S","100","","0","0","0","1","0","",""
"9560","","5","3675","","801","869","","","0","S","","","0","0,00","","A","","2","N","A","S","100","","0","1","0","1","0","",""
"9561","","15","3675","","801","853","","","0","S","","","0","0,00","","A","","2","N","A","S","100","","0","0","0","1","0","",""
"9562","","10","3675","","801","869","","","0","S","","","0","0,00","","A","","2","N","A","S","100","","0","1","0","1","0","",""
"9563","","18","3675","","801","723","","","0","S","","","0","0,00","","A","","2","N","A","S","100","","0","0","0","1","0","",""
"9564","","7","3675","","801","853","","","0","S","","","0","0,00","","A","","2","N","A","S","100","","0","0","0","1","0","",""
"9565","","1","3675","","801","853","","","0","S","","","0","0,00","","A","","2","N","A","S","100","","0","0","0","1","0","",""
"9566","","13","3675","","801","1348","","","0","S","","","0","0,00","","A","","2","N","A","S","100","","0","0","0","1","0","",""
"9567","","17","3675","","801","723","","","0","S","","","0","0,00","","A","","2","N","A","S","100","","0","0","0","1","0","",""
"9568","","16","3675","","801","1348","","","0","S","","","0","0,00","","A","","2","N","A","S","100","","0","0","0","1","0","",""
"9569","","2","3412","","809","853","","","0","S","","","0","0,00","","A","","2","N","A","S","100","","0","0","0","1","0","",""
"9570","","3","3412","","809","1348","","","0","S","","","0","0,00","","A","","2","N","A","S","100","","0","0","0","1","0","",""
"9571","","9","3412","","809","1348","","","0","S","","","0","0,00","","A","","2","N","A","S","100","","0","0","0","1","0","",""
"9572","","14","3412","","809","723","","","0","S","","","0","0,00","","A","","2","N","A","S","100","","0","0","0","1","0","",""
"9573","","11","3412","","809","853","","","0","S","","","0","0,00","","A","","2","N","A","S","100","","0","0","0","1","0","",""
"9574","","4","3412","","809","869","","","0","S","","","0","0,00","","A","","2","N","A","S","100","","0","1","0","1","0","",""
"9575","","12","3412","","809","723","","","0","S","","","0","0,00","","A","","2","N","A","S","100","","0","0","0","1","0","",""
"9576","","5","3412","","809","869","","","0","S","","","0","0,00","","A","","2","N","A","S","100","","0","1","0","1","0","",""
"9577","","15","3412","","809","853","","","0","S","","","0","0,00","","A","","2","N","A","S","100","","0","0","0","1","0","",""
"9578","","10","3412","","809","869","","","0","S","","","0","0,00","","A","","2","N","A","S","100","","0","1","0","1","0","",""
"9579","","18","3412","","809","723","","","0","S","","","0","0,00","","A","","2","N","A","S","100","","0","0","0","1","0","",""
"9580","","7","3412","","809","853","","","0","S","","","0","0,00","","A","","2","N","A","S","100","","0","0","0","1","0","",""
"9581","","1","3412","","809","853","","","0","S","","","0","0,00","","A","","2","N","A","S","100","","0","0","0","1","0","",""
"9582","","13","3412","","809","1348","","","0","S","","","0","0,00","","A","","2","N","A","S","100","","0","0","0","1","0","",""
"9583","","17","3412","","809","723","","","0","S","","","0","0,00","","A","","2","N","A","S","100","","0","0","0","1","0","",""
"9584","","16","3412","","809","1348","","","0","S","","","0","0,00","","A","","2","N","A","S","100","","0","0","0","1","0","",""
"9585","","2","3425","","809","853","","","0","S","","","0","0,00","","A","","2","N","A","S","100","","0","0","0","1","0","",""
"9586","","3","3425","","809","1348","","","0","S","","","0","0,00","","A","","2","N","A","S","100","","0","0","0","1","0","",""
"9587","","9","3425","","809","1348","","","0","S","","","0","0,00","","A","","2","N","A","S","100","","0","0","0","1","0","",""
"9588","","14","3425","","809","723","","","0","S","","","0","0,00","","A","","2","N","A","S","100","","0","0","0","1","0","",""
"9589","","11","3425","","809","853","","","0","S","","","0","0,00","","A","","2","N","A","S","100","","0","0","0","1","0","",""
"9590","","4","3425","","809","869","","","0","S","","","0","0,00","","A","","2","N","A","S","100","","0","1","0","1","0","",""
"9591","","12","3425","","809","723","","","0","S","","","0","0,00","","A","","2","N","A","S","100","","0","0","0","1","0","",""
"9592","","5","3425","","809","869","","","0","S","","","0","0,00","","A","","2","N","A","S","100","","0","1","0","1","0","",""
"9593","","15","3425","","809","853","","","0","S","","","0","0,00","","A","","2","N","A","S","100","","0","0","0","1","0","",""
"9594","","10","3425","","809","869","","","0","S","","","0","0,00","","A","","2","N","A","S","100","","0","1","0","1","0","",""
"9595","","18","3425","","809","723","","","0","S","","","0","0,00","","A","","2","N","A","S","100","","0","0","0","1","0","",""
"9596","","7","3425","","809","853","","","0","S","","","0","0,00","","A","","2","N","A","S","100","","0","0","0","1","0","",""
"9597","","1","3425","","809","853","","","0","S","","","0","0,00","","A","","2","N","A","S","100","","0","0","0","1","0","",""
"9598","","13","3425","","809","1348","","","0","S","","","0","0,00","","A","","2","N","A","S","100","","0","0","0","1","0","",""
"9599","","17","3425","","809","723","","","0","S","","","0","0,00","","A","","2","N","A","S","100","","0","0","0","1","0","",""
"9600","","16","3425","","809","1348","","","0","S","","","0","0,00","","A","","2","N","A","S","100","","0","0","0","1","0","",""
"9601","","2","3440","Financiado / Consórcio","814","853","","","0","S","","","0","0,00","","A","","2","N","A","S","100","","0","0","0","1","0","",""
"9602","","3","3440","Financiado / Consórcio","814","1348","","","0","S","","","0","0,00","","A","","2","N","A","S","100","","0","0","0","1","0","",""
"9603","","9","3440","Financiado / Consórcio","814","1348","","","0","S","","","0","0,00","","A","","2","N","A","S","100","","0","0","0","1","0","",""
"9604","","14","3440","Financiado / Consórcio","814","723","","","0","S","","","0","0,00","","A","","2","N","A","S","100","","0","0","0","1","0","",""
"9605","","11","3440","Financiado / Consórcio","814","853","","","0","S","","","0","0,00","","A","","2","N","A","S","100","","0","0","0","1","0","",""
"9606","","4","3440","Financiado / Consórcio","814","869","","","0","S","","","0","0,00","","A","","2","N","A","S","100","","0","1","0","1","0","",""
"9607","","12","3440","Financiado / Consórcio","814","723","","","0","S","","","0","0,00","","A","","2","N","A","S","100","","0","0","0","1","0","",""
"9608","","5","3440","Financiado / Consórcio","814","869","","","0","S","","","0","0,00","","A","","2","N","A","S","100","","0","1","0","1","0","",""
"9609","","15","3440","Financiado / Consórcio","814","853","","","0","S","","","0","0,00","","A","","2","N","A","S","100","","0","0","0","1","0","",""
"9610","","10","3440","Financiado / Consórcio","814","869","","","0","S","","","0","0,00","","A","","2","N","A","S","100","","0","1","0","1","0","",""
"9611","","18","3440","Financiado / Consórcio","814","723","","","0","S","","","0","0,00","","A","","2","N","A","S","100","","0","0","0","1","0","",""
"9612","","7","3440","Financiado / Consórcio","814","853","","","0","S","","","0","0,00","","A","","2","N","A","S","100","","0","0","0","1","0","",""
"9613","","1","3440","Financiado / Consórcio","814","853","","","0","S","","","0","0,00","","A","","2","N","A","S","100","","0","0","0","1","0","",""
"9614","","13","3440","Financiado / Consórcio","814","1348","","","0","S","","","0","0,00","","A","","2","N","A","S","100","","0","0","0","1","0","",""
"9615","","17","3440","Financiado / Consórcio","814","723","","","0","S","","","0","0,00","","A","","2","N","A","S","100","","0","0","0","1","0","",""
"9616","","16","3440","Financiado / Consórcio","814","1348","","","0","S","","","0","0,00","","A","","2","N","A","S","100","","0","0","0","1","0","",""
"9617","","","3440","","894","1353","","","0","S","","","0","0,00","","A","","2","S","A","S","100","","0","0","0","1","0","0",""
"9618","","","3810","Licença Permanente","906","0","Permanente","","0","S","","","0","0,00","","A","","2","S","A","S","100","","0","0","0","1","0","0",""
"9619","","","3810","Licença Temporaria","908","1319","Temporaria","","0","S","","","0","0,00","","A","","2","N","A","S","100","","0","1","0","1","0","0",""
"9620","","","3832","","907","1319","","","0","S","","","0","0,00","","A","","2","N","A","S","100","","0","1","0","1","0","",""
"9621","","","3839","","906","1272","Temporaria","","0","S","","","0","0,00","","A","","2","N","A","S","100","","0","1","0","1","0","",""
"9622","","","3440","","905","1353","","","0","S","","","0","0,00","","A","","2","S","A","S","100","","0","0","0","1","0","0",""
"9623","","2","3412","Financiado <100%","909","1126","Verificar Parcela Rec Própr","","0","S","","","0","0,00","","A","","2","S","A","S","100","","0","0","0","1","0","0",""
"9624","","3","3412","Financiado <100%","909","1124","Verificar Parcela Rec Próp","","0","S","","","0","0,00","","A","","2","S","A","S","100","","0","0","0","1","0","0",""
"9625","","9","3412","Financiado <100%","909","1123","Verificar Parcela Rec Próp","","0","S","","","0","0,00","","A","","2","S","A","S","100","","0","0","0","1","0","0",""
"9626","","14","3412","Financiado <100%","909","1256","","","0","S","","","0","0,00","","A","","2","S","A","S","100","","0","0","0","1","0","0",""
"9627","","11","3412","Financiado <100%","909","1125","Verificar Parcela Rec Próp","","0","S","","","0","0,00","","A","","2","S","A","S","100","","0","0","0","1","0","0",""
"9628","","4","3412","Financiado <100%","909","1158","Verificar Parcela Rec Própio","","0","S","","","0","0,00","","A","","2","S","A","S","100","","0","0","0","1","0","0",""
"9629","","12","3412","Financiado <100%","909","1127","Verificar Parcela Rec Própr","","0","S","","","0","0,00","","A","","2","S","A","S","100","","0","0","0","1","0","0",""
"9630","","5","3412","Financiado <100%","909","1159","Verificar Parcela Rec Própr","","0","S","","","0","0,00","","A","","2","S","A","S","100","","0","0","0","1","0","0",""
"9631","","15","3412","Financiado <100%","909","1257","Verificar Parcela Rec Própr","","0","S","","","0","0,00","","A","","2","S","A","S","100","","0","0","0","1","0","0",""
"9632","","10","3412","Financiado <100%","909","1160","Verificar Parcela Rec Própr","","0","S","","","0","0,00","","A","","2","S","A","S","100","","0","0","0","1","0","0",""
"9633","","18","3412","Financiado <100%","909","1260","Verificar Parcela Rec Própr","","0","S","","","0","0,00","","A","","2","S","A","S","100","","0","0","0","1","0","0",""
"9634","","7","3412","Financiado <100%","909","1122","Verificar Parcela Rec Própr","","0","S","","","0","0,00","","A","","2","S","A","S","100","","0","0","0","1","0","0",""
"9635","","1","3412","Financiado <100%","909","1121","Verificar Parcela Rec Própr","","0","S","","","0","0,00","","A","","2","S","A","S","100","","0","0","0","1","0","0",""
"9636","","13","3412","Financiado <100%","909","1255","Verificar Parcela Rec Própr","","0","S","","","0","0,00","","A","","2","S","A","S","100","","0","0","0","1","0","0",""
"9637","","17","3412","Financiado <100%","909","1259","Verificar Parcela Rec Própr","","0","S","","","0","0,00","","A","","2","S","A","S","100","","0","0","0","1","0","0",""
"9638","","16","3412","Financiado <100%","909","1258","Verificar Parcela Rec Própr","","0","S","","","0","0,00","","A","","2","S","A","S","100","","0","0","0","1","0","0",""
"2924","","","1775","","424","","","","","S","","","0","0,00","","A","","","N","A","S","1","","","","","1","","0",""
"2925","","","1775","","394","0","Oportunidade Prospecção","","0","S","","","0","0,00","","A","","","N","A","S","1","","0","0","","1","0","0",""
"2928","","","1648","","390","","","","","S","","","30","0,00","","A","","","N","A","S","1","","","","","1","","0",""
"2931","","","1789","","271","794","","","","N","","","0","0,00","","A","","","S","A","S","1","","","","","1","","0",""
"2955","","","1793","","123","-5","","","","N","","","0","0,00","","A","","","N","A","N","1","","","","","1","","0",""
"2965","","","1610","","431","1377","","","0","S","","","0","0,00","","A","","","S","A","S","1","","0","0","","1","0","0",""
"2967","","","1776","","483","","","","","S","","","0","0,00","","A","","","N","A","S","80","","","","","1","","0",""
"2983","","","1805","","392","","","","","S","","","0","0,00","","A","","","N","A","S","1","","","","","1","","0",""
"2986","","","1807","Com Crítica","565","","","","","S","","","0","0,00","","A","","","N","A","S","1","","","","","1","","0",""
"2987","","","1807","Com Sugest melhoria","565","","","","","S","","","0","0,00","","A","","","N","A","S","1","","","","","1","","0",""
"2988","","","1808","Com Crítica","565","","","","","S","","","0","0,00","","A","","","N","A","S","1","","","","","1","","0",""
"2989","","","1808","Com Sugest. Melhoria","565","","","","","S","","","0","0,00","","A","","","N","A","S","1","","","","","1","","0",""
"2990","","","1817","","437","796","","","","S","","","0","0,00","","A","","","S","A","S","1","","","","","1","","0",""
"2991","","","1818","","437","796","","","","S","","","0","0,00","","A","","","S","A","S","1","","","","","1","","0",""
"2992","","","1806","","436","1337","","","0","S","","","0","0,00","","A","","","N","A","S","1","","0","0","","1","0","0",""
"3015","","","679","","434","489","","","","S","","","0","0,00","","A","","","N","A","S","1","","","","","1","","0",""
"3016","","","664","","434","489","","","","S","","","0","0,00","","A","","","N","A","S","1","","","","","1","","0",""
"3047","","9","1063","","123","-5","Faturamento Cancelado","","","S","","","0","0,00","","A","","","N","A","N","1","","","","1","1","","0",""
"3048","","1","1063","","129","-5","Faturamento Cancelado","","","S","","","0","0,00","","A","","","N","A","N","1","","","","1","1","","0",""
"3052","","","1639","CONTATO RECENTE","381","-5","","","","S","","","30","0,00","","A","","","N","A","N","1","","1","0","","1","","0",""
"3053","","","1639","CLIENTE NO BALCAO","381","-5","","","","S","","","30","0,00","","A","","","N","A","N","1","","1","0","","1","","0",""
"3061","","","1639","COMPRA RECENTE","381","-5","","","","S","","","30","0,00","","A","","","N","A","N","1","","1","0","","1","","0",""
"3101","","","1871","","420","","","","","N","","","0","0,00","","A","","","S","A","S","1","","","","","1","","0",""
"3102","","","1872","","419","","","","","N","","","0","0,00","","A","","","S","A","S","1","","","","","1","","0",""
"3103","","","1873","","456","","","","","S","","","0","0,00","","A","","","N","A","S","1","","","","","1","","0",""
"3111","","","1639","SEM POTENCIAL","431","1377","","","0","S","","","0","0,00","","A","","","N","A","N","1","","0","0","","1","0","0",""
"3134","","","1235","","459","-5","","","","S","","","0","0,00","","A","","","N","A","S","1","","","","","1","","0",""
"3159","","","1887","","456","","","","","S","","","0","0,00","","A","","","N","A","S","1","","","","","1","","0",""
"3168","","","1611","","381","0","","","0","S","","","30","0,00","","A","","","N","A","N","1","","0","0","","1","0","0",""
"3169","","","1586","Consórcio","459","","Prospecção","","","S","","","0","0,00","","A","","","N","A","S","1","","","","","1","","0",""
"3176","","","1895","Banco Santander","219","","","","","S","","","0","0,00","","A","","","N","A","S","1","","","","","1","","0",""
"3177","","","1895","Outros Bancos","221","","","","","S","","","0","0,00","","A","","","N","A","S","1","","","","","1","","0",""
"3178","","","1895","Banco JD","215","","","","","S","","","0","0,00","","A","","","N","A","S","1","","","","","1","","0",""
"3179","","","1895","Banco Brasil Esteira","222","","","","","S","","","0","0,00","","A","","","N","A","S","1","","","","","1","","0",""
"3180","","","1895","Banco Brasil","223","","","","","S","","","0","0,00","","A","","","N","A","S","1","","","","","1","","0",""
"3181","","","1895","Banco Bradesco","220","","","","","S","","","0","0,00","","A","","","N","A","S","1","","","","","1","","0",""
"3203","","","1918","","461","","","","","S","","","0","0,00","","A","","","N","A","S","1","","","","","1","","0",""
"3204","","","1919","","459","","","","","S","","","0","0,00","","A","","","N","A","S","1","","","","","1","","0",""
"3212","","","731","","471","656","","","","S","","","0","0,00","","A","","","N","A","S","1","","","","","1","","0",""
"3214","","","1494","","471","656","","","","S","","","0","0,00","","A","","","N","A","S","1","","","","","1","","0",""
"3218","","10","1523","","356","421","","","","S","","","0","0,00","","A","","","N","A","S","1","","","","","1","","0",""
"3226","","","1639","CONTATO IMPOSSÍVEL","381","-5","","","","S","","","30","0,00","","A","","","N","A","N","1","","1","","","1","","0",""
"3227","","","1639","CONGLOMERADO","431","1377","","","0","S","","","0","0,00","","A","","","N","A","S","1","","0","0","","1","0","0",""
"3228","","","1639","OUTROS","381","-5","","","","S","","","30","0,00","","A","","","N","A","N","1","","1","","","1","","0",""
"3245","","","1947","","473","742","","","","S","","","0","0,00","","A","","","N","A","S","1","","","","","1","","0",""
"3257","","","1942","","312","-5","Oportunidade Prospecção","","","S","","","0","0,00","","A","","","N","A","S","1","","","","","1","","0",""
"3265","","","444","","385","1272","","","0","S","","","0","0,00","","A","","","N","A","S","1","","0","1","","1","0","0",""
"3266","","","444","","385","576","","","","S","","","0","0,00","","A","","","N","A","S","1","","","","","1","","0",""
"3267","","","444","","385","606","","","","S","","","0","0,00","","A","","","N","A","S","1","","","","","1","","0",""
"5378","","","2772","","664","1132","","","","S","","","0","0,00","","A","","","N","A","S","1","","","1","","1","","0",""
"5379","","","2774","","629","1132","","","","S","","","0","0,00","","A","","","N","A","S","1","","","1","","1","","0",""
"5380","","","2776","","626","","","","","N","","","0","0,00","","A","","","S","A","S","1","","","","","1","","0",""
"5381","","2","2779","","647","1094","","","","S","","","0","0,00","","A","","","N","A","S","1","","","1","","1","","0",""
"5382","","3","2779","","647","1095","","","","S","","","0","0,00","","A","","","N","A","S","","","","1","","1","","0",""
"5383","","9","2779","","647","1100","","","","S","","","0","0,00","","A","","","N","A","S","","","","1","","1","","0",""
"5384","","11","2779","","647","1099","","","","S","","","0","0,00","","A","","","N","A","S","","","","1","","1","","0",""
"5385","","4","2779","","647","1096","","","","S","","","0","0,00","","A","","","N","A","S","","","","1","","1","","0",""
"5386","","12","2779","","647","1130","","","","S","","","0","0,00","","A","","","N","A","S","","","","1","","1","","0",""
"5387","","5","2779","","647","1129","","","","S","","","0","0,00","","A","","","N","A","S","","","","1","","1","","0",""
"5388","","10","2779","","647","1098","","","","S","","","0","0,00","","A","","","N","A","S","","","","1","","1","","0",""
"5389","","7","2779","","647","1097","","","","S","","","0","0,00","","A","","","N","A","S","","","","1","","1","","0",""
"5390","","1","2779","","647","1093","","","","S","","","0","0,00","","A","","","N","A","S","","","","1","","1","","0",""
"5391","","2","2780","","636","1108","","","","S","","","0","0,00","","A","","","N","A","S","1","","","","","1","","0",""
"5392","","3","2780","","636","1109","","","","S","","","0","0,00","","A","","","N","A","S","","","","","","1","","0",""
"5393","","9","2780","","636","1114","","","","S","","","0","0,00","","A","","","N","A","S","","","","","","1","","0",""
"5394","","11","2780","","636","1113","","","","S","","","0","0,00","","A","","","N","A","S","","","","","","1","","0",""
"5395","","4","2780","","636","1110","","","","S","","","0","0,00","","A","","","N","A","S","","","","","","1","","0",""
"5396","","12","2780","","636","1144","","","","S","","","0","0,00","","A","","","N","A","S","","","","","","1","","0",""
"5397","","5","2780","","636","1143","","","","S","","","0","0,00","","A","","","N","A","S","","","","","","1","","0",""
"5398","","10","2780","","636","1112","","","","S","","","0","0,00","","A","","","N","A","S","","","","","","1","","0",""
"5399","","7","2780","","636","1111","","","","S","","","0","0,00","","A","","","N","A","S","","","","","","1","","0",""
"5400","","1","2780","","636","1107","","","","S","","","0","0,00","","A","","","N","A","S","","","","","","1","","0",""
"5401","","1","2783","Sem deslocamento","","1093","","","0","S","","","0","0,00","","A","","","S","C","S","100","","0","0","","1","0","0",""
"5402","","2","2784","","663","1108","","","","S","","","0","0,00","","A","","","N","A","S","1","","","","","1","","0",""
"5403","","3","2784","","663","1109","","","","S","","","0","0,00","","A","","","N","A","S","","","","","","1","","0",""
"5404","","9","2784","","663","1114","","","","S","","","0","0,00","","A","","","N","A","S","","","","","","1","","0",""
"5405","","11","2784","","663","1113","","","","S","","","0","0,00","","A","","","N","A","S","","","","","","1","","0",""
"5406","","4","2784","","663","1110","","","","S","","","0","0,00","","A","","","N","A","S","","","","","","1","","0",""
"5407","","12","2784","","663","1144","","","","S","","","0","0,00","","A","","","N","A","S","","","","","","1","","0",""
"5408","","5","2784","","663","1143","","","","S","","","0","0,00","","A","","","N","A","S","","","","","","1","","0",""
"5409","","10","2784","","663","1112","","","","S","","","0","0,00","","A","","","N","A","S","","","","","","1","","0",""
"5410","","7","2784","","663","1111","","","","S","","","0","0,00","","A","","","N","A","S","","","","","","1","","0",""
"5411","","1","2784","","663","1107","","","","S","","","0","0,00","","A","","","N","A","S","","","","","","1","","0",""
"5412","","","2785","","663","1132","","","","S","","","0","0,00","","A","","","N","A","S","1","","","1","","1","","0",""
"5413","","","2788","","","-6","","","","N","","","0","0,00","","A","","","S","C","S","1","","","","","1","","0",""
"5414","","","2788","","","-14","","","","N","","","0","0,00","","A","","","S","C","S","","","","","","1","","0",""
"5415","","","2790","","644","1132","","","","S","","","0","0,00","","A","","","N","A","S","1","","","","","1","","0",""
"5416","","2","2791","","660","1108","","","","S","","","0","0,00","","A","","","N","A","S","1","","","1","","1","","0",""
"5417","","3","2791","","660","1109","","","","S","","","0","0,00","","A","","","N","A","S","","","","1","","1","","0",""
"5455","","5","2802","Cortesia","655","1143","","","","S","","","0","0,00","","A","","","N","A","S","","","","1","","1","","0",""
"5456","","10","2802","Cortesia","655","1112","","","","S","","","0","0,00","","A","","","N","A","S","","","","1","","1","","0",""
"5457","","7","2802","Cortesia","655","1111","","","","S","","","0","0,00","","A","","","N","A","S","","","","1","","1","","0",""
"5458","","1","2802","Cortesia","655","1107","","","","S","","","0","0,00","","A","","","N","A","S","","","","1","","1","","0",""
"5459","","","2809","","652","1132","","","","S","","","0","0,00","","A","","","N","A","S","1","","","1","","1","","0",""
"5460","","","2841","","650","1132","","","","S","","","0","0,00","","A","","","N","A","S","1","","","1","","1","","0",""
"5461","","2","2843","","635","1108","","","","S","","","0","0,00","","A","","","N","A","S","1","","","1","","1","","0",""
"5462","","3","2843","","635","1109","","","","S","","","0","0,00","","A","","","N","A","S","","","","1","","1","","0",""
"5463","","9","2843","","635","1114","","","","S","","","0","0,00","","A","","","N","A","S","","","","1","","1","","0",""
"5464","","11","2843","","635","1113","","","","S","","","0","0,00","","A","","","N","A","S","","","","1","","1","","0",""
"5465","","4","2843","","635","1110","","","","S","","","0","0,00","","A","","","N","A","S","","","","1","","1","","0",""
"5466","","12","2843","","635","1144","","","","S","","","0","0,00","","A","","","N","A","S","","","","1","","1","","0",""
"5467","","5","2843","","635","1143","","","","S","","","0","0,00","","A","","","N","A","S","","","","1","","1","","0",""
"5468","","10","2843","","635","1112","","","","S","","","0","0,00","","A","","","N","A","S","","","","1","","1","","0",""
"5469","","7","2843","","635","1111","","","","S","","","0","0,00","","A","","","N","A","S","","","","1","","1","","0",""
"5470","","1","2843","","635","1107","","","","S","","","0","0,00","","A","","","N","A","S","","","","1","","1","","0",""
"5471","","2","2833","","628","1108","","","","S","","","0","0,00","","A","","","N","A","S","1","","","1","","1","","0",""
"5472","","3","2833","","628","1109","","","","S","","","0","0,00","","A","","","N","A","S","","","","1","","1","","0",""
"5473","","9","2833","","628","1114","","","","S","","","0","0,00","","A","","","N","A","S","","","","1","","1","","0",""
"5474","","11","2833","","628","1113","","","","S","","","0","0,00","","A","","","N","A","S","","","","1","","1","","0",""
"5475","","4","2833","","628","1110","","","","S","","","0","0,00","","A","","","N","A","S","","","","1","","1","","0",""
"5476","","12","2833","","628","1144","","","","S","","","0","0,00","","A","","","N","A","S","","","","1","","1","","0",""
"5477","","5","2833","","628","1143","","","","S","","","0","0,00","","A","","","N","A","S","","","","1","","1","","0",""
"5478","","10","2833","","628","1112","","","","S","","","0","0,00","","A","","","N","A","S","","","","1","","1","","0",""
"5479","","7","2833","","628","1111","","","","S","","","0","0,00","","A","","","N","A","S","","","","1","","1","","0",""
"5480","","1","2833","","628","1107","","","","S","","","0","0,00","","A","","","N","A","S","","","","1","","1","","0",""
"5481","","2","2834","","","1108","","","","N","","","0","0,00","","A","","","S","C","S","1","","","","","1","","0",""
"5482","","3","2834","","","1109","","","","N","","","0","0,00","","A","","","S","C","S","","","","","","1","","0",""
"5483","","9","2834","","","1114","","","","N","","","0","0,00","","A","","","S","C","S","","","","","","1","","0",""
"5484","","11","2834","","","1113","","","","N","","","0","0,00","","A","","","S","C","S","","","","","","1","","0",""
"5485","","4","2834","","","1110","","","","N","","","0","0,00","","A","","","S","C","S","","","","","","1","","0",""
"5486","","12","2834","","","1144","","","","N","","","0","0,00","","A","","","S","C","S","","","","","","1","","0",""
"5487","","5","2834","","","1143","","","","N","","","0","0,00","","A","","","S","C","S","","","","","","1","","0",""
"5488","","10","2834","","","1112","","","","N","","","0","0,00","","A","","","S","C","S","","","","","","1","","0",""
"5489","","7","2834","","","1111","","","","N","","","0","0,00","","A","","","S","C","S","","","","","","1","","0",""
"5490","","1","2834","","","1107","","","","N","","","0","0,00","","A","","","S","C","S","","","","","","1","","0",""
"5491","","","2834","","667","","","","","N","","","0","0,00","","A","","","S","A","S","","","","","","1","","0",""
"5492","","","2836","","667","","Aguardando peça Fábrica","","","N","","","0","0,00","","A","","","S","A","S","1","","","","","1","","0",""
"5493","","2","2836","","","1108","","","","N","","","0","0,00","","A","","","S","C","S","","","","","","1","","0",""
"5494","","3","2836","","","1109","","","","N","","","0","0,00","","A","","","S","C","S","","","","","","1","","0",""
"5536","","3","2828","","647","1095","","","","S","","","0","0,00","","A","","","N","A","S","","","","1","","1","","0",""
"5537","","9","2828","","647","1100","","","","S","","","0","0,00","","A","","","N","A","S","","","","1","","1","","0",""
"5538","","11","2828","","647","1099","","","","S","","","0","0,00","","A","","","N","A","S","","","","1","","1","","0",""
"5539","","4","2828","","647","1096","","","","S","","","0","0,00","","A","","","N","A","S","","","","1","","1","","0",""
"5540","","12","2828","","647","1130","","","","S","","","0","0,00","","A","","","N","A","S","","","","1","","1","","0",""
"5541","","5","2828","","647","1129","","","","S","","","0","0,00","","A","","","N","A","S","","","","1","","1","","0",""
"5542","","10","2828","","647","1098","","","","S","","","0","0,00","","A","","","N","A","S","","","","1","","1","","0",""
"5543","","7","2828","","647","1097","","","","S","","","0","0,00","","A","","","N","A","S","","","","1","","1","","0",""
"5544","","1","2828","","647","1093","","","","S","","","0","0,00","","A","","","N","A","S","","","","1","","1","","0",""
"5545","","","2825","","627","1132","","","","S","","","0","0,00","","A","","","N","A","S","1","","","1","","1","","0",""
"5546","","1","2826","","648","1093","","","","S","","","0","0,00","","A","","","N","A","S","1","","","1","","1","","0",""
"5547","","2","2826","","648","1094","","","","S","","","0","0,00","","A","","","N","A","S","","","","1","","1","","0",""
"5548","","3","2826","","648","1095","","","","S","","","0","0,00","","A","","","N","A","S","","","","1","","1","","0",""
"5549","","9","2826","","648","1100","","","","S","","","0","0,00","","A","","","N","A","S","","","","1","","1","","0",""
"5550","","11","2826","","648","1099","","","","S","","","0","0,00","","A","","","N","A","S","","","","1","","1","","0",""
"5551","","4","2826","","648","1096","","","","S","","","0","0,00","","A","","","N","A","S","","","","1","","1","","0",""
"5552","","12","2826","","648","1130","","","","S","","","0","0,00","","A","","","N","A","S","","","","1","","1","","0",""
"5553","","5","2826","","648","1129","","","","S","","","0","0,00","","A","","","N","A","S","","","","1","","1","","0",""
"5554","","10","2826","","648","1098","","","","S","","","0","0,00","","A","","","N","A","S","","","","1","","1","","0",""
"5555","","7","2826","","648","1097","","","","S","","","0","0,00","","A","","","N","A","S","","","","1","","1","","0",""
"5556","","","2822","","652","1132","","","","S","","","0","0,00","","A","","","N","A","S","1","","","1","","1","","0",""
"5557","","","2817","Araraquara","638","1108","","","","S","","","0","0,00","","A","","","N","A","S","1","","","1","","1","","0",""
"5558","","","2817","Barretos","638","1109","","","","S","","","0","0,00","","A","","","N","A","S","1","","","1","","1","","0",""
"5559","","","2817","Bebedouro","638","1114","","","","S","","","0","0,00","","A","","","N","A","S","1","","","1","","1","","0",""
"5560","","","2817","Franca","638","1113","","","","S","","","0","0,00","","A","","","N","A","S","1","","","1","","1","","0",""
"5561","","","2817","Guaíra","638","1110","","","","S","","","0","0,00","","A","","","N","A","S","1","","","1","","1","","0",""
"5562","","","2817","Itápolis","638","1144","","","","S","","","0","0,00","","A","","","N","A","S","1","","","1","","1","","0",""
"5563","","","2817","Ituverava","638","1143","","","","S","","","0","0,00","","A","","","N","A","S","1","","","1","","1","","0",""
"5564","","","2817","Monte Alto","638","1112","","","","S","","","0","0,00","","A","","","N","A","S","1","","","1","","1","","0",""
"5565","","","2817","Orlândia","638","1111","","","","S","","","0","0,00","","A","","","N","A","S","1","","","1","","1","","0",""
"5566","","","2817","Ribeirão Preto","638","1107","","","","S","","","0","0,00","","A","","","N","A","S","1","","","1","","1","","0",""
"5567","","2","2812","","654","1094","","","","S","","","0","0,00","","A","","","N","A","S","1","","","","","1","","0",""
"5568","","3","2812","","654","1095","","","","S","","","0","0,00","","A","","","N","A","S","","","","","","1","","0",""
"5569","","9","2812","","654","1100","","","","S","","","0","0,00","","A","","","N","A","S","","","","","","1","","0",""
"5570","","11","2812","","654","1099","","","","S","","","0","0,00","","A","","","N","A","S","","","","","","1","","0",""
"5571","","4","2812","","654","1096","","","","S","","","0","0,00","","A","","","N","A","S","","","","","","1","","0",""
"5572","","12","2812","","654","1130","","","","S","","","0","0,00","","A","","","N","A","S","","","","","","1","","0",""
"5573","","5","2812","","654","1129","","","","S","","","0","0,00","","A","","","N","A","S","","","","","","1","","0",""
"5574","","10","2812","","654","1098","","","","S","","","0","0,00","","A","","","N","A","S","","","","","","1","","0",""
"5615","","","2852","Monte Alto","676","1112","","","","S","","","0","0,00","","A","","","N","A","S","1","","","1","","1","","0",""
"5616","","","2852","Orlândia","676","1111","","","","S","","","0","0,00","","A","","","N","A","S","1","","","1","","1","","0",""
"5617","","","2852","Ribeirão Preto","676","1107","","","","S","","","0","0,00","","A","","","N","A","S","1","","","1","","1","","0",""
"5618","","","2853","Ribeirão Preto","673","1121","","","","S","","","0","0,00","","A","","","N","A","S","1","","","1","","1","","0",""
"5619","","","2853","Araraquara","673","1126","","","","S","","","0","0,00","","A","","","N","A","S","","","","1","","1","","0",""
"5620","","","2853","Barretos","673","1124","","","","S","","","0","0,00","","A","","","N","A","S","","","","1","","1","","0",""
"5621","","","2853","Bebedouro","673","1123","","","","S","","","0","0,00","","A","","","N","A","S","","","","1","","1","","0",""
"5622","","","2853","Franca","673","1125","","","","S","","","0","0,00","","A","","","N","A","S","","","","1","","1","","0",""
"5623","","","2853","Guaíra","673","1158","","","","S","","","0","0,00","","A","","","N","A","S","","","","1","","1","","0",""
"5624","","","2853","Itápolis","673","1127","","","","S","","","0","0,00","","A","","","N","A","S","","","","1","","1","","0",""
"5625","","","2853","Ituverava","673","1159","","","","S","","","0","0,00","","A","","","N","A","S","","","","1","","1","","0",""
"5626","","","2853","Monte Alto","673","1160","","","","S","","","0","0,00","","A","","","N","A","S","","","","1","","1","","0",""
"5627","","","2853","Orlândia","673","1122","","","","S","","","0","0,00","","A","","","N","A","S","","","","1","","1","","0",""
"5628","","","2854","Araraquara","674","1094","","","0","S","","","0","0,00","","A","","","N","A","S","1","","0","0","","0","0","0",""
"5629","","2","2854","","846","1126","","","0","S","","","0","0,00","","A","","","N","A","N","100","","0","1","","1","0","0",""
"5630","","3","2854","","846","1124","","","0","S","","","0","0,00","","A","","","N","A","N","100","","0","1","","1","0","0",""
"5631","","9","2854","","846","1123","","","0","S","","","0","0,00","","A","","","N","A","N","100","","0","1","","1","0","0",""
"5632","","11","2854","","846","1125","","","0","S","","","0","0,00","","A","","","N","A","N","100","","0","1","","1","0","0",""
"5633","","4","2854","","846","1158","","","0","S","","","0","0,00","","A","","","N","A","N","100","","0","1","","1","0","0",""
"5634","","12","2854","","846","1127","","","0","S","","","0","0,00","","A","","","N","A","N","100","","0","1","","1","0","0",""
"5635","","5","2854","","846","1159","","","0","S","","","0","0,00","","A","","","N","A","N","100","","0","1","","1","0","0",""
"5636","","10","2854","","846","1160","","","0","S","","","0","0,00","","A","","","N","A","N","100","","0","1","","1","0","0",""
"5637","","7","2854","","846","1122","","","0","S","","","0","0,00","","A","","","N","A","N","100","","0","1","","1","0","0",""
"5638","","1","2854","","846","1121","","","0","S","","","0","0,00","","A","","","N","A","N","100","","0","1","","1","0","0",""
"5639","","2","2855","","","1126","","","","S","","","0","0,00","","A","","","N","C","S","1","","","","","1","","0",""
"5640","","3","2855","","","1124","","","","S","","","0","0,00","","A","","","N","C","S","","","","","","1","","0",""
"5641","","9","2855","","","1123","","","","S","","","0","0,00","","A","","","N","C","S","","","","","","1","","0",""
"5642","","11","2855","","","1125","","","","S","","","0","0,00","","A","","","N","C","S","","","","","","1","","0",""
"5643","","4","2855","","","1158","","","","S","","","0","0,00","","A","","","N","C","S","","","","","","1","","0",""
"5644","","12","2855","","","1127","","","","S","","","0","0,00","","A","","","N","C","S","","","","","","1","","0",""
"5645","","5","2855","","","1159","","","","S","","","0","0,00","","A","","","N","C","S","","","","","","1","","0",""
"5646","","10","2855","","","1160","","","","S","","","0","0,00","","A","","","N","C","S","","","","","","1","","0",""
"5647","","7","2855","","","1122","","","","S","","","0","0,00","","A","","","N","C","S","","","","","","1","","0",""
"5648","","1","2855","","","1121","","","","S","","","0","0,00","","A","","","N","C","S","","","","","","1","","0",""
"5649","","","2857","Ribeirão Preto","677","1133","","","","S","","","0","0,00","","A","","","N","A","S","1","","","","","1","","0",""
"5650","","","2857","Araraquara","677","1134","","","","S","","","0","0,00","","A","","","N","A","S","1","","","","","1","","0",""
"5651","","","2857","Barretos","677","1135","","","","S","","","0","0,00","","A","","","N","A","S","1","","","","","1","","0",""
"5652","","","2857","Bebedouro","677","1139","","","","S","","","0","0,00","","A","","","N","A","S","1","","","","","1","","0",""
"5699","","","2869","Araraquara","671","1108","","","0","S","","","0","0,00","","A","","","N","A","S","1","","0","0","","0","0","0",""
"5700","","","2869","Barretos","671","1109","","","0","S","","","0","0,00","","A","","","N","A","S","1","","0","0","","0","0","0",""
"5701","","","2869","Bebedouro","671","1114","","","0","S","","","0","0,00","","A","","","N","A","S","1","","0","0","","0","0","0",""
"5702","","","2869","Franca","671","1113","","","0","S","","","0","0,00","","A","","","N","A","S","1","","0","0","","0","0","0",""
"5703","","","2869","Guaíra","671","1110","","","0","S","","","0","0,00","","A","","","N","A","S","1","","0","0","","0","0","0",""
"5704","","","2869","Itápolis","671","1144","","","0","S","","","0","0,00","","A","","","N","A","S","1","","0","0","","0","0","0",""
"5705","","","2869","Ituverava","671","1143","","","0","S","","","0","0,00","","A","","","N","A","S","1","","0","0","","0","0","0",""
"5706","","","2869","Monte Alto","671","1112","","","0","S","","","0","0,00","","A","","","N","A","S","1","","0","0","","0","0","0",""
"5707","","","2869","Orlândia","671","1111","","","0","S","","","0","0,00","","A","","","N","A","S","1","","0","0","","0","0","0",""
"5708","","","2869","Ribeirão Preto","671","1107","","","0","S","","","0","0,00","","A","","","N","A","S","1","","0","0","","0","0","0",""
"5709","","2","2869","","","1126","","","0","S","","","0","0,00","","A","","","N","C","S","1","","0","0","","1","0","0",""
"5710","","3","2869","","","1124","","","0","S","","","0","0,00","","A","","","N","C","S","1","","0","0","","1","0","0",""
"5711","","9","2869","","","1123","","","0","S","","","0","0,00","","A","","","N","C","S","1","","0","0","","1","0","0",""
"5712","","11","2869","","","1125","","","0","S","","","0","0,00","","A","","","N","C","S","1","","0","0","","1","0","0",""
"5713","","4","2869","","","1158","","","0","S","","","0","0,00","","A","","","N","C","S","1","","0","0","","1","0","0",""
"5714","","12","2869","","","1127","","","0","S","","","0","0,00","","A","","","N","C","S","1","","0","0","","1","0","0",""
"5715","","5","2869","","","1159","","","0","S","","","0","0,00","","A","","","N","C","S","1","","0","0","","1","0","0",""
"5716","","10","2869","","","1160","","","0","S","","","0","0,00","","A","","","N","C","S","1","","0","0","","1","0","0",""
"5717","","7","2869","","","1122","","","0","S","","","0","0,00","","A","","","N","C","S","1","","0","0","","1","0","0",""
"5718","","1","2869","","","1121","","","0","S","","","0","0,00","","A","","","N","C","S","1","","0","0","","1","0","0",""
"5719","","","2870","Araraquara","677","1134","","","","S","","","0","0,00","","A","","","N","A","S","1","","","1","","1","","0",""
"5720","","","2870","Barretos","677","1135","","","","S","","","0","0,00","","A","","","N","A","S","1","","","1","","1","","0",""
"5721","","","2870","Bebedouro","677","1139","","","","S","","","0","0,00","","A","","","N","A","S","1","","","1","","1","","0",""
"5722","","","2870","Franca","677","1141","","","","S","","","0","0,00","","A","","","N","A","S","1","","","1","","1","","0",""
"5723","","","2870","Guaíra","677","1136","","","","S","","","0","0,00","","A","","","N","A","S","1","","","1","","1","","0",""
"5762","","3","2877","","676","1109","","","","S","","","0","0,00","","A","","","N","A","S","","","","","","1","","0",""
"5763","","9","2877","","676","1114","","","","S","","","0","0,00","","A","","","N","A","S","","","","","","1","","0",""
"5764","","11","2877","","676","1113","","","","S","","","0","0,00","","A","","","N","A","S","","","","","","1","","0",""
"5765","","4","2877","","676","1110","","","","S","","","0","0,00","","A","","","N","A","S","","","","","","1","","0",""
"5766","","12","2877","","676","1144","","","","S","","","0","0,00","","A","","","N","A","S","","","","","","1","","0",""
"5767","","5","2877","","676","1143","","","","S","","","0","0,00","","A","","","N","A","S","","","","","","1","","0",""
"5768","","10","2877","","676","1112","","","","S","","","0","0,00","","A","","","N","A","S","","","","","","1","","0",""
"5769","","7","2877","","676","1111","","","","S","","","0","0,00","","A","","","N","A","S","","","","","","1","","0",""
"5770","","1","2877","","676","1107","","","","S","","","0","0,00","","A","","","N","A","S","","","","","","1","","0",""
"5771","","","2878","Araraquara","679","1134","","","","S","","","0","0,00","","A","","","N","A","S","1","","","1","","1","","0",""
"5772","","","2878","Barretos","679","1135","","","","S","","","0","0,00","","A","","","N","A","S","1","","","1","","1","","0",""
"5773","","","2878","Bebedouro","679","1139","","","","S","","","0","0,00","","A","","","N","A","S","1","","","1","","1","","0",""
"5774","","","2878","Franca","679","1141","","","","S","","","0","0,00","","A","","","N","A","S","1","","","1","","1","","0",""
"5775","","","2878","Guaíra","679","1136","","","","S","","","0","0,00","","A","","","N","A","S","1","","","1","","1","","0",""
"5776","","","2878","Itápolis","679","1142","","","","S","","","0","0,00","","A","","","N","A","S","1","","","1","","1","","0",""
"5777","","","2878","Ituverava","679","1137","","","","S","","","0","0,00","","A","","","N","A","S","1","","","1","","1","","0",""
"5778","","","2878","Monte Alto","679","1140","","","","S","","","0","0,00","","A","","","N","A","S","1","","","1","","1","","0",""
"5779","","","2878","Orlândia","679","1138","","","","S","","","0","0,00","","A","","","N","A","S","1","","","1","","1","","0",""
"5780","","","2878","Ribeirão Preto","679","1133","","","","S","","","0","0,00","","A","","","N","A","S","1","","","1","","1","","0",""
"5781","","","2880","Araraquara","675","1108","","","","S","","","0","0,00","","A","","","N","A","S","1","","","","","1","","0",""
"5782","","","2880","Barretos","675","1109","","","","S","","","0","0,00","","A","","","N","A","S","1","","","","","1","","0",""
"5783","","","2880","Bebedouro","675","1114","","","","S","","","0","0,00","","A","","","N","A","S","1","","","","","1","","0",""
"5784","","","2880","Franca","675","1113","","","","S","","","0","0,00","","A","","","N","A","S","1","","","","","1","","0",""
"5785","","","2880","Guaíra","675","1110","","","","S","","","0","0,00","","A","","","N","A","S","1","","","","","1","","0",""
"5786","","","2880","Itápolis","675","1144","","","","S","","","0","0,00","","A","","","N","A","S","1","","","","","1","","0",""
"5787","","","2880","Ituverava","675","1143","","","","S","","","0","0,00","","A","","","N","A","S","1","","","","","1","","0",""
"5788","","","2880","Monte Alto","675","1112","","","","S","","","0","0,00","","A","","","N","A","S","1","","","","","1","","0",""
"5789","","","2880","Orlândia","675","1111","","","","S","","","0","0,00","","A","","","N","A","S","1","","","","","1","","0",""
"5790","","","2880","Ribeirão Preto","675","1107","","","","S","","","0","0,00","","A","","","N","A","S","1","","","","","1","","0",""
"5791","","","2885","Cortesia","682","","Cortesia","","","S","","","0","0,00","","A","","","N","A","S","1","","","","","1","","0",""
"5793","","2","2886","","666","1094","","","","S","","","0","0,00","","A","","","N","A","S","1","","","","","1","","0",""
"5794","","3","2886","","666","1095","","","","S","","","0","0,00","","A","","","N","A","S","","","","","","1","","0",""
"5795","","9","2886","","666","1100","","","","S","","","0","0,00","","A","","","N","A","S","","","","","","1","","0",""
"5796","","11","2886","","666","1099","","","","S","","","0","0,00","","A","","","N","A","S","","","","","","1","","0",""
"5797","","4","2886","","666","1096","","","","S","","","0","0,00","","A","","","N","A","S","","","","","","1","","0",""
"5798","","12","2886","","666","1130","","","","S","","","0","0,00","","A","","","N","A","S","","","","","","1","","0",""
"5840","","","2899","C/ Orçamento - Itapo","678","1144","","","","S","","","0","0,00","","A","","","N","A","S","1","","","","","1","","0",""
"5841","","","2899","C/ Orçamento - Ituve","678","1143","","","","S","","","0","0,00","","A","","","N","A","S","1","","","","","1","","0",""
"5842","","","2899","C/ Orçamento - M Alt","678","1112","","","","S","","","0","0,00","","A","","","N","A","S","1","","","","","1","","0",""
"5843","","","2899","C/ Orçamento - Orlan","678","1111","","","","S","","","0","0,00","","A","","","N","A","S","1","","","","","1","","0",""
"5844","","","2899","C/ Orçamento - Rib P","678","1107","","","","S","","","0","0,00","","A","","","N","A","S","1","","","","","1","","0",""
"5845","","","2899","Sem Orçamento","672","","","","","S","","","0","0,00","","A","","","N","A","S","1","","","","","1","","0",""
"5846","","2","2783","Sem deslocamento","","1094","","","0","N","","","0","0,00","","A","","","S","C","S","100","","0","0","","1","0","0",""
"5847","","3","2783","Sem deslocamento","","1095","","","0","N","","","0","0,00","","A","","","S","C","S","100","","0","0","","1","0","0",""
"5848","","9","2783","Sem deslocamento","","1100","","","0","N","","","0","0,00","","A","","","S","C","S","100","","0","0","","1","0","0",""
"5849","","11","2783","Sem deslocamento","","1099","","","0","N","","","0","0,00","","A","","","S","C","S","100","","0","0","","1","0","0",""
"5850","","4","2783","Sem deslocamento","","1096","","","0","N","","","0","0,00","","A","","","S","C","S","100","","0","0","","1","0","0",""
"5851","","12","2783","Sem deslocamento","","1130","","","0","N","","","0","0,00","","A","","","S","C","S","100","","0","0","","1","0","0",""
"5852","","5","2783","Sem deslocamento","","1129","","","0","N","","","0","0,00","","A","","","S","C","S","100","","0","0","","1","0","0",""
"5853","","10","2783","Sem deslocamento","","1098","","","0","N","","","0","0,00","","A","","","S","C","S","100","","0","0","","1","0","0",""
"5854","","7","2783","Sem deslocamento","","1097","","","0","N","","","0","0,00","","A","","","S","C","S","100","","0","0","","1","0","0",""
"5855","","2","2868","","679","1134","","","","S","","","0","0,00","","A","","","N","A","S","1","","","","","1","","0",""
"5856","","3","2868","","679","1135","","","","S","","","0","0,00","","A","","","N","A","S","","","","","","1","","0",""
"5857","","9","2868","","679","1139","","","","S","","","0","0,00","","A","","","N","A","S","","","","","","1","","0",""
"5858","","11","2868","","679","1141","","","","S","","","0","0,00","","A","","","N","A","S","","","","","","1","","0",""
"5859","","4","2868","","679","1136","","","","S","","","0","0,00","","A","","","N","A","S","","","","","","1","","0",""
"5860","","12","2868","","679","1142","","","","S","","","0","0,00","","A","","","N","A","S","","","","","","1","","0",""
"5861","","5","2868","","679","1137","","","","S","","","0","0,00","","A","","","N","A","S","","","","","","1","","0",""
"5862","","10","2868","","679","1140","","","","S","","","0","0,00","","A","","","N","A","S","","","","","","1","","0",""
"5863","","7","2868","","679","1138","","","","S","","","0","0,00","","A","","","N","A","S","","","","","","1","","0",""
"5864","","1","2868","","679","1133","","","","S","","","0","0,00","","A","","","N","A","S","","","","","","1","","0",""
"5875","","","2900","","639","","","","","N","","","0","0,00","","A","","","N","A","S","1","","","","","1","","0",""
"5876","","11","2715","PMP","654","1099","","","","S","","","0","0,00","","A","","","N","A","S","1","","","","","1","","0",""
"5877","","","2901","","683","","","","","N","","","0","0,00","","A","","","N","A","S","1","","","","","1","","0",""
"5878","","2","2903","","676","1094","Cadastro Desbloqueado","","0","S","","","0","0,00","","A","","","N","A","S","1","","0","1","","1","0","0",""
"5918","","10","2132","","47","1112","","","","S","","","0","0,00","","A","","","N","A","S","1","","","","","1","","0",""
"5919","","11","2132","","47","1113","","","","S","","","0","0,00","","A","","","N","A","S","1","","","","","1","","0",""
"5920","","4","2186","Greensystem","47","1110","","","","S","","","0","0,00","","A","","","N","A","S","1","","","","","1","","0",""
"5921","","10","2186","Greensystem","47","1112","","","","S","","","0","0,00","","A","","","N","A","S","1","","","","","1","","0",""
"5922","","11","2186","Greensystem","47","1113","","","","S","","","0","0,00","","A","","","N","A","S","1","","","","","1","","0",""
"5923","","4","2260","","47","1110","","","","S","","","0","0,00","","A","","","N","A","S","1","","","","","1","","0",""
"5924","","10","2260","","47","1112","","","","S","","","0","0,00","","A","","","N","A","S","1","","","","","1","","0",""
"5925","","11","2260","","47","1113","","","","S","","","0","0,00","","A","","","N","A","S","1","","","","","1","","0",""
"5933","","","2983","","713","0","","","0","S","","","0","0,00","","A","","0","N","A","S","0","","0","0","0","1","","0",""
"5934","","1","3010","","706","1121","","","0","S","","","0","0,00","","A","","0","N","A","S","0","","0","0","0","1","","0",""
"5935","","2","2994","","708","1126","","","0","S","","","0","0,00","","A","","0","N","A","S","0","","0","1","0","0","0","0",""
"5937","","2","2922","","705","1108","","","0","S","","","0","0,00","","A","","0","N","A","S","0","","0","1","0","0","0","0",""
"5939","","","2993","","698","1132","","","0","S","","","0","0,00","","A","","0","N","A","S","0","","0","1","0","1","","0",""
"5940","","2","2999","","708","1126","","","0","S","","","0","0,00","","A","","0","N","A","S","0","","0","1","0","1","","0",""
"5941","","0","2953","","709","544","Revisão 100 horas","","0","S","","","0","0,00","","A","","0","N","A","S","0","","0","1","0","1","","0",""
"5942","","0","2954","","709","544","Revisão 450/600 horas","","0","S","","","0","0,00","","A","","0","N","A","S","0","","0","1","0","1","","0",""
"5943","","0","2951","","709","544","Revisão 800 horas","","0","S","","","0","0,00","","A","","0","S","A","S","0","","0","0","0","1","","0",""
"5944","","0","2956","","709","544","Revisão 1100/1150 h","","0","S","","","0","0,00","","A","","0","N","A","S","0","","0","1","0","1","","0",""
"5945","","0","2955","","709","544","Revisão 1500 h","","0","S","","","0","0,00","","A","","0","N","A","S","0","","0","1","0","1","","0",""
"5946","","","3005","Tratores 5E","713","1132","","","0","S","","","0","0,00","","A","","0","N","A","S","0","","0","1","0","1","","0",""
"5947","","","2925","","702","1132","","","0","S","","","0","0,00","","A","","0","N","A","S","0","","0","1","0","1","","0",""
"5948","","","2988","","684","1132","","","0","S","","","0","0,00","","A","","0","N","A","S","0","","0","1","0","1","","0",""
"5949","","","2987","","685","1132","","","0","S","","","0","0,00","","A","","0","N","A","S","0","","0","1","0","1","","0",""
"5950","","","2986","","712","1132","","","0","S","","","0","0,00","","A","","0","N","A","S","0","","0","1","0","1","","0",""
"5951","","2","2931","","700","1134","","","0","S","","","0","0,00","","A","","0","N","A","S","0","","0","1","0","1","","0",""
"5952","","2","2966","","692","1108","","","0","S","","","0","0,00","","A","","0","N","A","S","0","","0","1","0","1","","0",""
"5953","","2","2926","","686","1282","","","0","S","","","0","0,00","","A","","0","N","A","S","0","","0","1","0","1","","0",""
"5954","","2","2968","","687","1108","","","0","S","","","0","0,00","","A","","0","N","A","S","0","","0","1","0","1","","0",""
"3452","","","2047","","768","-5","Canal Digital","","0","S","","","0","0,00","","A","","","N","A","S","1","","0","0","","1","0","0",""
"3453","","","2048","","459","-5","Canal Digital","","","S","","","0","0,00","","A","","","N","A","S","1","","","","","1","","0",""
"3454","","","2049","","768","-5","Canal Digital","","0","S","","","0","0,00","","A","","","N","A","S","1","","0","0","","1","0","0",""
"3455","","","2049","","377","","Canal Digital","","","N","","","0","0,00","","A","","","N","A","S","1","","","","","1","","0",""
"3456","","","2050","","377","","Canal Digital","","","N","","","0","0,00","","A","","","N","A","S","1","","","","","1","","0",""
"3457","","","2050","","768","0","Canal Digital","","0","S","","","0","0,00","","A","","","N","A","S","1","","0","0","","1","0","0",""
"3458","","","2051","","424","","Canal Digital","","","N","","","0","0,00","","A","","","N","A","S","1","","","","","1","","0",""
"3459","","","2051","","382","-5","Canal Digital","","","S","","","0","0,00","","A","","","N","A","S","1","","","","","1","","0",""
"3460","","","2052","","424","","Canal Digital","","","N","","","0","0,00","","A","","","N","A","S","1","","","","","1","","0",""
"3461","","","2052","","394","-5","Canal Digital","","","S","","","0","0,00","","A","","","N","A","S","1","","","","","1","","0",""
"3462","","","2053","","483","","Canal Digital","","","N","","","0","0,00","","A","","","N","A","S","1","","","","","1","","0",""
"3326","","","1992","","394","-5","Oportunidade Prospecção","","","S","","","0","0,00","","A","","","N","A","S","","","","","","1","","0",""
"3327","","","1776","","312","-15","Oportunidade Prospecção","","0","S","","","0","0,00","","A","","","N","A","S","1","","0","0","","1","0","0",""
"3328","","","243","","478","1272","Meu 1º JD","","0","S","","","60","0,00","","A","","0","N","A","N","1","","0","1","","1","0","0",""
"3329","","","1640","","381","-15","","","0","S","","","30","0,00","","A","","","N","A","N","1","","1","0","","1","0","0",""
"3345","","","2004","SERVIÇOS","478","679","","","","S","","","0","0,00","","A","","","N","A","S","1","","","","","1","","0",""
"3346","","","2004","PEÇAS","392","679","","","","S","","","0","0,00","","A","","","N","A","S","1","","","","","1","","0",""
"3347","","","2004","MÁQUINAS","376","","","","","S","","","0","0,00","","A","","","N","A","S","1","","","","","1","","0",""
"3463","","","2053","","312","-5","Canal Digital","","","S","","","0","0,00","","A","","","N","A","S","1","","","","","1","","0",""
"3480","","","2054","","377","","Canal Digital","","","N","","","0","0,00","","A","","","N","A","S","1","","","","","1","","0",""
"3481","","","2054","","768","-5","Canal Digital","","0","S","","","0","0,00","","A","","","N","A","S","1","","0","0","","1","0","0",""
"3487","","","1648","Pneus","394","","","","","S","","","0","0,00","","A","","","N","A","S","1","","","","","1","","0",""
"3488","","","1648","Serviços","312","","","","","S","","","0","0,00","","A","","","N","A","S","1","","","","","1","","0",""
"3489","","","2048","","377","","Canal Digital","","","N","","","0","0,00","","A","","","N","A","S","1","","","","","1","","0",""
"3490","","","2047","","377","","Canal Digital","","","N","","","0","0,00","","A","","","N","A","S","1","","","","","1","","0",""
"3496","","2","1988","","512","686","Enviar whats","","","N","","","0","0,00","","A","","0","N","A","S","1","","","","","1","","0",""
"3501","","","2068","","377","","Canal Digital","","","N","","","0","0,00","","A","","","N","A","S","1","","","","","1","","0",""
"3518","","","2084","","272","-5","","","","S","","","0","0,00","","A","","","N","A","N","","","","","","1","","0",""
"3835","","7","1183","Ativação de Licença","274","802","","","","S","","","0","0,00","","A","","","N","A","S","1","","","","","1","","0",""
"3836","","7","1183","Licença","274","802","","","","S","","","0","0,00","","A","","","N","A","S","1","","","","","1","","0",""
"3837","","1","1183","Ativação de Licença","274","802","","","","S","","","0","0,00","","A","","","N","A","S","1","","","","","1","","0",""
"3838","","1","1183","Licença","274","802","","","","S","","","0","0,00","","A","","","N","A","S","1","","","","","1","","0",""
"3839","","3","1183","Licença","274","802","","","","S","","","0","0,00","","A","","","N","A","S","1","","","","","1","","0",""
"3846","","1","2143","","528","127","","","","S","","","0","0,00","","A","","","N","A","S","1","","","","","1","","0",""
"3847","","7","2143","","528","782","","","","S","","","0","0,00","","A","","","N","A","S","1","","","","","1","","0",""
"3848","","3","2143","","528","591","","","","S","","","0","0,00","","A","","","N","A","S","1","","","","","1","","0",""
"3849","","9","2145","","529","","","","","S","","","0","0,00","","A","","","N","A","S","1","","","0","","1","","0",""
"3851","","3","2145","","529","652","","","","S","","","0","0,00","","A","","","N","A","S","1","","","","","1","","0",""
"3852","","7","2145","","529","594","","","","S","","","0","0,00","","A","","","N","A","S","1","","","","","1","","0",""
"3853","","7","2151","","521","594","","","","S","","","0","0,00","","A","","","N","A","S","1","","","","","1","","0",""
"3854","","1","2151","","521","594","","","","S","","","0","0,00","","A","","","N","A","S","1","","","","","1","","0",""
"3855","","9","2151","","521","594","","","","S","","","0","0,00","","A","","","N","A","S","1","","","1","","1","","0",""
"3856","","3","2151","","521","594","","","","S","","","0","0,00","","A","","","N","A","S","1","","","","","1","","0",""
"3860","","9","2151","","522","802","","","","S","","","0","0,00","","A","","","N","A","S","1","","","","","1","","0",""
"3861","","7","2151","","522","802","","","","S","","","0","0,00","","A","","","N","A","S","1","","","","","1","","0",""
"3862","","3","2151","","522","594","","","","S","","","0","0,00","","A","","","N","A","S","1","","","","","1","","0",""
"3863","","2","2151","","522","594","","","","S","","","0","0,00","","A","","","N","A","S","1","","","","","1","","0",""
"3864","","","2171","","534","576","","","","S","","","0","0,00","","A","","","N","A","S","1","","","","","1","","0",""
"3867","","","2171","Parcial","521","","Refaturamento Parcial","","","S","","","0","0,00","","A","","","N","A","S","1","","","","","1","","0",""
"3868","","","2119","","522","","Compra realizada","","","S","","","0","0,00","","A","","","N","A","S","1","","","","","1","","0",""
"3870","","","2152","","312","","Monitoramento Máquinas","","","S","","","0","0,00","","A","","1","N","A","N","1","","1","","","1","","0",""
"3871","","","2152","","382","","Monitoramento Máquinas","","","S","","","0","0,00","","A","","1","N","A","N","1","","1","","","1","","0",""
"3874","","3","2176","","528","243","","","","S","","","0","0,00","","A","","","N","A","S","1","","","","","1","","0",""
"3875","","7","2176","","528","782","","","","S","","","0","0,00","","A","","","N","A","S","1","","","","","1","","0",""
"3876","","1","2176","","528","127","","","","S","","","0","0,00","","A","","","N","A","S","1","","","","","1","","0",""
"3877","","2","2176","","528","747","","","","S","","","0","0,00","","A","","","N","A","S","1","","","","","1","","0",""
"3878","","","2181","","536","767","","","","S","","","0","0,00","","A","","","N","A","S","","","","","","1","","0",""
"3881","","","2182","","536","767","","","","S","","","0","0,00","","A","","","N","A","S","","","","","","1","","0",""
"3884","","","2183","","","239","","","","S","","","0","","","A","","","N","C","S","","","","","","1","","0",""
"3885","","","2149","","528","-2","Processo devolvido","","","S","","","0","0,00","","A","","0","N","A","S","1","","","","","1","","0",""
"3886","","","2151","Docto parcial","529","","Pendência","","","S","","","0","0,00","","A","","0","N","A","S","1","","","","","1","","0",""
"3887","","","2114","","521","","Aprovado Credito Com Contrato","","","S","","","0","0,00","","A","","","N","A","S","1","","","","","1","","0",""
"3888","","2","2128","","528","747","Processo devolvido","","","S","","","0","0,00","","A","","","N","A","S","1","","","1","","1","","0",""
"3894","","2","2191","","539","747","","","","S","","","0","0,00","","A","","","N","A","S","1","","","","","1","","0",""
"3897","","7","2191","","539","782","","","","S","","","0","0,00","","A","","","N","A","S","1","","","","","1","","0",""
"3898","","1","2191","","539","127","","","","S","","","0","0,00","","A","","","N","A","S","1","","","","","1","","0",""
"3899","","","2120","","522","","","","","S","","","0","0,00","","A","","","N","A","S","1","","","","","1","","0",""
"3902","","","2127","","537","489","","","","S","","","0","0,00","","A","","","N","A","S","1","","","","","1","","0",""
"3905","","7","2114","","533","594","","","","S","","","0","0,00","","A","","","N","A","S","1","","","","","1","","0",""
"3906","","3","2114","","533","652","","","","S","","","0","0,00","","A","","","N","A","S","1","","","","","1","","0",""
"3907","","","2195","","521","","Aprovado Sem Contrato","","","S","","","0","0,00","","A","","","N","A","S","1","","","","","1","","0",""
"3908","","9","1183","Licença","274","802","","","","S","","","0","0,00","","A","","","N","A","S","1","","","","","1","","0",""
"3909","","9","1183","Ativação de Licença","274","802","","","","S","","","0","0,00","","A","","","N","A","S","1","","","","","1","","0",""
"3910","","","2127","","540","489","","","","S","","","0","0,00","","A","","","N","A","S","1","","","","","1","","0",""
"3911","","","2201","","609","0","","","0","S","","","0","0,00","","A","","","N","A","S","1","","0","0","","0","0","0",""
"3913","","","2205","","","-3","","","","S","","","0","0,00","","A","","","S","C","S","1","","","","","1","","0",""
"3914","","","2206","","","-3","","","","S","","","0","","","A","","","S","C","S","","","","","","1","","0",""
"3915","","","2208","","","","","","","S","","","0","0,00","","A","","","N","C","S","1","","","","","1","","0",""
"3916","","9","2206","","542","802","","","","S","","","0","0,00","","A","","0","N","A","S","1","","","","","1","","0",""
"3917","","1","2205","","542","802","","","","S","","","0","0,00","","A","","0","N","A","S","1","","","","","1","","0",""
"3920","","","2211","","","-3","","","","S","","","0","","","A","","","S","C","S","","","","","","1","","0",""
"3921","","9","2211","","542","802","","","","S","","","0","0,00","","A","","0","N","A","S","","","","","","1","","0",""
"3923","","","2216","","104","","Devolvido","","","S","","","0","0,00","","A","","0","N","A","S","1","","","","","1","","0",""
"3924","","","468","","544","","","","","S","","","0","0,00","","A","","","N","A","S","1","","","","","1","","0",""
"3925","","7","2205","","542","802","","","","S","","","0","0,00","","A","","0","N","A","S","1","","","","","1","","0",""
"9099","","18","2578","","826","867","","","0","N","","","0","0,00","","A","","2","S","A","N","100","","0","0","0","1","0","",""
"9100","","7","2624","","826","867","","","0","N","","","0","0,00","","A","","2","S","A","N","100","","0","0","0","1","0","",""
"9101","","1","2624","","826","867","","","0","N","","","0","0,00","","A","","2","S","A","N","100","","0","0","0","1","0","",""
"9102","","13","2624","","826","867","","","0","N","","","0","0,00","","A","","2","S","A","N","100","","0","0","0","1","0","",""
"9103","","14","2624","","826","867","","","0","N","","","0","0,00","","A","","2","S","A","N","100","","0","0","0","1","0","",""
"9104","","15","2624","","826","867","","","0","N","","","0","0,00","","A","","2","S","A","N","100","","0","0","0","1","0","",""
"9105","","16","2624","","826","867","","","0","N","","","0","0,00","","A","","2","S","A","N","100","","0","0","0","1","0","",""
"9106","","17","2624","","826","867","","","0","N","","","0","0,00","","A","","2","S","A","N","100","","0","0","0","1","0","",""
"9107","","18","2624","","826","867","","","0","N","","","0","0,00","","A","","2","S","A","N","100","","0","0","0","1","0","",""
"9108","","2","2624","","826","1400","","","0","N","","","0","0,00","","A","","2","S","A","N","100","","0","0","0","1","0","0",""
"9109","","9","2624","","826","1400","","","0","N","","","0","0,00","","A","","2","S","A","N","100","","0","0","0","1","0","0",""
"9110","","10","2624","","826","1400","","","0","N","","","0","0,00","","A","","2","S","A","N","100","","0","0","0","1","0","",""
"9111","","3","2624","","826","1400","","","0","N","","","0","0,00","","A","","2","S","A","N","100","","0","0","0","1","0","",""
"9112","","4","2624","","826","1400","","","0","N","","","0","0,00","","A","","2","S","A","N","100","","0","0","0","1","0","",""
"9113","","11","2624","","826","1400","","","0","N","","","0","0,00","","A","","2","S","A","N","100","","0","0","0","1","0","",""
"9114","","12","2624","","826","1400","","","0","N","","","0","0,00","","A","","2","S","A","N","100","","0","0","0","1","0","",""
"9115","","","3227","","767","0","","","0","N","","","0","0,00","","A","","2","S","A","N","100","","1","0","0","1","0","",""
"9116","","","3482","","822","0","","","0","S","","","0","0,00","","A","","2","N","A","S","100","","0","0","0","1","0","0",""
"9117","","","3248","","825","1083","","","0","S","","","0","0,00","","A","","2","S","A","S","100","","0","0","0","1","0","",""
"9118","","","3412","","809","869","Chassi Disponível","","0","S","","","0","0,00","","A","","2","N","A","S","100","","0","1","0","0","0","0",""
"9119","","","3610","","824","1380","Sem Pendência","","0","S","","","0","0,00","","A","","2","N","A","S","100","","0","0","0","1","0","0",""
"9120","","2","3499","Com Pendência","848","1126","","","0","S","","","0","0,00","","A","","2","N","A","S","100","","0","0","0","1","0","0",""
"9121","","3","3499","Com Pendência","848","1124","","","0","S","","","0","0,00","","A","","2","N","A","S","100","","0","0","0","1","0","",""
"9122","","9","3499","Com Pendência","848","1123","","","0","S","","","0","0,00","","A","","2","N","A","S","100","","0","0","0","1","0","",""
"9123","","14","3499","Com Pendência","848","1256","","","0","S","","","0","0,00","","A","","2","N","A","S","100","","0","0","0","1","0","",""
"9124","","11","3499","Com Pendência","848","1125","","","0","S","","","0","0,00","","A","","2","N","A","S","100","","0","0","0","1","0","",""
"9125","","4","3499","Com Pendência","848","1158","","","0","S","","","0","0,00","","A","","2","N","A","S","100","","0","0","0","1","0","",""
"9126","","12","3499","Com Pendência","848","1127","","","0","S","","","0","0,00","","A","","2","N","A","S","100","","0","0","0","1","0","",""
"9127","","5","3499","Com Pendência","848","1159","","","0","S","","","0","0,00","","A","","2","N","A","S","100","","0","0","0","1","0","",""
"9128","","15","3499","Com Pendência","848","1257","","","0","S","","","0","0,00","","A","","2","N","A","S","100","","0","0","0","1","0","",""
"9129","","10","3499","Com Pendência","848","1160","","","0","S","","","0","0,00","","A","","2","N","A","S","100","","0","0","0","1","0","",""
"9130","","18","3499","Com Pendência","848","1260","","","0","S","","","0","0,00","","A","","2","N","A","S","100","","0","0","0","1","0","",""
"9131","","7","3499","Com Pendência","848","1122","","","0","S","","","0","0,00","","A","","2","N","A","S","100","","0","0","0","1","0","",""
"9132","","1","3499","Com Pendência","848","1121","","","0","S","","","0","0,00","","A","","2","N","A","S","100","","0","0","0","1","0","",""
"9133","","13","3499","Com Pendência","848","1255","","","0","S","","","0","0,00","","A","","2","N","A","S","100","","0","0","0","1","0","",""
"9134","","17","3499","Com Pendência","848","1259","","","0","S","","","0","0,00","","A","","2","N","A","S","100","","0","0","0","1","0","",""
"9135","","16","3499","Com Pendência","848","1258","","","0","S","","","0","0,00","","A","","2","N","A","S","100","","0","0","0","1","0","",""
"9136","","","3614","","806","1380","Formulário/Contrato Enviado","","0","S","","","0","0,00","","A","","2","N","A","S","100","","0","1","0","1","0","",""
"9137","","2","3430","Com Contrato","849","1126","","","0","S","","","0","0,00","","A","","2","N","A","S","100","","0","1","0","1","0","",""
"9138","","3","3430","Com Contrato","849","1124","","","0","S","","","0","0,00","","A","","2","N","A","S","100","","0","1","0","1","0","",""
"9139","","9","3430","Com Contrato","849","1123","","","0","S","","","0","0,00","","A","","2","N","A","S","100","","0","1","0","1","0","",""
"9140","","14","3430","Com Contrato","849","1256","","","0","S","","","0","0,00","","A","","2","N","A","S","100","","0","1","0","1","0","",""
"9141","","11","3430","Com Contrato","849","1125","","","0","S","","","0","0,00","","A","","2","N","A","S","100","","0","1","0","1","0","",""
"9142","","4","3430","Com Contrato","849","1158","","","0","S","","","0","0,00","","A","","2","N","A","S","100","","0","1","0","1","0","",""
"9143","","12","3430","Com Contrato","849","1127","","","0","S","","","0","0,00","","A","","2","N","A","S","100","","0","1","0","1","0","",""
"9144","","5","3430","Com Contrato","849","1159","","","0","S","","","0","0,00","","A","","2","N","A","S","100","","0","1","0","1","0","",""
"9145","","15","3430","Com Contrato","849","1257","","","0","S","","","0","0,00","","A","","2","N","A","S","100","","0","1","0","1","0","",""
"9146","","10","3430","Com Contrato","849","1160","","","0","S","","","0","0,00","","A","","2","N","A","S","100","","0","1","0","1","0","",""
"9147","","18","3430","Com Contrato","849","1260","","","0","S","","","0","0,00","","A","","2","N","A","S","100","","0","1","0","1","0","",""
"9148","","7","3430","Com Contrato","849","1122","","","0","S","","","0","0,00","","A","","2","N","A","S","100","","0","1","0","1","0","",""
"9149","","1","3430","Com Contrato","849","1121","","","0","S","","","0","0,00","","A","","2","N","A","S","100","","0","1","0","1","0","",""
"9150","","13","3430","Com Contrato","849","1255","","","0","S","","","0","0,00","","A","","2","N","A","S","100","","0","1","0","1","0","",""
"9151","","17","3430","Com Contrato","849","1259","","","0","S","","","0","0,00","","A","","2","N","A","S","100","","0","1","0","1","0","",""
"9152","","16","3430","Com Contrato","849","1258","","","0","S","","","0","0,00","","A","","2","N","A","S","100","","0","1","0","1","0","",""
"9153","","","3472","Recurso Próprio","850","868","","","0","S","","","0","0,00","","A","","2","N","A","S","100","","0","0","0","0","0","0",""
"9154","","2","3618","","816","1126","","","0","S","","","0","0,00","","A","","2","N","A","S","100","","0","1","0","1","0","",""
"9155","","3","3618","","816","1124","","","0","S","","","0","0,00","","A","","2","N","A","S","100","","0","1","0","1","0","",""
"9156","","9","3618","","816","1123","","","0","S","","","0","0,00","","A","","2","N","A","S","100","","0","1","0","1","0","",""
"9157","","14","3618","","816","1256","","","0","S","","","0","0,00","","A","","2","N","A","S","100","","0","1","0","1","0","",""
"9158","","11","3618","","816","1125","","","0","S","","","0","0,00","","A","","2","N","A","S","100","","0","1","0","1","0","",""
"9159","","4","3618","","816","1158","","","0","S","","","0","0,00","","A","","2","N","A","S","100","","0","1","0","1","0","",""
"9160","","12","3618","","816","1127","","","0","S","","","0","0,00","","A","","2","N","A","S","100","","0","1","0","1","0","",""
"9161","","5","3618","","816","1159","","","0","S","","","0","0,00","","A","","2","N","A","S","100","","0","1","0","1","0","",""
"9162","","15","3618","","816","1257","","","0","S","","","0","0,00","","A","","2","N","A","S","100","","0","1","0","1","0","",""
"8486","","10","3431","","805","1160","Recurso Próprio Não Aprovado","","0","S","","","0","0,00","","A","","2","S","A","S","100","","0","0","0","1","0","",""
"8487","","18","3431","","805","1260","Recurso Próprio Não Aprovado","","0","S","","","0","0,00","","A","","2","S","A","S","100","","0","0","0","1","0","",""
"8488","","7","3431","","805","1122","Recurso Próprio Não Aprovado","","0","S","","","0","0,00","","A","","2","S","A","S","100","","0","0","0","1","0","",""
"8489","","1","3431","","805","1121","Recurso Próprio Não Aprovado","","0","S","","","0","0,00","","A","","2","S","A","S","100","","0","0","0","1","0","",""
"8490","","13","3431","","805","1255","Recurso Próprio Não Aprovado","","0","S","","","0","0,00","","A","","2","S","A","S","100","","0","0","0","1","0","",""
"8491","","17","3431","","805","1259","Recurso Próprio Não Aprovado","","0","S","","","0","0,00","","A","","2","S","A","S","100","","0","0","0","1","0","",""
"8492","","16","3431","","805","1258","Recurso Próprio Não Aprovado","","0","S","","","0","0,00","","A","","2","S","A","S","100","","0","0","0","1","0","",""
"8493","","","3425","","809","869","Processo Sem Pendência","","0","S","","","0","0,00","","A","","2","N","A","S","100","","0","1","0","0","0","0",""
"8494","","","3455","","819","1379","","","0","S","","","0","0,00","","A","","2","N","A","S","100","","0","1","0","1","0","0",""
"8495","","","3456","","819","1379","","","0","S","","","0","0,00","","A","","2","N","A","S","100","","0","1","0","1","0","0",""
"8496","","","3457","","767","-15","","","0","S","","","0","0,00","","A","","2","S","A","S","100","","0","0","0","0","0","0",""
"8497","","2","3458","","772","1126","Desistiu da Compra","","0","S","","","0","0,00","","A","","2","S","A","S","100","","0","0","0","0","0","0",""
"8498","","3","3458","","772","1124","Desistiu da Compra","","0","S","","","0","0,00","","A","","2","S","A","S","100","","0","0","0","0","0","0",""
"8499","","9","3458","","772","1123","Desistiu da Compra","","0","S","","","0","0,00","","A","","2","S","A","S","100","","0","0","0","0","0","0",""
"8500","","14","3458","","772","1256","Desistiu da Compra","","0","S","","","0","0,00","","A","","2","S","A","S","100","","0","0","0","0","0","0",""
"8501","","11","3458","","772","1125","Desistiu da Compra","","0","S","","","0","0,00","","A","","2","S","A","S","100","","0","0","0","0","0","0",""
"8502","","4","3458","","772","1158","Desistiu da Compra","","0","S","","","0","0,00","","A","","2","S","A","S","100","","0","0","0","0","0","0",""
"8503","","12","3458","","772","1127","Desistiu da Compra","","0","S","","","0","0,00","","A","","2","S","A","S","100","","0","0","0","0","0","0",""
"8504","","5","3458","","772","1159","Desistiu da Compra","","0","S","","","0","0,00","","A","","2","S","A","S","100","","0","0","0","0","0","0",""
"8505","","15","3458","","772","1257","Desistiu da Compra","","0","S","","","0","0,00","","A","","2","S","A","S","100","","0","0","0","0","0","0",""
"8506","","10","3458","","772","1160","Desistiu da Compra","","0","S","","","0","0,00","","A","","2","S","A","S","100","","0","0","0","0","0","0",""
"8507","","18","3458","","772","1260","Desistiu da Compra","","0","S","","","0","0,00","","A","","2","S","A","S","100","","0","0","0","0","0","0",""
"8508","","7","3458","","772","1122","Desistiu da Compra","","0","S","","","0","0,00","","A","","2","S","A","S","100","","0","0","0","0","0","0",""
"8509","","1","3458","","772","1121","Desistiu da Compra","","0","S","","","0","0,00","","A","","2","S","A","S","100","","0","0","0","0","0","0",""
"8510","","13","3458","","772","1255","Desistiu da Compra","","0","S","","","0","0,00","","A","","2","S","A","S","100","","0","0","0","0","0","0",""
"8511","","17","3458","","772","1259","Desistiu da Compra","","0","S","","","0","0,00","","A","","2","S","A","S","100","","0","0","0","0","0","0",""
"8512","","16","3458","","772","1258","Desistiu da Compra","","0","S","","","0","0,00","","A","","2","S","A","S","100","","0","0","0","0","0","0",""
"8513","","2","3459","","772","1126","Alterada Forma de Pagamento","","0","S","","","0","0,00","","A","","2","S","A","S","100","","0","0","0","1","0","",""
"8514","","3","3459","","772","1124","Alterada Forma de Pagamento","","0","S","","","0","0,00","","A","","2","S","A","S","100","","0","0","0","1","0","",""
"9163","","10","3618","","816","1160","","","0","S","","","0","0,00","","A","","2","N","A","S","100","","0","1","0","1","0","",""
"9164","","18","3618","","816","1260","","","0","S","","","0","0,00","","A","","2","N","A","S","100","","0","1","0","1","0","",""
"9165","","7","3618","","816","1122","","","0","S","","","0","0,00","","A","","2","N","A","S","100","","0","1","0","1","0","",""
"9166","","1","3618","","816","1121","","","0","S","","","0","0,00","","A","","2","N","A","S","100","","0","1","0","1","0","",""
"9167","","13","3618","","816","1255","","","0","S","","","0","0,00","","A","","2","N","A","S","100","","0","1","0","1","0","",""
"9168","","17","3618","","816","1259","","","0","S","","","0","0,00","","A","","2","N","A","S","100","","0","1","0","1","0","",""
"9169","","16","3618","","816","1258","","","0","S","","","0","0,00","","A","","2","N","A","S","100","","0","1","0","1","0","",""
"9170","","","3621","","772","0","","","0","S","","","0","0,00","","A","","2","N","A","S","100","","0","0","0","1","0","",""
"9171","","","3631","","852","1380","Sem Pendência","","0","S","","","0","0,00","","A","","2","N","A","S","100","","0","1","0","1","0","",""
"9172","","","3619","","852","1380","","","0","S","","","0","0,00","","A","","2","N","A","S","100","","0","1","0","1","0","",""
"9173","","","3625","","819","1379","","","0","S","","","0","0,00","","A","","2","N","A","S","100","","0","1","0","1","0","0",""
"9174","","","3632","","852","1380","Formulario/Contrato Enviado","","0","S","","","0","0,00","","A","","2","N","A","S","100","","0","1","0","1","0","",""
"9175","","2","3625","Com Contrato","854","1126","Crédito Aprovado","","0","S","","","0","0,00","","A","","2","N","A","S","100","","0","1","0","1","0","",""
"9176","","3","3625","Com Contrato","854","1124","Crédito Aprovado","","0","S","","","0","0,00","","A","","2","N","A","S","100","","0","0","0","1","0","",""
"9177","","9","3625","Com Contrato","854","1123","Crédito Aprovado","","0","S","","","0","0,00","","A","","2","N","A","S","100","","0","1","0","1","0","",""
"9178","","14","3625","Com Contrato","854","1256","Crédito Aprovado","","0","S","","","0","0,00","","A","","2","N","A","S","100","","0","0","0","1","0","",""
"9179","","11","3625","Com Contrato","854","1125","Crédito Aprovado","","0","S","","","0","0,00","","A","","2","N","A","S","100","","0","1","0","1","0","",""
"9180","","4","3625","Com Contrato","854","1158","Crédito Aprovado","","0","S","","","0","0,00","","A","","2","N","A","S","100","","0","1","0","1","0","",""
"9181","","12","3625","Com Contrato","854","1127","Crédito Aprovado","","0","S","","","0","0,00","","A","","2","N","A","S","100","","0","1","0","1","0","",""
"9182","","5","3625","Com Contrato","854","1159","Crédito Aprovado","","0","S","","","0","0,00","","A","","2","N","A","S","100","","0","1","0","1","0","",""
"9183","","15","3625","Com Contrato","854","1257","Crédito Aprovado","","0","S","","","0","0,00","","A","","2","N","A","S","100","","0","1","0","1","0","",""
"9184","","10","3625","Com Contrato","854","1160","Crédito Aprovado","","0","S","","","0","0,00","","A","","2","N","A","S","100","","0","1","0","1","0","",""
"9185","","18","3625","Com Contrato","854","1260","Crédito Aprovado","","0","S","","","0","0,00","","A","","2","N","A","S","100","","0","1","0","1","0","",""
"9186","","7","3625","Com Contrato","854","1122","Crédito Aprovado","","0","S","","","0","0,00","","A","","2","N","A","S","100","","0","1","0","1","0","",""
"9187","","1","3625","Com Contrato","854","1121","Crédito Aprovado","","0","S","","","0","0,00","","A","","2","N","A","S","100","","0","1","0","1","0","",""
"9188","","13","3625","Com Contrato","854","1255","Crédito Aprovado","","0","S","","","0","0,00","","A","","2","N","A","S","100","","0","1","0","1","0","",""
"9189","","17","3625","Com Contrato","854","1259","Crédito Aprovado","","0","S","","","0","0,00","","A","","2","N","A","S","100","","0","1","0","1","0","",""
"9190","","16","3625","Com Contrato","854","1258","Crédito Aprovado","","0","S","","","0","0,00","","A","","2","N","A","S","100","","0","1","0","1","0","",""
"9191","","","3629","Sem Pendência","852","0","","","0","S","","","0","0,00","","A","","2","N","A","S","100","","0","0","0","1","0","",""
"9192","","2","3629","Com Pendência","853","1126","","","0","S","","","0","0,00","","A","","2","N","A","S","100","","0","1","0","1","0","",""
"9193","","3","3629","Com Pendência","853","1124","","","0","S","","","0","0,00","","A","","2","N","A","S","100","","0","1","0","1","0","",""
"9194","","9","3629","Com Pendência","853","1123","","","0","S","","","0","0,00","","A","","2","N","A","S","100","","0","1","0","1","0","",""
"9195","","14","3629","Com Pendência","853","1256","","","0","S","","","0","0,00","","A","","2","N","A","S","100","","0","1","0","1","0","",""
"9196","","11","3629","Com Pendência","853","1125","","","0","S","","","0","0,00","","A","","2","N","A","S","100","","0","1","0","1","0","",""
"9197","","4","3629","Com Pendência","853","1158","","","0","S","","","0","0,00","","A","","2","N","A","S","100","","0","1","0","1","0","",""
"9198","","12","3629","Com Pendência","853","1127","","","0","S","","","0","0,00","","A","","2","N","A","S","100","","0","1","0","1","0","",""
"9199","","5","3629","Com Pendência","853","1159","","","0","S","","","0","0,00","","A","","2","N","A","S","100","","0","1","0","1","0","",""
"9200","","15","3629","Com Pendência","853","1257","","","0","S","","","0","0,00","","A","","2","N","A","S","100","","0","1","0","1","0","",""
"9201","","10","3629","Com Pendência","853","1160","","","0","S","","","0","0,00","","A","","2","N","A","S","100","","0","1","0","1","0","",""
"9202","","18","3629","Com Pendência","853","1260","","","0","S","","","0","0,00","","A","","2","N","A","S","100","","0","1","0","1","0","",""
"9203","","7","3629","Com Pendência","853","1122","","","0","S","","","0","0,00","","A","","2","N","A","S","100","","0","1","0","1","0","",""
"9204","","1","3629","Com Pendência","853","1121","","","0","S","","","0","0,00","","A","","2","N","A","S","100","","0","1","0","1","0","",""
"9205","","13","3629","Com Pendência","853","1255","","","0","S","","","0","0,00","","A","","2","N","A","S","100","","0","1","0","1","0","",""
"9206","","17","3629","Com Pendência","853","1259","","","0","S","","","0","0,00","","A","","2","N","A","S","100","","0","1","0","1","0","",""
"9207","","16","3629","Com Pendência","853","1258","","","0","S","","","0","0,00","","A","","2","N","A","S","100","","0","1","0","1","0","",""
"9208","","","3619","","824","1380","","","0","S","","","0","0,00","","A","","2","N","A","S","100","","0","0","0","1","0","0",""
"9209","","","3635","","577","656","Corrigir Processo","","0","S","","","0","0,00","","A","","2","S","A","S","100","","0","0","0","1","0","0",""
"9210","","2","3625","Sem Contrato","807","1126","","","0","S","","","0","0,00","","A","","2","N","A","S","100","","0","0","0","1","0","0",""
"9211","","3","3625","Sem Contrato","807","1124","","","0","S","","","0","0,00","","A","","2","N","A","S","100","","0","0","0","1","0","",""
"9212","","9","3625","Sem Contrato","807","1123","","","0","S","","","0","0,00","","A","","2","N","A","S","100","","0","0","0","1","0","",""
"9213","","14","3625","Sem Contrato","807","1256","","","0","S","","","0","0,00","","A","","2","N","A","S","100","","0","0","0","1","0","",""
"9214","","11","3625","Sem Contrato","807","1125","","","0","S","","","0","0,00","","A","","2","N","A","S","100","","0","0","0","1","0","",""
"9215","","4","3625","Sem Contrato","807","1158","","","0","S","","","0","0,00","","A","","2","N","A","S","100","","0","0","0","1","0","",""
"9216","","12","3625","Sem Contrato","807","1127","","","0","S","","","0","0,00","","A","","2","N","A","S","100","","0","0","0","1","0","",""
"9217","","5","3625","Sem Contrato","807","1159","","","0","S","","","0","0,00","","A","","2","N","A","S","100","","0","0","0","1","0","",""
"9218","","15","3625","Sem Contrato","807","1257","","","0","S","","","0","0,00","","A","","2","N","A","S","100","","0","0","0","1","0","",""
"9219","","10","3625","Sem Contrato","807","1160","","","0","S","","","0","0,00","","A","","2","N","A","S","100","","0","0","0","1","0","",""
"9220","","18","3625","Sem Contrato","807","1260","","","0","S","","","0","0,00","","A","","2","N","A","S","100","","0","0","0","1","0","",""
"9221","","7","3625","Sem Contrato","807","1122","","","0","S","","","0","0,00","","A","","2","N","A","S","100","","0","0","0","1","0","",""
"9222","","1","3625","Sem Contrato","807","1121","","","0","S","","","0","0,00","","A","","2","N","A","S","100","","0","0","0","1","0","",""
"9223","","13","3625","Sem Contrato","807","1255","","","0","S","","","0","0,00","","A","","2","N","A","S","100","","0","0","0","1","0","",""
"9224","","17","3625","Sem Contrato","807","1259","","","0","S","","","0","0,00","","A","","2","N","A","S","100","","0","0","0","1","0","",""
"9225","","16","3625","Sem Contrato","807","1258","","","0","S","","","0","0,00","","A","","2","N","A","S","100","","0","0","0","1","0","",""
"9226","","","3639","","767","0","Com Interesse Futuro","","0","S","","","0","0,00","","A","","2","N","A","S","100","","0","0","0","0","0","0",""
"9227","","","3641","","768","1422","","","0","S","","","0","0,00","","A","","2","N","A","S","100","","0","0","0","1","0","0",""
"9228","","","3653","","823","1422","SAM","","0","S","","","0","0,00","","A","","2","N","A","S","100","","0","0","0","1","0","0",""
"9229","","","3657","","860","0","","","0","S","","","0","0,00","","A","","2","N","A","S","100","","0","0","0","1","0","0",""
"9230","","","3657","","823","0","","","0","S","","","0","0,00","","A","","2","N","A","S","100","","0","0","0","0","0","0",""
"9231","","","3494","","707","1422","Venda Direita","","0","S","","","0","0,00","","A","","2","N","A","S","100","","0","1","0","1","0","0",""
"9232","","","3494","","63","796","Venda Direta","","0","S","","","0","0,00","","A","","2","S","A","N","100","","0","0","0","1","0","0",""
"9233","","2","3494","","711","1375","Venda Direta","","0","S","","","0","0,00","","A","","2","S","A","N","100","","0","0","0","1","0","0",""
"9234","","","3649","","859","1422","KAM","","0","S","","","0","0,00","","A","","2","S","A","S","100","","0","0","0","1","0","0",""
"9235","","","3663","","823","1422","","","0","S","","","0","0,00","","A","","2","N","A","S","100","","0","1","0","0","0","0",""
"9236","","","3494","","704","1442","Venda Direta","","0","S","","","0","0,00","","A","","2","N","A","N","100","","0","0","0","1","0","0",""
"9237","","","3664","","768","1422","Pedido Grandes Contas","","0","S","","","0","0,00","","A","","2","N","A","S","100","","0","0","0","1","0","0",""
"9238","","2","3668","","769","952","Alterado Forma de Pagamento","","0","S","","","0","0,00","","A","","2","N","A","S","100","","0","1","0","1","0","",""
"9239","","3","3668","","769","953","Alterado Forma de Pagamento","","0","S","","","0","0,00","","A","","2","N","A","S","100","","0","1","0","1","0","0",""
"9240","","9","3668","","769","957","Alterado Forma de Pagamento","","0","S","","","0","0,00","","A","","2","N","A","S","100","","0","1","0","1","0","",""
"9241","","14","3668","","769","962","Alterado Forma de Pagamento","","0","S","","","0","0,00","","A","","2","N","A","S","100","","0","1","0","1","0","0",""
"9242","","11","3668","","769","959","Alterado Forma de Pagamento","","0","S","","","0","0,00","","A","","2","N","A","S","100","","0","1","0","1","0","",""
"9243","","4","3668","","769","954","Alterado Forma de Pagamento","","0","S","","","0","0,00","","A","","2","N","A","S","100","","0","1","0","1","0","",""
"9244","","12","3668","","769","960","Alterado Forma de Pagamento","","0","S","","","0","0,00","","A","","2","N","A","S","100","","0","1","0","1","0","",""
"9246","","5","3668","","769","955","Alterado Forma de Pagamento","","0","S","","","0","0,00","","A","","2","N","A","S","100","","0","1","0","1","0","",""
"9247","","15","3668","","769","963","Alterado Forma de Pagamento","","0","S","","","0","0,00","","A","","2","N","A","S","100","","0","1","0","1","0","",""
"9248","","10","3668","","769","958","Alterado Forma de Pagamento","","0","S","","","0","0,00","","A","","2","N","A","S","100","","0","1","0","1","0","",""
"9249","","18","3668","","769","966","Alterado Forma de Pagamento","","0","S","","","0","0,00","","A","","2","N","A","S","100","","0","1","0","1","0","0",""
"9250","","7","3668","","769","956","Alterado Forma de Pagamento","","0","S","","","0","0,00","","A","","2","N","A","S","100","","0","1","0","1","0","",""
"9251","","1","3668","","769","951","Alterado Forma de Pagamento","","0","S","","","0","0,00","","A","","2","N","A","S","100","","0","1","0","1","0","",""
"9286","","12","2968","","","1127","","","0","N","","","0","0,00","","A","","2","S","C","S","100","","0","0","0","1","0","",""
"9287","","5","2968","","","1159","","","0","N","","","0","0,00","","A","","2","S","C","S","100","","0","0","0","1","0","",""
"9288","","15","2968","","","1257","","","0","N","","","0","0,00","","A","","2","S","C","S","100","","0","0","0","1","0","",""
"9289","","10","2968","","","1160","","","0","N","","","0","0,00","","A","","2","S","C","S","100","","0","0","0","1","0","",""
"9290","","18","2968","","","1260","","","0","N","","","0","0,00","","A","","2","S","C","S","100","","0","0","0","1","0","",""
"9291","","7","2968","","","1122","","","0","N","","","0","0,00","","A","","2","S","C","S","100","","0","0","0","1","0","",""
"9292","","1","2968","","","1121","","","0","N","","","0","0,00","","A","","2","S","C","S","100","","0","0","0","1","0","",""
"9293","","13","2968","","","1255","","","0","N","","","0","0,00","","A","","2","S","C","S","100","","0","0","0","1","0","",""
"9294","","17","2968","","","1259","","","0","N","","","0","0,00","","A","","2","S","C","S","100","","0","0","0","1","0","",""
"9295","","","3675","","801","869","Processo Sem Pendência","","0","S","","","0","0,00","","A","","2","N","A","S","100","","0","1","0","0","0","0",""
"9296","","","2994","","708","0","","","0","S","","","0","0,00","","A","","2","N","A","S","100","","0","0","0","1","0","",""
"9297","","","3677","","577","656","Com Pendência","","0","S","","","0","0,00","","A","","2","N","A","S","100","","0","0","0","1","0","0",""
"9298","","","3536","","835","0","","","0","S","","","0","0,00","","A","","2","N","A","S","100","","0","0","0","1","0","0",""
"9299","","","3541","","836","0","","","0","S","","","0","0,00","","A","","2","N","A","S","100","","0","0","0","1","0","0",""
"9300","","","3547","","840","0","","","0","S","","","0","0,00","","A","","2","N","A","S","100","","0","0","0","1","0","",""
"9301","","","3546","","837","0","","","0","S","","","0","0,00","","A","","2","N","A","S","100","","0","0","0","1","0","",""
"9302","","","3550","","838","0","","","0","S","","","0","0,00","","A","","2","N","A","S","100","","0","0","0","1","0","",""
"9303","","","3553","","839","0","","","0","S","","","0","0,00","","A","","2","N","A","S","100","","0","0","0","1","0","",""
"9304","","","3557","","835","867","","","0","S","","","0","0,00","","A","","2","N","A","S","100","","0","0","0","1","0","0",""
"9305","","","3241","Outros","768","-5","","","0","S","","","0","0,00","","A","","2","S","A","S","100","","0","0","0","0","0","0",""
"9306","","","3241","Valor Acordado","768","-5","","","0","S","","","0","0,00","","A","","2","S","A","S","100","","0","0","0","0","0","0",""
"9307","","","3641","","855","0","","","0","S","","","0","0,00","","A","","2","S","A","N","100","","1","0","0","1","0","0",""
"9308","","","3642","","855","0","","","0","S","","","0","0,00","","A","","2","S","A","N","100","","1","0","0","1","0","",""
"9309","","","3686","","859","1422","","","0","S","","","0","0,00","","A","","2","N","A","S","100","","0","0","0","1","0","0",""
"9310","","3","2432","Retorno demonstração","579","1124","","","0","S","","","0","0,00","","A","","2","N","A","S","100","","0","0","0","1","0","0",""
"9311","","9","2432","Retorno demonstração","579","1123","","","0","S","","","0","0,00","","A","","2","N","A","S","100","","0","0","0","1","0","",""
"9312","","14","2432","Retorno demonstração","579","1256","","","0","S","","","0","0,00","","A","","2","N","A","S","100","","0","0","0","1","0","",""
"9313","","11","2432","Retorno demonstração","579","1125","","","0","S","","","0","0,00","","A","","2","N","A","S","100","","0","0","0","1","0","",""
"9314","","4","2432","Retorno demonstração","579","1158","","","0","S","","","0","0,00","","A","","2","N","A","S","100","","0","0","0","1","0","",""
"9315","","12","2432","Retorno demonstração","579","1127","","","0","S","","","0","0,00","","A","","2","N","A","S","100","","0","0","0","1","0","",""
"9316","","5","2432","Retorno demonstração","579","1159","","","0","S","","","0","0,00","","A","","2","N","A","S","100","","0","0","0","1","0","",""
"9317","","15","2432","Retorno demonstração","579","1257","","","0","S","","","0","0,00","","A","","2","N","A","S","100","","0","0","0","1","0","",""
"9318","","10","2432","Retorno demonstração","579","1160","","","0","S","","","0","0,00","","A","","2","N","A","S","100","","0","0","0","1","0","",""
"9319","","18","2432","Retorno demonstração","579","1260","","","0","S","","","0","0,00","","A","","2","N","A","S","100","","0","0","0","1","0","",""
"9320","","7","2432","Retorno demonstração","579","1122","","","0","S","","","0","0,00","","A","","2","N","A","S","100","","0","0","0","1","0","",""
"9321","","1","2432","Retorno demonstração","579","1121","","","0","S","","","0","0,00","","A","","2","N","A","S","100","","0","0","0","1","0","",""
"9322","","13","2432","Retorno demonstração","579","1255","","","0","S","","","0","0,00","","A","","2","N","A","S","100","","0","0","0","1","0","",""
"9323","","17","2432","Retorno demonstração","579","1259","","","0","S","","","0","0,00","","A","","2","N","A","S","100","","0","0","0","1","0","",""
"9324","","16","2432","Retorno demonstração","579","1258","","","0","S","","","0","0,00","","A","","2","N","A","S","100","","0","0","0","1","0","0",""
"9325","","","3640","","767","0","","","0","S","","","0","0,00","","A","","2","N","A","S","100","","0","0","0","1","0","",""
"9326","","","3690","","867","879","","","0","S","","","0","0,00","","A","","2","N","A","S","100","","0","0","0","1","0","",""
"9329","","","3690","","868","862","","","0","S","","","0","0,00","","A","","2","S","A","S","100","","0","0","0","1","0","0",""
"9330","","","3697","","801","0","","","0","S","","","0","0,00","","A","","2","N","A","S","100","","0","0","0","1","0","",""
"9331","","2","3698","","672","1126","","","0","S","","","0","0,00","","A","","2","N","A","S","100","","0","1","0","1","0","0",""
"9332","","3","3698","","672","1124","","","0","S","","","0","0,00","","A","","2","N","A","S","100","","0","1","0","1","0","",""
"9333","","9","3698","","672","1123","","","0","S","","","0","0,00","","A","","2","N","A","S","100","","0","1","0","1","0","",""
"9334","","14","3698","","672","1256","","","0","S","","","0","0,00","","A","","2","N","A","S","100","","0","1","0","1","0","",""
"9335","","11","3698","","672","1125","","","0","S","","","0","0,00","","A","","2","N","A","S","100","","0","1","0","1","0","",""
"9336","","4","3698","","672","1158","","","0","S","","","0","0,00","","A","","2","N","A","S","100","","0","1","0","1","0","",""
"9337","","12","3698","","672","1127","","","0","S","","","0","0,00","","A","","2","N","A","S","100","","0","1","0","1","0","",""
"9338","","5","3698","","672","1159","","","0","S","","","0","0,00","","A","","2","N","A","S","100","","0","1","0","1","0","",""
"9339","","15","3698","","672","1257","","","0","S","","","0","0,00","","A","","2","N","A","S","100","","0","1","0","1","0","",""
"9340","","10","3698","","672","1160","","","0","S","","","0","0,00","","A","","2","N","A","S","100","","0","1","0","1","0","",""
"9341","","18","3698","","672","1260","","","0","S","","","0","0,00","","A","","2","N","A","S","100","","0","1","0","1","0","",""
"9342","","7","3698","","672","1122","","","0","S","","","0","0,00","","A","","2","N","A","S","100","","0","1","0","1","0","",""
"9343","","1","3698","","672","1121","","","0","S","","","0","0,00","","A","","2","N","A","S","100","","0","1","0","1","0","",""
"9344","","13","3698","","672","1255","","","0","S","","","0","0,00","","A","","2","N","A","S","100","","0","1","0","1","0","",""
"9345","","17","3698","","672","1259","","","0","S","","","0","0,00","","A","","2","N","A","S","100","","0","1","0","1","0","",""
"9346","","16","3698","","672","1258","","","0","S","","","0","0,00","","A","","2","N","A","S","100","","0","1","0","1","0","",""
"9347","","","3227","","940025","686","","","0","S","","","0","0,00","","A","","2","S","A","N","100","","1","0","0","1","0","",""
"9348","","2","3249","","769","952","Compra Seminovo Não Aprovada","","0","S","","","0","0,00","","A","","2","N","A","S","100","","0","0","0","1","0","0",""
"9349","","3","3249","","769","953","Compra Seminovo Não Aprovada","","0","S","","","0","0,00","","A","","2","N","A","S","100","","0","0","0","1","0","0",""
"9350","","9","3249","","769","957","Compra Seminovo Não Aprovada","","0","S","","","0","0,00","","A","","2","N","A","S","100","","0","0","0","1","0","",""
"9351","","14","3249","","769","962","Compra Seminovo Não Aprovada","","0","S","","","0","0,00","","A","","2","N","A","S","100","","0","0","0","1","0","",""
"9005","","","2594","","616","735","","","0","S","","","0","0,00","","A","","2","N","A","S","100","","0","1","0","0","0","0",""
"9006","","2","3585","","774","1126","Corrigir Pré-Entrega","","0","S","","","0","0,00","","A","","2","N","A","S","100","","0","1","0","1","0","0",""
"9007","","","3586","","672","0","Corrigida","","0","S","","","0","0,00","","A","","2","N","A","S","100","","0","0","0","1","0","0",""
"9008","","3","3585","","774","1124","Corrigir Pré-Entrega","","0","S","","","0","0,00","","A","","2","N","A","S","100","","0","1","0","1","0","0",""
"9009","","9","3585","","774","1123","Corrigir Pré-Entrega","","0","S","","","0","0,00","","A","","2","N","A","S","100","","0","1","0","1","0","0",""
"9010","","14","3585","","774","1256","Corrigir Pré-Entrega","","0","S","","","0","0,00","","A","","2","N","A","S","100","","0","1","0","1","0","",""
"9011","","11","3585","","774","1125","Corrigir Pré-Entrega","","0","S","","","0","0,00","","A","","2","N","A","S","100","","0","1","0","1","0","",""
"9012","","4","3585","","774","1158","Corrigir Pré-Entrega","","0","S","","","0","0,00","","A","","2","N","A","S","100","","0","1","0","1","0","",""
"9013","","12","3585","","774","1127","Corrigir Pré-Entrega","","0","S","","","0","0,00","","A","","2","N","A","S","100","","0","1","0","1","0","",""
"9014","","5","3585","","774","1159","Corrigir Pré-Entrega","","0","S","","","0","0,00","","A","","2","N","A","S","100","","0","1","0","1","0","",""
"9015","","15","3585","","774","1257","Corrigir Pré-Entrega","","0","S","","","0","0,00","","A","","2","N","A","S","100","","0","1","0","1","0","",""
"9016","","10","3585","","774","1160","Corrigir Pré-Entrega","","0","S","","","0","0,00","","A","","2","N","A","S","100","","0","1","0","1","0","",""
"9017","","18","3585","","774","1260","Corrigir Pré-Entrega","","0","S","","","0","0,00","","A","","2","N","A","S","100","","0","1","0","1","0","",""
"9018","","7","3585","","774","1122","Corrigir Pré-Entrega","","0","S","","","0","0,00","","A","","2","N","A","S","100","","0","1","0","1","0","",""
"9019","","1","3585","","774","1121","Corrigir Pré-Entrega","","0","S","","","0","0,00","","A","","2","N","A","S","100","","0","1","0","1","0","",""
"9020","","13","3585","","774","1255","Corrigir Pré-Entrega","","0","S","","","0","0,00","","A","","2","N","A","S","100","","0","1","0","1","0","",""
"9021","","17","3585","","774","1259","Corrigir Pré-Entrega","","0","S","","","0","0,00","","A","","2","N","A","S","100","","0","1","0","1","0","",""
"9022","","16","3585","","774","1258","Corrigir Pré-Entrega","","0","S","","","0","0,00","","A","","2","N","A","S","100","","0","1","0","1","0","",""
"9023","","2","3590","","774","1126","Corrigir Orçamento Extra","","0","S","","","0","0,00","","A","","2","N","A","S","100","","0","1","0","1","0","0",""
"9024","","3","3590","","774","1124","Corrigir Orçamento Extra","","0","S","","","0","0,00","","A","","2","N","A","S","100","","0","1","0","1","0","",""
"9025","","9","3590","","774","1123","Corrigir Orçamento Extra","","0","S","","","0","0,00","","A","","2","N","A","S","100","","0","1","0","1","0","",""
"9026","","14","3590","","774","1256","Corrigir Orçamento Extra","","0","S","","","0","0,00","","A","","2","N","A","S","100","","0","1","0","1","0","",""
"9027","","11","3590","","774","1125","Corrigir Orçamento Extra","","0","S","","","0","0,00","","A","","2","N","A","S","100","","0","1","0","1","0","",""
"9028","","4","3590","","774","1158","Corrigir Orçamento Extra","","0","S","","","0","0,00","","A","","2","N","A","S","100","","0","1","0","1","0","",""
"9029","","12","3590","","774","1127","Corrigir Orçamento Extra","","0","S","","","0","0,00","","A","","2","N","A","S","100","","0","1","0","1","0","",""
"9030","","5","3590","","774","1159","Corrigir Orçamento Extra","","0","S","","","0","0,00","","A","","2","N","A","S","100","","0","1","0","1","0","",""
"9031","","15","3590","","774","1257","Corrigir Orçamento Extra","","0","S","","","0","0,00","","A","","2","N","A","S","100","","0","1","0","1","0","",""
"9032","","10","3590","","774","1160","Corrigir Orçamento Extra","","0","S","","","0","0,00","","A","","2","N","A","S","100","","0","1","0","1","0","",""
"9033","","18","3590","","774","1260","Corrigir Orçamento Extra","","0","S","","","0","0,00","","A","","2","N","A","S","100","","0","1","0","1","0","",""
"9252","","13","3668","","769","961","Alterado Forma de Pagamento","","0","S","","","0","0,00","","A","","2","N","A","S","100","","0","1","0","1","0","",""
"9253","","17","3668","","769","965","Alterado Forma de Pagamento","","0","S","","","0","0,00","","A","","2","N","A","S","100","","0","1","0","1","0","",""
"9254","","16","3668","","769","964","Alterado Forma de Pagamento","","0","S","","","0","0,00","","A","","2","N","A","S","100","","0","1","0","1","0","",""
"9258","","","3470","","706","1449","","","0","S","","","0","0,00","","A","","2","N","A","S","100","","0","0","0","1","0","0",""
"9259","","2","3412","","826","1457","","","0","S","","","0","0,00","","A","","2","S","A","S","100","","0","0","0","1","0","0",""
"9260","","2","3502","","826","1457","","","0","S","","","0","0,00","","A","","2","S","A","S","100","","0","0","0","1","0","0",""
"9261","","","3569","","819","735","","","0","S","","","0","0,00","","A","","2","N","A","S","100","","0","0","0","1","0","0",""
"9262","","","3670","","774","0","Corrigir Orçamento","","0","S","","","0","0,00","","A","","2","N","A","S","100","","0","0","0","1","0","0",""
"9263","","2","3671","","769","952","Necessário Ajuste","","0","S","","","0","0,00","","A","","2","N","A","S","100","","0","1","0","1","0","",""
"9264","","3","3671","","769","953","Necessário Ajuste","","0","S","","","0","0,00","","A","","2","N","A","S","100","","0","0","0","1","0","",""
"9265","","9","3671","","769","957","Necessário Ajuste","","0","S","","","0","0,00","","A","","2","N","A","S","100","","0","0","0","1","0","",""
"9266","","14","3671","","769","962","Necessário Ajuste","","0","S","","","0","0,00","","A","","2","N","A","S","100","","0","0","0","1","0","",""
"9267","","11","3671","","769","959","Necessário Ajuste","","0","S","","","0","0,00","","A","","2","N","A","S","100","","0","0","0","1","0","",""
"9268","","4","3671","","769","954","Necessário Ajuste","","0","S","","","0","0,00","","A","","2","N","A","S","100","","0","0","0","1","0","",""
"9269","","12","3671","","769","960","Necessário Ajuste","","0","S","","","0","0,00","","A","","2","N","A","S","100","","0","0","0","1","0","",""
"9270","","5","3671","","769","955","Necessário Ajuste","","0","S","","","0","0,00","","A","","2","N","A","S","100","","0","0","0","1","0","",""
"9271","","15","3671","","769","963","Necessário Ajuste","","0","S","","","0","0,00","","A","","2","N","A","S","100","","0","0","0","1","0","",""
"9272","","10","3671","","769","958","Necessário Ajuste","","0","S","","","0","0,00","","A","","2","N","A","S","100","","0","0","0","1","0","",""
"9273","","18","3671","","769","966","Necessário Ajuste","","0","S","","","0","0,00","","A","","2","N","A","S","100","","0","0","0","1","0","",""
"9274","","7","3671","","769","956","Necessário Ajuste","","0","S","","","0","0,00","","A","","2","N","A","S","100","","0","0","0","1","0","",""
"9275","","1","3671","","769","951","Necessário Ajuste","","0","S","","","0","0,00","","A","","2","N","A","S","100","","0","0","0","1","0","",""
"9276","","13","3671","","769","961","Necessário Ajuste","","0","S","","","0","0,00","","A","","2","N","A","S","100","","0","0","0","1","0","",""
"9277","","17","3671","","769","965","Necessário Ajuste","","0","S","","","0","0,00","","A","","2","N","A","S","100","","0","0","0","1","0","",""
"9278","","16","3671","","769","964","Necessário Ajuste","","0","S","","","0","0,00","","A","","2","N","A","S","100","","0","0","0","1","0","",""
"9279","","16","2968","","","1258","","","0","N","","","0","0,00","","A","","2","S","C","S","100","","0","0","0","1","0","0",""
"9280","","2","2968","","","1126","","","0","N","","","0","0,00","","A","","2","S","C","S","100","","0","0","0","1","0","",""
"9281","","3","2968","","","1124","","","0","N","","","0","0,00","","A","","2","S","C","S","100","","0","0","0","1","0","",""
"9282","","9","2968","","","1123","","","0","N","","","0","0,00","","A","","2","S","C","S","100","","0","0","0","1","0","",""
"9283","","14","2968","","","1256","","","0","N","","","0","0,00","","A","","2","S","C","S","100","","0","0","0","1","0","",""
"9284","","11","2968","","","1125","","","0","N","","","0","0,00","","A","","2","S","C","S","100","","0","0","0","1","0","",""
"9285","","4","2968","","","1158","","","0","N","","","0","0,00","","A","","2","S","C","S","100","","0","0","0","1","0","",""
"9352","","11","3249","","769","959","Compra Seminovo Não Aprovada","","0","S","","","0","0,00","","A","","2","N","A","S","100","","0","0","0","1","0","",""
"9353","","4","3249","","769","954","Compra Seminovo Não Aprovada","","0","S","","","0","0,00","","A","","2","N","A","S","100","","0","0","0","1","0","",""
"9354","","12","3249","","769","960","Compra Seminovo Não Aprovada","","0","S","","","0","0,00","","A","","2","N","A","S","100","","0","0","0","1","0","",""
"9355","","5","3249","","769","955","Compra Seminovo Não Aprovada","","0","S","","","0","0,00","","A","","2","N","A","S","100","","0","0","0","1","0","",""
"9356","","15","3249","","769","963","Compra Seminovo Não Aprovada","","0","S","","","0","0,00","","A","","2","N","A","S","100","","0","0","0","1","0","",""
"9357","","10","3249","","769","958","Compra Seminovo Não Aprovada","","0","S","","","0","0,00","","A","","2","N","A","S","100","","0","0","0","1","0","",""
"9358","","18","3249","","769","966","Compra Seminovo Não Aprovada","","0","S","","","0","0,00","","A","","2","N","A","S","100","","0","0","0","1","0","",""
"9359","","7","3249","","769","956","Compra Seminovo Não Aprovada","","0","S","","","0","0,00","","A","","2","N","A","S","100","","0","0","0","1","0","",""
"9360","","1","3249","","769","951","Compra Seminovo Não Aprovada","","0","S","","","0","0,00","","A","","2","N","A","S","100","","0","0","0","1","0","",""
"9361","","13","3249","","769","961","Compra Seminovo Não Aprovada","","0","S","","","0","0,00","","A","","2","N","A","S","100","","0","0","0","1","0","",""
"9362","","17","3249","","769","965","Compra Seminovo Não Aprovada","","0","S","","","0","0,00","","A","","2","N","A","S","100","","0","0","0","1","0","",""
"9363","","16","3249","","769","964","Compra Seminovo Não Aprovada","","0","S","","","0","0,00","","A","","2","N","A","S","100","","0","0","0","1","0","",""
"9364","","2","3702","","769","952","Necessário Ajuste","","0","S","","","0","0,00","","A","","2","N","A","S","100","","0","0","0","1","0","",""
"9365","","3","3702","","769","953","Necessário Ajuste","","0","S","","","0","0,00","","A","","2","N","A","S","100","","0","0","0","1","0","",""
"9366","","9","3702","","769","957","Necessário Ajuste","","0","S","","","0","0,00","","A","","2","N","A","S","100","","0","0","0","1","0","",""
"9367","","14","3702","","769","962","Necessário Ajuste","","0","S","","","0","0,00","","A","","2","N","A","S","100","","0","0","0","1","0","",""
"9368","","11","3702","","769","959","Necessário Ajuste","","0","S","","","0","0,00","","A","","2","N","A","S","100","","0","0","0","1","0","",""
"9369","","4","3702","","769","954","Necessário Ajuste","","0","S","","","0","0,00","","A","","2","N","A","S","100","","0","0","0","1","0","",""
"9370","","12","3702","","769","960","Necessário Ajuste","","0","S","","","0","0,00","","A","","2","N","A","S","100","","0","0","0","1","0","",""
"9371","","5","3702","","769","955","Necessário Ajuste","","0","S","","","0","0,00","","A","","2","N","A","S","100","","0","0","0","1","0","",""
"9372","","15","3702","","769","963","Necessário Ajuste","","0","S","","","0","0,00","","A","","2","N","A","S","100","","0","0","0","1","0","",""
"9373","","10","3702","","769","958","Necessário Ajuste","","0","S","","","0","0,00","","A","","2","N","A","S","100","","0","0","0","1","0","",""
"9374","","18","3702","","769","966","Necessário Ajuste","","0","S","","","0","0,00","","A","","2","N","A","S","100","","0","0","0","1","0","",""
"9375","","7","3702","","769","956","Necessário Ajuste","","0","S","","","0","0,00","","A","","2","N","A","S","100","","0","0","0","1","0","",""
"9376","","1","3702","","769","951","Necessário Ajuste","","0","S","","","0","0,00","","A","","2","N","A","S","100","","0","0","0","1","0","",""
"9377","","13","3702","","769","961","Necessário Ajuste","","0","S","","","0","0,00","","A","","2","N","A","S","100","","0","0","0","1","0","",""
"9378","","17","3702","","769","965","Necessário Ajuste","","0","S","","","0","0,00","","A","","2","N","A","S","100","","0","0","0","1","0","",""
"9379","","16","3702","","769","964","Necessário Ajuste","","0","S","","","0","0,00","","A","","2","N","A","S","100","","0","0","0","1","0","",""
"9380","","","3226","","767","0","","","0","S","","","0","0,00","","A","","2","S","A","N","100","","1","0","0","1","0","0",""
"9381","","","2869","","671","0","","","0","S","","","0","0,00","","A","","2","N","A","S","100","","0","0","0","1","0","0",""
"9382","","","1655","","391","0","","","0","S","","","0","0,00","","A","","2","N","A","N","100","","1","0","0","1","0","",""
"9383","","","1654","","391","0","","","0","S","","","0","0,00","","A","","2","N","A","N","100","","1","0","0","1","0","",""
"9384","","","1660","","391","0","","","0","S","","","0","0,00","","A","","2","N","A","S","100","","1","0","0","1","0","",""
"9385","","","3704","","394","0","","","0","S","","","0","0,00","","A","","2","N","A","S","100","","0","0","0","1","0","",""
"9386","","","1652","","869","817","","","0","N","","","0","0,00","","A","","2","S","A","S","100","","0","0","0","1","0","",""
"9387","","","3707","","395","817","Parcial","","0","S","","","0","0,00","","A","","","N","A","S","1","","0","0","","1","0","0",""
"9388","","","2922","","705","0","","","0","S","","","0","0,00","","A","","2","N","A","S","100","","0","0","0","1","0","",""
"9389","","","3708","Equipamentos Novos","768","0","PUK","","0","S","","","0","0,00","","A","","2","N","A","S","100","","0","0","0","1","0","",""
"9390","","","3708","Cota de Consórcio","841","0","","","0","S","","","0","0,00","","A","","2","N","A","S","100","","0","0","0","1","0","",""
"9391","","","3708","Seguros","827","867","","","0","N","","","0","0,00","","A","","2","S","A","N","100","","0","0","0","1","0","",""
"9392","","","3708","Seminovos","768","0","PUK","","0","S","","","0","0,00","","A","","2","N","A","S","100","","0","0","0","1","0","",""
"9393","","","3708","Serviços DSI","768","0","","","0","S","","","0","0,00","","A","","2","S","A","S","100","","0","0","0","1","0","0",""
"9394","","","3708","Peças","382","-15","","","0","S","","","0","0,00","","A","","2","S","A","S","100","","0","0","0","1","0","",""
"9395","","","3708","Serviços Oficina","695","-15","","","0","S","","","0","0,00","","A","","2","S","A","S","100","","0","0","0","1","0","",""
"9396","","","3711","","870","0","","","0","S","","","0","0,00","","A","","2","N","A","N","100","","1","0","0","1","0","",""
"9397","","","3711","","940025","686","","","0","S","","","0","0,00","","A","","2","S","A","S","100","","0","0","0","1","0","",""
"9398","","","3712","","861","1438","","","0","S","","","0","0,00","","A","","2","S","A","S","100","","0","0","0","1","0","0",""
"9400","","","3440","","625","1388","","","0","N","","","0","0,00","","A","","2","S","A","S","100","","0","0","0","1","0","0",""
"9401","","2","3673","","","0","","","0","N","","","0","0,00","","A","","2","S","C","S","100","","0","0","0","1","0","",""
"9402","","2","3673","","","0","","","0","N","","","0","0,00","","A","","2","S","C","S","100","","0","0","0","1","0","",""
"9403","","3","3502","","826","1457","","","0","S","","","0","0,00","","A","","2","S","A","S","100","","0","0","0","1","0","0",""
"9404","","9","3502","","826","1457","","","0","S","","","0","0,00","","A","","2","S","A","S","100","","0","0","0","1","0","0",""
"9405","","14","3502","","826","867","","","0","S","","","0","0,00","","A","","2","S","A","S","100","","0","0","0","1","0","",""
"9406","","11","3502","","826","1457","","","0","S","","","0","0,00","","A","","2","S","A","S","100","","0","0","0","1","0","0",""
"9407","","4","3502","","826","1457","","","0","S","","","0","0,00","","A","","2","S","A","S","100","","0","0","0","1","0","0",""
"9408","","12","3502","","826","1457","","","0","S","","","0","0,00","","A","","2","S","A","S","100","","0","0","0","1","0","0",""
"9409","","5","3502","","826","867","","","0","S","","","0","0,00","","A","","2","S","A","S","100","","0","0","0","1","0","",""
"9410","","15","3502","","826","867","","","0","S","","","0","0,00","","A","","2","S","A","S","100","","0","0","0","1","0","",""
"9411","","10","3502","","826","1457","","","0","S","","","0","0,00","","A","","2","S","A","S","100","","0","0","0","1","0","0",""
"9412","","7","3502","","826","867","","","0","S","","","0","0,00","","A","","2","S","A","S","100","","0","0","0","1","0","",""
"7393","","15","2889","","667","1304","","","","S","","","0","0,00","","A","","","N","A","S","","","","","","1","","0",""
"7394","","13","2889","","667","1302","","","","S","","","0","0,00","","A","","","N","A","S","","","","","","1","","0",""
"7395","","13","2886","","666","1101","","","","S","","","0","0,00","","A","","","N","A","S","","","","","","1","","0",""
"7396","","14","2886","","666","1102","","","","S","","","0","0,00","","A","","","N","A","S","","","","","","1","","0",""
"7397","","15","2886","","666","1103","","","","S","","","0","0,00","","A","","","N","A","S","","","","","","1","","0",""
"7398","","16","2886","","666","1104","","","","S","","","0","0,00","","A","","","N","A","S","","","","","","1","","0",""
"7399","","17","2886","","666","1105","","","","S","","","0","0,00","","A","","","N","A","S","","","","","","1","","0",""
"7400","","18","2886","","666","1106","","","","S","","","0","0,00","","A","","","N","A","S","","","","","","1","","0",""
"7401","","13","2887","","638","1115","","","","S","","","0","0,00","","A","","","N","A","S","","","","1","","1","","0",""
"7402","","14","2887","","638","1116","","","","S","","","0","0,00","","A","","","N","A","S","","","","1","","1","","0",""
"7403","","15","2887","","638","1117","","","","S","","","0","0,00","","A","","","N","A","S","","","","1","","1","","0",""
"7404","","16","2887","","638","1118","","","","S","","","0","0,00","","A","","","N","A","S","","","","1","","1","","0",""
"7405","","17","2887","","638","1119","","","","S","","","0","0,00","","A","","","N","A","S","","","","1","","1","","0",""
"7406","","18","2887","","638","1120","","","","S","","","0","0,00","","A","","","N","A","S","","","","1","","1","","0",""
"7407","","13","2890","","638","1115","","","","S","","","0","0,00","","A","","","N","A","S","","","","1","","1","","0",""
"7408","","14","2890","","638","1116","","","","S","","","0","0,00","","A","","","N","A","S","","","","1","","1","","0",""
"7409","","15","2890","","638","1117","","","","S","","","0","0,00","","A","","","N","A","S","","","","1","","1","","0",""
"7410","","16","2890","","638","1118","","","","S","","","0","0,00","","A","","","N","A","S","","","","1","","1","","0",""
"7411","","17","2890","","638","1119","","","","S","","","0","0,00","","A","","","N","A","S","","","","1","","1","","0",""
"7412","","18","2890","","638","1120","","","","S","","","0","0,00","","A","","","N","A","S","","","","1","","1","","0",""
"7413","","","3046","","735","-15","","","","N","","","0","0,00","","A","","","N","A","S","1","","","","","1","","0",""
"7414","","","3135","Peças","382","-15","Prospecção via CSC","","","S","","","0","0,00","","A","","","N","A","S","1","","","","","1","","0",""
"7415","","","3254","","745","-15","Ajustar Pedido","","","N","","","0","0,00","","A","","","N","A","S","1","","","","","1","","0",""
"7416","","","3255","","745","-15","Venda Não Aprovada","","","N","","","0","0,00","","A","","","N","A","S","1","","","","","1","","0",""
"7417","","","3252","","773","875","Pedido Ajustado","","","S","","","0","0,00","","A","","","N","A","S","1","","","","","1","","0",""
"7418","","","3221","","735","-15","","","","N","","","0","0,00","","A","","","N","A","S","1","","","","","1","","0",""
"7419","","","3222","","745","-15","","","","N","","","0","0,00","","A","","","N","A","S","1","","","","","1","","0",""
"7420","","","3253","","593","869","Venda Agricultura de Precisão (PUK)","","0","N","","","0","0,00","","A","","","N","A","N","1","","0","1","","1","0","0",""
"7421","","2","3258","","678","1108","","","0","S","","","0","0,00","","A","","","N","A","S","1","","0","1","","0","0","0",""
"7422","","0","3258","","672","0","Prep Agraga c/ Orçamento Extra","","0","S","","","0","0,00","","A","","","S","A","S","100","","0","0","","0","0","0",""
"7423","","9","3258","","678","1114","","","0","S","","","0","0,00","","A","","","N","A","S","100","","0","1","","0","0","0",""
"7424","","14","3258","","678","1116","","","0","S","","","0","0,00","","A","","","N","A","S","100","","0","1","","0","0","0",""
"7425","","11","3258","","678","1113","","","0","S","","","0","0,00","","A","","","N","A","S","100","","0","1","","0","0","0",""
"7426","","4","3258","","678","1110","","","0","S","","","0","0,00","","A","","","N","A","S","100","","0","1","","0","0","0",""
"7427","","12","3258","","678","1144","","","0","S","","","0","0,00","","A","","","N","A","S","100","","0","1","","0","0","0",""
"7428","","5","3258","","678","1143","","","0","S","","","0","0,00","","A","","","N","A","S","100","","0","1","","0","0","0",""
"7429","","15","3258","","678","1117","","","0","S","","","0","0,00","","A","","","N","A","S","100","","0","1","","0","0","0",""
"7430","","10","3258","","678","1112","","","0","S","","","0","0,00","","A","","","N","A","S","100","","0","1","","0","0","0",""
"7431","","18","3258","","678","1120","","","0","S","","","0","0,00","","A","","","N","A","S","100","","0","1","","0","0","0",""
"6582","","18","2815","","641","1106","","","","S","","","0","0,00","","A","","","N","A","S","","","","1","","1","","0",""
"6583","","13","2691","","648","1101","","","","S","","","0","0,00","","A","","","N","A","S","","","","1","","1","","0",""
"6584","","14","2691","","648","1102","","","","S","","","0","0,00","","A","","","N","A","S","","","","1","","1","","0",""
"6585","","15","2691","","648","1103","","","","S","","","0","0,00","","A","","","N","A","S","","","","1","","1","","0",""
"6586","","16","2691","","648","1104","","","","S","","","0","0,00","","A","","","N","A","S","","","","1","","1","","0",""
"6587","","17","2691","","648","1105","","","","S","","","0","0,00","","A","","","N","A","S","","","","1","","1","","0",""
"6588","","18","2691","","648","1106","","","","S","","","0","0,00","","A","","","N","A","S","","","","1","","1","","0",""
"6589","","","2817","S. J. do Rio Preto","638","1115","","","","S","","","0","0,00","","A","","","N","A","S","","","","1","","1","","0",""
"6590","","","2817","Catanduva","638","1116","","","","S","","","0","0,00","","A","","","N","A","S","","","","1","","1","","0",""
"6591","","","2817","Jales","638","1117","","","","S","","","0","0,00","","A","","","N","A","S","","","","1","","1","","0",""
"6592","","","2817","Votuporanga","638","1118","","","","S","","","0","0,00","","A","","","N","A","S","","","","1","","1","","0",""
"6593","","","2817","Tupã","638","1119","","","","S","","","0","0,00","","A","","","N","A","S","","","","1","","1","","0",""
"6594","","","2817","Marília","638","1120","","","","S","","","0","0,00","","A","","","N","A","S","","","","1","","1","","0",""
"6595","","13","2692","","648","1101","","","","S","","","0","0,00","","A","","","N","A","S","","","","1","","1","","0",""
"6596","","14","2692","","648","1102","","","","S","","","0","0,00","","A","","","N","A","S","","","","1","","1","","0",""
"6597","","15","2692","","648","1103","","","","S","","","0","0,00","","A","","","N","A","S","","","","1","","1","","0",""
"6598","","16","2692","","648","1104","","","","S","","","0","0,00","","A","","","N","A","S","","","","1","","1","","0",""
"6599","","17","2692","","648","1105","","","","S","","","0","0,00","","A","","","N","A","S","","","","1","","1","","0",""
"6600","","18","2692","","648","1106","","","","S","","","0","0,00","","A","","","N","A","S","","","","1","","1","","0",""
"6601","","13","2698","","667","1302","","","","S","","","0","0,00","","A","","","N","A","S","","","","1","","1","","0",""
"6602","","14","2698","","667","1303","","","","S","","","0","0,00","","A","","","N","A","S","","","","1","","1","","0",""
"6603","","15","2698","","667","1304","","","","S","","","0","0,00","","A","","","N","A","S","","","","1","","1","","0",""
"6604","","16","2698","","667","1305","","","","S","","","0","0,00","","A","","","N","A","S","","","","1","","1","","0",""
"6605","","17","2698","","667","1306","","","","S","","","0","0,00","","A","","","N","A","S","","","","1","","1","","0",""
"6606","","18","2698","","667","1307","","","","S","","","0","0,00","","A","","","N","A","S","","","","1","","1","","0",""
"6607","","13","2826","","648","1101","","","","S","","","0","0,00","","A","","","N","A","S","","","","1","","1","","0",""
"6608","","14","2826","","648","1102","","","","S","","","0","0,00","","A","","","N","A","S","","","","1","","1","","0",""
"6609","","15","2826","","648","1103","","","","S","","","0","0,00","","A","","","N","A","S","","","","1","","1","","0",""
"6610","","16","2826","","648","1104","","","","S","","","0","0,00","","A","","","N","A","S","","","","1","","1","","0",""
"6611","","17","2826","","648","1105","","","","S","","","0","0,00","","A","","","N","A","S","","","","1","","1","","0",""
"6612","","18","2826","","648","1106","","","","S","","","0","0,00","","A","","","N","A","S","","","","1","","1","","0",""
"6613","","13","2828","","647","1101","","","","S","","","0","0,00","","A","","","N","A","S","","","","1","","1","","0",""
"6614","","14","2828","","647","1102","","","","S","","","0","0,00","","A","","","N","A","S","","","","1","","1","","0",""
"6615","","15","2828","","647","1103","","","","S","","","0","0,00","","A","","","N","A","S","","","","1","","1","","0",""
"6616","","16","2828","","647","1104","","","","S","","","0","0,00","","A","","","N","A","S","","","","1","","1","","0",""
"6617","","17","2828","","647","1105","","","","S","","","0","0,00","","A","","","N","A","S","","","","1","","1","","0",""
"6618","","18","2828","","647","1106","","","","S","","","0","0,00","","A","","","N","A","S","","","","1","","1","","0",""
"6619","","13","2699","Não Possui Peça","641","1101","","","","S","","","0","0,00","","A","","","N","A","S","1","","","1","","1","","0",""
"6620","","13","2699","Possui Peça","669","1115","","","","S","","","0","0,00","","A","","","N","A","S","1","","","1","","1","","0",""
"6621","","14","2699","Não Possui Peça","641","1102","","","","S","","","0","0,00","","A","","","N","A","S","1","","","1","","1","","0",""
"6622","","14","2699","Possui Peça","669","1116","","","","S","","","0","0,00","","A","","","N","A","S","1","","","1","","1","","0",""
"7474","","15","2625","","611","1257","","","","N","","","0","0,00","","A","","","N","A","S","","","","","","1","","0",""
"7475","","10","2625","","611","1160","","","","N","","","0","0,00","","A","","","N","A","S","","","","","","1","","0",""
"7476","","18","2625","","611","1260","","","","N","","","0","0,00","","A","","","N","A","S","","","","","","1","","0",""
"7477","","7","2625","","611","1122","","","","N","","","0","0,00","","A","","","N","A","S","","","","","","1","","0",""
"7478","","1","2625","","611","1121","","","","N","","","0","0,00","","A","","","N","A","S","","","","","","1","","0",""
"7479","","13","2625","","611","1255","","","","N","","","0","0,00","","A","","","N","A","S","","","","","","1","","0",""
"7480","","17","2625","","611","1259","","","","N","","","0","0,00","","A","","","N","A","S","","","","","","1","","0",""
"7481","","16","2625","","611","1258","","","","N","","","0","0,00","","A","","","N","A","S","","","","","","1","","0",""
"7482","","","3223","Equipamentos Novos","768","0","Equipamentos Novos","","0","S","","","0","0,00","","A","","","N","A","S","1","","0","0","","1","0","0",""
"7484","","2","3239","Sem Seminovos","772","1126","Sem Seminovos","","0","S","","","0","0,00","","A","","","S","A","S","1","","0","0","","1","0","0",""
"7485","","3","2600","","611","1124","","","","S","","","0","0,00","","A","","","N","A","S","","","","","","1","","0",""
"7486","","9","2600","","611","1123","","","","S","","","0","0,00","","A","","","N","A","S","","","","","","1","","0",""
"7487","","14","2600","","611","1256","","","","S","","","0","0,00","","A","","","N","A","S","","","","","","1","","0",""
"7488","","11","2600","","611","1125","","","","S","","","0","0,00","","A","","","N","A","S","","","","","","1","","0",""
"7489","","4","2600","","611","1158","","","","S","","","0","0,00","","A","","","N","A","S","","","","","","1","","0",""
"7490","","12","2600","","611","1127","","","","S","","","0","0,00","","A","","","N","A","S","","","","","","1","","0",""
"7491","","5","2600","","611","1159","","","","S","","","0","0,00","","A","","","N","A","S","","","","","","1","","0",""
"7492","","15","2600","","611","1257","","","","S","","","0","0,00","","A","","","N","A","S","","","","","","1","","0",""
"7493","","10","2600","","611","1160","","","","S","","","0","0,00","","A","","","N","A","S","","","","","","1","","0",""
"7494","","18","2600","","611","1260","","","","S","","","0","0,00","","A","","","N","A","S","","","","","","1","","0",""
"7495","","7","2600","","611","1122","","","","S","","","0","0,00","","A","","","N","A","S","","","","","","1","","0",""
"7496","","1","2600","","611","1121","","","","S","","","0","0,00","","A","","","N","A","S","","","","","","1","","0",""
"7497","","13","2600","","611","1255","","","","S","","","0","0,00","","A","","","N","A","S","","","","","","1","","0",""
"7498","","17","2600","","611","1259","","","","S","","","0","0,00","","A","","","N","A","S","","","","","","1","","0",""
"7499","","16","2600","","611","1258","","","","S","","","0","0,00","","A","","","N","A","S","","","","","","1","","0",""
"7500","","3","2599","","611","1124","","","","S","","","0","0,00","","A","","","N","A","S","","","","","","1","","0",""
"7501","","9","2599","","611","1123","","","","S","","","0","0,00","","A","","","N","A","S","","","","","","1","","0",""
"7502","","14","2599","","611","1256","","","","S","","","0","0,00","","A","","","N","A","S","","","","","","1","","0",""
"7503","","11","2599","","611","1125","","","","S","","","0","0,00","","A","","","N","A","S","","","","","","1","","0",""
"7504","","4","2599","","611","1158","","","","S","","","0","0,00","","A","","","N","A","S","","","","","","1","","0",""
"7505","","12","2599","","611","1127","","","","S","","","0","0,00","","A","","","N","A","S","","","","","","1","","0",""
"7506","","5","2599","","611","1159","","","","S","","","0","0,00","","A","","","N","A","S","","","","","","1","","0",""
"7507","","15","2599","","611","1257","","","","S","","","0","0,00","","A","","","N","A","S","","","","","","1","","0",""
"7508","","10","2599","","611","1260","","","","S","","","0","0,00","","A","","","N","A","S","","","","","","1","","0",""
"7509","","18","2599","","611","1160","","","","S","","","0","0,00","","A","","","N","A","S","","","","","","1","","0",""
"7510","","7","2599","","611","1122","","","","S","","","0","0,00","","A","","","N","A","S","","","","","","1","","0",""
"4955","","2","2578","Verificação Contrato","612","1126","","","","S","","","0","0,00","","A","","","S","A","S","1","","","","","1","","0",""
"4956","","7","2578","Verificação Contrato","612","1122","","","","S","","","0","0,00","","A","","","S","A","S","1","","","","","1","","0",""
"4957","","3","2578","Verificação Contrato","612","1124","","","","S","","","0","0,00","","A","","","S","A","S","1","","","","","1","","0",""
"4958","","2","2587","","611","1126","","","","N","","","0","0,00","","A","","","S","A","S","","","","","","1","","0",""
"4959","","7","2587","","611","1122","","","","N","","","0","0,00","","A","","","S","A","S","","","","","","1","","0",""
"4960","","3","2587","","611","1124","","","","N","","","0","0,00","","A","","","S","A","S","","","","","","1","","0",""
"4961","","2","2625","","611","1126","","","","N","","","0","0,00","","A","","","N","A","S","1","","","","","1","","0",""
"4962","","","2626","","381","877","","","","N","","","5","0,00","","A","","","S","A","N","1","","","","","1","","0",""
"4964","","12","2504","","594","1127","","","","S","","","0","0,00","","A","","","S","A","S","1","","","","","1","","0",""
"4965","","9","2504","","594","1123","","","0","S","","","0","0,00","","A","","","S","A","S","1","","0","0","","1","0","0",""
"4966","","11","2504","","594","1125","","","0","S","","","0","0,00","","A","","","S","A","S","1","","0","0","","1","0","0",""
"4967","","12","2506","","596","1127","","","","N","","","0","0,00","","A","","","S","A","S","1","","","","","1","","0",""
"4968","","9","2506","","596","1123","","","0","N","","","0","0,00","","A","","","S","A","S","1","","0","0","","1","0","0",""
"4969","","11","2506","","596","1125","","","0","N","","","0","0,00","","A","","","S","A","S","1","","0","0","","1","0","0",""
"4970","","12","2505","","595","1127","","","","N","","","0","0,00","","A","","","S","A","S","1","","","","","1","","0",""
"4971","","9","2505","","595","1123","","","0","N","","","0","0,00","","A","","","S","A","S","100","","0","0","","1","0","0",""
"4972","","11","2505","","595","1125","","","0","N","","","0","0,00","","A","","","S","A","S","1","","0","0","","1","0","0",""
"4976","","12","2578","Verificação Contrato","612","1127","","","","S","","","0","0,00","","A","","","S","A","S","1","","","","","1","","0",""
"4977","","9","2578","Verificação Contrato","612","1123","","","","S","","","0","0,00","","A","","","S","A","S","1","","","","","1","","0",""
"4978","","11","2578","Verificação Contrato","612","1125","","","","S","","","0","0,00","","A","","","S","A","S","1","","","","","1","","0",""
"4979","","12","2587","","611","1127","","","","N","","","0","0,00","","A","","","S","A","S","1","","","","","1","","0",""
"4980","","9","2587","","611","1123","","","","N","","","0","0,00","","A","","","S","A","S","1","","","","","1","","0",""
"4981","","11","2587","","611","1125","","","","N","","","0","0,00","","A","","","S","A","S","1","","","","","1","","0",""
"4982","","12","2582","","600","1127","Com Pendência","","","S","","","0","0,00","","A","","","N","A","S","","","","","","1","","0",""
"4983","","9","2582","","600","1123","Com Pendência","","","S","","","0","0,00","","A","","","N","A","S","","","","","","1","","0",""
"4984","","11","2582","","600","1125","Com Pendência","","","S","","","0","0,00","","A","","","N","A","S","1","","","","","1","","0",""
"4985","","","2510","","598","869","","","0","S","","","0","0,00","","A","","","N","A","S","1","","0","1","","1","0","0",""
"4986","","","2578","","616","735","","","0","S","","","0","0,00","","A","","","N","A","S","1","","0","1","","1","0","0",""
"4994","","","1545","","227","","","","","S","","","0","0,00","","A","","","N","A","S","1","","","","","1","","0",""
"4995","","12","1586","Máquina Agrícola","768","0","Prospecção","","0","S","","","0","0,00","","A","","","N","A","N","1","","0","0","","1","0","0",""
"4996","","12","1586","Implemento","768","0","Prospecção","","0","S","","","0","0,00","","A","","","N","A","N","1","","0","0","","1","0","0",""
"4997","","12","1586","Agricultura Precisão","768","0","Prospecção","","0","S","","","0","0,00","","A","","","N","A","N","1","","0","0","","1","0","0",""
"4999","","","2649","","617","","","","","N","","","0","0,00","","A","","","N","A","S","1","","","","","1","","0",""
"5000","","","2421","","620","686","","","","S","","","120","0,00","","A","","","N","A","S","1","","","","","0","","0",""
"5038","","11","2687","","647","1099","","","","S","","","0","0,00","","A","","","N","A","S","","","","1","","1","","0",""
"5039","","9","2687","","647","1100","","","","S","","","0","0,00","","A","","","N","A","S","","","","1","","1","","0",""
"5040","","3","2687","","647","1095","","","","S","","","0","0,00","","A","","","N","A","S","","","","1","","1","","0",""
"5041","","2","2687","","647","1094","","","","S","","","0","0,00","","A","","","N","A","S","","","","1","","1","","0",""
"5042","","2","2690","Garantia Parcial","640","1094","","","","S","","","0","0,00","","A","","","N","A","S","1","","","1","","1","","0",""
"5043","","3","2690","Garantia Parcial","640","1095","","","","S","","","0","0,00","","A","","","N","A","S","","","","1","","1","","0",""
"5044","","9","2690","Garantia Parcial","640","1100","","","","S","","","0","0,00","","A","","","N","A","S","1","","","1","","1","","0",""
"5045","","11","2690","Garantia Parcial","640","1099","","","","S","","","0","0,00","","A","","","N","A","S","","","","1","","1","","0",""
"5046","","4","2690","Garantia Parcial","640","1096","","","","S","","","0","0,00","","A","","","N","A","S","","","","1","","1","","0",""
"5047","","12","2690","Garantia Parcial","640","1130","","","","S","","","0","0,00","","A","","","N","A","S","","","","1","","1","","0",""
"5048","","5","2690","Garantia Parcial","640","1129","","","","S","","","0","0,00","","A","","","N","A","S","","","","1","","1","","0",""
"5049","","10","2690","Garantia Parcial","640","1098","","","","S","","","0","0,00","","A","","","N","A","S","","","","1","","1","","0",""
"5050","","7","2690","Garantia Parcial","640","1097","","","","S","","","0","0,00","","A","","","N","A","S","","","","1","","1","","0",""
"5051","","1","2690","Garantia Parcial","640","1093","","","","S","","","0","0,00","","A","","","N","A","S","","","","1","","1","","0",""
"5052","","","2690","Garantia Total","652","1132","","","","S","","","0","0,00","","A","","","N","A","S","1","","","1","","1","","0",""
"5053","","2","2691","","648","1094","","","","S","","","0","0,00","","A","","","N","A","S","1","","","1","","1","","0",""
"5054","","3","2691","","648","1095","","","","S","","","0","0,00","","A","","","N","A","S","","","","1","","1","","0",""
"5055","","9","2691","","648","1100","","","","S","","","0","0,00","","A","","","N","A","S","","","","1","","1","","0",""
"5056","","11","2691","","648","1099","","","","S","","","0","0,00","","A","","","N","A","S","","","","1","","1","","0",""
"5057","","4","2691","","648","1096","","","","S","","","0","0,00","","A","","","N","A","S","","","","1","","1","","0",""
"5058","","12","2691","","648","1130","","","","S","","","0","0,00","","A","","","N","A","S","","","","1","","1","","0",""
"5059","","5","2691","","648","1129","","","","S","","","0","0,00","","A","","","N","A","S","","","","1","","1","","0",""
"5060","","10","2691","","648","1098","","","","S","","","0","0,00","","A","","","N","A","S","","","","1","","1","","0",""
"5061","","7","2691","","648","1097","","","","S","","","0","0,00","","A","","","N","A","S","","","","1","","1","","0",""
"5062","","1","2691","","648","1093","","","","S","","","0","0,00","","A","","","N","A","S","","","","1","","1","","0",""
"5063","","2","2692","","648","1094","","","","S","","","0","0,00","","A","","","N","A","S","1","","","1","","1","","0",""
"5064","","3","2692","","648","1095","","","","S","","","0","0,00","","A","","","N","A","S","","","","1","","1","","0",""
"5065","","9","2692","","648","1100","","","","S","","","0","0,00","","A","","","N","A","S","","","","1","","1","","0",""
"5066","","11","2692","","648","1099","","","","S","","","0","0,00","","A","","","N","A","S","","","","1","","1","","0",""
"5067","","4","2692","","648","1096","","","","S","","","0","0,00","","A","","","N","A","S","","","","1","","1","","0",""
"5068","","12","2692","","648","1130","","","","S","","","0","0,00","","A","","","N","A","S","","","","1","","1","","0",""
"5069","","5","2692","","648","1129","","","","S","","","0","0,00","","A","","","N","A","S","","","","1","","1","","0",""
"5070","","10","2692","","648","1098","","","","S","","","0","0,00","","A","","","N","A","S","","","","1","","1","","0",""
"5071","","7","2692","","648","1097","","","","S","","","0","0,00","","A","","","N","A","S","","","","1","","1","","0",""
"5072","","1","2692","","648","1093","","","","S","","","0","0,00","","A","","","N","A","S","","","","1","","1","","0",""
"5073","","","2695","","633","","","","","S","","","0","0,00","","A","","","N","A","S","1","","","","","1","","0",""
"5074","","2","2698","","667","1134","","","","S","","","0","0,00","","A","","","N","A","S","1","","","1","","1","","0",""
"5075","","3","2698","","667","1135","","","","S","","","0","0,00","","A","","","N","A","S","","","","1","","1","","0",""
"5076","","9","2698","","667","1139","","","","S","","","0","0,00","","A","","","N","A","S","","","","1","","1","","0",""
"5077","","11","2698","","667","1141","","","","S","","","0","0,00","","A","","","N","A","S","","","","1","","1","","0",""
"5114","","2","2701","","","1108","","","","S","","","0","0,00","","A","","","N","C","S","1","","","1","","1","","0",""
"5115","","3","2701","","","1109","","","","S","","","0","0,00","","A","","","N","C","S","","","","1","","1","","0",""
"5116","","9","2701","","","1114","","","","S","","","0","0,00","","A","","","N","C","S","","","","1","","1","","0",""
"5117","","11","2701","","","1113","","","","S","","","0","0,00","","A","","","N","C","S","","","","1","","1","","0",""
"5118","","4","2701","","","1110","","","","S","","","0","0,00","","A","","","N","C","S","","","","1","","1","","0",""
"5119","","12","2701","","","1144","","","","S","","","0","0,00","","A","","","N","C","S","","","","1","","1","","0",""
"5120","","5","2701","","","1143","","","","S","","","0","0,00","","A","","","N","C","S","","","","1","","1","","0",""
"5121","","10","2701","","","1112","","","","S","","","0","0,00","","A","","","N","C","S","","","","1","","1","","0",""
"5122","","7","2701","","","1111","","","","S","","","0","0,00","","A","","","N","C","S","","","","1","","1","","0",""
"5123","","1","2701","","","1107","","","","S","","","0","0,00","","A","","","N","C","S","","","","1","","1","","0",""
"5124","","","2702","","642","1132","","","","S","","","0","0,00","","A","","","N","A","S","1","","","1","","1","","0",""
"5125","","2","2704","Aprovado com Peça","667","1134","","","","S","","","0","0,00","","A","","","N","A","S","1","","","1","","1","","0",""
"5126","","3","2704","Aprovado com Peça","667","1135","","","","S","","","0","0,00","","A","","","N","A","S","","","","1","","1","","0",""
"5127","","9","2704","Aprovado com Peça","667","1139","","","","S","","","0","0,00","","A","","","N","A","S","","","","1","","1","","0",""
"5128","","11","2704","Aprovado com Peça","667","1141","","","","S","","","0","0,00","","A","","","N","A","S","","","","1","","1","","0",""
"5129","","4","2704","Aprovado com Peça","667","1136","","","","S","","","0","0,00","","A","","","N","A","S","","","","1","","1","","0",""
"5130","","12","2704","Aprovado com Peça","667","1142","","","","S","","","0","0,00","","A","","","N","A","S","","","","1","","1","","0",""
"5131","","5","2704","Aprovado com Peça","667","1137","","","","S","","","0","0,00","","A","","","N","A","S","","","","1","","1","","0",""
"5132","","10","2704","Aprovado com Peça","667","1140","","","","S","","","0","0,00","","A","","","N","A","S","","","","1","","1","","0",""
"5133","","7","2704","Aprovado com Peça","667","1138","","","","S","","","0","0,00","","A","","","N","A","S","","","","1","","1","","0",""
"5134","","1","2704","Aprovado com Peça","667","1133","","","","S","","","0","0,00","","A","","","N","A","S","","","","1","","1","","0",""
"5135","","2","2704","Aprovado sem Peça","628","1108","","","","S","","","0","0,00","","A","","","N","A","S","1","","","1","","1","","0",""
"5136","","3","2704","Aprovado sem Peça","628","1109","","","","S","","","0","0,00","","A","","","N","A","S","","","","1","","1","","0",""
"5137","","9","2704","Aprovado sem Peça","628","1114","","","","S","","","0","0,00","","A","","","N","A","S","","","","1","","1","","0",""
"5138","","11","2704","Aprovado sem Peça","628","1113","","","","S","","","0","0,00","","A","","","N","A","S","","","","1","","1","","0",""
"5139","","4","2704","Aprovado sem Peça","628","1110","","","","S","","","0","0,00","","A","","","N","A","S","","","","1","","1","","0",""
"5140","","12","2704","Aprovado sem Peça","628","1144","","","","S","","","0","0,00","","A","","","N","A","S","","","","1","","1","","0",""
"5141","","5","2704","Aprovado sem Peça","628","1143","","","","S","","","0","0,00","","A","","","N","A","S","","","","1","","1","","0",""
"5142","","10","2704","Aprovado sem Peça","628","1112","","","","S","","","0","0,00","","A","","","N","A","S","","","","1","","1","","0",""
"5143","","7","2704","Aprovado sem Peça","628","1111","","","","S","","","0","0,00","","A","","","N","A","S","","","","1","","1","","0",""
"5144","","1","2704","Aprovado sem Peça","628","1107","","","","S","","","0","0,00","","A","","","N","A","S","1","","","1","","1","","0",""
"5145","","","2706","","658","","","","","S","","","0","0,00","","A","","","N","A","S","1","","","1","","1","","0",""
"5146","","2","2708","","","1108","","","","S","","","0","0,00","","A","","","N","C","S","1","","","1","","1","","0",""
"5147","","3","2708","","","1109","","","","S","","","0","0,00","","A","","","N","C","S","","","","1","","1","","0",""
"5148","","9","2708","","","1114","","","","S","","","0","0,00","","A","","","N","C","S","","","","1","","1","","0",""
"5149","","11","2708","","","1113","","","","S","","","0","0,00","","A","","","N","C","S","","","","1","","1","","0",""
"5150","","4","2708","","","1110","","","","S","","","0","0,00","","A","","","N","C","S","","","","1","","1","","0",""
"5151","","12","2708","","","1144","","","","S","","","0","0,00","","A","","","N","C","S","","","","1","","1","","0",""
"5189","","9","2715","Garantia","654","1100","","","","S","","","0","0,00","","A","","","N","A","S","","","","","","1","","0",""
"5190","","11","2715","Garantia","654","1099","","","","S","","","0","0,00","","A","","","N","A","S","","","","","","1","","0",""
"5191","","4","2715","Garantia","654","1096","","","","S","","","0","0,00","","A","","","N","A","S","","","","","","1","","0",""
"5192","","12","2715","Garantia","654","1130","","","","S","","","0","0,00","","A","","","N","A","S","","","","","","1","","0",""
"5193","","5","2715","Garantia","654","1129","","","","S","","","0","0,00","","A","","","N","A","S","","","","","","1","","0",""
"5194","","10","2715","Garantia","654","1098","","","","S","","","0","0,00","","A","","","N","A","S","","","","","","1","","0",""
"5195","","7","2715","Garantia","654","1097","","","","S","","","0","0,00","","A","","","N","A","S","","","","","","1","","0",""
"5196","","1","2715","Garantia","654","1093","","","","S","","","0","0,00","","A","","","N","A","S","","","","","","1","","0",""
"5197","","2","2715","PMP","654","1094","","","","S","","","0","0,00","","A","","","N","A","S","1","","","","","1","","0",""
"5198","","3","2715","PMP","654","1095","","","","S","","","0","0,00","","A","","","N","A","S","","","","","","1","","0",""
"5199","","9","2715","PMP","654","1100","","","","S","","","0","0,00","","A","","","N","A","S","","","","","","1","","0",""
"5200","","4","2715","PMP","654","1096","","","","S","","","0","0,00","","A","","","N","A","S","","","","","","1","","0",""
"5201","","12","2715","PMP","654","1130","","","","S","","","0","0,00","","A","","","N","A","S","","","","","","1","","0",""
"5202","","5","2715","PMP","654","1129","","","","S","","","0","0,00","","A","","","N","A","S","","","","","","1","","0",""
"5203","","10","2715","PMP","654","1098","","","","S","","","0","0,00","","A","","","N","A","S","","","","","","1","","0",""
"5204","","7","2715","PMP","654","1097","","","","S","","","0","0,00","","A","","","N","A","S","","","","","","1","","0",""
"5205","","1","2715","PMP","654","1093","","","","S","","","0","0,00","","A","","","N","A","S","","","","","","1","","0",""
"5206","","7","2715","Assembly","654","1097","","","","S","","","0","0,00","","A","","","N","A","S","1","","","","","1","","0",""
"5207","","2","2716","Nova Peça c/Defeito","667","1134","","","","S","","","0","0,00","","A","","","N","A","S","1","","","1","","1","","0",""
"5208","","3","2716","Nova Peça c/Defeito","667","1135","","","","S","","","0","0,00","","A","","","N","A","S","","","","1","","1","","0",""
"5209","","9","2716","Nova Peça c/Defeito","667","1139","","","","S","","","0","0,00","","A","","","N","A","S","","","","1","","1","","0",""
"5210","","11","2716","Nova Peça c/Defeito","667","1141","","","","S","","","0","0,00","","A","","","N","A","S","","","","1","","1","","0",""
"5211","","4","2716","Nova Peça c/Defeito","667","1136","","","","S","","","0","0,00","","A","","","N","A","S","","","","1","","1","","0",""
"5212","","12","2716","Nova Peça c/Defeito","667","1142","","","","S","","","0","0,00","","A","","","N","A","S","","","","1","","1","","0",""
"5213","","5","2716","Nova Peça c/Defeito","667","1137","","","","S","","","0","0,00","","A","","","N","A","S","","","","1","","1","","0",""
"5214","","10","2716","Nova Peça c/Defeito","667","1140","","","","S","","","0","0,00","","A","","","N","A","S","","","","1","","1","","0",""
"5215","","7","2716","Nova Peça c/Defeito","667","1138","","","","S","","","0","0,00","","A","","","N","A","S","","","","1","","1","","0",""
"5216","","1","2716","Nova Peça c/Defeito","667","1133","","","","S","","","0","0,00","","A","","","N","A","S","","","","1","","1","","0",""
"5217","","2","2716","Falta de Peça","667","1134","","","","S","","","0","0,00","","A","","","N","A","S","1","","","1","","1","","0",""
"5218","","3","2716","Falta de Peça","667","1135","","","","S","","","0","0,00","","A","","","N","A","S","","","","1","","1","","0",""
"5219","","9","2716","Falta de Peça","667","1139","","","","S","","","0","0,00","","A","","","N","A","S","","","","1","","1","","0",""
"5220","","11","2716","Falta de Peça","667","1141","","","","S","","","0","0,00","","A","","","N","A","S","","","","1","","1","","0",""
"5221","","12","2716","Falta de Peça","667","1142","","","","S","","","0","0,00","","A","","","N","A","S","","","","1","","1","","0",""
"5222","","5","2716","Falta de Peça","667","1137","","","","S","","","0","0,00","","A","","","N","A","S","","","","1","","1","","0",""
"5223","","10","2716","Falta de Peça","667","1140","","","","S","","","0","0,00","","A","","","N","A","S","","","","1","","1","","0",""
"5224","","7","2716","Falta de Peça","667","1138","","","","S","","","0","0,00","","A","","","N","A","S","","","","1","","1","","0",""
"5264","","","2732","Não Localizado","645","1132","","","","S","","","0","0,00","","A","","","N","A","S","1","","","1","","1","","0",""
"5265","","","2732","Transf Concess.","649","1132","","","","S","","","0","0,00","","A","","","N","A","S","1","","","1","","1","","0",""
"5266","","","2732","Transf. Tracbel Agro","661","1132","","","","S","","","0","0,00","","A","","","N","A","S","1","","","1","","1","","0",""
"5267","","","2733","","662","1132","","","","S","","","0","0,00","","A","","","N","A","S","1","","","1","","1","","0",""
"5268","","","2734","","662","1132","","","","S","","","0","0,00","","A","","","N","A","S","1","","","1","","1","","0",""
"5269","","","2736","","630","","","","","S","","","0","0,00","","A","","","N","A","S","1","","","1","","1","","0",""
"5270","","","2738","","634","1132","","","","S","","","0","0,00","","A","","","N","A","S","1","","","1","","1","","0",""
"5271","","","2739","","644","1132","","","","S","","","0","0,00","","A","","","N","A","S","1","","","0","","1","","0",""
"5272","","2","2744","","669","1108","","","","S","","","0","0,00","","A","","","N","A","S","1","","","1","","1","","0",""
"5273","","9","2744","","669","1114","","","","S","","","0","0,00","","A","","","N","A","S","","","","1","","1","","0",""
"5274","","11","2744","","669","1113","","","","S","","","0","0,00","","A","","","N","A","S","","","","1","","1","","0",""
"5275","","4","2744","","669","1110","","","","S","","","0","0,00","","A","","","N","A","S","","","","1","","1","","0",""
"5276","","12","2744","","669","1144","","","","S","","","0","0,00","","A","","","N","A","S","","","","1","","1","","0",""
"5277","","5","2744","","669","1143","","","","S","","","0","0,00","","A","","","N","A","S","","","","1","","1","","0",""
"5278","","10","2744","","669","1112","","","","S","","","0","0,00","","A","","","N","A","S","","","","1","","1","","0",""
"5279","","7","2744","","669","1111","","","","S","","","0","0,00","","A","","","N","A","S","","","","1","","1","","0",""
"5280","","1","2744","","669","1107","","","","S","","","0","0,00","","A","","","N","A","S","","","","1","","1","","0",""
"5281","","3","2744","","669","1109","","","","S","","","0","0,00","","A","","","N","A","S","","","","1","","1","","0",""
"5282","","2","2746","","","1108","","","","S","","","0","0,00","","A","","","N","C","S","1","","","1","","1","","0",""
"5283","","3","2746","","","1109","","","","S","","","0","0,00","","A","","","N","C","S","","","","1","","1","","0",""
"5284","","9","2746","","","1114","","","","S","","","0","0,00","","A","","","N","C","S","","","","1","","1","","0",""
"5285","","11","2746","","","1113","","","","S","","","0","0,00","","A","","","N","C","S","","","","1","","1","","0",""
"5286","","4","2746","","","1110","","","","S","","","0","0,00","","A","","","N","C","S","","","","1","","1","","0",""
"5287","","12","2746","","","1144","","","","S","","","0","0,00","","A","","","N","C","S","","","","1","","1","","0",""
"5288","","5","2746","","","1143","","","","S","","","0","0,00","","A","","","N","C","S","","","","1","","1","","0",""
"5289","","10","2746","","","1112","","","","S","","","0","0,00","","A","","","N","C","S","","","","1","","1","","0",""
"5290","","7","2746","","","1111","","","","S","","","0","0,00","","A","","","N","C","S","","","","1","","1","","0",""
"5291","","1","2746","","","1107","","","","S","","","0","0,00","","A","","","N","C","S","","","","1","","1","","0",""
"5292","","2","2750","Foto Incorreta","666","1094","Corrigir Imagem Conforme RGA","","","S","","","0","0,00","","A","","","N","A","S","1","","","","","1","","0",""
"5293","","3","2750","Foto Incorreta","666","1095","Corrigir Imagem Conforme RGA","","","S","","","0","0,00","","A","","","N","A","S","","","","","","1","","0",""
"5294","","9","2750","Foto Incorreta","666","1100","Corrigir Imagem Conforme RGA","","","S","","","0","0,00","","A","","","N","A","S","","","","","","1","","0",""
"5295","","11","2750","Foto Incorreta","666","1099","Corrigir Imagem Conforme RGA","","","S","","","0","0,00","","A","","","N","A","S","","","","","","1","","0",""
"5296","","4","2750","Foto Incorreta","666","1096","Corrigir Imagem Conforme RGA","","","S","","","0","0,00","","A","","","N","A","S","","","","","","1","","0",""
"5297","","12","2750","Foto Incorreta","666","1130","Corrigir Imagem Conforme RGA","","","S","","","0","0,00","","A","","","N","A","S","","","","","","1","","0",""
"5298","","5","2750","Foto Incorreta","666","1129","Corrigir Imagem Conforme RGA","","","S","","","0","0,00","","A","","","N","A","S","","","","","","1","","0",""
"5299","","10","2750","Foto Incorreta","666","1098","Corrigir Imagem Conforme RGA","","","S","","","0","0,00","","A","","","N","A","S","","","","","","1","","0",""
"5300","","7","2750","Foto Incorreta","666","1097","Corrigir Imagem Conforme RGA","","","S","","","0","0,00","","A","","","N","A","S","","","","","","1","","0",""
"6701","","14","2715","Cortesia","668","1102","","","","S","","","0","0,00","","A","","","N","A","S","","","","","","1","","0",""
"6702","","14","2715","Garantia","654","1102","","","","S","","","0","0,00","","A","","","N","A","S","","","","","","1","","0",""
"6703","","14","2715","PMP","654","1102","","","","S","","","0","0,00","","A","","","N","A","S","","","","","","1","","0",""
"6704","","14","2715","Assembly","654","1102","","","","S","","","0","0,00","","A","","","N","A","S","","","","","","1","","0",""
"6705","","15","2715","Cortesia","668","1103","","","","S","","","0","0,00","","A","","","N","A","S","","","","","","1","","0",""
"6706","","15","2715","Garantia","654","1103","","","","S","","","0","0,00","","A","","","N","A","S","","","","","","1","","0",""
"6707","","15","2715","PMP","654","1103","","","","S","","","0","0,00","","A","","","N","A","S","","","","","","1","","0",""
"6708","","15","2715","Assembly","654","1103","","","","S","","","0","0,00","","A","","","N","A","S","","","","","","1","","0",""
"6709","","16","2715","Cortesia","668","1104","","","","S","","","0","0,00","","A","","","N","A","S","","","","","","1","","0",""
"6710","","16","2715","Garantia","654","1104","","","","S","","","0","0,00","","A","","","N","A","S","","","","","","1","","0",""
"6711","","16","2715","PMP","654","1104","","","","S","","","0","0,00","","A","","","N","A","S","","","","","","1","","0",""
"6712","","16","2715","Assembly","654","1104","","","","S","","","0","0,00","","A","","","N","A","S","","","","","","1","","0",""
"6713","","17","2715","Cortesia","668","1105","","","","S","","","0","0,00","","A","","","N","A","S","","","","","","1","","0",""
"6714","","17","2715","Garantia","654","1105","","","","S","","","0","0,00","","A","","","N","A","S","","","","","","1","","0",""
"6715","","17","2715","PMP","654","1105","","","","S","","","0","0,00","","A","","","N","A","S","","","","","","1","","0",""
"6716","","17","2715","Assembly","654","1105","","","","S","","","0","0,00","","A","","","N","A","S","","","","","","1","","0",""
"6717","","13","2843","","635","1115","","","","S","","","0","0,00","","A","","","N","A","S","","","","1","","1","","0",""
"6718","","14","2843","","635","1116","","","","S","","","0","0,00","","A","","","N","A","S","","","","1","","1","","0",""
"6719","","15","2843","","635","1117","","","","S","","","0","0,00","","A","","","N","A","S","","","","1","","1","","0",""
"6720","","16","2843","","635","1118","","","","S","","","0","0,00","","A","","","N","A","S","","","","1","","1","","0",""
"6721","","17","2843","","635","1119","","","","S","","","0","0,00","","A","","","N","A","S","","","","1","","1","","0",""
"6722","","18","2843","","635","1120","","","","S","","","0","0,00","","A","","","N","A","S","","","","1","","1","","0",""
"6723","","18","2715","Cortesia","668","1106","","","","S","","","0","0,00","","A","","","N","A","S","","","","","","1","","0",""
"6724","","18","2715","Garantia","654","1106","","","","S","","","0","0,00","","A","","","N","A","S","","","","","","1","","0",""
"6725","","18","2715","PMP","654","1106","","","","S","","","0","0,00","","A","","","N","A","S","","","","","","1","","0",""
"6726","","18","2715","Assembly","654","1106","","","","S","","","0","0,00","","A","","","N","A","S","","","","","","1","","0",""
"6727","","13","2802","Cortesia","655","1115","","","","S","","","0","0,00","","A","","","N","A","S","","","","1","","1","","0",""
"6728","","14","2802","Cortesia","655","1116","","","","S","","","0","0,00","","A","","","N","A","S","","","","1","","1","","0",""
"6729","","15","2802","Cortesia","655","1117","","","","S","","","0","0,00","","A","","","N","A","S","","","","1","","1","","0",""
"6730","","16","2802","Cortesia","655","1118","","","","S","","","0","0,00","","A","","","N","A","S","","","","1","","1","","0",""
"6731","","17","2802","Cortesia","655","1119","","","","S","","","0","0,00","","A","","","N","A","S","","","","1","","1","","0",""
"6732","","18","2802","Cortesia","655","1120","","","","S","","","0","0,00","","A","","","N","A","S","","","","1","","1","","0",""
"6733","","13","2716","Falta de Peça","667","1302","","","","S","","","0","0,00","","A","","","N","A","S","1","","","1","","1","","0",""
"6734","","13","2716","Nova Peça c/Defeito","667","1302","","","","S","","","0","0,00","","A","","","N","A","S","1","","","1","","1","","0",""
"6735","","14","2716","Falta de Peça","667","1303","","","","S","","","0","0,00","","A","","","N","A","S","1","","","1","","1","","0",""
"6736","","14","2716","Nova Peça c/Defeito","667","1303","","","","S","","","0","0,00","","A","","","N","A","S","1","","","1","","1","","0",""
"6661","","16","2704","Aprovado com Peça","667","1305","","","","S","","","0","0,00","","A","","","N","A","S","1","","","1","","1","","0",""
"6662","","16","2704","Aprovado sem Peça","628","1118","","","","S","","","0","0,00","","A","","","N","A","S","1","","","1","","1","","0",""
"6663","","17","2704","Aprovado com Peça","667","1306","","","","S","","","0","0,00","","A","","","N","A","S","1","","","1","","1","","0",""
"6664","","17","2704","Aprovado sem Peça","628","1119","","","","S","","","0","0,00","","A","","","N","A","S","1","","","1","","1","","0",""
"6665","","18","2704","Aprovado com Peça","667","1307","","","","S","","","0","0,00","","A","","","N","A","S","1","","","1","","1","","0",""
"6666","","18","2704","Aprovado sem Peça","628","1120","","","","S","","","0","0,00","","A","","","N","A","S","1","","","1","","1","","0",""
"6667","","13","2708","","","1115","","","","S","","","0","0,00","","A","","","N","C","S","","","","1","","1","","0",""
"6668","","14","2708","","","1116","","","","S","","","0","0,00","","A","","","N","C","S","","","","1","","1","","0",""
"6669","","15","2708","","","1117","","","","S","","","0","0,00","","A","","","N","C","S","","","","1","","1","","0",""
"6670","","16","2708","","","1118","","","","S","","","0","0,00","","A","","","N","C","S","","","","1","","1","","0",""
"6671","","17","2708","","","1119","","","","S","","","0","0,00","","A","","","N","C","S","","","","1","","1","","0",""
"6672","","18","2708","","","1120","","","","S","","","0","0,00","","A","","","N","C","S","","","","1","","1","","0",""
"6673","","13","2709","","","1115","","","","S","","","0","0,00","","A","","","N","C","S","","","","1","","1","","0",""
"6674","","14","2709","","","1116","","","","S","","","0","0,00","","A","","","N","C","S","","","","1","","1","","0",""
"6675","","15","2709","","","1117","","","","S","","","0","0,00","","A","","","N","C","S","","","","1","","1","","0",""
"6676","","16","2709","","","1118","","","","S","","","0","0,00","","A","","","N","C","S","","","","1","","1","","0",""
"6677","","17","2709","","","1119","","","","S","","","0","0,00","","A","","","N","C","S","","","","1","","1","","0",""
"6678","","18","2709","","","1120","","","","S","","","0","0,00","","A","","","N","C","S","","","","1","","1","","0",""
"6679","","","2837","S. J. do Rio Preto","628","1115","","","","S","","","0","0,00","","A","","","N","A","S","1","","","1","","1","","0",""
"6680","","","2837","Catanduva","628","1116","","","","S","","","0","0,00","","A","","","N","A","S","1","","","1","","1","","0",""
"6681","","","2837","Jales","628","1117","","","","S","","","0","0,00","","A","","","N","A","S","1","","","1","","1","","0",""
"6682","","","2837","Votuporanga","628","1118","","","","S","","","0","0,00","","A","","","N","A","S","1","","","1","","1","","0",""
"6683","","","2837","Tupã","628","1119","","","","S","","","0","0,00","","A","","","N","A","S","1","","","1","","1","","0",""
"6684","","","2837","Marília","628","1120","","","","S","","","0","0,00","","A","","","N","A","S","1","","","1","","1","","0",""
"6685","","13","2838","","646","1115","","","","S","","","0","0,00","","A","","","N","A","S","","","","1","","1","","0",""
"6686","","14","2838","","646","1116","","","","S","","","0","0,00","","A","","","N","A","S","","","","1","","1","","0",""
"6687","","15","2838","","646","1117","","","","S","","","0","0,00","","A","","","N","A","S","","","","1","","1","","0",""
"6688","","16","2838","","646","1118","","","","S","","","0","0,00","","A","","","N","A","S","","","","1","","1","","0",""
"6689","","17","2838","","646","1119","","","","S","","","0","0,00","","A","","","N","A","S","","","","1","","1","","0",""
"6690","","18","2838","","646","1120","","","","S","","","0","0,00","","A","","","N","A","S","","","","1","","1","","0",""
"6691","","13","2839","","638","1115","","","","S","","","0","0,00","","A","","","N","A","S","","","","1","","1","","0",""
"6692","","14","2839","","638","1116","","","","S","","","0","0,00","","A","","","N","A","S","","","","1","","1","","0",""
"6693","","15","2839","","638","1117","","","","S","","","0","0,00","","A","","","N","A","S","","","","1","","1","","0",""
"6694","","16","2839","","638","1118","","","","S","","","0","0,00","","A","","","N","A","S","","","","1","","1","","0",""
"6695","","17","2839","","638","1119","","","","S","","","0","0,00","","A","","","N","A","S","","","","1","","1","","0",""
"6696","","18","2839","","638","1120","","","","S","","","0","0,00","","A","","","N","A","S","","","","1","","1","","0",""
"6697","","13","2715","Cortesia","668","1101","","","","S","","","0","0,00","","A","","","N","A","S","","","","","","1","","0",""
"6698","","13","2715","Garantia","654","1101","","","","S","","","0","0,00","","A","","","N","A","S","","","","","","1","","0",""
"6699","","13","2715","PMP","654","1101","","","","S","","","0","0,00","","A","","","N","A","S","","","","","","1","","0",""
"6700","","13","2715","Assembly","654","1101","","","","S","","","0","0,00","","A","","","N","A","S","","","","","","1","","0",""
"6775","","13","2723","","648","1101","","","","S","","","0","0,00","","A","","","N","A","S","","","","1","","1","","0",""
"6776","","14","2723","","648","1102","","","","S","","","0","0,00","","A","","","N","A","S","","","","1","","1","","0",""
"6777","","15","2723","","648","1103","","","","S","","","0","0,00","","A","","","N","A","S","","","","1","","1","","0",""
"6778","","16","2723","","648","1104","","","","S","","","0","0,00","","A","","","N","A","S","","","","1","","1","","0",""
"6779","","17","2723","","648","1105","","","","S","","","0","0,00","","A","","","N","A","S","","","","1","","1","","0",""
"6780","","18","2723","","648","1106","","","","S","","","0","0,00","","A","","","N","A","S","","","","1","","1","","0",""
"6781","","13","2783","Sem deslocamento","","1101","","","0","N","","","0","0,00","","A","","","S","C","S","100","","0","0","","1","0","0",""
"6782","","14","2783","Sem deslocamento","","1102","","","0","N","","","0","0,00","","A","","","S","C","S","100","","0","0","","1","0","0",""
"6783","","15","2783","Sem deslocamento","","1103","","","0","N","","","0","0,00","","A","","","S","C","S","100","","0","0","","1","0","0",""
"6784","","16","2783","Sem deslocamento","","1104","","","0","N","","","0","0,00","","A","","","S","C","S","100","","0","0","","1","0","0",""
"6785","","17","2783","Sem deslocamento","","1105","","","0","N","","","0","0,00","","A","","","S","C","S","100","","0","0","","1","0","0",""
"6786","","18","2783","Sem deslocamento","","1106","","","0","N","","","0","0,00","","A","","","S","C","S","100","","0","0","","1","0","0",""
"6787","","13","2784","","663","1115","","","","S","","","0","0,00","","A","","","N","A","S","","","","","","1","","0",""
"6788","","14","2784","","663","1116","","","","S","","","0","0,00","","A","","","N","A","S","","","","","","1","","0",""
"6789","","15","2784","","663","1117","","","","S","","","0","0,00","","A","","","N","A","S","","","","","","1","","0",""
"6790","","16","2784","","663","1118","","","","S","","","0","0,00","","A","","","N","A","S","","","","","","1","","0",""
"6791","","17","2784","","663","1119","","","","S","","","0","0,00","","A","","","N","A","S","","","","","","1","","0",""
"6792","","18","2784","","663","1120","","","","S","","","0","0,00","","A","","","N","A","S","","","","","","1","","0",""
"6793","","13","2744","","669","1115","","","","S","","","0","0,00","","A","","","N","A","S","","","","1","","1","","0",""
"6794","","14","2744","","669","1116","","","","S","","","0","0,00","","A","","","N","A","S","","","","1","","1","","0",""
"6795","","15","2744","","669","1117","","","","S","","","0","0,00","","A","","","N","A","S","","","","1","","1","","0",""
"6796","","16","2744","","669","1118","","","","S","","","0","0,00","","A","","","N","A","S","","","","1","","1","","0",""
"6797","","17","2744","","669","1119","","","","S","","","0","0,00","","A","","","N","A","S","","","","1","","1","","0",""
"6798","","18","2744","","669","1120","","","","S","","","0","0,00","","A","","","N","A","S","","","","1","","1","","0",""
"6799","","13","2746","","","1115","","","","S","","","0","0,00","","A","","","N","C","S","","","","1","","1","","0",""
"6800","","14","2746","","","1116","","","","S","","","0","0,00","","A","","","N","C","S","","","","1","","1","","0",""
"6801","","15","2746","","","1117","","","","S","","","0","0,00","","A","","","N","C","S","","","","1","","1","","0",""
"6802","","16","2746","","","1118","","","","S","","","0","0,00","","A","","","N","C","S","","","","1","","1","","0",""
"6803","","17","2746","","","1119","","","","S","","","0","0,00","","A","","","N","C","S","","","","1","","1","","0",""
"6804","","18","2746","","","1120","","","","S","","","0","0,00","","A","","","N","C","S","","","","1","","1","","0",""
"6805","","13","3017","","631","1101","","","","S","","","0","0,00","","A","","","N","A","S","","","","","","1","","0",""
"6806","","14","3017","","631","1102","","","","S","","","0","0,00","","A","","","N","A","S","","","","","","1","","0",""
"6807","","15","3017","","631","1103","","","","S","","","0","0,00","","A","","","N","A","S","","","","","","1","","0",""
"6808","","16","3017","","631","1104","","","","S","","","0","0,00","","A","","","N","A","S","","","","","","1","","0",""
"6809","","17","3017","","631","1105","","","","S","","","0","0,00","","A","","","N","A","S","","","","","","1","","0",""
"6810","","18","3017","","631","1106","","","","S","","","0","0,00","","A","","","N","A","S","","","","","","1","","0",""
"6811","","13","2780","","636","1115","","","","S","","","0","0,00","","A","","","N","A","S","","","","","","1","","0",""
"6812","","14","2780","","636","1116","","","","S","","","0","0,00","","A","","","N","A","S","","","","","","1","","0",""
"6813","","15","2780","","636","1117","","","","S","","","0","0,00","","A","","","N","A","S","","","","","","1","","0",""
"6814","","16","2780","","636","1118","","","","S","","","0","0,00","","A","","","N","A","S","","","","","","1","","0",""
"6815","","17","2780","","636","1119","","","","S","","","0","0,00","","A","","","N","A","S","","","","","","1","","0",""
"6852","","18","2770","","657","1120","","","","S","","","0","0,00","","A","","","N","A","S","","","","1","","1","","0",""
"6853","","13","2753","","648","1101","","","","S","","","0","0,00","","A","","","N","A","S","","","","1","","1","","0",""
"6854","","14","2753","","648","1102","","","","S","","","0","0,00","","A","","","N","A","S","","","","1","","1","","0",""
"6855","","15","2753","","648","1103","","","","S","","","0","0,00","","A","","","N","A","S","","","","1","","1","","0",""
"6856","","16","2753","","648","1104","","","","S","","","0","0,00","","A","","","N","A","S","","","","1","","1","","0",""
"6857","","17","2753","","648","1105","","","","S","","","0","0,00","","A","","","N","A","S","","","","1","","1","","0",""
"6858","","18","2753","","648","1106","","","","S","","","0","0,00","","A","","","N","A","S","","","","1","","1","","0",""
"6859","","13","2763","","635","1115","","","","S","","","0","0,00","","A","","","N","A","S","","","","1","","1","","0",""
"6860","","14","2763","","635","1116","","","","S","","","0","0,00","","A","","","N","A","S","","","","1","","1","","0",""
"6861","","15","2763","","635","1117","","","","S","","","0","0,00","","A","","","N","A","S","","","","1","","1","","0",""
"6862","","16","2763","","635","1118","","","","S","","","0","0,00","","A","","","N","A","S","","","","1","","1","","0",""
"6863","","17","2763","","635","1119","","","","S","","","0","0,00","","A","","","N","A","S","","","","1","","1","","0",""
"6864","","18","2763","","635","1120","","","","S","","","0","0,00","","A","","","N","A","S","","","","1","","1","","0",""
"6865","","13","2754","","648","1101","","","","S","","","0","0,00","","A","","","N","A","S","","","","","","1","","0",""
"6866","","14","2754","","648","1102","","","","S","","","0","0,00","","A","","","N","A","S","","","","","","1","","0",""
"6867","","15","2754","","648","1103","","","","S","","","0","0,00","","A","","","N","A","S","","","","","","1","","0",""
"6868","","16","2754","","648","1104","","","","S","","","0","0,00","","A","","","N","A","S","","","","","","1","","0",""
"6869","","17","2754","","648","1105","","","","S","","","0","0,00","","A","","","N","A","S","","","","","","1","","0",""
"6870","","18","2754","","648","1106","","","","S","","","0","0,00","","A","","","N","A","S","","","","","","1","","0",""
"6871","","13","2761","","667","1302","","","","S","","","0","0,00","","A","","","N","A","S","","","","1","","1","","0",""
"6872","","14","2761","","667","1303","","","","S","","","0","0,00","","A","","","N","A","S","","","","1","","1","","0",""
"6873","","15","2761","","667","1304","","","","S","","","0","0,00","","A","","","N","A","S","","","","1","","1","","0",""
"6874","","16","2761","","667","1305","","","","S","","","0","0,00","","A","","","N","A","S","","","","1","","1","","0",""
"6875","","17","2761","","667","1306","","","","S","","","0","0,00","","A","","","N","A","S","","","","1","","1","","0",""
"6876","","18","2761","","667","1307","","","","S","","","0","0,00","","A","","","N","A","S","","","","1","","1","","0",""
"6877","","13","2504","","594","1255","","","","S","","","0","0,00","","A","","","N","A","S","","","","","","1","","0",""
"6878","","14","2504","","594","1256","","","","S","","","0","0,00","","A","","","N","A","S","","","","","","1","","0",""
"6879","","15","2504","","594","1257","","","","S","","","0","0,00","","A","","","N","A","S","","","","","","1","","0",""
"6880","","16","2504","","594","1258","","","","S","","","0","0,00","","A","","","N","A","S","","","","","","1","","0",""
"6881","","17","2504","","594","1259","","","","S","","","0","0,00","","A","","","N","A","S","","","","","","1","","0",""
"6882","","18","2504","","594","1260","","","","S","","","0","0,00","","A","","","N","A","S","","","","","","1","","0",""
"6883","","13","2505","","595","1255","","","","N","","","0","0,00","","A","","","S","A","S","","","","","","1","","0",""
"6884","","14","2505","","595","1256","","","","N","","","0","0,00","","A","","","S","A","S","","","","","","1","","0",""
"6885","","15","2505","","595","1257","","","","N","","","0","0,00","","A","","","S","A","S","","","","","","1","","0",""
"6886","","16","2505","","595","1258","","","","N","","","0","0,00","","A","","","S","A","S","","","","","","1","","0",""
"6887","","17","2505","","595","1259","","","","N","","","0","0,00","","A","","","S","A","S","","","","","","1","","0",""
"6888","","18","2505","","595","1260","","","","N","","","0","0,00","","A","","","S","A","S","","","","","","1","","0",""
"6889","","13","2506","","596","1255","","","0","N","","","0","0,00","","A","","","S","A","S","1","","0","0","","1","0","0",""
"6890","","14","2506","","596","1256","","","0","N","","","0","0,00","","A","","","S","A","S","1","","0","0","","1","0","0",""
"6891","","15","2506","","596","1257","","","0","N","","","0","0,00","","A","","","S","A","S","1","","0","0","","1","0","0",""
"6892","","16","2506","","596","1258","","","0","N","","","0","0,00","","A","","","S","A","S","1","","0","0","","1","0","0",""
"6931","","13","3164","","742","1278","","","","S","","","0","0,00","","A","","","N","A","S","","","","","","1","","0",""
"6932","","14","3164","","742","1275","","","","S","","","0","0,00","","A","","","N","A","S","","","","","","1","","0",""
"6933","","15","3164","","742","1276","","","","S","","","0","0,00","","A","","","N","A","S","","","","","","1","","0",""
"6934","","16","3164","","742","1280","","","","S","","","0","0,00","","A","","","N","A","S","","","","","","1","","0",""
"6935","","17","3164","","742","1279","","","","S","","","0","0,00","","A","","","N","A","S","","","","","","1","","0",""
"6936","","18","3164","","742","1277","","","","S","","","0","0,00","","A","","","N","A","S","","","","","","1","","0",""
"6937","","","2851","São José Do Rio Pret","676","1115","","","","S","","","0","0,00","","A","","","N","A","S","","","","1","","1","","0",""
"6938","","","2851","Catanduva","676","1116","","","","S","","","0","0,00","","A","","","N","A","S","","","","1","","1","","0",""
"6939","","","2851","Jales","676","1117","","","","S","","","0","0,00","","A","","","N","A","S","","","","1","","1","","0",""
"6940","","","2851","Votuporanga","676","1118","","","","S","","","0","0,00","","A","","","N","A","S","","","","1","","1","","0",""
"6941","","","2851","Tupã","676","1119","","","","S","","","0","0,00","","A","","","N","A","S","","","","1","","1","","0",""
"6942","","","2851","Márilia","676","1120","","","","S","","","0","0,00","","A","","","N","A","S","","","","1","","1","","0",""
"6943","","","2852","São José Do Rio Pret","676","1115","","","","S","","","0","0,00","","A","","","N","A","S","1","","","1","","1","","0",""
"6944","","","2852","Catanduva","676","1116","","","","S","","","0","0,00","","A","","","N","A","S","1","","","1","","1","","0",""
"6945","","","2852","Jales","676","1117","","","","S","","","0","0,00","","A","","","N","A","S","1","","","1","","1","","0",""
"6946","","","2852","Votuporanga","676","1118","","","","S","","","0","0,00","","A","","","N","A","S","1","","","1","","1","","0",""
"6947","","","2852","Tupã","676","1119","","","","S","","","0","0,00","","A","","","N","A","S","1","","","1","","1","","0",""
"6948","","","2852","Márilia","676","1120","","","","S","","","0","0,00","","A","","","N","A","S","1","","","1","","1","","0",""
"6949","","13","3042","","722","1101","Faturamento TCAT Corrigido","","","S","","","0","0,00","","A","","","N","A","S","","","","","","1","","0",""
"6950","","14","3042","","722","1102","Faturamento TCAT Corrigido","","","S","","","0","0,00","","A","","","N","A","S","","","","","","1","","0",""
"6951","","15","3042","","722","1103","Faturamento TCAT Corrigido","","","S","","","0","0,00","","A","","","N","A","S","","","","","","1","","0",""
"6952","","16","3042","","722","1104","Faturamento TCAT Corrigido","","","S","","","0","0,00","","A","","","N","A","S","","","","","","1","","0",""
"6953","","17","3042","","722","1105","Faturamento TCAT Corrigido","","","S","","","0","0,00","","A","","","N","A","S","","","","","","1","","0",""
"6954","","18","3042","","722","1106","Faturamento TCAT Corrigido","","","S","","","0","0,00","","A","","","N","A","S","","","","","","1","","0",""
"6955","","","2853","São José Do Rio Pret","673","1255","","","","S","","","0","0,00","","A","","","N","A","S","","","","1","","1","","0",""
"6956","","","2853","Catanduva","673","1256","","","","S","","","0","0,00","","A","","","N","A","S","","","","1","","1","","0",""
"6957","","","2853","Jales","673","1257","","","","S","","","0","0,00","","A","","","N","A","S","","","","1","","1","","0",""
"6958","","","2853","Votuporanga","673","1258","","","","S","","","0","0,00","","A","","","N","A","S","","","","1","","1","","0",""
"6959","","","2853","Tupã","673","1259","","","","S","","","0","0,00","","A","","","N","A","S","","","","1","","1","","0",""
"6960","","","2853","Márilia","673","1260","","","","S","","","0","0,00","","A","","","N","A","S","","","","1","","1","","0",""
"6961","","","2880","S. J. do Rio Preto","675","1115","","","","S","","","0","0,00","","A","","","N","A","S","1","","","","","1","","0",""
"6962","","","2880","Catanduva","675","1116","","","","S","","","0","0,00","","A","","","N","A","S","1","","","","","1","","0",""
"6963","","","2880","Jales","675","1117","","","","S","","","0","0,00","","A","","","N","A","S","1","","","","","1","","0",""
"6964","","","2880","Votuporanga","675","1118","","","","S","","","0","0,00","","A","","","N","A","S","1","","","","","1","","0",""
"6965","","","2880","Tupã","675","1119","","","","S","","","0","0,00","","A","","","N","A","S","1","","","","","1","","0",""
"7003","","13","2876","","","1115","","","","N","","","0","0,00","","A","","","S","C","S","","","","","","1","","0",""
"7004","","14","2876","","","1116","","","","N","","","0","0,00","","A","","","S","C","S","","","","","","1","","0",""
"7005","","15","2876","","","1117","","","","N","","","0","0,00","","A","","","S","C","S","","","","","","1","","0",""
"7006","","16","2876","","","1118","","","","N","","","0","0,00","","A","","","S","C","S","","","","","","1","","0",""
"7007","","17","2876","","","1119","","","","N","","","0","0,00","","A","","","S","C","S","","","","","","1","","0",""
"7008","","18","2876","","","1120","","","","N","","","0","0,00","","A","","","S","C","S","","","","","","1","","0",""
"7009","","13","2876","","","1115","","","","N","","","0","0,00","","A","","","S","C","S","","","","","","1","","0",""
"7010","","14","2876","","","1116","","","","N","","","0","0,00","","A","","","S","C","S","","","","","","1","","0",""
"7011","","15","2876","","","1117","","","","N","","","0","0,00","","A","","","S","C","S","","","","","","1","","0",""
"7012","","16","2876","","","1118","","","","N","","","0","0,00","","A","","","S","C","S","","","","","","1","","0",""
"7013","","17","2876","","","1119","","","","N","","","0","0,00","","A","","","S","C","S","","","","","","1","","0",""
"7014","","18","2876","","","1120","","","","N","","","0","0,00","","A","","","S","C","S","","","","","","1","","0",""
"7015","","","2854","S. J. do Rio Preto","674","1101","","","0","S","","","0","0,00","","A","","","N","A","S","100","","0","0","","0","0","0",""
"7016","","13","2854","","846","1255","","","0","S","","","0","0,00","","A","","","N","A","N","100","","0","1","","1","0","0",""
"7017","","","2854","Catanduva","674","1102","","","0","S","","","0","0,00","","A","","","N","A","S","100","","0","0","","0","0","0",""
"7018","","14","2854","","846","1256","","","0","S","","","0","0,00","","A","","","N","A","N","100","","0","1","","1","0","0",""
"7019","","","2854","Jales","674","1103","","","0","S","","","0","0,00","","A","","","N","A","S","100","","0","0","","0","0","0",""
"7020","","15","2854","","846","1257","","","0","S","","","0","0,00","","A","","","N","A","N","100","","0","1","","1","0","0",""
"7021","","","2854","Votuporanga","674","1104","","","0","S","","","0","0,00","","A","","","N","A","S","100","","0","0","","0","0","0",""
"7022","","16","2854","","846","1258","","","0","S","","","0","0,00","","A","","","N","A","N","100","","0","1","","1","0","0",""
"7023","","","2854","Tupã","674","1105","","","0","S","","","0","0,00","","A","","","N","A","S","100","","0","0","","0","0","0",""
"7024","","17","2854","","846","1259","","","0","S","","","0","0,00","","A","","","N","A","N","100","","0","1","","1","0","0",""
"7025","","","2854","Marília","674","1106","","","0","S","","","0","0,00","","A","","","N","A","S","100","","0","0","","0","0","0",""
"7026","","18","2854","","846","1260","","","0","S","","","0","0,00","","A","","","N","A","N","100","","0","1","","1","0","0",""
"7027","","13","3026","","719","1101","","","","S","","","0","0,00","","A","","","N","A","S","","","","","","1","","0",""
"7028","","14","3026","","719","1102","","","","S","","","0","0,00","","A","","","N","A","S","","","","","","1","","0",""
"7029","","15","3026","","719","1103","","","","S","","","0","0,00","","A","","","N","A","S","","","","","","1","","0",""
"7030","","16","3026","","719","1104","","","","S","","","0","0,00","","A","","","N","A","S","","","","","","1","","0",""
"7031","","17","3026","","719","1105","","","","S","","","0","0,00","","A","","","N","A","S","","","","","","1","","0",""
"7032","","18","3026","","719","1106","","","","S","","","0","0,00","","A","","","N","A","S","","","","","","1","","0",""
"7033","","13","2855","","","1255","","","","S","","","0","0,00","","A","","","N","C","S","","","","","","1","","0",""
"7034","","14","2855","","","1256","","","","S","","","0","0,00","","A","","","N","C","S","","","","","","1","","0",""
"7035","","15","2855","","","1257","","","","S","","","0","0,00","","A","","","N","C","S","","","","","","1","","0",""
"7036","","16","2855","","","1258","","","","S","","","0","0,00","","A","","","N","C","S","","","","","","1","","0",""
"7037","","17","2855","","","1259","","","","S","","","0","0,00","","A","","","N","C","S","","","","","","1","","0",""
"7038","","18","2855","","","1260","","","","S","","","0","0,00","","A","","","N","C","S","","","","","","1","","0",""
"7039","","","2869","S. J. do Rio Preto","671","1115","","","0","S","","","0","0,00","","A","","","N","A","S","1","","0","0","","0","0","0",""
"7040","","","2869","Catanduva","671","1116","","","0","S","","","0","0,00","","A","","","N","A","S","1","","0","0","","0","0","0",""
"7041","","","2869","Jales","671","1117","","","0","S","","","0","0,00","","A","","","N","A","S","1","","0","0","","0","0","0",""
"7042","","","2869","Votuporanga","671","1118","","","0","S","","","0","0,00","","A","","","N","A","S","1","","0","0","","0","0","0",""
"7080","","","2861","Márilia","676","1120","","","0","S","","","0","0,00","","A","","","N","A","S","1","","0","1","","1","0","0",""
"7081","","13","2872","","673","1255","","","0","S","","","0","0,00","","A","","","N","A","S","100","","0","0","","1","0","0",""
"7082","","14","2872","","673","1256","","","0","S","","","0","0,00","","A","","","N","A","S","100","","0","0","","1","0","0",""
"7083","","15","2872","","673","1257","","","0","S","","","0","0,00","","A","","","N","A","S","100","","0","0","","1","0","0",""
"7084","","16","2872","","673","1258","","","0","S","","","0","0,00","","A","","","N","A","S","100","","0","0","","1","0","0",""
"7085","","17","2872","","673","1259","","","0","S","","","0","0,00","","A","","","N","A","S","100","","0","0","","1","0","0",""
"7086","","18","2872","","673","1260","","","0","S","","","0","0,00","","A","","","N","A","S","100","","0","0","","1","0","0",""
"7087","","","2864","Com Assembly - Sjrp","654","1101","","","","S","","","0","0,00","","A","","","N","A","S","1","","","1","","1","","0",""
"7089","","","2864","Com Assembly - Catan","654","1102","","","","S","","","0","0,00","","A","","","N","A","S","1","","","1","","1","","0",""
"7091","","","2864","Com Assembly - Jales","654","1103","","","","S","","","0","0,00","","A","","","N","A","S","1","","","1","","1","","0",""
"7093","","","2864","Com Assembly - Votup","654","1104","","","","S","","","0","0,00","","A","","","N","A","S","1","","","1","","1","","0",""
"7095","","","2864","Com Assembly - Tupã","654","1105","","","","S","","","0","0,00","","A","","","N","A","S","1","","","1","","1","","0",""
"7097","","","2864","Com Assembly - Maril","654","1106","","","","S","","","0","0,00","","A","","","N","A","S","1","","","1","","1","","0",""
"7099","","13","3040","","723","1101","","","","S","","","0","0,00","","A","","","N","A","S","","","","","","1","","0",""
"7100","","14","3040","","723","1102","","","","S","","","0","0,00","","A","","","N","A","S","","","","","","1","","0",""
"7101","","15","3040","","723","1103","","","","S","","","0","0,00","","A","","","N","A","S","","","","","","1","","0",""
"7102","","16","3040","","723","1104","","","","S","","","0","0,00","","A","","","N","A","S","","","","","","1","","0",""
"7103","","17","3040","","723","1105","","","","S","","","0","0,00","","A","","","N","A","S","","","","","","1","","0",""
"7104","","18","3040","","723","1106","","","","S","","","0","0,00","","A","","","N","A","S","","","","","","1","","0",""
"7111","","13","2868","","679","1302","","","","S","","","0","0,00","","A","","","N","A","S","","","","","","1","","0",""
"7112","","14","2868","","679","1303","","","","S","","","0","0,00","","A","","","N","A","S","","","","","","1","","0",""
"7113","","15","2868","","679","1304","","","","S","","","0","0,00","","A","","","N","A","S","","","","","","1","","0",""
"7114","","16","2868","","679","1305","","","","S","","","0","0,00","","A","","","N","A","S","","","","","","1","","0",""
"7115","","17","2868","","679","1306","","","","S","","","0","0,00","","A","","","N","A","S","","","","","","1","","0",""
"7116","","18","2868","","679","1307","","","","S","","","0","0,00","","A","","","N","A","S","","","","","","1","","0",""
"7159","","13","2922","","705","1115","","","0","S","","","0","0,00","","A","","","N","A","S","100","","0","1","","0","0","0",""
"7160","","14","2922","","705","1116","","","0","S","","","0","0,00","","A","","","N","A","S","100","","0","1","","0","0","0",""
"7161","","15","2922","","705","1117","","","0","S","","","0","0,00","","A","","","N","A","S","100","","0","1","","0","0","0",""
"7162","","16","2922","","705","1118","","","0","S","","","0","0,00","","A","","","N","A","S","100","","0","1","","0","0","0",""
"7163","","17","2922","","705","1119","","","0","S","","","0","0,00","","A","","","N","A","S","100","","0","1","","0","0","0",""
"7164","","18","2922","","705","1120","","","0","S","","","0","0,00","","A","","","N","A","S","100","","0","1","","0","0","0",""
"7165","","13","2931","","700","1302","","","","S","","","0","0,00","","A","","","N","A","S","","","","1","","1","","0",""
"7166","","14","2931","","700","1303","","","","S","","","0","0,00","","A","","","N","A","S","","","","1","","1","","0",""
"7167","","15","2931","","700","1304","","","","S","","","0","0,00","","A","","","N","A","S","","","","1","","1","","0",""
"7168","","16","2931","","700","1305","","","","S","","","0","0,00","","A","","","N","A","S","","","","1","","1","","0",""
"7169","","17","2931","","700","1306","","","","S","","","0","0,00","","A","","","N","A","S","","","","1","","1","","0",""
"7170","","18","2931","","700","1307","","","","S","","","0","0,00","","A","","","N","A","S","","","","1","","1","","0",""
"7171","","13","2929","","693","1302","","","","S","","","0","0,00","","A","","","N","A","S","","","","1","","1","","0",""
"7172","","14","2929","","693","1303","","","","S","","","0","0,00","","A","","","N","A","S","","","","1","","1","","0",""
"7173","","15","2929","","693","1304","","","","S","","","0","0,00","","A","","","N","A","S","","","","1","","1","","0",""
"7174","","16","2929","","693","1305","","","","S","","","0","0,00","","A","","","N","A","S","","","","","","1","","0",""
"7175","","17","2929","","693","1306","","","","S","","","0","0,00","","A","","","N","A","S","","","","1","","1","","0",""
"7176","","18","2929","","693","1307","","","","S","","","0","0,00","","A","","","N","A","S","","","","1","","1","","0",""
"7177","","13","2930","","688","1115","","","","S","","","0","0,00","","A","","","N","A","S","","","","1","","1","","0",""
"7178","","14","2930","","688","1116","","","","S","","","0","0,00","","A","","","N","A","S","","","","1","","1","","0",""
"7179","","15","2930","","688","1117","","","","S","","","0","0,00","","A","","","N","A","S","","","","1","","1","","0",""
"7180","","16","2930","","688","1118","","","","S","","","0","0,00","","A","","","N","A","S","","","","1","","1","","0",""
"7181","","17","2930","","688","1119","","","","S","","","0","0,00","","A","","","N","A","S","","","","1","","1","","0",""
"7182","","18","2930","","688","1120","","","","S","","","0","0,00","","A","","","N","A","S","","","","1","","1","","0",""
"7183","","12","3010","","706","1127","","","","S","","","0","0,00","","A","","","N","A","S","","","","","","1","","0",""
"7184","","7","3010","","706","1122","","","","S","","","0","0,00","","A","","","N","A","S","","","","","","1","","0",""
"7185","","10","3010","","706","1160","","","","S","","","0","0,00","","A","","","N","A","S","","","","","","1","","0",""
"7186","","9","3010","","706","1123","","","","S","","","0","0,00","","A","","","N","A","S","","","","","","1","","0",""
"7187","","13","3010","","706","1255","","","","S","","","0","0,00","","A","","","N","A","S","","","","","","1","","0",""
"7188","","14","3010","","706","1256","","","","S","","","0","0,00","","A","","","N","A","S","","","","","","1","","0",""
"7189","","15","3010","","706","1257","","","","S","","","0","0,00","","A","","","N","A","S","","","","","","1","","0",""
"7190","","16","3010","","706","1258","","","","S","","","0","0,00","","A","","","N","A","S","","","","","","1","","0",""
"7191","","17","3010","","706","1259","","","","S","","","0","0,00","","A","","","N","A","S","","","","","","1","","0",""
"7192","","18","3010","","706","1260","","","","S","","","0","0,00","","A","","","N","A","S","","","","","","1","","0",""
"7193","","","3001","Araraquara","708","1126","","","","S","","","0","0,00","","A","","","N","A","S","","","","","","1","","0",""
"7194","","","3001","Barretos","708","1124","","","","S","","","0","0,00","","A","","","N","A","S","","","","","","1","","0",""
"7195","","","3001","Bebedouro","708","1123","","","","S","","","0","0,00","","A","","","N","A","S","","","","","","1","","0",""
"7196","","","3001","Catanduva","708","1256","","","","S","","","0","0,00","","A","","","N","A","S","","","","","","1","","0",""
"7197","","","3001","Franca","708","1125","","","","S","","","0","0,00","","A","","","N","A","S","","","","","","1","","0",""
"7198","","","3001","Guaíra","708","1158","","","","S","","","0","0,00","","A","","","N","A","S","","","","","","1","","0",""
"7311","","18","2990","","709","1120","","","","S","","","0","0,00","","A","","","N","A","S","","","","1","","1","","0",""
"7312","","13","2970","","692","1115","","","","S","","","0","0,00","","A","","","N","A","S","","","","1","","1","","0",""
"7313","","14","2970","","692","1116","","","","S","","","0","0,00","","A","","","N","A","S","","","","1","","1","","0",""
"7314","","15","2970","","692","1117","","","","S","","","0","0,00","","A","","","N","A","S","","","","1","","1","","0",""
"7315","","16","2970","","692","1118","","","","S","","","0","0,00","","A","","","N","A","S","","","","1","","1","","0",""
"7316","","17","2970","","692","1119","","","","S","","","0","0,00","","A","","","N","A","S","","","","1","","1","","0",""
"7317","","18","2970","","692","1120","","","","S","","","0","0,00","","A","","","N","A","S","","","","1","","1","","0",""
"7318","","13","3011","São José Do Rio Pret","701","1115","","","0","S","","","0","0,00","","A","","","N","A","S","100","","0","0","","0","0","0",""
"7319","","14","3011","Catanduva","701","1116","","","0","S","","","0","0,00","","A","","","N","A","S","100","","0","0","","0","0","0",""
"7320","","15","3011","Jales","701","1117","","","0","S","","","0","0,00","","A","","","N","A","S","100","","0","0","","0","0","0",""
"7321","","16","3011","Votuporanga","701","1118","","","0","S","","","0","0,00","","A","","","N","A","S","100","","0","0","","0","0","0",""
"7322","","17","3011","Tupã","701","1119","","","0","S","","","0","0,00","","A","","","N","A","S","100","","0","0","","0","0","0",""
"7323","","18","3011","Márilia","701","1120","","","0","S","","","0","0,00","","A","","","N","A","S","100","","0","0","","0","0","0",""
"7324","","13","2964","São José Do Rio Pret","709","1115","","","","S","","","0","0,00","","A","","","N","A","S","1","","","1","","1","","0",""
"7325","","14","2964","Catanduva","709","1116","","","","S","","","0","0,00","","A","","","N","A","S","1","","","1","","1","","0",""
"7326","","15","2964","Jales","709","1117","","","","S","","","0","0,00","","A","","","N","A","S","1","","","1","","1","","0",""
"7327","","16","2964","Votuporanga","709","1118","","","","S","","","0","0,00","","A","","","N","A","S","1","","","1","","1","","0",""
"7328","","17","2964","Tupã","709","1119","","","","S","","","0","0,00","","A","","","N","A","S","1","","","1","","1","","0",""
"7329","","16","2964","Márilia","709","1120","","","","S","","","0","0,00","","A","","","N","A","S","1","","","1","","1","","0",""
"7330","","13","2926","","686","1278","","","","S","","","0","0,00","","A","","","N","A","S","","","","1","","1","","0",""
"7331","","14","2926","","686","1275","","","","S","","","0","0,00","","A","","","N","A","S","","","","1","","1","","0",""
"7332","","15","2926","","686","1276","","","","S","","","0","0,00","","A","","","N","A","S","","","","1","","1","","0",""
"7333","","16","2926","","686","1280","","","","S","","","0","0,00","","A","","","N","A","S","","","","1","","1","","0",""
"7334","","17","2926","","686","1279","","","","S","","","0","0,00","","A","","","N","A","S","","","","1","","1","","0",""
"7335","","18","2926","","686","1277","","","","S","","","0","0,00","","A","","","N","A","S","","","","1","","1","","0",""
"7336","","13","2967","","687","1115","","","","S","","","0","0,00","","A","","","N","A","S","","","","1","","1","","0",""
"7337","","14","2967","","687","1116","","","","S","","","0","0,00","","A","","","N","A","S","","","","1","","1","","0",""
"7338","","15","2967","","687","1117","","","","S","","","0","0,00","","A","","","N","A","S","","","","1","","1","","0",""
"7339","","16","2967","","687","1118","","","","S","","","0","0,00","","A","","","N","A","S","","","","1","","1","","0",""
"7340","","17","2967","","687","1119","","","","S","","","0","0,00","","A","","","N","A","S","","","","1","","1","","0",""
"7341","","18","2967","","687","1120","","","","S","","","0","0,00","","A","","","N","A","S","","","","1","","1","","0",""
"7342","","13","2977","","654","1101","","","","S","","","0","0,00","","A","","","N","A","S","","","","1","","1","","0",""
"7343","","14","2977","","654","1102","","","","S","","","0","0,00","","A","","","N","A","S","","","","1","","1","","0",""
"7344","","15","2977","","654","1103","","","","S","","","0","0,00","","A","","","N","A","S","","","","1","","1","","0",""
"7345","","16","2977","","654","1104","","","","S","","","0","0,00","","A","","","N","A","S","","","","1","","1","","0",""
"7346","","17","2977","","654","1105","","","","S","","","0","0,00","","A","","","N","A","S","","","","1","","1","","0",""
"7347","","18","2977","","654","1106","","","","S","","","0","0,00","","A","","","N","A","S","","","","1","","1","","0",""
"7348","","13","2965","","693","1302","","","","S","","","0","0,00","","A","","","N","A","S","","","","1","","1","","0",""
"7349","","14","2965","","693","1303","","","","S","","","0","0,00","","A","","","N","A","S","","","","1","","1","","0",""
"7350","","15","2965","","693","1304","","","","S","","","0","0,00","","A","","","N","A","S","","","","1","","1","","0",""
"6082","","12","2963","","709","1144","Revisão Término Garantia","","0","S","","","0","0,00","","A","","0","N","A","S","1","","0","1","0","1","","0",""
"6083","","4","2963","","709","1110","Revisão Término Garantia","","0","S","","","0","0,00","","A","","0","N","A","S","1","","0","1","0","1","","0",""
"6084","","11","2963","","709","1113","Revisão Término Garantia","","0","S","","","0","0,00","","A","","0","N","A","S","1","","0","1","0","1","","0",""
"6085","","9","2963","","709","1114","Revisão Término Garantia","","0","S","","","0","0,00","","A","","0","N","A","S","1","","0","1","0","1","","0",""
"6086","","3","2963","","709","1109","Revisão Término Garantia","","0","S","","","0","0,00","","A","","0","N","A","S","1","","0","1","0","1","","0",""
"6087","","","3005","Outros","703","1132","","","0","S","","","0","0,00","","A","","0","N","A","S","0","","0","1","0","1","","0",""
"6088","","","2959","","691","1132","","","0","S","","","0","0,00","","A","","0","N","A","S","1","","0","1","0","1","","0",""
"6089","","1","2984","4ª 1100 / 1150 h","709","1107","Revisão 1.100/1.150 h","","0","S","","","0","0,00","","A","","0","N","A","S","1","","0","1","0","1","","0",""
"6090","","1","2984","3ª 800 h","709","1107","Revisão 800 h","","0","S","","","0","0,00","","A","","0","N","A","S","1","","0","1","0","1","","0",""
"6091","","1","2984","2ª 450/600 h","709","1107","Revisão 450/600 h","","0","S","","","0","0,00","","A","","0","N","A","S","1","","0","1","0","1","","0",""
"6092","","1","2984","1ª 100 h","709","1107","Revisão 100 h","","0","S","","","0","0,00","","A","","0","N","A","S","1","","0","1","0","1","","0",""
"6093","","","2985","","703","1132","Revisão Término Garantia","","0","S","","","0","0,00","","A","","0","N","A","S","1","","0","1","0","1","","0",""
"6094","","1","2984","5ª 1500 h","709","1107","Revisão 1500 h","","0","S","","","0","0,00","","A","","0","N","A","S","1","","0","1","0","1","","0",""
"6095","","","2964","Bebedouro","709","1114","","","0","S","","","0","0,00","","A","","0","N","A","S","1","","0","1","0","1","","0",""
"6096","","","2964","Guára","709","1110","","","0","S","","","0","0,00","","A","","0","N","A","S","1","","0","1","0","1","","0",""
"6097","","","2964","Itápolis","709","1144","","","0","S","","","0","0,00","","A","","0","N","A","S","1","","0","1","0","1","","0",""
"6098","","","2964","Barretos","709","1109","","","0","S","","","0","0,00","","A","","0","N","A","S","1","","0","1","0","1","","0",""
"6099","","","2964","Araraquara","709","1108","","","0","S","","","0","0,00","","A","","0","N","A","S","1","","0","1","0","1","","0",""
"6100","","","2964","Franca","709","1113","","","0","S","","","0","0,00","","A","","0","N","A","S","1","","0","1","0","1","","0",""
"6101","","2","2965","","693","1134","","","0","S","","","0","0,00","","A","","0","N","A","S","1","","0","1","0","1","","0",""
"6102","","3","2965","","693","1135","","","0","S","","","0","0,00","","A","","0","N","A","S","1","","0","1","0","1","","0",""
"6103","","9","2965","","693","1139","","","0","S","","","0","0,00","","A","","0","N","A","S","1","","0","1","0","1","","0",""
"6104","","11","2965","","693","1141","","","0","S","","","0","0,00","","A","","0","N","A","S","1","","0","1","0","1","","0",""
"6105","","4","2965","","693","1136","","","0","S","","","0","0,00","","A","","0","N","A","S","1","","0","1","0","1","","0",""
"6106","","12","2965","","693","1142","","","0","S","","","0","0,00","","A","","0","N","A","S","1","","0","1","0","1","","0",""
"6107","","12","2969","","693","1142","","","0","S","","","0","0,00","","A","","0","N","A","S","1","","0","1","0","1","","0",""
"6108","","4","2969","","693","1136","","","0","S","","","0","0,00","","A","","0","N","A","S","1","","0","1","0","1","","0",""
"6109","","11","2969","","693","1141","","","0","S","","","0","0,00","","A","","0","N","A","S","1","","0","1","0","1","","0",""
"6110","","9","2969","","693","1139","","","0","S","","","0","0,00","","A","","0","N","A","S","1","","0","1","0","1","","0",""
"6111","","3","2969","","693","1135","","","0","S","","","0","0,00","","A","","0","N","A","S","1","","0","1","0","1","","0",""
"6112","","11","2971","","","1113","","","0","N","","","0","0,00","","A","","0","S","C","S","0","","0","0","0","1","","0",""
"6113","","12","2971","","","1144","","","0","N","","","0","0,00","","A","","0","S","C","S","0","","0","0","0","1","","0",""
"6114","","4","2971","","","1110","","","0","N","","","0","0,00","","A","","0","S","C","S","0","","0","0","0","1","","0",""
"6115","","9","2971","","","1114","","","0","N","","","0","0,00","","A","","0","S","C","S","0","","0","0","0","1","","0",""
"6116","","3","2971","","","1109","","","0","N","","","0","0,00","","A","","0","S","C","S","0","","0","0","0","1","","0",""
"6117","","2","2971","","","1108","","","0","N","","","0","0,00","","A","","0","S","C","S","0","","0","0","0","1","","0",""
"6156","","4","2984","4ª 1100 / 1150 h","709","1110","Revisão 1.100/1.150 h","","0","S","","","0","0,00","","A","","0","N","A","S","1","","0","1","0","1","","0",""
"6157","","4","2984","5ª 1500 h","709","1110","Revisão 1500 h","","0","S","","","0","0,00","","A","","0","N","A","S","1","","0","1","0","1","","0",""
"6158","","5","2984","1ª 100 h","709","1143","Revisão 100 h","","0","S","","","0","0,00","","A","","0","N","A","S","1","","0","1","0","1","","0",""
"6159","","5","2984","2ª 450/600 h","709","1143","Revisão 450/600 h","","0","S","","","0","0,00","","A","","0","N","A","S","1","","0","1","0","1","","0",""
"6160","","5","2984","3ª 800 h","709","1143","Revisão 800 h","","0","S","","","0","0,00","","A","","0","N","A","S","1","","0","1","0","1","","0",""
"6161","","5","2984","4ª 1100 / 1150 h","709","1143","Revisão 1.100/1.150 h","","0","S","","","0","0,00","","A","","0","N","A","S","1","","0","1","0","1","","0",""
"6162","","5","2984","5ª 1500 h","709","1143","Revisão 1500 h","","0","S","","","0","0,00","","A","","0","N","A","S","1","","0","1","0","1","","0",""
"6163","","11","2984","1ª 100 h","709","1113","Revisão 100 h","","0","S","","","0","0,00","","A","","0","N","A","S","1","","0","1","0","1","","0",""
"6164","","11","2984","2ª 450/600 h","709","1113","Revisão 450/600 h","","0","S","","","0","0,00","","A","","0","N","A","S","1","","0","1","0","1","","0",""
"6165","","11","2984","3ª 800 h","709","1113","Revisão 800 h","","0","S","","","0","0,00","","A","","0","N","A","S","1","","0","1","0","1","","0",""
"6166","","11","2984","4ª 1100 / 1150 h","709","1113","Revisão 1.100/1.150 h","","0","S","","","0","0,00","","A","","0","N","A","S","1","","0","1","0","1","","0",""
"6167","","11","2984","5ª 1500 h","709","1113","Revisão 1500 h","","0","S","","","0","0,00","","A","","0","N","A","S","1","","0","1","0","1","","0",""
"6168","","12","2990","","709","1144","","","0","S","","","0","0,00","","A","","0","N","A","S","1","","0","1","0","1","","0",""
"6169","","4","2990","","709","1110","","","0","S","","","0","0,00","","A","","0","N","A","S","1","","0","1","0","1","","0",""
"6170","","11","2990","","709","1113","","","0","S","","","0","0,00","","A","","0","N","A","S","1","","0","1","0","1","","0",""
"6171","","9","2990","","709","1114","","","0","S","","","0","0,00","","A","","0","N","A","S","1","","0","1","0","1","","0",""
"6172","","3","2990","","709","1109","","","0","S","","","0","0,00","","A","","0","N","A","S","1","","0","1","0","1","","0",""
"6173","","2","2990","","709","1108","","","0","S","","","0","0,00","","A","","0","N","A","S","1","","0","1","0","1","","0",""
"6174","","","3001","Tupã","708","1259","","","0","S","","","0","0,00","","A","","0","N","A","S","1","","0","0","0","1","","0",""
"6175","","","3001","Orlândia","708","1122","","","0","S","","","0","0,00","","A","","0","N","A","S","1","","0","0","0","1","","0",""
"6176","","","3001","S. J. do Rio Preto","708","1255","","","0","S","","","0","0,00","","A","","0","N","A","S","1","","0","0","0","1","","0",""
"6178","","","3001","Votuporanga","708","1258","","","0","S","","","0","0,00","","A","","0","N","A","S","1","","0","0","0","1","","0",""
"6179","","","3001","Ribeirão Preto","708","1121","","","0","S","","","0","0,00","","A","","0","N","A","S","1","","0","0","0","1","","0",""
"6180","","2","2998","","709","1108","","","0","S","","","0","0,00","","A","","0","N","A","S","1","","0","0","0","1","","0",""
"6181","","3","2998","","709","1109","","","0","S","","","0","0,00","","A","","0","N","A","S","1","","0","0","0","1","","0",""
"6182","","9","2998","","709","1114","","","0","S","","","0","0,00","","A","","0","N","A","S","1","","0","0","0","1","","0",""
"6183","","11","2998","","709","1113","","","0","S","","","0","0,00","","A","","0","N","A","S","1","","0","0","0","1","","0",""
"6184","","4","2998","","709","1110","","","0","S","","","0","0,00","","A","","0","N","A","S","1","","0","0","0","1","","0",""
"6185","","12","2998","","709","1144","","","0","S","","","0","0,00","","A","","0","N","A","S","1","","0","0","0","1","","0",""
"6186","","5","3007","","704","1143","","","0","S","","","0","0,00","","A","","0","N","A","S","1","","0","1","0","0","0","0",""
"6187","","12","3007","","704","1144","","","0","S","","","0","0,00","","A","","0","N","A","S","1","","0","1","0","0","0","0",""
"6188","","4","3007","","704","1110","","","0","S","","","0","0,00","","A","","0","N","A","S","1","","0","1","0","0","0","0",""
"6189","","11","3007","","704","1113","","","0","S","","","0","0,00","","A","","0","N","A","S","1","","0","1","0","0","0","0",""
"6190","","9","3007","","704","1114","","","0","S","","","0","0,00","","A","","0","N","A","S","1","","0","1","0","0","0","0",""
"6191","","3","3007","","704","1109","","","0","S","","","0","0,00","","A","","0","N","A","S","1","","0","1","0","0","0","0",""
"6234","","12","3036","","722","1130","","","","S","","","0","0,00","","A","","","N","A","S","","","","","","1","","0",""
"6235","","5","3036","","722","1129","","","","S","","","0","0,00","","A","","","N","A","S","","","","","","1","","0",""
"6236","","10","3036","","722","1098","","","","S","","","0","0,00","","A","","","N","A","S","","","","","","1","","0",""
"6237","","7","3036","","722","1097","","","","S","","","0","0,00","","A","","","N","A","S","","","","","","1","","0",""
"6238","","1","3036","","722","1093","","","","S","","","0","0,00","","A","","","N","A","S","","","","","","1","","0",""
"6239","","2","3037","","720","1094","Retornado Seguradora","","","S","","","0","0,00","","A","","","N","A","S","1","","","","","1","","0",""
"6240","","3","3037","","720","1095","Retornado Seguradora","","","S","","","0","0,00","","A","","","N","A","S","","","","","","1","","0",""
"6241","","9","3037","","720","1100","Retornado Seguradora","","","S","","","0","0,00","","A","","","N","A","S","","","","","","1","","0",""
"6242","","11","3037","","720","1099","Retornado Seguradora","","","S","","","0","0,00","","A","","","N","A","S","","","","","","1","","0",""
"6243","","4","3037","","720","1096","Retornado Seguradora","","","S","","","0","0,00","","A","","","N","A","S","","","","","","1","","0",""
"6244","","12","3037","","720","1130","Retornado Seguradora","","","S","","","0","0,00","","A","","","N","A","S","","","","","","1","","0",""
"6245","","5","3037","","720","1129","Retornado Seguradora","","","S","","","0","0,00","","A","","","N","A","S","","","","","","1","","0",""
"6246","","10","3037","","720","1098","Retornado Seguradora","","","S","","","0","0,00","","A","","","N","A","S","","","","","","1","","0",""
"6247","","7","3037","","720","1097","Retornado Seguradora","","","S","","","0","0,00","","A","","","N","A","S","","","","","","1","","0",""
"6248","","1","3037","","720","1093","Retornado Seguradora","","","S","","","0","0,00","","A","","","N","A","S","","","","","","1","","0",""
"6249","","2","3040","","723","1094","","","","S","","","0","0,00","","A","","","N","A","S","1","","","","","1","","0",""
"6250","","3","3040","","723","1095","","","","S","","","0","0,00","","A","","","N","A","S","","","","","","1","","0",""
"6251","","9","3040","","723","1100","","","","S","","","0","0,00","","A","","","N","A","S","","","","","","1","","0",""
"6252","","11","3040","","723","1099","","","","S","","","0","0,00","","A","","","N","A","S","","","","","","1","","0",""
"6253","","4","3040","","723","1096","","","","S","","","0","0,00","","A","","","N","A","S","","","","","","1","","0",""
"6254","","12","3040","","723","1130","","","","S","","","0","0,00","","A","","","N","A","S","","","","","","1","","0",""
"6255","","5","3040","","723","1129","","","","S","","","0","0,00","","A","","","N","A","S","","","","","","1","","0",""
"6256","","10","3040","","723","1098","","","","S","","","0","0,00","","A","","","N","A","S","","","","","","1","","0",""
"6257","","7","3040","","723","1097","","","","S","","","0","0,00","","A","","","N","A","S","","","","","","1","","0",""
"6258","","1","3040","","723","1093","","","","S","","","0","0,00","","A","","","N","A","S","","","","","","1","","0",""
"6259","","2","3042","","722","1094","Faturamento TCAT Corrigido","","","S","","","0","0,00","","A","","","N","A","S","1","","","","","1","","0",""
"6260","","3","3042","","722","1095","Faturamento TCAT Corrigido","","","S","","","0","0,00","","A","","","N","A","S","","","","","","1","","0",""
"6261","","9","3042","","722","1100","Faturamento TCAT Corrigido","","","S","","","0","0,00","","A","","","N","A","S","","","","","","1","","0",""
"6262","","11","3042","","722","1099","Faturamento TCAT Corrigido","","","S","","","0","0,00","","A","","","N","A","S","","","","","","1","","0",""
"6263","","4","3042","","722","1096","Faturamento TCAT Corrigido","","","S","","","0","0,00","","A","","","N","A","S","","","","","","1","","0",""
"6264","","12","3042","","722","1130","Faturamento TCAT Corrigido","","","S","","","0","0,00","","A","","","N","A","S","","","","","","1","","0",""
"6192","","","3006","","707","1422","","","0","S","","","0","0,00","","A","","0","N","A","S","1","","0","1","0","1","0","0",""
"6193","","2","3007","","704","1108","","","0","S","","","0","0,00","","A","","0","N","A","S","1","","0","1","0","0","0","0",""
"6194","","2","3017","","631","1094","","","","S","","","0","0,00","","A","","","N","A","S","1","","","","","1","","0",""
"6195","","3","3017","","631","1095","","","","S","","","0","0,00","","A","","","N","A","S","","","","","","1","","0",""
"6196","","9","3017","","631","1100","","","","S","","","0","0,00","","A","","","N","A","S","","","","","","1","","0",""
"6197","","11","3017","","631","1099","","","","S","","","0","0,00","","A","","","N","A","S","","","","","","1","","0",""
"6198","","4","3017","","631","1096","","","","S","","","0","0,00","","A","","","N","A","S","","","","","","1","","0",""
"6199","","12","3017","","631","1130","","","","S","","","0","0,00","","A","","","N","A","S","","","","","","1","","0",""
"6200","","5","3017","","631","1129","","","","S","","","0","0,00","","A","","","N","A","S","","","","","","1","","0",""
"6201","","10","3017","","631","1098","","","","S","","","0","0,00","","A","","","N","A","S","","","","","","1","","0",""
"6202","","7","3017","","631","1097","","","","S","","","0","0,00","","A","","","N","A","S","","","","","","1","","0",""
"6203","","1","3017","","631","1093","","","","S","","","0","0,00","","A","","","N","A","S","","","","","","1","","0",""
"6204","","2","3020","","629","1132","","","","S","","","0","0,00","","A","","","N","A","S","1","","","","","1","","0",""
"6205","","3","3020","","629","1132","","","","S","","","0","0,00","","A","","","N","A","S","","","","","","1","","0",""
"6206","","9","3020","","629","1132","","","","S","","","0","0,00","","A","","","N","A","S","","","","","","1","","0",""
"6207","","11","3020","","629","1132","","","","S","","","0","0,00","","A","","","N","A","S","","","","","","1","","0",""
"6208","","4","3020","","629","1132","","","","S","","","0","0,00","","A","","","N","A","S","","","","","","1","","0",""
"6209","","12","3020","","629","1132","","","","S","","","0","0,00","","A","","","N","A","S","","","","","","1","","0",""
"6210","","5","3020","","629","1132","","","","S","","","0","0,00","","A","","","N","A","S","","","","","","1","","0",""
"6211","","10","3020","","629","1132","","","","S","","","0","0,00","","A","","","N","A","S","","","","","","1","","0",""
"6212","","7","3020","","629","1132","","","","S","","","0","0,00","","A","","","N","A","S","","","","","","1","","0",""
"6213","","1","3020","","629","1132","","","","S","","","0","0,00","","A","","","N","A","S","","","","","","1","","0",""
"6214","","","3012","","714","1132","","","","S","","","0","0,00","","A","","","N","A","S","1","","","","","1","","0",""
"6215","","2","3026","","719","1094","","","","S","","","0","0,00","","A","","","N","A","S","1","","","","","1","","0",""
"6216","","3","3026","","719","1095","","","","S","","","0","0,00","","A","","","N","A","S","","","","","","1","","0",""
"6217","","9","3026","","719","1100","","","","S","","","0","0,00","","A","","","N","A","S","","","","","","1","","0",""
"6218","","11","3026","","719","1099","","","","S","","","0","0,00","","A","","","N","A","S","","","","","","1","","0",""
"6219","","4","3026","","719","1096","","","","S","","","0","0,00","","A","","","N","A","S","","","","","","1","","0",""
"6220","","12","3026","","719","1130","","","","S","","","0","0,00","","A","","","N","A","S","","","","","","1","","0",""
"6221","","5","3026","","719","1129","","","","S","","","0","0,00","","A","","","N","A","S","","","","","","1","","0",""
"6222","","10","3026","","719","1098","","","","S","","","0","0,00","","A","","","N","A","S","","","","","","1","","0",""
"6223","","7","3026","","719","1097","","","","S","","","0","0,00","","A","","","N","A","S","","","","","","1","","0",""
"6224","","1","3026","","719","1093","","","","S","","","0","0,00","","A","","","N","A","S","","","","","","1","","0",""
"6225","","","3029","","721","1132","","","","S","","","0","0,00","","A","","","N","A","S","1","","","","","1","","0",""
"6226","","","3030","","720","1132","","","","S","","","0","0,00","","A","","","N","A","S","1","","","","","1","","0",""
"6227","","","3033","","719","1132","Retornado CG Corrigido","","","S","","","0","0,00","","A","","","N","A","S","1","","","","","1","","0",""
"6228","","","3034","","719","1132","Retornado Seguradora Corrigido","","","S","","","0","0,00","","A","","","N","A","S","1","","","","","1","","0",""
"6229","","2","3036","","722","1094","","","","S","","","0","0,00","","A","","","N","A","S","1","","","","","1","","0",""
"6230","","3","3036","","722","1095","","","","S","","","0","0,00","","A","","","N","A","S","","","","","","1","","0",""
"6231","","9","3036","","722","1100","","","","S","","","0","0,00","","A","","","N","A","S","","","","","","1","","0",""
"6232","","11","3036","","722","1099","","","","S","","","0","0,00","","A","","","N","A","S","","","","","","1","","0",""
"6233","","4","3036","","722","1096","","","","S","","","0","0,00","","A","","","N","A","S","","","","","","1","","0",""
"6309","","","3116","","734","","","","0","S","","","0","0,00","","A","","0","N","A","N","1","","1","0","0","1","","0",""
"6310","","0","3120","Suporte Remoto","750","","","","0","S","","","0","0,00","","A","","0","N","C","S","1","","0","0","0","1","","0",""
"6311","","0","3120","Oficina","750","","","","0","S","","","0","0,00","","A","","0","N","C","S","1","","0","0","0","1","","0",""
"6312","","0","3120","DSI","750","","","","0","S","","","0","0,00","","A","","0","N","C","S","1","","0","0","0","1","","0",""
"6313","","0","3119","","724","","","","0","S","","","0","0,00","","A","","0","N","C","S","1","","0","0","0","1","","0",""
"6314","","0","3123","","724","","","","0","S","","","0","0,00","","A","","0","N","C","S","1","","0","0","0","1","","0",""
"6315","","0","3125","","724","","","","0","S","","","0","0,00","","A","","0","N","C","S","1","","0","0","0","1","","0",""
"6316","","0","3124","","724","","","","0","S","","","0","0,00","","A","","0","N","C","S","1","","0","0","0","1","","0",""
"6317","","0","3122","","724","","","","0","S","","","0","0,00","","A","","0","N","C","S","1","","0","0","0","1","","0",""
"6318","","","3141","","749","","","","0","S","","","0","0,00","","A","","0","N","A","S","1","","0","0","0","1","","0",""
"6319","","","3126","Situação Ok","748","","Situação Cadastral Ok","","0","S","","","0","0,00","","A","","0","N","A","S","1","","0","0","0","1","","0",""
"6320","","","3127","Situação Ok","748","","Situação Cadastral Ok","","0","S","","","0","0,00","","A","","0","N","A","S","1","","0","0","0","1","","0",""
"6321","","","3128","","741","811","Risco D","","0","S","","","0","0,00","","A","","0","N","A","S","1","","0","0","0","1","","0",""
"6322","","","3131","","729","","Risco D. Serviço Faturado.","","0","S","","","0","0,00","","A","","0","N","A","S","1","","0","0","0","1","","0",""
"6323","","","3134","","733","","","","0","S","","","0","0,00","","A","","0","N","A","S","1","","0","0","0","1","","0",""
"6324","","","3103","","744","0","","","0","S","","","0","0,00","","A","","0","N","A","S","1","","0","0","0","1","","0",""
"6325","","12","3164","","742","1289","","","0","S","","","0","0,00","","A","","0","N","A","S","1","","0","0","0","1","","0",""
"6326","","","3160","","748","1271","Cadastro Liberado","","0","N","","","0","0,00","","A","","0","S","A","S","1","","0","0","0","1","","0",""
"6328","","","3165","DSI","746","-15","","","0","N","","","0","0,00","","A","","0","N","A","S","1","","0","0","0","1","","0",""
"6329","","","3165","SERVIÇOS/PEÇAS","726","-15","","","0","N","","","0","0,00","","A","","0","N","A","S","1","","0","0","0","1","","0",""
"6330","","","3161","","741","811","Licenças e ativações","","0","S","","","0","0,00","","A","","0","N","A","S","1","","0","0","0","1","","0",""
"6331","","","3157","","731","1272","","","0","N","","","0","0,00","","A","","0","N","A","S","1","","0","0","0","1","","0",""
"6332","","","3118","","752","0","","","0","S","","","0","0,00","","A","","0","N","A","S","1","","0","0","0","1","","0",""
"6333","","","3162","","732","0","","","0","S","","","0","0,00","","A","","0","N","A","S","1","","0","0","0","1","","0",""
"6334","","","3102","","756","0","","","0","S","","","0","0,00","","A","","0","N","A","S","1","","0","0","0","1","","0",""
"6335","","","3163","","742","","","","0","S","","","0","0,00","","A","","0","N","A","S","1","","0","0","0","1","","0",""
"6336","","0","3108","","755","532","","","0","S","","","0","0,00","","A","","0","N","C","S","0","","0","0","0","1","","0",""
"6337","","0","3108","","755","532","","","0","S","","","0","0,00","","A","","0","N","C","S","0","","0","0","0","1","","0",""
"6338","","","3126","Com Pendências","755","1273","Risco A","","0","S","","","0","0,00","","A","","0","N","A","S","1","","0","0","0","1","","0",""
"6339","","","3127","Bloqueio Abertura OS","755","1273","Risco B","","0","S","","","0","0,00","","A","","0","N","A","S","1","","0","0","0","1","","0",""
"6340","","2","3164","","742","1282","","","0","S","","","0","0,00","","A","","0","N","A","S","1","","0","0","0","1","","0",""
"6341","","3","3164","","742","1283","","","0","S","","","0","0,00","","A","","0","N","A","S","1","","0","0","0","1","","0",""
"6342","","9","3164","","742","1288","","","0","S","","","0","0,00","","A","","0","N","A","S","1","","0","0","0","1","","0",""
"6343","","11","3164","","742","1287","","","0","S","","","0","0,00","","A","","0","N","A","S","1","","0","0","0","1","","0",""
"6344","","4","3164","","742","1284","","","0","S","","","0","0,00","","A","","0","N","A","S","1","","0","0","0","1","","0",""
"6345","","","3143","Produto","768","-15","Agricultura de Precisão","","0","S","","","0","0,00","","A","","","N","A","S","1","","0","0","","1","0","0",""
"6388","","10","2977","","654","1098","","","","S","","","0","0,00","","A","","","N","A","S","","","","1","","1","","0",""
"6389","","7","2977","","654","1097","","","","S","","","0","0,00","","A","","","N","A","S","","","","1","","1","","0",""
"6390","","1","2977","","654","1093","","","","S","","","0","0,00","","A","","","N","A","S","","","","1","","1","","0",""
"6391","","5","2999","","708","1159","","","","S","","","0","0,00","","A","","","N","A","S","","","","1","","1","","0",""
"6392","","10","2999","","708","1160","","","","S","","","0","0,00","","A","","","N","A","S","","","","1","","1","","0",""
"6393","","7","2999","","708","1122","","","","S","","","0","0,00","","A","","","N","A","S","","","","1","","1","","0",""
"6394","","1","2999","","708","1121","","","","S","","","0","0,00","","A","","","N","A","S","","","","1","","1","","0",""
"6395","","5","2980","","695","1143","","","","S","","","0","0,00","","A","","","N","A","S","","","","1","","1","","0",""
"6396","","10","2980","","695","1112","","","","S","","","0","0,00","","A","","","N","A","S","","","","1","","1","","0",""
"6397","","7","2980","","695","1111","","","","S","","","0","0,00","","A","","","N","A","S","","","","1","","1","","0",""
"6398","","1","2980","","695","1107","","","","S","","","0","0,00","","A","","","N","A","S","","","","1","","1","","0",""
"6399","","10","3007","","704","1112","","","0","S","","","0","0,00","","A","","","N","A","S","100","","0","1","","0","0","0",""
"6400","","7","3007","","704","1111","","","0","S","","","0","0,00","","A","","","N","A","S","100","","0","1","","0","0","0",""
"6401","","1","3007","","704","1107","","","0","S","","","0","0,00","","A","","","N","A","S","100","","0","1","","0","0","0",""
"6402","","9","2994","","","1114","","","","N","","","0","0,00","","A","","","S","C","S","","","","","","1","","0",""
"6403","","11","2994","","","1113","","","","N","","","0","0,00","","A","","","S","C","S","","","","","","1","","0",""
"6404","","4","2994","","","1110","","","","N","","","0","0,00","","A","","","S","C","S","","","","","","1","","0",""
"6405","","12","2994","","","1144","","","","N","","","0","0,00","","A","","","S","C","S","","","","","","1","","0",""
"6406","","5","2994","","","1143","","","","N","","","0","0,00","","A","","","S","C","S","","","","","","1","","0",""
"6407","","10","2994","","","1112","","","","N","","","0","0,00","","A","","","S","C","S","","","","","","1","","0",""
"6408","","7","2994","","","1111","","","","N","","","0","0,00","","A","","","S","C","S","","","","","","1","","0",""
"6409","","1","2994","","","1107","","","","N","","","0","0,00","","A","","","S","C","S","","","","","","1","","0",""
"6410","","5","2922","","705","1143","","","0","S","","","0","0,00","","A","","","N","A","S","100","","0","1","","0","0","0",""
"6411","","10","2922","","705","1112","","","0","S","","","0","0,00","","A","","","N","A","S","100","","0","1","","0","0","0",""
"6412","","7","2922","","705","1111","","","0","S","","","0","0,00","","A","","","N","A","S","100","","0","1","","0","0","0",""
"6413","","1","2922","","705","1107","","","0","S","","","0","0,00","","A","","","N","A","S","100","","0","1","","0","0","0",""
"6414","","5","2981","","695","1143","","","","S","","","0","0,00","","A","","","N","A","S","","","","1","","1","","0",""
"6415","","10","2981","","695","1112","","","","S","","","0","0,00","","A","","","N","A","S","","","","1","","1","","0",""
"6416","","7","2981","","695","1111","","","","S","","","0","0,00","","A","","","N","A","S","","","","1","","1","","0",""
"6417","","1","2981","","695","1107","","","","S","","","0","0,00","","A","","","N","A","S","","","","1","","1","","0",""
"6418","","9","2984","1ª 100 h","709","1114","Revisão 100 h","","","S","","","0","0,00","","A","","","N","A","S","1","","","1","","1","","0",""
"6419","","9","2984","2ª 450/600 h","709","1114","Revisão 450/600 h","","","S","","","0","0,00","","A","","","N","A","S","1","","","1","","1","","0",""
"6420","","9","2984","3ª 800 h","709","1114","Revisão 800 h","","","S","","","0","0,00","","A","","","N","A","S","1","","","1","","1","","0",""
"6421","","9","2984","4ª 1100 / 1150 h","709","1114","Revisão 1.100/1.150 h","","","S","","","0","0,00","","A","","","N","A","S","1","","","1","","1","","0",""
"6422","","9","2984","5ª 1500 h","709","1114","Revisão 1500 h","","","S","","","0","0,00","","A","","","N","A","S","1","","","1","","1","","0",""
"6423","","12","2984","1ª 100 h","709","1144","Revisão 100 h","","","S","","","0","0,00","","A","","","N","A","S","1","","","1","","1","","0",""
"6424","","12","2984","2ª 450/600 h","709","1144","Revisão 450/600 h","","","S","","","0","0,00","","A","","","N","A","S","1","","","1","","1","","0",""
"6462","","","2964","Ituverava","709","1143","","","","S","","","0","0,00","","A","","","N","A","S","1","","","1","","1","","0",""
"6463","","","2964","Monte Alto","709","1112","","","","S","","","0","0,00","","A","","","N","A","S","1","","","1","","1","","0",""
"6464","","","2964","Orlândia","709","1111","","","","S","","","0","0,00","","A","","","N","A","S","1","","","1","","1","","0",""
"6465","","","2964","Ribeirão Preto","709","1107","","","","S","","","0","0,00","","A","","","N","A","S","1","","","1","","1","","0",""
"6466","","5","2926","","686","1290","","","","S","","","0","0,00","","A","","","N","A","S","","","","1","","1","","0",""
"6467","","10","2926","","686","1286","","","","S","","","0","0,00","","A","","","N","A","S","","","","1","","1","","0",""
"6468","","7","2926","","686","1285","","","","S","","","0","0,00","","A","","","N","A","S","","","","1","","1","","0",""
"6469","","1","2926","","686","1281","","","","S","","","0","0,00","","A","","","N","A","S","","","","1","","1","","0",""
"6470","","5","2967","","687","1143","","","","S","","","0","0,00","","A","","","N","A","S","","","","1","","1","","0",""
"6471","","10","2967","","687","1112","","","","S","","","0","0,00","","A","","","N","A","S","","","","1","","1","","0",""
"6472","","7","2967","","687","1111","","","","S","","","0","0,00","","A","","","N","A","S","","","","1","","1","","0",""
"6473","","1","2967","","687","1107","","","","S","","","0","0,00","","A","","","N","A","S","","","","1","","1","","0",""
"6474","","5","2965","","693","1137","","","","S","","","0","0,00","","A","","","N","A","S","","","","1","","1","","0",""
"6475","","10","2965","","693","1140","","","","S","","","0","0,00","","A","","","N","A","S","","","","1","","1","","0",""
"6476","","7","2965","","693","1138","","","","S","","","0","0,00","","A","","","N","A","S","","","","1","","1","","0",""
"6477","","1","2965","","693","1133","","","","S","","","0","0,00","","A","","","N","A","S","","","","1","","1","","0",""
"6478","","5","2968","","687","1143","","","","S","","","0","0,00","","A","","","N","A","S","","","","1","","1","","0",""
"6479","","10","2968","","687","1112","","","","S","","","0","0,00","","A","","","N","A","S","","","","1","","1","","0",""
"6480","","7","2968","","687","1111","","","","S","","","0","0,00","","A","","","N","A","S","","","","1","","1","","0",""
"6481","","1","2968","","687","1107","","","","S","","","0","0,00","","A","","","N","A","S","","","","1","","1","","0",""
"6482","","5","2932","","693","1137","","","","S","","","0","0,00","","A","","","N","A","S","","","","1","","1","","0",""
"6483","","10","2932","","693","1140","","","","S","","","0","0,00","","A","","","N","A","S","","","","1","","1","","0",""
"6484","","7","2932","","693","1138","","","","S","","","0","0,00","","A","","","N","A","S","","","","1","","1","","0",""
"6485","","1","2932","","693","1133","","","","S","","","0","0,00","","A","","","N","A","S","","","","1","","1","","0",""
"6486","","5","2976","","694","1290","","","","S","","","0","0,00","","A","","","N","A","S","","","","1","","1","","0",""
"6487","","10","2976","","694","1286","","","","S","","","0","0,00","","A","","","N","A","S","","","","1","","1","","0",""
"6488","","7","2976","","694","1285","","","","S","","","0","0,00","","A","","","N","A","S","","","","1","","1","","0",""
"6489","","1","2976","","694","1281","","","","S","","","0","0,00","","A","","","N","A","S","","","","1","","1","","0",""
"6490","","5","2927","","697","1137","","","","S","","","0","0,00","","A","","","N","A","S","","","","1","","1","","0",""
"6491","","10","2927","","697","1140","","","","S","","","0","0,00","","A","","","N","A","S","","","","1","","1","","0",""
"6492","","7","2927","","697","1138","","","","S","","","0","0,00","","A","","","N","A","S","","","","1","","1","","0",""
"6493","","1","2927","","697","1133","","","","S","","","0","0,00","","A","","","N","A","S","","","","1","","1","","0",""
"6494","","5","2969","","693","1137","","","","S","","","0","0,00","","A","","","N","A","S","","","","1","","1","","0",""
"6495","","10","2969","","693","1140","","","","S","","","0","0,00","","A","","","N","A","S","","","","1","","1","","0",""
"6496","","7","2969","","693","1138","","","","S","","","0","0,00","","A","","","N","A","S","","","","","","1","","0",""
"6497","","1","2969","","693","1133","","","","S","","","0","0,00","","A","","","N","A","S","","","","1","","1","","0",""
"6498","","5","2998","","709","1143","","","","S","","","0","0,00","","A","","","N","A","S","","","","","","1","","0",""
"6499","","10","2998","","709","1112","","","","S","","","0","0,00","","A","","","N","A","S","","","","","","1","","0",""
"6500","","7","2998","","709","1111","","","","S","","","0","0,00","","A","","","N","A","S","","","","","","1","","0",""
"6501","","1","2998","","709","1107","","","","S","","","0","0,00","","A","","","N","A","S","","","","","","1","","0",""
"6544","","","1648","Máquina/Implemento","768","-15","","","0","S","","","0","0,00","","A","","","N","A","S","1","","0","0","","1","0","0",""
"6545","","","1648","AMS Serviço","735","-15","","","","S","","","0","0,00","","A","","","N","A","S","1","","","","","1","","0",""
"6546","","","1648","AMS Produto","768","-15","","","0","S","","","0","0,00","","A","","","N","A","S","1","","0","0","","1","0","0",""
"6547","","13","2686","Peças Cliente","656","1101","","","","S","","","0","0,00","","A","","","N","A","S","1","","","1","","1","","0",""
"6548","","14","2686","Peças Cliente","656","1102","","","","S","","","0","0,00","","A","","","N","A","S","1","","","1","","1","","0",""
"6549","","15","2686","Peças Cliente","656","1103","","","","S","","","0","0,00","","A","","","N","A","S","1","","","1","","1","","0",""
"6550","","16","2686","Peças Cliente","656","1104","","","","S","","","0","0,00","","A","","","N","A","S","1","","","1","","1","","0",""
"6551","","17","2686","Peças Cliente","656","1105","","","","S","","","0","0,00","","A","","","N","A","S","1","","","1","","1","","0",""
"6552","","18","2686","Peças Cliente","656","1106","","","","S","","","0","0,00","","A","","","N","A","S","1","","","1","","1","","0",""
"6553","","13","2687","","647","1101","","","","S","","","0","0,00","","A","","","N","A","S","","","","1","","1","","0",""
"6554","","14","2687","","647","1102","","","","S","","","0","0,00","","A","","","N","A","S","","","","1","","1","","0",""
"6555","","15","2687","","647","1103","","","","S","","","0","0,00","","A","","","N","A","S","","","","1","","1","","0",""
"6556","","16","2687","","647","1104","","","","S","","","0","0,00","","A","","","N","A","S","","","","1","","1","","0",""
"6557","","17","2687","","647","1105","","","","S","","","0","0,00","","A","","","N","A","S","","","","1","","1","","0",""
"6558","","18","2687","","647","1106","","","","S","","","0","0,00","","A","","","N","A","S","","","","1","","1","","0",""
"6559","","13","2812","","654","1101","","","","S","","","0","0,00","","A","","","N","A","S","","","","","","1","","0",""
"6560","","14","2812","","654","1102","","","","S","","","0","0,00","","A","","","N","A","S","","","","","","1","","0",""
"6561","","15","2812","","654","1103","","","","S","","","0","0,00","","A","","","N","A","S","","","","","","1","","0",""
"6562","","16","2812","","654","1104","","","","S","","","0","0,00","","A","","","N","A","S","","","","","","1","","0",""
"6563","","17","2812","","654","1105","","","","S","","","0","0,00","","A","","","N","A","S","","","","","","1","","0",""
"6564","","18","2812","","654","1106","","","","S","","","0","0,00","","A","","","N","A","S","","","","","","1","","0",""
"6565","","13","2814","","667","1302","","","","S","","","0","0,00","","A","","","N","A","S","","","","1","","1","","0",""
"6566","","14","2814","","667","1303","","","","S","","","0","0,00","","A","","","N","A","S","","","","1","","1","","0",""
"6567","","15","2814","","667","1304","","","","S","","","0","0,00","","A","","","N","A","S","","","","1","","1","","0",""
"6568","","16","2814","","667","1305","","","","S","","","0","0,00","","A","","","N","A","S","","","","1","","1","","0",""
"6569","","17","2814","","667","1306","","","","S","","","0","0,00","","A","","","N","A","S","","","","1","","1","","0",""
"6570","","18","2814","","667","1307","","","","S","","","0","0,00","","A","","","N","A","S","","","","1","","1","","0",""
"6571","","13","2690","Garantia Parcial","640","1101","","","","S","","","0","0,00","","A","","","N","A","S","","","","1","","1","","0",""
"6572","","14","2690","Garantia Parcial","640","1102","","","","S","","","0","0,00","","A","","","N","A","S","","","","1","","1","","0",""
"6573","","15","2690","Garantia Parcial","640","1103","","","","S","","","0","0,00","","A","","","N","A","S","","","","1","","1","","0",""
"6574","","16","2690","Garantia Parcial","640","1104","","","","S","","","0","0,00","","A","","","N","A","S","","","","1","","1","","0",""
"6575","","17","2690","Garantia Parcial","640","1105","","","","S","","","0","0,00","","A","","","N","A","S","","","","1","","1","","0",""
"6576","","18","2690","Garantia Parcial","640","1106","","","","S","","","0","0,00","","A","","","N","A","S","","","","1","","1","","0",""
"6577","","13","2815","","641","1101","","","","S","","","0","0,00","","A","","","N","A","S","","","","1","","1","","0",""
"6578","","14","2815","","641","1102","","","","S","","","0","0,00","","A","","","N","A","S","","","","1","","1","","0",""
"6579","","15","2815","","641","1103","","","","S","","","0","0,00","","A","","","N","A","S","","","","1","","1","","0",""
"6580","","16","2815","","641","1104","","","","S","","","0","0,00","","A","","","N","A","S","","","","1","","1","","0",""
"6581","","17","2815","","641","1105","","","","S","","","0","0,00","","A","","","N","A","S","","","","1","","1","","0",""
"5336","","9","2761","","667","1139","","","","S","","","0","0,00","","A","","","N","A","S","","","","1","","1","","0",""
"5337","","11","2761","","667","1141","","","","S","","","0","0,00","","A","","","N","A","S","","","","1","","1","","0",""
"5338","","4","2761","","667","1136","","","","S","","","0","0,00","","A","","","N","A","S","","","","1","","1","","0",""
"5339","","12","2761","","667","1142","","","","S","","","0","0,00","","A","","","N","A","S","","","","1","","1","","0",""
"5340","","5","2761","","667","1137","","","","S","","","0","0,00","","A","","","N","A","S","","","","1","","1","","0",""
"5341","","10","2761","","667","1140","","","","S","","","0","0,00","","A","","","N","A","S","","","","1","","1","","0",""
"5342","","7","2761","","667","1138","","","","S","","","0","0,00","","A","","","N","A","S","","","","1","","1","","0",""
"5343","","1","2761","","667","1133","","","","S","","","0","0,00","","A","","","N","A","S","","","","1","","1","","0",""
"5344","","2","2763","","635","1108","","","","S","","","0","0,00","","A","","","N","A","S","1","","","1","","1","","0",""
"5345","","3","2763","","635","1109","","","","S","","","0","0,00","","A","","","N","A","S","","","","1","","1","","0",""
"5346","","9","2763","","635","1114","","","","S","","","0","0,00","","A","","","N","A","S","","","","1","","1","","0",""
"5347","","11","2763","","635","1113","","","","S","","","0","0,00","","A","","","N","A","S","","","","1","","1","","0",""
"5348","","4","2763","","635","1110","","","","S","","","0","0,00","","A","","","N","A","S","","","","1","","1","","0",""
"5349","","12","2763","","635","1144","","","","S","","","0","0,00","","A","","","N","A","S","","","","1","","1","","0",""
"5350","","5","2763","","635","1143","","","","S","","","0","0,00","","A","","","N","A","S","","","","1","","1","","0",""
"5351","","10","2763","","635","1112","","","","S","","","0","0,00","","A","","","N","A","S","","","","1","","1","","0",""
"5352","","7","2763","","635","1111","","","","S","","","0","0,00","","A","","","N","A","S","","","","1","","1","","0",""
"5353","","1","2763","","635","1107","","","","S","","","0","0,00","","A","","","N","A","S","","","","1","","1","","0",""
"5354","","","2764","","650","1132","","","","S","","","0","0,00","","A","","","N","A","S","1","","","1","","1","","0",""
"5355","","","2765","","665","1132","","","","S","","","0","0,00","","A","","","S","A","S","1","","","","","1","","0",""
"5356","","2","2768","","636","1108","","","","S","","","0","0,00","","A","","","N","A","S","1","","","","","1","","0",""
"5357","","3","2768","","636","1109","","","","S","","","0","0,00","","A","","","N","A","S","","","","","","1","","0",""
"5358","","9","2768","","636","1114","","","","S","","","0","0,00","","A","","","N","A","S","","","","","","1","","0",""
"5359","","11","2768","","636","1113","","","","S","","","0","0,00","","A","","","N","A","S","","","","","","1","","0",""
"5360","","4","2768","","636","1110","","","","S","","","0","0,00","","A","","","N","A","S","","","","","","1","","0",""
"5361","","12","2768","","636","1144","","","","S","","","0","0,00","","A","","","N","A","S","","","","","","1","","0",""
"5362","","5","2768","","636","1143","","","","S","","","0","0,00","","A","","","N","A","S","","","","","","1","","0",""
"5363","","10","2768","","636","1112","","","","S","","","0","0,00","","A","","","N","A","S","","","","","","1","","0",""
"5364","","7","2768","","636","1111","","","","S","","","0","0,00","","A","","","N","A","S","","","","","","1","","0",""
"5365","","1","2768","","636","1107","","","","S","","","0","0,00","","A","","","N","A","S","","","","","","1","","0",""
"5366","","","2769","","644","1132","","","","S","","","0","0,00","","A","","","N","A","S","1","","","","","1","","0",""
"5367","","2","2770","","657","1108","","","","S","","","0","0,00","","A","","","N","A","S","1","","","1","","1","","0",""
"5368","","3","2770","","657","1109","","","","S","","","0","0,00","","A","","","N","A","S","","","","1","","1","","0",""
"5369","","9","2770","","657","1114","","","","S","","","0","0,00","","A","","","N","A","S","","","","1","","1","","0",""
"5370","","11","2770","","657","1113","","","","S","","","0","0,00","","A","","","N","A","S","","","","1","","1","","0",""
"5371","","4","2770","","657","1110","","","","S","","","0","0,00","","A","","","N","A","S","","","","1","","1","","0",""
"5372","","12","2770","","657","1144","","","","S","","","0","0,00","","A","","","N","A","S","","","","1","","1","","0",""
"5373","","5","2770","","657","1143","","","","S","","","0","0,00","","A","","","N","A","S","","","","1","","1","","0",""
"5374","","10","2770","","657","1112","","","","S","","","0","0,00","","A","","","N","A","S","","","","1","","1","","0",""
"5375","","7","2770","","657","1111","","","","S","","","0","0,00","","A","","","N","A","S","","","","1","","1","","0",""
"5376","","1","2770","","657","1107","","","","S","","","0","0,00","","A","","","N","A","S","","","","1","","1","","0",""
"5377","","","2771","","","1132","","","","N","","","0","0,00","","A","","","S","C","S","1","","","1","","1","","0",""
"5418","","9","2791","","660","1114","","","","S","","","0","0,00","","A","","","N","A","S","","","","1","","1","","0",""
"5419","","11","2791","","660","1113","","","","S","","","0","0,00","","A","","","N","A","S","","","","1","","1","","0",""
"5420","","4","2791","","660","1110","","","","S","","","0","0,00","","A","","","N","A","S","","","","1","","1","","0",""
"5421","","12","2791","","660","1144","","","","S","","","0","0,00","","A","","","N","A","S","","","","1","","1","","0",""
"5422","","5","2791","","660","1143","","","","S","","","0","0,00","","A","","","N","A","S","","","","1","","1","","0",""
"5423","","10","2791","","660","1112","","","","S","","","0","0,00","","A","","","N","A","S","","","","1","","1","","0",""
"5424","","7","2791","","660","1111","","","","S","","","0","0,00","","A","","","N","A","S","","","","1","","1","","0",""
"5425","","1","2791","","660","1107","","","","S","","","0","0,00","","A","","","N","A","S","","","","1","","1","","0",""
"5426","","","2793","","653","1145","","","","S","","","0","0,00","","A","","","N","A","S","1","","","","","1","","0",""
"5427","","","2796","Cortesia Negada","657","","","","","N","","","0","0,00","","A","","","S","A","S","1","","","","","1","","0",""
"5428","","2","2796","Cortesia Parcial","668","1094","","","","S","","","0","0,00","","A","","","N","A","S","1","","","1","","1","","0",""
"5429","","3","2796","Cortesia Parcial","668","1095","","","","S","","","0","0,00","","A","","","N","A","S","","","","1","","1","","0",""
"5430","","9","2796","Cortesia Parcial","668","1100","","","","S","","","0","0,00","","A","","","N","A","S","","","","1","","1","","0",""
"5431","","11","2796","Cortesia Parcial","668","1099","","","","S","","","0","0,00","","A","","","N","A","S","","","","1","","1","","0",""
"5432","","4","2796","Cortesia Parcial","668","1096","","","","S","","","0","0,00","","A","","","N","A","S","","","","1","","1","","0",""
"5433","","12","2796","Cortesia Parcial","668","1130","","","","S","","","0","0,00","","A","","","N","A","S","","","","1","","1","","0",""
"5434","","5","2796","Cortesia Parcial","668","1129","","","","S","","","0","0,00","","A","","","N","A","S","","","","1","","1","","0",""
"5435","","10","2796","Cortesia Parcial","668","1098","","","","S","","","0","0,00","","A","","","N","A","S","","","","1","","1","","0",""
"5436","","7","2796","Cortesia Parcial","668","1097","","","","S","","","0","0,00","","A","","","N","A","S","","","","1","","1","","0",""
"5437","","1","2796","Cortesia Parcial","668","1093","","","","S","","","0","0,00","","A","","","N","A","S","","","","1","","1","","0",""
"5438","","2","2796","Cortesia Total","668","1094","","","","S","","","0","0,00","","A","","","N","A","S","1","","","1","","1","","0",""
"5439","","3","2796","Cortesia Total","668","1095","","","","S","","","0","0,00","","A","","","N","A","S","","","","1","","1","","0",""
"5440","","9","2796","Cortesia Total","668","1100","","","","S","","","0","0,00","","A","","","N","A","S","","","","1","","1","","0",""
"5441","","11","2796","Cortesia Total","668","1099","","","","S","","","0","0,00","","A","","","N","A","S","","","","1","","1","","0",""
"5442","","4","2796","Cortesia Total","668","1096","","","","S","","","0","0,00","","A","","","N","A","S","","","","1","","1","","0",""
"5443","","12","2796","Cortesia Total","668","1130","","","","S","","","0","0,00","","A","","","N","A","S","","","","1","","1","","0",""
"5444","","5","2796","Cortesia Total","668","1129","","","","S","","","0","0,00","","A","","","N","A","S","","","","1","","1","","0",""
"5445","","10","2796","Cortesia Total","668","1098","","","","S","","","0","0,00","","A","","","N","A","S","","","","1","","1","","0",""
"5446","","7","2796","Cortesia Total","668","1097","","","","S","","","0","0,00","","A","","","N","A","S","","","","1","","1","","0",""
"5447","","1","2796","Cortesia Total","668","1093","","","","S","","","0","0,00","","A","","","N","A","S","","","","1","","1","","0",""
"5448","","","2799","","659","1132","","","","S","","","0","0,00","","A","","","N","A","S","1","","","1","","1","","0",""
"5449","","2","2802","Cortesia","655","1108","","","","S","","","0","0,00","","A","","","N","A","S","1","","","1","","1","","0",""
"5450","","3","2802","Cortesia","655","1109","","","","S","","","0","0,00","","A","","","N","A","S","1","","","1","","1","","0",""
"5451","","9","2802","Cortesia","655","1114","","","","S","","","0","0,00","","A","","","N","A","S","1","","","1","","1","","0",""
"5452","","11","2802","Cortesia","655","1113","","","","S","","","0","0,00","","A","","","N","A","S","1","","","1","","1","","0",""
"5453","","4","2802","Cortesia","655","1110","","","","S","","","0","0,00","","A","","","N","A","S","1","","","1","","1","","0",""
"5454","","12","2802","Cortesia","655","1144","","","","S","","","0","0,00","","A","","","N","A","S","","","","1","","1","","0",""
"5495","","9","2836","","","1114","","","","N","","","0","0,00","","A","","","S","C","S","","","","","","1","","0",""
"5496","","11","2836","","","1113","","","","N","","","0","0,00","","A","","","S","C","S","","","","","","1","","0",""
"5497","","4","2836","","","1110","","","","N","","","0","0,00","","A","","","S","C","S","","","","","","1","","0",""
"5498","","12","2836","","","1144","","","","N","","","0","0,00","","A","","","S","C","S","","","","","","1","","0",""
"5499","","5","2836","","","1143","","","","N","","","0","0,00","","A","","","S","C","S","","","","","","1","","0",""
"5500","","10","2836","","","1112","","","","N","","","0","0,00","","A","","","S","C","S","","","","","","1","","0",""
"5501","","7","2836","","","1111","","","","N","","","0","0,00","","A","","","S","C","S","","","","","","1","","0",""
"5502","","1","2836","","","1107","","","","N","","","0","0,00","","A","","","S","C","S","","","","","","1","","0",""
"5503","","","2837","Araraquara","628","1108","","","","S","","","0","0,00","","A","","","N","A","S","1","","","1","","1","","0",""
"5504","","","2837","Barretos","628","1109","","","","S","","","0","0,00","","A","","","N","A","S","","","","1","","1","","0",""
"5505","","","2837","Bebedouro","628","1114","","","","S","","","0","0,00","","A","","","N","A","S","","","","1","","1","","0",""
"5506","","","2837","Franca","628","1113","","","","S","","","0","0,00","","A","","","N","A","S","","","","1","","1","","0",""
"5507","","","2837","Guaíra","628","1110","","","","S","","","0","0,00","","A","","","N","A","S","","","","1","","1","","0",""
"5508","","","2837","Itápolis","628","1144","","","","S","","","0","0,00","","A","","","N","A","S","","","","1","","1","","0",""
"5509","","","2837","Ituverava","628","1143","","","","S","","","0","0,00","","A","","","N","A","S","","","","1","","1","","0",""
"5510","","","2837","Monte Alto","628","1112","","","","S","","","0","0,00","","A","","","N","A","S","","","","1","","1","","0",""
"5511","","","2837","Orlândia","628","1111","","","","S","","","0","0,00","","A","","","N","A","S","","","","1","","1","","0",""
"5512","","","2837","Ribeirão Preto","628","1107","","","","S","","","0","0,00","","A","","","N","A","S","","","","1","","1","","0",""
"5513","","2","2838","","646","1108","","","","S","","","0","0,00","","A","","","N","A","S","1","","","1","","1","","0",""
"5514","","3","2838","","646","1109","","","","S","","","0","0,00","","A","","","N","A","S","","","","1","","1","","0",""
"5515","","9","2838","","646","1114","","","","S","","","0","0,00","","A","","","N","A","S","","","","1","","1","","0",""
"5516","","11","2838","","646","1113","","","","S","","","0","0,00","","A","","","N","A","S","","","","1","","1","","0",""
"5517","","4","2838","","646","1110","","","","S","","","0","0,00","","A","","","N","A","S","","","","1","","1","","0",""
"5518","","12","2838","","646","1144","","","","S","","","0","0,00","","A","","","N","A","S","","","","1","","1","","0",""
"5519","","5","2838","","646","1143","","","","S","","","0","0,00","","A","","","N","A","S","","","","1","","1","","0",""
"5520","","10","2838","","646","1112","","","","S","","","0","0,00","","A","","","N","A","S","","","","1","","1","","0",""
"5521","","7","2838","","646","1111","","","","S","","","0","0,00","","A","","","N","A","S","","","","1","","1","","0",""
"5522","","1","2838","","646","1107","","","","S","","","0","0,00","","A","","","N","A","S","","","","1","","1","","0",""
"5523","","2","2839","","638","1108","","","","S","","","0","0,00","","A","","","N","A","S","1","","","1","","1","","0",""
"5524","","3","2839","","638","1109","","","","S","","","0","0,00","","A","","","N","A","S","","","","1","","1","","0",""
"5525","","9","2839","","638","1114","","","","S","","","0","0,00","","A","","","N","A","S","","","","1","","1","","0",""
"5526","","11","2839","","638","1113","","","","S","","","0","0,00","","A","","","N","A","S","","","","1","","1","","0",""
"5527","","4","2839","","638","1110","","","","S","","","0","0,00","","A","","","N","A","S","","","","1","","1","","0",""
"5528","","12","2839","","638","1144","","","","S","","","0","0,00","","A","","","N","A","S","","","","1","","1","","0",""
"5529","","5","2839","","638","1143","","","","S","","","0","0,00","","A","","","N","A","S","","","","1","","1","","0",""
"5530","","10","2839","","638","1112","","","","S","","","0","0,00","","A","","","N","A","S","","","","1","","1","","0",""
"5531","","7","2839","","638","1111","","","","S","","","0","0,00","","A","","","N","A","S","","","","1","","1","","0",""
"5532","","1","2839","","638","1107","","","","S","","","0","0,00","","A","","","N","A","S","","","","1","","1","","0",""
"5533","","","2830","","643","1132","","","","S","","","0","0,00","","A","","","N","A","S","1","","","","","1","","0",""
"5534","","","2827","","627","1132","","","","S","","","0","0,00","","A","","","N","A","S","1","","","1","","1","","0",""
"5535","","2","2828","","647","1094","","","","S","","","0","0,00","","A","","","N","A","S","1","","","1","","1","","0",""
"5575","","7","2812","","654","1097","","","","S","","","0","0,00","","A","","","N","A","S","","","","","","1","","0",""
"5576","","1","2812","","654","1093","","","","S","","","0","0,00","","A","","","N","A","S","","","","","","1","","0",""
"5577","","2","2814","","667","1134","","","","S","","","0","0,00","","A","","","N","A","S","1","","","1","","1","","0",""
"5578","","3","2814","","667","1135","","","","S","","","0","0,00","","A","","","N","A","S","","","","1","","1","","0",""
"5579","","9","2814","","667","1139","","","","S","","","0","0,00","","A","","","N","A","S","","","","1","","1","","0",""
"5580","","11","2814","","667","1141","","","","S","","","0","0,00","","A","","","N","A","S","","","","1","","1","","0",""
"5581","","4","2814","","667","1136","","","","S","","","0","0,00","","A","","","N","A","S","","","","1","","1","","0",""
"5582","","12","2814","","667","1142","","","","S","","","0","0,00","","A","","","N","A","S","","","","1","","1","","0",""
"5583","","5","2814","","667","1137","","","","S","","","0","0,00","","A","","","N","A","S","","","","1","","1","","0",""
"5584","","10","2814","","667","1140","","","","S","","","0","0,00","","A","","","N","A","S","","","","1","","1","","0",""
"5585","","7","2814","","667","1138","","","","S","","","0","0,00","","A","","","N","A","S","","","","1","","1","","0",""
"5586","","1","2814","","667","1133","","","","S","","","0","0,00","","A","","","N","A","S","","","","1","","1","","0",""
"5587","","2","2815","","641","1094","","","","S","","","0","0,00","","A","","","N","A","S","1","","","1","","1","","0",""
"5588","","3","2815","","641","1095","","","","S","","","0","0,00","","A","","","N","A","S","","","","1","","1","","0",""
"5589","","9","2815","","641","1100","","","","S","","","0","0,00","","A","","","N","A","S","","","","1","","1","","0",""
"5590","","11","2815","","641","1099","","","","S","","","0","0,00","","A","","","N","A","S","","","","1","","1","","0",""
"5591","","4","2815","","641","1096","","","","S","","","0","0,00","","A","","","N","A","S","","","","1","","1","","0",""
"5592","","12","2815","","641","1130","","","","S","","","0","0,00","","A","","","N","A","S","","","","1","","1","","0",""
"5593","","5","2815","","641","1129","","","","S","","","0","0,00","","A","","","N","A","S","","","","1","","1","","0",""
"5594","","10","2815","","641","1098","","","","S","","","0","0,00","","A","","","N","A","S","","","","1","","1","","0",""
"5595","","7","2815","","641","1097","","","","S","","","0","0,00","","A","","","N","A","S","","","","1","","1","","0",""
"5596","","1","2815","","641","1093","","","","S","","","0","0,00","","A","","","N","A","S","","","","1","","1","","0",""
"5597","","","2849","","682","","","","","N","","","0","0,00","","A","","","N","A","S","1","","","","","1","","0",""
"5598","","","2851","Araraquara","676","1108","","","","S","","","0","0,00","","A","","","N","A","S","1","","","1","","1","","0",""
"5599","","","2851","Barretos","676","1109","","","","S","","","0","0,00","","A","","","N","A","S","1","","","1","","1","","0",""
"5600","","","2851","Bebedouro","676","1114","","","","S","","","0","0,00","","A","","","N","A","S","1","","","1","","1","","0",""
"5601","","","2851","Franca","676","1113","","","","S","","","0","0,00","","A","","","N","A","S","1","","","1","","1","","0",""
"5602","","","2851","Guaíra","676","1110","","","","S","","","0","0,00","","A","","","N","A","S","1","","","1","","1","","0",""
"5603","","","2851","Itápolis","676","1144","","","","S","","","0","0,00","","A","","","N","A","S","1","","","1","","1","","0",""
"5604","","","2851","Ituverava","676","1143","","","","S","","","0","0,00","","A","","","N","A","S","1","","","1","","1","","0",""
"5605","","","2851","Monte Alto","676","1112","","","","S","","","0","0,00","","A","","","N","A","S","1","","","1","","1","","0",""
"5606","","","2851","Orlândia","676","1111","","","","S","","","0","0,00","","A","","","N","A","S","1","","","1","","1","","0",""
"5607","","","2851","Ribeirão Preto","676","1107","","","","S","","","0","0,00","","A","","","N","A","S","1","","","1","","1","","0",""
"5608","","","2852","Araraquara","676","1108","","","","S","","","0","0,00","","A","","","N","A","S","1","","","1","","1","","0",""
"5609","","","2852","Barretos","676","1109","","","","S","","","0","0,00","","A","","","N","A","S","1","","","1","","1","","0",""
"5610","","","2852","Bebedouro","676","1114","","","","S","","","0","0,00","","A","","","N","A","S","1","","","1","","1","","0",""
"5611","","","2852","Franca","676","1113","","","","S","","","0","0,00","","A","","","N","A","S","1","","","1","","1","","0",""
"5612","","","2852","Guaíra","676","1110","","","","S","","","0","0,00","","A","","","N","A","S","1","","","1","","1","","0",""
"5613","","","2852","Itápolis","676","1144","","","","S","","","0","0,00","","A","","","N","A","S","1","","","1","","1","","0",""
"5614","","","2852","Ituverava","676","1143","","","","S","","","0","0,00","","A","","","N","A","S","1","","","1","","1","","0",""
"5653","","","2857","Franca","677","1141","","","","S","","","0","0,00","","A","","","N","A","S","1","","","","","1","","0",""
"5654","","","2857","Guaíra","677","1136","","","","S","","","0","0,00","","A","","","N","A","S","1","","","","","1","","0",""
"5655","","","2857","Itápolis","677","1142","","","","S","","","0","0,00","","A","","","N","A","S","1","","","","","1","","0",""
"5656","","","2857","Ituverava","677","1137","","","","S","","","0","0,00","","A","","","N","A","S","1","","","","","1","","0",""
"5657","","","2857","Monte Alto","677","1140","","","","S","","","0","0,00","","A","","","N","A","S","1","","","","","1","","0",""
"5658","","","2857","Orlândia","677","1138","","","","S","","","0","0,00","","A","","","N","A","S","1","","","","","1","","0",""
"5659","","","2858","Araraquara","676","1108","","","0","S","","","0","0,00","","A","","","N","A","S","1","","0","1","","1","0","0",""
"5660","","","2858","Barretos","676","1109","","","0","S","","","0","0,00","","A","","","N","A","S","1","","0","1","","1","0","0",""
"5661","","","2858","Bebedouro","676","1114","","","0","S","","","0","0,00","","A","","","N","A","S","1","","0","1","","1","0","0",""
"5662","","","2858","Franca","676","1113","","","0","S","","","0","0,00","","A","","","N","A","S","1","","0","1","","1","0","0",""
"5663","","","2858","Guaíra","676","1110","","","0","S","","","0","0,00","","A","","","N","A","S","1","","0","1","","1","0","0",""
"5664","","","2858","Itápolis","676","1144","","","0","S","","","0","0,00","","A","","","N","A","S","1","","0","1","","1","0","0",""
"5665","","","2858","Ituverava","676","1143","","","0","S","","","0","0,00","","A","","","N","A","S","1","","0","1","","1","0","0",""
"5666","","","2858","Monte Alto","676","1112","","","0","S","","","0","0,00","","A","","","N","A","S","1","","0","1","","1","0","0",""
"5667","","","2858","Orlândia","676","1111","","","0","S","","","0","0,00","","A","","","N","A","S","1","","0","1","","1","0","0",""
"5668","","","2858","Ribeirão Preto","676","1107","","","0","S","","","0","0,00","","A","","","N","A","S","1","","0","1","","1","0","0",""
"5669","","","2861","Araraquara","676","1108","","","0","S","","","0","0,00","","A","","","N","A","S","1","","0","1","","1","0","0",""
"5670","","","2861","Barretos","676","1109","","","0","S","","","0","0,00","","A","","","N","A","S","1","","0","1","","1","0","0",""
"5671","","","2861","Bebedouro","676","1114","","","0","S","","","0","0,00","","A","","","N","A","S","1","","0","1","","1","0","0",""
"5672","","","2861","Franca","676","1113","","","0","S","","","0","0,00","","A","","","N","A","S","1","","0","1","","1","0","0",""
"5673","","","2861","Guaíra","676","1110","","","0","S","","","0","0,00","","A","","","N","A","S","1","","0","1","","1","0","0",""
"5674","","","2861","Itápolis","676","1144","","","0","S","","","0","0,00","","A","","","N","A","S","1","","0","1","","1","0","0",""
"5675","","","2861","Ituverava","676","1143","","","0","S","","","0","0,00","","A","","","N","A","S","1","","0","1","","1","0","0",""
"5676","","","2861","Monte Alto","676","1112","","","0","S","","","0","0,00","","A","","","N","A","S","1","","0","1","","1","0","0",""
"5677","","","2861","Orlândia","676","1111","","","0","S","","","0","0,00","","A","","","N","A","S","1","","0","1","","1","0","0",""
"5678","","","2861","Ribeirão Preto","676","1107","","","0","S","","","0","0,00","","A","","","N","A","S","1","","0","1","","1","0","0",""
"5679","","","2864","Com Assembly - Arara","654","1094","","","","S","","","0","0,00","","A","","","N","A","S","1","","","1","","1","","0",""
"5680","","","2864","Com Assembly - Barre","654","1095","","","","S","","","0","0,00","","A","","","N","A","S","1","","","1","","1","","0",""
"5681","","","2864","Com Assembly - Bebed","654","1100","","","","S","","","0","0,00","","A","","","N","A","S","1","","","1","","1","","0",""
"5682","","","2864","Com Assembly - Franc","654","1099","","","","S","","","0","0,00","","A","","","N","A","S","1","","","1","","1","","0",""
"5683","","","2864","Com Assembly - Guaír","654","1096","","","","S","","","0","0,00","","A","","","N","A","S","1","","","1","","1","","0",""
"5684","","","2864","Com Assembly - Itápo","654","1130","","","","S","","","0","0,00","","A","","","N","A","S","1","","","1","","1","","0",""
"5685","","","2864","Com Assembly - Ituve","654","1129","","","","S","","","0","0,00","","A","","","N","A","S","1","","","1","","1","","0",""
"5686","","","2864","Com Assembly - Monte","654","1098","","","","S","","","0","0,00","","A","","","N","A","S","1","","","1","","1","","0",""
"5687","","","2864","Com Assembly - Orlân","654","1097","","","","S","","","0","0,00","","A","","","N","A","S","1","","","1","","1","","0",""
"5688","","","2864","Com Assembly - Ribei","654","1093","","","","S","","","0","0,00","","A","","","N","A","S","1","","","1","","1","","0",""
"5724","","","2870","Itápolis","677","1142","","","","S","","","0","0,00","","A","","","N","A","S","1","","","1","","1","","0",""
"5725","","","2870","Ituverava","677","1137","","","","S","","","0","0,00","","A","","","N","A","S","1","","","1","","1","","0",""
"5726","","","2870","Monte Alto","677","1140","","","","S","","","0","0,00","","A","","","N","A","S","1","","","1","","1","","0",""
"5727","","","2870","Orlândia","677","1138","","","","S","","","0","0,00","","A","","","N","A","S","1","","","1","","1","","0",""
"5728","","","2870","Ribeirão Preto","677","1133","","","","S","","","0","0,00","","A","","","N","A","S","1","","","1","","1","","0",""
"5729","","2","2871","","680","1094","","","","S","","","0","0,00","","A","","","N","A","S","1","","","","","1","","0",""
"5730","","2","2872","","673","1126","","","0","S","","","0","0,00","","A","","","N","A","S","1","","0","1","","1","0","0",""
"5731","","3","2872","","673","1124","","","0","S","","","0","0,00","","A","","","N","A","S","1","","0","1","","1","0","0",""
"5732","","9","2872","","673","1123","","","0","S","","","0","0,00","","A","","","N","A","S","1","","0","1","","1","0","0",""
"5733","","11","2872","","673","1125","","","0","S","","","0","0,00","","A","","","N","A","S","1","","0","1","","1","0","0",""
"5734","","4","2872","","673","1158","","","0","S","","","0","0,00","","A","","","N","A","S","1","","0","1","","1","0","0",""
"5735","","12","2872","","673","1127","","","0","S","","","0","0,00","","A","","","N","A","S","1","","0","1","","1","0","0",""
"5736","","5","2872","","673","1159","","","0","S","","","0","0,00","","A","","","N","A","S","1","","0","1","","1","0","0",""
"5737","","10","2872","","673","1160","","","0","S","","","0","0,00","","A","","","N","A","S","1","","0","1","","1","0","0",""
"5738","","7","2872","","673","1122","","","0","S","","","0","0,00","","A","","","N","A","S","1","","0","1","","1","0","0",""
"5739","","1","2872","","673","1121","","","0","S","","","0","0,00","","A","","","N","A","S","1","","0","1","","1","0","0",""
"5740","","","2873","Araraquara","676","1108","","","","S","","","0","0,00","","A","","","N","A","S","1","","","1","","1","","0",""
"5741","","","2873","Barretos","676","1109","","","","S","","","0","0,00","","A","","","N","A","S","1","","","1","","1","","0",""
"5742","","","2873","Bebedouro","676","1114","","","","S","","","0","0,00","","A","","","N","A","S","1","","","1","","1","","0",""
"5743","","","2873","Franca","676","1113","","","","S","","","0","0,00","","A","","","N","A","S","1","","","1","","1","","0",""
"5744","","","2873","Guaíra","676","1110","","","","S","","","0","0,00","","A","","","N","A","S","1","","","1","","1","","0",""
"5745","","","2873","Itápolis","676","1144","","","","S","","","0","0,00","","A","","","N","A","S","1","","","1","","1","","0",""
"5746","","","2873","Ituverava","676","1143","","","","S","","","0","0,00","","A","","","N","A","S","1","","","1","","1","","0",""
"5747","","","2873","Monte Alto","676","1112","","","","S","","","0","0,00","","A","","","N","A","S","1","","","1","","1","","0",""
"5748","","","2873","Orlândia","676","1111","","","","S","","","0","0,00","","A","","","N","A","S","1","","","1","","1","","0",""
"5749","","","2873","Ribeirão Preto","676","1107","","","","S","","","0","0,00","","A","","","N","A","S","1","","","1","","1","","0",""
"5750","","2","2874","","","1108","","","","N","","","0","0,00","","A","","","S","C","S","1","","","","","1","","0",""
"5751","","3","2874","","","1109","","","","N","","","0","0,00","","A","","","S","C","S","","","","","","1","","0",""
"5752","","9","2874","","","1114","","","","N","","","0","0,00","","A","","","S","C","S","","","","","","1","","0",""
"5753","","11","2874","","","1113","","","","N","","","0","0,00","","A","","","S","C","S","","","","","","1","","0",""
"5754","","4","2874","","","1110","","","","N","","","0","0,00","","A","","","S","C","S","","","","","","1","","0",""
"5755","","12","2874","","","1144","","","","N","","","0","0,00","","A","","","S","C","S","","","","","","1","","0",""
"5756","","5","2874","","","1143","","","","N","","","0","0,00","","A","","","S","C","S","","","","","","1","","0",""
"5757","","10","2874","","","1112","","","","N","","","0","0,00","","A","","","S","C","S","","","","","","1","","0",""
"5758","","7","2874","","","1111","","","","N","","","0","0,00","","A","","","S","C","S","","","","","","1","","0",""
"5759","","1","2874","","","1107","","","","N","","","0","0,00","","A","","","S","C","S","","","","","","1","","0",""
"5760","","2","2876","","","1108","","","","N","","","0","0,00","","A","","","S","C","S","1","","","","","1","","0",""
"5761","","2","2877","","676","1108","","","","S","","","0","0,00","","A","","","N","A","S","","","","","","1","","0",""
"5799","","5","2886","","666","1129","","","","S","","","0","0,00","","A","","","N","A","S","","","","","","1","","0",""
"5800","","10","2886","","666","1098","","","","S","","","0","0,00","","A","","","N","A","S","","","","","","1","","0",""
"5801","","7","2886","","666","1097","","","","S","","","0","0,00","","A","","","N","A","S","","","","","","1","","0",""
"5802","","1","2886","","666","1093","","","","S","","","0","0,00","","A","","","N","A","S","","","","","","1","","0",""
"5803","","2","2887","","638","1108","","","","S","","","0","0,00","","A","","","N","A","S","1","","","1","","1","","0",""
"5804","","3","2887","","638","1109","","","","S","","","0","0,00","","A","","","N","A","S","","","","1","","1","","0",""
"5805","","9","2887","","638","1114","","","","S","","","0","0,00","","A","","","N","A","S","","","","1","","1","","0",""
"5806","","11","2887","","638","1113","","","","S","","","0","0,00","","A","","","N","A","S","","","","1","","1","","0",""
"5807","","4","2887","","638","1110","","","","S","","","0","0,00","","A","","","N","A","S","","","","1","","1","","0",""
"5808","","12","2887","","638","1144","","","","S","","","0","0,00","","A","","","N","A","S","","","","1","","1","","0",""
"5809","","5","2887","","638","1143","","","","S","","","0","0,00","","A","","","N","A","S","","","","1","","1","","0",""
"5810","","10","2887","","638","1112","","","","S","","","0","0,00","","A","","","N","A","S","","","","1","","1","","0",""
"5811","","7","2887","","638","1111","","","","S","","","0","0,00","","A","","","N","A","S","","","","1","","1","","0",""
"5812","","1","2887","","638","1107","","","","S","","","0","0,00","","A","","","N","A","S","","","","1","","1","","0",""
"5813","","","2888","","628","","","","","S","","","0","0,00","","A","","","N","A","S","1","","","","","1","","0",""
"5814","","2","2889","","667","1134","","","","S","","","0","0,00","","A","","","N","A","S","1","","","","","1","","0",""
"5815","","3","2889","","667","1135","","","","S","","","0","0,00","","A","","","N","A","S","","","","","","1","","0",""
"5816","","9","2889","","667","1139","","","","S","","","0","0,00","","A","","","N","A","S","","","","","","1","","0",""
"5817","","11","2889","","667","1141","","","","S","","","0","0,00","","A","","","N","A","S","","","","","","1","","0",""
"5818","","4","2889","","667","1136","","","","S","","","0","0,00","","A","","","N","A","S","","","","","","1","","0",""
"5819","","12","2889","","667","1142","","","","S","","","0","0,00","","A","","","N","A","S","","","","","","1","","0",""
"5820","","5","2889","","667","1137","","","","S","","","0","0,00","","A","","","N","A","S","","","","","","1","","0",""
"5821","","10","2889","","667","1140","","","","S","","","0","0,00","","A","","","N","A","S","","","","","","1","","0",""
"5822","","7","2889","","667","1138","","","","S","","","0","0,00","","A","","","N","A","S","","","","","","1","","0",""
"5823","","1","2889","","667","1133","","","","S","","","0","0,00","","A","","","N","A","S","","","","","","1","","0",""
"5824","","2","2890","","638","1108","","","","S","","","0","0,00","","A","","","N","A","S","1","","","1","","1","","0",""
"5825","","3","2890","","638","1109","","","","S","","","0","0,00","","A","","","N","A","S","","","","1","","1","","0",""
"5826","","9","2890","","638","1114","","","","S","","","0","0,00","","A","","","N","A","S","","","","1","","1","","0",""
"5827","","11","2890","","638","1113","","","","S","","","0","0,00","","A","","","N","A","S","","","","1","","1","","0",""
"5828","","4","2890","","638","1110","","","","S","","","0","0,00","","A","","","N","A","S","","","","1","","1","","0",""
"5829","","12","2890","","638","1144","","","","S","","","0","0,00","","A","","","N","A","S","","","","1","","1","","0",""
"5830","","5","2890","","638","1143","","","","S","","","0","0,00","","A","","","N","A","S","","","","1","","1","","0",""
"5831","","10","2890","","638","1112","","","","S","","","0","0,00","","A","","","N","A","S","","","","1","","1","","0",""
"5832","","7","2890","","638","1111","","","","S","","","0","0,00","","A","","","N","A","S","","","","1","","1","","0",""
"5833","","1","2890","","638","1107","","","","S","","","0","0,00","","A","","","N","A","S","","","","1","","1","","0",""
"5834","","","2891","","654","1093","","","","S","","","0","0,00","","A","","","N","A","S","1","","","","","1","","0",""
"5835","","","2899","C/ Orçamento - Arara","678","1108","","","","S","","","0","0,00","","A","","","N","A","S","1","","","","","1","","0",""
"5836","","","2899","C/ Orçamento - Barre","678","1109","","","","S","","","0","0,00","","A","","","N","A","S","1","","","","","1","","0",""
"5837","","","2899","C/ Orçamento - Bebed","678","1114","","","","S","","","0","0,00","","A","","","N","A","S","1","","","","","1","","0",""
"5838","","","2899","C/ Orçamento - Franc","678","1113","","","","S","","","0","0,00","","A","","","N","A","S","1","","","","","1","","0",""
"5839","","","2899","C/ Orçamento - Guair","678","1110","","","","S","","","0","0,00","","A","","","N","A","S","1","","","","","1","","0",""
"5879","","3","2903","","676","1095","Cadastro Desbloqueado","","0","S","","","0","0,00","","A","","","N","A","S","100","","0","1","","1","0","0",""
"5880","","9","2903","","676","1100","Cadastro Desbloqueado","","0","S","","","0","0,00","","A","","","N","A","S","100","","0","1","","1","0","0",""
"5881","","11","2903","","676","1099","Cadastro Desbloqueado","","0","S","","","0","0,00","","A","","","N","A","S","100","","0","1","","1","0","0",""
"5882","","4","2903","","676","1096","Cadastro Desbloqueado","","0","S","","","0","0,00","","A","","","N","A","S","100","","0","1","","1","0","0",""
"5883","","12","2903","","676","1130","Cadastro Desbloqueado","","0","S","","","0","0,00","","A","","","N","A","S","100","","0","1","","1","0","0",""
"5884","","5","2903","","676","1129","Cadastro Desbloqueado","","0","S","","","0","0,00","","A","","","N","A","S","100","","0","1","","1","0","0",""
"5885","","10","2903","","676","1098","Cadastro Desbloqueado","","0","S","","","0","0,00","","A","","","N","A","S","100","","0","1","","1","0","0",""
"5886","","7","2903","","676","1097","Cadastro Desbloqueado","","0","S","","","0","0,00","","A","","","N","A","S","100","","0","1","","1","0","0",""
"5887","","1","2903","","676","1093","Cadastro Desbloqueado","","0","S","","","0","0,00","","A","","","N","A","S","100","","0","1","","1","0","0",""
"5888","","0","2854","Barretos","674","1095","","","0","S","","","0","0,00","","A","","","N","A","S","100","","0","0","","0","0","0",""
"5889","","0","2854","Bebedouro","674","1100","","","0","S","","","0","0,00","","A","","","N","A","S","100","","0","0","","0","0","0",""
"5890","","0","2854","Franca","674","1099","","","0","S","","","0","0,00","","A","","","N","A","S","100","","0","0","","0","0","0",""
"5891","","","2854","Guaíra","674","1096","","","0","S","","","0","0,00","","A","","","N","A","S","100","","0","0","","0","0","0",""
"5892","","","2854","Itápolis","674","1130","","","0","S","","","0","0,00","","A","","","N","A","S","100","","0","0","","0","0","0",""
"5893","","","2854","Ituverava","674","1129","","","0","S","","","0","0,00","","A","","","N","A","S","100","","0","0","","0","0","0",""
"5894","","","2854","Monte Alto","674","1098","","","0","S","","","0","0,00","","A","","","N","A","S","100","","0","0","","0","0","0",""
"5895","","","2854","Orlândia","674","1097","","","0","S","","","0","0,00","","A","","","N","A","S","100","","0","0","","0","0","0",""
"5896","","","2854","Ribeirão Preto","674","1093","","","0","S","","","0","0,00","","A","","","N","A","S","100","","0","0","","0","0","0",""
"5897","","3","2871","","680","1095","","","","S","","","0","0,00","","A","","","N","A","S","","","","","","1","","0",""
"5898","","9","2871","","680","1100","","","","S","","","0","0,00","","A","","","N","A","S","","","","","","1","","0",""
"5899","","11","2871","","680","1099","","","","S","","","0","0,00","","A","","","N","A","S","","","","","","1","","0",""
"5900","","4","2871","","680","1096","","","","S","","","0","0,00","","A","","","N","A","S","","","","","","1","","0",""
"5901","","12","2871","","680","1130","","","","S","","","0","0,00","","A","","","N","A","S","","","","","","1","","0",""
"5902","","5","2871","","680","1129","","","","S","","","0","0,00","","A","","","N","A","S","","","","","","1","","0",""
"5903","","10","2871","","680","1098","","","","S","","","0","0,00","","A","","","N","A","S","","","","","","1","","0",""
"5904","","7","2871","","680","1097","","","","S","","","0","0,00","","A","","","N","A","S","","","","","","1","","0",""
"5905","","1","2871","","680","1093","","","","S","","","0","0,00","","A","","","N","A","S","","","","","","1","","0",""
"5906","","3","2876","","","1109","","","","N","","","0","0,00","","A","","","S","C","S","","","","","","1","","0",""
"5907","","9","2876","","","1114","","","","N","","","0","0,00","","A","","","S","C","S","","","","","","1","","0",""
"5908","","11","2876","","","1113","","","","N","","","0","0,00","","A","","","S","C","S","","","","","","1","","0",""
"5909","","4","2876","","","1110","","","","N","","","0","0,00","","A","","","S","C","S","","","","","","1","","0",""
"5910","","12","2876","","","1144","","","","N","","","0","0,00","","A","","","S","C","S","","","","","","1","","0",""
"5911","","5","2876","","","1143","","","","N","","","0","0,00","","A","","","S","C","S","","","","","","1","","0",""
"5912","","10","2876","","","1112","","","","N","","","0","0,00","","A","","","S","C","S","","","","","","1","","0",""
"5913","","7","2876","","","1111","","","","N","","","0","0,00","","A","","","S","C","S","","","","","","1","","0",""
"5914","","1","2876","","","1107","","","","N","","","0","0,00","","A","","","S","C","S","","","","","","1","","0",""
"5915","","","2885","Garantia","682","","Garantia","","","S","","","0","0,00","","A","","","N","A","S","1","","","","","1","","0",""
"5916","","","2311","","940029","686","","","","S","","","0","0,00","","A","","","N","A","S","1","","","","","1","","0",""
"5917","","4","2132","","47","1110","","","","S","","","0","0,00","","A","","","N","A","S","1","","","","","1","","0",""
"5955","","2","2927","","697","1134","","","0","S","","","0","0,00","","A","","0","N","A","S","0","","0","1","0","1","","0",""
"5956","","2","2928","","709","1108","","","0","S","","","0","0,00","","A","","0","N","A","S","0","","0","1","0","1","","0",""
"5957","","2","2967","","687","1108","","","0","S","","","0","0,00","","A","","0","N","A","S","0","","0","1","0","1","","0",""
"5958","","2","2929","","693","1134","","","0","S","","","0","0,00","","A","","0","N","A","S","0","","0","1","0","1","","0",""
"5959","","2","2969","","693","1134","","","0","S","","","0","0,00","","A","","0","N","A","S","0","","0","1","0","1","","0",""
"5960","","2","2970","","692","1108","","","0","S","","","0","0,00","","A","","0","N","A","S","0","","0","1","0","1","","0",""
"5961","","2","2930","","688","1108","","","0","S","","","0","0,00","","A","","0","N","A","S","0","","0","1","0","1","","0",""
"5962","","2","2932","","693","1134","","","0","S","","","0","0,00","","A","","0","N","A","S","0","","0","1","0","1","","0",""
"5963","","2","2976","","694","1282","","","0","S","","","0","0,00","","A","","0","N","A","S","0","","0","1","0","1","","0",""
"5964","","2","2935","","699","1108","","","0","S","","","0","0,00","","A","","0","N","A","S","0","","0","1","0","1","","0",""
"5965","","2","2934","","694","1282","","","0","S","","","0","0,00","","A","","0","N","A","S","0","","0","1","0","1","","0",""
"5966","","2","2936","","689","1282","","","0","S","","","0","0,00","","A","","0","N","A","S","0","","0","1","0","1","","0",""
"5967","","2","2980","","695","1108","","","0","S","","","0","0,00","","A","","0","N","A","S","0","","0","1","0","1","","0",""
"5968","","","2957","","696","1132","","","0","S","","","0","0,00","","A","","0","N","A","S","0","","0","1","0","1","","0",""
"5969","","2","2981","","695","1108","","","0","S","","","0","0,00","","A","","0","N","A","S","0","","0","1","0","1","","0",""
"5970","","","2982","","690","1132","","","0","S","","","0","0,00","","A","","0","N","A","S","0","","0","1","0","1","","0",""
"5971","","12","2999","","708","1127","","","0","S","","","0","0,00","","A","","0","N","A","S","1","","0","1","0","1","","0",""
"5972","","11","2999","","708","1125","","","0","S","","","0","0,00","","A","","0","N","A","S","1","","0","1","0","1","","0",""
"5973","","4","2999","","708","1158","","","0","S","","","0","0,00","","A","","0","N","A","S","1","","0","1","0","1","","0",""
"5974","","9","2999","","708","1123","","","0","S","","","0","0,00","","A","","0","N","A","S","1","","0","1","0","1","","0",""
"5975","","3","2999","","708","1124","","","0","S","","","0","0,00","","A","","0","N","A","S","1","","0","1","0","1","","0",""
"5976","","11","3010","","706","1125","","","0","S","","","0","0,00","","A","","0","N","A","S","1","","0","0","0","1","","0",""
"5977","","5","3010","","706","1159","","","0","S","","","0","0,00","","A","","0","N","A","S","1","","0","0","0","1","","0",""
"5978","","4","3010","","706","1158","","","0","S","","","0","0,00","","A","","0","N","A","S","1","","0","0","0","1","","0",""
"5979","","3","3010","","706","1124","","","0","S","","","0","0,00","","A","","0","N","A","S","1","","0","0","0","1","","0",""
"5980","","2","3010","","706","1126","","","0","S","","","0","0,00","","A","","0","N","A","S","1","","0","0","0","1","","0",""
"5981","","3","2994","","708","1109","","","0","N","","","0","0,00","","A","","0","S","A","S","1","","0","0","0","0","0","0",""
"5982","","7","2994","","708","1122","","","0","S","","","0","0,00","","A","","0","N","A","S","1","","0","1","0","0","0","0",""
"5983","","10","2994","","708","1160","","","0","S","","","0","0,00","","A","","0","N","A","S","1","","0","1","0","0","0","0",""
"5984","","4","2994","","708","1158","","","0","S","","","0","0,00","","A","","0","N","A","S","1","","0","1","0","0","0","0",""
"5985","","11","2994","","708","1125","","","0","S","","","0","0,00","","A","","0","N","A","S","1","","0","1","0","0","0","0",""
"5986","","12","2922","","705","1144","","","0","S","","","0","0,00","","A","","0","N","A","S","1","","0","1","0","0","0","0",""
"5987","","4","2922","","705","1110","","","0","S","","","0","0,00","","A","","0","N","A","S","1","","0","1","0","0","0","0",""
"5988","","11","2922","","705","1113","","","0","S","","","0","0,00","","A","","0","N","A","S","1","","0","1","0","0","0","0",""
"5989","","9","2922","","705","1114","","","0","S","","","0","0,00","","A","","0","N","A","S","1","","0","1","0","0","0","0",""
"5990","","3","2922","","705","1109","","","0","S","","","0","0,00","","A","","0","N","A","S","1","","0","1","0","0","0","0",""
"5996","","3","2970","","692","1109","","","0","S","","","0","0,00","","A","","0","N","A","S","1","","0","1","0","1","","0",""
"5997","","9","2970","","692","1114","","","0","S","","","0","0,00","","A","","0","N","A","S","1","","0","1","0","1","","0",""
"5998","","11","2970","","692","1113","","","0","S","","","0","0,00","","A","","0","N","A","S","1","","0","1","0","1","","0",""
"6040","","12","2930","","688","1144","","","0","S","","","0","0,00","","A","","0","N","A","S","1","","0","1","0","1","","0",""
"6041","","3","2931","","700","1135","","","0","S","","","0","0,00","","A","","0","N","A","S","1","","0","1","0","1","","0",""
"6042","","9","2931","","700","1139","","","0","S","","","0","0,00","","A","","0","N","A","S","1","","0","1","0","1","","0",""
"6043","","11","2931","","700","1141","","","0","S","","","0","0,00","","A","","0","N","A","S","1","","0","1","0","1","","0",""
"6044","","4","2931","","700","1136","","","0","S","","","0","0,00","","A","","0","N","A","S","1","","0","1","0","1","","0",""
"6045","","12","2931","","700","1142","","","0","S","","","0","0,00","","A","","0","N","A","S","1","","0","1","0","1","","0",""
"6046","","3","2932","","693","1135","","","0","S","","","0","0,00","","A","","0","N","A","S","1","","0","1","0","1","","0",""
"6047","","9","2932","","693","1139","","","0","S","","","0","0,00","","A","","0","N","A","S","1","","0","1","0","1","","0",""
"6048","","11","2932","","693","1141","","","0","S","","","0","0,00","","A","","0","N","A","S","1","","0","1","0","1","","0",""
"6049","","4","2932","","693","1136","","","0","S","","","0","0,00","","A","","0","N","A","S","1","","0","1","0","1","","0",""
"6050","","12","2932","","693","1142","","","0","S","","","0","0,00","","A","","0","N","A","S","1","","0","1","0","1","","0",""
"6051","","3","2976","","694","1283","","","0","S","","","0","0,00","","A","","0","N","A","S","1","","0","1","0","1","","0",""
"6052","","9","2976","","694","1288","","","0","S","","","0","0,00","","A","","0","N","A","S","1","","0","1","0","1","","0",""
"6053","","11","2976","","694","1287","","","0","S","","","0","0,00","","A","","0","N","A","S","1","","0","1","0","1","","0",""
"6054","","4","2976","","694","1284","","","0","S","","","0","0,00","","A","","0","N","A","S","1","","0","1","0","1","","0",""
"6055","","12","2976","","694","1289","","","0","S","","","0","0,00","","A","","0","N","A","S","1","","0","1","0","1","","0",""
"6056","","3","2934","","694","1283","","","0","S","","","0","0,00","","A","","0","N","A","S","1","","0","1","0","1","","0",""
"6057","","9","2934","","694","1288","","","0","S","","","0","0,00","","A","","0","N","A","S","1","","0","1","0","1","","0",""
"6058","","11","2934","","694","1287","","","0","S","","","0","0,00","","A","","0","N","A","S","1","","0","1","0","1","","0",""
"6059","","4","2934","","694","1284","","","0","S","","","0","0,00","","A","","0","N","A","S","1","","0","1","0","1","","0",""
"6060","","12","2934","","694","1289","","","0","S","","","0","0,00","","A","","0","N","A","S","1","","0","1","0","1","","0",""
"6061","","3","2935","","699","1109","","","0","S","","","0","0,00","","A","","0","N","A","S","1","","0","1","0","1","","0",""
"6062","","9","2935","","699","1114","","","0","S","","","0","0,00","","A","","0","N","A","S","1","","0","1","0","1","","0",""
"6063","","11","2935","","699","1113","","","0","S","","","0","0,00","","A","","0","N","A","S","1","","0","1","0","1","","0",""
"6064","","4","2935","","699","1110","","","0","S","","","0","0,00","","A","","0","N","A","S","1","","0","1","0","1","","0",""
"6065","","12","2935","","699","1144","","","0","S","","","0","0,00","","A","","0","N","A","S","1","","0","1","0","1","","0",""
"6066","","3","2936","","689","1283","","","0","S","","","0","0,00","","A","","0","N","A","S","1","","0","1","0","1","","0",""
"6067","","9","2936","","689","1288","","","0","S","","","0","0,00","","A","","0","N","A","S","1","","0","1","0","1","","0",""
"6068","","11","2936","","689","1287","","","0","S","","","0","0,00","","A","","0","N","A","S","1","","0","1","0","1","","0",""
"6069","","4","2936","","689","1284","","","0","S","","","0","0,00","","A","","0","N","A","S","1","","0","1","0","1","","0",""
"6070","","12","2936","","689","1289","","","0","S","","","0","0,00","","A","","0","N","A","S","1","","0","1","0","1","","0",""
"6071","","3","2980","","695","1109","","","0","S","","","0","0,00","","A","","0","N","A","S","1","","0","1","0","1","","0",""
"6072","","9","2980","","695","1114","","","0","S","","","0","0,00","","A","","0","N","A","S","1","","0","1","0","1","","0",""
"6073","","11","2980","","695","1113","","","0","S","","","0","0,00","","A","","0","N","A","S","1","","0","1","0","1","","0",""
"6074","","4","2980","","695","1110","","","0","S","","","0","0,00","","A","","0","N","A","S","1","","0","1","0","1","","0",""
"6075","","12","2980","","695","1144","","","0","S","","","0","0,00","","A","","0","N","A","S","1","","0","1","0","1","","0",""
"6076","","3","2981","","695","1109","","","0","S","","","0","0,00","","A","","0","N","A","S","1","","0","1","0","1","","0",""
"6077","","9","2981","","695","1114","","","0","S","","","0","0,00","","A","","0","N","A","S","1","","0","1","0","1","","0",""
"6078","","11","2981","","695","1113","","","0","S","","","0","0,00","","A","","0","N","A","S","1","","0","1","0","1","","0",""
"6079","","4","2981","","695","1110","","","0","S","","","0","0,00","","A","","0","N","A","S","1","","0","1","0","1","","0",""
"6080","","12","2981","","695","1144","","","0","S","","","0","0,00","","A","","0","N","A","S","1","","0","1","0","1","","0",""
"6081","","2","2963","","709","1108","Revisão Término Garantia","","0","S","","","0","0,00","","A","","0","N","A","S","1","","0","1","0","1","","0",""
"6118","","12","2973","","","1144","","","0","N","","","0","0,00","","A","","0","S","C","S","0","","0","0","0","1","","0",""
"6119","","4","2973","","","1110","","","0","N","","","0","0,00","","A","","0","S","C","S","0","","0","0","0","1","","0",""
"6120","","11","2973","","","1113","","","0","N","","","0","0,00","","A","","0","S","C","S","0","","0","0","0","1","","0",""
"6121","","9","2973","","","1114","","","0","N","","","0","0,00","","A","","0","S","C","S","0","","0","0","0","1","","0",""
"6122","","3","2973","","","1109","","","0","N","","","0","0,00","","A","","0","S","C","S","0","","0","0","0","1","","0",""
"6123","","2","2973","","","1108","","","0","N","","","0","0,00","","A","","0","S","C","S","0","","0","0","0","1","","0",""
"6124","","12","2974","","709","1144","","","0","S","","","0","0,00","","A","","0","N","A","S","0","","0","1","0","1","","0",""
"6125","","4","2974","","709","1110","","","0","S","","","0","0,00","","A","","0","N","A","S","0","","0","1","0","1","","0",""
"6126","","11","2974","","709","1113","","","0","S","","","0","0,00","","A","","0","N","A","S","0","","0","1","0","1","","0",""
"6127","","9","2974","","709","1114","","","0","S","","","0","0,00","","A","","0","N","A","S","0","","0","1","0","1","","0",""
"6128","","3","2974","","709","1109","","","0","S","","","0","0,00","","A","","0","N","A","S","0","","0","1","0","1","","0",""
"6129","","2","2974","","709","1108","","","0","S","","","0","0,00","","A","","0","N","A","S","0","","0","1","0","1","","0",""
"6130","","3","2975","","687","1109","","","0","S","","","0","0,00","","A","","0","N","A","S","0","","0","1","0","1","","0",""
"6131","","9","2975","","687","1114","","","0","S","","","0","0,00","","A","","0","N","A","S","0","","0","1","0","1","","0",""
"6132","","11","2975","","687","1113","","","0","S","","","0","0,00","","A","","0","N","A","S","0","","0","1","0","1","","0",""
"6133","","4","2975","","687","1110","","","0","S","","","0","0,00","","A","","0","N","A","S","0","","0","1","0","1","","0",""
"6134","","12","2975","","687","1144","","","0","S","","","0","0,00","","A","","0","N","A","S","0","","0","1","0","1","","0",""
"6135","","2","2975","","687","1108","","","0","S","","","0","0,00","","A","","0","N","A","S","0","","0","1","0","1","","0",""
"6136","","3","2994","","708","1124","","","0","S","","","0","0,00","","A","","0","N","A","S","1","","0","1","0","0","0","0",""
"6137","","9","2994","","708","1123","","","0","S","","","0","0,00","","A","","0","N","A","S","1","","0","1","0","0","0","0",""
"6138","","12","2994","","708","1127","","","0","S","","","0","0,00","","A","","0","N","A","S","1","","0","1","0","0","0","0",""
"6139","","5","2994","","708","1159","","","0","S","","","0","0,00","","A","","0","N","A","S","1","","0","1","0","0","0","0",""
"6140","","1","2994","","708","1121","","","0","S","","","0","0,00","","A","","0","N","A","S","1","","0","1","0","0","0","0",""
"6141","","2","2994","","","1108","","","0","N","","","0","0,00","","A","","0","S","C","S","1","","0","0","0","1","","0",""
"6143","","2","2984","1ª 100 h","709","1108","Revisão 100 h","","0","S","","","0","0,00","","A","","0","N","A","S","1","","0","1","0","1","","0",""
"6144","","2","2984","2ª 450/600 h","709","1108","Revisão 450/600 h","","0","S","","","0","0,00","","A","","0","N","A","S","1","","0","1","0","1","","0",""
"6145","","2","2984","3ª 800 h","709","1108","Revisão 800 h","","0","S","","","0","0,00","","A","","0","N","A","S","1","","0","1","0","1","","0",""
"6146","","2","2984","4ª 1100 / 1150 h","709","1108","Revisão 1.100/1.150 h","","0","S","","","0","0,00","","A","","0","N","A","S","1","","0","1","0","1","","0",""
"6147","","2","2984","5ª 1500 h","709","1108","Revisão 1500 h","","0","S","","","0","0,00","","A","","0","N","A","S","1","","0","1","0","1","","0",""
"6148","","3","2984","1ª 100 h","709","1109","Revisão 100 h","","0","S","","","0","0,00","","A","","0","N","A","S","1","","0","1","0","1","","0",""
"6149","","3","2984","2ª 450/600 h","709","1109","Revisão 450/600 h","","0","S","","","0","0,00","","A","","0","N","A","S","1","","0","1","0","1","","0",""
"6150","","3","2984","3ª 800 h","709","1109","Revisão 800 h","","0","S","","","0","0,00","","A","","0","N","A","S","1","","0","1","0","1","","0",""
"6151","","3","2984","4ª 1100 / 1150 h","709","1109","Revisão 1.100/1.150 h","","0","S","","","0","0,00","","A","","0","N","A","S","1","","0","1","0","1","","0",""
"6152","","3","2984","5ª 1500 h","709","1109","Revisão 1500 h","","0","S","","","0","0,00","","A","","0","N","A","S","1","","0","1","0","1","","0",""
"6153","","4","2984","1ª 100 h","709","1110","Revisão 100 h","","0","S","","","0","0,00","","A","","0","N","A","S","1","","0","1","0","1","","0",""
"6154","","4","2984","2ª 450/600 h","709","1110","Revisão 450/600 h","","0","S","","","0","0,00","","A","","0","N","A","S","1","","0","1","0","1","","0",""
"6155","","4","2984","3ª 800 h","709","1110","Revisão 800 h","","0","S","","","0","0,00","","A","","0","N","A","S","1","","0","1","0","1","","0",""
"6346","","","3143","Serviço","735","-15","","","","S","","","0","0,00","","A","","","N","A","S","1","","","","","1","","0",""
"6348","","","3068","","734","-15","Cliente Potencial C","","","S","","","40","0,00","","A","","","N","A","N","1","","1","","","1","","0",""
"6349","","","3068","","734","-15","Cliente Potencial A","","","S","","","70","0,00","","A","","","N","A","N","","","1","","","1","","0",""
"6350","","","3068","","734","-15","Cliente Potencial B","","","S","","","100","0,00","","A","","","N","A","N","","","1","","","1","","0",""
"6351","","","3137","","754","","","","","S","","","0","0,00","","A","","","N","A","S","1","","","","","1","","0",""
"6352","","","3089","","731","811","","","","N","","","0","0,00","","A","","","N","A","S","1","","","","","1","","0",""
"6353","","2","2529","","710","1126","","","","S","","","0","0,00","","A","","","N","A","S","1","","","","","1","","0",""
"6354","","3","2529","","710","1124","","","","S","","","0","0,00","","A","","","N","A","S","","","","","","1","","0",""
"6355","","9","2529","","710","1123","","","","S","","","0","0,00","","A","","","N","A","S","","","","","","1","","0",""
"6356","","11","2529","","710","1125","","","","S","","","0","0,00","","A","","","N","A","S","","","","","","1","","0",""
"6357","","4","2529","","710","1158","","","","S","","","0","0,00","","A","","","N","A","S","","","","","","1","","0",""
"6358","","12","2529","","710","1127","","","","S","","","0","0,00","","A","","","N","A","S","","","","","","1","","0",""
"6359","","5","2529","","710","1159","","","","S","","","0","0,00","","A","","","N","A","S","","","","","","1","","0",""
"6360","","10","2529","","710","1160","","","","S","","","0","0,00","","A","","","N","A","S","","","","","","1","","0",""
"6361","","7","2529","","710","1122","","","","S","","","0","0,00","","A","","","N","A","S","","","","","","1","","0",""
"6362","","1","2529","","710","1121","","","","S","","","0","0,00","","A","","","N","A","S","","","","","","1","","0",""
"6363","","","2529","","711","794","","","0","S","","","0","0,00","","A","","","N","A","S","100","","0","0","","1","0","0",""
"6366","","","2530","","711","794","","","0","S","","","0","0,00","","A","","","N","A","S","100","","0","0","","1","0","0",""
"6367","","","3011","","63","686","","","0","S","","","5","0,00","","A","","","N","A","N","100","","0","0","","1","0","0",""
"6368","","","3011","","620","686","","","0","S","","","120","0,00","","A","","","N","A","N","100","","0","0","","1","0","0",""
"6369","","2","3011","Araraquara","701","1108","","","0","S","","","0","0,00","","A","","","N","A","S","100","","0","0","","0","0","0",""
"6370","","3","3011","Barretos","701","1109","","","0","S","","","0","0,00","","A","","","N","A","S","100","","0","0","","0","0","0",""
"6371","","9","3011","Bebedouro","701","1114","","","0","S","","","0","0,00","","A","","","N","A","S","100","","0","0","","0","0","0",""
"6372","","11","3011","Franca","701","1113","","","0","S","","","0","0,00","","A","","","N","A","S","100","","0","0","","0","0","0",""
"6373","","4","3011","Guaíra","701","1110","","","0","S","","","0","0,00","","A","","","N","A","S","100","","0","0","","0","0","0",""
"6374","","12","3011","Itápolis","701","1144","","","0","S","","","0","0,00","","A","","","N","A","S","100","","0","0","","0","0","0",""
"6375","","5","3011","Ituverava","701","1143","","","0","S","","","0","0,00","","A","","","N","A","S","100","","0","0","","0","0","0",""
"6376","","10","3011","Monte Alto","701","1112","","","0","S","","","0","0,00","","A","","","N","A","S","100","","0","0","","0","0","0",""
"6377","","7","3011","Orlândia","701","1111","","","0","S","","","0","0,00","","A","","","N","A","S","100","","0","0","","0","0","0",""
"6378","","1","3011","Ribeirão Preto","701","1107","","","0","S","","","0","0,00","","A","","","N","A","S","100","","0","0","","0","0","0",""
"6379","","","2978","","631","1132","","","","S","","","0","0,00","","A","","","N","A","S","1","","","1","","1","","0",""
"6380","","","2979","","629","1132","","","","S","","","0","0,00","","A","","","N","A","S","1","","","1","","1","","0",""
"6381","","2","2977","","654","1094","","","","S","","","0","0,00","","A","","","N","A","S","1","","","1","","1","","0",""
"6382","","3","2977","","654","1095","","","","S","","","0","0,00","","A","","","N","A","S","","","","1","","1","","0",""
"6383","","9","2977","","654","1100","","","","S","","","0","0,00","","A","","","N","A","S","","","","1","","1","","0",""
"6384","","11","2977","","654","1099","","","","S","","","0","0,00","","A","","","N","A","S","","","","1","","1","","0",""
"6385","","4","2977","","654","1096","","","","S","","","0","0,00","","A","","","N","A","S","","","","1","","1","","0",""
"6386","","12","2977","","654","1130","","","","S","","","0","0,00","","A","","","N","A","S","","","","1","","1","","0",""
"6387","","5","2977","","654","1129","","","","S","","","0","0,00","","A","","","N","A","S","","","","1","","1","","0",""
"6425","","12","2984","3ª 800 h","709","1144","Revisão 800 h","","","S","","","0","0,00","","A","","","N","A","S","1","","","1","","1","","0",""
"6426","","12","2984","4ª 1100 / 1150 h","709","1144","Revisão 1.100/1.150 h","","","S","","","0","0,00","","A","","","N","A","S","1","","","1","","1","","0",""
"6427","","12","2984","5ª 1500 h","709","1144","Revisão 1500 h","","","S","","","0","0,00","","A","","","N","A","S","1","","","1","","1","","0",""
"6428","","10","2984","1ª 100 h","709","1112","Revisão 100 h","","","S","","","0","0,00","","A","","","N","A","S","1","","","1","","1","","0",""
"6429","","10","2984","2ª 450/600 h","709","1112","Revisão 450/600 h","","","S","","","0","0,00","","A","","","N","A","S","1","","","1","","1","","0",""
"6430","","10","2984","3ª 800 h","709","1112","Revisão 800 h","","","S","","","0","0,00","","A","","","N","A","S","1","","","1","","1","","0",""
"6431","","10","2984","4ª 1100 / 1150 h","709","1112","Revisão 1.100/1.150 h","","","S","","","0","0,00","","A","","","N","A","S","1","","","1","","1","","0",""
"6432","","10","2984","5ª 1500 h","709","1112","Revisão 1500 h","","","S","","","0","0,00","","A","","","N","A","S","1","","","1","","1","","0",""
"6433","","7","2984","1ª 100 h","709","1111","Revisão 100 h","","","S","","","0","0,00","","A","","","N","A","S","1","","","1","","1","","0",""
"6434","","7","2984","2ª 450/600 h","709","1111","Revisão 450/600 h","","","S","","","0","0,00","","A","","","N","A","S","1","","","1","","1","","0",""
"6435","","7","2984","3ª 800 h","709","1111","Revisão 800 h","","","S","","","0","0,00","","A","","","N","A","S","1","","","1","","1","","0",""
"6436","","7","2984","4ª 1100 / 1150 h","709","1111","Revisão 1.100/1.150 h","","","S","","","0","0,00","","A","","","N","A","S","1","","","1","","1","","0",""
"6437","","7","2984","5ª 1500 h","709","1111","Revisão 1500 h","","","S","","","0","0,00","","A","","","N","A","S","1","","","1","","1","","0",""
"6438","","5","2963","","709","1143","Revisão Término Garantia","","","S","","","0","0,00","","A","","","N","A","S","","","","1","","1","","0",""
"6439","","10","2963","","709","1112","Revisão Término Garantia","","","S","","","0","0,00","","A","","","N","A","S","","","","1","","1","","0",""
"6440","","7","2963","","709","1111","Revisão Término Garantia","","","S","","","0","0,00","","A","","","N","A","S","","","","1","","1","","0",""
"6441","","1","2963","","709","1107","Revisão Término Garantia","","","S","","","0","0,00","","A","","","N","A","S","","","","1","","1","","0",""
"6442","","5","2931","","700","1137","","","","S","","","0","0,00","","A","","","N","A","S","","","","1","","1","","0",""
"6443","","10","2931","","700","1140","","","","S","","","0","0,00","","A","","","N","A","S","","","","1","","1","","0",""
"6444","","7","2931","","700","1138","","","","S","","","0","0,00","","A","","","N","A","S","","","","1","","1","","0",""
"6445","","1","2931","","700","1133","","","","S","","","0","0,00","","A","","","N","A","S","","","","1","","1","","0",""
"6446","","5","2929","","693","1137","","","","S","","","0","0,00","","A","","","N","A","S","","","","1","","1","","0",""
"6447","","10","2929","","693","1140","","","","S","","","0","0,00","","A","","","N","A","S","","","","1","","1","","0",""
"6448","","7","2929","","693","1138","","","","S","","","0","0,00","","A","","","N","A","S","","","","1","","1","","0",""
"6449","","1","2929","","693","1133","","","","S","","","0","0,00","","A","","","N","A","S","","","","1","","1","","0",""
"6450","","5","2930","","688","1143","","","","S","","","0","0,00","","A","","","N","A","S","","","","1","","1","","0",""
"6451","","10","2930","","688","1112","","","","S","","","0","0,00","","A","","","N","A","S","","","","1","","1","","0",""
"6452","","7","2930","","688","1111","","","","S","","","0","0,00","","A","","","N","A","S","","","","1","","1","","0",""
"6453","","1","2930","","688","1107","","","","S","","","0","0,00","","A","","","N","A","S","","","","1","","1","","0",""
"6454","","5","2970","","692","1143","","","","S","","","0","0,00","","A","","","N","A","S","","","","1","","1","","0",""
"6455","","10","2970","","692","1112","","","","S","","","0","0,00","","A","","","N","A","S","","","","1","","1","","0",""
"6456","","7","2970","","692","1111","","","","S","","","0","0,00","","A","","","N","A","S","","","","1","","1","","0",""
"6457","","1","2970","","692","1107","","","","S","","","0","0,00","","A","","","N","A","S","","","","1","","1","","0",""
"6458","","5","2966","","692","1143","","","","S","","","0","0,00","","A","","","N","A","S","","","","1","","1","","0",""
"6459","","10","2966","","692","1112","","","","S","","","0","0,00","","A","","","N","A","S","","","","1","","1","","0",""
"6460","","7","2966","","692","1111","","","","S","","","0","0,00","","A","","","N","A","S","","","","1","","1","","0",""
"6461","","1","2966","","692","1107","","","","S","","","0","0,00","","A","","","N","A","S","","","","1","","1","","0",""
"6502","","5","2935","","699","1143","","","","S","","","0","0,00","","A","","","N","A","S","","","","1","","1","","0",""
"6503","","10","2935","","699","1112","","","","S","","","0","0,00","","A","","","N","A","S","","","","1","","1","","0",""
"6504","","7","2935","","699","1111","","","","S","","","0","0,00","","A","","","N","A","S","","","","1","","1","","0",""
"6505","","1","2935","","699","1107","","","","S","","","0","0,00","","A","","","N","A","S","","","","1","","1","","0",""
"6506","","5","2936","","689","1290","","","","S","","","0","0,00","","A","","","N","A","S","","","","1","","1","","0",""
"6507","","10","2936","","689","1286","","","","S","","","0","0,00","","A","","","N","A","S","","","","1","","1","","0",""
"6508","","7","2936","","689","1285","","","","S","","","0","0,00","","A","","","N","A","S","","","","1","","1","","0",""
"6509","","1","2936","","689","1281","","","","S","","","0","0,00","","A","","","N","A","S","","","","1","","1","","0",""
"6510","","5","2928","","709","1143","","","","S","","","0","0,00","","A","","","N","A","S","","","","1","","1","","0",""
"6511","","10","2928","","709","1112","","","","S","","","0","0,00","","A","","","N","A","S","","","","1","","1","","0",""
"6512","","7","2928","","709","1111","","","","S","","","0","0,00","","A","","","N","A","S","","","","1","","1","","0",""
"6513","","1","2928","","709","1107","","","","S","","","0","0,00","","A","","","N","A","S","","","","1","","1","","0",""
"6514","","5","2971","","","1143","","","","N","","","0","0,00","","A","","","S","C","S","","","","","","1","","0",""
"6515","","10","2971","","","1112","","","","N","","","0","0,00","","A","","","S","C","S","","","","","","1","","0",""
"6516","","7","2971","","","1111","","","","N","","","0","0,00","","A","","","S","C","S","","","","","","1","","0",""
"6517","","1","2971","","","1107","","","","N","","","0","0,00","","A","","","S","C","S","","","","","","1","","0",""
"6518","","5","2973","","","1143","","","","N","","","0","0,00","","A","","","S","C","S","","","","","","1","","0",""
"6519","","10","2973","","","1112","","","","N","","","0","0,00","","A","","","S","C","S","","","","","","1","","0",""
"6520","","7","2973","","","1111","","","","N","","","0","0,00","","A","","","S","C","S","","","","","","1","","0",""
"6521","","1","2973","","","1107","","","","N","","","0","0,00","","A","","","S","C","S","","","","","","1","","0",""
"6522","","5","2974","","709","1143","","","","S","","","0","0,00","","A","","","N","A","S","","","","1","","1","","0",""
"6523","","10","2974","","709","1112","","","","S","","","0","0,00","","A","","","N","A","S","","","","1","","1","","0",""
"6524","","7","2974","","709","1111","","","","S","","","0","0,00","","A","","","N","A","S","","","","1","","1","","0",""
"6525","","1","2974","","709","1107","","","","S","","","0","0,00","","A","","","N","A","S","","","","1","","1","","0",""
"6526","","5","2975","","687","1143","","","","S","","","0","0,00","","A","","","N","A","S","","","","1","","1","","0",""
"6527","","10","2975","","687","1112","","","","S","","","0","0,00","","A","","","N","A","S","","","","1","","1","","0",""
"6528","","7","2975","","687","1111","","","","S","","","0","0,00","","A","","","N","A","S","","","","1","","1","","0",""
"6529","","1","2975","","687","1107","","","","S","","","0","0,00","","A","","","N","A","S","","","","1","","1","","0",""
"6530","","5","2990","","709","1143","","","","S","","","0","0,00","","A","","","N","A","S","","","","1","","1","","0",""
"6531","","10","2990","","709","1112","","","","S","","","0","0,00","","A","","","N","A","S","","","","1","","1","","0",""
"6532","","7","2990","","709","1111","","","","S","","","0","0,00","","A","","","N","A","S","","","","","","1","","0",""
"6533","","1","2990","","709","1107","","","","S","","","0","0,00","","A","","","N","A","S","","","","1","","1","","0",""
"6534","","5","2934","","694","1290","","","","S","","","0","0,00","","A","","","N","A","S","","","","1","","1","","0",""
"6535","","10","2934","","694","1286","","","","S","","","0","0,00","","A","","","N","A","S","","","","1","","1","","0",""
"6536","","7","2934","","694","1285","","","","S","","","0","0,00","","A","","","N","A","S","","","","1","","1","","0",""
"6537","","1","2934","","694","1281","","","","S","","","0","0,00","","A","","","N","A","S","","","","1","","1","","0",""
"6538","","","3136","DSI","744","-15","","","","N","","","0","0,00","","A","","","N","A","S","1","","","","","1","","0",""
"6539","","","3136","Serviços/Peças","730","-15","","","","N","","","0","0,00","","A","","","N","A","S","1","","","","","","","0",""
"6540","","5","3164","","742","1290","","","","S","","","0","0,00","","A","","","N","A","S","1","","","","","1","","0",""
"6541","","10","3164","","742","1286","","","","S","","","0","0,00","","A","","","N","A","S","","","","","","1","","0",""
"6542","","7","3164","","742","1285","","","","S","","","0","0,00","","A","","","N","A","S","","","","","","1","","0",""
"6543","","1","3164","","742","1281","","","","S","","","0","0,00","","A","","","N","A","S","","","","","","1","","0",""
"6737","","15","2716","Falta de Peça","667","1304","","","","S","","","0","0,00","","A","","","N","A","S","1","","","1","","1","","0",""
"6738","","15","2716","Nova Peça c/Defeito","667","1304","","","","S","","","0","0,00","","A","","","N","A","S","1","","","1","","1","","0",""
"6739","","16","2716","Falta de Peça","667","1305","","","","S","","","0","0,00","","A","","","N","A","S","1","","","1","","1","","0",""
"6740","","16","2716","Nova Peça c/Defeito","667","1305","","","","S","","","0","0,00","","A","","","N","A","S","1","","","1","","1","","0",""
"6741","","17","2716","Falta de Peça","667","1306","","","","S","","","0","0,00","","A","","","N","A","S","1","","","1","","1","","0",""
"6742","","17","2716","Nova Peça c/Defeito","667","1306","","","","S","","","0","0,00","","A","","","N","A","S","1","","","1","","1","","0",""
"6743","","18","2716","Falta de Peça","667","1307","","","","S","","","0","0,00","","A","","","N","A","S","1","","","1","","1","","0",""
"6744","","18","2716","Nova Peça c/Defeito","667","1307","","","","S","","","0","0,00","","A","","","N","A","S","1","","","1","","1","","0",""
"6745","","13","2718","","","1115","","","","S","","","0","0,00","","A","","","N","C","S","","","","","","1","","0",""
"6746","","14","2718","","","1116","","","","S","","","0","0,00","","A","","","N","C","S","","","","","","1","","0",""
"6747","","15","2718","","","1117","","","","S","","","0","0,00","","A","","","N","C","S","","","","","","1","","0",""
"6748","","16","2718","","","1118","","","","S","","","0","0,00","","A","","","N","C","S","","","","","","1","","0",""
"6749","","17","2718","","","1119","","","","S","","","0","0,00","","A","","","N","C","S","","","","","","1","","0",""
"6750","","18","2718","","","1120","","","","S","","","0","0,00","","A","","","N","C","S","","","","","","1","","0",""
"6751","","13","2796","Cortesia Total","668","1101","","","","S","","","0","0,00","","A","","","N","A","S","1","","","1","","1","","0",""
"6752","","14","2796","Cortesia Total","668","1102","","","","S","","","0","0,00","","A","","","N","A","S","1","","","1","","1","","0",""
"6753","","15","2796","Cortesia Total","668","1103","","","","S","","","0","0,00","","A","","","N","A","S","1","","","1","","1","","0",""
"6754","","16","2796","Cortesia Total","668","1104","","","","S","","","0","0,00","","A","","","N","A","S","1","","","1","","1","","0",""
"6755","","17","2796","Cortesia Total","668","1105","","","","S","","","0","0,00","","A","","","N","A","S","1","","","1","","1","","0",""
"6756","","18","2796","Cortesia Total","668","1106","","","","S","","","0","0,00","","A","","","N","A","S","1","","","1","","1","","0",""
"6757","","13","2796","Cortesia Parcial","668","1101","","","","S","","","0","0,00","","A","","","N","A","S","1","","","1","","1","","0",""
"6758","","14","2796","Cortesia Parcial","668","1102","","","","S","","","0","0,00","","A","","","N","A","S","1","","","1","","1","","0",""
"6759","","15","2796","Cortesia Parcial","668","1103","","","","S","","","0","0,00","","A","","","N","A","S","1","","","1","","1","","0",""
"6760","","16","2796","Cortesia Parcial","668","1104","","","","S","","","0","0,00","","A","","","N","A","S","1","","","1","","1","","0",""
"6761","","17","2796","Cortesia Parcial","668","1105","","","","S","","","0","0,00","","A","","","N","A","S","1","","","1","","1","","0",""
"6762","","18","2796","Cortesia Parcial","668","1106","","","","S","","","0","0,00","","A","","","N","A","S","1","","","1","","1","","0",""
"6763","","13","2720","","647","1101","","","","S","","","0","0,00","","A","","","N","A","S","","","","1","","1","","0",""
"6764","","14","2720","","647","1102","","","","S","","","0","0,00","","A","","","N","A","S","","","","1","","1","","0",""
"6765","","15","2720","","647","1103","","","","S","","","0","0,00","","A","","","N","A","S","","","","1","","1","","0",""
"6766","","16","2720","","647","1104","","","","S","","","0","0,00","","A","","","N","A","S","","","","1","","1","","0",""
"6767","","17","2720","","647","1105","","","","S","","","0","0,00","","A","","","N","A","S","","","","1","","1","","0",""
"6768","","18","2720","","647","1106","","","","S","","","0","0,00","","A","","","N","A","S","","","","1","","1","","0",""
"6769","","13","2791","","660","1115","","","","S","","","0","0,00","","A","","","N","A","S","","","","1","","1","","0",""
"6770","","14","2791","","660","1116","","","","S","","","0","0,00","","A","","","N","A","S","","","","1","","1","","0",""
"6771","","15","2791","","660","1117","","","","S","","","0","0,00","","A","","","N","A","S","","","","1","","1","","0",""
"6772","","16","2791","","660","1118","","","","S","","","0","0,00","","A","","","N","A","S","","","","1","","1","","0",""
"6773","","17","2791","","660","1119","","","","S","","","0","0,00","","A","","","N","A","S","","","","1","","1","","0",""
"6774","","18","2791","","660","1120","","","","S","","","0","0,00","","A","","","N","A","S","","","","1","","1","","0",""
"6816","","18","2780","","636","1120","","","","S","","","0","0,00","","A","","","N","A","S","","","","","","1","","0",""
"6817","","13","2750","Foto Incorreta","666","1101","Corrigir Imagem Conforme RGA","","","S","","","0","0,00","","A","","","N","A","S","1","","","","","1","","0",""
"6818","","13","2750","S/ Cód Rastreamento","666","1101","Inserir Cód de Rastreamento","","","S","","","0","0,00","","A","","","N","A","S","1","","","","","1","","0",""
"6819","","14","2750","Foto Incorreta","666","1102","Corrigir Imagem Conforme RGA","","","S","","","0","0,00","","A","","","N","A","S","1","","","","","1","","0",""
"6820","","14","2750","S/ Cód Rastreamento","666","1102","Inserir Cód de Rastreamento","","","S","","","0","0,00","","A","","","N","A","S","1","","","","","1","","0",""
"6821","","15","2750","Foto Incorreta","666","1103","Corrigir Imagem Conforme RGA","","","S","","","0","0,00","","A","","","N","A","S","1","","","","","1","","0",""
"6822","","15","2750","S/ Cód Rastreamento","666","1103","Inserir Cód de Rastreamento","","","S","","","0","0,00","","A","","","N","A","S","1","","","","","1","","0",""
"6823","","16","2750","Foto Incorreta","666","1104","Corrigir Imagem Conforme RGA","","","S","","","0","0,00","","A","","","N","A","S","1","","","","","1","","0",""
"6824","","16","2750","S/ Cód Rastreamento","666","1104","Inserir Cód de Rastreamento","","","S","","","0","0,00","","A","","","N","A","S","1","","","","","1","","0",""
"6825","","17","2750","Foto Incorreta","666","1105","Corrigir Imagem Conforme RGA","","","S","","","0","0,00","","A","","","N","A","S","1","","","","","1","","0",""
"6826","","17","2750","S/ Cód Rastreamento","666","1105","Inserir Cód de Rastreamento","","","S","","","0","0,00","","A","","","N","A","S","1","","","","","1","","0",""
"6827","","18","2750","Foto Incorreta","666","1106","Corrigir Imagem Conforme RGA","","","S","","","0","0,00","","A","","","N","A","S","1","","","","","1","","0",""
"6828","","18","2750","S/ Cód Rastreamento","666","1106","Inserir Cód de Rastreamento","","","S","","","0","0,00","","A","","","N","A","S","1","","","","","1","","0",""
"6829","","13","2779","","647","1101","","","","S","","","0","0,00","","A","","","N","A","S","","","","1","","1","","0",""
"6830","","14","2779","","647","1102","","","","S","","","0","0,00","","A","","","N","A","S","","","","1","","1","","0",""
"6831","","15","2779","","647","1103","","","","S","","","0","0,00","","A","","","N","A","S","","","","1","","1","","0",""
"6832","","16","2779","","647","1104","","","","S","","","0","0,00","","A","","","N","A","S","","","","1","","1","","0",""
"6833","","17","2779","","647","1105","","","","S","","","0","0,00","","A","","","N","A","S","","","","1","","1","","0",""
"6834","","18","2779","","647","1106","","","","S","","","0","0,00","","A","","","N","A","S","","","","1","","1","","0",""
"6835","","13","3020","","629","1132","","","","S","","","0","0,00","","A","","","N","A","S","","","","","","1","","0",""
"6836","","14","3020","","629","1132","","","","S","","","0","0,00","","A","","","N","A","S","","","","","","1","","0",""
"6837","","15","3020","","629","1132","","","","S","","","0","0,00","","A","","","N","A","S","","","","","","1","","0",""
"6838","","16","3020","","629","1132","","","","S","","","0","0,00","","A","","","N","A","S","","","","","","1","","0",""
"6839","","17","3020","","629","1132","","","","S","","","0","0,00","","A","","","N","A","S","","","","","","1","","0",""
"6840","","18","3020","","629","1132","","","","S","","","0","0,00","","A","","","N","A","S","","","","","","1","","0",""
"6841","","13","2768","","636","1115","","","","S","","","0","0,00","","A","","","N","A","S","","","","","","1","","0",""
"6842","","14","2768","","636","1116","","","","S","","","0","0,00","","A","","","N","A","S","","","","","","1","","0",""
"6843","","15","2768","","636","1117","","","","S","","","0","0,00","","A","","","N","A","S","","","","","","1","","0",""
"6844","","16","2768","","636","1118","","","","S","","","0","0,00","","A","","","N","A","S","","","","","","1","","0",""
"6845","","17","2768","","636","1119","","","","S","","","0","0,00","","A","","","N","A","S","","","","","","1","","0",""
"6846","","18","2768","","636","1120","","","","S","","","0","0,00","","A","","","N","A","S","","","","","","1","","0",""
"6847","","13","2770","","657","1115","","","","S","","","0","0,00","","A","","","N","A","S","","","","1","","1","","0",""
"6848","","14","2770","","657","1116","","","","S","","","0","0,00","","A","","","N","A","S","","","","1","","1","","0",""
"6849","","15","2770","","657","1117","","","","S","","","0","0,00","","A","","","N","A","S","","","","1","","1","","0",""
"6850","","16","2770","","657","1118","","","","S","","","0","0,00","","A","","","N","A","S","","","","1","","1","","0",""
"6851","","17","2770","","657","1119","","","","S","","","0","0,00","","A","","","N","A","S","","","","1","","1","","0",""
"6893","","17","2506","","596","1259","","","0","N","","","0","0,00","","A","","","S","A","S","1","","0","0","","1","0","0",""
"6894","","18","2506","","596","1260","","","0","N","","","0","0,00","","A","","","S","A","S","1","","0","0","","1","0","0",""
"6895","","13","2578","Verificação Contrato","612","1255","","","","S","","","0","0,00","","A","","","S","A","S","1","","","","","1","","0",""
"6896","","14","2578","Verificação Contrato","612","1256","","","","S","","","0","0,00","","A","","","S","A","S","1","","","","","1","","0",""
"6897","","15","2578","Verificação Contrato","612","1257","","","","S","","","0","0,00","","A","","","S","A","S","1","","","","","1","","0",""
"6898","","16","2578","Verificação Contrato","612","1258","","","","S","","","0","0,00","","A","","","S","A","S","1","","","","","1","","0",""
"6899","","17","2578","Verificação Contrato","612","1259","","","","S","","","0","0,00","","A","","","S","A","S","1","","","","","1","","0",""
"6900","","18","2578","Verificação Contrato","612","1260","","","","S","","","0","0,00","","A","","","S","A","S","1","","","","","1","","0",""
"6901","","13","2582","","600","1255","Com Pendência","","","S","","","0","0,00","","A","","","N","A","S","","","","","","1","","0",""
"6902","","14","2582","","600","1256","Com Pendência","","","S","","","0","0,00","","A","","","N","A","S","","","","","","1","","0",""
"6903","","15","2582","","600","1257","Com Pendência","","","S","","","0","0,00","","A","","","N","A","S","","","","","","1","","0",""
"6904","","16","2582","","600","1258","Com Pendência","","","S","","","0","0,00","","A","","","N","A","S","","","","","","1","","0",""
"6905","","17","2582","","600","1259","Com Pendência","","","S","","","0","0,00","","A","","","N","A","S","","","","","","1","","0",""
"6906","","18","2582","","600","1260","Com Pendência","","","S","","","0","0,00","","A","","","N","A","S","","","","","","1","","0",""
"6907","","13","2587","","611","1255","","","","N","","","0","0,00","","A","","","S","A","S","","","","","","1","","0",""
"6908","","14","2587","","611","1256","","","","N","","","0","0,00","","A","","","S","A","S","","","","","","1","","0",""
"6909","","15","2587","","611","1257","","","","N","","","0","0,00","","A","","","S","A","S","","","","","","1","","0",""
"6910","","16","2587","","611","1258","","","","N","","","0","0,00","","A","","","S","A","S","","","","","","1","","0",""
"6911","","17","2587","","611","1259","","","","N","","","0","0,00","","A","","","S","A","S","","","","","","1","","0",""
"6912","","18","2587","","611","1260","","","","N","","","0","0,00","","A","","","S","A","S","","","","","","1","","0",""
"6913","","13","2529","","710","1255","","","","S","","","0","0,00","","A","","","N","A","S","","","","","","1","","0",""
"6914","","14","2529","","710","1256","","","","S","","","0","0,00","","A","","","N","A","S","","","","","","1","","0",""
"6915","","15","2529","","710","1257","","","","S","","","0","0,00","","A","","","N","A","S","","","","","","1","","0",""
"6916","","16","2529","","710","1258","","","","S","","","0","0,00","","A","","","N","A","S","","","","","","1","","0",""
"6917","","17","2529","","710","1259","","","","S","","","0","0,00","","A","","","N","A","S","","","","","","1","","0",""
"6918","","18","2529","","710","1260","","","","S","","","0","0,00","","A","","","N","A","S","","","","","","1","","0",""
"6925","","13","2595","","601","1255","Com Pendência","","","N","","","0","0,00","","A","","","S","A","S","","","","","","1","","0",""
"6926","","14","2595","","601","1256","Com Pendência","","","N","","","0","0,00","","A","","","S","A","S","","","","","","1","","0",""
"6927","","15","2595","","601","1257","Com Pendência","","","N","","","0","0,00","","A","","","S","A","S","","","","","","1","","0",""
"6928","","16","2595","","601","1258","Com Pendência","","","N","","","0","0,00","","A","","","S","A","S","","","","","","1","","0",""
"6929","","17","2595","","601","1259","Com Pendência","","","N","","","0","0,00","","A","","","S","A","S","","","","","","1","","0",""
"6930","","18","2595","","601","1260","Com Pendência","","","N","","","0","0,00","","A","","","S","A","S","","","","","","1","","0",""
"6966","","","2880","Marília","675","1120","","","","S","","","0","0,00","","A","","","N","A","S","1","","","","","1","","0",""
"6967","","13","3036","","722","1101","","","","S","","","0","0,00","","A","","","N","A","S","","","","0","","1","","0",""
"6968","","14","3036","","722","1102","","","","S","","","0","0,00","","A","","","N","A","S","","","","0","","1","","0",""
"6969","","15","3036","","722","1103","","","","S","","","0","0,00","","A","","","N","A","S","","","","0","","1","","0",""
"6970","","16","3036","","722","1104","","","","S","","","0","0,00","","A","","","N","A","S","","","","0","","1","","0",""
"6971","","17","3036","","722","1105","","","","S","","","0","0,00","","A","","","N","A","S","","","","0","","1","","0",""
"6972","","18","3036","","722","1106","","","","S","","","0","0,00","","A","","","N","A","S","","","","0","","1","","0",""
"6973","","","2878","S. J. do Rio Preto","679","1302","","","","S","","","0","0,00","","A","","","N","A","S","1","","","1","","1","","0",""
"6974","","","2878","Catanduva","679","1303","","","","S","","","0","0,00","","A","","","N","A","S","1","","","1","","1","","0",""
"6975","","","2878","Jales","679","1304","","","","S","","","0","0,00","","A","","","N","A","S","1","","","1","","1","","0",""
"6976","","","2878","Votuporanga","679","1305","","","","S","","","0","0,00","","A","","","N","A","S","1","","","1","","1","","0",""
"6977","","","2878","Tupã","679","1306","","","","S","","","0","0,00","","A","","","N","A","S","1","","","1","","1","","0",""
"6978","","","2878","Marília","679","1307","","","","S","","","0","0,00","","A","","","N","A","S","1","","","1","","1","","0",""
"6979","","13","3037","","720","1101","Retornado Seguradora","","","S","","","0","0,00","","A","","","N","A","S","","","","","","1","","0",""
"6980","","14","3037","","720","1102","Retornado Seguradora","","","S","","","0","0,00","","A","","","N","A","S","","","","","","1","","0",""
"6981","","15","3037","","720","1103","Retornado Seguradora","","","S","","","0","0,00","","A","","","N","A","S","","","","","","1","","0",""
"6982","","16","3037","","720","1104","Retornado Seguradora","","","S","","","0","0,00","","A","","","N","A","S","","","","","","1","","0",""
"6983","","17","3037","","720","1105","Retornado Seguradora","","","S","","","0","0,00","","A","","","N","A","S","","","","","","1","","0",""
"6984","","18","3037","","720","1106","Retornado Seguradora","","","S","","","0","0,00","","A","","","N","A","S","","","","","","1","","0",""
"6985","","13","2903","","676","1101","Cadastro Desbloqueado","","0","S","","","0","0,00","","A","","","N","A","S","100","","0","1","","1","0","0",""
"6986","","14","2903","","676","1102","Cadastro Desbloqueado","","0","S","","","0","0,00","","A","","","N","A","S","100","","0","1","","1","0","0",""
"6987","","15","2903","","676","1103","Cadastro Desbloqueado","","0","S","","","0","0,00","","A","","","N","A","S","100","","0","1","","1","0","0",""
"6988","","16","2903","","676","1104","Cadastro Desbloqueado","","0","S","","","0","0,00","","A","","","N","A","S","100","","0","1","","1","0","0",""
"6989","","17","2903","","676","1105","Cadastro Desbloqueado","","0","S","","","0","0,00","","A","","","N","A","S","100","","0","1","","1","0","0",""
"6990","","18","2903","","676","1106","Cadastro Desbloqueado","","0","S","","","0","0,00","","A","","","N","A","S","100","","0","1","","1","0","0",""
"6991","","","2873","S. J. do Rio Preto","676","1115","","","","S","","","0","0,00","","A","","","N","A","S","1","","","1","","1","","0",""
"6992","","","2873","Catanduva","676","1116","","","","S","","","0","0,00","","A","","","N","A","S","1","","","1","","1","","0",""
"6993","","","2873","Jales","676","1117","","","","S","","","0","0,00","","A","","","N","A","S","1","","","1","","1","","0",""
"6994","","","2873","Votuporanga","676","1118","","","","S","","","0","0,00","","A","","","N","A","S","1","","","1","","1","","0",""
"6995","","","2873","Tupã","676","1119","","","","S","","","0","0,00","","A","","","N","A","S","1","","","1","","1","","0",""
"6996","","","2873","Marília","676","1120","","","","S","","","0","0,00","","A","","","N","A","S","1","","","1","","1","","0",""
"6997","","13","2874","","","1115","","","","N","","","0","0,00","","A","","","S","C","S","","","","","","1","","0",""
"6998","","14","2874","","","1116","","","","N","","","0","0,00","","A","","","S","C","S","","","","","","1","","0",""
"6999","","15","2874","","","1117","","","","N","","","0","0,00","","A","","","S","C","S","","","","","","1","","0",""
"7000","","16","2874","","","1118","","","","N","","","0","0,00","","A","","","S","C","S","","","","","","1","","0",""
"7001","","17","2874","","","1119","","","","N","","","0","0,00","","A","","","S","C","S","","","","","","1","","0",""
"7002","","18","2874","","","1120","","","","N","","","0","0,00","","A","","","S","C","S","","","","","","1","","0",""
"7043","","","2869","Tupã","671","1119","","","0","S","","","0","0,00","","A","","","N","A","S","1","","0","0","","0","0","0",""
"7044","","","2869","Marília","671","1120","","","0","S","","","0","0,00","","A","","","N","A","S","1","","0","0","","0","0","0",""
"7045","","","2857","São José Do Rio Pret","677","1302","","","","S","","","0","0,00","","A","","","N","A","S","1","","","","","1","","0",""
"7046","","","2857","Catanduva","677","1303","","","","S","","","0","0,00","","A","","","N","A","S","1","","","","","1","","0",""
"7047","","","2857","Jales","677","1304","","","","S","","","0","0,00","","A","","","N","A","S","1","","","","","1","","0",""
"7048","","","2857","Votuporanga","677","1305","","","","S","","","0","0,00","","A","","","N","A","S","1","","","","","1","","0",""
"7049","","","2857","Tupã","677","1306","","","","S","","","0","0,00","","A","","","N","A","S","1","","","","","1","","0",""
"7050","","","2857","Márilia","677","1307","","","","S","","","0","0,00","","A","","","N","A","S","1","","","","","1","","0",""
"7051","","13","2869","","","1255","","","0","S","","","0","0,00","","A","","","N","C","S","1","","0","0","","1","0","0",""
"7052","","14","2869","","","1256","","","0","S","","","0","0,00","","A","","","N","C","S","1","","0","0","","1","0","0",""
"7053","","15","2869","","","1257","","","0","S","","","0","0,00","","A","","","N","C","S","1","","0","0","","1","0","0",""
"7054","","16","2869","","","1258","","","0","S","","","0","0,00","","A","","","N","C","S","1","","0","0","","1","0","0",""
"7055","","17","2869","","","1259","","","0","S","","","0","0,00","","A","","","N","C","S","1","","0","0","","1","0","0",""
"7056","","18","2869","","","1260","","","0","S","","","0","0,00","","A","","","N","C","S","1","","0","0","","1","0","0",""
"7057","","","2870","S.J. do Rio Preto","677","1302","","","","S","","","0","0,00","","A","","","N","A","S","","","","1","","1","","0",""
"7058","","","2870","Catanduva","677","1303","","","","S","","","0","0,00","","A","","","N","A","S","","","","1","","1","","0",""
"7059","","","2870","Jales","677","1304","","","","S","","","0","0,00","","A","","","N","A","S","","","","1","","1","","0",""
"7060","","","2870","Votuporanga","677","1305","","","","S","","","0","0,00","","A","","","N","A","S","","","","1","","1","","0",""
"7061","","","2870","Tupã","677","1306","","","","S","","","0","0,00","","A","","","N","A","S","","","","1","","1","","0",""
"7062","","","2870","Marília","677","1307","","","","S","","","0","0,00","","A","","","N","A","S","","","","1","","1","","0",""
"7063","","","2858","São José Do Rio Pret","676","1115","","","0","S","","","0","0,00","","A","","","N","A","S","1","","0","1","","1","0","0",""
"7064","","","2858","Catanduva","676","1116","","","0","S","","","0","0,00","","A","","","N","A","S","1","","0","1","","1","0","0",""
"7065","","","2858","Jales","676","1117","","","0","S","","","0","0,00","","A","","","N","A","S","1","","0","1","","1","0","0",""
"7066","","","2858","Votuporanga","676","1118","","","0","S","","","0","0,00","","A","","","N","A","S","1","","0","1","","1","0","0",""
"7067","","","2858","Tupã","676","1119","","","0","S","","","0","0,00","","A","","","N","A","S","1","","0","1","","1","0","0",""
"7068","","","2858","Márilia","676","1120","","","0","S","","","0","0,00","","A","","","N","A","S","1","","0","1","","1","0","0",""
"7069","","13","2871","","680","1101","","","","S","","","0","0,00","","A","","","N","A","S","","","","","","1","","0",""
"7070","","14","2871","","680","1102","","","","S","","","0","0,00","","A","","","N","A","S","","","","","","1","","0",""
"7071","","15","2871","","680","1103","","","","S","","","0","0,00","","A","","","N","A","S","","","","","","1","","0",""
"7072","","16","2871","","680","1104","","","","S","","","0","0,00","","A","","","N","A","S","","","","","","1","","0",""
"7073","","17","2871","","680","1105","","","","S","","","0","0,00","","A","","","N","A","S","","","","","","1","","0",""
"7074","","18","2871","","680","1106","","","","S","","","0","0,00","","A","","","N","A","S","","","","","","1","","0",""
"7075","","","2861","São José Do Rio Pret","676","1115","","","0","S","","","0","0,00","","A","","","N","A","S","1","","0","1","","1","0","0",""
"7076","","","2861","Catanduva","676","1116","","","0","S","","","0","0,00","","A","","","N","A","S","1","","0","1","","1","0","0",""
"7077","","","2861","Jales","676","1117","","","0","S","","","0","0,00","","A","","","N","A","S","1","","0","1","","1","0","0",""
"7078","","","2861","Votuporanga","676","1118","","","0","S","","","0","0,00","","A","","","N","A","S","1","","0","1","","1","0","0",""
"7079","","","2861","Tupã","676","1119","","","0","S","","","0","0,00","","A","","","N","A","S","1","","0","1","","1","0","0",""
"7117","","13","2927","","697","1302","","","","S","","","0","0,00","","A","","","N","A","S","","","","1","","1","","0",""
"7118","","14","2927","","697","1303","","","","S","","","0","0,00","","A","","","N","A","S","","","","1","","1","","0",""
"7119","","15","2927","","697","1304","","","","S","","","0","0,00","","A","","","N","A","S","","","","1","","1","","0",""
"7120","","16","2927","","697","1305","","","","S","","","0","0,00","","A","","","N","A","S","","","","1","","1","","0",""
"7121","","17","2927","","697","1306","","","","S","","","0","0,00","","A","","","N","A","S","","","","1","","1","","0",""
"7122","","18","2927","","697","1307","","","","S","","","0","0,00","","A","","","N","A","S","","","","1","","1","","0",""
"7123","","13","2968","","687","1115","","","","S","","","0","0,00","","A","","","N","A","S","","","","1","","1","","0",""
"7124","","14","2968","","687","1116","","","","S","","","0","0,00","","A","","","N","A","S","","","","1","","1","","0",""
"7125","","15","2968","","687","1117","","","","S","","","0","0,00","","A","","","N","A","S","","","","1","","1","","0",""
"7126","","16","2968","","687","1118","","","","S","","","0","0,00","","A","","","N","A","S","","","","1","","1","","0",""
"7127","","17","2968","","687","1119","","","","S","","","0","0,00","","A","","","N","A","S","","","","1","","1","","0",""
"7128","","18","2968","","687","1120","","","","S","","","0","0,00","","A","","","N","A","S","","","","1","","1","","0",""
"7129","","13","2969","","693","1302","","","","S","","","0","0,00","","A","","","N","A","S","","","","1","","1","","0",""
"7130","","14","2969","","693","1303","","","","S","","","0","0,00","","A","","","N","A","S","","","","1","","1","","0",""
"7131","","15","2969","","693","1304","","","","S","","","0","0,00","","A","","","N","A","S","","","","1","","1","","0",""
"7132","","16","2969","","693","1305","","","","S","","","0","0,00","","A","","","N","A","S","","","","1","","1","","0",""
"7133","","17","2969","","693","1306","","","","S","","","0","0,00","","A","","","N","A","S","","","","1","","1","","0",""
"7134","","18","2969","","693","1307","","","","S","","","0","0,00","","A","","","N","A","S","","","","1","","1","","0",""
"7135","","13","2998","","709","1115","","","","S","","","0","0,00","","A","","","N","A","S","","","","","","1","","0",""
"7136","","14","2998","","709","1116","","","","S","","","0","0,00","","A","","","N","A","S","","","","","","1","","0",""
"7137","","15","2998","","709","1117","","","","S","","","0","0,00","","A","","","N","A","S","","","","","","1","","0",""
"7138","","16","2998","","709","1118","","","","S","","","0","0,00","","A","","","N","A","S","","","","","","1","","0",""
"7139","","17","2998","","709","1119","","","","S","","","0","0,00","","A","","","N","A","S","","","","","","1","","0",""
"7140","","18","2998","","709","1120","","","","S","","","0","0,00","","A","","","N","A","S","","","","","","1","","0",""
"7141","","13","2994","","","1115","","","","N","","","0","0,00","","A","","","S","C","S","","","","","","1","","0",""
"7142","","13","2994","","708","1255","","","0","S","","","0","0,00","","A","","","N","A","S","100","","0","1","","0","0","0",""
"7143","","14","2994","","","1116","","","","N","","","0","0,00","","A","","","S","C","S","","","","","","1","","0",""
"7144","","14","2994","","708","1256","","","0","S","","","0","0,00","","A","","","N","A","S","100","","0","1","","0","0","0",""
"7145","","15","2994","","","1117","","","","N","","","0","0,00","","A","","","S","C","S","","","","","","1","","0",""
"7146","","15","2994","","708","1257","","","0","S","","","0","0,00","","A","","","N","A","S","100","","0","1","","0","0","0",""
"7147","","16","2994","","","1118","","","","N","","","0","0,00","","A","","","S","C","S","","","","","","1","","0",""
"7148","","16","2994","","708","1258","","","0","S","","","0","0,00","","A","","","N","A","S","100","","0","1","","0","0","0",""
"7149","","17","2994","","","1119","","","","N","","","0","0,00","","A","","","S","C","S","","","","","","1","","0",""
"7150","","17","2994","","708","1259","","","0","S","","","0","0,00","","A","","","N","A","S","100","","0","1","","0","0","0",""
"7151","","18","2994","","","1120","","","","N","","","0","0,00","","A","","","S","C","S","","","","","","1","","0",""
"7152","","18","2994","","708","1260","","","0","S","","","0","0,00","","A","","","N","A","S","100","","0","1","","0","0","0",""
"7153","","13","2999","","708","1255","","","","S","","","0","0,00","","A","","","N","A","S","","","","1","","1","","0",""
"7154","","14","2999","","708","1256","","","","S","","","0","0,00","","A","","","N","A","S","","","","1","","1","","0",""
"7155","","15","2999","","708","1257","","","","S","","","0","0,00","","A","","","N","A","S","","","","1","","1","","0",""
"7156","","16","2999","","708","1258","","","","S","","","0","0,00","","A","","","N","A","S","","","","1","","1","","0",""
"7157","","17","2999","","708","1259","","","","S","","","0","0,00","","A","","","N","A","S","","","","1","","1","","0",""
"7158","","18","2999","","708","1260","","","","S","","","0","0,00","","A","","","N","A","S","","","","1","","1","","0",""
"7199","","","3001","Itápolis","708","1127","","","","S","","","0","0,00","","A","","","N","A","S","","","","","","1","","0",""
"7200","","","3001","Ituverava","708","1159","","","","S","","","0","0,00","","A","","","N","A","S","","","","","","1","","0",""
"7201","","","3001","Jales","708","1257","","","","S","","","0","0,00","","A","","","N","A","S","","","","","","1","","0",""
"7202","","","3001","Marília","708","1260","","","","S","","","0","0,00","","A","","","N","A","S","","","","","","1","","0",""
"7203","","","3001","Monte Alto","708","1160","","","","S","","","0","0,00","","A","","","N","A","S","","","","","","1","","0",""
"7204","","13","2963","","709","1115","Revisão Término Garantia","","","S","","","0","0,00","","A","","","N","A","S","","","","1","","1","","0",""
"7205","","14","2963","","709","1116","Revisão Término Garantia","","","S","","","0","0,00","","A","","","N","A","S","","","","1","","1","","0",""
"7206","","15","2963","","709","1117","Revisão Término Garantia","","","S","","","0","0,00","","A","","","N","A","S","","","","1","","1","","0",""
"7207","","16","2963","","709","1118","Revisão Término Garantia","","","S","","","0","0,00","","A","","","N","A","S","","","","1","","1","","0",""
"7208","","17","2963","","709","1119","Revisão Término Garantia","","","S","","","0","0,00","","A","","","N","A","S","","","","1","","1","","0",""
"7209","","18","2963","","709","1120","Revisão Término Garantia","","","S","","","0","0,00","","A","","","N","A","S","","","","1","","1","","0",""
"7210","","13","2984","1ª 100 h","709","1115","Revisão 100 h","","","S","","","0","0,00","","A","","","N","A","S","1","","","1","","1","","0",""
"7211","","13","2984","2ª 450/600 h","709","1115","Revisão 450/600 h","","","S","","","0","0,00","","A","","","N","A","S","1","","","1","","1","","0",""
"7212","","13","2984","3ª 800 h","709","1115","Revisão 800 h","","","S","","","0","0,00","","A","","","N","A","S","1","","","1","","1","","0",""
"7213","","13","2984","4ª 1100 / 1150 h","709","1115","Revisão 1.100/1.150 h","","","S","","","0","0,00","","A","","","N","A","S","1","","","1","","1","","0",""
"7214","","13","2984","5ª 1500 h","709","1115","Revisão 1500 h","","","S","","","0","0,00","","A","","","N","A","S","1","","","1","","1","","0",""
"7215","","14","2984","1ª 100 h","709","1116","Revisão 100 h","","","S","","","0","0,00","","A","","","N","A","S","1","","","1","","1","","0",""
"7216","","14","2984","2ª 450/600 h","709","1116","Revisão 450/600 h","","","S","","","0","0,00","","A","","","N","A","S","1","","","1","","1","","0",""
"7217","","14","2984","3ª 800 h","709","1116","Revisão 800 h","","","S","","","0","0,00","","A","","","N","A","S","1","","","1","","1","","0",""
"7218","","14","2984","4ª 1100 / 1150 h","709","1116","Revisão 1.100/1.150 h","","","S","","","0","0,00","","A","","","N","A","S","1","","","1","","1","","0",""
"7219","","14","2984","5ª 1500 h","709","1116","Revisão 1500 h","","","S","","","0","0,00","","A","","","N","A","S","1","","","1","","1","","0",""
"7220","","15","2984","1ª 100 h","709","1117","Revisão 100 h","","","S","","","0","0,00","","A","","","N","A","S","1","","","1","","1","","0",""
"7221","","15","2984","2ª 450/600 h","709","1117","Revisão 450/600 h","","","S","","","0","0,00","","A","","","N","A","S","1","","","1","","1","","0",""
"7222","","15","2984","3ª 800 h","709","1117","Revisão 800 h","","","S","","","0","0,00","","A","","","N","A","S","1","","","1","","1","","0",""
"7223","","15","2984","4ª 1100 / 1150 h","709","1117","Revisão 1.100/1.150 h","","","S","","","0","0,00","","A","","","N","A","S","1","","","1","","1","","0",""
"7224","","15","2984","5ª 1500 h","709","1117","Revisão 1500 h","","","S","","","0","0,00","","A","","","N","A","S","1","","","1","","1","","0",""
"7225","","16","2984","1ª 100 h","709","1118","Revisão 100 h","","","S","","","0","0,00","","A","","","N","A","S","1","","","1","","1","","0",""
"7226","","16","2984","2ª 450/600 h","709","1118","Revisão 450/600 h","","","S","","","0","0,00","","A","","","N","A","S","1","","","1","","1","","0",""
"7227","","16","2984","3ª 800 h","709","1118","Revisão 800 h","","","S","","","0","0,00","","A","","","N","A","S","1","","","1","","1","","0",""
"7228","","16","2984","4ª 1100 / 1150 h","709","1118","Revisão 1.100/1.150 h","","","S","","","0","0,00","","A","","","N","A","S","1","","","1","","1","","0",""
"7229","","16","2984","5ª 1500 h","709","1118","Revisão 1500 h","","","S","","","0","0,00","","A","","","N","A","S","1","","","1","","1","","0",""
"7230","","17","2984","1ª 100 h","709","1119","Revisão 100 h","","","S","","","0","0,00","","A","","","N","A","S","1","","","1","","1","","0",""
"7269","","18","2971","","","1120","","","","N","","","0","0,00","","A","","","S","C","S","","","","","","1","","0",""
"7270","","13","2973","","","1115","","","","N","","","0","0,00","","A","","","S","C","S","","","","","","1","","0",""
"7271","","14","2973","","","1116","","","","N","","","0","0,00","","A","","","S","C","S","","","","","","1","","0",""
"7272","","15","2973","","","1117","","","","N","","","0","0,00","","A","","","S","C","S","","","","","","1","","0",""
"7273","","16","2973","","","1118","","","","N","","","0","0,00","","A","","","S","C","S","","","","","","1","","0",""
"7274","","17","2973","","","1119","","","","N","","","0","0,00","","A","","","S","C","S","","","","","","1","","0",""
"7275","","18","2973","","","1120","","","","N","","","0","0,00","","A","","","S","C","S","","","","","","1","","0",""
"7276","","13","2935","","699","1115","","","","S","","","0","0,00","","A","","","N","A","S","","","","1","","1","","0",""
"7277","","14","2935","","699","1116","","","","S","","","0","0,00","","A","","","N","A","S","","","","1","","1","","0",""
"7278","","15","2935","","699","1117","","","","S","","","0","0,00","","A","","","N","A","S","","","","1","","1","","0",""
"7279","","16","2935","","699","1118","","","","S","","","0","0,00","","A","","","N","A","S","","","","1","","1","","0",""
"7280","","17","2935","","699","1119","","","","S","","","0","0,00","","A","","","N","A","S","","","","1","","1","","0",""
"7281","","18","2935","","699","1120","","","","S","","","0","0,00","","A","","","N","A","S","","","","1","","1","","0",""
"7282","","13","2974","","709","1115","","","","S","","","0","0,00","","A","","","N","A","S","","","","1","","1","","0",""
"7283","","14","2974","","709","1116","","","","S","","","0","0,00","","A","","","N","A","S","","","","1","","1","","0",""
"7284","","15","2974","","709","1117","","","","S","","","0","0,00","","A","","","N","A","S","","","","1","","1","","0",""
"7285","","16","2974","","709","1118","","","","S","","","0","0,00","","A","","","N","A","S","","","","1","","1","","0",""
"7286","","17","2974","","709","1119","","","","S","","","0","0,00","","A","","","N","A","S","","","","1","","1","","0",""
"7287","","18","2974","","709","1120","","","","S","","","0","0,00","","A","","","N","A","S","","","","1","","1","","0",""
"7288","","13","2936","","689","1278","","","","S","","","0","0,00","","A","","","N","A","S","","","","1","","1","","0",""
"7289","","14","2936","","689","1275","","","","S","","","0","0,00","","A","","","N","A","S","","","","1","","1","","0",""
"7290","","15","2936","","689","1276","","","","S","","","0","0,00","","A","","","N","A","S","","","","1","","1","","0",""
"7291","","16","2936","","689","1280","","","","S","","","0","0,00","","A","","","N","A","S","","","","1","","1","","0",""
"7292","","17","2936","","689","1279","","","","S","","","0","0,00","","A","","","N","A","S","","","","1","","1","","0",""
"7293","","18","2936","","689","1277","","","","S","","","0","0,00","","A","","","N","A","S","","","","1","","1","","0",""
"7294","","13","2975","","687","1115","","","","S","","","0","0,00","","A","","","N","A","S","","","","1","","1","","0",""
"7295","","14","2975","","687","1116","","","","S","","","0","0,00","","A","","","N","A","S","","","","1","","1","","0",""
"7296","","15","2975","","687","1117","","","","S","","","0","0,00","","A","","","N","A","S","","","","1","","1","","0",""
"7297","","16","2975","","687","1118","","","","S","","","0","0,00","","A","","","N","A","S","","","","1","","1","","0",""
"7298","","17","2975","","687","1119","","","","S","","","0","0,00","","A","","","N","A","S","","","","1","","1","","0",""
"7299","","18","2975","","687","1120","","","","S","","","0","0,00","","A","","","N","A","S","","","","1","","1","","0",""
"7300","","13","2934","","694","1278","","","","S","","","0","0,00","","A","","","N","A","S","","","","1","","1","","0",""
"7301","","14","2934","","694","1275","","","","S","","","0","0,00","","A","","","N","A","S","","","","1","","1","","0",""
"7302","","15","2934","","694","1276","","","","S","","","0","0,00","","A","","","N","A","S","","","","1","","1","","0",""
"7303","","16","2934","","694","1280","","","","S","","","0","0,00","","A","","","N","A","S","","","","1","","1","","0",""
"7304","","17","2934","","694","1279","","","","S","","","0","0,00","","A","","","N","A","S","","","","1","","1","","0",""
"7305","","18","2934","","694","1277","","","","S","","","0","0,00","","A","","","N","A","S","","","","1","","1","","0",""
"7306","","13","2990","","709","1115","","","","S","","","0","0,00","","A","","","N","A","S","","","","1","","1","","0",""
"7307","","14","2990","","709","1116","","","","S","","","0","0,00","","A","","","N","A","S","","","","1","","1","","0",""
"7308","","15","2990","","709","1117","","","","S","","","0","0,00","","A","","","N","A","S","","","","1","","1","","0",""
"7309","","16","2990","","709","1118","","","","S","","","0","0,00","","A","","","N","A","S","","","","1","","1","","0",""
"7310","","17","2990","","709","1119","","","","S","","","0","0,00","","A","","","N","A","S","","","","1","","1","","0",""
"7351","","16","2965","","693","1305","","","","S","","","0","0,00","","A","","","N","A","S","","","","1","","1","","0",""
"7352","","17","2965","","693","1306","","","","S","","","0","0,00","","A","","","N","A","S","","","","1","","1","","0",""
"7353","","18","2965","","693","1307","","","","S","","","0","0,00","","A","","","N","A","S","","","","1","","1","","0",""
"7354","","13","2966","","692","1115","","","","S","","","0","0,00","","A","","","N","A","S","","","","1","","1","","0",""
"7355","","14","2966","","692","1116","","","","S","","","0","0,00","","A","","","N","A","S","","","","1","","1","","0",""
"7356","","15","2966","","692","1117","","","","S","","","0","0,00","","A","","","N","A","S","","","","1","","1","","0",""
"7357","","16","2966","","692","1118","","","","S","","","0","0,00","","A","","","N","A","S","","","","1","","1","","0",""
"7358","","17","2966","","692","1119","","","","S","","","0","0,00","","A","","","N","A","S","","","","1","","1","","0",""
"7359","","18","2966","","692","1120","","","","S","","","0","0,00","","A","","","N","A","S","","","","1","","1","","0",""
"7360","","13","3007","","704","1115","","","0","S","","","0","0,00","","A","","","N","A","S","100","","0","1","","0","0","0",""
"7361","","14","3007","","704","1116","","","0","S","","","0","0,00","","A","","","N","A","S","100","","0","1","","0","0","0",""
"7362","","15","3007","","704","1117","","","0","S","","","0","0,00","","A","","","N","A","S","100","","0","1","","0","0","0",""
"7363","","16","3007","","704","1118","","","0","S","","","0","0,00","","A","","","N","A","S","100","","0","1","","0","0","0",""
"7364","","17","3007","","704","1119","","","0","S","","","0","0,00","","A","","","N","A","S","100","","0","1","","0","0","0",""
"7365","","18","3007","","704","1120","","","0","S","","","0","0,00","","A","","","N","A","S","100","","0","1","","0","0","0",""
"7366","","13","2980","","695","1115","","","","S","","","0","0,00","","A","","","N","A","S","","","","1","","1","","0",""
"7367","","14","2980","","695","1116","","","","S","","","0","0,00","","A","","","N","A","S","","","","1","","1","","0",""
"7368","","15","2980","","695","1117","","","","S","","","0","0,00","","A","","","N","A","S","","","","1","","1","","0",""
"7369","","16","2980","","695","1118","","","","S","","","0","0,00","","A","","","N","A","S","","","","1","","1","","0",""
"7370","","17","2980","","695","1119","","","","S","","","0","0,00","","A","","","N","A","S","","","","1","","1","","0",""
"7371","","18","2980","","695","1120","","","","S","","","0","0,00","","A","","","N","A","S","","","","1","","1","","0",""
"7372","","","3137","Peças","382","-15","Prospecção Via CSC","","","N","","","0","0,00","","A","","","N","A","S","1","","","","","1","","0",""
"7373","","","3011","","381","692","","","0","S","","","10","0,00","","A","","","N","A","N","1","","0","0","","1","0","0",""
"7374","","","3179","","759","","","","","S","","","0","0,00","","A","","","N","A","S","1","","","","","1","","0",""
"7375","","","3196","","757","","","","","S","","","0","0,00","","A","","","N","A","S","1","","","","","1","","0",""
"7376","","","3205","","758","","","","","S","","","0","0,00","","A","","","N","A","S","1","","","","","1","","0",""
"7377","","","3182","","826","0","","","0","N","","","0","0,00","","A","","","S","A","S","1","","0","0","","1","0","0",""
"7378","","","3184","","826","0","","","0","N","","","0","0,00","","A","","","S","A","S","1","","0","0","","1","0","0",""
"7379","","","3200","","826","0","","","0","N","","","0","0,00","","A","","","S","A","N","1","","0","0","","1","0","0",""
"7380","","","3202","","826","0","","","0","N","","","0","0,00","","A","","","S","A","N","1","","0","0","","1","0","0",""
"7381","","","3215","","758","","","","","S","","","0","0,00","","A","","","S","A","S","1","","","","","1","","0",""
"7382","","","3216","","762","","","","","N","","","0","0,00","","A","","","S","A","S","1","","","","","1","","0",""
"7383","","","3218","","826","0","","","0","S","","","0","0,00","","A","","","N","A","S","1","","0","0","","1","0","0",""
"7384","","","3178","","760","","","","","S","","","0","0,00","","A","","","N","A","S","1","","","","","1","","0",""
"7385","","","3183","","761","","","","","S","","","0","0,00","","A","","","N","A","S","1","","","","","1","","0",""
"7386","","","3187","","762","867","","","","S","","","0","0,00","","A","","","N","A","S","1","","","","","1","","0",""
"7387","","","3189","","762","867","","","","S","","","355","0,00","","A","","","N","A","S","1","","","","","1","","0",""
"7388","","","3198","","762","","","","","S","","","0","0,00","","A","","","N","A","S","1","","","","","1","","0",""
"7389","","17","2889","","667","1306","","","","S","","","0","0,00","","A","","","N","A","S","","","","","","1","","0",""
"7390","","18","2889","","667","1307","","","","S","","","0","0,00","","A","","","N","A","S","","","","","","1","","0",""
"7391","","14","2889","","667","1303","","","","S","","","0","0,00","","A","","","N","A","S","","","","","","1","","0",""
"7392","","16","2889","","667","1305","","","","S","","","0","0,00","","A","","","N","A","S","","","","","","1","","0",""
"7432","","7","3258","","678","1111","","","0","S","","","0","0,00","","A","","","N","A","S","100","","0","1","","0","0","0",""
"7433","","1","3258","","678","1107","","","0","S","","","0","0,00","","A","","","N","A","S","100","","0","1","","0","0","0",""
"7434","","13","3258","","678","1115","","","0","S","","","0","0,00","","A","","","N","A","S","100","","0","1","","0","0","0",""
"7435","","17","3258","","678","1119","","","0","S","","","0","0,00","","A","","","N","A","S","100","","0","1","","0","0","0",""
"7436","","16","3258","","678","1118","","","0","S","","","0","0,00","","A","","","N","A","S","100","","0","1","","0","0","0",""
"7437","","","3259","","672","0","","","0","S","","","0","0,00","","A","","","N","A","S","1","","0","0","","1","0","0",""
"7438","","2","2636","","774","1126","","","","S","","","0","0,00","","A","","","N","A","S","","","","1","","1","","0",""
"7439","","3","2636","","774","1124","","","","S","","","0","0,00","","A","","","N","A","S","","","","1","","1","","0",""
"7440","","9","2636","","774","1123","","","","S","","","0","0,00","","A","","","N","A","S","","","","1","","1","","0",""
"7441","","14","2636","","774","1256","","","","S","","","0","0,00","","A","","","N","A","S","","","","1","","1","","0",""
"7442","","11","2636","","774","1125","","","","S","","","0","0,00","","A","","","N","A","S","","","","1","","1","","0",""
"7443","","4","2636","","774","1158","","","","S","","","0","0,00","","A","","","N","A","S","","","","1","","1","","0",""
"7444","","12","2636","","774","1127","","","","S","","","0","0,00","","A","","","N","A","S","","","","1","","1","","0",""
"7445","","5","2636","","774","1159","","","","S","","","0","0,00","","A","","","N","A","S","","","","1","","1","","0",""
"7446","","15","2636","","774","1257","","","","S","","","0","0,00","","A","","","N","A","S","","","","1","","1","","0",""
"7447","","10","2636","","774","1160","","","","S","","","0","0,00","","A","","","N","A","S","","","","1","","1","","0",""
"7448","","18","2636","","774","1260","","","","S","","","0","0,00","","A","","","N","A","S","","","","1","","1","","0",""
"7449","","7","2636","","774","1122","","","","S","","","0","0,00","","A","","","N","A","S","","","","1","","1","","0",""
"7450","","1","2636","","774","1121","","","","S","","","0","0,00","","A","","","N","A","S","","","","1","","1","","0",""
"7451","","13","2636","","774","1255","","","","S","","","0","0,00","","A","","","N","A","S","","","","1","","1","","0",""
"7452","","17","2636","","774","1259","","","","S","","","0","0,00","","A","","","N","A","S","","","","1","","1","","0",""
"7453","","16","2636","","774","1258","","","","S","","","0","0,00","","A","","","N","A","S","","","","1","","1","","0",""
"7454","","","2504","","826","867","","","0","N","","","0","0,00","","A","","","S","A","N","100","","0","0","","1","0","0",""
"7455","","2","2519","","826","1400","","","0","N","","","0","0,00","","A","","","S","A","N","100","","0","0","","1","0","0",""
"7456","","2","2578","","826","1400","","","0","N","","","0","0,00","","A","","","S","A","N","100","","0","0","","1","0","0",""
"7457","","","3208","","826","0","","","0","N","","","0","0,00","","A","","","S","A","N","1","","0","0","","1","0","0",""
"7458","","","3214","","826","0","","","0","N","","","0","0,00","","A","","","S","A","N","1","","0","0","","1","0","0",""
"7459","","5","2624","","826","867","","","0","N","","","0","0,00","","A","","","N","A","N","1","","0","0","","1","0","0",""
"7460","","","3263","","776","","","","","N","","","0","0,00","","A","","","N","A","S","1","","","","","1","","0",""
"7461","","","3278","","","500","Serviço Sinistro Realizado.","","","N","","","0","0,00","","A","","","S","C","S","1","","","","","1","","0",""
"7462","","","3271","","780","","","","","N","","","0","0,00","","A","","","N","A","S","1","","","","","1","","0",""
"7463","","","3261","","775","","","","","N","","","0","0,00","","A","","","N","A","S","1","","","","","1","","0",""
"7464","","","3266","","777","","","","","N","","","0","0,00","","A","","","N","A","S","1","","","","","1","","0",""
"7465","","","3270","","778","","","","","N","","","0","0,00","","A","","","N","A","S","1","","","","","1","","0",""
"7466","","","3274","","779","","","","","N","","","0","0,00","","A","","","N","A","S","1","","","","","1","","0",""
"7467","","3","2625","","611","1124","","","","N","","","0","0,00","","A","","","N","A","S","","","","","","1","","0",""
"7468","","9","2625","","611","1123","","","","N","","","0","0,00","","A","","","N","A","S","","","","","","1","","0",""
"7469","","14","2625","","611","1256","","","","N","","","0","0,00","","A","","","N","A","S","","","","","","1","","0",""
"7470","","11","2625","","611","1125","","","","N","","","0","0,00","","A","","","N","A","S","","","","","","1","","0",""
"7471","","4","2625","","611","1158","","","","N","","","0","0,00","","A","","","N","A","S","","","","","","1","","0",""
"7472","","12","2625","","611","1127","","","","N","","","0","0,00","","A","","","N","A","S","","","","","","1","","0",""
"7473","","5","2625","","611","1159","","","","N","","","0","0,00","","A","","","N","A","S","","","","","","1","","0",""
"7511","","1","2599","","611","1121","","","","S","","","0","0,00","","A","","","N","A","S","","","","","","1","","0",""
"7512","","13","2599","","611","1255","","","","S","","","0","0,00","","A","","","N","A","S","","","","","","1","","0",""
"7513","","17","2599","","611","1259","","","","S","","","0","0,00","","A","","","N","A","S","","","","","","1","","0",""
"7514","","16","2599","","611","1258","","","","S","","","0","0,00","","A","","","N","A","S","","","","","","1","","0",""
"7515","","3","2598","","611","1124","","","","S","","","0","0,00","","A","","","N","A","S","","","","","","1","","0",""
"7516","","9","2598","","611","1123","","","","S","","","0","0,00","","A","","","N","A","S","","","","","","1","","0",""
"7517","","14","2598","","611","1256","","","","S","","","0","0,00","","A","","","N","A","S","","","","","","1","","0",""
"7518","","11","2598","","611","1125","","","","S","","","0","0,00","","A","","","N","A","S","","","","","","1","","0",""
"7519","","4","2598","","611","1158","","","","S","","","0","0,00","","A","","","N","A","S","","","","","","1","","0",""
"7520","","12","2598","","611","1127","","","","S","","","0","0,00","","A","","","N","A","S","","","","","","1","","0",""
"7521","","5","2598","","611","1159","","","","S","","","0","0,00","","A","","","N","A","S","","","","","","1","","0",""
"7522","","15","2598","","611","1257","","","","S","","","0","0,00","","A","","","N","A","S","","","","","","1","","0",""
"7523","","10","2598","","611","1160","","","","S","","","0","0,00","","A","","","N","A","S","","","","","","1","","0",""
"7524","","18","2598","","611","1260","","","","S","","","0","0,00","","A","","","N","A","S","","","","","","1","","0",""
"7525","","7","2598","","611","1122","","","","S","","","0","0,00","","A","","","N","A","S","","","","","","1","","0",""
"7526","","1","2598","","611","1121","","","","S","","","0","0,00","","A","","","N","A","S","","","","","","1","","0",""
"7527","","13","2598","","611","1255","","","","S","","","0","0,00","","A","","","N","A","S","","","","","","1","","0",""
"7528","","17","2598","","611","1259","","","","S","","","0","0,00","","A","","","N","A","S","","","","","","1","","0",""
"7529","","16","2598","","611","1258","","","","S","","","0","0,00","","A","","","N","A","S","","","","","","1","","0",""
"7530","","3","2601","","611","1124","","","","S","","","0","0,00","","A","","","N","A","S","","","","","","1","","0",""
"7531","","9","2601","","611","1123","","","","S","","","0","0,00","","A","","","N","A","S","","","","","","1","","0",""
"7532","","14","2601","","611","1256","","","","S","","","0","0,00","","A","","","N","A","S","","","","","","1","","0",""
"7533","","11","2601","","611","1125","","","","S","","","0","0,00","","A","","","N","A","S","","","","","","1","","0",""
"7534","","4","2601","","611","1158","","","","S","","","0","0,00","","A","","","N","A","S","","","","","","1","","0",""
"7535","","12","2601","","611","1127","","","","S","","","0","0,00","","A","","","N","A","S","","","","","","1","","0",""
"7536","","5","2601","","611","1159","","","","S","","","0","0,00","","A","","","N","A","S","","","","","","1","","0",""
"7537","","15","2601","","611","1257","","","","S","","","0","0,00","","A","","","N","A","S","","","","","","1","","0",""
"7538","","10","2601","","611","1160","","","","S","","","0","0,00","","A","","","N","A","S","","","","","","1","","0",""
"7539","","18","2601","","611","1260","","","","S","","","0","0,00","","A","","","N","A","S","","","","","","1","","0",""
"7540","","7","2601","","611","1122","","","","S","","","0","0,00","","A","","","N","A","S","","","","","","1","","0",""
"7541","","1","2601","","611","1121","","","","S","","","0","0,00","","A","","","N","A","S","","","","","","1","","0",""
"7542","","13","2601","","611","1255","","","","S","","","0","0,00","","A","","","N","A","S","","","","","","1","","0",""
"7543","","17","2601","","611","1259","","","","S","","","0","0,00","","A","","","N","A","S","","","","","","1","","0",""
"7544","","16","2601","","611","1258","","","","S","","","0","0,00","","A","","","N","A","S","","","","","","1","","0",""
"7545","","","3147","","773","875","","","","N","","","0","0,00","","A","","","N","A","S","1","","","","","1","","0",""
"7546","","","2529","","63","686","","","","S","","","45","0,00","","A","","","N","A","S","","","","","","1","","0",""
"7547","","","2529","","620","686","","","","S","","","165","0,00","","A","","","N","A","S","","","","","","1","","0",""
"7548","","","2530","","63","686","","","","S","","","45","0,00","","A","","","N","A","S","","","","","","1","","0",""
"7549","","","2530","","620","686","","","","S","","","165","0,00","","A","","","N","A","S","","","","","","1","","0",""
"7550","","","3308","","608","-15","","","0","N","","","0","0,00","","A","","2","S","A","S","100","","0","0","0","1","0","",""
"7551","","0","3309","Renegociável","768","-5","Crédito Não Aprovado","","0","N","","","0","0,00","","A","","2","N","A","N","100","","0","0","0","1","0","0",""
"7552","","","3310","Sem Pendência","601","0","Processo Sem Pendência","","0","S","","","0","0,00","","A","","2","N","A","S","100","","0","0","0","1","0","0",""
"7553","","","3311","","593","869","Alterado Forma de Pagamento","","0","S","","","0","0,00","","A","","2","N","A","S","100","","0","1","0","1","0","0",""
"7554","","2","3310","Com Pendência","782","1126","","","0","N","","","0","0,00","","A","","2","N","A","S","100","","0","0","0","1","0","",""
"7555","","3","3310","Com Pendência","782","1124","","","0","N","","","0","0,00","","A","","2","N","A","S","100","","0","0","0","1","0","",""
"7556","","9","3310","Com Pendência","782","1123","","","0","N","","","0","0,00","","A","","2","N","A","S","100","","0","0","0","1","0","",""
"7557","","14","3310","Com Pendência","782","1256","","","0","N","","","0","0,00","","A","","2","N","A","S","100","","0","0","0","1","0","",""
"7558","","11","3310","Com Pendência","782","1125","","","0","N","","","0","0,00","","A","","2","N","A","S","100","","0","0","0","1","0","",""
"7559","","4","3310","Com Pendência","782","1158","","","0","N","","","0","0,00","","A","","2","N","A","S","100","","0","0","0","1","0","",""
"7560","","12","3310","Com Pendência","782","1127","","","0","N","","","0","0,00","","A","","2","N","A","S","100","","0","0","0","1","0","",""
"7561","","5","3310","Com Pendência","782","1159","","","0","N","","","0","0,00","","A","","2","N","A","S","100","","0","0","0","1","0","",""
"7562","","15","3310","Com Pendência","782","1257","","","0","N","","","0","0,00","","A","","2","N","A","S","100","","0","0","0","1","0","",""
"7563","","10","3310","Com Pendência","782","1160","","","0","N","","","0","0,00","","A","","2","N","A","S","100","","0","0","0","1","0","",""
"7564","","18","3310","Com Pendência","782","1260","","","0","N","","","0","0,00","","A","","2","N","A","S","100","","0","0","0","1","0","",""
"7565","","7","3310","Com Pendência","782","1122","","","0","N","","","0","0,00","","A","","2","N","A","S","100","","0","0","0","1","0","",""
"7566","","1","3310","Com Pendência","782","1121","","","0","N","","","0","0,00","","A","","2","N","A","S","100","","0","0","0","1","0","",""
"7567","","13","3310","Com Pendência","782","1255","","","0","N","","","0","0,00","","A","","2","N","A","S","100","","0","0","0","1","0","",""
"7568","","17","3310","Com Pendência","782","1259","","","0","N","","","0","0,00","","A","","2","N","A","S","100","","0","0","0","1","0","",""
"7569","","16","3310","Com Pendência","782","1258","","","0","N","","","0","0,00","","A","","2","N","A","S","100","","0","0","0","1","0","",""
"7570","","3","2594","","611","1124","","","0","N","","","0","0,00","","A","","2","N","A","S","100","","0","0","0","1","0","",""
"7571","","9","2594","","611","1123","","","0","N","","","0","0,00","","A","","2","N","A","S","100","","0","0","0","1","0","",""
"7572","","14","2594","","611","1256","","","0","N","","","0","0,00","","A","","2","N","A","S","100","","0","0","0","1","0","",""
"7573","","11","2594","","611","1125","","","0","N","","","0","0,00","","A","","2","N","A","S","100","","0","0","0","1","0","",""
"7574","","4","2594","","611","1158","","","0","N","","","0","0,00","","A","","2","N","A","S","100","","0","0","0","1","0","",""
"7575","","12","2594","","611","1127","","","0","N","","","0","0,00","","A","","2","N","A","S","100","","0","0","0","1","0","",""
"7576","","5","2594","","611","1159","","","0","N","","","0","0,00","","A","","2","N","A","S","100","","0","0","0","1","0","",""
"4150","","2","2284","","300","","","","","S","","","0","0,00","","A","","","N","A","S","1","","","","","1","","0",""
"4151","","1","2284","","300","819","","","","S","","","0","0,00","","A","","","N","A","S","1","","","","","1","","0",""
"4152","","","2284","","559","","","","","S","","","0","0,00","","A","","","N","A","S","1","","","","","1","","0",""
"4153","","","2282","","379","1272","","","0","S","","","0","0,00","","A","","","N","A","S","1","","0","1","","1","0","0",""
"4154","","2","1297","Visita Consultoras","558","742","","","","S","","","0","0,00","","A","","","N","A","S","1","","","","","1","","0",""
"4155","","7","1297","Visita Consultoras","558","827","","","","S","","","0","0,00","","A","","","N","A","S","1","","","","","1","","0",""
"4156","","1","1297","Visita Consultoras","558","742","","","","S","","","0","0,00","","A","","","N","A","S","1","","","","","1","","0",""
"4157","","4","1297","Visita Consultoras","558","787","","","","S","","","0","0,00","","A","","","N","A","S","1","","","","","1","","0",""
"4158","","3","1297","Visita Consultoras","558","787","","","","S","","","0","0,00","","A","","","N","A","S","1","","","","","1","","0",""
"4159","","9","1297","Visita Consultoras","558","827","","","","S","","","0","0,00","","A","","","N","A","S","1","","","","","1","","0",""
"4160","","","2285","","302","1272","","","0","S","","","0","0,00","","A","","","N","A","S","1","","0","0","","1","0","0",""
"4167","","11","1600","","300","827","","","","S","","","0","0,00","","A","","","N","A","S","1","","","","","1","","0",""
"4168","","10","1600","","300","774","","","","S","","","0","0,00","","A","","","N","A","S","1","","","","","1","","0",""
"4169","","4","1600","","300","825","","","","S","","","0","0,00","","A","","","N","A","S","1","","","","","1","","0",""
"4170","","7","1600","","300","694","","","","S","","","0","0,00","","A","","","N","A","S","1","","","","","1","","0",""
"4171","","3","1600","","300","825","","","","S","","","0","0,00","","A","","","N","A","S","1","","","","","1","","0",""
"4172","","2","1600","","300","","","","","S","","","0","0,00","","A","","","N","A","S","1","","","","","1","","0",""
"4173","","1","1600","","300","819","","","","S","","","0","0,00","","A","","","N","A","S","1","","","","","1","","0",""
"4177","","9","2186","Greensystem","47","1114","","","","S","","","0","0,00","","A","","","N","A","S","1","","","","","1","","0",""
"4178","","7","2186","Greensystem","47","1111","","","","S","","","0","0,00","","A","","","N","A","S","1","","","","","1","","0",""
"4179","","3","2186","Greensystem","47","1109","","","","S","","","0","0,00","","A","","","N","A","S","1","","","","","1","","0",""
"4180","","2","2186","Greensystem","47","1108","","","","S","","","0","0,00","","A","","","N","A","S","1","","","","","1","","0",""
"4181","","1","2186","Greensystem","47","1107","","","","S","","","0","0,00","","A","","","N","A","S","1","","","","","1","","0",""
"4182","","9","2287","","546","","","","","S","","","0","0,00","","A","","","N","A","S","1","","","","","1","","0",""
"4183","","7","2287","","546","594","","","","S","","","0","0,00","","A","","","N","A","S","1","","","","","1","","0",""
"4184","","3","2287","","546","652","","","","S","","","0","0,00","","A","","","N","A","S","1","","","","","1","","0",""
"4185","","2","2287","","546","1126","","","","S","","","0","0,00","","A","","","N","A","S","1","","","","","1","","0",""
"4186","","1","2287","","546","1121","","","","S","","","0","0,00","","A","","","N","A","S","1","","","","","1","","0",""
"4187","","1","2287","","521","167","Alterado condição comercial","","","S","","","0","0,00","","A","","","N","A","S","1","","","","","1","","0",""
"4188","","7","2287","","521","167","Alterado condição comercial","","","S","","","0","0,00","","A","","","N","A","S","1","","","","","1","","0",""
"4189","","3","2287","","521","167","Alterado condição comercial","","","S","","","0","0,00","","A","","","N","A","S","1","","","","","1","","0",""
"4190","","2","2287","","521","167","Alterado condição comercial","","","S","","","0","0,00","","A","","","N","A","S","1","","","","","1","","0",""
"4191","","","2288","","521","","Pendência Comercial","","","S","","","0","0,00","","A","","0","N","A","S","1","","","","","1","","0",""
"4193","","","2115","Total com refatur.","521","","Com refaturamento","","","S","","","0","0,00","","A","","","N","A","S","1","","","","","1","","0",""
"4709","","3","2458","Máquinas","586","591","","","","S","","","0","0,00","","A","","","N","A","S","1","","","","","1","","0",""
"4710","","3","2458","Implementos","586","591","","","","S","","","0","0,00","","A","","","N","A","S","1","","","","","1","","0",""
"4711","","7","2458","Máquinas","586","782","","","","S","","","0","0,00","","A","","","N","A","S","1","","","","","1","","0",""
"4712","","7","2458","Implementos","586","782","","","","S","","","0","0,00","","A","","","N","A","S","1","","","","","1","","0",""
"4713","","","2426","","","354","","","","S","","","0","0,00","","A","","","N","C","S","1","","","","","","","0",""
"4714","","2","2426","","","421","","","","S","","","0","0,00","","A","","","N","C","S","1","","","","","","","0",""
"4715","","10","2426","","","421","","","","S","","","0","0,00","","A","","","N","C","S","1","","","","","","","0",""
"4716","","7","2426","","","593","","","","S","","","0","0,00","","A","","","N","C","S","1","","","","","","","0",""
"4717","","11","2426","","","593","","","","S","","","0","0,00","","A","","","N","C","S","1","","","","","","","0",""
"4719","","3","2426","","","593","","","","S","","","0","0,00","","A","","","N","C","S","1","","","","","","","0",""
"4720","","4","2426","","","593","","","","S","","","0","0,00","","A","","","N","C","S","1","","","","","","","0",""
"4721","","10","2461","","266","632","","","","S","","","0","0,00","","A","","","N","A","S","1","","","","","1","","0",""
"4722","","11","2461","","266","632","","","","S","","","0","0,00","","A","","","N","A","S","1","","","","","1","","0",""
"4723","","1","2461","","266","632","","","","S","","","0","0,00","","A","","","N","A","S","1","","","","","1","","0",""
"4724","","2","2461","","266","632","","","","S","","","0","0,00","","A","","","N","A","S","1","","","","","1","","0",""
"4725","","3","2461","","266","","","","","S","","","0","0,00","","A","","","N","A","S","1","","","","","1","","0",""
"4726","","4","2461","","266","","","","","S","","","0","0,00","","A","","","N","A","S","1","","","","","1","","0",""
"4727","","7","2461","","266","","","","","S","","","0","0,00","","A","","","N","A","S","1","","","","","1","","0",""
"4729","","","2462","","","354","","","","N","","","0","0,00","","A","","","N","C","S","1","","","","","","","0",""
"4731","","2","2462","","","421","","","","N","","","0","0,00","","A","","","N","C","S","1","","","","","","","0",""
"4732","","3","2462","","","593","","","","N","","","0","0,00","","A","","","N","C","S","1","","","","","","","0",""
"4733","","4","2462","","","593","","","","N","","","0","0,00","","A","","","N","C","S","1","","","","","","","0",""
"4734","","7","2462","","","593","","","","N","","","0","0,00","","A","","","N","C","S","1","","","","","","","0",""
"4735","","11","2462","","","593","","","","N","","","0","0,00","","A","","","N","C","S","1","","","","","","","0",""
"4736","","10","2462","","","421","","","","N","","","0","0,00","","A","","","N","C","S","1","","","","","","","0",""
"4737","","","2391","Rejeitado","","354","","","","S","","","0","0,00","","A","","","N","C","S","1","","","","","1","","0",""
"4738","","2","2391","Rejeitado","","421","","","","N","","","0","0,00","","A","","","N","C","S","1","","","","","1","","0",""
"4739","","10","2391","Rejeitado","","421","","","","N","","","0","0,00","","A","","","N","C","S","1","","","","","1","","0",""
"4740","","3","2391","Rejeitado","","593","","","","N","","","0","0,00","","A","","","N","C","S","1","","","","","1","","0",""
"4741","","4","2391","Rejeitado","","593","","","","N","","","0","0,00","","A","","","N","C","S","1","","","","","1","","0",""
"4742","","7","2391","Rejeitado","","593","","","","N","","","0","0,00","","A","","","N","C","S","1","","","","","1","","0",""
"4743","","11","2391","Rejeitado","","593","","","","N","","","0","0,00","","A","","","N","C","S","1","","","","","1","","0",""
"4747","","","2373","","150","796","","","","S","","","90","0,00","","A","","","N","A","S","1","","","","","1","","0",""
"4748","","","2372","","150","796","","","","S","","","90","0,00","","A","","","N","A","S","","","","","","","","0",""
"4749","","","1199","CSC","572","1272","CSC","","0","S","","","0","0,00","","A","","","N","A","S","1","","0","1","","1","0","0",""
"4750","","","1664","","392","","Interesse Futuro","","","S","","","0","0,00","","A","","1","N","A","N","1","","0","0","","1","","0",""
"4751","","","1777","","381","692","","","","S","","","0","0,00","","A","","","N","A","S","1","","","","","1","","0",""
"6265","","5","3042","","722","1129","Faturamento TCAT Corrigido","","","S","","","0","0,00","","A","","","N","A","S","","","","","","1","","0",""
"6266","","10","3042","","722","1098","Faturamento TCAT Corrigido","","","S","","","0","0,00","","A","","","N","A","S","","","","","","1","","0",""
"6267","","7","3042","","722","1097","Faturamento TCAT Corrigido","","","S","","","0","0,00","","A","","","N","A","S","","","","","","1","","0",""
"6268","","1","3042","","722","1093","Faturamento TCAT Corrigido","","","S","","","0","0,00","","A","","","N","A","S","","","","","","1","","0",""
"6269","","2","3025","","718","1094","","","","S","","","0","0,00","","A","","","N","A","S","1","","","","","1","","0",""
"6270","","3","3025","","718","1095","","","","S","","","0","0,00","","A","","","N","A","S","","","","","","1","","0",""
"6271","","9","3025","","718","1100","","","","S","","","0","0,00","","A","","","N","A","S","","","","","","1","","0",""
"6272","","11","3025","","718","1099","","","","S","","","0","0,00","","A","","","N","A","S","","","","","","1","","0",""
"6273","","4","3025","","718","1096","","","","S","","","0","0,00","","A","","","N","A","S","","","","","","1","","0",""
"6274","","12","3025","","718","1130","","","","S","","","0","0,00","","A","","","N","A","S","","","","","","1","","0",""
"6275","","5","3025","","718","1129","","","","S","","","0","0,00","","A","","","N","A","S","","","","","","1","","0",""
"6276","","10","3025","","718","1098","","","","S","","","0","0,00","","A","","","N","A","S","","","","","","1","","0",""
"6277","","7","3025","","718","1097","","","","S","","","0","0,00","","A","","","N","A","S","","","","","","1","","0",""
"6278","","1","3025","","718","1093","","","","S","","","0","0,00","","A","","","N","A","S","","","","","","1","","0",""
"6279","","","3062","","734","","","","0","S","","","0","0,00","","A","","0","N","A","N","1","","1","0","0","1","","0",""
"6281","","","3113","","748","1272","Chassi Cadastrado","","0","S","","","0","0,00","","A","","0","N","A","S","1","","0","0","0","1","","0",""
"6282","","","3116","","748","1271","","","0","S","","","0","0,00","","A","","0","N","A","S","1","","0","0","0","1","","0",""
"6284","","","3054","","734","","","","0","S","","","0","0,00","","A","","0","N","A","N","1","","0","0","0","1","","0",""
"6285","","","3114","","741","","Alterada forma de pagamento","","0","N","","","0","0,00","","A","","0","S","A","S","1","","0","0","0","1","","0",""
"6286","","","3117","","741","811","","","0","S","","","0","0,00","","A","","0","N","A","S","1","","0","0","0","1","","0",""
"6287","","","3098","","736","865","Chassi não cadastrado","","0","S","","","0","0,00","","A","","0","N","A","S","1","","0","0","0","1","","0",""
"6288","","","3100","","725","","","","0","S","","","0","0,00","","A","","0","N","A","S","1","","0","0","0","1","","0",""
"6289","","","3138","","737","811","","","0","S","","","0","0,00","","A","","0","N","A","S","1","","0","0","0","1","","0",""
"6292","","","3099","","750","1272","","","0","S","","","0","0,00","","A","","0","N","A","S","1","","0","0","0","1","","0",""
"6293","","","3140","","740","811","","","0","S","","","0","0,00","","A","","0","N","A","S","1","","0","0","0","1","","0",""
"6294","","","3115","","729","","","","0","N","","","0","0,00","","A","","0","N","A","S","1","","0","0","0","1","","0",""
"6295","","","3139","","729","","","","0","S","","","0","0,00","","A","","0","N","A","S","1","","0","0","0","1","","0",""
"6296","","0","3081","","727","","","","0","N","","","0","0,00","","A","","0","S","C","S","1","","0","0","0","1","","0",""
"6299","","","3132","","743","811","","","0","S","","","0","0,00","","A","","0","S","A","S","1","","0","0","0","1","","0",""
"6300","","","3135","","739","","","","0","S","","","0","0,00","","A","","0","N","A","S","0","","0","0","0","1","","0",""
"6301","","","3129","","738","1272","","","0","S","","","0","0,00","","A","","0","N","A","S","1","","0","0","0","1","","0",""
"6304","","","3101","","741","1272","","","0","S","","","0","0,00","","A","","0","N","A","S","0","","0","0","0","1","","0",""
"6305","","","3143","Precision Upgrades","745","-15","","","0","S","","","0","0,00","","A","","0","N","A","S","1","","0","0","0","1","","0",""
"6306","","0","3108","","741","","","","0","S","","","0","0,00","","A","","0","N","C","S","0","","0","0","0","1","","0",""
"6307","","0","3107","","736","","","","0","S","","","0","0,00","","A","","0","N","C","S","0","","0","0","0","1","","0",""
"6308","","0","3111","","750","","","","0","S","","","0","0,00","","A","","0","N","C","S","0","","0","0","0","1","","0",""
"7577","","15","2594","","611","1257","","","0","N","","","0","0,00","","A","","2","N","A","S","100","","0","0","0","1","0","",""
"7578","","10","2594","","611","1160","","","0","N","","","0","0,00","","A","","2","N","A","S","100","","0","0","0","1","0","",""
"7579","","18","2594","","611","1260","","","0","N","","","0","0,00","","A","","2","N","A","S","100","","0","0","0","1","0","",""
"7580","","7","2594","","611","1122","","","0","N","","","0","0,00","","A","","2","N","A","S","100","","0","0","0","1","0","",""
"7581","","1","2594","","611","1121","","","0","N","","","0","0,00","","A","","2","N","A","S","100","","0","0","0","1","0","",""
"7582","","13","2594","","611","1255","","","0","N","","","0","0,00","","A","","2","N","A","S","100","","0","0","0","1","0","",""
"7583","","17","2594","","611","1259","","","0","N","","","0","0,00","","A","","2","N","A","S","100","","0","0","0","1","0","",""
"7584","","16","2594","","611","1258","","","0","N","","","0","0,00","","A","","2","N","A","S","100","","0","0","0","1","0","",""
"7585","","2","3320","","784","1126","Com Pendência","","0","N","","","0","0,00","","A","","2","N","A","S","100","","0","0","0","1","0","",""
"7586","","3","3320","","784","1124","Com Pendência","","0","N","","","0","0,00","","A","","2","N","A","S","100","","0","0","0","1","0","",""
"7587","","9","3320","","784","1123","Com Pendência","","0","N","","","0","0,00","","A","","2","N","A","S","100","","0","0","0","1","0","",""
"7588","","14","3320","","784","1256","Com Pendência","","0","N","","","0","0,00","","A","","2","N","A","S","100","","0","0","0","1","0","",""
"7589","","11","3320","","784","1125","Com Pendência","","0","N","","","0","0,00","","A","","2","N","A","S","100","","0","0","0","1","0","",""
"7590","","4","3320","","784","1158","Com Pendência","","0","N","","","0","0,00","","A","","2","N","A","S","100","","0","0","0","1","0","",""
"7591","","12","3320","","784","1127","Com Pendência","","0","N","","","0","0,00","","A","","2","N","A","S","100","","0","0","0","1","0","",""
"7592","","5","3320","","784","1159","Com Pendência","","0","N","","","0","0,00","","A","","2","N","A","S","100","","0","0","0","1","0","",""
"7593","","15","3320","","784","1257","Com Pendência","","0","N","","","0","0,00","","A","","2","N","A","S","100","","0","0","0","1","0","",""
"7594","","10","3320","","784","1160","Com Pendência","","0","N","","","0","0,00","","A","","2","N","A","S","100","","0","0","0","1","0","",""
"7595","","18","3320","","784","1260","Com Pendência","","0","N","","","0","0,00","","A","","2","N","A","S","100","","0","0","0","1","0","",""
"7596","","7","3320","","784","1122","Com Pendência","","0","N","","","0","0,00","","A","","2","N","A","S","100","","0","0","0","1","0","",""
"7597","","1","3320","","784","1121","Com Pendência","","0","N","","","0","0,00","","A","","2","N","A","S","100","","0","0","0","1","0","",""
"7598","","13","3320","","784","1255","Com Pendência","","0","N","","","0","0,00","","A","","2","N","A","S","100","","0","0","0","1","0","",""
"7599","","17","3320","","784","1259","Com Pendência","","0","N","","","0","0,00","","A","","2","N","A","S","100","","0","0","0","1","0","",""
"7600","","16","3320","","784","1258","Com Pendência","","0","N","","","0","0,00","","A","","2","N","A","S","100","","0","0","0","1","0","",""
"7601","","","3316","","784","869","","","0","N","","","0","0,00","","A","","2","N","A","S","100","","0","1","0","1","0","0",""
"7602","","","3313","","601","869","","","0","S","","","0","0,00","","A","","2","N","A","S","100","","0","1","0","1","0","0",""
"7603","","2","3307","","783","1126","","","0","N","","","0","0,00","","A","","2","N","A","S","100","","0","0","0","1","0","",""
"7604","","3","3307","","783","1124","","","0","N","","","0","0,00","","A","","2","N","A","S","100","","0","0","0","1","0","",""
"7605","","9","3307","","783","1123","","","0","N","","","0","0,00","","A","","2","N","A","S","100","","0","0","0","1","0","",""
"7606","","14","3307","","783","1256","","","0","N","","","0","0,00","","A","","2","N","A","S","100","","0","0","0","1","0","",""
"7607","","11","3307","","783","1125","","","0","N","","","0","0,00","","A","","2","N","A","S","100","","0","0","0","1","0","",""
"7608","","4","3307","","783","1158","","","0","N","","","0","0,00","","A","","2","N","A","S","100","","0","0","0","1","0","",""
"7609","","12","3307","","783","1127","","","0","N","","","0","0,00","","A","","2","N","A","S","100","","0","0","0","1","0","",""
"7610","","5","3307","","783","1159","","","0","N","","","0","0,00","","A","","2","N","A","S","100","","0","0","0","1","0","",""
"7611","","15","3307","","783","1257","","","0","N","","","0","0,00","","A","","2","N","A","S","100","","0","0","0","1","0","",""
"7612","","10","3307","","783","1160","","","0","N","","","0","0,00","","A","","2","N","A","S","100","","0","0","0","1","0","",""
"7613","","18","3307","","783","1260","","","0","N","","","0","0,00","","A","","2","N","A","S","100","","0","0","0","1","0","",""
"7614","","7","3307","","783","1122","","","0","N","","","0","0,00","","A","","2","N","A","S","100","","0","0","0","1","0","",""
"7615","","1","3307","","783","1121","","","0","N","","","0","0,00","","A","","2","N","A","S","100","","0","0","0","1","0","",""
"7616","","13","3307","","783","1255","","","0","N","","","0","0,00","","A","","2","N","A","S","100","","0","0","0","1","0","",""
"7617","","17","3307","","783","1259","","","0","N","","","0","0,00","","A","","2","N","A","S","100","","0","0","0","1","0","",""
"7618","","16","3307","","783","1258","","","0","N","","","0","0,00","","A","","2","N","A","S","100","","0","0","0","1","0","",""
"7619","","2","2783","Com deslocamento","785","1094","","","0","S","","","0","0,00","","A","","2","N","A","S","100","","0","0","0","1","0","",""
"7620","","3","2783","Com deslocamento","785","1095","","","0","S","","","0","0,00","","A","","2","N","A","S","100","","0","0","0","1","0","",""
"7621","","9","2783","Com deslocamento","785","1100","","","0","S","","","0","0,00","","A","","2","N","A","S","100","","0","0","0","1","0","",""
"7622","","14","2783","Com deslocamento","785","1102","","","0","S","","","0","0,00","","A","","2","N","A","S","100","","0","0","0","1","0","",""
"7623","","11","2783","Com deslocamento","785","1099","","","0","S","","","0","0,00","","A","","2","N","A","S","100","","0","0","0","1","0","0",""
"7624","","4","2783","Com deslocamento","785","1096","","","0","S","","","0","0,00","","A","","2","N","A","S","100","","0","0","0","1","0","",""
"7625","","12","2783","Com deslocamento","785","1130","","","0","S","","","0","0,00","","A","","2","N","A","S","100","","0","0","0","1","0","",""
"7626","","5","2783","Com deslocamento","785","1129","","","0","S","","","0","0,00","","A","","2","N","A","S","100","","0","0","0","1","0","",""
"7627","","15","2783","Com deslocamento","785","1103","","","0","S","","","0","0,00","","A","","2","N","A","S","100","","0","0","0","1","0","",""
"7628","","10","2783","Com deslocamento","785","1098","","","0","S","","","0","0,00","","A","","2","N","A","S","100","","0","0","0","1","0","",""
"7629","","18","2783","Com deslocamento","785","1106","","","0","S","","","0","0,00","","A","","2","N","A","S","100","","0","0","0","1","0","0",""
"7630","","7","2783","Com deslocamento","785","1097","","","0","S","","","0","0,00","","A","","2","N","A","S","100","","0","0","0","1","0","",""
"7631","","1","2783","Com deslocamento","785","1093","","","0","S","","","0","0,00","","A","","2","N","A","S","100","","0","0","0","1","0","",""
"7632","","13","2783","Com deslocamento","785","1101","","","0","S","","","0","0,00","","A","","2","N","A","S","100","","0","0","0","1","0","0",""
"7633","","17","2783","Com deslocamento","785","1105","","","0","S","","","0","0,00","","A","","2","N","A","S","100","","0","0","0","1","0","",""
"7634","","16","2783","Com deslocamento","785","1104","","","0","S","","","0","0,00","","A","","2","N","A","S","100","","0","0","0","1","0","",""
"7635","","13","3025","","718","1101","","","0","S","","","0","0,00","","A","","0","N","A","S","1","","0","0","0","1","0","0",""
"7636","","14","3025","","718","1102","","","0","S","","","0","0,00","","A","","0","N","A","S","1","","0","0","0","1","0","",""
"7637","","15","3025","","718","1103","","","0","S","","","0","0,00","","A","","0","N","A","S","1","","0","0","0","1","0","0",""
"7638","","16","3025","","718","1104","","","0","S","","","0","0,00","","A","","0","N","A","S","1","","0","0","0","1","0","",""
"7639","","17","3025","","718","1105","","","0","S","","","0","0,00","","A","","0","N","A","S","1","","0","0","0","1","0","",""
"7640","","18","3025","","718","1106","","","0","S","","","0","0,00","","A","","0","N","A","S","1","","0","0","0","1","0","",""
"7641","","2","3005","","704","1108","","","0","S","","","0","0,00","","A","","2","N","A","S","100","","0","0","0","1","0","",""
"7642","","3","3005","","704","1109","","","0","S","","","0","0,00","","A","","2","N","A","S","100","","0","0","0","1","0","",""
"7643","","9","3005","","704","1114","","","0","S","","","0","0,00","","A","","2","N","A","S","100","","0","0","0","1","0","",""
"7644","","14","3005","","704","1116","","","0","S","","","0","0,00","","A","","2","N","A","S","100","","0","0","0","1","0","",""
"7645","","11","3005","","704","1113","","","0","S","","","0","0,00","","A","","2","N","A","S","100","","0","0","0","1","0","",""
"7646","","4","3005","","704","1110","","","0","S","","","0","0,00","","A","","2","N","A","S","100","","0","0","0","1","0","",""
"7647","","12","3005","","704","1144","","","0","S","","","0","0,00","","A","","2","N","A","S","100","","0","0","0","1","0","",""
"7648","","5","3005","","704","1143","","","0","S","","","0","0,00","","A","","2","N","A","S","100","","0","0","0","1","0","",""
"7649","","15","3005","","704","1117","","","0","S","","","0","0,00","","A","","2","N","A","S","100","","0","0","0","1","0","",""
"7650","","10","3005","","704","1112","","","0","S","","","0","0,00","","A","","2","N","A","S","100","","0","0","0","1","0","",""
"7651","","18","3005","","704","1120","","","0","S","","","0","0,00","","A","","2","N","A","S","100","","0","0","0","1","0","",""
"7652","","7","3005","","704","1111","","","0","S","","","0","0,00","","A","","2","N","A","S","100","","0","0","0","1","0","",""
"7653","","1","3005","","704","1107","","","0","S","","","0","0,00","","A","","2","N","A","S","100","","0","0","0","1","0","",""
"7654","","13","3005","","704","1115","","","0","S","","","0","0,00","","A","","2","N","A","S","100","","0","0","0","1","0","",""
"7655","","17","3005","","704","1119","","","0","S","","","0","0,00","","A","","2","N","A","S","100","","0","0","0","1","0","",""
"7656","","16","3005","","704","1118","","","0","S","","","0","0,00","","A","","2","N","A","S","100","","0","0","0","1","0","",""
"7657","","","2530","","707","1422","","","0","S","","","0","0,00","","A","","2","N","A","S","100","","0","0","0","1","0","0",""
"7658","","2","3329","","787","1108","","","0","S","","","0","0,00","","A","","2","N","A","S","100","","0","0","0","1","0","",""
"7659","","3","3329","","787","1109","","","0","S","","","0","0,00","","A","","2","N","A","S","100","","0","0","0","1","0","",""
"7660","","9","3329","","787","1114","","","0","S","","","0","0,00","","A","","2","N","A","S","100","","0","0","0","1","0","",""
"7661","","14","3329","","787","1116","","","0","S","","","0","0,00","","A","","2","N","A","S","100","","0","0","0","1","0","",""
"7662","","11","3329","","787","1113","","","0","S","","","0","0,00","","A","","2","N","A","S","100","","0","0","0","1","0","",""
"7663","","4","3329","","787","1110","","","0","S","","","0","0,00","","A","","2","N","A","S","100","","0","0","0","1","0","",""
"7664","","12","3329","","787","1144","","","0","S","","","0","0,00","","A","","2","N","A","S","100","","0","0","0","1","0","",""
"7665","","5","3329","","787","1143","","","0","S","","","0","0,00","","A","","2","N","A","S","100","","0","0","0","1","0","",""
"7666","","15","3329","","787","1117","","","0","S","","","0","0,00","","A","","2","N","A","S","100","","0","0","0","1","0","",""
"7667","","10","3329","","787","1112","","","0","S","","","0","0,00","","A","","2","N","A","S","100","","0","0","0","1","0","",""
"7668","","18","3329","","787","1120","","","0","S","","","0","0,00","","A","","2","N","A","S","100","","0","0","0","1","0","",""
"7669","","7","3329","","787","1111","","","0","S","","","0","0,00","","A","","2","N","A","S","100","","0","0","0","1","0","",""
"7670","","1","3329","","787","1107","","","0","S","","","0","0,00","","A","","2","N","A","S","100","","0","0","0","1","0","",""
"7671","","13","3329","","787","1115","","","0","S","","","0","0,00","","A","","2","N","A","S","100","","0","0","0","1","0","",""
"7672","","17","3329","","787","1119","","","0","S","","","0","0,00","","A","","2","N","A","S","100","","0","0","0","1","0","",""
"7673","","16","3329","","787","1118","","","0","S","","","0","0,00","","A","","2","N","A","S","100","","0","0","0","1","0","",""
"7674","","2","3329","","788","1108","","","0","S","","","0","0,00","","A","","2","N","A","S","200","","0","0","0","1","0","0",""
"7675","","3","3329","","788","1109","","","0","S","","","0","0,00","","A","","2","N","A","S","200","","0","0","0","1","0","0",""
"7676","","9","3329","","788","1114","","","0","S","","","0","0,00","","A","","2","N","A","S","200","","0","0","0","1","0","0",""
"7677","","14","3329","","788","1116","","","0","S","","","0","0,00","","A","","2","N","A","S","200","","0","0","0","1","0","0",""
"7678","","11","3329","","788","1113","","","0","S","","","0","0,00","","A","","2","N","A","S","200","","0","0","0","1","0","0",""
"7679","","4","3329","","788","1110","","","0","S","","","0","0,00","","A","","2","N","A","S","200","","0","0","0","1","0","0",""
"7680","","12","3329","","788","1144","","","0","S","","","0","0,00","","A","","2","N","A","S","200","","0","0","0","1","0","0",""
"7681","","5","3329","","788","1143","","","0","S","","","0","0,00","","A","","2","N","A","S","200","","0","0","0","1","0","0",""
"7682","","15","3329","","788","1117","","","0","S","","","0","0,00","","A","","2","N","A","S","200","","0","0","0","1","0","0",""
"7683","","10","3329","","788","1112","","","0","S","","","0","0,00","","A","","2","N","A","S","200","","0","0","0","1","0","0",""
"7684","","18","3329","","788","1120","","","0","S","","","0","0,00","","A","","2","N","A","S","200","","0","0","0","1","0","0",""
"7685","","7","3329","","788","1111","","","0","S","","","0","0,00","","A","","2","N","A","S","200","","0","0","0","1","0","0",""
"7686","","1","3329","","788","1107","","","0","S","","","0","0,00","","A","","2","N","A","S","200","","0","0","0","1","0","0",""
"7687","","13","3329","","788","1115","","","0","S","","","0","0,00","","A","","2","N","A","S","200","","0","0","0","1","0","0",""
"7688","","17","3329","","788","1119","","","0","S","","","0","0,00","","A","","2","N","A","S","200","","0","0","0","1","0","0",""
"7689","","16","3329","","788","1118","","","0","S","","","0","0,00","","A","","2","N","A","S","200","","0","0","0","1","0","0",""
"7690","","2","3329","","789","1108","","","0","S","","","0","0,00","","A","","2","N","A","S","300","","0","0","0","1","0","0",""
"7691","","3","3329","","789","1109","","","0","S","","","0","0,00","","A","","2","N","A","S","300","","0","0","0","1","0","",""
"7692","","14","3329","","789","1116","","","0","S","","","0","0,00","","A","","2","N","A","S","300","","0","0","0","1","0","",""
"7693","","11","3329","","789","1113","","","0","S","","","0","0,00","","A","","2","N","A","S","300","","0","0","0","1","0","",""
"7694","","4","3329","","789","1110","","","0","S","","","0","0,00","","A","","2","N","A","S","300","","0","0","0","1","0","",""
"7695","","12","3329","","789","1144","","","0","S","","","0","0,00","","A","","2","N","A","S","300","","0","0","0","1","0","",""
"7696","","5","3329","","789","1143","","","0","S","","","0","0,00","","A","","2","N","A","S","300","","0","0","0","1","0","",""
"7697","","15","3329","","789","1117","","","0","S","","","0","0,00","","A","","2","N","A","S","300","","0","0","0","1","0","",""
"7698","","10","3329","","789","1112","","","0","S","","","0","0,00","","A","","2","N","A","S","300","","0","0","0","1","0","",""
"7699","","18","3329","","789","1120","","","0","S","","","0","0,00","","A","","2","N","A","S","300","","0","0","0","1","0","",""
"7700","","7","3329","","789","1111","","","0","S","","","0","0,00","","A","","2","N","A","S","300","","0","0","0","1","0","",""
"7701","","1","3329","","789","1107","","","0","S","","","0","0,00","","A","","2","N","A","S","300","","0","0","0","1","0","",""
"7702","","13","3329","","789","1115","","","0","S","","","0","0,00","","A","","2","N","A","S","300","","0","0","0","1","0","",""
"7703","","17","3329","","789","1119","","","0","S","","","0","0,00","","A","","2","N","A","S","300","","0","0","0","1","0","",""
"7704","","16","3329","","789","1118","","","0","S","","","0","0,00","","A","","2","N","A","S","300","","0","0","0","1","0","",""
"7706","","2","3329","","790","1108","","","0","S","","","0","0,00","","A","","2","N","A","S","400","","0","0","0","1","0","",""
"7707","","3","3329","","790","1109","","","0","S","","","0","0,00","","A","","2","N","A","S","400","","0","0","0","1","0","",""
"7708","","9","3329","","790","1114","","","0","S","","","0","0,00","","A","","2","N","A","S","400","","0","0","0","1","0","",""
"7709","","14","3329","","790","1116","","","0","S","","","0","0,00","","A","","2","N","A","S","400","","0","0","0","1","0","",""
"7710","","11","3329","","790","1113","","","0","S","","","0","0,00","","A","","2","N","A","S","400","","0","0","0","1","0","",""
"7711","","4","3329","","790","1110","","","0","S","","","0","0,00","","A","","2","N","A","S","400","","0","0","0","1","0","",""
"7712","","12","3329","","790","1144","","","0","S","","","0","0,00","","A","","2","N","A","S","400","","0","0","0","1","0","",""
"7713","","5","3329","","790","1143","","","0","S","","","0","0,00","","A","","2","N","A","S","400","","0","0","0","1","0","",""
"7714","","15","3329","","790","1117","","","0","S","","","0","0,00","","A","","2","N","A","S","400","","0","0","0","1","0","",""
"7715","","10","3329","","790","1112","","","0","S","","","0","0,00","","A","","2","N","A","S","400","","0","0","0","1","0","",""
"7716","","18","3329","","790","1120","","","0","S","","","0","0,00","","A","","2","N","A","S","400","","0","0","0","1","0","",""
"7717","","7","3329","","790","1111","","","0","S","","","0","0,00","","A","","2","N","A","S","400","","0","0","0","1","0","",""
"7718","","1","3329","","790","1107","","","0","S","","","0","0,00","","A","","2","N","A","S","400","","0","0","0","1","0","",""
"7720","","13","3329","","790","1115","","","0","S","","","0","0,00","","A","","2","N","A","S","400","","0","0","0","1","0","",""
"7721","","17","3329","","790","1119","","","0","S","","","0","0,00","","A","","2","N","A","S","400","","0","0","0","1","0","",""
"7722","","16","3329","","790","1118","","","0","S","","","0","0,00","","A","","2","N","A","S","400","","0","0","0","1","0","",""
"7723","","9","3329","","789","1114","","","0","S","","","0","0,00","","A","","2","N","A","S","300","","0","0","0","1","0","",""
"7724","","","3335","","702","1132","","","0","S","","","0","0,00","","A","","2","N","A","S","100","","0","0","0","1","0","",""
"7725","","2","3336","","700","1134","1ª Revisão (100h)","","0","S","","","0","0,00","","A","","2","N","A","S","100","","0","0","0","1","0","0",""
"7726","","3","3336","","700","1135","1ª Revisão (100h)","","0","S","","","0","0,00","","A","","2","N","A","S","100","","0","0","0","1","0","0",""
"7727","","9","3336","","700","1139","1ª Revisão (100h)","","0","S","","","0","0,00","","A","","2","N","A","S","100","","0","0","0","1","0","0",""
"7728","","14","3336","","700","1303","1ª Revisão (100h)","","0","S","","","0","0,00","","A","","2","N","A","S","100","","0","0","0","1","0","0",""
"7729","","11","3336","","700","1141","1ª Revisão (100h)","","0","S","","","0","0,00","","A","","2","N","A","S","100","","0","0","0","1","0","0",""
"7730","","4","3336","","700","1136","1ª Revisão (100h)","","0","S","","","0","0,00","","A","","2","N","A","S","100","","0","0","0","1","0","0",""
"7731","","12","3336","","700","1142","1ª Revisão (100h)","","0","S","","","0","0,00","","A","","2","N","A","S","100","","0","0","0","1","0","0",""
"7732","","5","3336","","700","1137","1ª Revisão (100h)","","0","S","","","0","0,00","","A","","2","N","A","S","100","","0","0","0","1","0","0",""
"7733","","15","3336","","700","1304","1ª Revisão (100h)","","0","S","","","0","0,00","","A","","2","N","A","S","100","","0","0","0","1","0","0",""
"7734","","10","3336","","700","1140","1ª Revisão (100h)","","0","S","","","0","0,00","","A","","2","N","A","S","100","","0","0","0","1","0","0",""
"7735","","18","3336","","700","1307","1ª Revisão (100h)","","0","S","","","0","0,00","","A","","2","N","A","S","100","","0","0","0","1","0","0",""
"7736","","7","3336","","700","1138","1ª Revisão (100h)","","0","S","","","0","0,00","","A","","2","N","A","S","100","","0","0","0","1","0","0",""
"7737","","1","3336","","700","1133","1ª Revisão (100h)","","0","S","","","0","0,00","","A","","2","N","A","S","100","","0","0","0","1","0","0",""
"7738","","13","3336","","700","1302","1ª Revisão (100h)","","0","S","","","0","0,00","","A","","2","N","A","S","100","","0","0","0","1","0","0",""
"7739","","17","3336","","700","1306","1ª Revisão (100h)","","0","S","","","0","0,00","","A","","2","N","A","S","100","","0","0","0","1","0","0",""
"7740","","16","3336","","700","1305","1ª Revisão (100h)","","0","S","","","0","0,00","","A","","2","N","A","S","100","","0","0","0","1","0","0",""
"7741","","2","3338","","693","1134","1ª Revisão (100h)","","0","S","","","0","0,00","","A","","2","N","A","S","100","","0","1","0","1","0","0",""
"7742","","3","3338","","693","1135","1ª Revisão (100h)","","0","S","","","0","0,00","","A","","2","N","A","S","100","","0","1","0","1","0","0",""
"7743","","9","3338","","693","1139","1ª Revisão (100h)","","0","S","","","0","0,00","","A","","2","N","A","S","100","","0","1","0","1","0","0",""
"7744","","14","3338","","693","1303","1ª Revisão (100h)","","0","S","","","0","0,00","","A","","2","N","A","S","100","","0","1","0","1","0","0",""
"7745","","11","3338","","693","1141","1ª Revisão (100h)","","0","S","","","0","0,00","","A","","2","N","A","S","100","","0","1","0","1","0","0",""
"7782","","15","3342","","700","1304","2ª Revisão (450/600h)","","0","S","","","0","0,00","","A","","2","N","A","S","100","","0","1","0","1","0","0",""
"7783","","10","3342","","700","1140","2ª Revisão (450/600h)","","0","S","","","0","0,00","","A","","2","N","A","S","100","","0","1","0","1","0","0",""
"7784","","18","3342","","700","1307","2ª Revisão (450/600h)","","0","S","","","0","0,00","","A","","2","N","A","S","100","","0","1","0","1","0","0",""
"7785","","7","3342","","700","1138","2ª Revisão (450/600h)","","0","S","","","0","0,00","","A","","2","N","A","S","100","","0","1","0","1","0","0",""
"7786","","1","3342","","700","1133","2ª Revisão (450/600h)","","0","S","","","0","0,00","","A","","2","N","A","S","100","","0","1","0","1","0","0",""
"7787","","13","3342","","700","1302","2ª Revisão (450/600h)","","0","S","","","0","0,00","","A","","2","N","A","S","100","","0","1","0","1","0","0",""
"7788","","17","3342","","700","1306","2ª Revisão (450/600h)","","0","S","","","0","0,00","","A","","2","N","A","S","100","","0","1","0","1","0","0",""
"7789","","16","3342","","700","1305","2ª Revisão (450/600h)","","0","S","","","0","0,00","","A","","2","N","A","S","100","","0","1","0","1","0","0",""
"7790","","2","3344","","693","1134","2ª Revisão (450/600h)","","0","S","","","0","0,00","","A","","2","N","A","S","100","","0","1","0","1","0","0",""
"7791","","3","3344","","693","1135","2ª Revisão (450/600h)","","0","S","","","0","0,00","","A","","2","N","A","S","100","","0","1","0","1","0","0",""
"7792","","9","3344","","693","1139","2ª Revisão (450/600h)","","0","S","","","0","0,00","","A","","2","N","A","S","100","","0","1","0","1","0","0",""
"7793","","14","3344","","693","1303","2ª Revisão (450/600h)","","0","S","","","0","0,00","","A","","2","N","A","S","100","","0","1","0","1","0","0",""
"7794","","11","3344","","693","1141","2ª Revisão (450/600h)","","0","S","","","0","0,00","","A","","2","N","A","S","100","","0","1","0","1","0","0",""
"7795","","4","3344","","693","1136","2ª Revisão (450/600h)","","0","S","","","0","0,00","","A","","2","N","A","S","100","","0","1","0","1","0","0",""
"7796","","12","3344","","693","1142","2ª Revisão (450/600h)","","0","S","","","0","0,00","","A","","2","N","A","S","100","","0","1","0","1","0","0",""
"7797","","5","3344","","693","1137","2ª Revisão (450/600h)","","0","S","","","0","0,00","","A","","2","N","A","S","100","","0","1","0","1","0","0",""
"7798","","15","3344","","693","1304","2ª Revisão (450/600h)","","0","S","","","0","0,00","","A","","2","N","A","S","100","","0","1","0","1","0","0",""
"7799","","10","3344","","693","1140","2ª Revisão (450/600h)","","0","S","","","0","0,00","","A","","2","N","A","S","100","","0","1","0","1","0","0",""
"7800","","18","3344","","693","1307","2ª Revisão (450/600h)","","0","S","","","0","0,00","","A","","2","N","A","S","100","","0","1","0","1","0","0",""
"7801","","7","3344","","693","1138","2ª Revisão (450/600h)","","0","S","","","0","0,00","","A","","2","N","A","S","100","","0","1","0","1","0","0",""
"7802","","1","3344","","693","1133","2ª Revisão (450/600h)","","0","S","","","0","0,00","","A","","2","N","A","S","100","","0","1","0","1","0","0",""
"7803","","13","3344","","693","1302","2ª Revisão (450/600h)","","0","S","","","0","0,00","","A","","2","N","A","S","100","","0","1","0","1","0","0",""
"7804","","17","3344","","693","1306","2ª Revisão (450/600h)","","0","S","","","0","0,00","","A","","2","N","A","S","100","","0","1","0","1","0","0",""
"7805","","16","3344","","693","1305","2ª Revisão (450/600h)","","0","S","","","0","0,00","","A","","2","N","A","S","100","","0","1","0","1","0","0",""
"7806","","2","3345","","793","1108","2ª Revisão (450/600h)","","0","S","","","0","0,00","","A","","2","N","A","S","100","","0","1","0","1","0","0",""
"7807","","3","3345","","793","1109","2ª Revisão (450/600h)","","0","S","","","0","0,00","","A","","2","N","A","S","100","","0","1","0","1","0","0",""
"7808","","9","3345","","793","1114","2ª Revisão (450/600h)","","0","S","","","0","0,00","","A","","2","N","A","S","100","","0","1","0","1","0","0",""
"7809","","14","3345","","793","1116","2ª Revisão (450/600h)","","0","S","","","0","0,00","","A","","2","N","A","S","100","","0","1","0","1","0","0",""
"7810","","11","3345","","793","1113","2ª Revisão (450/600h)","","0","S","","","0","0,00","","A","","2","N","A","S","100","","0","1","0","1","0","0",""
"7811","","4","3345","","793","1110","2ª Revisão (450/600h)","","0","S","","","0","0,00","","A","","2","N","A","S","100","","0","1","0","1","0","0",""
"7812","","12","3345","","793","1144","2ª Revisão (450/600h)","","0","S","","","0","0,00","","A","","2","N","A","S","100","","0","1","0","1","0","0",""
"7813","","5","3345","","793","1143","2ª Revisão (450/600h)","","0","S","","","0","0,00","","A","","2","N","A","S","100","","0","1","0","1","0","0",""
"7814","","15","3345","","793","1117","2ª Revisão (450/600h)","","0","S","","","0","0,00","","A","","2","N","A","S","100","","0","1","0","1","0","0",""
"7852","","1","3350","","693","1133","3ª Revisão (800h)","","0","S","","","0","0,00","","A","","2","N","A","S","100","","0","1","0","1","0","0",""
"7853","","13","3350","","693","1302","3ª Revisão (800h)","","0","S","","","0","0,00","","A","","2","N","A","S","100","","0","1","0","1","0","0",""
"7854","","17","3350","","693","1306","3ª Revisão (800h)","","0","S","","","0","0,00","","A","","2","N","A","S","100","","0","1","0","1","0","0",""
"7855","","16","3350","","693","1305","3ª Revisão (800h)","","0","S","","","0","0,00","","A","","2","N","A","S","100","","0","1","0","1","0","0",""
"7856","","2","3351","","688","1108","3ª Revisão (800h)","","0","S","","","0","0,00","","A","","2","N","A","S","100","","0","1","0","1","0","0",""
"7857","","3","3351","","688","1109","3ª Revisão (800h)","","0","S","","","0","0,00","","A","","2","N","A","S","100","","0","1","0","1","0","0",""
"7858","","9","3351","","688","1114","3ª Revisão (800h)","","0","S","","","0","0,00","","A","","2","N","A","S","100","","0","1","0","1","0","0",""
"7860","","14","3351","","688","1116","3ª Revisão (800h)","","0","S","","","0","0,00","","A","","2","N","A","S","100","","0","1","0","1","0","0",""
"7861","","11","3351","","688","1113","3ª Revisão (800h)","","0","S","","","0","0,00","","A","","2","N","A","S","100","","0","1","0","1","0","0",""
"7862","","4","3351","","688","1110","3ª Revisão (800h)","","0","S","","","0","0,00","","A","","2","N","A","S","100","","0","1","0","1","0","0",""
"7863","","12","3351","","688","1144","3ª Revisão (800h)","","0","S","","","0","0,00","","A","","2","N","A","S","100","","0","1","0","1","0","0",""
"7864","","5","3351","","688","1143","3ª Revisão (800h)","","0","S","","","0","0,00","","A","","2","N","A","S","100","","0","1","0","1","0","0",""
"7865","","15","3351","","688","1117","3ª Revisão (800h)","","0","S","","","0","0,00","","A","","2","N","A","S","100","","0","1","0","1","0","0",""
"7866","","10","3351","","688","1112","3ª Revisão (800h)","","0","S","","","0","0,00","","A","","2","N","A","S","100","","0","1","0","1","0","0",""
"7867","","18","3351","","688","1120","3ª Revisão (800h)","","0","S","","","0","0,00","","A","","2","N","A","S","100","","0","1","0","1","0","0",""
"7868","","7","3351","","688","1111","3ª Revisão (800h)","","0","S","","","0","0,00","","A","","2","N","A","S","100","","0","1","0","1","0","0",""
"7869","","1","3351","","688","1107","3ª Revisão (800h)","","0","S","","","0","0,00","","A","","2","N","A","S","100","","0","1","0","1","0","0",""
"7870","","13","3351","","688","1115","3ª Revisão (800h)","","0","S","","","0","0,00","","A","","2","N","A","S","100","","0","1","0","1","0","0",""
"7871","","17","3351","","688","1119","3ª Revisão (800h)","","0","S","","","0","0,00","","A","","2","N","A","S","100","","0","1","0","1","0","0",""
"7872","","16","3351","","688","1118","3ª Revisão (800h)","","0","S","","","0","0,00","","A","","2","N","A","S","100","","0","1","0","1","0","0",""
"7873","","","3353","","702","1132","","","0","S","","","0","0,00","","A","","2","N","A","S","100","","0","1","0","1","0","",""
"7874","","2","3356","","700","1134","4ª Revisão (1100/1150h)","","0","S","","","0","0,00","","A","","2","N","A","S","100","","0","1","0","1","0","0",""
"7875","","3","3356","","700","1135","4ª Revisão (1100/1150h)","","0","S","","","0","0,00","","A","","2","N","A","S","100","","0","1","0","1","0","0",""
"7876","","9","3356","","700","1139","4ª Revisão (1100/1150h)","","0","S","","","0","0,00","","A","","2","N","A","S","100","","0","1","0","1","0","0",""
"7877","","14","3356","","700","1303","4ª Revisão (1100/1150h)","","0","S","","","0","0,00","","A","","2","N","A","S","100","","0","1","0","1","0","0",""
"7878","","11","3356","","700","1141","4ª Revisão (1100/1150h)","","0","S","","","0","0,00","","A","","2","N","A","S","100","","0","1","0","1","0","0",""
"7879","","4","3356","","700","1136","4ª Revisão (1100/1150h)","","0","S","","","0","0,00","","A","","2","N","A","S","100","","0","1","0","1","0","0",""
"7880","","12","3356","","700","1142","4ª Revisão (1100/1150h)","","0","S","","","0","0,00","","A","","2","N","A","S","100","","0","1","0","1","0","0",""
"7881","","5","3356","","700","1137","4ª Revisão (1100/1150h)","","0","S","","","0","0,00","","A","","2","N","A","S","100","","0","1","0","1","0","0",""
"7882","","15","3356","","700","1304","4ª Revisão (1100/1150h)","","0","S","","","0","0,00","","A","","2","N","A","S","100","","0","1","0","1","0","0",""
"7883","","10","3356","","700","1140","4ª Revisão (1100/1150h)","","0","S","","","0","0,00","","A","","2","N","A","S","100","","0","1","0","1","0","0",""
"7884","","18","3356","","700","1307","4ª Revisão (1100/1150h)","","0","S","","","0","0,00","","A","","2","N","A","S","100","","0","1","0","1","0","0",""
"7746","","4","3338","","693","1136","1ª Revisão (100h)","","0","S","","","0","0,00","","A","","2","N","A","S","100","","0","1","0","1","0","0",""
"7747","","12","3338","","693","1142","1ª Revisão (100h)","","0","S","","","0","0,00","","A","","2","N","A","S","100","","0","1","0","1","0","0",""
"7748","","5","3338","","693","1137","1ª Revisão (100h)","","0","S","","","0","0,00","","A","","2","N","A","S","100","","0","1","0","1","0","0",""
"7749","","15","3338","","693","1304","1ª Revisão (100h)","","0","S","","","0","0,00","","A","","2","N","A","S","100","","0","1","0","1","0","0",""
"7750","","10","3338","","693","1140","1ª Revisão (100h)","","0","S","","","0","0,00","","A","","2","N","A","S","100","","0","1","0","1","0","0",""
"7751","","18","3338","","693","1307","1ª Revisão (100h)","","0","S","","","0","0,00","","A","","2","N","A","S","100","","0","1","0","1","0","0",""
"7752","","7","3338","","693","1138","1ª Revisão (100h)","","0","S","","","0","0,00","","A","","2","N","A","S","100","","0","1","0","1","0","0",""
"7753","","1","3338","","693","1133","1ª Revisão (100h)","","0","S","","","0","0,00","","A","","2","N","A","S","100","","0","1","0","1","0","0",""
"7754","","13","3338","","693","1302","1ª Revisão (100h)","","0","S","","","0","0,00","","A","","2","N","A","S","100","","0","1","0","1","0","0",""
"7755","","17","3338","","693","1306","1ª Revisão (100h)","","0","S","","","0","0,00","","A","","2","N","A","S","100","","0","1","0","1","0","0",""
"7756","","16","3338","","693","1305","1ª Revisão (100h)","","0","S","","","0","0,00","","A","","2","N","A","S","100","","0","1","0","1","0","0",""
"7757","","2","3339","","792","1108","1ª Revisão (100h)","","0","S","","","0","0,00","","A","","2","N","A","S","100","","0","1","0","1","0","0",""
"7758","","3","3339","","792","1109","1ª Revisão (100h)","","0","S","","","0","0,00","","A","","2","N","A","S","100","","0","1","0","1","0","0",""
"7759","","9","3339","","792","1114","1ª Revisão (100h)","","0","S","","","0","0,00","","A","","2","N","A","S","100","","0","1","0","1","0","0",""
"7760","","14","3339","","792","1116","1ª Revisão (100h)","","0","S","","","0","0,00","","A","","2","N","A","S","100","","0","1","0","1","0","0",""
"7761","","11","3339","","792","1113","1ª Revisão (100h)","","0","S","","","0","0,00","","A","","2","N","A","S","100","","0","1","0","1","0","0",""
"7762","","4","3339","","792","1110","1ª Revisão (100h)","","0","S","","","0","0,00","","A","","2","N","A","S","100","","0","1","0","1","0","0",""
"7763","","12","3339","","792","1144","1ª Revisão (100h)","","0","S","","","0","0,00","","A","","2","N","A","S","100","","0","1","0","1","0","0",""
"7764","","5","3339","","792","1143","1ª Revisão (100h)","","0","S","","","0","0,00","","A","","2","N","A","S","100","","0","1","0","1","0","0",""
"7765","","15","3339","","792","1117","1ª Revisão (100h)","","0","S","","","0","0,00","","A","","2","N","A","S","100","","0","1","0","1","0","0",""
"7766","","10","3339","","792","1112","1ª Revisão (100h)","","0","S","","","0","0,00","","A","","2","N","A","S","100","","0","1","0","1","0","0",""
"7767","","18","3339","","792","1120","1ª Revisão (100h)","","0","S","","","0","0,00","","A","","2","N","A","S","100","","0","1","0","1","0","0",""
"7768","","7","3339","","792","1111","1ª Revisão (100h)","","0","S","","","0","0,00","","A","","2","N","A","S","100","","0","1","0","1","0","0",""
"7769","","1","3339","","792","1107","1ª Revisão (100h)","","0","S","","","0","0,00","","A","","2","N","A","S","100","","0","1","0","1","0","0",""
"7770","","13","3339","","792","1115","1ª Revisão (100h)","","0","S","","","0","0,00","","A","","2","N","A","S","100","","0","1","0","1","0","0",""
"7771","","17","3339","","792","1119","1ª Revisão (100h)","","0","S","","","0","0,00","","A","","2","N","A","S","100","","0","1","0","1","0","0",""
"7772","","16","3339","","792","1118","1ª Revisão (100h)","","0","S","","","0","0,00","","A","","2","N","A","S","100","","0","1","0","1","0","0",""
"7773","","","3341","","702","1132","","","0","S","","","0","0,00","","A","","2","N","A","S","100","","0","1","0","1","0","",""
"7774","","2","3342","","700","1134","2ª Revisão (450/600h)","","0","S","","","0","0,00","","A","","2","N","A","S","100","","0","1","0","1","0","0",""
"7775","","3","3342","","700","1135","2ª Revisão (450/600h)","","0","S","","","0","0,00","","A","","2","N","A","S","100","","0","1","0","1","0","0",""
"7776","","9","3342","","700","1139","2ª Revisão (450/600h)","","0","S","","","0","0,00","","A","","2","N","A","S","100","","0","1","0","1","0","0",""
"7777","","14","3342","","700","1303","2ª Revisão (450/600h)","","0","S","","","0","0,00","","A","","2","N","A","S","100","","0","1","0","1","0","0",""
"7778","","11","3342","","700","1141","2ª Revisão (450/600h)","","0","S","","","0","0,00","","A","","2","N","A","S","100","","0","1","0","1","0","0",""
"7779","","4","3342","","700","1136","2ª Revisão (450/600h)","","0","S","","","0","0,00","","A","","2","N","A","S","100","","0","1","0","1","0","0",""
"7780","","12","3342","","700","1142","2ª Revisão (450/600h)","","0","S","","","0","0,00","","A","","2","N","A","S","100","","0","1","0","1","0","0",""
"7781","","5","3342","","700","1137","2ª Revisão (450/600h)","","0","S","","","0","0,00","","A","","2","N","A","S","100","","0","1","0","1","0","0",""
"7914","","15","3357","","688","1117","4ª Revisão (1100/1150h)","","0","S","","","0","0,00","","A","","2","N","A","S","100","","0","1","0","1","0","0",""
"7915","","10","3357","","688","1112","4ª Revisão (1100/1150h)","","0","S","","","0","0,00","","A","","2","N","A","S","100","","0","1","0","1","0","0",""
"7916","","18","3357","","688","1120","4ª Revisão (1100/1150h)","","0","S","","","0","0,00","","A","","2","N","A","S","100","","0","1","0","1","0","0",""
"7917","","7","3357","","688","1111","4ª Revisão (1100/1150h)","","0","S","","","0","0,00","","A","","2","N","A","S","100","","0","1","0","1","0","0",""
"7918","","1","3357","","688","1107","4ª Revisão (1100/1150h)","","0","S","","","0","0,00","","A","","2","N","A","S","100","","0","1","0","1","0","0",""
"7919","","13","3357","","688","1115","4ª Revisão (1100/1150h)","","0","S","","","0","0,00","","A","","2","N","A","S","100","","0","1","0","1","0","0",""
"7920","","17","3357","","688","1119","4ª Revisão (1100/1150h)","","0","S","","","0","0,00","","A","","2","N","A","S","100","","0","1","0","1","0","0",""
"7921","","16","3357","","688","1118","4ª Revisão (1100/1150h)","","0","S","","","0","0,00","","A","","2","N","A","S","100","","0","1","0","1","0","0",""
"7922","","2","3360","","693","1134","1ª Revisão (100h)","","0","S","","","0","0,00","","A","","2","N","A","S","100","","0","1","0","1","0","0",""
"7923","","3","3360","","693","1135","1ª Revisão (100h)","","0","S","","","0","0,00","","A","","2","N","A","S","100","","0","1","0","1","0","0",""
"7924","","9","3360","","693","1139","1ª Revisão (100h)","","0","S","","","0","0,00","","A","","2","N","A","S","100","","0","1","0","1","0","0",""
"7925","","14","3360","","693","1303","1ª Revisão (100h)","","0","S","","","0","0,00","","A","","2","N","A","S","100","","0","1","0","1","0","0",""
"7926","","11","3360","","693","1141","1ª Revisão (100h)","","0","S","","","0","0,00","","A","","2","N","A","S","100","","0","1","0","1","0","0",""
"7927","","4","3360","","693","1136","1ª Revisão (100h)","","0","S","","","0","0,00","","A","","2","N","A","S","100","","0","1","0","1","0","0",""
"7928","","12","3360","","693","1142","1ª Revisão (100h)","","0","S","","","0","0,00","","A","","2","N","A","S","100","","0","1","0","1","0","0",""
"7929","","5","3360","","693","1137","1ª Revisão (100h)","","0","S","","","0","0,00","","A","","2","N","A","S","100","","0","1","0","1","0","0",""
"7930","","15","3360","","693","1304","1ª Revisão (100h)","","0","S","","","0","0,00","","A","","2","N","A","S","100","","0","1","0","1","0","0",""
"7931","","10","3360","","693","1140","1ª Revisão (100h)","","0","S","","","0","0,00","","A","","2","N","A","S","100","","0","1","0","1","0","0",""
"7932","","18","3360","","693","1307","1ª Revisão (100h)","","0","S","","","0","0,00","","A","","2","N","A","S","100","","0","1","0","1","0","0",""
"7933","","7","3360","","693","1138","1ª Revisão (100h)","","0","S","","","0","0,00","","A","","2","N","A","S","100","","0","1","0","1","0","0",""
"7934","","1","3360","","693","1133","1ª Revisão (100h)","","0","S","","","0","0,00","","A","","2","N","A","S","100","","0","1","0","1","0","0",""
"7935","","13","3360","","693","1302","1ª Revisão (100h)","","0","S","","","0","0,00","","A","","2","N","A","S","100","","0","1","0","1","0","0",""
"7936","","17","3360","","693","1306","1ª Revisão (100h)","","0","S","","","0","0,00","","A","","2","N","A","S","100","","0","1","0","1","0","0",""
"7937","","16","3360","","693","1305","1ª Revisão (100h)","","0","S","","","0","0,00","","A","","2","N","A","S","100","","0","1","0","1","0","0",""
"7938","","2","3361","","694","1282","1ª Revisão (100h)","","0","S","","","0","0,00","","A","","2","N","A","S","100","","0","1","0","1","0","0",""
"7939","","3","3361","","694","1283","1ª Revisão (100h)","","0","S","","","0","0,00","","A","","2","N","A","S","100","","0","1","0","1","0","0",""
"7940","","9","3361","","694","1288","1ª Revisão (100h)","","0","S","","","0","0,00","","A","","2","N","A","S","100","","0","1","0","1","0","0",""
"7941","","14","3361","","694","1275","1ª Revisão (100h)","","0","S","","","0","0,00","","A","","2","N","A","S","100","","0","1","0","1","0","0",""
"7942","","11","3361","","694","1287","1ª Revisão (100h)","","0","S","","","0","0,00","","A","","2","N","A","S","100","","0","1","0","1","0","0",""
"7943","","4","3361","","694","1284","1ª Revisão (100h)","","0","S","","","0","0,00","","A","","2","N","A","S","100","","0","1","0","1","0","0",""
"7944","","12","3361","","694","1289","1ª Revisão (100h)","","0","S","","","0","0,00","","A","","2","N","A","S","100","","0","1","0","1","0","0",""
"7945","","5","3361","","694","1290","1ª Revisão (100h)","","0","S","","","0","0,00","","A","","2","N","A","S","100","","0","1","0","1","0","0",""
"7946","","15","3361","","694","1276","1ª Revisão (100h)","","0","S","","","0","0,00","","A","","2","N","A","S","100","","0","1","0","1","0","0",""
"7947","","10","3361","","694","1286","1ª Revisão (100h)","","0","S","","","0","0,00","","A","","2","N","A","S","100","","0","1","0","1","0","0",""
"7948","","18","3361","","694","1277","1ª Revisão (100h)","","0","S","","","0","0,00","","A","","2","N","A","S","100","","0","1","0","1","0","0",""
"7949","","7","3361","","694","1285","1ª Revisão (100h)","","0","S","","","0","0,00","","A","","2","N","A","S","100","","0","1","0","1","0","0",""
"7950","","1","3361","","694","1281","1ª Revisão (100h)","","0","S","","","0","0,00","","A","","2","N","A","S","100","","0","1","0","1","0","0",""
"7952","","13","3361","","694","1278","1ª Revisão (100h)","","0","S","","","0","0,00","","A","","2","N","A","S","100","","0","1","0","1","0","0",""
"7953","","17","3361","","694","1279","1ª Revisão (100h)","","0","S","","","0","0,00","","A","","2","N","A","S","100","","0","1","0","1","0","0",""
"7954","","16","3361","","694","1280","1ª Revisão (100h)","","0","S","","","0","0,00","","A","","2","N","A","S","100","","0","1","0","1","0","0",""
"7955","","2","3364","","693","1134","2ª Revisão (450/600h)","","0","S","","","0","0,00","","A","","2","N","A","S","100","","0","1","0","1","0","0",""
"7956","","3","3364","","693","1135","2ª Revisão (450/600h)","","0","S","","","0","0,00","","A","","2","N","A","S","100","","0","1","0","1","0","0",""
"7957","","9","3364","","693","1139","2ª Revisão (450/600h)","","0","S","","","0","0,00","","A","","2","N","A","S","100","","0","1","0","1","0","0",""
"7958","","14","3364","","693","1303","2ª Revisão (450/600h)","","0","S","","","0","0,00","","A","","2","N","A","S","100","","0","1","0","1","0","0",""
"7959","","11","3364","","693","1141","2ª Revisão (450/600h)","","0","S","","","0","0,00","","A","","2","N","A","S","100","","0","1","0","1","0","0",""
"7960","","4","3364","","693","1136","2ª Revisão (450/600h)","","0","S","","","0","0,00","","A","","2","N","A","S","100","","0","1","0","1","0","0",""
"7961","","12","3364","","693","1142","2ª Revisão (450/600h)","","0","S","","","0","0,00","","A","","2","N","A","S","100","","0","1","0","1","0","0",""
"7962","","5","3364","","693","1137","2ª Revisão (450/600h)","","0","S","","","0","0,00","","A","","2","N","A","S","100","","0","1","0","1","0","0",""
"7963","","15","3364","","693","1304","2ª Revisão (450/600h)","","0","S","","","0","0,00","","A","","2","N","A","S","100","","0","1","0","1","0","0",""
"7964","","10","3364","","693","1140","2ª Revisão (450/600h)","","0","S","","","0","0,00","","A","","2","N","A","S","100","","0","1","0","1","0","0",""
"7965","","18","3364","","693","1307","2ª Revisão (450/600h)","","0","S","","","0","0,00","","A","","2","N","A","S","100","","0","1","0","1","0","0",""
"7966","","7","3364","","693","1138","2ª Revisão (450/600h)","","0","S","","","0","0,00","","A","","2","N","A","S","100","","0","1","0","1","0","0",""
"7967","","1","3364","","693","1133","2ª Revisão (450/600h)","","0","S","","","0","0,00","","A","","2","N","A","S","100","","0","1","0","1","0","0",""
"7968","","13","3364","","693","1302","2ª Revisão (450/600h)","","0","S","","","0","0,00","","A","","2","N","A","S","100","","0","1","0","1","0","0",""
"7969","","17","3364","","693","1306","2ª Revisão (450/600h)","","0","S","","","0","0,00","","A","","2","N","A","S","100","","0","1","0","1","0","0",""
"7970","","16","3364","","693","1305","2ª Revisão (450/600h)","","0","S","","","0","0,00","","A","","2","N","A","S","100","","0","1","0","1","0","0",""
"7971","","2","3365","","694","1282","2ª Revisão (450/600h)","","0","S","","","0","0,00","","A","","2","N","A","S","100","","0","1","0","1","0","0",""
"7885","","7","3356","","700","1138","4ª Revisão (1100/1150h)","","0","S","","","0","0,00","","A","","2","N","A","S","100","","0","1","0","1","0","0",""
"7886","","1","3356","","700","1133","4ª Revisão (1100/1150h)","","0","S","","","0","0,00","","A","","2","N","A","S","100","","0","1","0","1","0","0",""
"7887","","13","3356","","700","1302","4ª Revisão (1100/1150h)","","0","S","","","0","0,00","","A","","2","N","A","S","100","","0","1","0","1","0","0",""
"7888","","17","3356","","700","1306","4ª Revisão (1100/1150h)","","0","S","","","0","0,00","","A","","2","N","A","S","100","","0","1","0","1","0","0",""
"7889","","16","3356","","700","1305","4ª Revisão (1100/1150h)","","0","S","","","0","0,00","","A","","2","N","A","S","100","","0","1","0","1","0","0",""
"7890","","2","3354","","693","1134","4ª Revisão (1100/1150h)","","0","S","","","0","0,00","","A","","2","N","A","S","100","","0","1","0","1","0","0",""
"7891","","3","3354","","693","1135","4ª Revisão (1100/1150h)","","0","S","","","0","0,00","","A","","2","N","A","S","100","","0","1","0","1","0","0",""
"7892","","9","3354","","693","1139","4ª Revisão (1100/1150h)","","0","S","","","0","0,00","","A","","2","N","A","S","100","","0","1","0","1","0","0",""
"7893","","14","3354","","693","1303","4ª Revisão (1100/1150h)","","0","S","","","0","0,00","","A","","2","N","A","S","100","","0","1","0","1","0","0",""
"7894","","11","3354","","693","1141","4ª Revisão (1100/1150h)","","0","S","","","0","0,00","","A","","2","N","A","S","100","","0","1","0","1","0","0",""
"7895","","4","3354","","693","1136","4ª Revisão (1100/1150h)","","0","S","","","0","0,00","","A","","2","N","A","S","100","","0","1","0","1","0","0",""
"7896","","12","3354","","693","1142","4ª Revisão (1100/1150h)","","0","S","","","0","0,00","","A","","2","N","A","S","100","","0","1","0","1","0","0",""
"7897","","5","3354","","693","1137","4ª Revisão (1100/1150h)","","0","S","","","0","0,00","","A","","2","N","A","S","100","","0","1","0","1","0","0",""
"7898","","15","3354","","693","1304","4ª Revisão (1100/1150h)","","0","S","","","0","0,00","","A","","2","N","A","S","100","","0","1","0","1","0","0",""
"7899","","10","3354","","693","1140","4ª Revisão (1100/1150h)","","0","S","","","0","0,00","","A","","2","N","A","S","100","","0","1","0","1","0","0",""
"7900","","18","3354","","693","1307","4ª Revisão (1100/1150h)","","0","S","","","0","0,00","","A","","2","N","A","S","100","","0","1","0","1","0","0",""
"7901","","7","3354","","693","1138","4ª Revisão (1100/1150h)","","0","S","","","0","0,00","","A","","2","N","A","S","100","","0","1","0","1","0","0",""
"7902","","1","3354","","693","1133","4ª Revisão (1100/1150h)","","0","S","","","0","0,00","","A","","2","N","A","S","100","","0","1","0","1","0","0",""
"7903","","13","3354","","693","1302","4ª Revisão (1100/1150h)","","0","S","","","0","0,00","","A","","2","N","A","S","100","","0","1","0","1","0","0",""
"7904","","17","3354","","693","1306","4ª Revisão (1100/1150h)","","0","S","","","0","0,00","","A","","2","N","A","S","100","","0","1","0","1","0","0",""
"7905","","16","3354","","693","1305","4ª Revisão (1100/1150h)","","0","S","","","0","0,00","","A","","2","N","A","S","100","","0","1","0","1","0","0",""
"7906","","2","3357","","688","1108","4ª Revisão (1100/1150h)","","0","S","","","0","0,00","","A","","2","N","A","S","100","","0","1","0","1","0","0",""
"7907","","3","3357","","688","1109","4ª Revisão (1100/1150h)","","0","S","","","0","0,00","","A","","2","N","A","S","100","","0","1","0","1","0","0",""
"7908","","9","3357","","688","1114","4ª Revisão (1100/1150h)","","0","S","","","0","0,00","","A","","2","N","A","S","100","","0","1","0","1","0","0",""
"7909","","14","3357","","688","1116","4ª Revisão (1100/1150h)","","0","S","","","0","0,00","","A","","2","N","A","S","100","","0","1","0","1","0","0",""
"7910","","11","3357","","688","1113","4ª Revisão (1100/1150h)","","0","S","","","0","0,00","","A","","2","N","A","S","100","","0","1","0","1","0","0",""
"7911","","4","3357","","688","1110","4ª Revisão (1100/1150h)","","0","S","","","0","0,00","","A","","2","N","A","S","100","","0","1","0","1","0","0",""
"7912","","12","3357","","688","1144","4ª Revisão (1100/1150h)","","0","S","","","0","0,00","","A","","2","N","A","S","100","","0","1","0","1","0","0",""
"7913","","5","3357","","688","1143","4ª Revisão (1100/1150h)","","0","S","","","0","0,00","","A","","2","N","A","S","100","","0","1","0","1","0","0",""
"7815","","10","3345","","793","1112","2ª Revisão (450/600h)","","0","S","","","0","0,00","","A","","2","N","A","S","100","","0","1","0","1","0","0",""
"7816","","18","3345","","793","1120","2ª Revisão (450/600h)","","0","S","","","0","0,00","","A","","2","N","A","S","100","","0","1","0","1","0","0",""
"7817","","7","3345","","793","1111","2ª Revisão (450/600h)","","0","S","","","0","0,00","","A","","2","N","A","S","100","","0","1","0","1","0","0",""
"7818","","1","3345","","793","1107","2ª Revisão (450/600h)","","0","S","","","0","0,00","","A","","2","N","A","S","100","","0","1","0","1","0","0",""
"7819","","13","3345","","793","1115","2ª Revisão (450/600h)","","0","S","","","0","0,00","","A","","2","N","A","S","100","","0","1","0","1","0","0",""
"7820","","17","3345","","793","1119","2ª Revisão (450/600h)","","0","S","","","0","0,00","","A","","2","N","A","S","100","","0","1","0","1","0","0",""
"7821","","16","3345","","793","1118","2ª Revisão (450/600h)","","0","S","","","0","0,00","","A","","2","N","A","S","100","","0","1","0","1","0","0",""
"7822","","","3347","","702","1132","","","0","S","","","0","0,00","","A","","2","N","A","S","100","","0","1","0","1","0","",""
"7823","","2","3348","","700","1134","3ª Revisão (800h)","","0","S","","","0","0,00","","A","","2","N","A","S","100","","0","1","0","1","0","0",""
"7824","","3","3348","","700","1135","3ª Revisão (800h)","","0","S","","","0","0,00","","A","","2","N","A","S","100","","0","1","0","1","0","0",""
"7825","","14","3348","","700","1303","3ª Revisão (800h)","","0","S","","","0","0,00","","A","","2","N","A","S","100","","0","1","0","1","0","0",""
"7826","","11","3348","","700","1141","3ª Revisão (800h)","","0","S","","","0","0,00","","A","","2","N","A","S","100","","0","1","0","1","0","0",""
"7827","","4","3348","","700","1136","3ª Revisão (800h)","","0","S","","","0","0,00","","A","","2","N","A","S","100","","0","1","0","1","0","0",""
"7828","","12","3348","","700","1142","3ª Revisão (800h)","","0","S","","","0","0,00","","A","","2","N","A","S","100","","0","1","0","1","0","0",""
"7829","","5","3348","","700","1137","3ª Revisão (800h)","","0","S","","","0","0,00","","A","","2","N","A","S","100","","0","1","0","1","0","0",""
"7830","","15","3348","","700","1304","3ª Revisão (800h)","","0","S","","","0","0,00","","A","","2","N","A","S","100","","0","1","0","1","0","0",""
"7831","","10","3348","","700","1140","3ª Revisão (800h)","","0","S","","","0","0,00","","A","","2","N","A","S","100","","0","1","0","1","0","0",""
"7832","","18","3348","","700","1307","3ª Revisão (800h)","","0","S","","","0","0,00","","A","","2","N","A","S","100","","0","1","0","1","0","0",""
"7833","","7","3348","","700","1138","3ª Revisão (800h)","","0","S","","","0","0,00","","A","","2","N","A","S","100","","0","1","0","1","0","0",""
"7834","","1","3348","","700","1133","3ª Revisão (800h)","","0","S","","","0","0,00","","A","","2","N","A","S","100","","0","1","0","1","0","0",""
"7835","","13","3348","","700","1302","3ª Revisão (800h)","","0","S","","","0","0,00","","A","","2","N","A","S","100","","0","1","0","1","0","0",""
"7836","","17","3348","","700","1306","3ª Revisão (800h)","","0","S","","","0","0,00","","A","","2","N","A","S","100","","0","1","0","1","0","0",""
"7837","","16","3348","","700","1305","3ª Revisão (800h)","","0","S","","","0","0,00","","A","","2","N","A","S","100","","0","1","0","1","0","0",""
"7838","","9","3348","","700","1139","3ª Revisão (800h)","","0","S","","","0","0,00","","A","","2","N","A","S","100","","0","1","0","1","0","0",""
"7839","","2","3350","","693","1134","3ª Revisão (800h)","","0","S","","","0","0,00","","A","","2","N","A","S","100","","0","1","0","1","0","0",""
"7840","","3","3350","","693","1135","3ª Revisão (800h)","","0","S","","","0","0,00","","A","","2","N","A","S","100","","0","1","0","1","0","0",""
"7841","","9","3350","","693","1139","3ª Revisão (800h)","","0","S","","","0","0,00","","A","","2","N","A","S","100","","0","1","0","1","0","0",""
"7842","","14","3350","","693","1303","3ª Revisão (800h)","","0","S","","","0","0,00","","A","","2","N","A","S","100","","0","1","0","1","0","0",""
"7843","","11","3350","","693","1141","3ª Revisão (800h)","","0","S","","","0","0,00","","A","","2","N","A","S","100","","0","1","0","1","0","0",""
"7844","","4","3350","","693","1136","3ª Revisão (800h)","","0","S","","","0","0,00","","A","","2","N","A","S","100","","0","1","0","1","0","0",""
"7845","","12","3350","","693","1142","3ª Revisão (800h)","","0","S","","","0","0,00","","A","","2","N","A","S","100","","0","1","0","1","0","0",""
"7846","","5","3350","","693","1137","3ª Revisão (800h)","","0","S","","","0","0,00","","A","","2","N","A","S","100","","0","1","0","1","0","0",""
"7847","","15","3350","","693","1304","3ª Revisão (800h)","","0","S","","","0","0,00","","A","","2","N","A","S","100","","0","1","0","1","0","0",""
"7848","","10","3350","","693","1140","3ª Revisão (800h)","","0","S","","","0","0,00","","A","","2","N","A","S","100","","0","1","0","1","0","0",""
"7849","","18","3350","","693","1307","3ª Revisão (800h)","","0","S","","","0","0,00","","A","","2","N","A","S","100","","0","1","0","1","0","0",""
"7850","","7","3350","","693","1138","3ª Revisão (800h)","","0","S","","","0","0,00","","A","","2","N","A","S","100","","0","1","0","1","0","0",""
"7972","","3","3365","","694","1283","2ª Revisão (450/600h)","","0","S","","","0","0,00","","A","","2","N","A","S","100","","0","1","0","1","0","0",""
"7973","","9","3365","","694","1288","2ª Revisão (450/600h)","","0","S","","","0","0,00","","A","","2","N","A","S","100","","0","1","0","1","0","0",""
"7974","","14","3365","","694","1275","2ª Revisão (450/600h)","","0","S","","","0","0,00","","A","","2","N","A","S","100","","0","1","0","1","0","0",""
"7975","","11","3365","","694","1287","2ª Revisão (450/600h)","","0","S","","","0","0,00","","A","","2","N","A","S","100","","0","1","0","1","0","0",""
"7976","","4","3365","","694","1284","2ª Revisão (450/600h)","","0","S","","","0","0,00","","A","","2","N","A","S","100","","0","1","0","1","0","0",""
"7977","","12","3365","","694","1289","2ª Revisão (450/600h)","","0","S","","","0","0,00","","A","","2","N","A","S","100","","0","1","0","1","0","0",""
"7978","","5","3365","","694","1290","2ª Revisão (450/600h)","","0","S","","","0","0,00","","A","","2","N","A","S","100","","0","1","0","1","0","0",""
"7979","","15","3365","","694","1276","2ª Revisão (450/600h)","","0","S","","","0","0,00","","A","","2","N","A","S","100","","0","1","0","1","0","0",""
"7980","","10","3365","","694","1286","2ª Revisão (450/600h)","","0","S","","","0","0,00","","A","","2","N","A","S","100","","0","1","0","1","0","0",""
"7981","","18","3365","","694","1277","2ª Revisão (450/600h)","","0","S","","","0","0,00","","A","","2","N","A","S","100","","0","1","0","1","0","0",""
"7982","","7","3365","","694","1285","2ª Revisão (450/600h)","","0","S","","","0","0,00","","A","","2","N","A","S","100","","0","1","0","1","0","0",""
"7983","","1","3365","","694","1281","2ª Revisão (450/600h)","","0","S","","","0","0,00","","A","","2","N","A","S","100","","0","1","0","1","0","0",""
"7984","","13","3365","","694","1278","2ª Revisão (450/600h)","","0","S","","","0","0,00","","A","","2","N","A","S","100","","0","1","0","1","0","0",""
"7985","","17","3365","","694","1279","2ª Revisão (450/600h)","","0","S","","","0","0,00","","A","","2","N","A","S","100","","0","1","0","1","0","0",""
"7986","","16","3365","","694","1280","2ª Revisão (450/600h)","","0","S","","","0","0,00","","A","","2","N","A","S","100","","0","1","0","1","0","0",""
"7987","","2","3368","","693","1134","3ª Revisão (800h)","","0","S","","","0","0,00","","A","","2","N","A","S","100","","0","1","0","1","0","0",""
"7988","","3","3368","","693","1135","3ª Revisão (800h)","","0","S","","","0","0,00","","A","","2","N","A","S","100","","0","1","0","1","0","0",""
"7989","","14","3368","","693","1303","3ª Revisão (800h)","","0","S","","","0","0,00","","A","","2","N","A","S","100","","0","1","0","1","0","0",""
"7990","","9","3368","","693","1139","3ª Revisão (800h)","","0","S","","","0","0,00","","A","","2","N","A","S","100","","0","1","0","1","0","0",""
"7991","","11","3368","","693","1141","3ª Revisão (800h)","","0","S","","","0","0,00","","A","","2","N","A","S","100","","0","1","0","1","0","0",""
"7992","","4","3368","","693","1136","3ª Revisão (800h)","","0","S","","","0","0,00","","A","","2","N","A","S","100","","0","1","0","1","0","0",""
"7993","","12","3368","","693","1142","3ª Revisão (800h)","","0","S","","","0","0,00","","A","","2","N","A","S","100","","0","1","0","1","0","0",""
"7994","","5","3368","","693","1137","3ª Revisão (800h)","","0","S","","","0","0,00","","A","","2","N","A","S","100","","0","1","0","1","0","0",""
"7995","","15","3368","","693","1304","3ª Revisão (800h)","","0","S","","","0","0,00","","A","","2","N","A","S","100","","0","1","0","1","0","0",""
"7996","","10","3368","","693","1140","3ª Revisão (800h)","","0","S","","","0","0,00","","A","","2","N","A","S","100","","0","1","0","1","0","0",""
"7997","","18","3368","","693","1307","3ª Revisão (800h)","","0","S","","","0","0,00","","A","","2","N","A","S","100","","0","1","0","1","0","0",""
"7998","","7","3368","","693","1138","3ª Revisão (800h)","","0","S","","","0","0,00","","A","","2","N","A","S","100","","0","1","0","1","0","0",""
"7999","","1","3368","","693","1133","3ª Revisão (800h)","","0","S","","","0","0,00","","A","","2","N","A","S","100","","0","1","0","1","0","0",""
"8030","","18","3373","","693","1307","4ª Revisão (1100/1150h)","","0","S","","","0","0,00","","A","","2","N","A","S","100","","0","1","0","1","0","0",""
"8031","","7","3373","","693","1138","4ª Revisão (1100/1150h)","","0","S","","","0","0,00","","A","","2","N","A","S","100","","0","1","0","1","0","0",""
"8032","","1","3373","","693","1133","4ª Revisão (1100/1150h)","","0","S","","","0","0,00","","A","","2","N","A","S","100","","0","1","0","1","0","0",""
"8033","","13","3373","","693","1302","4ª Revisão (1100/1150h)","","0","S","","","0","0,00","","A","","2","N","A","S","100","","0","1","0","1","0","0",""
"8034","","17","3373","","693","1306","4ª Revisão (1100/1150h)","","0","S","","","0","0,00","","A","","2","N","A","S","100","","0","1","0","1","0","0",""
"8035","","16","3373","","693","1305","4ª Revisão (1100/1150h)","","0","S","","","0","0,00","","A","","2","N","A","S","100","","0","1","0","1","0","0",""
"8036","","2","3374","","694","1282","4ª Revisão (1100/1150h)","","0","S","","","0","0,00","","A","","2","N","A","S","100","","0","1","0","1","0","0",""
"8037","","3","3374","","694","1283","1ª Revisão (100h)","","0","S","","","0","0,00","","A","","2","N","A","S","100","","0","1","0","1","0","0",""
"8038","","9","3374","","694","1288","4ª Revisão (1100/1150h)","","0","S","","","0","0,00","","A","","2","N","A","S","100","","0","1","0","1","0","0",""
"8039","","14","3374","","694","1275","4ª Revisão (1100/1150h)","","0","S","","","0","0,00","","A","","2","N","A","S","100","","0","1","0","1","0","0",""
"8040","","11","3374","","694","1287","4ª Revisão (1100/1150h)","","0","S","","","0","0,00","","A","","2","N","A","S","100","","0","1","0","1","0","0",""
"8041","","4","3374","","694","1284","4ª Revisão (1100/1150h)","","0","S","","","0","0,00","","A","","2","N","A","S","100","","0","1","0","1","0","0",""
"8042","","12","3374","","694","1289","4ª Revisão (1100/1150h)","","0","S","","","0","0,00","","A","","2","N","A","S","100","","0","1","0","1","0","0",""
"8043","","5","3374","","694","1290","4ª Revisão (1100/1150h)","","0","S","","","0","0,00","","A","","2","N","A","S","100","","0","1","0","1","0","0",""
"8044","","15","3374","","694","1276","4ª Revisão (1100/1150h)","","0","S","","","0","0,00","","A","","2","N","A","S","100","","0","1","0","1","0","0",""
"8045","","10","3374","","694","1286","4ª Revisão (1100/1150h)","","0","S","","","0","0,00","","A","","2","N","A","S","100","","0","1","0","1","0","0",""
"8046","","18","3374","","694","1277","4ª Revisão (1100/1150h)","","0","S","","","0","0,00","","A","","2","N","A","S","100","","0","1","0","1","0","0",""
"8047","","7","3374","","694","1285","4ª Revisão (1100/1150h)","","0","S","","","0","0,00","","A","","2","N","A","S","100","","0","1","0","1","0","0",""
"8048","","1","3374","","694","1281","4ª Revisão (1100/1150h)","","0","S","","","0","0,00","","A","","2","N","A","S","100","","0","1","0","1","0","0",""
"8049","","13","3374","","694","1278","4ª Revisão (1100/1150h)","","0","S","","","0","0,00","","A","","2","N","A","S","100","","0","1","0","1","0","0",""
"8050","","17","3374","","694","1279","4ª Revisão (1100/1150h)","","0","S","","","0","0,00","","A","","2","N","A","S","100","","0","1","0","1","0","0",""
"8051","","16","3374","","694","1280","4ª Revisão (1100/1150h)","","0","S","","","0","0,00","","A","","2","N","A","S","100","","0","1","0","1","0","0",""
"8052","","","3379","","702","1132","5ª Revisão (1500h)","","0","S","","","0","0,00","","A","","2","N","A","S","100","","0","1","0","1","0","0",""
"8053","","2","3380","","700","1134","5ª Revisão (1500h)","","0","S","","","0","0,00","","A","","2","N","A","S","100","","0","1","0","1","0","0",""
"8054","","3","3380","","700","1135","5ª Revisão (1500h)","","0","S","","","0","0,00","","A","","2","N","A","S","100","","0","1","0","1","0","0",""
"8055","","9","3380","","700","1139","5ª Revisão (1500h)","","0","S","","","0","0,00","","A","","2","N","A","S","100","","0","1","0","1","0","0",""
"8056","","14","3380","","700","1303","5ª Revisão (1500h)","","0","S","","","0","0,00","","A","","2","N","A","S","100","","0","1","0","1","0","0",""
"8057","","11","3380","","700","1141","5ª Revisão (1500h)","","0","S","","","0","0,00","","A","","2","N","A","S","100","","0","1","0","1","0","0",""
"8058","","4","3380","","700","1136","5ª Revisão (1500h)","","0","S","","","0","0,00","","A","","2","N","A","S","100","","0","1","0","1","0","0",""
"8059","","12","3380","","700","1142","5ª Revisão (1500h)","","0","S","","","0","0,00","","A","","2","N","A","S","100","","0","1","0","1","0","0",""
"8060","","5","3380","","700","1137","5ª Revisão (1500h)","","0","S","","","0","0,00","","A","","2","N","A","S","100","","0","1","0","1","0","0",""
"8061","","15","3380","","700","1304","5ª Revisão (1500h)","","0","S","","","0","0,00","","A","","2","N","A","S","100","","0","1","0","1","0","0",""
"8062","","10","3380","","700","1140","5ª Revisão (1500h)","","0","S","","","0","0,00","","A","","2","N","A","S","100","","0","1","0","1","0","0",""
"8063","","18","3380","","700","1307","5ª Revisão (1500h)","","0","S","","","0","0,00","","A","","2","N","A","S","100","","0","1","0","1","0","0",""
"8064","","7","3380","","700","1138","5ª Revisão (1500h)","","0","S","","","0","0,00","","A","","2","N","A","S","100","","0","1","0","1","0","0",""
"8065","","1","3380","","700","1133","5ª Revisão (1500h)","","0","S","","","0","0,00","","A","","2","N","A","S","100","","0","1","0","1","0","0",""
"8066","","13","3380","","700","1302","5ª Revisão (1500h)","","0","S","","","0","0,00","","A","","2","N","A","S","100","","0","1","0","1","0","0",""
"8067","","17","3380","","700","1306","5ª Revisão (1500h)","","0","S","","","0","0,00","","A","","2","N","A","S","100","","0","1","0","1","0","0",""
"8068","","16","3380","","700","1305","5ª Revisão (1500h)","","0","S","","","0","0,00","","A","","2","N","A","S","100","","0","1","0","1","0","0",""
"8069","","2","3382","","693","1134","5ª Revisão (1500h)","","0","S","","","0","0,00","","A","","2","N","A","S","100","","0","1","0","1","0","0",""
"8070","","3","3382","","693","1135","5ª Revisão (1500h)","","0","S","","","0","0,00","","A","","2","N","A","S","100","","0","1","0","1","0","0",""
"8071","","9","3382","","693","1139","5ª Revisão (1500h)","","0","S","","","0","0,00","","A","","2","N","A","S","100","","0","1","0","1","0","0",""
"8072","","14","3382","","693","1303","5ª Revisão (1500h)","","0","S","","","0","0,00","","A","","2","N","A","S","100","","0","1","0","1","0","0",""
"8073","","11","3382","","693","1141","5ª Revisão (1500h)","","0","S","","","0","0,00","","A","","2","N","A","S","100","","0","1","0","1","0","0",""
"8074","","4","3382","","693","1136","5ª Revisão (1500h)","","0","S","","","0","0,00","","A","","2","N","A","S","100","","0","1","0","1","0","0",""
"8075","","12","3382","","693","1142","5ª Revisão (1500h)","","0","S","","","0","0,00","","A","","2","N","A","S","100","","0","1","0","1","0","0",""
"8076","","5","3382","","693","1137","5ª Revisão (1500h)","","0","S","","","0","0,00","","A","","2","N","A","S","100","","0","1","0","1","0","0",""
"8077","","15","3382","","693","1304","5ª Revisão (1500h)","","0","S","","","0","0,00","","A","","2","N","A","S","100","","0","1","0","1","0","0",""
"8078","","10","3382","","693","1140","5ª Revisão (1500h)","","0","S","","","0","0,00","","A","","2","N","A","S","100","","0","1","0","1","0","0",""
"8079","","18","3382","","693","1307","5ª Revisão (1500h)","","0","S","","","0","0,00","","A","","2","N","A","S","100","","0","1","0","1","0","0",""
"8080","","7","3382","","693","1138","5ª Revisão (1500h)","","0","S","","","0","0,00","","A","","2","N","A","S","100","","0","1","0","1","0","0",""
"8081","","1","3382","","693","1133","5ª Revisão (1500h)","","0","S","","","0","0,00","","A","","2","N","A","S","100","","0","1","0","1","0","0",""
"8082","","13","3382","","693","1302","5ª Revisão (1500h)","","0","S","","","0","0,00","","A","","2","N","A","S","100","","0","1","0","1","0","0",""
"8083","","17","3382","","693","1306","5ª Revisão (1500h)","","0","S","","","0","0,00","","A","","2","N","A","S","100","","0","1","0","1","0","0",""
"8084","","16","3382","","693","1305","5ª Revisão (1500h)","","0","S","","","0","0,00","","A","","2","N","A","S","100","","0","1","0","1","0","0",""
"8085","","2","3383","","688","1108","5ª Revisão (1500h)","","0","S","","","0","0,00","","A","","2","N","A","S","100","","0","1","0","1","0","0",""
"8000","","13","3368","","693","1302","3ª Revisão (800h)","","0","S","","","0","0,00","","A","","2","N","A","S","100","","0","1","0","1","0","0",""
"8001","","17","3368","","693","1306","3ª Revisão (800h)","","0","S","","","0","0,00","","A","","2","N","A","S","100","","0","1","0","1","0","0",""
"8002","","16","3368","","693","1305","3ª Revisão (800h)","","0","S","","","0","0,00","","A","","2","N","A","S","100","","0","1","0","1","0","0",""
"8003","","2","3369","","694","1282","3ª Revisão (800h)","","0","S","","","0","0,00","","A","","2","N","A","S","100","","0","1","0","1","0","0",""
"8004","","3","3369","","694","1283","3ª Revisão (800h)","","0","S","","","0","0,00","","A","","2","N","A","S","100","","0","1","0","1","0","0",""
"8005","","9","3369","","694","1288","3ª Revisão (800h)","","0","S","","","0","0,00","","A","","2","N","A","S","100","","0","1","0","1","0","0",""
"8006","","14","3369","","694","1275","3ª Revisão (800h)","","0","S","","","0","0,00","","A","","2","N","A","S","100","","0","1","0","1","0","0",""
"8007","","11","3369","","694","1287","3ª Revisão (800h)","","0","S","","","0","0,00","","A","","2","N","A","S","100","","0","1","0","1","0","0",""
"8009","","4","3369","","694","1284","3ª Revisão (800h)","","0","S","","","0","0,00","","A","","2","N","A","S","100","","0","1","0","1","0","0",""
"8010","","12","3369","","694","1289","3ª Revisão (800h)","","0","S","","","0","0,00","","A","","2","N","A","S","100","","0","1","0","1","0","0",""
"8011","","5","3369","","694","1290","3ª Revisão (800h)","","0","S","","","0","0,00","","A","","2","N","A","S","100","","0","1","0","1","0","0",""
"8012","","15","3369","","694","1276","3ª Revisão (800h)","","0","S","","","0","0,00","","A","","2","N","A","S","100","","0","1","0","1","0","0",""
"8013","","10","3369","","694","1286","3ª Revisão (800h)","","0","S","","","0","0,00","","A","","2","N","A","S","100","","0","1","0","1","0","0",""
"8014","","18","3369","","694","1277","3ª Revisão (800h)","","0","S","","","0","0,00","","A","","2","N","A","S","100","","0","1","0","1","0","0",""
"8015","","7","3369","","694","1285","3ª Revisão (800h)","","0","S","","","0","0,00","","A","","2","N","A","S","100","","0","1","0","1","0","0",""
"8016","","1","3369","","694","1281","3ª Revisão (800h)","","0","S","","","0","0,00","","A","","2","N","A","S","100","","0","1","0","1","0","0",""
"8017","","13","3369","","694","1278","3ª Revisão (800h)","","0","S","","","0","0,00","","A","","2","N","A","S","100","","0","1","0","1","0","0",""
"8018","","17","3369","","694","1279","3ª Revisão (800h)","","0","S","","","0","0,00","","A","","2","N","A","S","100","","0","1","0","1","0","0",""
"8019","","16","3369","","694","1280","3ª Revisão (800h)","","0","S","","","0","0,00","","A","","2","N","A","S","100","","0","1","0","1","0","0",""
"8020","","2","3373","","693","1134","4ª Revisão (1100/1150h)","","0","S","","","0","0,00","","A","","2","N","A","S","100","","0","1","0","1","0","0",""
"8021","","3","3373","","693","1135","4ª Revisão (1100/1150h)","","0","S","","","0","0,00","","A","","2","N","A","S","100","","0","1","0","1","0","0",""
"8022","","9","3373","","693","1139","4ª Revisão (1100/1150h)","","0","S","","","0","0,00","","A","","2","N","A","S","100","","0","1","0","1","0","0",""
"8023","","14","3373","","693","1303","4ª Revisão (1100/1150h)","","0","S","","","0","0,00","","A","","2","N","A","S","100","","0","1","0","1","0","0",""
"8024","","11","3373","","693","1141","4ª Revisão (1100/1150h)","","0","S","","","0","0,00","","A","","2","N","A","S","100","","0","1","0","1","0","0",""
"8025","","4","3373","","693","1136","4ª Revisão (1100/1150h)","","0","S","","","0","0,00","","A","","2","N","A","S","100","","0","1","0","1","0","0",""
"8026","","12","3373","","693","1142","4ª Revisão (1100/1150h)","","0","S","","","0","0,00","","A","","2","N","A","S","100","","0","1","0","1","0","0",""
"8027","","5","3373","","693","1137","4ª Revisão (1100/1150h)","","0","S","","","0","0,00","","A","","2","N","A","S","100","","0","1","0","1","0","0",""
"8028","","15","3373","","693","1304","4ª Revisão (1100/1150h)","","0","S","","","0","0,00","","A","","2","N","A","S","100","","0","1","0","1","0","0",""
"8029","","10","3373","","693","1140","4ª Revisão (1100/1150h)","","0","S","","","0","0,00","","A","","2","N","A","S","100","","0","1","0","1","0","0",""
"8086","","3","3383","","688","1109","5ª Revisão (1500h)","","0","S","","","0","0,00","","A","","2","N","A","S","100","","0","1","0","1","0","0",""
"8087","","9","3383","","688","1114","5ª Revisão (1500h)","","0","S","","","0","0,00","","A","","2","N","A","S","100","","0","1","0","1","0","0",""
"8088","","14","3383","","688","1116","5ª Revisão (1500h)","","0","S","","","0","0,00","","A","","2","N","A","S","100","","0","1","0","1","0","0",""
"8089","","11","3383","","688","1113","5ª Revisão (1500h)","","0","S","","","0","0,00","","A","","2","N","A","S","100","","0","1","0","1","0","0",""
"8090","","4","3383","","688","1110","5ª Revisão (1500h)","","0","S","","","0","0,00","","A","","2","N","A","S","100","","0","1","0","1","0","0",""
"8091","","12","3383","","688","1144","5ª Revisão (1500h)","","0","S","","","0","0,00","","A","","2","N","A","S","100","","0","1","0","1","0","0",""
"8092","","5","3383","","688","1143","5ª Revisão (1500h)","","0","S","","","0","0,00","","A","","2","N","A","S","100","","0","1","0","1","0","0",""
"8093","","15","3383","","688","1117","5ª Revisão (1500h)","","0","S","","","0","0,00","","A","","2","N","A","S","100","","0","1","0","1","0","0",""
"8094","","10","3383","","688","1112","5ª Revisão (1500h)","","0","S","","","0","0,00","","A","","2","N","A","S","100","","0","1","0","1","0","0",""
"8095","","18","3383","","688","1120","5ª Revisão (1500h)","","0","S","","","0","0,00","","A","","2","N","A","S","100","","0","1","0","1","0","0",""
"8096","","7","3383","","688","1111","5ª Revisão (1500h)","","0","S","","","0","0,00","","A","","2","N","A","S","100","","0","1","0","1","0","0",""
"8097","","1","3383","","688","1107","5ª Revisão (1500h)","","0","S","","","0","0,00","","A","","2","N","A","S","100","","0","1","0","1","0","0",""
"8098","","13","3383","","688","1115","5ª Revisão (1500h)","","0","S","","","0","0,00","","A","","2","N","A","S","100","","0","1","0","1","0","0",""
"8099","","17","3383","","688","1119","5ª Revisão (1500h)","","0","S","","","0","0,00","","A","","2","N","A","S","100","","0","1","0","1","0","0",""
"8100","","16","3383","","688","1118","5ª Revisão (1500h)","","0","S","","","0","0,00","","A","","2","N","A","S","100","","0","1","0","1","0","0",""
"8101","","2","3385","","693","1134","5ª Revisão (1500h)","","0","S","","","0","0,00","","A","","2","N","A","S","100","","0","1","0","1","0","0",""
"8102","","3","3385","","693","1135","5ª Revisão (1500h)","","0","S","","","0","0,00","","A","","2","N","A","S","100","","0","1","0","1","0","0",""
"8103","","9","3385","","693","1139","5ª Revisão (1500h)","","0","S","","","0","0,00","","A","","2","N","A","S","100","","0","1","0","1","0","0",""
"8104","","14","3385","","693","1303","5ª Revisão (1500h)","","0","S","","","0","0,00","","A","","2","N","A","S","100","","0","1","0","1","0","0",""
"8105","","11","3385","","693","1141","5ª Revisão (1500h)","","0","S","","","0","0,00","","A","","2","N","A","S","100","","0","1","0","1","0","0",""
"8106","","4","3385","","693","1136","5ª Revisão (1500h)","","0","S","","","0","0,00","","A","","2","N","A","S","100","","0","1","0","1","0","0",""
"8107","","12","3385","","693","1142","5ª Revisão (1500h)","","0","S","","","0","0,00","","A","","2","N","A","S","100","","0","1","0","1","0","0",""
"8108","","5","3385","","693","1137","5ª Revisão (1500h)","","0","S","","","0","0,00","","A","","2","N","A","S","100","","0","1","0","1","0","0",""
"8109","","15","3385","","693","1304","5ª Revisão (1500h)","","0","S","","","0","0,00","","A","","2","N","A","S","100","","0","1","0","1","0","0",""
"8110","","10","3385","","693","1140","5ª Revisão (1500h)","","0","S","","","0","0,00","","A","","2","N","A","S","100","","0","1","0","1","0","0",""
"8111","","18","3385","","693","1307","5ª Revisão (1500h)","","0","S","","","0","0,00","","A","","2","N","A","S","100","","0","1","0","1","0","0",""
"8112","","7","3385","","693","1138","5ª Revisão (1500h)","","0","S","","","0","0,00","","A","","2","N","A","S","100","","0","1","0","1","0","0",""
"8113","","1","3385","","693","1133","5ª Revisão (1500h)","","0","S","","","0","0,00","","A","","2","N","A","S","100","","0","1","0","1","0","0",""
"8114","","13","3385","","693","1302","5ª Revisão (1500h)","","0","S","","","0","0,00","","A","","2","N","A","S","100","","0","1","0","1","0","0",""
"8115","","17","3385","","693","1306","5ª Revisão (1500h)","","0","S","","","0","0,00","","A","","2","N","A","S","100","","0","1","0","1","0","0",""
"8116","","16","3385","","693","1305","5ª Revisão (1500h)","","0","S","","","0","0,00","","A","","2","N","A","S","100","","0","1","0","1","0","0",""
"8117","","2","3386","","694","1282","5ª Revisão (1500h)","","0","S","","","0","0,00","","A","","2","N","A","S","100","","0","1","0","1","0","0",""
"8118","","3","3386","","694","1283","5ª Revisão (1500h)","","0","S","","","0","0,00","","A","","2","N","A","S","100","","0","1","0","1","0","0",""
"8119","","9","3386","","694","1288","5ª Revisão (1500h)","","0","S","","","0","0,00","","A","","2","N","A","S","100","","0","1","0","1","0","0",""
"8120","","14","3386","","694","1275","5ª Revisão (1500h)","","0","S","","","0","0,00","","A","","2","N","A","S","100","","0","1","0","1","0","0",""
"8121","","11","3386","","694","1287","5ª Revisão (1500h)","","0","S","","","0","0,00","","A","","2","N","A","S","100","","0","1","0","1","0","0",""
"8122","","4","3386","","694","1284","5ª Revisão (1500h)","","0","S","","","0","0,00","","A","","2","N","A","S","100","","0","1","0","1","0","0",""
"8123","","12","3386","","694","1289","5ª Revisão (1500h)","","0","S","","","0","0,00","","A","","2","N","A","S","100","","0","1","0","1","0","0",""
"8124","","5","3386","","694","1290","5ª Revisão (1500h)","","0","S","","","0","0,00","","A","","2","N","A","S","100","","0","1","0","1","0","0",""
"8125","","15","3386","","694","1276","5ª Revisão (1500h)","","0","S","","","0","0,00","","A","","2","N","A","S","100","","0","1","0","1","0","0",""
"8126","","10","3386","","694","1286","5ª Revisão (1500h)","","0","S","","","0","0,00","","A","","2","N","A","S","100","","0","1","0","1","0","0",""
"8127","","18","3386","","694","1277","5ª Revisão (1500h)","","0","S","","","0","0,00","","A","","2","N","A","S","100","","0","1","0","1","0","0",""
"8128","","7","3386","","694","1285","5ª Revisão (1500h)","","0","S","","","0","0,00","","A","","2","N","A","S","100","","0","1","0","1","0","0",""
"8129","","1","3386","","694","1281","5ª Revisão (1500h)","","0","S","","","0","0,00","","A","","2","N","A","S","100","","0","1","0","1","0","0",""
"8130","","13","3386","","694","1278","5ª Revisão (1500h)","","0","S","","","0","0,00","","A","","2","N","A","S","100","","0","1","0","1","0","0",""
"8131","","17","3386","","694","1279","5ª Revisão (1500h)","","0","S","","","0","0,00","","A","","2","N","A","S","100","","0","1","0","1","0","0",""
"8132","","16","3386","","694","1280","5ª Revisão (1500h)","","0","S","","","0","0,00","","A","","2","N","A","S","100","","0","1","0","1","0","0",""
"8133","","2","3329","","797","1108","5ª Revisão (1500h)","","0","S","","","0","0,00","","A","","2","N","A","S","500","","0","1","0","1","0","0",""
"8134","","3","3329","","797","1109","","","0","S","","","0","0,00","","A","","2","N","A","S","500","","0","1","0","1","0","0",""
"8135","","9","3329","","797","1114","","","0","S","","","0","0,00","","A","","2","N","A","S","500","","0","1","0","1","0","0",""
"8136","","14","3329","","797","1116","","","0","S","","","0","0,00","","A","","2","N","A","S","500","","0","1","0","1","0","0",""
"8137","","11","3329","","797","1113","","","0","S","","","0","0,00","","A","","2","N","A","S","500","","0","1","0","1","0","0",""
"8138","","4","3329","","797","1110","5ª Revisão (1500h)","","0","S","","","0","0,00","","A","","2","N","A","S","500","","0","1","0","1","0","0",""
"8139","","12","3329","","797","1144","","","0","S","","","0","0,00","","A","","2","N","A","S","500","","0","1","0","1","0","0",""
"8140","","5","3329","","797","1143","","","0","S","","","0","0,00","","A","","2","N","A","S","500","","0","1","0","1","0","0",""
"8141","","15","3329","","797","1117","","","0","S","","","0","0,00","","A","","2","N","A","S","500","","0","1","0","1","0","0",""
"8143","","10","3329","","797","1112","","","0","S","","","0","0,00","","A","","2","N","A","S","500","","0","1","0","1","0","0",""
"8144","","18","3329","","797","1120","","","0","S","","","0","0,00","","A","","2","N","A","S","500","","0","1","0","1","0","0",""
"8145","","7","3329","","797","1111","","","0","S","","","0","0,00","","A","","2","N","A","S","500","","0","1","0","1","0","0",""
"8146","","1","3329","","797","1107","","","0","S","","","0","0,00","","A","","2","N","A","S","500","","0","1","0","1","0","0",""
"8147","","13","3329","","797","1115","","","0","S","","","0","0,00","","A","","2","N","A","S","500","","0","1","0","1","0","0",""
"8148","","17","3329","","797","1119","","","0","S","","","0","0,00","","A","","2","N","A","S","500","","0","1","0","1","0","0",""
"8149","","16","3329","","797","1118","","","0","S","","","0","0,00","","A","","2","N","A","S","500","","0","1","0","1","0","0",""
"8150","","2","3329","","791","1108","","","0","S","","","0","0,00","","A","","2","N","A","S","600","","0","1","0","1","0","",""
"8151","","3","3329","","791","1109","","","0","S","","","0","0,00","","A","","2","N","A","S","600","","0","1","0","1","0","",""
"8152","","9","3329","","791","1114","","","0","S","","","0","0,00","","A","","2","N","A","S","600","","0","1","0","1","0","",""
"8153","","14","3329","","791","1116","","","0","S","","","0","0,00","","A","","2","N","A","S","600","","0","1","0","1","0","",""
"8154","","11","3329","","791","1113","","","0","S","","","0","0,00","","A","","2","N","A","S","600","","0","1","0","1","0","",""
"8155","","4","3329","","791","1110","","","0","S","","","0","0,00","","A","","2","N","A","S","600","","0","1","0","1","0","",""
"8156","","12","3329","","791","1144","","","0","S","","","0","0,00","","A","","2","N","A","S","600","","0","1","0","1","0","",""
"8157","","5","3329","","791","1143","","","0","S","","","0","0,00","","A","","2","N","A","S","600","","0","1","0","1","0","",""
"8158","","15","3329","","791","1117","","","0","S","","","0","0,00","","A","","2","N","A","S","600","","0","1","0","1","0","",""
"8160","","10","3329","","791","1112","","","0","S","","","0","0,00","","A","","2","N","A","S","600","","0","1","0","1","0","",""
"8161","","18","3329","","791","1120","","","0","S","","","0","0,00","","A","","2","N","A","S","600","","0","1","0","1","0","",""
"8162","","7","3329","","791","1111","","","0","S","","","0","0,00","","A","","2","N","A","S","600","","0","1","0","1","0","",""
"8163","","1","3329","","791","1107","","","0","S","","","0","0,00","","A","","2","N","A","S","600","","0","1","0","1","0","",""
"8164","","13","3329","","791","1115","","","0","S","","","0","0,00","","A","","2","N","A","S","600","","0","1","0","1","0","",""
"8165","","17","3329","","791","1119","","","0","S","","","0","0,00","","A","","2","N","A","S","600","","0","1","0","1","0","",""
"8166","","16","3329","","791","1118","","","0","S","","","0","0,00","","A","","2","N","A","S","600","","0","1","0","1","0","",""
"8167","","","3389","","702","1132","Revisão Fim Garantia","","0","S","","","0","0,00","","A","","2","N","A","S","100","","0","0","0","1","0","0",""
"8168","","2","3390","","700","1134","Revisão Fim Garantia","","0","S","","","0","0,00","","A","","2","N","A","S","100","","0","0","0","1","0","0",""
"8169","","3","3390","","700","1135","Revisão Fim Garantia","","0","S","","","0","0,00","","A","","2","N","A","S","100","","0","0","0","1","0","0",""
"8170","","9","3390","","700","1139","Revisão Fim Garantia","","0","S","","","0","0,00","","A","","2","N","A","S","100","","0","0","0","1","0","0",""
"8171","","14","3390","","700","1303","Revisão Fim Garantia","","0","S","","","0","0,00","","A","","2","N","A","S","100","","0","0","0","1","0","0",""
"8172","","11","3390","","700","1141","Revisão Fim Garantia","","0","S","","","0","0,00","","A","","2","N","A","S","100","","0","0","0","1","0","0",""
"8173","","4","3390","","700","1136","Revisão Fim Garantia","","0","S","","","0","0,00","","A","","2","N","A","S","100","","0","0","0","1","0","0",""
"8174","","12","3390","","700","1142","Revisão Fim Garantia","","0","S","","","0","0,00","","A","","2","N","A","S","100","","0","0","0","1","0","0",""
"8175","","5","3390","","700","1137","Revisão Fim Garantia","","0","S","","","0","0,00","","A","","2","N","A","S","100","","0","0","0","1","0","0",""
"8176","","15","3390","","700","1304","Revisão Fim Garantia","","0","S","","","0","0,00","","A","","2","N","A","S","100","","0","0","0","1","0","0",""
"8177","","10","3390","","700","1140","Revisão Fim Garantia","","0","S","","","0","0,00","","A","","2","N","A","S","100","","0","0","0","1","0","0",""
"8178","","18","3390","","700","1307","Revisão Fim Garantia","","0","S","","","0","0,00","","A","","2","N","A","S","100","","0","0","0","1","0","0",""
"8179","","7","3390","","700","1138","Revisão Fim Garantia","","0","S","","","0","0,00","","A","","2","N","A","S","100","","0","0","0","1","0","0",""
"8180","","1","3390","","700","1133","Revisão Fim Garantia","","0","S","","","0","0,00","","A","","2","N","A","S","100","","0","0","0","1","0","0",""
"8181","","13","3390","","700","1302","Revisão Fim Garantia","","0","S","","","0","0,00","","A","","2","N","A","S","100","","0","0","0","1","0","0",""
"8182","","17","3390","","700","1306","Revisão Fim Garantia","","0","S","","","0","0,00","","A","","2","N","A","S","100","","0","0","0","1","0","0",""
"8183","","16","3390","","700","1305","Revisão Fim Garantia","","0","S","","","0","0,00","","A","","2","N","A","S","100","","0","0","0","1","0","0",""
"8184","","2","3392","","693","1134","Revisão Fim Garantia","","0","S","","","0","0,00","","A","","2","N","A","S","100","","0","1","0","1","0","0",""
"8185","","3","3392","","693","1135","Revisão Fim Garantia","","0","S","","","0","0,00","","A","","2","N","A","S","100","","0","1","0","1","0","0",""
"8186","","9","3392","","693","1139","Revisão Fim Garantia","","0","S","","","0","0,00","","A","","2","N","A","S","100","","0","1","0","1","0","0",""
"8187","","14","3392","","693","1303","Revisão Fim Garantia","","0","S","","","0","0,00","","A","","2","N","A","S","100","","0","1","0","1","0","0",""
"8188","","11","3392","","693","1141","Revisão Fim Garantia","","0","S","","","0","0,00","","A","","2","N","A","S","100","","0","1","0","1","0","0",""
"8189","","4","3392","","693","1136","Revisão Fim Garantia","","0","S","","","0","0,00","","A","","2","N","A","S","100","","0","1","0","1","0","0",""
"8190","","12","3392","","693","1142","Revisão Fim Garantia","","0","S","","","0","0,00","","A","","2","N","A","S","100","","0","1","0","1","0","0",""
"8191","","5","3392","","693","1137","Revisão Fim Garantia","","0","S","","","0","0,00","","A","","2","N","A","S","100","","0","1","0","1","0","0",""
"8192","","15","3392","","693","1304","Revisão Fim Garantia","","0","S","","","0","0,00","","A","","2","N","A","S","100","","0","1","0","1","0","0",""
"8193","","10","3392","","693","1140","Revisão Fim Garantia","","0","S","","","0","0,00","","A","","2","N","A","S","100","","0","1","0","1","0","0",""
"8194","","18","3392","","693","1307","Revisão Fim Garantia","","0","S","","","0","0,00","","A","","2","N","A","S","100","","0","1","0","1","0","0",""
"8195","","7","3392","","693","1138","Revisão Fim Garantia","","0","S","","","0","0,00","","A","","2","N","A","S","100","","0","1","0","1","0","0",""
"8196","","1","3392","","693","1133","Revisão Fim Garantia","","0","S","","","0","0,00","","A","","2","N","A","S","100","","0","1","0","1","0","0",""
"8197","","13","3392","","693","1302","Revisão Fim Garantia","","0","S","","","0","0,00","","A","","2","N","A","S","100","","0","1","0","1","0","0",""
"8198","","17","3392","","693","1306","Revisão Fim Garantia","","0","S","","","0","0,00","","A","","2","N","A","S","100","","0","1","0","1","0","0",""
"8199","","16","3392","","693","1305","Revisão Fim Garantia","","0","S","","","0","0,00","","A","","2","N","A","S","100","","0","1","0","1","0","0",""
"8200","","2","3393","","796","1108","","","0","S","","","0","0,00","","A","","2","N","A","S","100","","0","1","0","1","0","0",""
"8201","","3","3393","","796","1109","","","0","S","","","0","0,00","","A","","2","N","A","S","100","","0","1","0","1","0","0",""
"8202","","9","3393","","796","1114","","","0","S","","","0","0,00","","A","","2","N","A","S","100","","0","1","0","1","0","0",""
"8203","","14","3393","","796","1116","","","0","S","","","0","0,00","","A","","2","N","A","S","100","","0","1","0","1","0","0",""
"8204","","11","3393","","796","1113","","","0","S","","","0","0,00","","A","","2","N","A","S","100","","0","1","0","1","0","0",""
"8205","","4","3393","","796","1110","","","0","S","","","0","0,00","","A","","2","N","A","S","100","","0","1","0","1","0","0",""
"8206","","12","3393","","796","1144","","","0","S","","","0","0,00","","A","","2","N","A","S","100","","0","1","0","1","0","0",""
"8207","","5","3393","","796","1143","","","0","S","","","0","0,00","","A","","2","N","A","S","100","","0","1","0","1","0","0",""
"8208","","15","3393","","796","1117","","","0","S","","","0","0,00","","A","","2","N","A","S","100","","0","1","0","1","0","0",""
"8209","","10","3393","","796","1112","","","0","S","","","0","0,00","","A","","2","N","A","S","100","","0","1","0","1","0","0",""
"8210","","18","3393","","796","1120","","","0","S","","","0","0,00","","A","","2","N","A","S","100","","0","1","0","1","0","0",""
"8211","","7","3393","","796","1111","","","0","S","","","0","0,00","","A","","2","N","A","S","100","","0","1","0","1","0","0",""
"8212","","1","3393","","796","1107","","","0","S","","","0","0,00","","A","","2","N","A","S","100","","0","1","0","1","0","0",""
"8213","","13","3393","","796","1115","","","0","S","","","0","0,00","","A","","2","N","A","S","100","","0","1","0","1","0","0",""
"8214","","17","3393","","796","1119","","","0","S","","","0","0,00","","A","","2","N","A","S","100","","0","1","0","1","0","0",""
"8215","","16","3393","","796","1118","","","0","S","","","0","0,00","","A","","2","N","A","S","100","","0","1","0","1","0","0",""
"8216","","2","3395","","693","1134","Revisão Fim Garantia","","0","S","","","0","0,00","","A","","2","N","A","S","100","","0","1","0","1","0","0",""
"8217","","3","3395","","693","1135","Revisão Fim Garantia","","0","S","","","0","0,00","","A","","2","N","A","S","100","","0","1","0","1","0","0",""
"8218","","9","3395","","693","1139","Revisão Fim Garantia","","0","S","","","0","0,00","","A","","2","N","A","S","100","","0","1","0","1","0","0",""
"8219","","14","3395","","693","1303","Revisão Fim Garantia","","0","S","","","0","0,00","","A","","2","N","A","S","100","","0","1","0","1","0","0",""
"8220","","11","3395","","693","1141","Revisão Fim Garantia","","0","S","","","0","0,00","","A","","2","N","A","S","100","","0","1","0","1","0","0",""
"8221","","4","3395","","693","1136","Revisão Fim Garantia","","0","S","","","0","0,00","","A","","2","N","A","S","100","","0","1","0","1","0","0",""
"8222","","12","3395","","693","1142","Revisão Fim Garantia","","0","S","","","0","0,00","","A","","2","N","A","S","100","","0","1","0","1","0","0",""
"8223","","5","3395","","693","1137","Revisão Fim Garantia","","0","S","","","0","0,00","","A","","2","N","A","S","100","","0","1","0","1","0","0",""
"8224","","15","3395","","693","1304","Revisão Fim Garantia","","0","S","","","0","0,00","","A","","2","N","A","S","100","","0","1","0","1","0","0",""
"8225","","10","3395","","693","1140","Revisão Fim Garantia","","0","S","","","0","0,00","","A","","2","N","A","S","100","","0","1","0","1","0","0",""
"8226","","18","3395","","693","1307","Revisão Fim Garantia","","0","S","","","0","0,00","","A","","2","N","A","S","100","","0","1","0","1","0","0",""
"8227","","7","3395","","693","1138","Revisão Fim Garantia","","0","S","","","0","0,00","","A","","2","N","A","S","100","","0","1","0","1","0","0",""
"8228","","1","3395","","693","1133","Revisão Fim Garantia","","0","S","","","0","0,00","","A","","2","N","A","S","100","","0","1","0","1","0","0",""
"8229","","13","3395","","693","1302","Revisão Fim Garantia","","0","S","","","0","0,00","","A","","2","N","A","S","100","","0","1","0","1","0","0",""
"8230","","17","3395","","693","1306","Revisão Fim Garantia","","0","S","","","0","0,00","","A","","2","N","A","S","100","","0","1","0","1","0","0",""
"8231","","16","3395","","693","1305","Revisão Fim Garantia","","0","S","","","0","0,00","","A","","2","N","A","S","100","","0","1","0","1","0","0",""
"8232","","2","3396","","694","1282","Revisão Fim Garantia","","0","S","","","0","0,00","","A","","2","N","A","S","100","","0","1","0","1","0","0",""
"8233","","3","3396","","694","1283","Revisão Fim Garantia","","0","S","","","0","0,00","","A","","2","N","A","S","100","","0","1","0","1","0","0",""
"8234","","9","3396","","694","1288","Revisão Fim Garantia","","0","S","","","0","0,00","","A","","2","N","A","S","100","","0","1","0","1","0","0",""
"8235","","14","3396","","694","1275","Revisão Fim Garantia","","0","S","","","0","0,00","","A","","2","N","A","S","100","","0","1","0","1","0","0",""
"8236","","11","3396","","694","1287","Revisão Fim Garantia","","0","S","","","0","0,00","","A","","2","N","A","S","100","","0","1","0","1","0","0",""
"8237","","4","3396","","694","1284","Revisão Fim Garantia","","0","S","","","0","0,00","","A","","2","N","A","S","100","","0","1","0","1","0","0",""
"8238","","12","3396","","694","1289","Revisão Fim Garantia","","0","S","","","0","0,00","","A","","2","N","A","S","100","","0","1","0","1","0","0",""
"8239","","5","3396","","694","1290","Revisão Fim Garantia","","0","S","","","0","0,00","","A","","2","N","A","S","100","","0","1","0","1","0","0",""
"8240","","15","3396","","694","1276","Revisão Fim Garantia","","0","S","","","0","0,00","","A","","2","N","A","S","100","","0","1","0","1","0","0",""
"8241","","10","3396","","694","1286","Revisão Fim Garantia","","0","S","","","0","0,00","","A","","2","N","A","S","100","","0","1","0","1","0","0",""
"8242","","18","3396","","694","1277","Revisão Fim Garantia","","0","S","","","0","0,00","","A","","2","N","A","S","100","","0","1","0","1","0","0",""
"8243","","7","3396","","694","1285","Revisão Fim Garantia","","0","S","","","0","0,00","","A","","2","N","A","S","100","","0","1","0","1","0","0",""
"8244","","1","3396","","694","1281","Revisão Fim Garantia","","0","S","","","0","0,00","","A","","2","N","A","S","100","","0","1","0","1","0","0",""
"8245","","13","3396","","694","1278","Revisão Fim Garantia","","0","S","","","0","0,00","","A","","2","N","A","S","100","","0","1","0","1","0","0",""
"8246","","17","3396","","694","1279","Revisão Fim Garantia","","0","S","","","0","0,00","","A","","2","N","A","S","100","","0","1","0","1","0","0",""
"8247","","16","3396","","694","1280","Revisão Fim Garantia","","0","S","","","0","0,00","","A","","2","N","A","S","100","","0","1","0","1","0","0",""
"8248","","2","2867","","672","1126","","","0","S","","","0","0,00","","A","","2","N","A","S","1","","0","0","0","1","0","0",""
"8249","","3","2867","","672","1124","","","0","S","","","0","0,00","","A","","2","N","A","S","1","","0","0","0","1","0","0",""
"8250","","9","2867","","672","1123","","","0","S","","","0","0,00","","A","","2","N","A","S","1","","0","0","0","1","0","0",""
"8251","","11","2867","","672","1125","","","0","S","","","0","0,00","","A","","2","N","A","S","1","","0","0","0","1","0","0",""
"8252","","4","2867","","672","1158","","","0","S","","","0","0,00","","A","","2","N","A","S","1","","0","0","0","1","0","0",""
"8253","","12","2867","","672","1127","","","0","S","","","0","0,00","","A","","2","N","A","S","1","","0","0","0","1","0","0",""
"8254","","5","2867","","672","1159","","","0","S","","","0","0,00","","A","","2","N","A","S","1","","0","0","0","1","0","0",""
"8255","","10","2867","","672","1160","","","0","S","","","0","0,00","","A","","2","N","A","S","1","","0","0","0","1","0","0",""
"8256","","7","2867","","672","1122","","","0","S","","","0","0,00","","A","","2","N","A","S","1","","0","0","0","1","0","0",""
"8257","","1","2867","","672","1121","","","0","S","","","0","0,00","","A","","2","N","A","S","1","","0","0","0","1","0","0",""
"8258","","13","2867","","672","1255","","","0","S","","","0","0,00","","A","","2","N","A","S","1","","0","0","0","1","0","0",""
"8259","","14","2867","","672","1256","","","0","S","","","0","0,00","","A","","2","N","A","S","1","","0","0","0","1","0","0",""
"8260","","15","2867","","672","1257","","","0","S","","","0","0,00","","A","","2","N","A","S","1","","0","0","0","1","0","0",""
"8261","","16","2867","","672","1258","","","0","S","","","0","0,00","","A","","2","N","A","S","1","","0","0","0","1","0","0",""
"8262","","17","2867","","672","1259","","","0","S","","","0","0,00","","A","","2","N","A","S","1","","0","0","0","1","0","0",""
"8263","","18","2867","","672","1260","","","0","S","","","0","0,00","","A","","2","N","A","S","1","","0","0","0","1","0","0",""
"8264","","16","2864","","","1258","","","0","N","","","0","0,00","","A","","0","S","C","S","1","","0","0","0","1","0","0",""
"8265","","3","2864","","","1124","","","0","N","","","0","0,00","","A","","0","S","C","S","1","","0","0","0","1","0","",""
"8266","","9","2864","","","1123","","","0","N","","","0","0,00","","A","","0","S","C","S","1","","0","0","0","1","0","",""
"8267","","2","2864","","","1126","","","0","N","","","0","0,00","","A","","0","S","C","S","1","","0","0","0","1","0","",""
"8268","","14","2864","","","1256","","","0","N","","","0","0,00","","A","","2","S","C","S","1","","0","0","0","1","0","",""
"8269","","11","2864","","","1125","","","0","N","","","0","0,00","","A","","2","S","C","S","1","","0","0","0","1","0","",""
"8270","","4","2864","","","1158","","","0","N","","","0","0,00","","A","","2","S","C","S","1","","0","0","0","1","0","",""
"8271","","12","2864","","","1127","","","0","N","","","0","0,00","","A","","2","S","C","S","1","","0","0","0","1","0","",""
"8272","","5","2864","","","1159","","","0","N","","","0","0,00","","A","","2","S","C","S","1","","0","0","0","1","0","",""
"8273","","15","2864","","","1257","","","0","N","","","0","0,00","","A","","2","S","C","S","1","","0","0","0","1","0","",""
"8274","","10","2864","","","1160","","","0","N","","","0","0,00","","A","","2","S","C","S","1","","0","0","0","1","0","",""
"8275","","18","2864","","","1260","","","0","N","","","0","0,00","","A","","2","S","C","S","1","","0","0","0","1","0","",""
"8276","","7","2864","","","1122","","","0","N","","","0","0,00","","A","","2","S","C","S","1","","0","0","0","1","0","",""
"8277","","1","2864","","","1121","","","0","N","","","0","0,00","","A","","2","S","C","S","1","","0","0","0","1","0","",""
"8278","","13","2864","","","1255","","","0","N","","","0","0,00","","A","","2","S","C","S","1","","0","0","0","1","0","",""
"8279","","17","2864","","","1259","","","0","N","","","0","0,00","","A","","2","S","C","S","1","","0","0","0","1","0","",""
"8280","","","3306","","616","735","","","0","S","","","0","0,00","","A","","2","N","A","S","1","","0","1","0","1","0","0",""
"8281","","13","2877","","676","1115","","","0","S","","","0","0,00","","A","","2","N","A","S","1","","0","0","0","1","0","0",""
"8282","","14","2877","","676","1116","","","0","S","","","0","0,00","","A","","2","N","A","S","1","","0","0","0","1","0","0",""
"8283","","15","2877","","676","1117","","","0","S","","","0","0,00","","A","","2","N","A","S","1","","0","0","0","1","0","0",""
"8284","","16","2877","","676","1118","","","0","S","","","0","0,00","","A","","2","N","A","S","1","","0","0","0","1","0","0",""
"8285","","17","2877","","676","1119","","","0","S","","","0","0,00","","A","","2","N","A","S","1","","0","0","0","1","0","0",""
"8286","","18","2877","","676","1120","","","0","S","","","0","0,00","","A","","2","N","A","S","1","","0","0","0","1","0","0",""
"8287","","2","3401","","800","1126","","","0","S","","","0","0,00","","A","","2","N","A","S","100","","0","0","0","1","0","0",""
"8288","","3","3401","","800","1124","","","0","S","","","0","0,00","","A","","2","N","A","S","100","","0","0","0","1","0","0",""
"8289","","9","3401","","800","1123","","","0","S","","","0","0,00","","A","","2","N","A","S","100","","0","0","0","1","0","0",""
"8290","","14","3401","","800","1256","","","0","S","","","0","0,00","","A","","2","N","A","S","100","","0","0","0","1","0","0",""
"8291","","11","3401","","800","1125","","","0","S","","","0","0,00","","A","","2","N","A","S","100","","0","0","0","1","0","0",""
"8292","","4","3401","","800","1158","","","0","S","","","0","0,00","","A","","2","N","A","S","100","","0","0","0","1","0","0",""
"8293","","12","3401","","800","1127","","","0","S","","","0","0,00","","A","","2","N","A","S","100","","0","0","0","1","0","0",""
"8294","","5","3401","","800","1159","","","0","S","","","0","0,00","","A","","2","N","A","S","100","","0","0","0","1","0","0",""
"8295","","15","3401","","800","1257","","","0","S","","","0","0,00","","A","","2","N","A","S","100","","0","0","0","1","0","0",""
"8296","","10","3401","","800","1160","","","0","S","","","0","0,00","","A","","2","N","A","S","100","","0","0","0","1","0","0",""
"8297","","18","3401","","800","1260","","","0","S","","","0","0,00","","A","","2","N","A","S","100","","0","0","0","1","0","0",""
"8298","","7","3401","","800","1122","","","0","S","","","0","0,00","","A","","2","N","A","S","100","","0","0","0","1","0","0",""
"8299","","1","3401","","800","1121","","","0","S","","","0","0,00","","A","","2","N","A","S","100","","0","0","0","1","0","0",""
"8300","","13","3401","","800","1255","","","0","S","","","0","0,00","","A","","2","N","A","S","100","","0","0","0","1","0","0",""
"8696","","3","3435","","772","1124","Alterado Forma de Pagamento","","0","S","","","0","0,00","","A","","2","S","A","S","100","","0","0","0","1","0","",""
"8697","","9","3435","","772","1123","Alterado Forma de Pagamento","","0","S","","","0","0,00","","A","","2","S","A","S","100","","0","0","0","1","0","",""
"8698","","14","3435","","772","1256","Alterado Forma de Pagamento","","0","S","","","0","0,00","","A","","2","S","A","S","100","","0","0","0","1","0","",""
"8699","","11","3435","","772","1125","Alterado Forma de Pagamento","","0","S","","","0","0,00","","A","","2","S","A","S","100","","0","0","0","1","0","",""
"8700","","4","3435","","772","1158","Alterado Forma de Pagamento","","0","S","","","0","0,00","","A","","2","S","A","S","100","","0","0","0","1","0","",""
"8701","","12","3435","","772","1127","Alterado Forma de Pagamento","","0","S","","","0","0,00","","A","","2","S","A","S","100","","0","0","0","1","0","",""
"8702","","5","3435","","772","1159","Alterado Forma de Pagamento","","0","S","","","0","0,00","","A","","2","S","A","S","100","","0","0","0","1","0","",""
"8703","","15","3435","","772","1257","Alterado Forma de Pagamento","","0","S","","","0","0,00","","A","","2","S","A","S","100","","0","0","0","1","0","",""
"8704","","10","3435","","772","1160","Alterado Forma de Pagamento","","0","S","","","0","0,00","","A","","2","S","A","S","100","","0","0","0","1","0","",""
"8705","","18","3435","","772","1260","Alterado Forma de Pagamento","","0","S","","","0","0,00","","A","","2","S","A","S","100","","0","0","0","1","0","",""
"8706","","7","3435","","772","1122","Alterado Forma de Pagamento","","0","S","","","0","0,00","","A","","2","S","A","S","100","","0","0","0","1","0","",""
"8707","","1","3435","","772","1121","Alterado Forma de Pagamento","","0","S","","","0","0,00","","A","","2","S","A","S","100","","0","0","0","1","0","",""
"8708","","13","3435","","772","1255","Alterado Forma de Pagamento","","0","S","","","0","0,00","","A","","2","S","A","S","100","","0","0","0","1","0","",""
"8709","","17","3435","","772","1259","Alterado Forma de Pagamento","","0","S","","","0","0,00","","A","","2","S","A","S","100","","0","0","0","1","0","",""
"8710","","16","3435","","772","1258","Alterado Forma de Pagamento","","0","S","","","0","0,00","","A","","2","S","A","S","100","","0","0","0","1","0","",""
"8711","","","3436","","767","-15","Desistiu da Compra","","0","S","","","0","0,00","","A","","2","S","A","S","100","","0","0","0","0","0","0",""
"8712","","","3437","","767","-15","Venda Perdida","","0","S","","","0","0,00","","A","","2","S","A","S","100","","0","0","0","0","0","0",""
"8713","","2","3439","","807","1126","Com Pendência","","0","S","","","0","0,00","","A","","2","S","A","S","100","","0","0","0","1","0","",""
"8714","","3","3439","","807","1124","Com Pendência","","0","S","","","0","0,00","","A","","2","S","A","S","100","","0","0","0","1","0","",""
"8715","","9","3439","","807","1123","Com Pendência","","0","S","","","0","0,00","","A","","2","S","A","S","100","","0","0","0","1","0","",""
"8716","","14","3439","","807","1256","Com Pendência","","0","S","","","0","0,00","","A","","2","S","A","S","100","","0","0","0","1","0","",""
"8717","","11","3439","","807","1125","Com Pendência","","0","S","","","0","0,00","","A","","2","S","A","S","100","","0","0","0","1","0","",""
"8718","","4","3439","","807","1158","Com Pendência","","0","S","","","0","0,00","","A","","2","S","A","S","100","","0","0","0","1","0","",""
"8719","","12","3439","","807","1127","Com Pendência","","0","S","","","0","0,00","","A","","2","S","A","S","100","","0","0","0","1","0","",""
"8720","","5","3439","","807","1159","Com Pendência","","0","S","","","0","0,00","","A","","2","S","A","S","100","","0","0","0","1","0","",""
"8721","","15","3439","","807","1257","Com Pendência","","0","S","","","0","0,00","","A","","2","S","A","S","100","","0","0","0","1","0","",""
"8722","","10","3439","","807","1160","Com Pendência","","0","S","","","0","0,00","","A","","2","S","A","S","100","","0","0","0","1","0","",""
"8723","","18","3439","","807","1260","Com Pendência","","0","S","","","0","0,00","","A","","2","S","A","S","100","","0","0","0","1","0","",""
"8724","","7","3439","","807","1122","Com Pendência","","0","S","","","0","0,00","","A","","2","S","A","S","100","","0","0","0","1","0","",""
"8725","","1","3439","","807","1121","Com Pendência","","0","S","","","0","0,00","","A","","2","S","A","S","100","","0","0","0","1","0","",""
"8726","","13","3439","","807","1255","Com Pendência","","0","S","","","0","0,00","","A","","2","S","A","S","100","","0","0","0","1","0","",""
"8727","","17","3439","","807","1259","Com Pendência","","0","S","","","0","0,00","","A","","2","S","A","S","100","","0","0","0","1","0","",""
"8728","","16","3439","","807","1258","Com Pendência","","0","S","","","0","0,00","","A","","2","S","A","S","100","","0","0","0","1","0","",""
"8729","","","3440","Financiado / Consórcio","814","869","Fat Realizado - Financiado / Consórcio","","0","S","","","0","0,00","","A","","2","S","A","S","100","","0","0","0","0","0","0",""
"8730","","2","3440","Recurso Próprio","846","1126","","","0","S","","","0","0,00","","A","","2","S","A","S","100","","0","0","0","0","0","0",""
"8731","","3","3440","Recurso Próprio","846","1124","","","0","S","","","0","0,00","","A","","2","S","A","S","100","","0","0","0","0","0","0",""
"8732","","9","3440","Recurso Próprio","846","1123","","","0","S","","","0","0,00","","A","","2","S","A","S","100","","0","0","0","0","0","0",""
"8733","","14","3440","Recurso Próprio","846","1256","","","0","S","","","0","0,00","","A","","2","S","A","S","100","","0","0","0","0","0","0",""
"8734","","11","3440","Recurso Próprio","846","1125","","","0","S","","","0","0,00","","A","","2","S","A","S","100","","0","0","0","0","0","0",""
"8735","","4","3440","Recurso Próprio","846","1158","","","0","S","","","0","0,00","","A","","2","S","A","S","100","","0","0","0","0","0","0",""
"8736","","12","3440","Recurso Próprio","846","1127","","","0","S","","","0","0,00","","A","","2","S","A","S","100","","0","0","0","0","0","0",""
"8737","","5","3440","Recurso Próprio","846","1159","","","0","S","","","0","0,00","","A","","2","S","A","S","100","","0","0","0","0","0","0",""
"8738","","15","3440","Recurso Próprio","846","1257","","","0","S","","","0","0,00","","A","","2","S","A","S","100","","0","0","0","0","0","0",""
"8739","","10","3440","Recurso Próprio","846","1160","","","0","S","","","0","0,00","","A","","2","S","A","S","100","","0","0","0","0","0","0",""
"8740","","18","3440","Recurso Próprio","846","1260","","","0","S","","","0","0,00","","A","","2","S","A","S","100","","0","0","0","0","0","0",""
"8741","","7","3440","Recurso Próprio","846","1122","","","0","S","","","0","0,00","","A","","2","S","A","S","100","","0","0","0","0","0","0",""
"8742","","1","3440","Recurso Próprio","846","1121","","","0","S","","","0","0,00","","A","","2","S","A","S","100","","0","0","0","0","0","0",""
"8743","","13","3440","Recurso Próprio","846","1255","","","0","S","","","0","0,00","","A","","2","S","A","S","100","","0","0","0","0","0","0",""
"8744","","17","3440","Recurso Próprio","846","1259","","","0","S","","","0","0,00","","A","","2","S","A","S","100","","0","0","0","0","0","0",""
"8745","","16","3440","Recurso Próprio","846","1258","","","0","S","","","0","0,00","","A","","2","S","A","S","100","","0","0","0","0","0","0",""
"8746","","2","3441","","772","1126","Alterada Forma de Pagto","","0","S","","","0","0,00","","A","","2","S","A","S","100","","0","0","0","1","0","",""
"8747","","3","3441","","772","1124","Alterada Forma de Pagto","","0","S","","","0","0,00","","A","","2","S","A","S","100","","0","0","0","1","0","",""
"8748","","9","3441","","772","1123","Alterada Forma de Pagto","","0","S","","","0","0,00","","A","","2","S","A","S","100","","0","0","0","1","0","",""
"8749","","14","3441","","772","1256","Alterada Forma de Pagto","","0","S","","","0","0,00","","A","","2","S","A","S","100","","0","0","0","1","0","",""
"8750","","11","3441","","772","1125","Alterada Forma de Pagto","","0","S","","","0","0,00","","A","","2","S","A","S","100","","0","0","0","1","0","",""
"8751","","4","3441","","772","1158","Alterada Forma de Pagto","","0","S","","","0","0,00","","A","","2","S","A","S","100","","0","0","0","1","0","",""
"8752","","12","3441","","772","1127","Alterada Forma de Pagto","","0","S","","","0","0,00","","A","","2","S","A","S","100","","0","0","0","1","0","",""
"8753","","5","3441","","772","1159","Alterada Forma de Pagto","","0","S","","","0","0,00","","A","","2","S","A","S","100","","0","0","0","1","0","",""
"8754","","15","3441","","772","1257","Alterada Forma de Pagto","","0","S","","","0","0,00","","A","","2","S","A","S","100","","0","0","0","1","0","",""
"8755","","10","3441","","772","1160","Alterada Forma de Pagto","","0","S","","","0","0,00","","A","","2","S","A","S","100","","0","0","0","1","0","",""
"8756","","18","3441","","772","1260","Alterada Forma de Pagto","","0","S","","","0","0,00","","A","","2","S","A","S","100","","0","0","0","1","0","",""
"8757","","7","3441","","772","1122","Alterada Forma de Pagto","","0","S","","","0","0,00","","A","","2","S","A","S","100","","0","0","0","1","0","",""
"8758","","1","3441","","772","1121","Alterada Forma de Pagto","","0","S","","","0","0,00","","A","","2","S","A","S","100","","0","0","0","1","0","",""
"8759","","13","3441","","772","1255","Alterada Forma de Pagto","","0","S","","","0","0,00","","A","","2","S","A","S","100","","0","0","0","1","0","",""
"8760","","17","3441","","772","1259","Alterada Forma de Pagto","","0","S","","","0","0,00","","A","","2","S","A","S","100","","0","0","0","1","0","",""
"8761","","16","3441","","772","1258","Alterada Forma de Pagto","","0","S","","","0","0,00","","A","","2","S","A","S","100","","0","0","0","1","0","",""
"8762","","","3442","","767","-15","Desistiu da Compra","","0","S","","","0","0,00","","A","","2","S","A","S","100","","0","0","0","0","0","0",""
"8763","","","3443","","767","-15","Venda Perdida","","0","S","","","0","0,00","","A","","2","S","A","S","100","","0","0","0","0","0","0",""
"8764","","","3445","Sem Pendência","809","0","Sem Pendência","","0","S","","","0","0,00","","A","","2","N","A","S","100","","0","0","0","1","0","0",""
"8765","","2","3445","Com Pendência","804","1126","Formalização: Com Pendência","","0","S","","","0","0,00","","A","","2","S","A","S","100","","0","0","0","1","0","",""
"8766","","3","3445","Com Pendência","804","1124","Formalização: Com Pendência","","0","S","","","0","0,00","","A","","2","S","A","S","100","","0","0","0","1","0","",""
"8767","","9","3445","Com Pendência","804","1123","Formalização: Com Pendência","","0","S","","","0","0,00","","A","","2","S","A","S","100","","0","0","0","1","0","",""
"8768","","14","3445","Com Pendência","804","1256","Formalização: Com Pendência","","0","S","","","0","0,00","","A","","2","S","A","S","100","","0","0","0","1","0","",""
"8769","","11","3445","Com Pendência","804","1125","Formalização: Com Pendência","","0","S","","","0","0,00","","A","","2","S","A","S","100","","0","0","0","1","0","",""
"8770","","4","3445","Com Pendência","804","1158","Formalização: Com Pendência","","0","S","","","0","0,00","","A","","2","S","A","S","100","","0","0","0","1","0","",""
"8771","","12","3445","Com Pendência","804","1127","Formalização: Com Pendência","","0","S","","","0","0,00","","A","","2","S","A","S","100","","0","0","0","1","0","",""
"8772","","5","3445","Com Pendência","804","1159","Formalização: Com Pendência","","0","S","","","0","0,00","","A","","2","S","A","S","100","","0","0","0","1","0","",""
"8773","","15","3445","Com Pendência","804","1257","Formalização: Com Pendência","","0","S","","","0","0,00","","A","","2","S","A","S","100","","0","0","0","1","0","",""
"8774","","10","3445","Com Pendência","804","1160","Formalização: Com Pendência","","0","S","","","0","0,00","","A","","2","S","A","S","100","","0","0","0","1","0","",""
"8775","","18","3445","Com Pendência","804","1260","Formalização: Com Pendência","","0","S","","","0","0,00","","A","","2","S","A","S","100","","0","0","0","1","0","",""
"8776","","7","3445","Com Pendência","804","1122","Formalização: Com Pendência","","0","S","","","0","0,00","","A","","2","S","A","S","100","","0","0","0","1","0","",""
"8777","","1","3445","Com Pendência","804","1121","Formalização: Com Pendência","","0","S","","","0","0,00","","A","","2","S","A","S","100","","0","0","0","1","0","",""
"8778","","13","3445","Com Pendência","804","1255","Formalização: Com Pendência","","0","S","","","0","0,00","","A","","2","S","A","S","100","","0","0","0","1","0","",""
"8779","","17","3445","Com Pendência","804","1259","Formalização: Com Pendência","","0","S","","","0","0,00","","A","","2","S","A","S","100","","0","0","0","1","0","",""
"8780","","16","3445","Com Pendência","804","1258","Formalização: Com Pendência","","0","S","","","0","0,00","","A","","2","S","A","S","100","","0","0","0","1","0","",""
"8781","","2","3447","","807","1126","Faturamento Autorizado","","0","S","","","0","0,00","","A","","2","S","A","S","100","","0","0","0","1","0","",""
"8782","","3","3447","","807","1124","Faturamento Autorizado","","0","S","","","0","0,00","","A","","2","S","A","S","100","","0","0","0","1","0","",""
"8783","","9","3447","","807","1123","Faturamento Autorizado","","0","S","","","0","0,00","","A","","2","S","A","S","100","","0","0","0","1","0","",""
"8784","","14","3447","","807","1256","Faturamento Autorizado","","0","S","","","0","0,00","","A","","2","S","A","S","100","","0","0","0","1","0","",""
"8785","","11","3447","","807","1125","Faturamento Autorizado","","0","S","","","0","0,00","","A","","2","S","A","S","100","","0","0","0","1","0","",""
"8786","","4","3447","","807","1158","Faturamento Autorizado","","0","S","","","0","0,00","","A","","2","S","A","S","100","","0","0","0","1","0","",""
"8787","","12","3447","","807","1127","Faturamento Autorizado","","0","S","","","0","0,00","","A","","2","S","A","S","100","","0","0","0","1","0","",""
"8788","","5","3447","","807","1159","Faturamento Autorizado","","0","S","","","0","0,00","","A","","2","S","A","S","100","","0","0","0","1","0","",""
"8789","","15","3447","","807","1257","Faturamento Autorizado","","0","S","","","0","0,00","","A","","2","S","A","S","100","","0","0","0","1","0","",""
"8790","","10","3447","","807","1160","Faturamento Autorizado","","0","S","","","0","0,00","","A","","2","S","A","S","100","","0","0","0","1","0","",""
"8791","","18","3447","","807","1260","Faturamento Autorizado","","0","S","","","0","0,00","","A","","2","S","A","S","100","","0","0","0","1","0","",""
"8792","","7","3447","","807","1122","Faturamento Autorizado","","0","S","","","0","0,00","","A","","2","S","A","S","100","","0","0","0","1","0","",""
"8793","","1","3447","","807","1121","Faturamento Autorizado","","0","S","","","0","0,00","","A","","2","S","A","S","100","","0","0","0","1","0","",""
"8794","","13","3447","","807","1255","Faturamento Autorizado","","0","S","","","0","0,00","","A","","2","S","A","S","100","","0","0","0","1","0","",""
"8795","","17","3447","","807","1259","Faturamento Autorizado","","0","S","","","0","0,00","","A","","2","S","A","S","100","","0","0","0","1","0","",""
"8796","","16","3447","","807","1258","Faturamento Autorizado","","0","S","","","0","0,00","","A","","2","S","A","S","100","","0","0","0","1","0","",""
"8797","","","3448","","767","-15","Desistiu da Compra","","0","S","","","0","0,00","","A","","2","S","A","S","100","","0","0","0","0","0","0",""
"8798","","","3449","","767","-15","Venda Perdida","","0","S","","","0","0,00","","A","","2","S","A","S","100","","0","0","0","0","0","0",""
"8799","","","3466","Protocolado","814","0","Protocolado","","0","S","","","0","0,00","","A","","2","N","A","S","100","","0","0","0","1","0","0",""
"8800","","2","3466","Recebido","846","1126","Recebimento Realizado","","0","S","","","0","0,00","","A","","2","S","A","S","100","","0","0","0","0","0","0",""
"8801","","3","3466","Recebido","846","1124","Recebimento Realizado","","0","S","","","0","0,00","","A","","2","S","A","S","100","","0","0","0","0","0","0",""
"8802","","9","3466","Recebido","846","1123","Recebimento Realizado","","0","S","","","0","0,00","","A","","2","S","A","S","100","","0","0","0","0","0","0",""
"8803","","14","3466","Recebido","846","1256","Recebimento Realizado","","0","S","","","0","0,00","","A","","2","S","A","S","100","","0","0","0","0","0","0",""
"8804","","11","3466","Recebido","846","1125","Recebimento Realizado","","0","S","","","0","0,00","","A","","2","S","A","S","100","","0","0","0","0","0","0",""
"8805","","4","3466","Recebido","846","1158","Recebimento Realizado","","0","S","","","0","0,00","","A","","2","S","A","S","100","","0","0","0","0","0","0",""
"8806","","12","3466","Recebido","846","1127","Recebimento Realizado","","0","S","","","0","0,00","","A","","2","S","A","S","100","","0","0","0","0","0","0",""
"8807","","5","3466","Recebido","846","1159","Recebimento Realizado","","0","S","","","0","0,00","","A","","2","S","A","S","100","","0","0","0","0","0","0",""
"8808","","15","3466","Recebido","846","1257","Recebimento Realizado","","0","S","","","0","0,00","","A","","2","S","A","S","100","","0","0","0","0","0","0",""
"8809","","10","3466","Recebido","846","1160","Recebimento Realizado","","0","S","","","0","0,00","","A","","2","S","A","S","100","","0","0","0","0","0","0",""
"8810","","18","3466","Recebido","846","1260","Recebimento Realizado","","0","S","","","0","0,00","","A","","2","S","A","S","100","","0","0","0","0","0","0",""
"8811","","7","3466","Recebido","846","1122","Recebimento Realizado","","0","S","","","0","0,00","","A","","2","S","A","S","100","","0","0","0","0","0","0",""
"8812","","1","3466","Recebido","846","1121","Recebimento Realizado","","0","S","","","0","0,00","","A","","2","S","A","S","100","","0","0","0","0","0","0",""
"8813","","13","3466","Recebido","846","1255","Recebimento Realizado","","0","S","","","0","0,00","","A","","2","S","A","S","100","","0","0","0","0","0","0",""
"8814","","17","3466","Recebido","846","1259","Recebimento Realizado","","0","S","","","0","0,00","","A","","2","S","A","S","100","","0","0","0","0","0","0",""
"8815","","16","3466","Recebido","846","1258","Recebimento Realizado","","0","S","","","0","0,00","","A","","2","S","A","S","100","","0","0","0","0","0","0",""
"8816","","2","3467","","816","1126","Recebimento: Com Pendência","","0","S","","","0","0,00","","A","","2","S","A","S","100","","0","0","0","1","0","",""
"8817","","3","3467","","816","1124","Recebimento: Com Pendência","","0","S","","","0","0,00","","A","","2","S","A","S","100","","0","0","0","1","0","",""
"8818","","9","3467","","816","1123","Recebimento: Com Pendência","","0","S","","","0","0,00","","A","","2","S","A","S","100","","0","0","0","1","0","",""
"8819","","14","3467","","816","1256","Recebimento: Com Pendência","","0","S","","","0","0,00","","A","","2","S","A","S","100","","0","0","0","1","0","",""
"8820","","11","3467","","816","1125","Recebimento: Com Pendência","","0","S","","","0","0,00","","A","","2","S","A","S","100","","0","0","0","1","0","",""
"8821","","4","3467","","816","1158","Recebimento: Com Pendência","","0","S","","","0","0,00","","A","","2","S","A","S","100","","0","0","0","1","0","",""
"8822","","12","3467","","816","1127","Recebimento: Com Pendência","","0","S","","","0","0,00","","A","","2","S","A","S","100","","0","0","0","1","0","",""
"8823","","5","3467","","816","1159","Recebimento: Com Pendência","","0","S","","","0","0,00","","A","","2","S","A","S","100","","0","0","0","1","0","",""
"8824","","15","3467","","816","1257","Recebimento: Com Pendência","","0","S","","","0","0,00","","A","","2","S","A","S","100","","0","0","0","1","0","",""
"8825","","10","3467","","816","1160","Recebimento: Com Pendência","","0","S","","","0","0,00","","A","","2","S","A","S","100","","0","0","0","1","0","",""
"8826","","18","3467","","816","1260","Recebimento: Com Pendência","","0","S","","","0","0,00","","A","","2","S","A","S","100","","0","0","0","1","0","",""
"8827","","7","3467","","816","1122","Recebimento: Com Pendência","","0","S","","","0","0,00","","A","","2","S","A","S","100","","0","0","0","1","0","",""
"8828","","1","3467","","816","1121","Recebimento: Com Pendência","","0","S","","","0","0,00","","A","","2","S","A","S","100","","0","0","0","1","0","",""
"8829","","13","3467","","816","1255","Recebimento: Com Pendência","","0","S","","","0","0,00","","A","","2","S","A","S","100","","0","0","0","1","0","",""
"8830","","17","3467","","816","1259","Recebimento: Com Pendência","","0","S","","","0","0,00","","A","","2","S","A","S","100","","0","0","0","1","0","",""
"8831","","16","3467","","816","1258","Recebimento: Com Pendência","","0","S","","","0","0,00","","A","","2","S","A","S","100","","0","0","0","1","0","",""
"8832","","","3472","Financiamento/Consórcio","814","0","Recebimento: Com Pendência","","0","S","","","0","0,00","","A","","2","N","A","S","100","","0","0","0","1","0","0",""
"8833","","","3406","","824","1380","","","0","S","","","0","0,00","","A","","2","N","A","S","100","","0","0","0","0","0","0",""
"8834","","","3502","","808","910","","","0","S","","","0","0,00","","A","","2","S","A","S","100","","0","0","0","1","0","",""
"8835","","","2548","","825","1382","","","0","S","","","0","0,00","","A","","2","S","A","S","100","","0","0","0","1","0","0",""
"8836","","2","2717","Não Possui Peça","641","1094","","","0","S","","","0","0,00","","A","","2","N","A","S","1","","0","0","0","1","0","",""
"8837","","3","2717","Não Possui Peça","641","1095","","","0","S","","","0","0,00","","A","","2","N","A","S","1","","0","0","0","1","0","",""
"8838","","9","2717","Não Possui Peça","641","1100","","","0","S","","","0","0,00","","A","","2","N","A","S","1","","0","0","0","1","0","",""
"8839","","14","2717","Não Possui Peça","641","1102","","","0","S","","","0","0,00","","A","","2","N","A","S","1","","0","0","0","1","0","0",""
"8840","","11","2717","Não Possui Peça","641","1099","","","0","S","","","0","0,00","","A","","2","N","A","S","1","","0","0","0","1","0","",""
"8841","","4","2717","Não Possui Peça","641","1096","","","0","S","","","0","0,00","","A","","2","N","A","S","1","","0","0","0","1","0","",""
"8842","","12","2717","Não Possui Peça","641","1130","","","0","S","","","0","0,00","","A","","2","N","A","S","1","","0","0","0","1","0","",""
"8843","","5","2717","Não Possui Peça","641","1129","","","0","S","","","0","0,00","","A","","2","N","A","S","1","","0","0","0","1","0","",""
"8844","","15","2717","Não Possui Peça","641","1103","","","0","S","","","0","0,00","","A","","2","N","A","S","1","","0","0","0","1","0","",""
"8845","","10","2717","Não Possui Peça","641","1098","","","0","S","","","0","0,00","","A","","2","N","A","S","1","","0","0","0","1","0","",""
"8846","","18","2717","Não Possui Peça","641","1106","","","0","S","","","0","0,00","","A","","2","N","A","S","1","","0","0","0","1","0","",""
"8847","","7","2717","Não Possui Peça","641","1097","","","0","S","","","0","0,00","","A","","2","N","A","S","1","","0","0","0","1","0","",""
"8848","","1","2717","Não Possui Peça","641","1093","","","0","S","","","0","0,00","","A","","2","N","A","S","1","","0","0","0","1","0","",""
"8849","","13","2717","Não Possui Peça","641","1101","","","0","S","","","0","0,00","","A","","2","N","A","S","1","","0","0","0","1","0","",""
"8850","","17","2717","Não Possui Peça","641","1105","","","0","S","","","0","0,00","","A","","2","N","A","S","1","","0","0","0","1","0","",""
"8851","","16","2717","Não Possui Peça","641","1104","","","0","S","","","0","0,00","","A","","2","N","A","S","1","","0","0","0","1","0","",""
"8852","","2","2717","Possui Peça","669","1108","","","0","S","","","0","0,00","","A","","2","N","A","S","1","","0","0","0","1","0","",""
"8853","","3","2717","Possui Peça","669","1109","","","0","S","","","0","0,00","","A","","2","N","A","S","1","","0","0","0","1","0","",""
"8854","","9","2717","Possui Peça","669","1114","","","0","S","","","0","0,00","","A","","2","N","A","S","1","","0","0","0","1","0","",""
"8855","","14","2717","Possui Peça","669","1116","","","0","S","","","0","0,00","","A","","2","N","A","S","1","","0","0","0","1","0","",""
"8856","","11","2717","Possui Peça","669","1113","","","0","S","","","0","0,00","","A","","2","N","A","S","1","","0","0","0","1","0","",""
"8857","","4","2717","Possui Peça","669","1110","","","0","S","","","0","0,00","","A","","2","N","A","S","1","","0","0","0","1","0","",""
"8858","","12","2717","Possui Peça","669","1144","","","0","S","","","0","0,00","","A","","2","N","A","S","1","","0","0","0","1","0","",""
"8859","","5","2717","Possui Peça","669","1143","","","0","S","","","0","0,00","","A","","2","N","A","S","1","","0","0","0","1","0","",""
"8860","","15","2717","Possui Peça","669","1117","","","0","S","","","0","0,00","","A","","2","N","A","S","1","","0","0","0","1","0","",""
"8861","","10","2717","Possui Peça","669","1112","","","0","S","","","0","0,00","","A","","2","N","A","S","1","","0","0","0","1","0","",""
"8862","","18","2717","Possui Peça","669","1120","","","0","S","","","0","0,00","","A","","2","N","A","S","1","","0","0","0","1","0","",""
"8863","","7","2717","Possui Peça","669","1111","","","0","S","","","0","0,00","","A","","2","N","A","S","1","","0","0","0","1","0","",""
"8864","","1","2717","Possui Peça","669","1107","","","0","S","","","0","0,00","","A","","2","N","A","S","1","","0","0","0","1","0","",""
"8865","","13","2717","Possui Peça","669","1115","","","0","S","","","0","0,00","","A","","2","N","A","S","1","","0","0","0","1","0","",""
"8866","","17","2717","Possui Peça","669","1119","","","0","S","","","0","0,00","","A","","2","N","A","S","1","","0","0","0","1","0","",""
"8867","","16","2717","Possui Peça","669","1118","","","0","S","","","0","0,00","","A","","2","N","A","S","1","","0","0","0","1","0","",""
"8868","","","3531","Parcela 01","832","867","Parcela 1 de 12","","0","S","","","0","0,00","","A","","2","N","A","S","100","","0","0","0","1","0","",""
"8869","","","3531","Parcela 02","832","867","Parcela 2 de 12","","0","S","","","0","0,00","","A","","2","N","A","S","100","","0","0","0","1","0","",""
"8870","","","3531","Parcela 03","832","867","Parcela 3 de 12","","0","S","","","0","0,00","","A","","2","N","A","S","100","","0","0","0","1","0","",""
"8871","","","3531","Parcela 04","832","867","Parcela 4 de 12","","0","S","","","0","0,00","","A","","2","N","A","S","100","","0","0","0","1","0","",""
"8872","","","3531","Parcela 05","832","867","Parcela 5 de 12","","0","S","","","0","0,00","","A","","2","N","A","S","100","","0","0","0","1","0","",""
"8873","","","3531","Parcela 06","832","867","Parcela 6 de 12","","0","S","","","0","0,00","","A","","2","N","A","S","100","","0","0","0","1","0","",""
"8874","","","3531","Parcela 07","832","867","Parcela 7 de 12","","0","S","","","0","0,00","","A","","2","N","A","S","100","","0","0","0","1","0","",""
"8875","","","3531","Parcela 08","832","867","Parcela 8 de 12","","0","S","","","0","0,00","","A","","2","N","A","S","100","","0","0","0","1","0","",""
"8876","","","3531","Parcela 09","832","867","Parcela 9 de 12","","0","S","","","0","0,00","","A","","2","N","A","S","100","","0","0","0","1","0","",""
"8877","","","3531","Parcela 10","832","867","Parcela 10 de 12","","0","S","","","0","0,00","","A","","2","N","A","S","100","","0","0","0","1","0","",""
"8878","","","3531","Parcela 11","832","867","Parcela 11 de 12","","0","S","","","0","0,00","","A","","2","N","A","S","100","","0","0","0","1","0","",""
"8879","","","3531","Parcela 12","832","867","Parcela 12 de 12","","0","S","","","0","0,00","","A","","2","N","A","S","100","","0","0","0","1","0","",""
"8880","","","3529","","834","867","","","0","S","","","0","0,00","","A","","2","N","A","S","100","","0","0","0","1","0","",""
"8881","","","3531","Pagamento Total","834","867","","","0","S","","","0","0,00","","A","","2","N","A","S","100","","0","0","0","1","0","",""
"8882","","","3507","","827","867","","","0","S","","","0","0,00","","A","","2","N","A","S","100","","0","0","0","1","0","",""
"8884","","","3518","","830","867","","","0","S","","","0","0,00","","A","","2","N","A","S","100","","0","0","0","1","0","",""
"8885","","","3519","","831","867","","","0","S","","","0","0,00","","A","","2","N","A","S","100","","0","0","0","1","0","",""
"8886","","","3524","","832","867","","","0","S","","","0","0,00","","A","","2","N","A","S","100","","0","0","0","1","0","",""
"8887","","","3527","","828","867","Apólice Emitida","","0","S","","","0","0,00","","A","","2","N","A","S","100","","0","0","0","1","0","",""
"8888","","","3530","","833","867","","","0","S","","","0","0,00","","A","","2","N","A","S","100","","0","0","0","1","0","",""
"8889","","","3533","","832","867","Pagto Negociado","","0","S","","","0","0,00","","A","","2","N","A","S","100","","0","0","0","1","0","",""
"8890","","","3512","","828","867","","","0","S","","","0","0,00","","A","","2","N","A","S","1","","0","0","0","1","0","",""
"8891","","","3534","","826","0","","","0","S","","","0","0,00","","A","","2","N","A","S","100","","0","0","0","1","0","0",""
"8892","","","3516","","826","0","","","0","S","","","0","0,00","","A","","2","N","A","S","100","","0","0","0","1","0","0",""
"8893","","","2352","","768","-15","","","0","S","","","0","0,00","","A","","2","N","A","N","100","","0","0","0","1","0","0",""
"8894","","","3543","","826","0","Desistiu da Renovação","","0","S","","","0","0,00","","A","","2","N","A","S","100","","0","0","0","1","0","0",""
"8895","","","3544","","826","0","Venda Perdida Renovação","","0","S","","","0","0,00","","A","","2","N","A","S","100","","0","0","0","1","0","0",""
"8896","","","3552","","834","867","Nova Renovação","","0","S","","","0","0,00","","A","","2","N","A","S","100","","0","0","0","1","0","",""
"8897","","","3554","Parcela 01","838","867","Parcela 1 de 12","","0","S","","","0","0,00","","A","","2","N","A","S","100","","0","0","0","1","0","",""
"8898","","","3554","Parcela 02","838","867","Parcela 2 de 12","","0","S","","","0","0,00","","A","","2","N","A","S","100","","0","0","0","1","0","",""
"8899","","","3554","Parcela 03","838","867","Parcela 3 de 12","","0","S","","","0","0,00","","A","","2","N","A","S","100","","0","0","0","1","0","",""
"8900","","","3554","Parcela 04","838","867","Parcela 4 de 12","","0","S","","","0","0,00","","A","","2","N","A","S","100","","0","0","0","1","0","",""
"8901","","","3554","Parcela 05","838","867","Parcela 5 de 12","","0","S","","","0","0,00","","A","","2","N","A","S","100","","0","0","0","1","0","",""
"8902","","","3554","Parcela 06","838","867","Parcela 6 de 12","","0","S","","","0","0,00","","A","","2","N","A","S","100","","0","0","0","1","0","",""
"8903","","","3554","Parcela 07","838","867","Parcela 7 de 12","","0","S","","","0","0,00","","A","","2","N","A","S","100","","0","0","0","1","0","",""
"8904","","","3554","Parcela 08","838","867","Parcela 8 de 12","","0","S","","","0","0,00","","A","","2","N","A","S","100","","0","0","0","1","0","",""
"8905","","","3554","Parcela 09","838","867","Parcela 9 de 12","","0","S","","","0","0,00","","A","","2","N","A","S","100","","0","0","0","1","0","",""
"8906","","","3554","Parcela 10","838","867","Parcela 10 de 12","","0","S","","","0","0,00","","A","","2","N","A","S","100","","0","0","0","1","0","",""
"8907","","","3554","Parcela 11","838","867","Parcela 11 de 12","","0","S","","","0","0,00","","A","","2","N","A","S","100","","0","0","0","1","0","",""
"8908","","","3554","Parcela 12","838","867","Parcela 12 de 12","","0","S","","","0","0,00","","A","","2","N","A","S","100","","0","0","0","1","0","",""
"8909","","","3554","Pago Total","834","867","Nova Renovação","","0","S","","","0","0,00","","A","","2","N","A","S","100","","0","0","0","1","0","",""
"8910","","","3556","","838","867","Negociado","","0","S","","","0","0,00","","A","","2","N","A","S","100","","0","0","0","1","0","",""
"8911","","","3560","","836","867","Apólice Emitida","","0","S","","","0","0,00","","A","","2","N","A","S","100","","0","0","0","1","0","",""
"8912","","","3563","","826","867","Cancelou Pagamento","","0","S","","","0","0,00","","A","","2","N","A","S","100","","0","0","0","1","0","",""
"8913","","","3565","","826","0","Desistiu da Compra","","0","S","","","0","0,00","","A","","2","N","A","S","100","","0","0","0","1","0","0",""
"8914","","","3566","","826","0","Desistiu da Compra","","0","S","","","0","0,00","","A","","2","N","A","S","100","","0","0","0","1","0","0",""
"8915","","","3567","","826","0","Desistiu da Compra","","0","S","","","0","0,00","","A","","2","N","A","S","100","","0","0","0","1","0","0",""
"8916","","","3568","","382","1247","Saldo Fidelidade","","0","S","","","0","0,00","","A","","2","N","A","S","1","","0","0","0","1","0","",""
"8917","","","3239","Com Seminovos","771","1083","Venda com Seminovos","","0","S","","","0","0,00","","A","","2","N","A","S","100","","0","0","0","1","0","0",""
"8918","","2","3570","Com Pendência","611","1126","Com Pendência","","0","S","","","0","0,00","","A","","2","N","A","S","100","","0","0","0","1","0","0",""
"8919","","3","3570","Com Pendência","611","1124","Com Pendência","","0","S","","","0","0,00","","A","","2","N","A","S","100","","0","0","0","1","0","0",""
"8920","","9","3570","Com Pendência","611","1123","Com Pendência","","0","S","","","0","0,00","","A","","2","N","A","S","100","","0","0","0","1","0","0",""
"8921","","14","3570","Com Pendência","611","1256","Com Pendência","","0","S","","","0","0,00","","A","","2","N","A","S","100","","0","0","0","1","0","0",""
"8922","","11","3570","Com Pendência","611","1125","Com Pendência","","0","S","","","0","0,00","","A","","2","N","A","S","100","","0","0","0","1","0","0",""
"8923","","4","3570","Com Pendência","611","1158","Com Pendência","","0","S","","","0","0,00","","A","","2","N","A","S","100","","0","0","0","1","0","0",""
"8924","","12","3570","Com Pendência","611","1127","Com Pendência","","0","S","","","0","0,00","","A","","2","N","A","S","100","","0","0","0","1","0","0",""
"8925","","5","3570","Com Pendência","611","1159","Com Pendência","","0","S","","","0","0,00","","A","","2","N","A","S","100","","0","0","0","1","0","0",""
"8926","","15","3570","Com Pendência","611","1257","Com Pendência","","0","S","","","0","0,00","","A","","2","N","A","S","100","","0","0","0","1","0","0",""
"8927","","10","3570","Com Pendência","611","1160","Com Pendência","","0","S","","","0","0,00","","A","","2","N","A","S","100","","0","0","0","1","0","0",""
"8928","","18","3570","Com Pendência","611","1260","Com Pendência","","0","S","","","0","0,00","","A","","2","N","A","S","100","","0","0","0","1","0","0",""
"8929","","7","3570","Com Pendência","611","1122","Com Pendência","","0","S","","","0","0,00","","A","","2","N","A","S","100","","0","0","0","1","0","0",""
"8930","","1","3570","Com Pendência","611","1121","Com Pendência","","0","S","","","0","0,00","","A","","2","N","A","S","100","","0","0","0","1","0","0",""
"8931","","13","3570","Com Pendência","611","1255","Com Pendência","","0","S","","","0","0,00","","A","","2","N","A","S","100","","0","0","0","1","0","0",""
"8932","","17","3570","Com Pendência","611","1259","Com Pendência","","0","S","","","0","0,00","","A","","2","N","A","S","100","","0","0","0","1","0","0",""
"8933","","16","3570","Com Pendência","611","1258","Com Pendência","","0","S","","","0","0,00","","A","","2","N","A","S","100","","0","0","0","1","0","0",""
"8934","","","3570","Sem Pendência","597","0","Sem Pendência","","0","S","","","0","0,00","","A","","2","N","A","S","100","","0","0","0","1","0","",""
"8935","","","3242","","767","-15","","","0","S","","","0","0,00","","A","","2","S","A","S","100","","0","0","0","0","0","0",""
"8936","","","1586","Máquina Usada","768","0","Prospecção","","0","S","","","0","0,00","","A","","0","N","A","N","100","","0","0","0","1","0","0",""
"8937","","","3232","","864","863","","","0","S","","","0","0,00","","A","","2","N","A","S","100","","0","0","0","1","0","0",""
"8938","","3","3239","Sem Seminovos","772","1124","Sem Seminovos","","0","S","","","0","0,00","","A","","2","S","A","S","100","","0","0","0","1","0","",""
"8939","","9","3239","Sem Seminovos","772","1123","Sem Seminovos","","0","S","","","0","0,00","","A","","2","S","A","S","100","","0","0","0","1","0","",""
"8940","","14","3239","Sem Seminovos","772","1256","Sem Seminovos","","0","S","","","0","0,00","","A","","2","S","A","S","100","","0","0","0","1","0","",""
"8941","","11","3239","Sem Seminovos","772","1125","Sem Seminovos","","0","S","","","0","0,00","","A","","2","S","A","S","100","","0","0","0","1","0","",""
"8942","","4","3239","Sem Seminovos","772","1158","Sem Seminovos","","0","S","","","0","0,00","","A","","2","S","A","S","100","","0","0","0","1","0","",""
"8943","","12","3239","Sem Seminovos","772","1127","Sem Seminovos","","0","S","","","0","0,00","","A","","2","S","A","S","100","","0","0","0","1","0","",""
"8944","","5","3239","Sem Seminovos","772","1159","Sem Seminovos","","0","S","","","0","0,00","","A","","2","S","A","S","100","","0","0","0","1","0","",""
"8945","","15","3239","Sem Seminovos","772","1257","Sem Seminovos","","0","S","","","0","0,00","","A","","2","S","A","S","100","","0","0","0","1","0","",""
"8946","","10","3239","Sem Seminovos","772","1160","Sem Seminovos","","0","S","","","0","0,00","","A","","2","S","A","S","100","","0","0","0","1","0","0",""
"8947","","18","3239","Sem Seminovos","772","1260","Sem Seminovos","","0","S","","","0","0,00","","A","","2","S","A","S","100","","0","0","0","1","0","",""
"8948","","7","3239","Sem Seminovos","772","1122","Sem Seminovos","","0","S","","","0","0,00","","A","","2","S","A","S","100","","0","0","0","1","0","",""
"8949","","1","3239","Sem Seminovos","772","1121","Sem Seminovos","","0","S","","","0","0,00","","A","","2","S","A","S","100","","0","0","0","1","0","",""
"8950","","13","3239","Sem Seminovos","772","1255","Sem Seminovos","","0","S","","","0","0,00","","A","","2","S","A","S","100","","0","0","0","1","0","",""
"8951","","17","3239","Sem Seminovos","772","1259","Sem Seminovos","","0","S","","","0","0,00","","A","","2","S","A","S","100","","0","0","0","1","0","",""
"8952","","16","3239","Sem Seminovos","772","1258","Sem Seminovos","","0","S","","","0","0,00","","A","","2","S","A","S","100","","0","0","0","1","0","",""
"8953","","2","3248","","772","1126","Aprovado com Seminovos","","0","S","","","0","0,00","","A","","2","N","A","S","100","","0","0","0","1","0","0",""
"8954","","3","3248","","772","1124","Aprovado com Seminovos","","0","S","","","0","0,00","","A","","2","N","A","S","100","","0","0","0","1","0","0",""
"8955","","9","3248","","772","1123","Aprovado com Seminovos","","0","S","","","0","0,00","","A","","2","N","A","S","100","","0","0","0","1","0","0",""
"8956","","14","3248","","772","1256","Aprovado com Seminovos","","0","S","","","0","0,00","","A","","2","N","A","S","100","","0","0","0","1","0","0",""
"8957","","11","3248","","772","1125","Aprovado com Seminovos","","0","S","","","0","0,00","","A","","2","N","A","S","100","","0","0","0","1","0","0",""
"8958","","4","3248","","772","1158","Aprovado com Seminovos","","0","S","","","0","0,00","","A","","2","N","A","S","100","","0","0","0","1","0","0",""
"8959","","12","3248","","772","1127","Aprovado com Seminovos","","0","S","","","0","0,00","","A","","2","N","A","S","100","","0","0","0","1","0","0",""
"8960","","5","3248","","772","1159","Aprovado com Seminovos","","0","S","","","0","0,00","","A","","2","N","A","S","100","","0","0","0","1","0","0",""
"8961","","15","3248","","772","1257","Aprovado com Seminovos","","0","S","","","0","0,00","","A","","2","N","A","S","100","","0","0","0","1","0","0",""
"8963","","10","3248","","772","1160","Aprovado com Seminovos","","0","S","","","0","0,00","","A","","2","N","A","S","100","","0","0","0","1","0","0",""
"8964","","18","3248","","772","1260","Aprovado com Seminovos","","0","S","","","0","0,00","","A","","2","N","A","S","100","","0","0","0","1","0","0",""
"8965","","7","3248","","772","1122","Aprovado com Seminovos","","0","S","","","0","0,00","","A","","2","N","A","S","100","","0","0","0","1","0","0",""
"8966","","1","3248","","772","1121","Aprovado com Seminovos","","0","S","","","0","0,00","","A","","2","N","A","S","100","","0","1","0","1","0","0",""
"8967","","13","3248","","772","1255","Aprovado com Seminovos","","0","S","","","0","0,00","","A","","2","N","A","S","100","","0","0","0","1","0","0",""
"8968","","17","3248","","772","1259","Aprovado com Seminovos","","0","S","","","0","0,00","","A","","2","N","A","S","100","","0","0","0","1","0","0",""
"8969","","16","3248","","772","1258","Aprovado com Seminovos","","0","S","","","0","0,00","","A","","2","N","A","S","100","","0","0","0","1","0","0",""
"8970","","","3575","","767","0","Desistiu da Compra","","0","S","","","0","0,00","","A","","2","S","A","S","100","","0","0","0","1","0","",""
"8971","","","3576","","767","0","Venda Perdida","","0","S","","","0","0,00","","A","","2","S","A","S","100","","0","0","0","1","0","",""
"8972","","","3223","Cota de Consórcio","841","0","","","0","S","","","0","0,00","","A","","2","N","A","S","100","","0","0","0","1","0","0",""
"8973","","","3223","Seguros","827","867","","","0","S","","","0","0,00","","A","","2","S","A","S","100","","0","0","0","1","0","",""
"8974","","","3223","Serviços DSI","735","-15","","","0","S","","","0","0,00","","A","","2","S","A","S","100","","0","0","0","1","0","",""
"8975","","","3223","Peças","382","-15","","","0","S","","","0","0,00","","A","","2","S","A","S","100","","0","0","0","1","0","",""
"8976","","","3223","Serviços Oficina","695","-15","","","0","S","","","0","0,00","","A","","2","S","A","S","100","","0","0","0","1","0","",""
"8977","","","3241","Disponibilidade","768","-5","Venda Não Aprovada pelo Gerente","","0","S","","","0","0,00","","A","","2","S","A","S","100","","0","0","0","0","0","0",""
"8979","","2","2537","","602","1126","Com Pendência","","0","S","","","0","0,00","","A","","2","N","A","S","100","","0","0","0","1","0","",""
"8980","","3","2537","","602","1124","Com Pendência","","0","S","","","0","0,00","","A","","2","N","A","S","100","","0","0","0","1","0","",""
"8981","","9","2537","","602","1123","Com Pendência","","0","S","","","0","0,00","","A","","2","N","A","S","100","","0","0","0","1","0","",""
"8982","","14","2537","","602","1256","Com Pendência","","0","S","","","0","0,00","","A","","2","N","A","S","100","","0","0","0","1","0","",""
"8983","","11","2537","","602","1125","Com Pendência","","0","S","","","0","0,00","","A","","2","N","A","S","100","","0","0","0","1","0","",""
"8984","","4","2537","","602","1158","Com Pendência","","0","S","","","0","0,00","","A","","2","N","A","S","100","","0","0","0","1","0","",""
"8985","","12","2537","","602","1127","Com Pendência","","0","S","","","0","0,00","","A","","2","N","A","S","100","","0","0","0","1","0","",""
"8986","","5","2537","","602","1159","Com Pendência","","0","S","","","0","0,00","","A","","2","N","A","S","100","","0","0","0","1","0","",""
"8987","","15","2537","","602","1257","Com Pendência","","0","S","","","0","0,00","","A","","2","N","A","S","100","","0","0","0","1","0","",""
"8988","","10","2537","","602","1160","Com Pendência","","0","S","","","0","0,00","","A","","2","N","A","S","100","","0","0","0","1","0","",""
"8989","","18","2537","","602","1260","Com Pendência","","0","S","","","0","0,00","","A","","2","N","A","S","100","","0","0","0","1","0","",""
"8990","","7","2537","","602","1122","Com Pendência","","0","S","","","0","0,00","","A","","2","N","A","S","100","","0","0","0","1","0","",""
"8991","","1","2537","","602","1121","Com Pendência","","0","S","","","0","0,00","","A","","2","N","A","S","100","","0","0","0","1","0","",""
"8992","","13","2537","","602","1255","Com Pendência","","0","S","","","0","0,00","","A","","2","N","A","S","100","","0","0","0","1","0","",""
"8993","","17","2537","","602","1259","Com Pendência","","0","S","","","0","0,00","","A","","2","N","A","S","100","","0","0","0","1","0","",""
"8994","","16","2537","","602","1258","Com Pendência","","0","S","","","0","0,00","","A","","2","N","A","S","100","","0","0","0","1","0","",""
"8995","","","3578","","602","869","Processo Sem Pendência","","0","S","","","0","0,00","","A","","2","N","A","S","100","","0","1","0","1","0","0",""
"8996","","","1643","","940030","686","","","0","N","","","0","0,00","","A","","2","S","A","S","100","","0","0","0","1","0","0",""
"8997","","","3011","","940027","686","","","0","S","","","0","0,00","","A","","2","S","A","S","100","","0","0","0","1","0","",""
"8998","","","1929","","871","-3","","","0","S","","","0","0,00","","A","","2","S","A","S","100","","0","0","0","1","0","0",""
"8999","","","1669","","577","656","Demonstração Aprovada","","0","S","","","0","0,00","","A","","2","S","A","S","100","","0","0","0","1","0","0",""
"9000","","","2429","Confirmado agendamen","843","1402","","","0","S","","","0","0,00","","A","","2","S","A","S","100","","0","0","0","1","0","0",""
"9001","","","2429","Confirmado agendamen","842","885","","","0","S","","","0","0,00","","A","","2","S","A","S","100","","0","0","0","1","0","0",""
"9002","","","3480","","818","1379","Chassi Não Disponível","","0","S","","","0","0,00","","A","","2","N","A","S","100","","0","0","0","0","0","0",""
"9003","","","3480","","809","869","Chassi Não Disponível","","0","S","","","0","0,00","","A","","2","S","A","S","100","","0","0","0","0","0","0",""
"9004","","","2715","","940027","686","","","0","S","","","0","0,00","","A","","2","S","A","N","100","","0","0","0","1","0","0",""
"9413","","1","3502","","826","867","","","0","S","","","0","0,00","","A","","2","S","A","S","100","","0","0","0","1","0","",""
"9414","","13","3502","","826","867","","","0","S","","","0","0,00","","A","","2","S","A","S","100","","0","0","0","1","0","",""
"9415","","17","3502","","826","867","","","0","S","","","0","0,00","","A","","2","S","A","S","100","","0","0","0","1","0","",""
"9416","","16","3502","","826","867","","","0","S","","","0","0,00","","A","","2","S","A","S","100","","0","0","0","1","0","0",""
"9417","","18","3502","","826","867","","","0","S","","","0","0,00","","A","","2","S","A","S","100","","0","0","0","1","0","",""
"9418","","3","3412","","826","1457","","","0","S","","","0","0,00","","A","","2","S","A","S","100","","0","0","0","1","0","0",""
"9419","","9","3412","","826","1457","","","0","S","","","0","0,00","","A","","2","S","A","S","100","","0","0","0","1","0","0",""
"9420","","14","3412","","826","867","","","0","S","","","0","0,00","","A","","2","S","A","S","100","","0","0","0","1","0","",""
"9421","","11","3412","","826","1457","","","0","S","","","0","0,00","","A","","2","S","A","S","100","","0","0","0","1","0","0",""
"9422","","4","3412","","826","1457","","","0","S","","","0","0,00","","A","","2","S","A","S","100","","0","0","0","1","0","0",""
"9423","","12","3412","","826","1457","","","0","S","","","0","0,00","","A","","2","S","A","S","100","","0","0","0","1","0","0",""
"9424","","5","3412","","826","867","","","0","S","","","0","0,00","","A","","2","S","A","S","100","","0","0","0","1","0","",""
"9425","","15","3412","","826","867","","","0","S","","","0","0,00","","A","","2","S","A","S","100","","0","0","0","1","0","",""
"9426","","10","3412","","826","1457","","","0","S","","","0","0,00","","A","","2","S","A","S","100","","0","0","0","1","0","0",""
"9427","","18","3412","","826","867","","","0","S","","","0","0,00","","A","","2","S","A","S","100","","0","0","0","1","0","",""
"9428","","7","3412","","826","867","","","0","S","","","0","0,00","","A","","2","S","A","S","100","","0","0","0","1","0","",""
"9429","","1","3412","","826","867","","","0","S","","","0","0,00","","A","","2","S","A","S","100","","0","0","0","1","0","",""
"9430","","13","3412","","826","867","","","0","S","","","0","0,00","","A","","2","S","A","S","100","","0","0","0","1","0","",""
"9431","","17","3412","","826","867","","","0","S","","","0","0,00","","A","","2","S","A","S","100","","0","0","0","1","0","",""
"9432","","16","3412","","826","867","","","0","S","","","0","0,00","","A","","2","S","A","S","100","","0","0","0","1","0","",""
"9433","","","3715","","872","1448","","","0","S","","","0","0,00","","A","","2","S","A","S","100","","0","0","0","1","0","",""
"9434","","","3718","","873","867","","","0","S","","","0","0,00","","A","","2","S","A","S","100","","0","0","0","1","0","",""
"9435","","","3718","","874","1370","","","0","S","","","0","0,00","","A","","2","N","A","S","100","","0","1","0","1","0","",""
"9436","","","3723","","875","1272","","","0","S","","","0","0,00","","A","","2","S","A","S","100","","0","0","0","1","0","0",""
"9437","","","3723","","876","1442","","","0","S","","","0","0,00","","A","","2","N","A","S","100","","0","1","0","1","0","",""
"9438","","","3728","","880","1370","","","0","S","","","0","0,00","","A","","2","N","A","S","100","","0","1","0","1","0","",""
"9439","","","3728","","877","1370","","","0","S","","","0","0,00","","A","","2","N","A","S","100","","0","1","0","1","0","",""
"9440","","","3731","Transporte Próprio","879","1402","","","0","S","","","0","0,00","","A","","2","S","A","S","100","","0","0","0","1","0","0",""
"9441","","","3731","Transporte Cliente","878","0","","","0","S","","","0","0,00","","A","","2","N","A","S","100","","0","0","0","1","0","",""
"9442","","","3740","","881","1365","","","0","S","","","0","0,00","","A","","2","N","A","S","100","","0","1","0","1","0","",""
"9443","","","3748","Assistente Vendas","880","1370","Com Pendência","","0","S","","","0","0,00","","A","","2","N","A","S","100","","0","1","0","1","0","0",""
"9444","","","3746","","882","1370","","","0","S","","","0","0,00","","A","","2","N","A","S","100","","0","1","0","1","0","",""
"9445","","","3750","","885","0","","","0","S","","","0","0,00","","A","","2","N","A","S","100","","0","0","0","1","0","",""
"9446","","","3750","","884","1448","","","0","S","","","0","0,00","","A","","2","S","A","S","100","","0","0","0","1","0","",""
"9447","","","3750","","883","1448","","","0","S","","","0","0,00","","A","","2","S","A","S","100","","0","0","0","1","0","",""
"9448","","","3753","","889","1065","","","0","S","","","0","0,00","","A","","2","N","A","S","100","","0","0","0","1","0","0",""
"9449","","","3755","","890","-5","","","0","S","","","0","0,00","","A","","2","N","A","S","100","","0","0","0","1","0","0",""
"9450","","","3761","Transporte Cliente","886","0","","","0","S","","","0","0,00","","A","","2","N","A","S","100","","0","0","0","1","0","",""
"9451","","","3761","Transporte Próprio","887","1402","","","0","S","","","0","0,00","","A","","2","S","A","S","100","","0","0","0","1","0","0",""
"9452","","","3761","","888","1365","","","0","S","","","0","0,00","","A","","2","N","A","S","100","","0","1","0","1","0","",""
"9453","","","3770","","891","1448","","","0","S","","","0","0,00","","A","","2","S","A","S","100","","0","0","0","1","0","",""
"9454","","","3776","","391","0","","","0","S","","","0","0,00","","A","","2","N","A","S","100","","0","0","0","1","0","",""
"9455","","","3777","","870","0","","","0","S","","","0","0,00","","A","","2","N","A","S","100","","0","0","0","1","0","",""
"9456","","","2622","","768","0","","","0","S","","","0","0,00","","A","","2","N","A","S","100","","0","0","0","1","0","",""
"9457","","","3779","","880","1370","","","0","S","","","0","0,00","","A","","2","N","A","S","100","","0","1","0","1","0","",""
"9458","","","3779","","877","1370","","","0","S","","","0","0,00","","A","","2","N","A","S","100","","0","1","0","1","0","",""
"9459","","","3786","Aguardando Aprovação","893","0","","","0","S","","","0","0,00","","A","","2","N","A","S","100","","0","0","0","1","0","",""
"9460","","","3786","Aprovado","808","1450","","","0","S","","","0","0,00","","A","","2","S","A","S","100","","0","0","0","1","0","",""
"9461","","","3787","","808","1450","","","0","S","","","0","0,00","","A","","2","S","A","S","100","","0","0","0","1","0","",""
"9462","","","3789","","893","0","","","0","S","","","0","0,00","","A","","2","N","A","S","100","","0","0","0","1","0","",""
"9463","","","3239","Serviços","811","1450","PUK","","0","S","","","0","0,00","","A","","2","S","A","S","100","","0","0","0","1","0","0",""
"9464","","","3790","","892","1353","PUK","","0","S","","","0","0,00","","A","","2","S","A","S","100","","0","0","0","1","0","0",""
"9465","","","3440","Faturamento PUK","899","1450","","","0","S","","","0","0,00","","A","","2","N","A","S","100","","0","1","0","1","0","0",""
"9466","","","3748","Adm Vendas","881","1365","Com Pendência","","0","S","","","0","0,00","","A","","2","N","A","S","100","","0","1","0","1","0","0",""
"9467","","","3792","","881","1365","Sem Pendência","","0","S","","","0","0,00","","A","","2","N","A","S","100","","0","1","0","1","0","0",""
"9468","","","3793","","901","1370","","","0","S","","","0","0,00","","A","","2","N","A","S","100","","0","1","0","1","0","0",""
"9470","","","3794","","888","1365","Sem Pendência","","0","S","","","0","0,00","","A","","2","N","A","S","100","","0","1","0","1","0","",""
"9471","","","3494","","894","1353","","","0","S","","","0","0,00","","A","","2","N","A","S","100","","0","0","0","1","0","0",""
"9472","","","3494","","905","1353","","","0","S","","","0","0,00","","A","","2","N","A","S","100","","0","0","0","1","0","0",""
"9473","","","3784","","769","945","","","0","S","","","0","0,00","","A","","2","S","A","S","100","","0","0","0","1","0","0",""
"9474","","","3708","","870","0","","","0","S","","","30","0,00","","A","","2","S","A","N","100","","1","0","0","1","0","0",""
"9475","","","3785","","768","-14","","","0","S","","","0","0,00","","A","","2","N","A","S","100","","0","0","0","1","0","0",""
"9476","","","1278","","897","516","","","0","S","","","0","0,00","","A","","0","S","A","S","100","","0","0","0","1","0","0",""
"9477","","","3803","","767","0","LEAD Qualificado","","0","S","","","0","0,00","","A","","1","S","A","S","100","","0","0","0","1","0","",""
"9478","","","3404","","898","1365","","","0","S","","","0","0,00","","A","","2","N","A","S","100","","0","1","0","1","0","",""
"9479","","","3458","","898","1365","","","0","S","","","0","0,00","","A","","2","N","A","S","100","","0","1","0","1","0","",""
