"Acao","SeqFormulario","Pcte","DescReduzida","Descricao","Sigla","Classe","PermiteExclusao","ExigeResposta","EmUso","Avulsa","ExigeProduto","ExigeVendedor","ExigeMotivo","ExigeDepto","ExigeDetalhe","ExigeFormulario","DescPesJuridica","PermiteReagendar","ExigePrazo","PrazoRealizacao","PrazoMaxInicio","PrazoMaxReag","TarefaCompromisso","PermTrocaTarComp","TempoMedio","QtdeMaxPessoa","QtdeMaxPessoaEmp","MinutoAntesPerm","Instrucao","UsuInclusao","DtaInclusao","UsuAlteracao","DtaAlteracao","DutUltAgenda","ExigeDtaLimite","QtdeMaxProcesso"
"1","","","Análise Recl. Client","Análise Reclamação Cliente","","O","N","N","N","N","N","N","N","N","S","N","0","","0","","","0","T","1","","","","0","","MARCELO.EDER","10/04/2012 14:24:00","LIVIA.SILVA","11/01/2023 13:59:00","","0",""
"2","","","Análise Solicitação","Análise Solicitação Cliente","","O","N","N","N","N","N","N","N","N","S","N","0","","0","","","0","T","1","","","","0","","MARCELO.EDER","10/04/2012 14:26:00","LIVIA.SILVA","27/06/2023 17:07:00","","0",""
"3","","","Análise Informação C","Análise Informação Cliente","","O","N","N","N","N","N","N","N","N","S","N","0","","0","","","0","T","1","","","","0","","MARCELO.EDER","10/04/2012 14:27:00","NETO.PRADO","21/02/2024 11:12:00","","0",""
"4","","","Canhoto Dig","Canhoto Digital","","X","S","N","S","S","N","N","N","N","S","N","0","0","0","","","0","T","1","","","","0","","NETO.PRADO","12/06/2025 14:11:00","NETO.PRADO","12/06/2025 14:14:00","","0",""
"5","","","Requisitar Peças","Requisitar Peças","","O","N","N","N","N","N","N","N","N","S","N","0","","0","","","0","T","1","","","","0","","VTCCONS","18/05/2012 15:00:00","DIEGO.MARQUES","27/10/2020 13:23:00","","0",""
"6","","","Identificar Serviçox","Identificar Serviçox","","O","N","N","N","N","N","N","N","N","N","N","0","","0","","","0","T","1","","","","0","","VTCCONS","01/06/2012 15:16:00","VTCCONS","28/11/2012 16:33:00","","0",""
"7","","","Realizar Checagem Fi","Realizar Checagem FinanceiraY","","O","N","N","N","N","N","N","N","N","N","N","0","","0","","","0","T","1","","","","0","","VTCCONS","16/08/2012 10:12:00","VTCCONS","28/11/2012 16:05:00","","0",""
"8","","","Realiz Chec Fin Impl","Realizar Checagem Financeira Implemento","","O","N","N","N","N","N","N","N","N","N","N","0","","0","","","0","T","1","","","","0","","VTCCONS","16/08/2012 11:25:00","DIEGO.MARQUES","22/09/2020 13:18:00","","0",""
"9","","","Preparar Documentac","Preparar Documentação","","P","N","N","N","S","N","N","N","N","N","N","0","","0","","","0","T","1","","","","0","","VTCCONS","31/08/2012 10:58:00","VTCCONS","28/11/2012 16:04:00","","0",""
"10","","","Verificar Disp Maq","Verificar Disponibilidade Máquin","","P","N","N","N","N","N","N","N","N","N","N","0","","0","","","0","T","1","","","","0","","VTCCONS","31/08/2012 10:59:00","VTCCONS","09/01/2015 11:52:00","","0",""
"11","","","Aprov Final de Venda","Aprovação Final de Venda Máq","","T","N","N","N","N","N","N","N","N","N","N","0","","0","","","0","T","1","","","","0","","VTCCONS","31/08/2012 11:48:00","LIVIA.SILVA","27/06/2023 15:12:00","","0",""
"12","","","Realizar Clínica","Realizar Clínica","","P","N","N","N","N","N","N","N","N","N","N","0","","0","","","0","T","1","","","","0","","VTCCONS","05/10/2012 14:40:00","NETO.PRADO","21/02/2024 11:26:00","","0",""
"13","","","Realizar Visita Pró","Realizar Visita Pró Ativa","","P","N","N","N","N","N","N","N","N","N","N","0","","0","","","0","T","1","","","","0","","VTCCONS","05/10/2012 14:41:00","LIVIA.SILVA","27/06/2023 16:42:00","","0",""
"14","","","Realizar Ac.Téc.Oper","Realizar Acomp. Téc. Operacional","","P","N","N","N","N","N","N","N","N","N","N","0","","0","","","0","T","1","","","","0","","VTCCONS","05/10/2012 14:42:00","LIVIA.SILVA","27/06/2023 16:10:00","","0",""
"15","","","Realizar Treinamento","Realizar Treinamento","","P","N","N","N","N","N","N","N","N","N","N","0","","0","","","0","T","1","","","","0","","VTCCONS","05/10/2012 14:43:00","LIVIA.SILVA","27/06/2023 16:41:00","","0",""
"16","","","Realizar Entr Téc Pó","Realizar Entr Técnica Pós Venda","","P","N","N","N","N","N","N","N","N","N","N","0","","0","","","0","T","1","","","","0","","VTCCONS","05/10/2012 14:43:00","LIVIA.SILVA","27/06/2023 16:29:00","","0",""
"18","","","Cumprimentar Anivers","Cumprimentar Aniversariantes","","O","N","N","N","N","N","N","N","N","N","N","0","","0","","","0","T","1","","","","0","","VTCCONS","08/07/2013 14:31:00","VANESSA.ALVES","08/09/2017 14:55:00","","0",""
"19","","","Atualizar Email","Atualizar Email","","O","N","N","N","N","N","N","N","N","N","N","0","","0","","","0","T","1","","","","0","","VTCCONS","10/07/2013 10:35:00","LIVIA.SILVA","27/06/2023 15:16:00","","0",""
"20","","","Vender Implementos ","Vender Implementos","","O","N","N","N","N","N","N","N","N","N","N","0","","0","","","0","T","1","","","","0","","VTCCONS","08/10/2013 15:06:00","JACQUELINE.DUARTE","18/03/2015 17:52:00","","0",""
"21","","","Aprovar Pedido Impl","Aprovar Pedido Impl","","O","N","N","N","N","N","N","N","N","N","N","0","","0","","","0","T","1","","","","0","","VTCCONS","08/10/2013 16:23:00","DIEGO.MARQUES","31/08/2020 12:34:00","","0",""
"22","","","Preparar Documentaçã","Preparar Documentação ImplementoS","","O","N","N","N","N","N","N","N","N","N","N","0","","0","","","0","T","1","","","","0","","VTCCONS","08/10/2013 16:34:00","DIEGO.MARQUES","31/08/2020 13:06:00","","0",""
"23","","","Verificar Dispon.Imp","Verificar Disponibilidade do Implemento","","O","N","N","N","N","N","N","N","N","N","N","0","","0","","","0","T","1","","","","0","","VTCCONS","08/10/2013 17:17:00","JULIANA.PLACIDI","18/02/2015 11:36:00","","0",""
"24","","","Receber Implemento","Receber Implemento","","O","N","N","N","N","N","N","N","N","N","N","0","","0","","","0","T","1","","","","0","","VTCCONS","08/10/2013 17:31:00","DIEGO.MARQUES","24/09/2020 22:01:00","","0",""
"25","","","Realizar Chec.Fin Im","Realizar Checagem Financeira Impl","","O","N","N","N","N","N","N","N","N","N","N","0","","0","","","0","T","1","","","","0","","VTCCONS","08/10/2013 17:37:00","DIEGO.MARQUES","31/08/2020 13:42:00","","0",""
"26","","","Faturar Implement","Faturar Implementos","","O","N","N","N","N","N","N","N","N","N","N","0","","0","","","0","T","1","","","","0","","VTCCONS","09/10/2013 08:25:00","DIEGO.MARQUES","31/08/2020 12:40:00","","0",""
"27","","","Aprov. Final Vda Imp","Aprovação Final de Venda Impl","","O","N","N","N","N","N","N","N","N","N","N","0","","0","","","0","T","1","","","","0","","VTCCONS","09/10/2013 09:34:00","LIVIA.SILVA","27/06/2023 15:11:00","","0",""
"28","","","Ac Receb.Financ.Impl","Acomp. Receb.Financ.Implemento","","O","N","N","N","N","N","N","N","N","N","N","0","","0","","","0","T","1","","","","0","","VTCCONS","09/10/2013 09:52:00","DIEGO.MARQUES","26/07/2020 10:53:00","","0",""
"29","","","Preparar Entr.Implem","Preparar Entrega do Implemento","","O","N","N","N","N","N","N","N","N","N","N","0","","0","","","0","T","1","","","","0","","VTCCONS","09/10/2013 10:03:00","LIVIA.SILVA","27/06/2023 15:52:00","","0",""
"30","","","Real. Entr. Fís.Imp","Realizar Entrega Física Impl","","O","N","N","N","N","N","N","N","N","N","N","0","","0","","","0","T","1","","","","0","","VTCCONS","09/10/2013 10:17:00","VANESSA.ALVES","12/01/2017 14:14:00","","0",""
"31","","","Real. Entr. Téc Impl","Realizar Entrega Técnica Impl","","O","N","N","N","N","N","N","N","N","N","N","0","","0","","","0","T","1","","","","0","","VTCCONS","09/10/2013 10:34:00","DIEGO.MARQUES","31/08/2020 12:36:00","","0",""
"32","","","Contato Pós Entr. Im","Contato Pós Entrega Impl","","O","N","N","N","N","N","N","N","N","N","N","0","","0","","","0","T","1","","","","0","","VTCCONS","09/10/2013 10:51:00","LIVIA.SILVA","27/06/2023 15:34:00","","0",""
"33","","","ACOMPANH NF DEMON JD","ACOMPANHAR NF DEMONSTRAÇÃO JDE","ANFDM","O","N","N","N","N","N","N","N","N","N","N","0","","0","","","0","T","0","","","","0","","VTCCONS","18/12/2014 08:47:00","LIVIA.SILVA","27/06/2023 14:21:00","","0",""
"34","","","ACOMP RECEB FIN EQUI","ACOMPANHAR RECEBIMEN FINANC EQUIPAMENTO","","O","N","N","N","N","N","N","N","N","N","N","0","","0","","","0","T","1","","","","0","","VTCCONS","18/12/2014 08:49:00","LIVIA.SILVA","11/01/2023 14:43:00","","0",""
"35","","","APROVAR PEDIDO JDE","APROVAR PEDIDO JDE","APPED","O","N","N","N","N","N","N","N","N","N","N","0","","0","","","0","T","0","","","","0","","VTCCONS","18/12/2014 08:54:00","MATHEUS.AUGUSTO","01/08/2024 09:17:00","","0","1"
"36","","","AVAL EQUIPAMEN USADO","AVALIAR EQUIPAMENTO USADO/COMPRA NOVO JD","AVEQU","O","N","N","N","N","N","N","N","N","N","N","0","","0","","","0","T","0","","","","0","","VTCCONS","18/12/2014 08:56:00","LIVIA.SILVA","27/06/2023 12:05:00","","0","2"
"37","","","DESAGREG CUSTO CONTA","DESAGREGAR CUSTO CONTÁBIL JDE","DCUSC","O","N","N","N","N","N","N","N","N","N","N","0","","0","","","0","T","0","","","","0","","VTCCONS","18/12/2014 08:59:00","LIVIA.SILVA","11/01/2023 12:09:00","","0","1"
"38","","","FATURAR EQUIPAMENTO ","FATURAR EQUIPAMENTO JDE","FATEQ","O","N","N","N","N","N","N","N","N","N","N","0","","0","","","0","T","0","","","","0","","VTCCONS","18/12/2014 09:02:00","LIVIA.SILVA","11/01/2023 14:33:00","","0","1"
"39","","","INF AGREGA/DESAGREGA","INFORMAR AGREGA / DESAGREGA JDE","INFAD","O","N","N","N","N","N","N","N","N","N","N","0","","0","","","0","T","0","","","","0","","VTCCONS","18/12/2014 09:10:00","LIVIA.SILVA","11/01/2023 12:07:00","","0","1"
"40","","","JUSTIF VEND CANC EQU","JUSTIFICAR VENDA CANCELADA EQUIPAMENTO","","O","N","N","N","N","N","N","N","N","S","N","0","","0","","","0","T","0","","","","0","","VTCCONS","18/12/2014 09:16:00","NETO.PRADO","27/01/2025 08:14:00","","0",""
"41","","","PREP DOCUMENT EQUIPA","PREPARAR DOCUMENTAÇÃO EQUIPAMENTO JDE","PRDEQ","O","N","N","N","N","N","N","N","N","N","N","0","","0","","","0","T","0","","","","0","","VTCCONS","18/12/2014 09:26:00","LIVIA.SILVA","11/01/2023 12:11:00","","0","2"
"42","","","PROG ENTREGA FISICA","PROGRAMAR(desativar) ENTREGA FÍSICA JDE","PRENT","O","N","N","N","N","N","N","N","N","N","N","0","","0","","","0","T","0","","","","0","","VTCCONS","18/12/2014 09:41:00","BRUNA.FELICIO","09/01/2018 09:10:00","","0",""
"43","","","REAL. CHEC. INTERNA","REALIZAR CHECAGEM INTERNA JDE","RECHI","O","N","N","N","N","N","N","N","N","N","N","0","","0","","","0","T","0","","","","0","","VTCCONS","18/12/2014 09:50:00","MATHEUS.AUGUSTO","01/08/2024 09:19:00","","0","1"
"44","","","REAL ENTREGA FISICA","REALIZAR ENTREGA FÍSICA EQUIPAMENTO JDE","REFIS","O","N","N","N","N","N","N","N","N","N","N","0","","0","","","0","T","0","","","","0","","VTCCONS","18/12/2014 09:58:00","LIVIA.SILVA","11/01/2023 12:47:00","","0","1"
"45","","","REALIZR ENTREGA SHOW","REALIZAR ENTREGA SHOW JDE","RESHO","O","N","N","N","N","N","N","N","N","N","N","0","","0","","","0","T","0","","","","0","","VTCCONS","18/12/2014 10:03:00","DIEGO.MARQUES","14/02/2021 11:36:00","","0",""
"46","","","REALIZAR PRE-ENTREGA","REALIZAR PRÉ-ENTREGA JDE","RPENT","O","N","N","N","N","N","N","N","N","N","N","0","","0","","","0","T","0","","","","0","","VTCCONS","18/12/2014 10:16:00","LIVIA.SILVA","27/06/2023 12:15:00","","0",""
"47","","","REAL ENTR TECN EQUIP","REALIZAR ENTREGA TÉCNICA EQUIPAMENTO JDE","RETEQ","O","N","N","S","N","N","N","N","N","N","N","0","","0","","","0","T","0","","","","0","","VTCCONS","18/12/2014 10:20:00","MATHEUS.AUGUSTO","10/06/2024 11:49:00","","0",""
"48","","","RECEBER EQUIPAMEN NO","RECEBER EQUIPAMENTO NOVO","RECEQ","O","N","N","N","N","N","N","N","N","N","N","0","","0","","","0","T","0","","","","0","","VTCCONS","18/12/2014 10:26:00","LIVIA.SILVA","11/01/2023 12:07:00","","0",""
"49","","","RECEB PEDIDO E DOCTS","RECEBER PEDIDO E DOCUMENTOS JDE","RPEDC","O","N","N","N","N","N","N","N","N","N","N","0","","0","","","0","T","0","","","","0","","VTCCONS","18/12/2014 10:28:00","LIVIA.SILVA","27/06/2023 16:41:00","","0",""
"50","","","VENDER EQUIPAMENTO","VENDER EQUIPAMENTO JDE","VEQJD","O","N","N","N","N","N","N","N","N","S","N","0","","0","","","0","T","0","","","","0","","VTCCONS","18/12/2014 10:34:00","LIVIA.SILVA","27/06/2023 12:05:00","","0","1"
"51","","","VERIFIC DISPONIB EQU","VERIFICAR DISPONIBILIDADE EQUIPAMENT JDE","VDMAQ","O","N","N","N","N","N","N","N","N","N","N","0","","0","","","0","T","0","","","","0","","VTCCONS","18/12/2014 10:50:00","LIVIA.SILVA","11/01/2023 12:06:00","","0","1"
"52","","","MONIT CLIENTE CARTEI","MONITORAR CLIENTE CARTEIRA JDE","MCLCA","O","N","N","N","N","N","N","N","N","S","N","0","","0","","","0","T","1","","1","","0","","VTCCONS","18/12/2014 11:08:00","VANESSA.ALVES","24/04/2024 10:03:00","","0",""
"53","","","CONF AGREG CUSTO EQ","CONFIRMAR AGREGAR CUSTO","CACUS","O","N","N","N","N","N","N","N","N","N","N","0","","0","","","0","T","0","","","","0","","VTCCONS","22/12/2014 15:52:00","LIVIA.SILVA","11/01/2023 12:09:00","","0",""
"54","","","VENDER IMPLEMENTO","VENDER IMPLEMENTO","VIMPL","O","N","N","N","N","N","N","N","N","S","N","0","","0","","","0","T","0","","","","0","","VTCCONS","22/12/2014 16:26:00","LIVIA.SILVA","26/06/2023 16:10:00","","0",""
"55","","","APROV PEDID IMPLEMEN","APROVAR PEDIDO IMPLEMENTO","","O","N","N","N","N","N","N","N","N","N","N","0","","0","","","0","T","0","","","","0","","VTCCONS","22/12/2014 16:28:00","LIVIA.SILVA","26/06/2023 16:13:00","","0",""
"56","","","JUSTIF VEND CANC IMP","JUSTIFICAR VENDA CANCELADA IMPLEMENTO","","O","N","N","N","N","N","N","N","N","S","N","0","","0","","","0","T","1","","","","0","","VTCCONS","22/12/2014 16:30:00","LIVIA.SILVA","26/06/2023 16:22:00","","0",""
"57","","","RECEB PED E DOCT IMP","RECEBER PEDIDO E DOCUMENTOS IMPLEMENTO","","O","N","N","N","N","N","N","N","N","N","N","0","","0","","","0","T","1","","","","0","","VTCCONS","22/12/2014 16:32:00","VANESSA.ALVES","14/03/2018 11:03:00","","0",""
"58","","","PREPARAR DOCT IMPL","PREPARAR DOCUMENTAÇÃO IMPLEMENTO","","O","N","N","N","N","N","N","N","N","N","N","0","","0","","","0","T","0","","","","0","","VTCCONS","22/12/2014 16:34:00","LIVIA.SILVA","26/06/2023 16:26:00","","0","2"
"59","","","APROV CREDITO IMPL","APROVAR CREDITO IMPLEMENTO","","O","N","N","N","N","N","N","N","N","N","N","0","","0","","","0","T","0","","","","0","","VTCCONS","22/12/2014 16:35:00","LIVIA.SILVA","26/06/2023 16:44:00","","0","1"
"60","","","VERIF DISPONIBIL IMP","VERIFICAR DISPONIBILIDADE IMPLEMENTO","","O","N","N","N","N","N","N","N","N","N","N","0","","0","","","0","T","1","","","","0","","VTCCONS","22/12/2014 16:36:00","LIVIA.SILVA","26/06/2023 16:23:00","","0","1"
"61","","","RECEB IMPLEMENTO NOV","RECEBER IMPLEMENTO NOVO","","O","N","N","N","N","N","N","N","N","N","N","0","","0","","","0","T","1","","","","0","","VTCCONS","22/12/2014 16:37:00","LIVIA.SILVA","26/06/2023 16:24:00","","0",""
"62","","","PROSPECTAR SERVICOS.","PROSPECTAR SERVIÇOS (Antigo)","","O","N","N","N","N","N","N","N","N","S","N","0","","0","","","0","T","1","","0","","0","","VTCCONS","07/01/2015 16:08:00","DIEGO.MARQUES","26/07/2020 11:26:00","","0",""
"63","","","AF SAT VENDAS 5 DIAS","AFERIR SATISFAÇÃO DE VENDAS 5 DIAS","VDA","T","N","N","S","S","N","N","N","N","N","N","0","","0","","","0","T","1","","","","0","","VTCCONS","07/01/2015 16:23:00","MATHEUS.AUGUSTO","20/09/2024 08:01:00","","0","1"
"65","","","FATURAR IMPLEMENTO","FATURAR IMPLEMENTO","FATI","O","N","N","N","N","N","N","N","N","N","N","0","","0","","","0","T","1","","","","0","","VTCCONS","13/01/2015 11:53:00","MATHEUS.AUGUSTO","01/08/2024 09:18:00","","0",""
"66","","","INFORMAR AGREGA IMP","INFORMAR AGREGA IMPLEMENTO","","O","N","N","N","N","N","N","N","N","N","N","0","","0","","","0","T","1","","","","0","","VTCCONS","13/01/2015 12:10:00","LIVIA.SILVA","26/06/2023 16:24:00","","0",""
"67","","","ABRIR OS IMPLEMENTO","ABRIR OS IMPLEMENTO","","O","N","N","N","N","N","N","N","N","N","N","0","","0","","","0","T","1","","","","0","","VTCCONS","13/01/2015 14:28:00","DIEGO.MARQUES","26/07/2020 10:48:00","","0",""
"68","","","AUTORIZAR FATUR IMPL","AUTORIZAR FATURAMENTO IMPLEMENTO","","O","N","N","N","N","N","N","N","N","N","N","0","","0","","","0","T","1","","","","0","","VTCCONS","13/01/2015 14:29:00","LIVIA.SILVA","26/06/2023 16:30:00","","0","1"
"69","","","REAL ENTREGA FIS IMP","REALIZAR ENTREGA FISICA IMPLEMENTO","","O","N","N","N","N","N","N","N","N","N","N","0","","0","","","0","T","1","","","","0","","VTCCONS","13/01/2015 14:31:00","LIVIA.SILVA","26/06/2023 16:31:00","","0","1"
"70","","","REAL ENTREGA TEC IMP","REALIZAR ENTREGA TÉCNICA IMPLEMENTOS","","O","N","N","N","N","N","N","N","N","N","N","0","","0","","","0","T","1","","","","0","","VTCCONS","13/01/2015 14:38:00","LIVIA.SILVA","26/06/2023 16:32:00","","0","1"
"71","","","CONF AGREG CUSTO IMP","CONFIRMAR AGREGAR CUSTO IMPLEMENTO","","O","N","N","N","N","N","N","N","N","N","N","0","","0","","","0","T","1","","","","0","","VTCCONS","13/01/2015 14:58:00","LIVIA.SILVA","26/06/2023 16:25:00","","0",""
"72","","","ACOMPAN NF DEMON IMP","ACOMPANHAR NF DEMONSTRAÇÃO IMPLEMENTOS","","P","N","N","N","N","N","N","N","N","N","N","0","","0","","","0","T","1","","","","0","","VTCCONS","14/01/2015 17:06:00","LIVIA.SILVA","27/06/2023 14:19:00","","0",""
"73","","","ACOMP RECEB FINA IMP","ACOMPANHAR RECEBIMEN FINANC IMPLEMENTO","","O","N","N","N","N","N","N","N","N","N","N","0","","0","","","0","T","1","","","","0","","VTCCONS","15/01/2015 11:31:00","LIVIA.SILVA","26/06/2023 16:58:00","","0",""
"74","","","AVAL IMPLEMENTO USAD","AVALIAR IMPLEMENTO USADO/COMPRA IMP NOVO","","O","N","N","N","N","N","N","N","N","N","N","0","","0","","","0","T","1","","","","0","","VTCCONS","23/01/2015 08:45:00","LIVIA.SILVA","26/06/2023 16:11:00","","0",""
"75","27","","PAGAR COMISSÁO","PAGAR COMISSÃO","PGCM","P","N","N","N","N","N","N","N","N","N","S","0","","0","","","0","T","1","","","","0","","VTCCONS","19/02/2015 10:00:00","LIVIA.SILVA","11/01/2023 14:47:00","","0","1"
"76","","","PROGRAMAR ENTREGA","PROGRAMAR ENTREGA","","O","N","N","N","N","N","N","N","N","S","N","0","","0","","","0","T","1","","","","0","","JULIANA.PLACIDI","11/03/2015 15:48:00","LIVIA.SILVA","27/06/2023 12:15:00","","0","1"
"77","","","ACOMP. REC. AUT. DIR","ACOMPANHAR RECEBIMENTO AUT. DIRETORIA","","O","N","N","N","N","N","N","N","N","S","N","0","","0","","","0","T","1","","","","0","","JACQUELINE.DUARTE","02/04/2015 13:23:00","LIVIA.SILVA","11/01/2023 14:46:00","","0",""
"78","27","","PAGAR COMISSÃO IMPLE","PAGAR COMISSÃO IMPLEMENTOS","","O","N","N","N","N","N","N","N","N","S","N","0","","0","","","0","T","1","","","","0","","JACQUELINE.DUARTE","13/04/2015 09:08:00","LIVIA.SILVA","26/06/2023 16:58:00","","0","1"
"79","","","COMUNICAR DATA CLIEN","COMUNICAR DATA CLIENTE","","T","N","N","N","N","N","N","N","N","S","N","0","","0","","","0","T","1","","","","0","","JULIANA.PLACIDI","20/05/2015 12:10:00","LIVIA.SILVA","27/06/2023 15:31:00","","0","1"
"80","","","VERIFICAR AMS","VERIFICAR AMS","","O","N","N","N","N","N","N","N","N","S","N","0","","0","","","0","T","1","","","","0","","JULIANA.PLACIDI","20/05/2015 13:07:00","VANESSA.ALVES","17/02/2017 16:12:00","","0","1"
"81","","","LOCAR EQUIPAMENTO ","LOCAR EQUIPAMENTO","","O","N","N","N","N","N","N","N","N","N","N","0","","0","","","0","T","0","","","","0","","JULIANA.PLACIDI","22/06/2015 17:13:00","DIEGO.MARQUES","27/10/2020 07:36:00","","0",""
"82","","","LIGAR CLIENTE CARTEI","LIGAR CLIENTE CARTEIRA JDE","","O","N","N","N","N","N","N","N","N","S","N","0","","0","","","0","T","1","","1","","0","","JULIANA.PLACIDI","25/06/2015 11:25:00","LIVIA.SILVA","27/06/2023 15:48:00","","0",""
"83","","","ATENDER DEMANDA CALL","ATENDER DEMANDA CALL CENTER","","O","N","N","N","N","N","N","N","N","S","N","0","","0","","","0","T","1","","1","","0","","JULIANA.PLACIDI","25/06/2015 16:41:00","DIEGO.MARQUES","05/05/2022 16:30:00","","0",""
"84","","","RECEBER PEÇAS DESAG","RECEBER PEÇAS DESAG.","","P","N","N","N","N","N","N","N","N","S","N","0","","0","","","0","T","1","","","","0","","JULIANA.PLACIDI","07/08/2015 08:35:00","LIVIA.SILVA","11/01/2023 12:08:00","","0","2"
"85","","","INFORMAR PEÇA Ñ LOCA","INFORMAR PEÇA Ñ LOCALIZADA","","P","N","N","N","N","N","N","N","N","N","N","0","","0","","","0","T","1","","","","0","","JULIANA.PLACIDI","07/08/2015 08:41:00","LIVIA.SILVA","11/01/2023 12:08:00","","0","1"
"86","","","AJUSTAR ESTOQUE","AJUSTAR ESTOQUE","","P","N","N","N","N","N","N","N","N","N","N","0","","0","","","0","T","1","","","","0","","JULIANA.PLACIDI","07/08/2015 08:43:00","LIVIA.SILVA","11/01/2023 12:08:00","","0",""
"87","","","INFORMAR COTAÇÃO ALÇ","INFORMAR COTAÇÃO ALÇADA","","O","N","N","N","N","N","N","N","N","S","N","0","","0","","","0","T","1","","","","0","","JULIANA.PLACIDI","02/09/2015 10:36:00","LIVIA.SILVA","27/06/2023 15:45:00","","0","1"
"88","","","CADASTRAR ALÇADA IRS","CADASTRAR ALÇADA IRS","","O","N","N","N","N","N","N","N","N","S","N","0","","0","","","0","T","1","","","","0","","JULIANA.PLACIDI","02/09/2015 10:43:00","LIVIA.SILVA","27/06/2023 12:22:00","","0","1"
"89","","","ACOMPANHAR INCENTIVO","ACOMPANHAR INCENTIVOS","","O","N","N","N","N","N","N","N","N","S","N","0","","0","","","0","T","1","","","","0","","JULIANA.PLACIDI","02/09/2015 11:09:00","LIVIA.SILVA","11/01/2023 14:35:00","","0","1"
"90","","","ENVIAR XML JD","ENVIAR XML JD","","O","N","N","N","N","N","N","N","N","S","N","0","","0","","","0","T","1","","","","0","","JULIANA.PLACIDI","02/09/2015 11:32:00","LIVIA.SILVA","11/01/2023 14:35:00","","0","1"
"91","","","EMITIR NF INCENTIVO","EMITIR NF INCENTIVOS","","O","N","N","N","N","N","N","N","N","S","N","0","","0","","","0","T","1","","","","0","","JULIANA.PLACIDI","02/09/2015 11:59:00","LIVIA.SILVA","11/01/2023 14:36:00","","0","1"
"92","","","ACOMPANHAR PEND. INC","ACOMPANHAR PEND. INC. ALÇADA","","O","N","N","N","N","N","N","N","N","S","N","0","","0","","","0","T","1","","","","0","","JULIANA.PLACIDI","02/09/2015 12:12:00","DIEGO.MARQUES","26/07/2020 10:53:00","","0","1"
"93","","","ACOMP. RECEB. INCENT","ACOMP. RECEB. INCENTIVOS","","O","N","N","N","N","N","N","N","N","S","N","0","","0","","","0","T","1","","","","0","","JULIANA.PLACIDI","02/09/2015 12:20:00","LIVIA.SILVA","11/01/2023 14:36:00","","0",""
"94","","","VERIFICAR NF DE VEND","VERIFICAR NF DE VENDA DIRETA SAM","","T","S","N","S","N","N","N","N","N","S","N","0","","0","","","0","T","1","","","","0","","JULIANA.PLACIDI","02/10/2015 11:20:00","RICARDO.MORETTI","19/03/2026 08:20:00","","0",""
"95","","","VERIF COMISSÃO VD","VERIFICAR COMISSÃO VENDA DIRETA SAM","VCVD","T","N","N","S","N","N","N","N","N","N","N","0","","0","","","0","T","0","","","","0","","JULIANA.PLACIDI","02/10/2015 15:46:00","LIVIA.SILVA","31/03/2023 14:49:00","","0","1"
"96","29","","REALIZAR PRÉ E TÉCNI","REALIZAR PRÉ E TÉCNICA VENDA DIRETA","","T","N","N","N","N","N","N","N","N","S","N","0","","0","","","0","T","1","","","","0","","VTCCONS","02/10/2015 17:30:00","LIVIA.SILVA","27/06/2023 16:33:00","","0",""
"97","29","","EMITIR NF COMISSÃO V","EMITIR NF COMISSÃO VENDA DIRETA SAM","","T","N","N","N","N","N","N","N","N","S","N","0","","0","","","0","T","1","","","","0","Verificar se houve bonificação, pois a bonificação deverá ser gerada juntamente com a emissão da NF de Comissão.","VTCCONS","02/10/2015 17:36:00","NETO.PRADO","29/11/2024 10:19:00","","0","1"
"98","29","","CONFIRMAR PAGAMENTO ","CONFIRMAR PAGAMENTO COMISSÃO","","T","N","N","N","N","N","N","N","N","S","N","0","","0","","","0","T","1","","","","0","","VTCCONS","02/10/2015 17:50:00","LIVIA.SILVA","27/06/2023 15:32:00","","0",""
"99","","","CONF DESAGREGA EQUIP","CONFIRMAR DESAGREGA CONTABILIDADE EQUIP","","T","N","N","N","N","N","N","N","N","N","N","0","","0","","","0","T","1","","","","0","","JULIANA.PLACIDI","06/10/2015 17:11:00","LIVIA.SILVA","11/01/2023 12:10:00","","0","1"
"100","","","PROVID DOCTO PENDENT","PROVIDENCIAR DOCUMENTAÇÃO PENDENTE 1","","O","N","N","N","N","N","N","N","N","S","N","0","","0","","","0","T","1","","","","0","","JULIANA.PLACIDI","08/12/2015 10:59:00","LIVIA.SILVA","11/01/2023 12:30:00","","0","1"
"101","","","PROVIDENCIAR DOCUME2","PROVIDENCIAR DOCUMENTAÇÃO PENDENTE 2","","O","N","N","N","N","N","N","N","N","S","N","0","","0","","","0","T","1","","","","0","","VTCCONS","11/12/2015 15:37:00","LIVIA.SILVA","11/01/2023 12:31:00","","0",""
"102","","","PROVIDENCIAR DOCUME3","PROVIDENCIAR DOCUMENTAÇÃO PENDENTE 3","","O","N","N","N","N","N","N","N","N","S","N","0","","0","","","0","T","1","","","","0","","VTCCONS","11/12/2015 15:46:00","LIVIA.SILVA","11/01/2023 12:29:00","","0",""
"103","","","OFERECER SEGURO","OFERECER SEGURO","","O","N","N","N","N","N","N","N","N","S","N","0","","0","","","0","T","1","","","","0","","VTCCONS","22/12/2015 15:48:00","LIVIA.SILVA","27/06/2023 15:50:00","","0","1"
"104","","","VENDER SEGURO IM","VENDER SEGURO IM","","O","N","N","N","N","N","N","N","N","S","N","0","","0","","","0","T","1","","","","0","","JULIANA.PLACIDI","22/12/2015 17:37:00","NETO.PRADO","29/11/2024 10:20:00","","0","1"
"105","","","OFERECER CONSORCIO","OFERECER CONSORCIO","","O","N","N","N","N","N","N","N","N","N","N","0","","0","","","0","T","1","","1","","0","","BRUNA.FELICIO","10/02/2016 11:44:00","DIEGO.MARQUES","22/10/2020 15:52:00","","0","1"
"106","","","APROVAR PEDIDO C/ENT","APROVAR PEDIDO COM ENTREGA","","O","N","N","N","S","N","N","N","N","S","N","0","","0","","","0","T","1","","","","0","","JULIANA.PLACIDI","12/04/2016 16:42:00","JULIANA.PLACIDI","12/04/2016 17:06:00","","0",""
"107","","","INFORMAR CONTAB. SOB","INFORMAR CONTAB. SOBRE FATURAMENTO","","O","N","N","N","N","N","N","N","N","S","N","0","","0","","","0","T","1","","","","0","","JULIANA.PLACIDI","12/04/2016 17:06:00","LIVIA.SILVA","27/06/2023 15:44:00","","0","2"
"108","","","VISITAR CL SUP PROD","VISITAR CLIENTE PARA SUPORTE AO PRODUTO","","P","N","N","N","N","N","N","N","N","S","N","0","","0","","","0","T","1","","1","","0","","JULIANA.PLACIDI","06/05/2016 11:00:00","NETO.PRADO","21/02/2024 11:36:00","","0","1"
"109","","","REALIZAR PRÉ ENT IMP","REALIZAR PRÉ ENTREGA IMPLEMENTO","","O","N","N","N","N","N","N","N","N","S","N","0","","0","","","0","T","1","","","","0","Será entregue implemento para preparação","JULIANA.PLACIDI","18/05/2016 15:28:00","LIVIA.SILVA","26/06/2023 16:25:00","","0",""
"110","","","VISITAS COMERC - SAP","VISITAS COMERCIAIS - SAP","","P","N","N","N","N","N","N","N","N","S","N","0","","0","","","0","T","1","","","","0","","BRUNA.FELICIO","09/06/2016 10:05:00","VANESSA.ALVES","22/11/2016 12:42:00","","0",""
"111","","","REAL ATIVIDADE INTER","REALIZAR ATIVIDADE INTERNA","","O","N","N","N","N","N","N","N","N","S","N","0","","0","","","0","T","0","","","","0","","VANESSA.ALVES","04/07/2016 08:41:00","LIVIA.SILVA","27/06/2023 16:26:00","","0",""
"112","","","PROV DOCTO PEND IMPL","PROVIDENCIAR DOCUMENTAÇÃO PENDENTE IMPL","","O","N","N","N","N","N","N","N","N","N","N","0","","0","","","0","T","1","","","","0","","VANESSA.ALVES","05/07/2016 16:24:00","LIVIA.SILVA","27/06/2023 15:52:00","","0",""
"113","","","RECEB AUT DIRET IMP","ACOMPANHAR RECEBIMENTO AUT DIRETORIA IMP","","O","N","N","N","N","N","N","N","N","S","N","0","","0","","","0","T","1","","","","0","","VANESSA.ALVES","11/07/2016 16:36:00","LIVIA.SILVA","26/06/2023 16:59:00","","0",""
"114","","","ATUALOZAÇÕES CRM","REALIZAR MELHORIAS E ATUALIZAÇÕES CRM","","O","N","N","N","N","N","N","N","N","N","N","0","","0","","","0","T","1","","","","0","","VANESSA.ALVES","13/07/2016 08:05:00","LIVIA.SILVA","27/06/2023 15:19:00","","0",""
"115","","","AUTORIZA FATUR EQUIP","AUTORIZAR FATURAMENTO EQUIPAMENTO JDE","","O","N","N","N","N","N","N","N","N","S","N","0","","0","","","0","T","1","","","","0","","VANESSA.ALVES","18/07/2016 15:18:00","LIVIA.SILVA","11/01/2023 12:26:00","","0","1"
"116","","","PROV DOCTO PEND IMP","PROVIDENCIAR DOCTO PENDENTE IMPLEMENTO","","O","N","N","N","N","N","N","N","N","S","N","0","","0","","","0","T","1","","","","0","","VANESSA.ALVES","02/08/2016 08:29:00","LIVIA.SILVA","26/06/2023 16:42:00","","0",""
"117","","","RECEBER RECURSO IMPL","RECEBER RECURSO PRÓPRIO IMPLEMENTO","","O","N","N","N","N","N","N","N","N","N","N","0","","0","","","0","T","1","","","","0","","VANESSA.ALVES","03/08/2016 09:56:00","LIVIA.SILVA","26/06/2023 16:27:00","","0","1"
"118","","","RECEBER RECURSO EQUI","RECEBER RECURSO PRÓPRIO EQUIPAMENTO","","O","N","N","N","N","N","N","N","N","N","N","0","","0","","","0","T","1","","","","0","","VANESSA.ALVES","03/08/2016 10:30:00","LIVIA.SILVA","27/06/2023 16:41:00","","0","1"
"119","","","ATUALIZAR SITES","REVISAR E ATUALIZAR SITE","","O","N","N","N","N","N","N","N","N","N","N","0","","0","","","0","T","1","","","","0","","VANESSA.ALVES","03/08/2016 15:58:00","NETO.PRADO","21/01/2025 11:13:00","","0",""
"120","37","","PROVID DOCTO CRÉDITO","PROVIDENCIAR DOCTO PARA ANÁLISE CRÉDITO","","O","N","N","N","N","N","N","N","N","N","N","0","","0","","","0","T","1","","1","","0","","VANESSA.ALVES","04/08/2016 14:48:00","LIVIA.SILVA","27/06/2023 16:10:00","","0",""
"121","","","ANALISAR CRÉDITO","REALIZAR ANÁLISE DE CRÉDITO teste","","O","N","N","N","N","N","N","N","N","N","N","0","","0","","","0","T","1","","1","","0","","VANESSA.ALVES","04/08/2016 15:04:00","DIEGO.MARQUES","11/08/2020 21:11:00","","0",""
"122","","","APRESENTAR SEGURO","APRESENTAR SEGURO","","O","N","N","N","N","N","N","N","N","S","N","0","","0","","","0","T","1","","","","0","","BRUNA.FELICIO","05/08/2016 08:03:00","LIVIA.SILVA","27/06/2023 12:06:00","","0","1"
"123","","","MONIT CLIENT CONTAS","MONITORAR CLIENTE CONTAS CHAVE","","O","N","N","S","N","N","N","N","N","S","N","0","","0","","","0","T","1","","1","","0","","VANESSA.ALVES","12/08/2016 07:49:00","VANESSA.ALVES","13/11/2023 12:44:00","","0",""
"124","","","PROVID PEDIDO IMPL","PROVIDENCIAR PEDIDO IMPLEMENTO","","O","N","N","N","N","N","N","N","N","N","N","0","","0","","","0","T","1","","","","0","","VANESSA.ALVES","12/08/2016 12:30:00","LIVIA.SILVA","27/06/2023 15:51:00","","0",""
"125","","","LANÇAR FRETE IMPLEM","LANÇAR DESPESA FRETE IMPLEMENTO","","O","N","N","N","N","N","N","N","N","N","N","0","","0","","","0","T","1","","","","0","","VANESSA.ALVES","12/08/2016 15:05:00","DIEGO.MARQUES","28/11/2019 14:15:00","","0",""
"126","37","","PREP PED.E DOC APROV","PREPARAR PEDIDO E DOCTO PARA APROVAÇÃO","","O","N","N","N","N","N","N","N","N","N","N","0","","0","","","0","T","1","","","","0","","VANESSA.ALVES","29/08/2016 13:36:00","LIVIA.SILVA","11/01/2023 11:48:00","","0","1"
"127","","","GERAR JD QUOTE","GERAR JD QUOTE","","O","N","N","N","N","N","N","N","N","N","N","0","","0","","","0","T","1","","","","0","","VANESSA.ALVES","30/08/2016 08:00:00","LIVIA.SILVA","27/06/2023 15:44:00","","0",""
"128","","","ACOMP VENDA CLI CONT","ACOMP VENDA CLIENTE CONTAS CHAVE SAM","","O","N","N","N","N","N","N","N","N","N","N","0","","0","","","0","T","1","","","","0","","VANESSA.ALVES","16/09/2016 10:52:00","NETO.PRADO","28/11/2024 17:38:00","","0","1"
"129","","","MONITOR CLIENTE AMS","MONITORAR CLIENTE AMS","","O","N","N","S","S","N","N","N","N","N","N","0","","0","","","0","T","1","","1","","0","","VANESSA.ALVES","26/09/2016 11:14:00","LIVIA.SILVA","23/05/2024 12:00:00","","0",""
"130","","","VENDER AMS FIELD","VENDER AMS FIELD","","O","S","N","N","N","N","N","N","N","N","N","0","","0","","","0","T","1","","","","0","","VANESSA.ALVES","26/09/2016 11:28:00","MATHEUS.AUGUSTO","29/08/2025 09:44:33","","0","1"
"131","","","ACOMPANHAR VENDA AMS","ACOMPANHAR VENDA AMS FIELD","","O","N","N","N","N","N","N","N","N","S","N","0","","0","","","0","T","1","","","","0","","VANESSA.ALVES","27/09/2016 15:07:00","NETO.PRADO","29/11/2024 10:21:00","","0","1"
"132","","","ATUALIZAR CADASTRO","ATUALIZAR CADASTRO","","O","N","N","N","N","N","N","N","N","N","N","0","","0","","","0","T","1","","","","0","","VANESSA.ALVES","07/10/2016 16:18:00","LIVIA.SILVA","27/06/2023 15:13:00","","0",""
"133","","","CUMPR ANIVERSARIANTE","CUMPRIMENTAR ANIVERSARIANTE","ANIV","O","N","N","N","N","N","N","N","N","N","N","0","","0","","","0","T","1","","","","0","","VANESSA.ALVES","14/10/2016 16:13:00","LIVIA.SILVA","27/06/2023 15:35:00","","0",""
"134","","","RENOVAÇÃO SEGURO","OFERECER RENOVAÇÃO DE SEGURO","","T","N","N","N","N","N","N","N","N","N","N","0","","0","","","0","T","1","","","","0","","VANESSA.ALVES","25/11/2016 09:14:00","DIEGO.MARQUES","12/10/2020 11:40:00","","0",""
"135","","","ACOMP VENDA PRODUTO","ACOMPANHAR PROCESSO DE VENDA PRODUTO","","O","N","N","N","S","N","N","N","N","N","N","0","","0","","","0","T","1","","","","0","","VANESSA.ALVES","30/11/2016 07:44:00","NETO.PRADO","27/01/2025 08:03:00","","0","1"
"136","","","CONSULTAR VENDA AMS","CONSULTAR VENDA AMS","","O","N","N","N","N","N","N","N","N","N","N","0","","0","","","0","T","1","","","","0","","VANESSA.ALVES","12/12/2016 11:46:00","DIEGO.MARQUES","03/02/2021 11:09:00","","0","1"
"137","","","VERIF DISPONIB AMS","VERIFICAR DISPONIBILIDADE AMS","","O","N","N","N","N","N","N","N","N","S","N","0","","0","","","0","T","1","","","","0","","VANESSA.ALVES","12/12/2016 11:51:00","LIVIA.SILVA","11/01/2023 11:56:00","","0","1"
"138","","","RECEBER AMS","RECEBER AMS","","O","N","N","N","N","N","N","N","N","N","N","0","","0","","","0","T","1","","","","0","","VANESSA.ALVES","12/12/2016 12:03:00","LIVIA.SILVA","11/01/2023 11:59:00","","0",""
"139","","","INFORMAR AGREGA AMS","INFORMAR AGREGA DESAGREGA AMS","","O","N","N","N","N","N","N","N","N","N","N","0","","0","","","0","T","1","","","","0","","VANESSA.ALVES","12/12/2016 11:55:00","LIVIA.SILVA","11/01/2023 12:00:00","","0","1"
"140","","","INSTALAR AMS","INSTALAR AMS","","O","N","N","N","N","N","N","N","N","N","N","0","","0","","","0","T","1","","","","0","","VANESSA.ALVES","19/12/2016 15:22:00","NETO.PRADO","29/11/2024 10:22:00","","0",""
"141","","","CONF AGREGA AMS","CONFIRMAR AGREGA CUSTO AMS","","O","N","N","N","N","N","N","N","N","N","N","0","","0","","","0","T","1","","","","0","","VANESSA.ALVES","19/12/2016 16:18:00","LIVIA.SILVA","11/01/2023 12:04:00","","0",""
"142","","","DESAGREGA AMSFIELD","CONFIRMAR DESAGREGA CUSTO AMS FIELD","","O","N","N","N","N","N","N","N","N","N","N","0","","0","","","0","T","1","","","","0","","VANESSA.ALVES","19/12/2016 17:04:00","NETO.PRADO","29/11/2024 10:22:00","","0","1"
"143","","","RECEBER AMS DESAGREG","RECEBER AMS FIELD DESAGREGADO","","O","N","N","N","N","N","N","N","N","N","N","0","","0","","","0","T","1","","","","0","","VANESSA.ALVES","19/12/2016 17:05:00","NETO.PRADO","29/11/2024 10:22:00","","0",""
"144","","","CONF DESAGREGA AMS","CONFIRMAR DESAGREGA AMS CONTABILIDADE","","O","N","N","N","N","N","N","N","N","N","N","0","","0","","","0","T","1","","","","0","","VANESSA.ALVES","19/12/2016 17:14:00","LIVIA.SILVA","11/01/2023 12:04:00","","0",""
"145","41","","VENDER EQUIP FABRICA","VENDER EQUIPAMENTO FÁBRICA JD SAM","","O","N","N","N","N","N","N","N","N","N","N","0","","0","","","0","T","1","","","","0","","VANESSA.ALVES","18/01/2017 14:55:00","NETO.PRADO","29/11/2024 10:23:00","","0","0"
"146","","","APROVAR VENDA DIRETA","APROVAR PEDIDO VENDA DIRETA JD SAM","","O","N","N","N","N","N","N","N","N","N","N","0","","0","","","0","T","1","","","","0","","VANESSA.ALVES","19/01/2017 15:08:00","NETO.PRADO","29/11/2024 10:23:00","","0","1"
"147","","","ACOM VENDA DIRETA JD","ACOMPANHAR ENTREGA VENDA DIRETA JD SAM","","O","S","N","N","N","N","N","N","N","N","N","0","","0","","","0","T","1","","","","0","","VANESSA.ALVES","19/01/2017 16:57:00","NETO.PRADO","18/02/2025 15:47:00","","0","1"
"148","","","GERAR PEDIDO IMPL","GERAR PEDIDO IMPLEMENTO","","O","N","N","N","N","N","N","N","N","N","N","0","","0","","","0","T","1","","","","0","","VANESSA.ALVES","24/01/2017 10:33:00","LIVIA.SILVA","26/06/2023 16:28:00","","0",""
"149","","","AFERIR 2º CONT 3,3,3","AFERIR SEGUNDO CONTATO 3,3,3","","T","N","N","N","S","N","N","N","N","N","S","0","","0","","","0","T","1","","","","0","","BRUNA.FELICIO","30/01/2017 09:20:00","MATHEUS.AUGUSTO","17/09/2024 08:39:00","","0","1"
"150","","","AFERIR 3º CONT 3,3,3","AFERIR TERCEIRO CONTATO 3,3,3","","T","N","N","N","S","N","N","N","N","N","S","0","","0","","","0","T","1","","","","0","","BRUNA.FELICIO","30/01/2017 09:29:00","MATHEUS.AUGUSTO","17/09/2024 08:47:00","","0","1"
"151","","","VERIF BONIFICAÇÃO VD","VERIFICAR BONIFICAÇÃO VENDA DIRETA","BVD","O","N","N","N","N","N","N","N","N","N","N","0","","0","","","0","T","1","","","","0","","VANESSA.ALVES","01/02/2017 12:20:00","DIEGO.MARQUES","19/03/2020 15:21:00","","0",""
"152","","","PREP BONIFICAÇÃO AMS","PREPARAR BONIFICAÇÃO DE AMS VENDA DIRETA","","O","N","N","N","N","N","N","N","N","N","N","0","","0","","","0","T","1","","","","0","","VANESSA.ALVES","01/02/2017 12:35:00","NETO.PRADO","29/11/2024 10:24:00","","0",""
"153","","","BONIF SERV PEÇA VD","PREPARAR BONIFICAÇÃO SERVIÇOS E PEÇAS VD","BSPVD","O","N","N","N","N","N","N","N","N","N","N","0","","0","","","0","T","1","","","","0","","VANESSA.ALVES","01/02/2017 12:59:00","LIVIA.SILVA","27/06/2023 16:07:00","","0",""
"154","","","CADASTRAR PROD DCP","CADASTRAR PRODUTO DCP SAM","","O","N","N","S","N","N","N","N","N","N","N","0","","0","","","0","T","1","","","","0","","VANESSA.ALVES","01/02/2017 14:52:00","LIVIA.SILVA","31/03/2023 14:49:00","","0","1"
"155","","","RECEB VENDA DIRETA","ACOMP RECEBIMENTO VENDA DIRETA SAM","","O","N","N","N","N","N","N","N","N","N","N","0","","0","","","0","T","1","","","","0","","VANESSA.ALVES","01/02/2017 16:06:00","NETO.PRADO","28/11/2024 17:37:00","","0","1"
"156","","","PAGAR COMISSÃO VD","PAGAR COMISSÃO VENDA DIRETA SAM","","O","N","N","N","N","N","N","N","N","N","N","0","","0","","","0","T","1","","","","0","","VANESSA.ALVES","02/02/2017 08:48:00","NETO.PRADO","29/11/2024 10:24:00","","0","1"
"157","","","GERAR PEDIDO EQUIP","GERAR PEDIDO EQUIPAMENTO JD","","O","N","N","N","N","N","N","N","N","N","N","0","","0","","","0","T","1","","","","0","","VANESSA.ALVES","13/02/2017 10:44:00","LIVIA.SILVA","11/01/2023 12:26:00","","0","1"
"158","","","AGENDAR SERVIÇO AMS","AGENDAR SERVIÇO AMS","","O","N","N","N","N","N","N","N","N","N","N","0","","0","","","0","T","1","","","","0","","VANESSA.ALVES","16/02/2017 14:41:00","NETO.PRADO","29/11/2024 10:24:00","","0",""
"159","","","INF BONIFICAÇÃO AMS","INFORMAR BONIFICAÇÃO AMS","","O","N","N","N","N","N","N","N","N","N","N","0","","0","","","0","T","1","","","","0","","VANESSA.ALVES","17/02/2017 11:43:00","LIVIA.SILVA","11/01/2023 11:59:00","","0","1"
"160","","","NF BONIFICAÇÃO AMS","EMITIR NF BONIFICAÇÃO AMS","","O","N","N","N","N","N","N","N","N","N","N","0","","0","","","0","T","1","","","","0","","VANESSA.ALVES","17/02/2017 11:58:00","LIVIA.SILVA","11/01/2023 12:00:00","","0",""
"161","","","APROVAR AMS FIELD","APROVAR PEDIDO AMS FIELD","","O","N","N","N","N","N","N","N","N","N","N","0","","0","","","0","T","1","","","","0","","VANESSA.ALVES","20/02/2017 08:14:00","VANESSA.ALVES","19/07/2022 08:38:00","","0","1"
"162","","","RECEB PEDIDO DOC AMS","RECEBER PEDIDO E DOCUMENTOS AMS FIELD","","O","N","N","N","N","N","N","N","N","N","N","0","","0","","","0","T","1","","","","0","","VANESSA.ALVES","20/02/2017 10:36:00","DIEGO.MARQUES","11/08/2019 12:41:00","","0","1"
"163","","","APROVAR CREDITO AMS","APROVAR CREDITO AMS FIELD","","O","N","N","N","N","N","N","N","N","N","N","0","","0","","","0","T","1","","","","0","","VANESSA.ALVES","20/02/2017 10:50:00","DIEGO.MARQUES","29/08/2019 08:27:00","","0",""
"164","","","GERAR PEDIDO AMS FD","GERAR PEDIDO AMS FIELD","","O","N","N","N","N","N","N","N","N","N","N","0","","0","","","0","T","1","","","","0","","VANESSA.ALVES","20/02/2017 10:55:00","NETO.PRADO","29/11/2024 10:25:00","","0","1"
"165","","","AUTORIZAR FATUR AMS","AUTORIZAR FATURAMENTO AMS FIELD","","O","N","N","N","N","N","N","N","N","N","N","0","","0","","","0","T","1","","","","0","","VANESSA.ALVES","20/02/2017 11:05:00","NETO.PRADO","29/11/2024 10:25:00","","0","1"
"166","","","FATURAR AMS FIELD","FATURAR AMS FIELD","","O","N","N","N","N","N","N","N","N","N","N","0","","0","","","0","T","1","","","","0","","VANESSA.ALVES","20/02/2017 11:06:00","NETO.PRADO","29/11/2024 10:26:00","","0","1"
"167","","","RECEBIMENTO AMS","ACOMPANHAR RECEBIMENTO AMS FIELD","","O","N","N","N","N","N","N","N","N","N","N","0","","0","","","0","T","1","","","","0","","VANESSA.ALVES","20/02/2017 11:07:00","NETO.PRADO","29/11/2024 10:26:00","","0",""
"168","","","PAGAR COMISSÃO AMS","PAGAR COMISSÃO AMS antigo","","O","N","N","N","N","N","N","N","N","N","N","0","","0","","","0","T","1","","","","0","","VANESSA.ALVES","20/02/2017 11:08:00","VANESSA.ALVES","27/02/2018 08:52:00","","0","1"
"169","","","DISPONIBILIDADE AMS","VERIFICAR DISPONIBILIDADE DE AMS FIELD","","O","N","N","N","N","N","N","N","N","N","N","0","","0","","","0","T","1","","","","0","","VANESSA.ALVES","20/02/2017 14:45:00","NETO.PRADO","29/11/2024 10:26:00","","0","1"
"170","","","RECEBER O AMS FIELD","RECEBER O AMS FIELD","","X","N","N","N","N","N","N","N","N","N","N","0","","0","","","0","T","1","","","","0","","VANESSA.ALVES","20/02/2017 15:21:00","NETO.PRADO","29/11/2024 10:27:00","","0","1"
"171","","","AGREGA/DESAG AMS F","INFORMAR AGREGA/DESAG AMS FIELD","","O","N","N","N","N","N","N","N","N","N","N","0","","0","","","0","T","1","","","","0","","VANESSA.ALVES","20/02/2017 15:36:00","NETO.PRADO","29/11/2024 10:27:00","","0","1"
"172","","","AGREGA CUSTO AMS FD","CONFIR PROVISAO AGREGA CUSTO AMS FIELD","","O","N","N","N","N","N","N","N","N","N","N","0","","0","","","0","T","1","","","","0","","VANESSA.ALVES","20/02/2017 15:42:00","NETO.PRADO","29/11/2024 10:27:00","","0","1"
"173","","","INSTALAR AMS FIELD","INSTALAR AMS FIELD","","O","N","N","N","N","N","N","N","N","N","N","0","","0","","","0","T","1","","","","0","","VANESSA.ALVES","20/02/2017 15:45:00","NETO.PRADO","29/11/2024 10:28:00","","0","1"
"174","","","ENTREGAR KIT AMS","ENTREGAR KIT AMS","","O","N","N","N","N","N","N","N","N","N","N","0","","0","","","0","T","1","","","","0","","VANESSA.ALVES","21/02/2017 14:59:00","LIVIA.SILVA","27/06/2023 12:24:00","","0","1"
"175","","","REAL PRE ENTREGA AMS","REALIZAR PRE ENTREGA AGREGA AMS","REAMS","O","N","N","N","N","N","N","N","N","N","N","0","","0","","","0","T","1","","","","0","","VANESSA.ALVES","21/02/2017 16:07:00","LIVIA.SILVA","11/01/2023 12:00:00","","0","1"
"176","","","AGREGA/DESAG AMS FII","AGREGA/DESAG PROVISIONADO AMS FIELD","","O","N","N","N","N","N","N","N","N","N","N","0","","0","","","0","T","1","","","","0","","VANESSA.ALVES","31/03/2017 09:01:00","NETO.PRADO","29/11/2024 10:30:00","","0","1"
"177","","","VALIDAR AMS","VALIDAR ESPECIFICAÇÃO DE AMS","VAMS","O","N","N","N","N","N","N","N","N","N","N","0","","0","","","0","T","1","","","","0","","VANESSA.ALVES","03/04/2017 11:55:00","VANESSA.ALVES","02/04/2018 15:11:00","","0",""
"178","","","ATUAL DOCTS CADASTRO","ATUALIZAR DOCUMENTAÇÃO CADASTRAL","","O","N","N","N","N","N","N","N","N","N","N","0","","0","","","0","T","1","","1","","0","","VANESSA.ALVES","24/04/2017 14:55:00","LIVIA.SILVA","29/05/2023 12:32:00","","0",""
"179","","","MONITORAR CLI EQUIP","MONITORAR CLIENTE COL EQUIPAMENTOS","","O","N","N","N","N","N","N","N","N","N","N","0","","0","","","0","T","1","","1","","0","","VANESSA.ALVES","17/05/2017 10:24:00","DIEGO.MARQUES","18/12/2019 13:58:00","","0",""
"180","","","VENDER EQUIP MANITOU","VENDER EQUIPAMENTO MANITOU","","O","N","N","N","N","N","N","N","N","N","N","0","","0","","","0","T","1","","","","0","","VANESSA.ALVES","17/05/2017 12:18:00","DIEGO.MARQUES","18/12/2019 13:59:00","","0",""
"181","","","AVALIAR EQUIP USADO","AVALIAR EQUIPAMENTO USADO","","O","N","N","N","N","N","N","N","N","N","N","0","","0","","","0","T","1","","","","0","","VANESSA.ALVES","17/05/2017 16:49:00","DIEGO.MARQUES","23/09/2020 22:36:00","","0",""
"182","","","APROVAR PEDIDO EQUIP","APROVAR PEDIDO EQUIPAMENTO","","O","N","N","N","N","N","N","N","N","N","N","0","","0","","","0","T","1","","","","0","","VANESSA.ALVES","17/05/2017 16:53:00","NETO.PRADO","21/02/2024 14:56:00","","0","1"
"183","","","ACOMP PROC VENDA EQU","ACOMPANHAR PROCESSO VENDA EQUIP","","O","N","N","N","N","N","N","N","N","N","N","0","","0","","","0","T","1","","","","0","","VANESSA.ALVES","17/05/2017 17:00:00","LIVIA.SILVA","27/06/2023 14:25:00","","0",""
"184","","","GERAR E AUTOR PEDIDO","GERAR PEDIDO AUTORIZAR FATURAMENTO EQUIP","","O","N","N","N","N","N","N","N","N","N","N","0","","0","","","0","T","1","","","","0","","VANESSA.ALVES","17/05/2017 17:11:00","DIEGO.MARQUES","27/10/2020 13:11:00","","0","1"
"185","","","FATUR EQUIP MANITOU","FATURAR EQUIPAMENTO MANITOU","","O","N","N","N","N","N","N","N","N","N","N","0","","0","","","0","T","1","","","","0","","VANESSA.ALVES","17/05/2017 17:20:00","DIEGO.MARQUES","27/10/2020 12:38:00","","0","1"
"186","","","ACOMP RECEB MANITOU","ACOMPANHAR RECEBIMEN FINANC MANITOU","","O","N","N","N","N","N","N","N","N","N","N","0","","0","","","0","T","1","","","","0","","VANESSA.ALVES","22/05/2017 14:41:00","DIEGO.MARQUES","27/10/2020 13:23:00","","0","1"
"187","","","REALIZAR CT COBR","REALIZAR CONTATO DE COBRANÇA","","O","N","N","N","N","N","N","N","N","N","N","0","","0","","","0","T","1","","1","","0","","VANESSA.ALVES","09/06/2017 09:57:00","LIVIA.SILVA","28/06/2023 14:20:00","","0",""
"188","","","STATUS FINANC JDE","CONSULTAR STATUS FINANCEIRO JDE","","O","N","N","N","N","N","N","N","N","N","N","0","","0","","","0","T","1","","","","0","","VANESSA.ALVES","12/06/2017 16:20:00","LIVIA.SILVA","27/06/2023 15:32:00","","0",""
"189","","","VALIDAR INSTAL AMS","VALIDAR INSTALAÇÃO AMS FIELD","","O","N","N","N","N","N","N","N","N","N","N","0","","0","","","0","T","1","","","","0","","VANESSA.ALVES","15/08/2017 09:45:00","DIEGO.MARQUES","11/08/2019 12:04:00","","0","1"
"190","","","PG COMISSÃO AMS FD","PAGAR COMISSÃO AMS FIELD","","O","N","N","N","N","N","N","N","N","N","N","0","","0","","","0","T","1","","","","0","","VANESSA.ALVES","15/08/2017 10:17:00","NETO.PRADO","29/11/2024 10:30:00","","0","1"
"191","","","AGENDAR IBM","AGENDAR INSPEÇÃO BASICA MAQUINA","","O","N","N","N","N","N","N","N","N","N","N","0","","0","","","0","T","1","","","","0","","VANESSA.ALVES","16/08/2017 11:35:00","LIVIA.SILVA","27/06/2023 14:59:00","","0",""
"192","","","REALIZAR IBM","REALIZAR INSPEÇÃO BÁSICA MÁQUINA","","O","N","N","N","N","N","N","N","N","N","N","0","","0","","","0","T","1","","","","0","","VANESSA.ALVES","16/08/2017 11:46:00","LIVIA.SILVA","27/06/2023 15:03:00","","0",""
"193","","","GERAR ORÇAMENTO IBM","GERAR ORÇAMENTO IBM","","O","N","N","N","N","N","N","N","N","N","N","0","","0","","","0","T","1","","","","0","","VANESSA.ALVES","16/08/2017 11:57:00","LIVIA.SILVA","27/06/2023 15:03:00","","0","1"
"194","","","PROSPCTAR IBM","PROSPECTAR SERVIÇOS IBM","","O","N","N","N","N","N","N","N","N","N","N","0","","0","","","0","T","1","","","","0","","VANESSA.ALVES","16/08/2017 16:07:00","LIVIA.SILVA","27/06/2023 15:03:00","","0","1"
"195","","","OFERECER PEÇAS IBM","OFERECER PEÇAS PÓS IBM","","O","N","N","N","N","N","N","N","N","N","N","0","","0","","","0","T","1","","","","0","","VANESSA.ALVES","17/08/2017 08:47:00","NETO.PRADO","21/02/2024 14:57:00","","0","1"
"196","","","OFERECER PNEUS IBM","OFERECER PNEUS PÓS IBM","","O","N","N","N","N","N","N","N","N","N","N","0","","0","","","0","T","1","","","","0","","VANESSA.ALVES","17/08/2017 09:55:00","LIVIA.SILVA","27/06/2023 15:50:00","","0",""
"197","","","SERVIÇOS IBM","REALIZAR SERVIÇOS IBM","","O","N","N","N","N","N","N","N","N","N","N","0","","0","","","0","T","1","","","","0","","VANESSA.ALVES","17/08/2017 09:58:00","LIVIA.SILVA","27/06/2023 15:05:00","","0","1"
"198","","","VENDER LOCAÇÃO EQUIP","VENDER LOCAÇÃO EQUIPAMENTO","","O","N","N","N","N","N","N","N","N","N","N","0","","0","","","0","T","1","","","","0","","VANESSA.ALVES","22/08/2017 11:06:00","DIEGO.MARQUES","18/12/2019 14:00:00","","0",""
"199","","","VENDER EQUIP USADO","VENDER EQUIPAMENTO USADO","","O","N","N","N","N","N","N","N","N","N","N","0","","0","","","0","T","1","","","","0","","VANESSA.ALVES","22/08/2017 15:14:00","DIEGO.MARQUES","18/12/2019 14:00:00","","0",""
"200","","","APROVAR PEDIDO USADO","APROVAR PEDIDO EQUIPAMENTO USADO","","O","N","N","N","N","N","N","N","N","N","N","0","","0","","","0","T","1","","","","0","","VANESSA.ALVES","22/08/2017 15:23:00","LIVIA.SILVA","29/05/2023 09:53:00","","0",""
"201","","","RECEBER PED DCT USAD","RECEBER PEDIDO E DCTO USADOS","","O","N","N","N","N","N","N","N","N","N","N","0","","0","","","0","T","1","","","","0","","VANESSA.ALVES","22/08/2017 15:44:00","LIVIA.SILVA","29/05/2023 09:56:00","","0",""
"202","","","APROV CREDITO USADO","APROVAR CREDITO EQUIP USADO","","O","N","N","N","N","N","N","N","N","N","N","0","","0","","","0","T","1","","","","0","","VANESSA.ALVES","22/08/2017 15:49:00","LIVIA.SILVA","29/05/2023 10:16:00","","0",""
"203","","","VERIF DISP USADO","VERIFICAR DISPONIBILIDADE EQUIP USADO","","O","N","N","N","N","N","N","N","N","N","N","0","","0","","","0","T","1","","","","0","","VANESSA.ALVES","22/08/2017 15:52:00","LIVIA.SILVA","29/05/2023 09:10:00","","0","1"
"204","","","RECEBER EQUIP USADO(","RECEBER EQUIPAMENTO USADO(antigo)","","O","N","N","N","N","N","N","N","N","N","N","0","","0","","","0","T","1","","","","0","","VANESSA.ALVES","22/08/2017 15:58:00","DIEGO.MARQUES","10/06/2022 16:16:00","","0",""
"205","","","INF AGREGA EQ USADO","INFORMAR AGREGA EQUIP USADO","","O","N","N","N","N","N","N","N","N","N","N","0","","0","","","0","T","1","","","","0","","VANESSA.ALVES","22/08/2017 16:01:00","LIVIA.SILVA","29/05/2023 09:53:00","","0",""
"206","","","GERAR PEDIDO USADO","GERAR PEDIDO EQUIP USADO LINX","","O","N","N","N","N","N","N","N","N","N","N","0","","0","","","0","T","1","","","","0","","VANESSA.ALVES","22/08/2017 16:10:00","LIVIA.SILVA","11/01/2023 12:36:00","","0",""
"207","","","REAL AGREGA USADO","REALIZAR AGREGA EQUIP USADO","","O","N","N","N","N","N","N","N","N","N","N","0","","0","","","0","T","1","","","","0","","VANESSA.ALVES","22/08/2017 16:15:00","LIVIA.SILVA","29/05/2023 09:54:00","","0",""
"208","","","VALIDAR AGREGA EQ US","VALIDAR AGREGA CUSTO EQUIP USADO","","O","N","N","N","N","N","N","N","N","N","N","0","","0","","","0","T","1","","","","0","","VANESSA.ALVES","22/08/2017 16:19:00","LIVIA.SILVA","29/05/2023 09:56:00","","0",""
"209","","","AUTOR FATUR EQ USADO","AUTORIZAR FATURAMENTO EQUIP USADO","","O","N","N","N","N","N","N","N","N","N","N","0","","0","","","0","T","1","","","","0","","VANESSA.ALVES","22/08/2017 10:32:00","LIVIA.SILVA","29/05/2023 10:00:00","","0",""
"210","","","FATURAR EQUIP USADO","FATURAR EQUIP USADO","","O","N","N","N","N","N","N","N","N","N","N","0","","0","","","0","T","1","","","","0","","VANESSA.ALVES","22/08/2017 16:41:00","NETO.PRADO","21/02/2024 15:12:00","","0","1"
"211","","","RECEBER PGTO USADO","RECEBER PGTO EQUIPAMENTO USADO","","O","N","N","N","N","N","N","N","N","N","N","0","","0","","","0","T","1","","","","0","","VANESSA.ALVES","22/08/2017 16:45:00","LIVIA.SILVA","29/05/2023 10:01:00","","0","1"
"212","","","PAGAR COMISSÃO USADO","PAGAR COMISSÃO EQUIP USADO","","O","N","N","N","N","N","N","N","N","N","N","0","","0","","","0","T","1","","","","0","","VANESSA.ALVES","22/08/2017 17:29:00","LIVIA.SILVA","29/05/2023 10:02:00","","0","1"
"213","","","CONF INST E ENTREGA","CONFERIR INSTALAÇÃO E ENTREGA DE AMS","","O","N","N","N","N","N","N","N","N","N","N","0","","0","","","0","T","1","","","","0","","VANESSA.ALVES","31/08/2017 15:29:00","NETO.PRADO","29/11/2024 10:31:00","","0",""
"214","","","AGENDAR INSTAL AMS","AGENDAR INSTALACAO AMS","","O","N","N","N","N","N","N","N","N","N","N","0","","0","","","0","T","1","","","","0","","VANESSA.ALVES","31/08/2017 15:38:00","DIEGO.MARQUES","10/07/2020 11:24:00","","0",""
"215","","","CREDITO JOHN DEERE","SOLICITAR CREDITO BANCO JOHN DEERE","","O","N","N","N","N","N","N","N","N","N","N","0","","0","","","0","T","1","","","","0","","VANESSA.ALVES","31/08/2017 16:24:00","LIVIA.SILVA","27/06/2023 12:27:00","","0",""
"216","","","REFATURAR EQUIP JDE","REFATURAR EQUIPAMENTO JDE","","O","N","N","N","N","N","N","N","N","N","N","0","","0","","","0","T","1","","","","0","","VANESSA.ALVES","04/09/2017 10:54:00","LIVIA.SILVA","11/01/2023 12:41:00","","0","1"
"217","","","PEDIDO E AUTOR FAT","GERAR PEDIDO AUTORIZAR REFATUR JDE","","O","N","N","N","N","N","N","N","N","N","N","0","","0","","","0","T","1","","","","0","","VANESSA.ALVES","04/09/2017 16:04:00","LIVIA.SILVA","11/01/2023 12:37:00","","0",""
"218","","","SOLICITAR NF RETORNO","SOLICITAR NF RETORNO JDE","","O","N","N","N","N","N","N","N","N","N","N","0","","0","","","0","T","1","","","","0","","VANESSA.ALVES","04/09/2017 16:17:00","LIVIA.SILVA","11/01/2023 12:36:00","","0",""
"219","","","CREDITO SANTANDER","SOLICITAR CREDITO SANTANDER","","O","N","N","N","N","N","N","N","N","N","N","0","","0","","","0","T","1","","","","0","","VANESSA.ALVES","04/09/2017 17:06:00","LIVIA.SILVA","27/06/2023 12:31:00","","0",""
"220","","","CREDITO BRADESCO","SOLICITAR CREDITO BANCO BRADESCO","","O","N","N","N","N","N","N","N","N","N","N","0","","0","","","0","T","1","","","","0","","VANESSA.ALVES","04/09/2017 17:12:00","LIVIA.SILVA","26/06/2023 17:02:00","","0",""
"221","","","CREDITO OUTRO BANCO","SOLICITAR CREDITO OUTROS BANCOS","","O","N","N","N","N","N","N","N","N","N","N","0","","0","","","0","T","1","","","","0","","VANESSA.ALVES","04/09/2017 17:15:00","LIVIA.SILVA","27/06/2023 12:30:00","","0",""
"222","","","CRED BC BRASIL ESTEI","SOLICITAR CREDITO BANCO BRASIL ESTEIRA","","O","N","N","N","N","N","N","N","N","N","N","0","","0","","","0","T","1","","","","0","","VANESSA.ALVES","04/09/2017 17:18:00","LIVIA.SILVA","27/06/2023 12:26:00","","0",""
"223","","","CREDITO BANCO BRASIL","SOLICITAR CREDITO BANCO BRASIL","","O","N","N","N","N","N","N","N","N","N","N","0","","0","","","0","T","1","","","","0","","VANESSA.ALVES","04/09/2017 17:21:00","LIVIA.SILVA","26/06/2023 17:26:00","","0","1"
"224","","","RECEBER REFAT JDE","RECEBER REFATURAMENTO EQUIP JDE","","O","N","N","N","N","N","N","N","N","N","N","0","","0","","","0","T","1","","","","0","","VANESSA.ALVES","05/09/2017 08:01:00","LIVIA.SILVA","11/01/2023 12:42:00","","0",""
"225","","","VALIDAR VENDA AMS","VALIDAR VENDA AMS","","O","N","N","N","N","N","N","N","N","N","N","0","","0","","","0","T","1","","","","0","","VANESSA.ALVES","05/09/2017 12:32:00","DIEGO.MARQUES","27/02/2022 19:36:00","","0","1"
"226","","","AG INSTAL AMS FIELD","AGENDAR INSTALAÇÃO AMS FIELD","","O","N","N","N","N","N","N","N","N","N","N","0","","0","","","0","T","1","","","","0","","VANESSA.ALVES","08/09/2017 09:20:00","NETO.PRADO","29/11/2024 10:33:00","","0","1"
"227","","","REALIZAR COBRANÇA","REALIZAR COBRANÇA","COB","T","N","N","S","N","N","N","N","N","N","N","0","","0","","","0","T","1","","","","0","","VTCCONS","11/09/2017 11:03:00","LIVIA.SILVA","27/05/2024 08:47:00","","0",""
"228","","","NEGATIVAR CADASTRO","NEGATIVAR CADASTRO","NEG","T","N","N","S","N","N","N","N","N","N","N","0","","0","","","0","T","1","","","","0","","VTCCONS","11/09/2017 11:17:00","VANESSA.ALVES","27/09/2017 15:29:00","","0",""
"229","","","REALIZAR COB JURIDIC","REALIZAR COBRANÇA JURIDICA","COJ","T","S","N","N","N","N","N","N","N","N","N","0","","0","","","0","T","1","","","","0","","VTCCONS","11/09/2017 11:18:00","RICARDO.MORETTI","29/07/2025 15:19:00","","0",""
"230","","","LANÇAR PERDA","LANÇAR PERDA","LPER","T","N","N","N","N","N","N","N","N","N","N","0","","0","","","0","T","1","","","","0","","VTCCONS","11/09/2017 11:19:00","LIVIA.SILVA","27/06/2023 15:46:00","","0",""
"231","","","CONT VISITANTE SITE","CONTACTAR VISITANTE SITE","","O","N","N","N","N","N","N","N","N","N","N","0","","0","","","0","T","1","","","1","0","","VANESSA.ALVES","21/09/2017 08:43:00","LIVIA.SILVA","27/06/2023 15:33:00","","0",""
"232","","","PG COMISSÃO LOCAÇÃO","PAGAR COMISSÃO LOCAÇÃO","","O","N","N","N","N","N","N","N","N","N","N","0","","0","","","0","T","1","","","","0","","VANESSA.ALVES","03/10/2017 08:43:00","DIEGO.MARQUES","27/10/2020 12:32:00","","0","1"
"233","","","RECEBER LOCAÇÃO","RECEBER PAGAMENTO CONTRATO LOCAÇÃO","","O","N","N","N","N","N","N","N","N","N","N","0","","0","","","0","T","1","","","","0","","VANESSA.ALVES","03/10/2017 09:19:00","DIEGO.MARQUES","27/10/2020 12:35:00","","0",""
"234","","","RENOVAÇÃO LOCAÇÃO","OFERECER RENOVAÇÃO DE LOCAÇÃO","","O","N","N","N","N","N","N","N","N","N","N","0","","0","","","0","T","1","","","","0","","VANESSA.ALVES","03/10/2017 10:35:00","DIEGO.MARQUES","27/10/2020 12:36:00","","0","1"
"235","","","FATURAR LOCAÇÃO","FATURAR CONTRATO DE LOCAÇÃO","","O","N","N","N","N","N","N","N","N","N","N","0","","0","","","0","T","1","","","","0","","VANESSA.ALVES","03/10/2017 11:28:00","DIEGO.MARQUES","27/10/2020 12:35:00","","0",""
"236","","","ENTREG EQUIP LOCADO","ENTREGAR EQUIPAMENTO LOCADO","","O","N","N","N","N","N","N","N","N","N","N","0","","0","","","0","T","1","","","","0","","VANESSA.ALVES","03/10/2017 11:39:00","DIEGO.MARQUES","27/10/2020 12:37:00","","0","1"
"237","","","PREP EQUIPTO LOCADO","PREPARAR EQUIPAMENTO PARA LOCAÇÃO","","O","N","N","N","N","N","N","N","N","N","N","0","","0","","","0","T","1","","","","0","","VANESSA.ALVES","03/10/2017 11:49:00","DIEGO.MARQUES","27/10/2020 12:37:00","","0","1"
"238","","","AUTOR FAT LOCAÇÃO","AUTORIZAR FATURAMENTO DE LOCAÇÃO","","O","N","N","N","N","N","N","N","N","N","N","0","","0","","","0","T","1","","","","0","","VANESSA.ALVES","03/10/2017 11:56:00","DIEGO.MARQUES","04/10/2020 21:49:00","","0","1"
"239","","","RECEB EQUIP LOCAÇÃO","RECEBER EQUIPAMENTO PARA LOCAÇÃO","","O","N","N","N","N","N","N","N","N","N","N","0","","0","","","0","T","1","","","","0","","VANESSA.ALVES","03/10/2017 15:16:00","DIEGO.MARQUES","27/10/2020 12:36:00","","0","1"
"240","","","VERIF EQUIP LOCAÇÃO","VERIFICAR DISPONIBILIDADE EQUIP LOCAÇÃO","","O","N","N","N","N","N","N","N","N","N","N","0","","0","","","0","T","1","","","","0","","VANESSA.ALVES","03/10/2017 15:21:00","DIEGO.MARQUES","08/10/2020 14:30:00","","0","1"
"241","","","DESAGREGAR CUSTO AMS","DESAGREGAR CUSTO CONTABIL AMS","","O","N","N","N","N","N","N","N","N","N","N","0","","0","","","0","T","1","","","","0","","VANESSA.ALVES","06/10/2017 10:16:00","LIVIA.SILVA","11/01/2023 12:03:00","","0","1"
"242","","","REC AMS DESAGREGADO","RECEBER AMS DESAGREGADO","","O","N","N","N","N","N","N","N","N","N","N","0","","0","","","0","T","1","","","","0","","VANESSA.ALVES","06/10/2017 10:24:00","LIVIA.SILVA","11/01/2023 12:03:00","","0",""
"243","","","AGENDAR SERVIÇOS IBM","AGENDAR SERVIÇOS IBM","","O","N","N","N","N","N","N","N","N","N","N","0","","0","","","0","T","1","","","","0","","VANESSA.ALVES","09/10/2017 12:15:00","LIVIA.SILVA","27/06/2023 15:04:00","","0",""
"244","","","PREP CONTR LOCAÇÃO","PREPARAR CONTRATO DE LOCAÇÃO","","O","N","N","N","N","N","N","N","N","N","N","0","","0","","","0","T","1","","","","0","","VANESSA.ALVES","09/10/2017 16:53:00","DIEGO.MARQUES","27/10/2020 12:38:00","","0","1"
"245","","","ACOMP POS VENDA LOC","REALIZAR ACOMPANHAMENTO PÓS VENDA","","O","N","N","N","N","N","N","N","N","N","N","0","","0","","","0","T","1","","","","0","","VANESSA.ALVES","09/10/2017 17:12:00","DIEGO.MARQUES","11/08/2020 21:36:00","","0","1"
"247","","","CRÉDITO LOCAÇÃO","ANALISAR CRÉDITO LOCAÇÃO","","O","N","N","N","N","N","N","N","N","N","N","0","","0","","","0","T","1","","","","0","","VANESSA.ALVES","11/10/2017 10:13:00","DIEGO.MARQUES","04/10/2020 21:48:00","","0","1"
"248","","","APROVAR LOCAÇÃO","APROVAR CONTRATO DE LOCAÇÃO","","X","N","N","N","N","N","N","N","N","N","N","0","","0","","","0","T","1","","","","0","","VANESSA.ALVES","11/10/2017 14:14:00","DIEGO.MARQUES","04/10/2020 21:48:00","","0",""
"249","","","ACOMPANHAR LOCAÇÃO","ACOMPANHAR VENDA LOCAÇÃO","","O","N","N","N","N","N","N","N","N","N","N","0","","0","","","0","T","1","","","","0","","VANESSA.ALVES","20/11/2017 12:00:00","DIEGO.MARQUES","04/10/2020 21:37:00","","0","1"
"250","","","STATUS FINANC AMS","CONSULTAR STATUS FINANCEIRO AMS","","O","N","N","N","N","N","N","N","N","N","N","0","","0","","","0","T","1","","","","0","","VANESSA.ALVES","20/11/2017 14:51:00","DIEGO.MARQUES","09/11/2018 15:37:00","","0","1"
"251","","","STATUS FINANC IMPL","CONSULTAR STATUS FINANCEIRO IMPLEMENTO","","O","N","N","N","N","N","N","N","N","N","N","0","","0","","","0","T","1","","","","0","","VANESSA.ALVES","20/11/2017 15:01:00","DIEGO.MARQUES","09/11/2018 15:34:00","","0",""
"252","","","ANALISE DE CREDITO","REALIZAR ANALISE DE CREDITO","","O","N","N","N","N","N","N","N","N","N","N","0","","0","","","0","T","1","","","","0","","VANESSA.ALVES","21/11/2017 14:26:00","NETO.PRADO","21/02/2024 11:12:00","","0","1"
"253","","","CRED BC BRASIL IMP","SOLICITAR CREDITO BANCO BRASIL IMP","","O","N","N","N","N","N","N","N","N","S","N","0","","0","","","0","T","1","","","","0","","VANESSA.ALVES","23/11/2017 15:34:00","LIVIA.SILVA","26/06/2023 16:46:00","","0",""
"254","","","CRED BC BRAS EST IMP","SOLICITAR CREDITO BCO BRASIL ESTEIRA IMP","","O","N","N","N","N","N","N","N","N","N","N","0","","0","","","0","T","1","","","","0","","VANESSA.ALVES","23/11/2017 15:59:00","LIVIA.SILVA","27/06/2023 12:29:00","","0","1"
"255","","","CRED BC JD IMPL","SOLICITAR CREDITO BANCO JOHN DEERE IMPL","","O","N","N","N","N","N","N","N","N","N","N","0","","0","","","0","T","1","","","","0","","VANESSA.ALVES","23/11/2017 16:58:00","LIVIA.SILVA","27/06/2023 12:28:00","","0","1"
"256","","","BRASIL ESTEIRA IMP","SOLIC CREDITO BANCO BRASIL ESTEIRA IMP","","O","N","N","N","N","N","N","N","N","N","N","0","","0","","","0","T","1","","","","0","","VANESSA.ALVES","23/11/2017 17:04:00","LIVIA.SILVA","27/06/2023 12:25:00","","0","1"
"257","","","CREDITO BRADESCO IMP","SOLICITAR CREDITO BANCO BRADESCO IMP","","O","N","N","N","N","N","N","N","N","N","N","0","","0","","","0","T","1","","","","0","","VANESSA.ALVES","23/11/2017 17:14:00","LIVIA.SILVA","26/06/2023 16:46:00","","0",""
"258","","","CRED SANTANDER IMP","SOLICITAR CREDITO BANCO SANTANDER IMP","","O","N","N","N","N","N","N","N","N","N","N","0","","0","","","0","T","1","","","","0","","VANESSA.ALVES","23/11/2017 17:23:00","LIVIA.SILVA","26/06/2023 16:45:00","","0",""
"259","","","OUTROS BANCOS IMP","SOLICITAR CREDITO OUTROS BANCOS IMP","","O","N","N","N","N","N","N","N","N","N","N","0","","0","","","0","T","1","","","","0","","VANESSA.ALVES","23/11/2017 17:31:00","LIVIA.SILVA","27/06/2023 12:31:00","","0",""
"260","","","SOLIC NF RETORNO IMP","SOLICITAR NF RETORNO IMPLEMENTO","","O","N","N","N","N","N","N","N","N","N","N","0","","0","","","0","T","1","","","","0","","VANESSA.ALVES","29/11/2017 07:55:00","LIVIA.SILVA","26/06/2023 16:59:00","","0",""
"261","","","AUTOR REFATUR IMP","GERAR PEDIDO E AUTORIZAR REFATUR IMP","","O","N","N","N","N","N","N","N","N","N","N","0","","0","","","0","T","1","","","","0","","VANESSA.ALVES","29/11/2017 08:36:00","LIVIA.SILVA","26/06/2023 17:00:00","","0","1"
"262","","","REFATURAR IMPLEMENTO","REFATURAR IMPLEMENTO","","O","N","N","N","N","N","N","N","N","N","N","0","","0","","","0","T","1","","","","0","","VANESSA.ALVES","29/11/2017 08:40:00","LIVIA.SILVA","26/06/2023 17:01:00","","0","2"
"263","","","RECEBER REFATUR IMPL","RECEBER REFATURAMENTO IMP","","O","N","N","N","N","N","N","N","N","N","N","0","","0","","","0","T","1","","","","0","","VANESSA.ALVES","29/11/2017 08:47:00","LIVIA.SILVA","26/06/2023 17:01:00","","0","2"
"264","","","DESAG CUSTO AMS F","DESAGREGAR CUSTO CONTABIL AMS FIELD","","O","N","N","N","N","N","N","N","N","N","N","0","","0","","","0","T","1","","","","0","","VANESSA.ALVES","19/12/2017 14:32:00","NETO.PRADO","29/11/2024 10:34:00","","0","1"
"265","","","GERAR GARANTIA JD","GERAR PROCESSO DE GARANTIA","","O","N","N","N","N","N","N","N","N","N","N","0","","0","","","0","T","1","","","","0","","VANESSA.ALVES","20/12/2017 16:12:00","MATHEUS.AUGUSTO","05/02/2025 11:47:00","","0",""
"266","","","ANALISAR GARANTIA JD","ANALISA PROCESSO GARANTIA JD","","O","N","N","N","N","N","N","N","N","N","N","0","","0","","","0","T","1","","","","0","","VANESSA.ALVES","20/12/2017 16:17:00","MATHEUS.AUGUSTO","03/02/2025 11:08:00","","0",""
"267","","","FATURAR GARANTIA JD","FATURAR GARANTIA JD","","O","N","N","N","N","N","N","N","N","N","N","0","","0","","","0","T","1","","","","0","","VANESSA.ALVES","20/12/2017 16:25:00","NETO.PRADO","29/11/2024 10:35:00","","0","1"
"268","","","PROSP SERVICOS","PROSPECTAR SERVICOS JD","","O","N","N","N","N","N","N","N","N","N","N","0","","0","","","0","T","1","","","","0","","VANESSA.ALVES","20/12/2017 16:40:00","NETO.PRADO","29/11/2024 10:35:00","","0",""
"269","","","COLETAR FLUIDO","COLETAR MATERIAL ANALISE DE FLUIDOS","","O","N","N","S","N","N","N","N","N","N","N","0","","0","","","0","T","1","","","","0","","VANESSA.ALVES","20/12/2017 16:42:00","VANESSA.ALVES","29/12/2017 07:54:00","","0",""
"270","","","ANALISAR FLUIDO","ENVIAR ANALISE FLUIDO","","O","S","N","S","N","N","N","N","N","N","N","0","","0","","","0","T","1","","","","0","","VANESSA.ALVES","20/12/2017 17:39:00","MATHEUS.AUGUSTO","29/07/2025 08:53:08","","0",""
"271","","","MONITORAR ANALISE FL","MONITORAR ANALISE DE FLUIDOS","","O","N","N","S","N","N","N","N","N","N","N","0","","0","","","0","T","1","","","","0","","VANESSA.ALVES","20/12/2017 17:50:00","LIVIA.SILVA","14/09/2023 10:04:00","","0","1"
"272","","","VENDER SERVICO DE AM","VENDER SERVICO DE AMS","","O","S","N","S","N","N","N","N","N","N","N","0","","0","","","0","T","1","","","","0","","VANESSA.ALVES","21/12/2017 08:17:00","MATHEUS.AUGUSTO","29/08/2025 09:34:00","","0",""
"273","","","APROVAR SERVICO AMS","APROVAR SERVICO AMS","","O","N","N","N","N","N","N","N","N","N","N","0","","0","","","0","T","1","","","","0","","VANESSA.ALVES","21/12/2017 08:25:00","NETO.PRADO","29/11/2024 10:36:00","","0",""
"274","","","COMPRAR ATIVAÇÃO AMS","COMPRAR ATIVAÇÃO AMS","","O","N","N","N","N","N","N","N","N","N","N","0","","0","","","0","T","1","","","","0","","VANESSA.ALVES","21/12/2017 08:28:00","NETO.PRADO","29/11/2024 10:36:00","","0","1"
"275","","","CREDITO SERVICOS AMS","ANALISAR CREDITO SERVICOS AMS","","O","N","N","N","N","N","N","N","N","N","N","0","","0","","","0","T","1","","","","0","","VANESSA.ALVES","21/12/2017 08:32:00","NETO.PRADO","29/11/2024 10:37:00","","0","1"
"276","","","GERAR O.S.SERV. AMS","GERAR ORDEM DE SERVICO AMS","","O","S","N","S","N","N","N","N","N","N","S","0","","0","","","0","T","1","","","","0","","VANESSA.ALVES","21/12/2017 08:38:00","MATHEUS.AUGUSTO","29/08/2025 09:47:33","","0","1"
"277","","","COMISSÃO SERV. AMS","PAGAR COMISSÃO SERVIÇO AMS","","O","N","N","N","N","N","N","N","N","N","N","0","","0","","","0","T","1","","","","0","","VANESSA.ALVES","21/12/2017 08:43:00","NETO.PRADO","29/11/2024 10:37:00","","0","1"
"278","","","REALIZAR REVISÃO","REALIZAR REVISÃO","","O","N","N","N","N","N","N","N","N","N","N","0","","0","","","0","T","1","","","","0","","VANESSA.ALVES","28/12/2017 17:56:00","LIVIA.SILVA","27/06/2023 15:29:00","","0",""
"279","","","REALIZAR PMP JD","REALIZAR PMP JD","","O","N","N","N","N","N","N","N","N","N","N","0","","0","","","0","T","1","","","","0","","VANESSA.ALVES","28/12/2017 18:15:00","LIVIA.SILVA","27/06/2023 16:32:00","","0",""
"280","","","RELATORIO N EXECUCAO","COLETAR RELATORIO NAO EXECUÇÃO","","O","N","N","N","N","N","N","N","N","N","N","0","","0","","","0","T","1","","","","0","","VANESSA.ALVES","28/12/2017 18:27:00","LIVIA.SILVA","27/06/2023 15:28:00","","0",""
"281","","","Realizar Suporte","Realizar Suporte","","O","S","N","N","N","N","N","N","N","S","N","0","","0","0","","0","T","0","0","0","0","5","","VTCCONS","18/01/2018 13:53:17","VTCCONS","18/01/2018 15:49:00","0","0","0"
"282","","","Acompanhar Suporte F","Acompanhar Suporte Fornecedor","","O","S","N","N","N","N","N","N","N","S","N","0","","0","0","","0","T","0","0","0","0","5","","VTCCONS","18/01/2018 13:57:11","VTCCONS","18/01/2018 15:50:00","0","0","0"
"283","","","COLETAR TESTE","COLETAR TESTE","","O","N","N","N","N","N","N","N","N","N","N","0","","0","","","0","T","1","","","","0","","VANESSA.ALVES","25/01/2018 14:51:00","LIVIA.SILVA","27/06/2023 15:30:00","","0",""
"284","","","PREPARAR TESTE","PREPARAR TESTE","","O","N","N","N","N","N","N","N","N","N","N","0","","0","","","0","T","1","","","","0","","VANESSA.ALVES","25/01/2018 14:55:00","LIVIA.SILVA","27/06/2023 15:30:00","","0",""
"285","","","VALIDAR INDICAÇÃO","VALIDAR PARECER DE AFERIÇÃO","","T","N","N","N","N","N","N","N","N","N","N","0","","0","","","0","T","1","","","","0","","VANESSA.ALVES","27/02/2018 15:42:00","NETO.PRADO","29/11/2024 10:38:00","","0",""
"286","","","REALIZAR ATENDIMENTO","REALIZAR ATENDIMENTO DE SERVIÇOS","","O","N","N","N","N","N","N","N","N","S","N","0","","0","","","0","T","1","","","","0","","DIEGO.MARQUES","01/03/2018 11:10:00","NETO.PRADO","06/02/2025 14:15:00","","0",""
"287","","","OFER CONSORCIO JDE","OFERECER CONSORCIO JDE","","O","N","N","N","N","N","N","N","N","N","N","0","","0","","","0","T","1","","1","","0","","VANESSA.ALVES","13/03/2018 11:25:00","LIVIA.SILVA","27/06/2023 12:23:00","","0","1"
"288","","","PROSP CLIENTE GERAL","PROSPECTAR CLIENTE GERAL","","T","N","N","N","N","N","N","N","N","N","N","0","","0","","","0","T","1","","1","","0","","VANESSA.ALVES","14/03/2018 15:47:00","NETO.PRADO","28/11/2024 17:31:00","","0",""
"289","","","ACOMP VISITA PROSP","ACOMPANHAR VISITA APÓS PROPECÇÃO","","T","N","N","N","N","N","N","N","N","N","N","0","","0","","","0","T","1","","1","","0","","VANESSA.ALVES","20/03/2018 09:10:00","NETO.PRADO","29/11/2024 10:38:00","","0",""
"290","","","MONITORAR CLI USADOS","MONITORAR CLIENTE COL EQUIP USADOS","","O","N","N","N","N","N","N","N","N","S","N","0","","0","","","0","T","1","","1","","0","","VANESSA.ALVES","22/03/2018 11:02:00","NETO.PRADO","21/02/2024 14:46:00","","0",""
"291","","","Classificar Chamado ","Classificar Chamado","","P","N","N","N","N","N","N","N","N","N","N","0","","0","","","0","T","1","","","","0","","DIEGO.MARQUES","26/03/2018 09:53:00","NETO.PRADO","21/01/2025 11:14:00","","0",""
"292","","","ATENDER NIVEL 1","ATENDER NIVEL 1","","W","N","N","N","N","N","N","N","N","N","N","0","","0","","","0","T","1","","","","0","","DIEGO.MARQUES","26/03/2018 10:13:00","DIEGO.MARQUES","12/07/2020 19:15:00","","0",""
"293","","","ATENDIMENTO TERCEIRO","SOLICITAR ATENDIMENTO TERCEIROS","","W","N","N","N","N","N","N","N","N","N","N","0","","0","","","0","T","1","","","","0","","DIEGO.MARQUES","26/03/2018 10:24:00","DIEGO.MARQUES","12/07/2020 19:15:00","","0",""
"294","","","ATENDER NIVEL 2","ATENDER NIVEL 2","","W","N","N","N","N","N","N","N","N","N","N","0","","0","","","0","T","1","","","","0","","DIEGO.MARQUES","26/03/2018 10:52:00","DIEGO.MARQUES","12/07/2020 19:15:00","","0",""
"295","","","RESPO PESQ DE SATISF","RESPONDER PESQUISA DE SATISFAÇÃO","","O","N","N","N","N","N","N","N","N","N","N","0","","0","","","0","T","1","","","","0","","DIEGO.MARQUES","26/03/2018 11:09:00","LIVIA.SILVA","27/06/2023 16:39:00","","0",""
"296","","","RETORNAR WHAT APP","RETORNAR CONTATO WHATS APP","","O","N","N","N","N","N","N","N","N","N","N","0","","0","","","0","T","1","","","","0","","VANESSA.ALVES","16/04/2018 16:10:00","LIVIA.SILVA","27/06/2023 16:38:00","","0",""
"297","","","RETORNAR CONTATO","RETORNAR CONTATO","","O","N","N","N","N","N","N","N","N","N","N","0","","0","","","0","T","1","","","","0","","VANESSA.ALVES","10/05/2018 12:54:00","LIVIA.SILVA","27/06/2023 16:39:00","","0",""
"298","","","ACOMP RETORNO CONTAT","ACOMPANHAR RETORNO DE CONTATO","","O","N","N","N","N","N","N","N","N","N","N","0","","0","","","0","T","1","","","","0","","VANESSA.ALVES","11/05/2018 09:31:00","LIVIA.SILVA","27/06/2023 14:57:00","","0",""
"299","","","FAT O.S ATENDIMENTO","FATURAR O.S ATENDIMENTO REMOTO CSC","","O","N","N","N","N","N","N","N","N","N","S","0","","0","","","0","T","1","","1","","0","","DIEGO.MARQUES","05/07/2018 13:02:00","NETO.PRADO","29/11/2024 10:44:00","","0","1"
"300","","","ATENDER SERVIÇO CSC","ATENDER SERVIÇO CSC","","O","N","N","S","N","N","N","N","N","N","N","0","","0","","","0","T","1","","","","0","","DIEGO.MARQUES","05/07/2018 14:36:00","NETO.PRADO","27/02/2024 09:43:00","","0",""
"301","","","REALIZA ATEND EXTERN","REALIZAR ATENDIMENTO EXTERNO","","O","N","N","N","N","N","N","N","N","N","N","0","","0","","","0","T","1","","","","0","","DIEGO.MARQUES","05/07/2018 15:13:00","LIVIA.SILVA","27/06/2023 15:39:00","","0",""
"302","","","ATENDER CLIENTE CSC","ATENDER CLIENTE CSC","","O","N","N","N","N","N","N","N","N","N","N","0","","0","","","0","T","1","","","","0","","DIEGO.MARQUES","05/07/2018 16:16:00","NETO.PRADO","29/11/2024 10:44:00","","0",""
"303","","","FATURAR ATEND EXT","FATURAR ATENDIMENTO EXTERNO CSC","","P","N","N","N","N","N","N","N","N","S","N","0","","0","","","0","T","1","","","","0","","DIEGO.MARQUES","25/07/2018 10:49:00","LIVIA.SILVA","27/06/2023 15:40:00","","0",""
"304","","","AUTORIZAR ENTREGA","AUTORIZAR ENTREGA","","O","N","N","N","N","N","N","N","N","N","N","0","","0","","","0","T","1","","","","0","","DIEGO.MARQUES","13/08/2018 09:13:00","LIVIA.SILVA","11/01/2023 12:43:00","","0",""
"305","","","PREPARAR PEDIDO DOCT","PREPARAR PEDIDO E DOCTO P/ APROVACAO IMP","","O","N","N","N","N","N","N","N","N","N","N","0","","0","","","0","T","1","","","","0","","DIEGO.MARQUES","20/08/2018 08:34:00","LIVIA.SILVA","26/06/2023 16:20:00","","0",""
"306","","","AUTORIZAR ENTREGA IM","AUTORIZAR ENTREGA IMP","","O","N","N","N","N","N","N","N","N","N","N","0","","0","","","0","T","1","","","","0","","DIEGO.MARQUES","23/08/2018 15:04:00","LIVIA.SILVA","27/06/2023 15:22:00","","0",""
"307","","","PROGRAMAR INSTALAÇÃO","PROGRAMAR INSTALAÇÃO IMPLEMENTO","","O","N","N","N","N","N","N","N","N","S","N","0","","0","","","0","T","1","","","","0","","DIEGO.MARQUES","18/10/2018 17:03:00","LIVIA.SILVA","26/06/2023 16:26:00","","0","1"
"308","","","PREPARAR PED E DOC","PREPARAR PEDIDO DOCTO PARA APROVAÇÃO AMS","","O","N","N","N","N","N","N","N","N","S","N","0","","0","","","0","T","1","","","","0","","DIEGO.MARQUES","21/10/2018 14:24:00","NETO.PRADO","29/11/2024 10:45:00","","0","1"
"309","","","ANALISAR CORTESIA","ANALISAR CORTESIA","","O","N","N","S","N","N","N","N","N","N","N","0","","0","","","0","T","1","","","","0","","DIEGO.MARQUES","31/10/2018 13:12:00","LIVIA.SILVA","18/04/2023 15:26:00","","0",""
"310","","","Agendar Atendimento","AGENDAR ATENDIMENTO","","O","N","N","N","N","N","N","N","N","N","N","0","","0","","","0","T","1","","","","0","","DIEGO.MARQUES","26/11/2018 07:39:00","DIEGO.MARQUES","24/06/2020 22:06:00","","0",""
"311","","","Gerar Contrato","GERAR CONTRATO","","O","N","N","N","N","N","N","N","N","N","S","0","","0","","","0","T","1","","","","0","","DIEGO.MARQUES","02/12/2018 16:07:00","LIVIA.SILVA","11/01/2023 12:29:00","","0",""
"312","","","VENDER SERVIÇOS IM","VENDER SERVIÇOS POS VENDA IM","","T","N","N","S","N","N","N","N","N","N","N","0","","0","","","0","T","1","","","","0","","DIEGO.MARQUES","03/12/2018 14:05:00","LIVIA.SILVA","08/11/2023 09:13:00","","0",""
"313","","","GERAR CONTRATO IMPLE","GERAR CONTRATO IMPLEMENTO","","O","N","N","N","N","N","N","N","N","N","S","0","","0","","","0","T","1","","","","0","","DIEGO.MARQUES","03/12/2018 23:34:00","LIVIA.SILVA","26/06/2023 16:44:00","","0",""
"314","","","AGENDAR SERVIÇO JD","AGENDAR SERVIÇO JD","","O","N","N","N","N","N","N","N","N","N","N","0","","0","","","0","T","1","","","","0","","DIEGO.MARQUES","27/12/2018 16:16:00","LIVIA.SILVA","27/06/2023 15:01:00","","0",""
"315","57","","AFERIR EVENTO JD","AFERIR EVENTO JD","","O","N","N","N","N","N","N","N","N","N","N","0","","0","","","0","T","1","","1","","0","","VANESSA.ALVES","19/02/2019 12:36:00","NETO.PRADO","29/11/2024 10:45:00","","0",""
"316","","","VALIDAR BONIFICAÇÃO ","VALIDAR BONIFICAÇÃO JDE","","O","N","N","N","N","N","N","N","N","N","N","0","","0","","","0","T","1","","","","0","","DIEGO.MARQUES","28/02/2019 14:31:00","NETO.PRADO","29/11/2024 10:46:00","","0","1"
"317","","","VALIDAR BONIF IMPL","VALIDAR BONIFICAÇÃO IMPLEMENTO","","O","N","N","N","N","N","N","N","N","N","N","0","","0","","","0","T","1","","","","0","","DIEGO.MARQUES","10/03/2019 13:44:00","NETO.PRADO","29/11/2024 10:46:00","","0","1"
"318","","","RETIRAR EQUIP USADO","RETIRAR EQUIPAMENTO USADO/COMPRA NOVO JD","","O","N","N","N","N","N","N","N","N","N","N","0","","0","","","0","T","1","","","","0","","DIEGO.MARQUES","11/03/2019 15:05:00","LIVIA.SILVA","11/01/2023 11:53:00","","0","1"
"319","","","RECEBER MAQUINAS USA","RECEBER EQUIPAMENTO USADO/COMPRA NOVO JD","","O","N","N","N","N","N","N","N","N","N","N","0","","0","","","0","T","1","","","","0","","DIEGO.MARQUES","11/03/2019 16:28:00","LIVIA.SILVA","11/01/2023 14:27:00","","0",""
"320","","","VAL DOC EQP US/NV JD","VALIDAR DOC EQUIP USADO/COMPRA NOVO JD","","O","N","N","N","N","N","N","N","N","N","N","0","","0","","","0","T","1","","","","0","","DIEGO.MARQUES","13/03/2019 09:20:00","DIEGO.MARQUES","30/05/2021 14:50:00","","0","1"
"321","","","REALIZAR ENTRADA NF ","REALIZAR ENT NF EQUI USAD/COMPRA NOVO JD","","O","N","N","N","N","N","N","N","N","N","N","0","","0","","","0","T","1","","","","0","","DIEGO.MARQUES","13/03/2019 09:33:00","LIVIA.SILVA","11/01/2023 14:27:00","","0","1"
"322","","","GERAR PEDIDO E AUTOR","GERAR PEDIDO E AUTORIZAR FAT USADO","","O","N","N","N","N","N","N","N","N","N","N","0","","0","","","0","T","1","","","","0","","DIEGO.MARQUES","13/03/2019 09:42:00","LIVIA.SILVA","11/01/2023 14:50:00","","0","1"
"323","","","FATURAR SERVIÇO AMS","FATURAR SERVIÇO AMS","","O","N","N","S","N","N","N","N","N","N","N","0","","0","","","0","T","1","","","","0","","DIEGO.MARQUES","18/03/2019 12:34:00","LIVIA.SILVA","29/09/2023 09:17:00","","0",""
"324","","","ACOMPANHAR RECEBIMEN","ACOMPANHAR RECEBIMENTO SERVICO AMS","","O","N","N","S","N","N","N","N","N","N","N","0","","0","","","0","T","1","","","","0","","DIEGO.MARQUES","18/03/2019 13:38:00","DIEGO.MARQUES","19/03/2019 12:33:00","","0",""
"325","","","FATURAR USADO","FATURAR USADO","","O","N","N","N","N","N","N","N","N","N","N","0","","0","","","0","T","1","","","","0","","DIEGO.MARQUES","19/03/2019 12:36:00","LIVIA.SILVA","11/01/2023 14:51:00","","0","1"
"326","","","ACOMPANHAR RECEBIMEN","ACOMPANHAR RECEBIMENTO DO USADO","","O","N","N","N","N","N","N","N","N","N","N","0","","0","","","0","T","1","","","","0","","DIEGO.MARQUES","19/03/2019 12:38:00","LIVIA.SILVA","11/01/2023 14:59:00","","0",""
"327","","","PREPARAR PEDIDO E DO","PREPARAR PEDIDO E DOCTO SERVIÇO AMS","","O","N","N","N","N","N","N","N","N","N","N","0","","0","","","0","T","1","","","","0","","DIEGO.MARQUES","20/03/2019 22:27:00","NETO.PRADO","29/11/2024 10:46:00","","0",""
"328","","","RETIRAR USADO ANTE D","RETIRAR USADO ANTES ENTREGA DO NOVO JD","","O","N","N","N","N","N","N","N","N","N","N","0","","0","","","0","T","1","","","","0","","DIEGO.MARQUES","21/03/2019 22:09:00","LIVIA.SILVA","11/01/2023 11:48:00","","0",""
"329","","","ACOMP ENT EQUIP USA","ACOMPANHAR ENT EQUI USADO/COMPRA NOVO JD","","O","N","N","N","N","N","N","N","N","N","N","0","","0","","","0","T","1","","","","0","","DIEGO.MARQUES","21/03/2019 22:16:00","LIVIA.SILVA","11/01/2023 14:25:00","","0",""
"330","","","RETIRAR USADO APOS E","RETIRAR USADO APOS ENTREGA DO NOVO JD","","O","N","N","N","N","N","N","N","N","N","N","0","","0","","","0","T","1","","","","0","","DIEGO.MARQUES","22/03/2019 09:07:00","LIVIA.SILVA","11/01/2023 11:53:00","","0",""
"331","","","VALIDAR CORREÇÃO DIV","VALIDAR CORREÇÃO DIVERGENCIA","","O","N","N","N","N","N","N","N","N","N","N","0","","0","","","0","T","1","","","","0","","DIEGO.MARQUES","26/03/2019 19:55:00","LIVIA.SILVA","11/01/2023 14:27:00","","0",""
"332","","","VALIDAR VENDA DO USA","VALIDAR VENDA DO USADO","","O","N","N","N","N","N","N","N","N","N","N","0","","0","","","0","T","1","","","","0","","DIEGO.MARQUES","29/03/2019 11:38:00","NETO.PRADO","21/02/2024 14:48:00","","0",""
"333","","","PREPARAR DOCUMENTAÇ","PREPARAR DOCUMENTAÇÃO AMS FIELD","","O","N","N","N","N","N","N","N","N","N","N","0","","0","","","0","T","0","","","","0","","DIEGO.MARQUES","15/04/2019 08:35:00","NETO.PRADO","29/11/2024 10:47:00","","0","2"
"334","","","Analisar Insat AMS","ANALISAR INSATISFACAO AMS","","T","N","N","S","N","N","N","N","N","N","N","0","","0","","","0","T","1","","","","0","","DIEGO.MARQUES","15/04/2019 12:36:00","LIVIA.SILVA","29/05/2024 13:40:00","","0",""
"335","","","Contactar Cliente In","Contactar Cliente Insatisfeito AMS","","T","N","N","S","N","N","N","N","N","N","N","0","","0","","","0","T","0","","","","0","","DIEGO.MARQUES","15/04/2019 13:17:00","LIVIA.SILVA","04/07/2024 12:06:00","","0",""
"336","","","SOLIC ONUS /NOVO JD","SOLICITAR DECLARÇÃO ONUS /COMPRA NOVO JD","","O","N","N","N","N","N","N","N","N","N","N","0","","0","","","0","T","1","","","","0","","DIEGO.MARQUES","15/05/2019 08:55:00","LIVIA.SILVA","11/01/2023 11:54:00","","0",""
"337","","","REALIZAR CHECAGEM IN","REALIZAR CHECAGEM INTERNA A.M.S FIELD","","O","N","N","N","N","N","N","N","N","N","N","0","","0","","","0","T","1","","","","0","","DIEGO.MARQUES","31/07/2019 21:57:00","NETO.PRADO","29/11/2024 10:47:00","","0",""
"338","","","PROVIDENCIAR DOC PEN","PROVIDENCIAR DOC PENDENTE A.M.S FIELD","","O","N","N","N","N","N","N","N","N","N","N","0","","0","","","0","T","1","","","","0","","DIEGO.MARQUES","31/07/2019 22:30:00","NETO.PRADO","29/11/2024 10:47:00","","0",""
"339","","","SOLICITAR CREDITO BA","SOLICITAR CREDITO BANCO SANTANDER AMS","","O","N","N","N","N","N","N","N","N","N","N","0","","0","","","0","T","1","","","","0","","DIEGO.MARQUES","06/08/2019 12:41:00","LIVIA.SILVA","27/06/2023 12:28:00","","0",""
"340","","","SOLICITAR CREDITO BA","SOLICITAR CREDITO BANCO BRASIL AMS","","O","N","N","N","N","N","N","N","N","N","N","0","","0","","","0","T","1","","","","0","","DIEGO.MARQUES","06/08/2019 12:47:00","LIVIA.SILVA","26/06/2023 17:27:00","","0",""
"341","","","SOLICITAR CREDITO BA","SOLICITAR CREDITO BANCO BRADESCO AMS","","O","N","N","N","N","N","N","N","N","N","N","0","","0","","","0","T","1","","","","0","","DIEGO.MARQUES","06/08/2019 12:57:00","LIVIA.SILVA","26/06/2023 17:26:00","","0",""
"342","","","SOLICITAR CREDITO BA","SOLICITAR CREDITO BANCO JOHN DEERE AMS","","O","N","N","N","N","N","N","N","N","N","N","0","","0","","","0","T","1","","","","0","","DIEGO.MARQUES","06/08/2019 13:00:00","LIVIA.SILVA","27/06/2023 12:27:00","","0",""
"343","","","SOLICITAR CREDITO OU","SOLICITAR CREDITO OUTROS BANCOS AMS","","O","N","N","N","N","N","N","N","N","N","N","0","","0","","","0","T","1","","","","0","","DIEGO.MARQUES","06/08/2019 13:00:00","LIVIA.SILVA","27/06/2023 12:30:00","","0",""
"344","","","SOLICITAR CREDITO BC","SOLICITAR CREDITO BCO BRASIL ESTEIRA AMS","","O","N","N","N","N","N","N","N","N","N","N","0","","0","","","0","T","1","","","","0","","DIEGO.MARQUES","06/08/2019 13:02:00","LIVIA.SILVA","27/06/2023 12:29:00","","0",""
"345","","","SOLICITAR NF DE RET","SOLICITAR NF DE RETORNO AMS","","O","N","N","N","N","N","N","N","N","N","N","0","","0","","","0","T","1","","","","0","","DIEGO.MARQUES","06/08/2019 21:45:00","NETO.PRADO","29/11/2024 10:48:00","","0",""
"346","","","AUTOR REFAT AMS","GERAR PEDIDO E AUTORIZAR REFATUR AMS","","O","N","N","N","N","N","N","N","N","N","N","0","","0","","","0","T","1","","","","0","","DIEGO.MARQUES","06/08/2019 21:48:00","NETO.PRADO","29/11/2024 10:48:00","","0",""
"347","","","Refaturar AMS","REFATURAR AMS FIELD","","O","N","N","N","N","N","N","N","N","N","N","0","","0","","","0","T","1","","","","0","","DIEGO.MARQUES","06/08/2019 21:55:00","NETO.PRADO","29/11/2024 10:48:00","","0",""
"348","","","RECEBER REFAT AMS","RECEBER REFATURAMENTO AMS FIELD","","O","N","N","N","N","N","N","N","N","N","N","0","","0","","","0","T","1","","","","0","","DIEGO.MARQUES","06/08/2019 22:01:00","NETO.PRADO","29/11/2024 10:49:00","","0",""
"349","","","ATIVAR AMS FIELD","ATIVAR AMS FIELD","","O","N","N","N","N","N","N","N","N","N","N","0","","0","","","0","T","1","","","","0","","DIEGO.MARQUES","06/08/2019 22:09:00","NETO.PRADO","29/11/2024 10:49:00","","0",""
"350","","","APROVAR CREDITO PEÇA","APROVAR CREDITO PEÇAS AMS FIELD","","O","N","N","N","N","N","N","N","N","N","N","0","","0","","","0","T","1","","","","0","","DIEGO.MARQUES","06/08/2019 22:15:00","NETO.PRADO","29/11/2024 10:50:00","","0",""
"351","","","FATURAR AMS FIELD PE","FATURAR AMS FIELD PEÇAS SAP","","O","N","N","N","N","N","N","N","N","N","N","0","","0","","","0","T","1","","","","0","","DIEGO.MARQUES","06/08/2019 22:18:00","NETO.PRADO","29/11/2024 10:50:00","","0",""
"352","","","NEGOCIAR SERVIÇOS JD","NEGOCIAR SERVIÇOS JD","","O","N","N","N","N","N","N","N","N","N","N","0","","0","","","0","T","1","","","","0","","DIEGO.MARQUES","08/08/2019 13:02:00","LIVIA.SILVA","27/06/2023 15:48:00","","0",""
"353","","","LANCAR SERVICE ADMIN","LANCAR SERVICE ADMIN JD","","O","N","N","N","N","N","N","N","N","N","N","0","","0","","","0","T","1","","","","0","","DIEGO.MARQUES","08/08/2019 13:45:00","LIVIA.SILVA","27/06/2023 15:47:00","","0",""
"354","","","SOLICITAR SERVIÇOS","SOLICITAR SERVIÇOS JD","","O","N","N","N","N","N","N","N","N","N","N","0","","0","","","0","T","1","","","","0","","DIEGO.MARQUES","08/08/2019 14:28:00","DIEGO.MARQUES","12/07/2020 19:24:00","","0",""
"356","","","ENVIAR PROPOSTA DE S","ENVIAR PROPOSTA DE SERVIÇO JD","","O","N","N","N","N","N","N","N","N","N","N","0","","0","","","0","T","1","","","","0","","DIEGO.MARQUES","12/08/2019 21:50:00","NETO.PRADO","29/11/2024 10:50:00","","0",""
"357","","","APROVAR PROPOSTA SER","APROVAR PROPOSTA SERVIÇO JD","","O","N","N","N","N","N","N","N","N","N","N","0","","0","","","0","T","1","","","","0","","DIEGO.MARQUES","12/08/2019 22:15:00","NETO.PRADO","29/11/2024 10:51:00","","0",""
"358","","","Validar Alteração Pr","VALIDAR ALTERAÇÃO PROPRIEDADES","","O","N","N","N","N","N","N","N","N","N","N","0","","0","","","0","T","1","","","","0","","DIEGO.MARQUES","15/08/2019 13:37:00","LIVIA.SILVA","27/06/2023 16:46:00","","0",""
"359","","","ALTERAR PESSOA PROCE","ALTERAR PESSOA DO PROCESSO USADO","","O","N","N","N","N","N","N","N","N","N","N","0","","0","","","0","T","1","","","","0","","DIEGO.MARQUES","21/08/2019 15:46:00","DIEGO.MARQUES","25/05/2021 22:16:00","","0",""
"360","","","PROGRAMAR SERVIÇO JD","PROGRAMAR SERVIÇO JD","","O","N","N","N","N","N","N","N","N","N","N","0","","0","","","0","T","1","","","","0","","DIEGO.MARQUES","22/08/2019 22:43:00","DIEGO.MARQUES","12/07/2020 20:16:00","","0",""
"362","","","ACOMP PROCESSO IMPL","ACOMPANHAR PROCESSO DE VENDA IMPL","","O","N","N","N","N","N","N","N","N","N","N","0","","0","","","0","T","1","","","","0","","VANESSA.ALVES","28/08/2019 10:57:00","LIVIA.SILVA","27/06/2023 14:23:00","","0",""
"363","","","GERAR CONTRATO AMS","GERAR CONTRATO AMS","","O","N","N","N","N","N","N","N","N","N","N","0","","0","","","0","T","1","","","","0","","DIEGO.MARQUES","09/09/2019 10:50:00","NETO.PRADO","29/11/2024 10:51:00","","0",""
"364","","","CONF PRESENCA EVENTO","CONFIRMAR PRESENCA EVENTO","","T","N","N","N","N","N","N","N","N","N","N","0","","0","","","0","T","1","","1","1","0","","VANESSA.ALVES","10/09/2019 11:59:00","NETO.PRADO","29/11/2024 10:51:00","","0",""
"365","","","ENV CONVITE COLSHOW","ENVIAR CONVITE COLORADO SHOW","","O","N","N","N","N","N","N","N","N","N","N","0","","0","","","0","T","1","","1","1","0","","VANESSA.ALVES","16/09/2019 11:21:00","LIVIA.SILVA","27/06/2023 12:25:00","","0",""
"366","","","VER DISP PECAS A.M.S","VERIFICAR DISPONIBILIDADE PEÇAS A.M.S","","O","N","N","N","N","N","N","N","N","N","N","0","","0","","","0","T","1","","","","0","","DIEGO.MARQUES","20/09/2019 12:47:00","NETO.PRADO","29/11/2024 10:52:00","","0",""
"367","","","EMITIR DESC INCO AMS","EMITIR DESC INCONDICIONAL AMS FIELD","","O","N","N","N","N","N","N","N","N","N","N","0","","0","","","0","T","1","","","","0","","DIEGO.MARQUES","20/11/2019 10:00:00","NETO.PRADO","29/11/2024 10:52:00","","0",""
"368","","","SOLICITA ONUS/NV IMP","SOLICITAR DECLARÇÃO ONUS/COMPRA NOVO IMP","","O","N","N","N","N","N","N","N","N","N","N","0","","0","","","0","T","1","","","","0","","DIEGO.MARQUES","28/11/2019 12:55:00","LIVIA.SILVA","26/06/2023 16:23:00","","0",""
"369","","","RET IMP USADO/NV IMP","RETIRAR IMPLEMENTO USADO/COMPRA NOVO IMP","","O","N","N","N","N","N","N","N","N","N","N","0","","0","","","0","T","1","","","","0","","DIEGO.MARQUES","28/11/2019 16:23:00","LIVIA.SILVA","26/06/2023 16:33:00","","0",""
"370","","","RECEBER IMP US/NV IM","RECEBER IMPLEMENTO USADO/COMPRA NOVO IMP","","X","N","N","N","N","N","N","N","N","N","N","0","","0","","","0","T","1","","","","0","","DIEGO.MARQUES","29/11/2019 09:26:00","LIVIA.SILVA","26/06/2023 16:37:00","","0",""
"371","","","Sol Entrada NF IM","SOLICITAR ENTRADA NF IMP","","X","N","N","N","N","N","N","N","N","N","N","0","","0","","","0","T","1","","","","0","","DIEGO.MARQUES","29/11/2019 09:32:00","LIVIA.SILVA","27/06/2023 12:31:00","","0",""
"372","","","LIBERAR ESTOQUE","LIBERAR ESTOQUE","","O","N","N","N","N","N","N","N","N","N","N","0","","0","","","0","T","1","","","","0","","DIEGO.MARQUES","29/11/2019 09:39:00","LIVIA.SILVA","27/06/2023 15:47:00","","0",""
"373","","","ACOM IMP USA/NV IMP","ACOMPANHAR ENTR IMP USAD/COMPRA NOVO IMP","","X","N","N","N","N","N","N","N","N","N","N","0","","0","","","0","T","1","","","","0","","DIEGO.MARQUES","29/11/2019 09:46:00","LIVIA.SILVA","26/06/2023 16:36:00","","0",""
"374","","","VALIDAR CUSTO DIVERG","VALIDAR CUSTO DIVERGENCIA IMP","","O","N","N","N","N","N","N","N","N","N","N","0","","0","","","0","T","1","","","","0","","DIEGO.MARQUES","01/12/2019 21:01:00","DIEGO.MARQUES","30/05/2021 14:27:00","","0",""
"375","","","VALIDAR CARTEIRA","VALIDAR CARTEIRA","","O","N","N","N","N","N","N","N","N","N","N","0","","0","","","0","T","1","","","","0","","DIEGO.MARQUES","29/12/2019 18:22:00","NETO.PRADO","27/01/2025 08:23:00","","0","1"
"376","","","PROSP CLI MAQ IM","PROSPECTAR CLIENTE MAQUINAS IM","","T","S","N","S","S","N","N","N","N","S","N","0","","0","","","0","T","1","","","","0","","VANESSA.ALVES","03/01/2020 16:32:00","MATHEUS.AUGUSTO","07/04/2025 11:10:00","","0","1"
"377","","","Acomp Proc Venda Maq","Acompanhar Processo Venda Máquina - Dig","","O","S","N","S","S","N","N","N","N","N","N","0","","0","","","0","T","1","","","","0","","DIEGO.MARQUES","12/02/2020 08:27:00","MATHEUS.AUGUSTO","14/07/2025 14:57:00","","0",""
"378","","","ALTERAR CARTE PROSPE","ALTERAR CARTEIRA PROSPECÇÃO","","O","N","N","S","N","N","N","N","N","N","N","0","","0","","","0","T","1","","1","","0","","DIEGO.MARQUES","12/02/2020 13:43:00","VANESSA.ALVES","27/01/2021 12:32:00","","0",""
"379","","","APROVAR O.S CSC","APROVAR O.S CSC","","O","N","N","N","N","N","N","N","N","N","N","0","","0","","","0","T","1","","","","0","","DIEGO.MARQUES","12/02/2020 22:38:00","MATHEUS.AUGUSTO","29/11/2024 10:51:00","","0",""
"380","","","ACOMP VISITA CSC","ACOMPANHAR VISITA CSC","","O","N","N","N","N","N","N","N","N","N","N","0","","0","","","0","T","1","","","","0","","DIEGO.MARQUES","12/02/2020 23:00:00","MATHEUS.AUGUSTO","29/11/2024 10:51:00","","0",""
"381","","","MONITORAR CLI PEÇAS","MONITORAR CLIENTE PEÇAS BALCAO","","O","N","N","S","S","N","N","N","N","N","N","0","","0","","","0","T","1","","1","","0","","DIEGO.MARQUES","19/02/2020 10:19:00","MATHEUS.AUGUSTO","08/01/2025 15:29:00","","0",""
"382","","","VENDER PEÇAS BALCAO","VENDER PEÇAS BALCAO","","O","S","N","S","N","N","N","N","N","N","N","0","","0","","","0","T","1","","","","0","","DIEGO.MARQUES","19/02/2020 12:59:00","MATHEUS.AUGUSTO","25/02/2025 16:40:00","","0",""
"383","","","VALIDAR CALC VEND DI","VALIDAR CALCULO VENDA DIRETA","","O","N","N","N","N","N","N","N","N","N","N","0","","0","","","0","T","1","","","","0","","DIEGO.MARQUES","19/02/2020 20:58:00","DIEGO.MARQUES","25/02/2020 20:36:00","","0",""
"384","","","AUT EMISSAO VEND DIR","AUTORIZAR EMISSAO VENDA DIRETA JD SAM","","O","N","N","S","N","N","N","N","N","N","N","0","","0","","","0","T","1","","","","0","","DIEGO.MARQUES","25/02/2020 20:31:00","LIVIA.SILVA","31/03/2023 14:52:00","","0",""
"385","","","EMITIR NF BONIF VEND","EMITIR NF BONIFICAÇÃO VEND DIRETA JD SAM","","O","N","N","N","N","N","N","N","N","N","N","0","","0","","","0","T","1","","","","0","","DIEGO.MARQUES","25/02/2020 20:36:00","MATHEUS.AUGUSTO","29/11/2024 10:51:00","","0",""
"386","","","REALIZAR ENT TEC VEN","REALIZAR ENTREGA TEC VENDA DIRETA JD SAM","","O","S","N","N","N","N","N","N","N","N","N","0","","0","","","0","T","1","","","","0","","DIEGO.MARQUES","25/02/2020 20:42:00","NETO.PRADO","18/02/2025 15:03:18","","0",""
"387","","","VALIDAR BONIFIC PECA","VALIDAR BONIFICACAO ITENS PECAS","","O","N","N","N","N","N","N","N","N","N","N","0","","0","","","0","T","1","","","","0","","DIEGO.MARQUES","01/03/2020 11:42:00","LIVIA.SILVA","31/03/2023 14:43:00","","0",""
"388","","","VALIDAR BONIFIC SERV","VALIDAR BONIFICACAO SERVIÇOS","","O","N","N","N","N","N","N","N","N","N","N","0","","0","","","0","T","1","","","","0","","DIEGO.MARQUES","01/03/2020 11:45:00","LIVIA.SILVA","31/03/2023 14:43:00","","0",""
"389","","","VALIDAR BONIF AMS","VALIDAR BONIFICACAO AMS VENDA DIRETA JD","","O","N","N","N","N","N","N","N","N","N","N","0","","0","","","0","T","1","","","","0","","DIEGO.MARQUES","01/03/2020 11:46:00","LIVIA.SILVA","31/03/2023 14:39:00","","0",""
"390","","","MONITORAR PECAS EXTE","MONITORAR CLIENTE PEÇAS EXTERNO","","O","N","N","S","S","N","N","N","N","N","N","0","","0","","","0","T","1","","","","0","","DIEGO.MARQUES","08/03/2020 16:50:00","MATHEUS.AUGUSTO","19/12/2024 09:42:00","","0",""
"391","","","Monitorar Pneus","Monitorar Pneus (FY26)","","O","S","N","S","S","N","N","N","N","N","N","0","","0","","","0","T","1","","1","","0","","DIEGO.MARQUES","08/03/2020 18:14:00","MATHEUS.AUGUSTO","04/12/2025 10:53:00","","0",""
"392","","","PROSPECT PEÇAS IM","PROSPECTAR CLIENTE PEÇAS IM","","O","N","N","S","N","N","N","N","N","N","N","0","","0","","","0","T","1","","1","","0","","DIEGO.MARQUES","08/03/2020 18:15:00","VANESSA.ALVES","13/09/2023 12:31:00","","0",""
"393","","","FAT PEÇAS BALCAO","FATURAR PEÇAS BALCAO","","O","N","N","S","N","N","N","N","N","N","N","0","","0","","","0","T","1","","","","0","","DIEGO.MARQUES","12/03/2020 14:28:00","MATHEUS.AUGUSTO","19/12/2024 09:49:00","","0",""
"394","","","Vender Pneus","Vender Pneus (FY26)","","O","S","N","S","N","N","N","N","N","N","N","0","","0","","","0","T","1","","","","0","","DIEGO.MARQUES","12/03/2020 14:56:00","MATHEUS.AUGUSTO","04/12/2025 08:17:00","","0",""
"395","","","Faturar Pedido Pneus","Faturar Pedido Pneus (FY26)","","O","S","N","S","N","N","N","N","N","N","N","0","","0","","","0","T","1","","","","0","","DIEGO.MARQUES","12/03/2020 15:02:00","MATHEUS.AUGUSTO","04/12/2025 08:22:00","","0",""
"396","","","VERIFICAR PARECER CL","VERIFICAR PARECER CLIENTE","","O","N","N","N","N","N","N","N","N","N","N","0","","0","","","0","T","1","","","","0","","DIEGO.MARQUES","12/04/2020 16:53:00","LIVIA.SILVA","27/06/2023 16:42:00","","0",""
"397","","","APROVAR DEMONSTRAÇÃO","APROVAR DEMONSTRAÇÃO JD","","O","S","N","S","N","N","N","N","N","N","N","0","","0","","","0","T","1","","","","0","","DIEGO.MARQUES","13/04/2020 14:07:00","MATHEUS.AUGUSTO","02/06/2025 11:44:00","","0",""
"398","","","SOLICITAR NF DEMONST","SOLICITAR NF DEMONSTRAÇÃO","","O","N","N","N","N","N","N","N","N","N","N","0","","0","","","0","T","1","","","","0","","DIEGO.MARQUES","13/04/2020 14:09:00","LIVIA.SILVA","03/05/2023 12:23:00","","0",""
"399","","","EMITIR NF DEMONSTRAÇ","EMITIR NF DEMONSTRAÇÃO","","O","N","N","N","N","N","N","N","N","N","N","0","","0","","","0","T","1","","","","0","","DIEGO.MARQUES","13/04/2020 15:28:00","LIVIA.SILVA","03/05/2023 12:23:00","","0",""
"400","","","PROGRAMAR DEMONSTRAÇ","PROGRAMAR DEMONSTRAÇÃO","","O","N","N","N","N","N","N","N","N","N","N","0","","0","","","0","T","1","","","","0","","DIEGO.MARQUES","21/04/2020 14:28:00","LIVIA.SILVA","03/05/2023 12:22:00","","0",""
"401","","","REALIZAR ENTREG DEMO","REALIZAR ENTREGA DEMONSTRAÇÃO","","O","N","N","N","N","N","N","N","N","N","N","0","","0","","","0","T","1","","","","0","","DIEGO.MARQUES","21/04/2020 14:55:00","LIVIA.SILVA","03/05/2023 12:23:00","","0",""
"402","","","GERAR MATERIAL COMU","GERAR MATERIAL COMUNICAÇÃO","","O","N","N","N","N","N","N","N","N","N","N","0","","0","","","0","T","1","","","","0","","DIEGO.MARQUES","21/04/2020 15:01:00","LIVIA.SILVA","20/10/2023 09:52:00","","0",""
"403","","","ACOMP PARECER CLIENT","ACOMPANHAR PARECER CLIENTE","","O","N","N","N","N","N","N","N","N","N","N","0","","0","","","0","T","1","","","","0","","DIEGO.MARQUES","29/04/2020 12:29:00","LIVIA.SILVA","27/06/2023 14:22:00","","0",""
"404","63","","REALIZAR DEMONSTRAÇÃ","REALIZAR DEMONSTRAÇÃO","","O","N","N","N","N","N","N","N","N","N","N","0","","0","","","0","T","1","","","","0","","DIEGO.MARQUES","04/05/2020 20:33:00","NETO.PRADO","21/02/2024 11:20:00","","0",""
"405","","","SOLIC RETIRADA EQUIP","SOLICITAR RETIRADA EQUIPAMENTO","","O","N","N","N","N","N","N","N","N","N","N","0","","0","","","0","T","1","","","","0","","DIEGO.MARQUES","04/05/2020 20:38:00","DIEGO.MARQUES","27/06/2021 18:31:00","","0","1"
"406","","","REALIZAR RETIRADA EQ","REALIZAR RETIRADA EQUIPAMENTO DEMO","","O","N","N","N","N","N","N","N","N","N","N","0","","0","","","0","T","1","","","","0","","DIEGO.MARQUES","04/05/2020 20:52:00","LIVIA.SILVA","03/05/2023 12:24:00","","0","1"
"407","","","PAGAR PREMIO DEMO","PAGAR PREMIO DEMONSTRAÇÃO","","O","N","N","N","N","N","N","N","N","N","N","0","","0","","","0","T","1","","","","0","","DIEGO.MARQUES","04/05/2020 21:36:00","MATHEUS.AUGUSTO","29/11/2024 10:50:00","","0",""
"408","","","VERIFICAR INSATISFAÇ","VERIFICAR INSATISFAÇÃO","","O","N","N","S","N","N","N","N","N","N","N","0","","0","","","0","T","1","","","","0","","DIEGO.MARQUES","11/05/2020 16:14:00","MATHEUS.AUGUSTO","01/08/2024 09:19:00","","0",""
"409","","","Analisar insati jd","ANALISAR INSATISFAÇÃO JOHN DEERE","","O","N","N","N","N","N","N","N","N","N","N","0","","0","","","0","T","1","","","","0","","DIEGO.MARQUES","11/05/2020 17:21:00","MATHEUS.AUGUSTO","29/11/2024 10:49:00","","0",""
"410","","","REALIZAR ENT NF DEMO","REALIZAR ENTRADA NF DEMONSTRAÇÃO","","O","N","N","N","N","N","N","N","N","N","N","0","","0","","","0","T","1","","","","0","","DIEGO.MARQUES","17/05/2020 17:30:00","LIVIA.SILVA","03/05/2023 12:24:00","","0","1"
"411","","","EMITIR DESC INCO IMP","EMITIR DESC INCONDICIONAL IMPLEMENTO","","O","N","N","N","N","N","N","N","N","N","N","0","","0","","","0","T","1","","","","0","","DIEGO.MARQUES","26/05/2020 13:54:00","LIVIA.SILVA","27/06/2023 12:23:00","","0",""
"412","","","VALIDAR SERVIÇO AMS","VALIDAR SERVIÇO AMS","","O","N","N","S","N","N","N","N","N","N","N","0","","0","","","0","T","1","","","","0","","DIEGO.MARQUES","19/06/2020 11:13:00","LIVIA.SILVA","08/05/2023 09:10:00","","0",""
"413","","","PROGRAMAR TIPO SERV","PROGRAMAR TIPO DE SERVIÇO JD","","O","N","N","S","N","N","N","N","N","N","N","0","","0","","","0","T","1","","","","0","","DIEGO.MARQUES","21/06/2020 19:42:00","DIEGO.MARQUES","25/05/2021 15:14:00","","0",""
"414","","","ANALISAR SERV","ANALISAR SERVIÇO","","O","N","N","N","N","N","N","N","N","N","N","0","","0","","","0","T","1","","","","0","","DIEGO.MARQUES","21/06/2020 19:49:00","DIEGO.MARQUES","24/06/2020 22:23:00","","0",""
"415","","","REALIZAR SERV","REALIZAR SERVIÇO","","O","N","N","N","N","N","N","N","N","N","N","0","","0","","","0","T","1","","","","0","","DIEGO.MARQUES","21/06/2020 20:00:00","DIEGO.MARQUES","12/07/2020 19:37:00","","0",""
"416","","","GERAR OS","GERAR OS","","O","N","N","N","N","N","N","N","N","N","N","0","","0","","","0","T","1","","","","0","","DIEGO.MARQUES","21/06/2020 20:12:00","DIEGO.MARQUES","07/07/2020 13:35:00","","0",""
"417","","","FATURAR OS SERV JD","FATURAR OS SERVIÇO JD","","O","N","N","S","N","N","N","N","N","N","N","0","","0","","","0","T","1","","","","0","","DIEGO.MARQUES","21/06/2020 20:14:00","DIEGO.MARQUES","12/07/2020 20:09:00","","0",""
"418","","","VERIFICAR OS","VERIFICAR OS","","O","N","N","N","N","N","N","N","N","N","N","0","","0","","","0","T","1","","","","0","","DIEGO.MARQUES","21/06/2020 20:15:00","DIEGO.MARQUES","26/07/2020 10:55:00","","0",""
"419","","","REALIZAR SERVIÇO FAB","REALIZAR SERVIÇO FABRICANTE","","O","S","N","S","N","N","N","N","N","N","N","0","","0","","","0","T","1","","","","0","","DIEGO.MARQUES","07/07/2020 13:12:00","MATHEUS.AUGUSTO","29/08/2025 09:03:00","","0",""
"420","","","REALIZAR SERVIÇO EXT","REALIZAR SERVIÇO EXTERNO","","O","N","N","N","N","N","N","N","N","N","N","0","","0","","","0","T","1","","","","0","","DIEGO.MARQUES","07/07/2020 13:18:00","MATHEUS.AUGUSTO","29/11/2024 10:49:00","","0",""
"421","","","REALIZAR SERVIÇO INT","REALIZAR SERVIÇO INTERNO","","O","N","N","N","N","N","N","N","N","N","N","0","","0","","","0","T","1","","","","0","","DIEGO.MARQUES","07/07/2020 13:19:00","MATHEUS.AUGUSTO","29/11/2024 10:49:00","","0",""
"422","","","FORMATAR OS SERV JD","FORMATAR OS SERVIÇO JD","","O","N","N","S","N","N","N","N","N","N","N","0","","0","","","0","T","1","","","","0","","DIEGO.MARQUES","07/07/2020 13:19:00","NETO.PRADO","27/01/2025 08:12:00","","0",""
"423","","","Contactar Cliente 08","Contactar Cliente Insatisfeito 0800","","O","N","N","S","N","N","N","N","N","N","N","0","","0","","","0","T","1","","","","0","","DIEGO.MARQUES","08/07/2020 17:15:00","DIEGO.MARQUES","08/07/2020 17:15:00","","0",""
"424","","","ACOMP PROSP PECAS IM","ACOMPANHAR PROSPECÇÃO PEÇAS IM","","O","N","N","N","N","N","N","N","N","N","N","0","","0","","","0","T","1","","","","0","","DIEGO.MARQUES","09/07/2020 07:57:00","MATHEUS.AUGUSTO","29/11/2024 10:49:00","","0",""
"425","","","CONTACTAR CLI EXPERT","CONTACTAR CLIENTE EXPERT ALERTS","","O","N","N","N","N","N","N","N","N","N","N","0","","0","","","0","T","1","","","","0","","DIEGO.MARQUES","14/07/2020 14:14:00","LIVIA.SILVA","27/06/2023 12:18:00","","0",""
"426","","","ACOM ATEND EXPERT AL","ACOMPANHAR ATENDIMENTO EXPERT ALERTS","","O","N","N","N","N","N","N","N","N","N","N","0","","0","","","0","T","1","","","","0","","DIEGO.MARQUES","14/07/2020 14:20:00","LIVIA.SILVA","27/06/2023 12:19:00","","0",""
"427","","","REALIZAR SERV EXPERT","REALIZAR SERVIÇO EXPERT ALERTS","","O","N","N","N","N","N","N","N","N","N","N","0","","0","","","0","T","1","","","","0","","DIEGO.MARQUES","14/07/2020 14:25:00","LIVIA.SILVA","27/06/2023 16:36:00","","0",""
"428","","","FATURAR SERV EXPERT","FATURAR SERVIÇO EXPERT ALERTS","","O","N","N","N","N","N","N","N","N","N","N","0","","0","","","0","T","1","","","","0","","DIEGO.MARQUES","14/07/2020 14:29:00","LIVIA.SILVA","27/06/2023 15:40:00","","0",""
"429","","","MONITORAR CLI SERVIÇ","MONITORAR CLIENTE SERVIÇOS","","O","N","N","N","N","N","N","N","N","N","N","0","","0","","","0","T","1","","","","0","","DIEGO.MARQUES","26/07/2020 19:41:00","MATHEUS.AUGUSTO","29/11/2024 10:49:00","","0",""
"430","","","OFERECER SERVIÇO","OFERECER SERVIÇO","","O","N","N","N","N","N","N","N","N","N","N","0","","0","","","0","T","1","","","","0","","DIEGO.MARQUES","27/07/2020 20:39:00","LIVIA.SILVA","27/06/2023 15:50:00","","0",""
"431","","","VALIDAR CART PEÇAS","VALIDAR CARTEIRA PEÇAS","","O","S","N","S","N","N","N","N","N","N","N","0","","0","","","0","T","1","","","","0","","DIEGO.MARQUES","10/08/2020 07:58:00","RICARDO.MORETTI","23/03/2026 16:36:38","","0",""
"432","","","PROSP CLIEN DIGITAIS","PROSPECTAR CLIENTE CANAIS DIGITAIS","","O","N","N","N","N","N","N","N","N","N","N","0","","0","","","0","T","1","","","","0","","DIEGO.MARQUES","22/08/2020 20:04:00","VANESSA.ALVES","11/01/2023 15:34:00","","0",""
"433","","","ACOMPA CONTATO DIGIT","ACOMPANHAR CONTATO CANAIS DIGITAIS","","O","N","N","N","N","N","N","N","N","N","N","0","","0","","","0","T","1","","","","0","","DIEGO.MARQUES","22/08/2020 20:34:00","LIVIA.SILVA","29/05/2023 12:39:00","","0",""
"434","","","ACOMP PROCESSO","ACOMP PROCESSO CONTA CHAVES FINANCE SAM","","O","N","N","N","N","N","N","N","N","N","N","0","","0","","","0","T","1","","","","0","","DIEGO.MARQUES","27/08/2020 09:00:00","NETO.PRADO","28/11/2024 17:35:00","","0",""
"435","","","AFERIR SATISFAÇAO IM","AFERIR SATISFAÇAO IMPLEMENTO","","O","N","N","N","N","N","N","N","N","N","N","0","","0","","","0","T","1","","","","0","","DIEGO.MARQUES","30/08/2020 20:05:00","NETO.PRADO","31/07/2024 10:29:00","","0","1"
"436","","","ANALISAR INSATIS IMP","ANALISAR INSATISFAÇÃO IMPLEMENTO","","O","N","N","N","N","N","N","N","N","N","N","0","","0","","","0","T","1","","","","0","","DIEGO.MARQUES","31/08/2020 07:47:00","MATHEUS.AUGUSTO","29/11/2024 10:48:00","","0",""
"437","","","REAVAL CLI IMP","REAVALIAR INSATISFAÇÃO DE IMPLEMENTOS","","O","N","N","N","N","N","N","N","N","N","N","0","","0","","","0","T","1","","","","0","","DIEGO.MARQUES","31/08/2020 07:53:00","MATHEUS.AUGUSTO","29/11/2024 10:48:00","","0",""
"438","","","AVAL IMP USADO CN JD","AVALIAR IMPLEMENTO USADO/COMPRA NOVO JD","","O","N","N","N","N","N","N","N","N","N","N","0","","0","","","0","T","0","","","","0","","DIEGO.MARQUES","23/09/2020 22:27:00","LIVIA.SILVA","30/05/2023 09:55:00","","0","2"
"439","","","AVALIAR USADO","AVALIAR EQUIPAMENT USADO/COMPRA IMP NOVO","","O","N","N","N","N","N","N","N","N","N","N","0","","0","","","0","T","1","","","","0","","DIEGO.MARQUES","23/09/2020 22:35:00","LIVIA.SILVA","26/06/2023 16:12:00","","0",""
"440","","","RETIRAR IMP US APOS","RETIRAR IMP USADO APOS ENTREG DO NOVO JD","","O","N","N","N","N","N","N","N","N","N","N","0","","0","","","0","T","1","","","","0","","DIEGO.MARQUES","24/09/2020 21:04:00","DIEGO.MARQUES","28/09/2020 23:29:00","","0",""
"441","","","RETIRAR IMP USADO AN","RETIRAR IMP USADO ANTES ENTREG NOVO JD","","O","N","N","N","N","N","N","N","N","N","N","0","","0","","","0","T","1","","","","0","","DIEGO.MARQUES","24/09/2020 21:42:00","DIEGO.MARQUES","28/09/2020 23:29:00","","0",""
"442","","","RECEBER IMP US/NV JD","RECEBER IMPLEMENTO USADO/COMPRA NOVO JD","","O","N","N","N","N","N","N","N","N","N","N","0","","0","","","0","T","1","","","","0","","DIEGO.MARQUES","24/09/2020 21:53:00","LIVIA.SILVA","11/01/2023 14:33:00","","0",""
"443","","","RET IMP USADO/NV JD","RETIRAR IMPLEMENTO USADO/COMPRA NOVO JD","","O","N","N","N","N","N","N","N","N","N","N","0","","0","","","0","T","1","","","","0","","DIEGO.MARQUES","24/09/2020 22:41:00","LIVIA.SILVA","11/01/2023 14:29:00","","0",""
"444","","","ACOMP ENTR IMP/NV JD","ACOMPANHAR ENTR IMP USADO/COMPRA NOVO JD","","O","N","N","N","N","N","N","N","N","N","N","0","","0","","","0","T","1","","","","0","","DIEGO.MARQUES","28/09/2020 12:28:00","LIVIA.SILVA","11/01/2023 14:29:00","","0",""
"445","","","VAL DOC IMP US/NV JD","VALIDAR DOC IMP USADO/COMPRA NOVO JD","","O","N","N","N","N","N","N","N","N","N","N","0","","0","","","0","T","1","","","","0","","DIEGO.MARQUES","28/09/2020 13:06:00","DIEGO.MARQUES","30/05/2021 00:10:00","","0",""
"446","","","ENTR NF IMP US/NV JD","REALIZAR ENTR NF IMP USAD/COMPRA NOVO JD","","O","N","N","N","N","N","N","N","N","N","N","0","","0","","","0","T","1","","","","0","","DIEGO.MARQUES","28/09/2020 13:25:00","LIVIA.SILVA","11/01/2023 14:33:00","","0",""
"447","","","ONUS IMP/ NOVO JD","SOLICITAR ONUS IMP USADO/COMPRA NOVO JD","","O","N","N","N","N","N","N","N","N","N","N","0","","0","","","0","T","1","","","","0","","DIEGO.MARQUES","28/09/2020 21:25:00","DIEGO.MARQUES","28/09/2020 21:31:00","","0",""
"448","","","RET EQP USADO/NV IMP","RETIRAR EQUIPAMENT USADO/COMPRA NOVO IMP","","O","N","N","N","N","N","N","N","N","N","N","0","","0","","","0","T","1","","","","0","","DIEGO.MARQUES","30/09/2020 15:01:00","LIVIA.SILVA","26/06/2023 16:14:00","","0",""
"449","","","REC IMP USA/NV I","RECEBER IMPLEMENTO USADO/COMPRA","","O","N","N","N","N","N","N","N","N","N","N","0","","0","","","0","T","1","","","","0","","DIEGO.MARQUES","30/09/2020 16:07:00","DIEGO.MARQUES","30/09/2020 20:54:00","","0",""
"450","","","REC EQUIP USA/NV IMP","RECEBER EQUIPAMENT USADO/COMPRA NOVO IMP","","O","N","N","N","N","N","N","N","N","N","N","0","","0","","","0","T","1","","","","0","","DIEGO.MARQUES","30/09/2020 16:24:00","LIVIA.SILVA","26/06/2023 16:39:00","","0",""
"451","","","ACOM ENT EQUI/NV IMP","ACOMPANHAR ENTR EQUI USA/COMPRA NOVO IMP","","O","N","N","N","N","N","N","N","N","N","N","0","","0","","","0","T","1","","","","0","","DIEGO.MARQUES","30/09/2020 20:23:00","LIVIA.SILVA","26/06/2023 16:35:00","","0",""
"452","","","VAL DOC EQP US/NV IM","VALIDAR DOC EQUIP USADO/COMPRA NOVO IMP","","O","N","N","N","N","N","N","N","N","N","N","0","","0","","","0","T","1","","","","0","","DIEGO.MARQUES","30/09/2020 20:51:00","LIVIA.SILVA","26/06/2023 16:15:00","","0",""
"453","","","REA ENT NF EQP/NV IM","REALIZAR ENT NF EQP USAD/COMPRA NOVO IMP","","O","N","N","N","N","N","N","N","N","N","N","0","","0","","","0","T","1","","","","0","","DIEGO.MARQUES","30/09/2020 20:58:00","LIVIA.SILVA","26/06/2023 16:41:00","","0",""
"454","","","VAL DOC IMP US/NV IM","VALIDAR DOC IMP USADO/COMPRA NOVO IMP","","O","N","N","N","N","N","N","N","N","N","N","0","","0","","","0","T","1","","","","0","","DIEGO.MARQUES","30/09/2020 21:22:00","DIEGO.MARQUES","30/05/2021 14:27:00","","0",""
"455","","","ENTR NF IMP US/NV IM","REALIZAR ENTR NF IMP USAD/COMPRA NOVO IM","","O","N","N","N","N","N","N","N","N","N","N","0","","0","","","0","T","1","","","","0","","DIEGO.MARQUES","30/09/2020 21:30:00","LIVIA.SILVA","26/06/2023 16:40:00","","0",""
"456","","","ANALISAR INST BACKOF","ANALISAR INSATISFAÇÃO BACKOFFICE","","O","N","N","S","N","N","N","N","N","N","N","0","","0","","","0","T","1","","","","0","","DIEGO.MARQUES","04/10/2020 23:04:00","MATHEUS.AUGUSTO","01/08/2024 09:15:00","","0",""
"457","","","ACOMP INSAT BACKOFFI","ACOMPANHAR INSATISFAÇÃO BACKOFFICE","","O","N","N","S","N","N","N","N","N","N","N","0","","0","","","0","T","1","","","","0","","DIEGO.MARQUES","04/10/2020 23:09:00","VANESSA.ALVES","08/02/2023 17:50:00","","0",""
"458","","","REALIZAR TESTE SAR J","REALIZAR TESTE SAR JD","","O","N","N","N","N","N","N","N","N","N","S","0","","0","","","0","T","1","","","","0","","DIEGO.MARQUES","27/10/2020 14:22:00","LIVIA.SILVA","11/01/2023 12:01:00","","0",""
"459","","","VENDER CONSORCIO","VENDER CONSORCIO","","O","N","N","N","N","N","N","N","N","N","N","0","","0","","","0","T","1","","","","0","","DIEGO.MARQUES","09/11/2020 14:05:00","NETO.PRADO","27/01/2025 08:24:00","","0",""
"460","","","ITENS AMS DESAGREGAD","INFORMAR ITENS AMS DESAGREGADOS","","O","N","N","N","N","N","N","N","N","N","N","0","","0","","","0","T","1","","","","0","","DIEGO.MARQUES","25/11/2020 22:29:00","LIVIA.SILVA","11/01/2023 12:01:00","","0",""
"461","","","VEND EQUIP CONCESS","VENDER EQUIPAMENTO CONCESSIONARIO","","O","N","N","N","N","N","N","N","N","N","N","0","","0","","","0","T","1","","","","0","","DIEGO.MARQUES","25/01/2021 22:45:00","MATHEUS.AUGUSTO","29/11/2024 10:48:00","","0",""
"462","","","APROVAR PEDIDO CONCE","APROVAR PEDIDO CONCESSIONARIO","","O","N","N","N","N","N","N","N","N","N","N","0","","0","","","0","T","1","","","","0","","DIEGO.MARQUES","25/01/2021 22:47:00","MATHEUS.AUGUSTO","29/11/2024 10:47:00","","0",""
"463","","","ANALISAR CRED CONCES","ANALISAR CREDITO CONCESSIONARIO","","O","N","N","N","N","N","N","N","N","N","N","0","","0","","","0","T","1","","","","0","","DIEGO.MARQUES","25/01/2021 22:49:00","MATHEUS.AUGUSTO","29/11/2024 10:47:00","","0",""
"464","","","VER DISP EQUIP CONC","VERIFICAR DISPONIB EQUIP CONCESSIONARIO","","O","N","N","N","N","N","N","N","N","N","N","0","","0","","","0","T","1","","","","0","","DIEGO.MARQUES","25/01/2021 22:51:00","MATHEUS.AUGUSTO","29/11/2024 10:47:00","","0",""
"465","","","GERAR PED E AUT FAT","GERAR PEDIDO E AUTOR FAT CONCESSONARIO","","O","N","N","N","N","N","N","N","N","N","N","0","","0","","","0","T","1","","","","0","","DIEGO.MARQUES","25/01/2021 22:52:00","MATHEUS.AUGUSTO","29/11/2024 10:47:00","","0",""
"466","","","FATURAR EQUIP CONCES","FATURAR EQUIPAMENTO CONCESSONARIO","","O","N","N","N","N","N","N","N","N","N","N","0","","0","","","0","T","1","","","","0","","DIEGO.MARQUES","25/01/2021 22:53:00","MATHEUS.AUGUSTO","29/11/2024 10:45:00","","0",""
"467","","","REALIZAR ENTR CONCES","REALIZAR ENTREGA CONCESSONARIO","","O","N","N","N","N","N","N","N","N","N","N","0","","0","","","0","T","1","","","","0","","DIEGO.MARQUES","25/01/2021 22:54:00","MATHEUS.AUGUSTO","29/11/2024 10:45:00","","0",""
"468","","","ACOMP RECEB CONCESSO","ACOMPANHAR RECEBIMENTO CONCESSONARIO","","O","N","N","N","N","N","N","N","N","N","N","0","","0","","","0","T","1","","","","0","","DIEGO.MARQUES","25/01/2021 22:57:00","MATHEUS.AUGUSTO","29/11/2024 10:45:00","","0",""
"469","","","AVALIAR AMS USADO","AVALIAR AMS USADO","","O","N","N","N","N","N","N","N","N","N","N","0","","0","","","0","T","1","","","","0","","DIEGO.MARQUES","07/02/2021 11:54:00","MATHEUS.AUGUSTO","29/11/2024 10:45:00","","0",""
"470","","","REALIZAR ENT NF AMS","REALIZAR ENTRADA NF AMS USADO","","O","N","N","N","N","N","N","N","N","N","N","0","","0","","","0","T","1","","","","0","","DIEGO.MARQUES","07/02/2021 17:12:00","MATHEUS.AUGUSTO","29/11/2024 10:44:00","","0",""
"471","","","RECEBER AMS USADO","RECEBER AMS USADO","","O","N","N","N","N","N","N","N","N","N","N","0","","0","","","0","T","1","","","","0","","DIEGO.MARQUES","07/02/2021 17:20:00","MATHEUS.AUGUSTO","29/11/2024 10:44:00","","0",""
"472","","","ACOMP INSTALAÇÃO AMS","ACOMPANHAR INSTALAÇÃO AMS FIELD","","O","N","N","N","N","N","N","N","N","N","N","0","","0","","","0","T","1","","","","0","","DIEGO.MARQUES","07/02/2021 17:49:00","NETO.PRADO","28/11/2024 17:40:00","","0",""
"473","","","COMUNICAR RELATORIO ","COMUNICAR RELATORIO AO CLIENTE","","O","N","N","N","N","N","N","N","N","N","N","0","","0","","","0","T","1","","","","0","","DIEGO.MARQUES","26/02/2021 10:22:00","LIVIA.SILVA","27/06/2023 12:20:00","","0",""
"474","","","VALIDAR PEDIDO IMP","VALIDAR PEDIDO IMPLEMENTO","","O","N","N","N","N","N","N","N","N","N","N","0","","0","","","0","T","1","","","","0","","DIEGO.MARQUES","02/03/2021 21:09:00","DIEGO.MARQUES","27/06/2021 19:14:00","","0",""
"475","","","CONTACTAR CLI REL CS","CONTACTAR CLIENTE REL CSC","","O","N","N","N","N","N","N","N","N","N","N","0","","0","","","0","T","1","","","","0","","DIEGO.MARQUES","02/03/2021 21:14:00","LIVIA.SILVA","27/06/2023 15:34:00","","0",""
"476","","","AFERIR CLIENTE REL C","AFERIR CLIENTE REL CSC","","O","N","N","N","N","N","N","N","N","N","N","0","","0","","","0","T","1","","","","0","","DIEGO.MARQUES","02/03/2021 21:41:00","LIVIA.SILVA","27/06/2023 14:57:00","","0",""
"477","","","ACOMP CONTATO CSC","ACOMPANHAR CONTATO CEN RELATORIO CSC","","O","N","N","N","N","N","N","N","N","N","N","0","","0","","","0","T","1","","","","0","","DIEGO.MARQUES","02/03/2021 21:42:00","LIVIA.SILVA","27/06/2023 12:20:00","","0",""
"478","","","PROSPECT SERVICO IM","PROSPECTAR CLIENTE SERVIÇO IM","","O","S","N","N","N","N","N","N","N","N","N","0","","0","","","0","T","1","","1","","0","","DIEGO.MARQUES","02/03/2021 22:18:00","MATHEUS.AUGUSTO","02/09/2025 08:33:27","","0",""
"479","","","VER CONDIÇÃO COMERCI","VERIFICAR CONDIÇÃO COMERCIAL USADO (JD)","","O","N","N","N","N","N","N","N","N","N","N","0","","0","","","0","T","1","","","","0","","DIEGO.MARQUES","06/03/2021 20:02:00","LIVIA.SILVA","11/01/2023 11:40:00","","0",""
"480","","","GERENCIAR ESTOQUE US","GERENCIAR ESTOQUE USADO","","O","N","N","N","N","N","N","N","N","N","N","0","","0","","","0","T","1","","","","0","","DIEGO.MARQUES","06/03/2021 22:53:00","DIEGO.MARQUES","25/05/2021 22:10:00","","0",""
"481","","","AVALIAR AMS USD/COMP","AVALIAR AMS USADO/COMPRA NOVO JD","","O","N","N","N","N","N","N","N","N","N","N","0","","0","","","0","T","1","","","","0","","DIEGO.MARQUES","07/03/2021 10:29:00","LIVIA.SILVA","30/05/2023 09:43:00","","0",""
"482","","","RECEBER AMS USADO/CO","RECEBER AMS USADO/COMPRA NV JD","","O","N","N","N","N","N","N","N","N","N","N","0","","0","","","0","T","1","","","","0","","DIEGO.MARQUES","07/03/2021 11:05:00","LIVIA.SILVA","11/01/2023 14:31:00","","0",""
"483","","","ACOMP PROSP SERV IM","ACOMPANHAR PROSPECÇÃO SERVICOS IM","","O","N","N","N","N","N","N","N","N","N","N","0","","0","","","0","T","1","","","","0","","DIEGO.MARQUES","07/03/2021 11:53:00","MATHEUS.AUGUSTO","29/11/2024 10:44:00","","0",""
"484","","","AÇAO KIT MEU 1ºJD","AÇAO 1ºJOHN DEERE","","O","N","N","N","N","N","N","N","N","N","N","0","","0","","","0","T","1","","","","0","","DIEGO.MARQUES","07/03/2021 13:51:00","LIVIA.SILVA","27/06/2023 12:16:00","","0",""
"485","","","VERIF DISP AMS VD JD","VERIFICAR DISPONIBILIDADE AMS VD JD","","O","N","N","N","N","N","N","N","N","N","N","0","","0","","","0","T","1","","","","0","","DIEGO.MARQUES","10/03/2021 22:50:00","LIVIA.SILVA","30/05/2023 09:56:00","","0",""
"486","","","VERIF DISP PEÇAS VD","VERIFICAR DISPONIBILIDADE PEÇAS VD JD","","O","N","N","N","N","N","N","N","N","N","N","0","","0","","","0","T","1","","","","0","","DIEGO.MARQUES","10/03/2021 22:50:00","LIVIA.SILVA","27/06/2023 12:21:00","","0",""
"487","","","RECEBER USADO C.E","RECEBER USADO C.E/NOVO JD","","O","N","N","N","N","N","N","N","N","N","N","0","","0","","","0","T","1","","","","0","","DIEGO.MARQUES","15/03/2021 13:43:00","LIVIA.SILVA","11/01/2023 14:20:00","","0",""
"488","","","VER DISP AMS CONCESS","VERIFICAR DISPONIBILIDADE AMS CONCESSONA","","O","N","N","N","N","N","N","N","N","N","N","0","","0","","","0","T","1","","","","0","","DIEGO.MARQUES","28/03/2021 19:22:00","MATHEUS.AUGUSTO","29/11/2024 10:44:00","","0",""
"489","","","PREPARAR EQUIPAMENTO","PREPARAR EQUIPAMENTO CONCESSIONARIA","","O","N","N","N","N","N","N","N","N","N","N","0","","0","","","0","T","1","","","","0","","DIEGO.MARQUES","28/03/2021 20:11:00","MATHEUS.AUGUSTO","29/11/2024 10:44:00","","0",""
"490","","","VER STATUS CHASSI CO","VERIFICAR STATUS CHASSI CONCESSIONARIO","","O","N","N","N","N","N","N","N","N","N","N","0","","0","","","0","T","1","","","","0","","DIEGO.MARQUES","28/03/2021 20:42:00","MATHEUS.AUGUSTO","29/11/2024 10:44:00","","0",""
"491","","","BOAS-VINDAS 1º JD","DAR BOAS-VINDAS 1º JD","","O","N","N","S","N","N","N","N","N","N","N","0","","0","","","0","T","1","","","","0","Saudação e apresentação.Estamos entrando em contato para desejar Boas-vindas e parabenizar pela aquisição do seu 1° JD.Agradecemos por escolher a Colorado Máquinas!Em caso de solicitação de Peças falar com/Em caso de solicitação de Serviços falar com","DIEGO.MARQUES","05/04/2021 21:45:00","MATHEUS.AUGUSTO","27/09/2024 12:03:00","","0",""
"492","","","INFOR MONTAGEM E PRE","INFORMAR MONTAGEM E PREPARAÇÃO IMP","","O","N","N","N","N","N","N","N","N","N","N","0","","0","","","0","T","1","","","","0","","DIEGO.MARQUES","05/04/2021 22:01:00","LIVIA.SILVA","26/06/2023 16:26:00","","0",""
"493","","","CONF CONDICAO COMERC","CONFIRMAR CONDIÇÃO COMERCIAL EQUIP JD","","O","N","N","N","N","N","N","N","N","N","N","0","","0","","","0","T","1","","","","0","","DIEGO.MARQUES","16/05/2021 10:43:00","DIEGO.MARQUES","25/05/2021 21:56:00","","0",""
"494","","","AUDITAR PROCESSO JD","AUDITAR MARGEM PROCESSO EQUIP JD","","O","N","N","N","N","N","N","N","N","N","N","0","","0","","","0","T","1","","","","0","","DIEGO.MARQUES","17/05/2021 14:10:00","LIVIA.SILVA","11/01/2023 14:34:00","","0",""
"495","","","CONFI CONDIÇÃO IMP","CONFIRMAR CONDIÇÃO COMERCIAL IMPLEMENTO","","O","N","N","N","N","N","N","N","N","N","N","0","","0","","","0","T","1","","","","0","","DIEGO.MARQUES","19/05/2021 10:51:00","LIVIA.SILVA","27/06/2023 15:31:00","","0",""
"496","","","VALIDAR DOC USADO","VALIDAR DOCUMENTACAO ANEXADA USADO (JD)","","O","N","N","N","N","N","N","N","N","N","N","0","","0","","","0","T","1","","","","0","","DIEGO.MARQUES","25/05/2021 21:57:00","LIVIA.SILVA","11/01/2023 11:56:00","","0",""
"497","","","VER COND COME USADO","VERIFICAR CONDIÇÃO COMERCIAL USADO IMP)","","O","N","N","N","N","N","N","N","N","N","N","0","","0","","","0","T","1","","","","0","","DIEGO.MARQUES","27/05/2021 07:16:00","LIVIA.SILVA","27/06/2023 16:43:00","","0",""
"498","","","ENTREGAR NF USD C.E","ENTREGAR NF USADO C.E/NOVO JD","","O","N","N","N","N","N","N","N","N","N","N","0","","0","","","0","T","1","","","","0","","DIEGO.MARQUES","29/05/2021 23:31:00","LIVIA.SILVA","11/01/2023 14:22:00","","0",""
"499","","","ENTRADA A.M.S USADO/","REALIZAR ENTR NF A.M.S USAD/COMPRA NV JD","","O","N","N","N","N","N","N","N","N","N","N","0","","0","","","0","T","1","","","","0","","DIEGO.MARQUES","30/05/2021 10:15:00","LIVIA.SILVA","11/01/2023 14:31:00","","0",""
"500","","","AVALIAR AMS USADO/CO","AVALIAR AMS USADO/COMPRA NOVO IMP","","O","N","N","N","N","N","N","N","N","N","N","0","","0","","","0","T","1","","","","0","","DIEGO.MARQUES","30/05/2021 10:51:00","LIVIA.SILVA","26/06/2023 16:10:00","","0",""
"501","","","RET USADO ANTES IMP","RETIRAR USADO ANTES ENTREGA DO NOVO IMP","","O","N","N","N","N","N","N","N","N","N","N","0","","0","","","0","T","1","","","","0","","DIEGO.MARQUES","30/05/2021 11:39:00","LIVIA.SILVA","26/06/2023 16:13:00","","0",""
"502","","","RETI USADO APOS IMP","RETIRAR USADO APOS ENTREGA DO NOVO IMP","","O","N","N","N","N","N","N","N","N","N","N","0","","0","","","0","T","1","","","","0","","DIEGO.MARQUES","30/05/2021 11:49:00","LIVIA.SILVA","26/06/2023 16:14:00","","0",""
"503","","","VALIDA DOC USADO IMP","VALIDAR DOCUMENTACAO ANEXADA USADO (IMP)","","O","N","N","N","N","N","N","N","N","N","N","0","","0","","","0","T","1","","","","0","","DIEGO.MARQUES","30/05/2021 12:24:00","LIVIA.SILVA","26/06/2023 16:23:00","","0",""
"504","","","REC AMS USA NV IMP","RECEBER AMS USADO/COMPRA NV IMP","","O","N","N","N","N","N","N","N","N","N","N","0","","0","","","0","T","1","","","","0","","DIEGO.MARQUES","30/05/2021 14:03:00","LIVIA.SILVA","26/06/2023 16:38:00","","0",""
"505","","","REC USADO C.E/NV IMP","RECEBER USADO C.E/NOVO IMP","","O","N","N","N","N","N","N","N","N","N","N","0","","0","","","0","T","1","","","","0","","DIEGO.MARQUES","30/05/2021 14:08:00","LIVIA.SILVA","26/06/2023 16:35:00","","0",""
"506","","","ENTR NF USA C.E/NV I","ENTREGAR NF USADO C.E/NOVO IMP","","O","N","N","N","N","N","N","N","N","N","N","0","","0","","","0","T","1","","","","0","","DIEGO.MARQUES","30/05/2021 14:15:00","LIVIA.SILVA","26/06/2023 16:36:00","","0",""
"507","","","REALIZAR ENTR NF A.M","REALIZAR ENTR NF A.M.S USAD/COMPRA NV IM","","O","N","N","N","N","N","N","N","N","N","N","0","","0","","","0","T","1","","","","0","","DIEGO.MARQUES","30/05/2021 14:27:00","LIVIA.SILVA","27/06/2023 16:28:00","","0",""
"508","","","AUD MARGEM PROCE IMP","AUDITAR MARGEM PROCESSO IMPLEMENTO","","O","N","N","N","N","N","N","N","N","N","N","0","","0","","","0","T","1","","","","0","","DIEGO.MARQUES","30/05/2021 14:30:00","MATHEUS.AUGUSTO","29/11/2024 10:44:00","","0",""
"509","","","ACOMP RECEB ASSINATU","ACOMPANHAR RECEB ASSINATURA NF REMESSA","","O","N","N","N","N","N","N","N","N","N","N","0","","0","","","0","T","1","","","","0","","DIEGO.MARQUES","18/07/2021 09:32:00","LIVIA.SILVA","27/06/2023 14:26:00","","0",""
"510","","","MARCAR VENDEU PAGOU ","MARCAR VENDEU PAGOU CONCESSIONARIA","","O","N","N","N","N","N","N","N","N","N","N","0","","0","","","0","T","1","","","","0","","VANESSA.ALVES","27/07/2021 11:33:00","MATHEUS.AUGUSTO","29/11/2024 10:43:00","","0",""
"511","","","FATURAR IMP C.E","FATURAR IMPLEMENTO C.E","","O","N","N","N","N","N","N","N","N","N","N","0","","0","","","0","T","1","","","","0","","DIEGO.MARQUES","11/08/2021 14:06:00","LIVIA.SILVA","27/06/2023 15:22:00","","0",""
"512","","","MENSAGEM BOAS-VINDAS","ENVIAR MENSAGEM BOAS-VINDAS","","O","N","N","N","N","N","N","N","N","N","N","0","","0","","","0","T","1","","1","","0","","VANESSA.ALVES","23/08/2021 15:49:00","MATHEUS.AUGUSTO","29/11/2024 10:42:00","","0",""
"513","","","PESQUISAR CLIENTE IM","PESQUISAR CLIENTE INTELIGENCIA MERCADO","","O","N","N","N","N","N","N","N","N","N","N","0","","0","","","0","T","1","","","","0","","VANESSA.ALVES","18/10/2021 10:17:00","LIVIA.SILVA","27/06/2023 12:05:00","","0",""
"514","","","INFORMAR ESTOQUE DO ","INFORMAR ESTOQUE DO IMPLEMENTO","","O","N","N","N","N","N","N","N","N","N","N","0","","0","","","0","T","1","","","","0","","DIEGO.MARQUES","31/10/2021 20:54:00","LIVIA.SILVA","26/06/2023 16:15:00","","0",""
"515","","","GERAR PEDIDO IMP C.E","GERAR PEDIDO IMPLEMENTO C.E","","O","N","N","N","N","N","N","N","N","N","N","0","","0","","","0","T","1","","","","0","","DIEGO.MARQUES","31/10/2021 21:40:00","LIVIA.SILVA","27/06/2023 15:19:00","","0",""
"516","","","AUTORIZAR FT IMP C.E","AUTORIZAR FATURAMENTO IMPLEMENTO C.E","","O","N","N","N","N","N","N","N","N","N","N","0","","0","","","0","T","1","","","","0","","DIEGO.MARQUES","31/10/2021 21:42:00","LIVIA.SILVA","27/06/2023 15:21:00","","0",""
"517","","","ACOM REC FIN IMP C.E","ACOMPANHAR RECEB FINANC IMPLEMENTO C.E","","O","N","N","N","N","N","N","N","N","N","N","0","","0","","","0","T","1","","","","0","","DIEGO.MARQUES","02/11/2021 18:17:00","LIVIA.SILVA","27/06/2023 14:29:00","","0",""
"518","","","ACOMPANHAR VENDA PEÇ","ACOMPANHAR VENDA PEÇAS EXTERNA","","O","N","N","N","N","N","N","N","N","N","N","0","","0","","","0","T","1","","","","0","","DIEGO.MARQUES","03/12/2021 09:56:00","DIEGO.MARQUES","22/02/2022 14:58:00","","0",""
"519","","","PAGAR COMISSAO IM CE","PAGAR COMISSAO IMPLEMENTO C.E","","O","N","N","N","N","N","N","N","N","N","N","0","","0","","","0","T","1","","","","0","","DIEGO.MARQUES","30/12/2021 15:55:00","LIVIA.SILVA","27/06/2023 16:05:00","","0","1"
"520","","","REALIZAR PROVISÃO","REALIZAR PROVISIONAMENTO JD","","O","N","N","N","N","N","N","N","N","N","N","0","","0","","","0","T","1","","","","0","","DIEGO.MARQUES","01/02/2022 13:22:00","LIVIA.SILVA","27/06/2023 16:33:00","","0",""
"521","","","ANALISAR CREDITO","ANALISAR CREDITO","","O","S","N","S","N","N","N","N","N","S","S","0","","0","","","0","T","1","","","","0","","VANESSA.ALVES","27/03/2022 10:25:00","MATHEUS.AUGUSTO","01/09/2025 09:12:17","","0",""
"522","","","DISPONIBIL PRODUTO","DISPONIBILIZAR PRODUTO","","O","N","N","N","N","N","N","N","N","N","N","0","","0","","","0","T","1","","","","0","","VANESSA.ALVES","27/03/2022 10:51:00","NETO.PRADO","27/01/2025 08:11:00","","0",""
"523","","","PREPARAR PRODUTO","PREPARAR PRODUTO","","O","S","N","S","N","N","N","N","N","N","N","0","","0","","","0","T","1","","","","0","","VANESSA.ALVES","27/03/2022 11:04:00","MATHEUS.AUGUSTO","02/09/2025 08:34:48","","0",""
"524","","","FATURAR PRODUTO","FATURAR PRODUTO","","O","N","N","S","N","N","N","N","N","N","N","0","","0","","","0","T","1","","","","0","","VANESSA.ALVES","27/03/2022 12:36:00","MATHEUS.AUGUSTO","24/06/2024 12:58:00","","0",""
"525","","","ENTREGAR PRODUTO","ENTREGAR PRODUTO","","O","N","N","S","N","N","N","N","N","N","N","0","","0","","","0","T","1","","","","0","","VANESSA.ALVES","27/03/2022 12:47:00","LIVIA.SILVA","05/07/2023 07:39:00","","0",""
"526","","","MONITOR CLIENTE MAQ","MONITORAR CLIENTE MAQUINAS","","X","N","N","N","N","N","N","N","N","N","N","0","","0","","","0","T","1","","1","","0","","VANESSA.ALVES","27/03/2022 13:50:00","NETO.PRADO","22/04/2024 15:23:00","","0",""
"527","","","VENDER PRODUTO","VENDER PRODUTO (MAQ/IMPL/AMS)","","X","N","N","N","N","N","N","N","N","N","N","0","","0","","","0","T","1","","","","0","","VANESSA.ALVES","27/03/2022 13:58:00","NETO.PRADO","20/08/2024 08:53:00","","0",""
"528","","","AUTORIZAR VENDA","AUTORIZAR VENDA","","O","N","N","S","N","N","N","N","N","N","N","0","","0","","","0","T","1","","","","0","","VANESSA.ALVES","27/03/2022 14:57:00","MATHEUS.AUGUSTO","01/08/2024 09:17:00","","0",""
"529","","","PREPARAR PROC VENDA","PREPARAR PROCESSO DE VENDA","","O","N","N","S","N","N","N","N","N","N","N","0","","0","","","0","T","1","","","","0","","VANESSA.ALVES","27/03/2022 15:05:00","LIVIA.SILVA","13/09/2023 10:30:00","","0",""
"530","","","RECEB ITEM DESAGREG","RECEBER ITEM PEÇAS DESAGREGADO","","O","N","N","S","N","N","N","N","N","N","N","0","","0","","","0","T","1","","","","0","","VANESSA.ALVES","30/03/2022 21:20:00","LIVIA.SILVA","25/05/2023 14:29:00","","0",""
"531","","","CONTAB AGREGA DESAGR","CONTABILIZAR DESAGREGAR PRODUTO","","O","N","N","N","N","N","N","N","N","N","N","0","","0","","","0","T","1","","","","0","","VANESSA.ALVES","30/03/2022 21:23:00","MATHEUS.AUGUSTO","29/11/2024 10:42:00","","0",""
"532","","","PREP CONTR COLORADO","PREPARAR CONTRATO COLORADO","","O","N","N","N","N","N","N","N","N","N","N","0","","0","","","0","T","1","","","","0","","VANESSA.ALVES","30/03/2022 21:43:00","MATHEUS.AUGUSTO","29/11/2024 10:42:00","","0",""
"533","","","GERAR CONTR COLORADO","GERAR CONTRATO COLORADO","","O","N","N","N","N","N","N","N","N","S","N","0","","0","","","0","T","1","","","","0","","VANESSA.ALVES","01/04/2022 11:16:00","MATHEUS.AUGUSTO","29/11/2024 10:42:00","","0",""
"534","","","REFATURAR PRODUTO","REFATURAR PRODUTO","","O","N","N","N","N","N","N","N","N","N","N","0","","0","","","0","T","1","","","","0","","VANESSA.ALVES","07/04/2022 09:20:00","MATHEUS.AUGUSTO","29/11/2024 10:42:00","","0",""
"535","","","ATIVAR AMS","ATIVAR AMS","","O","S","N","N","N","N","N","N","N","N","N","0","","0","","","0","T","1","","","","0","","VANESSA.ALVES","07/04/2022 11:53:00","NETO.PRADO","18/02/2025 14:57:14","","0",""
"536","","","PAGAR COMISSAO PRODU","PAGAR COMISSAO PRODUTO","","O","N","N","N","N","N","N","N","N","N","N","0","","0","","","0","T","1","","","","0","","VANESSA.ALVES","07/04/2022 15:49:00","MATHEUS.AUGUSTO","29/11/2024 10:42:00","","0",""
"537","","","RECEB PAGTO PRODUTO","RECEBER PAGAMENTO VENDA PRODUTO","","O","N","N","S","N","N","N","N","N","N","N","0","","0","","","0","T","1","","","","0","","VANESSA.ALVES","07/04/2022 16:09:00","LIVIA.SILVA","14/03/2023 11:07:00","","0",""
"538","","","FATURA DESC INCONDIC","FATURAR DESCONTO INCONDICIONAL","","O","N","N","N","N","N","N","N","N","N","N","0","","0","","","0","T","1","","","","0","","VANESSA.ALVES","08/04/2022 08:56:00","MATHEUS.AUGUSTO","29/11/2024 10:42:00","","0",""
"539","","","ALTERAR CONDIÇÃO VEN","ALTERAR CONDIÇÃO VENDA","","O","N","N","N","N","N","N","N","N","N","N","0","","0","","","0","T","1","","","","0","","DIEGO.MARQUES","17/04/2022 10:40:00","MATHEUS.AUGUSTO","29/11/2024 10:41:00","","0",""
"540","","","VALIDAR BONIFICAÇÕES","VALIDAR BONIFICAÇÃO PRODUTO","","O","N","N","N","N","N","N","N","N","N","N","0","","0","","","0","T","1","","","","0","","DIEGO.MARQUES","10/05/2022 12:36:00","MATHEUS.AUGUSTO","29/11/2024 10:41:00","","0",""
"541","","","VER ATIVACAO LICENCA","VERIFICAR ATIVACAO E LICENCA AMS","","O","N","N","N","N","N","N","N","N","N","N","0","","0","","","0","T","1","","","","0","","VANESSA.ALVES","19/05/2022 09:15:00","MATHEUS.AUGUSTO","29/11/2024 10:41:00","","0",""
"542","","","REAL COTACAO COMPRA","REALIZAR COTACAO DE COMPRA","","O","N","N","S","N","N","N","N","N","N","N","0","","0","","","0","T","1","","","","0","","VANESSA.ALVES","24/05/2022 11:49:00","VANESSA.ALVES","26/07/2022 11:26:00","","0",""
"543","","","FATURAR DES INC AMS","FATURAR DESCONTO INCONDICIONAL AMS","","O","N","N","N","S","N","N","N","N","N","N","0","","0","","","0","T","1","","","","0","","DIEGO.MARQUES","27/05/2022 19:27:00","DIEGO.MARQUES","26/06/2022 23:08:00","","0",""
"544","","","FATURAR SEGURO","FATURAR SEGURO","","O","N","N","N","N","N","N","N","N","N","N","0","","0","","","0","T","1","","","","0","","VANESSA.ALVES","06/06/2022 10:42:00","MATHEUS.AUGUSTO","29/11/2024 10:40:00","","0",""
"545","","","ACOMP INSATISFACAO","ACOMPANHAR INSATISFACAO VENDAS","","O","N","N","S","N","N","N","N","N","N","N","0","","0","","","0","T","1","","","","0","","VANESSA.ALVES","10/06/2022 08:14:00","VANESSA.ALVES","16/01/2023 10:33:00","","0",""
"546","","","Prepara Doc Usado","PREPARAR DOCUMENTAÇÃO USADO","","O","N","N","N","N","N","N","N","N","N","N","0","","0","","","0","T","1","","","","0","","DIEGO.MARQUES","10/06/2022 09:36:00","MATHEUS.AUGUSTO","29/11/2024 10:38:00","","0",""
"547","","","BAIXA EQUIP USADO","REALIZAR BAIXA FINANCEIRA EQUIP USADO","","O","N","N","S","N","N","N","N","N","N","N","0","","0","","","0","T","1","","","","0","","DIEGO.MARQUES","10/06/2022 11:09:00","LIVIA.SILVA","03/05/2023 15:24:00","","0",""
"548","","","RECEBER EQUIP USADO","RECEBER EQUIPAMENTO USADO","","O","S","N","N","N","N","N","N","N","N","N","0","","0","","","0","T","1","","","","0","","DIEGO.MARQUES","10/06/2022 11:14:00","RICARDO.MORETTI","19/03/2026 08:14:19","","0",""
"549","","","JUSTIFICAR CANCELAME","JUSTIFICAR CANCELAMENTO VENDA PRODUTO","","O","N","N","S","N","N","N","N","N","N","N","0","","0","","","0","T","1","","","","0","","DIEGO.MARQUES","17/06/2022 09:38:00","NETO.PRADO","27/02/2024 09:33:00","","0",""
"550","","","MONITORAR CLIENTE HU","MONITORAR CLIENTE HUSQVARNA","","O","N","N","N","N","N","N","N","N","N","N","0","","0","","","0","T","1","","","","0","","DIEGO.MARQUES","19/07/2022 16:33:00","LIVIA.SILVA","26/12/2023 07:17:00","","0",""
"551","","","VENDER HUSQVARNA","VENDER HUSQVARNA","","O","N","N","N","N","N","N","N","N","N","N","0","","0","","","0","T","1","","","","0","","DIEGO.MARQUES","25/07/2022 07:37:00","LIVIA.SILVA","27/06/2023 16:44:00","","0",""
"552","","","teste","teste","","P","N","N","N","N","N","N","N","N","N","N","0","","0","","","0","T","1","","","","0","","VTCCONS","05/08/2022 10:24:00","LIVIA.SILVA","27/06/2023 12:22:00","","0",""
"553","","","REL ENT HUSQVARNA","REALIZAR ENTREGA TÉCNICA HUSQVARNA","","O","N","N","N","N","N","N","N","N","N","N","0","","0","","","0","T","1","","","","0","","LIVIA.SILVA","20/09/2022 10:35:00","LIVIA.SILVA","27/06/2023 16:29:00","","0",""
"554","","","RECEBER ITEM AMS DES","RECEBER ITEM AMS DESAGREGADO","","O","N","N","N","N","N","N","N","N","N","N","0","","0","","","0","T","1","","","","0","","LIVIA.SILVA","08/11/2022 11:04:00","MATHEUS.AUGUSTO","29/11/2024 10:37:00","","0",""
"555","","","PROSPECTAR SEGUROS","PROSPECTAR CLIENTE SEGUROS IM","","T","N","N","N","N","N","N","N","N","N","N","0","","0","","","0","T","1","","","","0","","VANESSA.ALVES","28/11/2022 16:47:00","MATHEUS.AUGUSTO","29/11/2024 10:37:00","","0",""
"556","","","PAGAR PREMIO SEGURO","PAGAR PREMIO SEGURO","","T","N","N","N","N","N","N","N","N","N","N","0","","0","","","0","T","1","","","","0","","VANESSA.ALVES","28/11/2022 17:42:00","MATHEUS.AUGUSTO","29/11/2024 10:36:00","","0",""
"557","","","LIBERAR ENTREGA","LIBERAR ENTREGA","","O","N","N","S","N","N","N","N","N","S","N","0","","0","","","0","T","1","","","","0","","LIVIA.SILVA","30/11/2022 10:52:00","LIVIA.SILVA","01/12/2023 17:21:00","","0",""
"558","","","VISITAR CLIENTE CSC","VISITAR CLIENTE CSC","","O","S","N","S","N","N","N","N","N","N","N","0","","0","","","0","T","1","","","","0","","LIVIA.SILVA","21/12/2022 16:04:00","MATHEUS.AUGUSTO","23/01/2026 08:03:42","","0",""
"559","","","ACOMPANHAR ATENDIME","ACOMPANHAR ATENDIMENTO OFICINA CSC","","O","N","N","N","N","N","N","N","N","N","N","0","","0","","","0","T","1","","","","0","","LIVIA.SILVA","21/12/2022 16:09:00","NETO.PRADO","28/11/2024 17:39:00","","0",""
"560","","","APROVAR SERVIÇO GFC","APROVAR SERVIÇO GFC","","O","N","N","N","N","N","N","N","N","N","N","0","","0","","","0","T","1","","","","0","","LIVIA.SILVA","27/12/2022 11:20:00","MATHEUS.AUGUSTO","29/11/2024 10:36:00","","0",""
"561","","","Reavalliar insatisfa","REAVALIAR INSATISFAÇÃO VENDAS","","O","N","N","S","N","N","N","N","N","N","N","0","","0","","","0","T","1","","","","0","","LIVIA.SILVA","17/01/2023 11:25:00","VANESSA.ALVES","23/05/2023 17:15:00","","0",""
"562","","","Reavaliar insatisfaç","REAVALIAR INSATISFAÇÃO PEÇAS","","O","N","N","S","N","N","N","N","N","N","N","0","","0","","","0","T","1","","","","0","","LIVIA.SILVA","17/01/2023 11:28:00","LIVIA.SILVA","12/09/2023 14:56:00","","0",""
"563","","","Reavaliar insatisfaç","REAVALIAR INSATISFAÇÃO SERVIÇOS","","O","N","N","S","N","N","N","N","N","N","N","0","","0","","","0","T","1","","","","0","","LIVIA.SILVA","17/01/2023 11:29:00","NETO.PRADO","01/11/2024 14:19:00","","0",""
"564","","","Reav insat backoffce","REAVALIAR INSATISFAÇÃO BACKOFFICE","","O","N","N","S","N","N","N","N","N","N","N","0","","0","","","0","T","1","","","","0","","LIVIA.SILVA","17/01/2023 11:29:00","MATHEUS.AUGUSTO","01/08/2024 08:32:00","","0",""
"565","","","Critica/sug vendas","ANALISAR CRÍTICA/SUGESTÃO VENDAS","","O","N","N","S","N","N","N","N","N","N","N","0","","0","","","0","T","1","","","","0","","LIVIA.SILVA","24/01/2023 09:12:00","LIVIA.SILVA","22/09/2023 15:33:00","","0",""
"566","","","Analisar crítica/sug","ANALISAR CRÍTICA/SUGESTÃO PEÇAS","","O","N","N","S","N","N","N","N","N","N","N","0","","0","","","0","T","1","","","","0","","LIVIA.SILVA","24/01/2023 09:56:00","LIVIA.SILVA","24/01/2023 12:31:00","","0",""
"567","","","Analisar crítica/sug","ANALISAR CRÍTICA/SUGESTÃO SERVIÇOS","","O","N","N","S","N","N","N","N","N","N","N","0","","0","","","0","T","1","","","","0","","LIVIA.SILVA","24/01/2023 10:16:00","LIVIA.SILVA","26/02/2024 15:54:00","","0",""
"568","","","Analisar crítica/sug","ANALISAR CRÍTICA/SUGESTÃO BACKOFFICE","","O","N","N","N","N","N","N","N","N","N","N","0","","0","","","0","T","1","","","","0","","LIVIA.SILVA","24/01/2023 10:34:00","MATHEUS.AUGUSTO","29/11/2024 10:35:00","","0",""
"569","","","ACOMP INSATISF AMS","ACOMPANHAR INSATISFAÇÃO AMS","","O","N","N","S","N","N","N","N","N","N","N","0","","0","","","0","T","1","","","","0","","VANESSA.ALVES","09/02/2023 10:52:00","NETO.PRADO","04/07/2024 16:49:00","","0",""
"570","","","ACOMP INSAT IMPL","ACOMPANHAR INSATISFAÇÃO IMPLEMENTOS","","O","N","N","N","N","N","N","N","N","N","N","0","","0","","","0","T","1","","","","0","","VANESSA.ALVES","09/02/2023 11:12:00","MATHEUS.AUGUSTO","29/11/2024 10:34:00","","0",""
"571","","","PROSPECTAR CLIENTE S","PROSPECTAR CLIENTE SERVIÇO JD","","O","N","N","N","N","N","N","N","N","N","N","0","","0","","","0","T","1","","","","0","","LIVIA.SILVA","02/03/2023 10:19:00","LIVIA.SILVA","30/05/2023 09:24:00","","0",""
"572","","","VENDER SERVIÇO JD","VENDER SERVIÇO JD","","O","N","N","N","N","N","N","N","N","N","N","0","","0","","","0","T","1","","","","0","","LIVIA.SILVA","02/03/2023 11:04:00","MATHEUS.AUGUSTO","29/11/2024 10:34:00","","0",""
"573","","","Rea Entrada NF Usado","REALIZAR ENTRADA NF USADO","","O","N","N","N","N","N","N","N","N","N","N","0","","0","","","0","T","1","","","","0","","LIVIA.SILVA","09/03/2023 10:15:00","MATHEUS.AUGUSTO","29/11/2024 10:33:00","","0",""
"574","","","RETIRAR EQUIPAMENTO ","RETIRAR EQUIPAMENTO USADO","","O","N","N","N","N","N","N","N","N","N","N","0","","0","","","0","T","1","","","","0","","LIVIA.SILVA","13/03/2023 15:06:00","MATHEUS.AUGUSTO","29/11/2024 10:33:00","","0",""
"575","","","ENVIAR ANÁLISE RAO","ENVIAR ANÁLISE RAO","","O","N","N","N","N","N","N","N","N","N","N","0","","0","","","0","T","1","","","","0","","LIVIA.SILVA","14/03/2023 14:11:00","LIVIA.SILVA","15/03/2023 10:41:00","","0",""
"576","","","SINISTRO SEGURO","ACOMPANHAR PROCESSO SINISTRO SEGURO","","T","N","N","N","N","N","N","N","N","N","N","0","","0","","","0","T","1","","","","0","","VANESSA.ALVES","21/03/2023 10:38:00","LIVIA.SILVA","27/06/2023 14:24:00","","0",""
"577","","","ORGANIZAR DEMONSTRAÇ","ORGANIZAR DEMONSTRAÇÃO","","O","S","N","S","N","N","N","N","N","N","N","0","","0","","","0","T","1","","","1","0","","LIVIA.SILVA","28/04/2023 09:05:00","MATHEUS.AUGUSTO","28/07/2025 09:52:00","","0",""
"578","","","PREPARAR PRODUTO DEM","PREPARAR PRODUTO DEMONSTRAÇÃO","","O","S","N","S","N","N","N","N","N","N","N","0","","0","","","0","T","1","","","","0","","LIVIA.SILVA","28/04/2023 09:32:00","MATHEUS.AUGUSTO","26/05/2025 09:04:00","","0",""
"579","","","EMITIR NF DEMOSNTRAÇ","EMITIR NF DEMOSNTRAÇÃO/RETORNO","","O","S","N","S","N","N","N","N","N","N","N","0","","0","","","0","T","1","","","","0","","LIVIA.SILVA","28/04/2023 09:34:00","MATHEUS.AUGUSTO","26/05/2025 09:07:00","","0",""
"580","","","SOLICITAR RETORNO DE","SOLICITAR RETORNO DEMONSTRAÇÃO","","O","S","N","S","N","N","N","N","N","N","N","0","","0","","","0","T","1","","","","0","","LIVIA.SILVA","28/04/2023 09:36:00","MATHEUS.AUGUSTO","26/05/2025 09:08:00","","0",""
"581","","","ENTREGAR/RETIRAR DEM","ENTREGAR/RETIRAR PRODUTO DEMONSTRAÇÃO","","O","S","N","S","N","N","N","N","N","N","N","0","","0","","","0","T","1","","","","0","","LIVIA.SILVA","28/04/2023 09:38:00","MATHEUS.AUGUSTO","26/05/2025 09:13:00","","0",""
"582","","","REALIZAR MONITORAMEN","REALIZAR MONITORAMENTO DEMONSTRAÇÃO","","O","S","N","S","N","N","N","N","N","N","N","0","","0","","","0","T","1","","","","0","","LIVIA.SILVA","28/04/2023 09:40:00","MATHEUS.AUGUSTO","26/05/2025 09:14:27","","0",""
"583","","","PREPARAR RELATÓRIO D","PREPARAR RELATÓRIO PERCEPÇÃO DEMO","","O","N","N","S","N","N","N","N","N","N","N","0","","0","","","0","T","1","","","","0","","LIVIA.SILVA","28/04/2023 09:42:00","NETO.PRADO","27/01/2025 08:16:00","","0",""
"584","","","OFERECER GFC","OFERECER GFC","","O","N","N","N","N","N","N","N","N","N","N","0","","0","","","0","T","1","","","","0","","LIVIA.SILVA","08/05/2023 14:37:00","LIVIA.SILVA","08/05/2023 14:43:00","","0",""
"585","","","FATURAR CONTRATO GFC","FATURAR CONTRATO GFC","","O","N","N","N","N","N","N","N","N","N","N","0","","0","","","0","T","1","","","","0","","LIVIA.SILVA","31/05/2023 10:07:00","MATHEUS.AUGUSTO","29/11/2024 10:27:00","","0",""
"586","","","ANALISAR DEMANDA","ANALISAR DEMANDA","","O","N","N","N","N","N","N","N","N","N","N","0","","0","","","0","T","1","","","","0","","LIVIA.SILVA","14/06/2023 10:57:00","MATHEUS.AUGUSTO","29/11/2024 10:27:00","","0",""
"587","","","PORTAL DE GARANTIA","PORTAL DE GARANTIA","","O","N","N","N","N","N","N","N","N","N","N","0","","0","","","0","T","1","","","","0","","LIVIA.SILVA","12/07/2023 15:39:00","MATHEUS.AUGUSTO","29/11/2024 10:27:00","","0",""
"588","","","AUTORIZAR DEMONSTRAÇ","AUTORIZAR DEMONSTRAÇÃO","","O","N","N","N","N","N","N","N","N","N","N","0","","0","","","0","T","1","","","","0","","LIVIA.SILVA","01/09/2023 15:49:00","MATHEUS.AUGUSTO","29/11/2024 10:26:00","","0",""
"589","","","OFERECER GFT","OFERECER GFT","","O","N","N","S","N","N","N","N","N","N","N","0","","0","","","0","T","1","","","","0","","DIEGO.MARQUES","24/10/2023 08:10:00","DIEGO.MARQUES","24/10/2023 08:26:00","","0",""
"590","","","VENDER PROJETO FUTUR","VENDER PROJETO FUTURO","","O","N","N","N","N","N","N","N","N","N","N","0","","0","","","0","T","1","","","","0","","LIVIA.SILVA","01/12/2023 15:01:00","LIVIA.SILVA","27/05/2024 08:49:00","","0",""
"591","","","VENDER PROJETO","VENDER PROJETO","","O","N","N","N","N","N","N","N","N","N","N","0","","0","","","0","T","1","","","","0","","LIVIA.SILVA","01/12/2023 15:05:00","LIVIA.SILVA","27/05/2024 08:50:00","","0",""
"592","","","MONITORAR PROJETO IR","MONITORAR PROJETO IRRIGAÇÃO","","O","N","N","N","N","N","N","N","N","S","N","0","","0","","","0","T","0","","","","0","","LIVIA.SILVA","05/12/2023 07:25:00","LIVIA.SILVA","27/05/2024 08:48:00","","0",""
"593","","","APROVAR PEDIDO","APROVAR PEDIDO","","O","S","N","S","S","N","N","N","N","S","N","0","","0","","","0","T","1","","","","0","","DIEGO.MARQUES","15/12/2023 08:43:00","MATHEUS.AUGUSTO","24/04/2025 12:35:00","","0",""
"594","","","DEF FORM RECEB PED","DEFINIR FORMA DE RECEBIMENTO DO PEDIDO","","O","S","N","S","S","N","N","N","N","N","N","0","","0","","","0","T","1","","","","0","","DIEGO.MARQUES","15/12/2023 10:43:00","MATHEUS.AUGUSTO","06/03/2025 16:07:19","","0",""
"595","","","PREP DOCUM FINANC","PREPARAR DOCUMENTAÇÃO FINANCIAMENTO","","O","S","N","S","S","N","N","N","N","N","N","0","","0","","","0","T","1","","","","0","","DIEGO.MARQUES","15/12/2023 11:57:00","MATHEUS.AUGUSTO","28/02/2025 16:59:48","","0",""
"596","","","PREP DOCUM CONSORCIO","PREPARAR DOCUMENTACAO CONSORCIO","","O","S","N","S","S","N","N","N","N","N","N","0","","0","","","0","T","1","","","","0","","DIEGO.MARQUES","18/12/2023 13:29:00","NETO.PRADO","28/02/2025 15:27:00","","0",""
"597","","","FATURAR MAQ/IMP/AMS","FATURAR MAQUINA/IMPLEMENTO/AMS","","O","S","N","S","S","N","N","N","N","N","N","0","","0","","","0","T","1","","","","0","","DIEGO.MARQUES","18/12/2023 14:10:00","MATHEUS.AUGUSTO","14/03/2025 14:39:00","","0",""
"598","","","VER RECEB PEDIDO","VERIFICAR RECEBIMENTO DO PEDIDO","","O","S","N","S","S","N","N","N","N","N","N","0","","0","","","0","T","1","","","","0","","DIEGO.MARQUES","18/12/2023 14:20:00","MATHEUS.AUGUSTO","17/04/2025 08:21:17","","0",""
"599","","","AUTORIZAR FATURAMENT","AUTORIZAR FATURAMENTO","","O","S","N","S","S","N","N","N","N","N","N","0","","0","","","0","T","1","","","","0","","DIEGO.MARQUES","18/12/2023 14:22:00","NETO.PRADO","13/03/2025 14:57:05","","0",""
"600","","","REALIZR CHEC FINANCE","REALIZAR CHECAGEM FINANCEIRA","","O","S","N","S","S","N","S","N","N","S","N","0","","0","","","0","T","1","","","","0","","DIEGO.MARQUES","18/12/2023 14:27:00","NETO.PRADO","13/03/2025 14:57:00","","0",""
"601","","","REALIZAR CHEC CONSOR","REALIZAR CHECAGEM CONSORCIO","","O","S","N","S","S","N","N","N","N","N","N","0","","0","","","0","T","1","","","","0","","DIEGO.MARQUES","18/12/2023 14:32:00","NETO.PRADO","28/02/2025 15:47:00","","0",""
"602","","","AC REC FIN","ACOMP RECEBIMENTO FINANC MAQ/IMP/AMS","","O","S","N","S","S","N","N","N","N","N","N","0","","0","","","0","T","0","","","","0","","DIEGO.MARQUES","19/12/2023 10:13:00","NETO.PRADO","09/05/2025 11:56:00","","0",""
"603","","","SOL ENT FÍSICA","SOLICITAR ENTREGA FÍSICA MAQ/IMP/AMS","","O","N","N","N","N","N","N","N","N","N","N","0","","0","","","0","T","1","","","","0","","DIEGO.MARQUES","19/12/2023 10:17:00","NETO.PRADO","29/11/2024 10:53:00","","0",""
"604","","","ACOMP REC COMISSAO","ACOMPANHAR RECEB COMISSAO MAQ/IMP/AMS","","O","S","N","S","N","N","N","N","N","N","N","0","","0","","","0","T","1","","","","0","","DIEGO.MARQUES","19/12/2023 10:20:00","MATHEUS.AUGUSTO","24/03/2025 08:11:38","","0",""
"605","","","AG ENT FÍS MAQ/IMP","AGUARDAR ENTREGA FÍSICA MAQ/IMP/AMS","","O","N","N","N","N","N","N","N","N","N","N","0","","0","","","0","T","1","","","","0","","DIEGO.MARQUES","19/12/2023 10:23:00","NETO.PRADO","29/11/2024 10:57:00","","0",""
"606","","","AGENDAR ENTREGA TÉCN","AGENDAR ENTREGA TÉCNICA MAQ/IMP","","O","N","N","N","N","N","N","N","N","S","N","0","","0","","","0","T","1","","","","0","","DIEGO.MARQUES","19/12/2023 14:36:00","NETO.PRADO","29/11/2024 10:57:00","","0",""
"607","","","REALIZAR ENTREGA TÉC","REALIZAR ENTREGA TÉCNICA MAQ/IMP/AMS","","O","N","N","N","N","N","N","N","N","S","N","0","","0","","","0","T","1","","","","0","","DIEGO.MARQUES","19/12/2023 14:43:00","MATHEUS.AUGUSTO","29/11/2024 10:57:00","","0",""
"608","","","MONITORAR CLIEN CART","MONITORAR CLIENTE CARTEIRA (NOVO)","M_CAR","O","S","N","S","N","N","N","N","N","N","N","0","","0","","","0","T","1","","1","","0","","NETO.PRADO","26/01/2024 14:51:00","MATHEUS.AUGUSTO","16/10/2025 09:52:00","","0",""
"609","","","VENDER MAQUINA/IMPLE","VENDER MAQUINA/IMPLEMENTO (NOVO)","","O","S","N","S","N","N","N","N","N","N","N","0","","0","","","0","T","1","","","","0","","NETO.PRADO","26/01/2024 14:57:00","MATHEUS.AUGUSTO","16/10/2025 09:55:00","","0",""
"611","","","SOLICITAR FATURAMENT","SOLICITAR FATURAMENTO","","O","S","N","S","S","N","N","N","N","N","N","0","","0","","","0","T","1","","","","0","","NETO.PRADO","01/02/2024 08:24:00","MATHEUS.AUGUSTO","28/02/2025 16:33:00","","0",""
"612","","","EMITIR CONTRATO","EMITIR CONTRATO","","O","S","N","S","S","N","N","N","N","N","N","0","","0","","","0","T","1","","","","0","","NETO.PRADO","01/02/2024 09:33:00","MATHEUS.AUGUSTO","26/02/2025 15:50:39","","0",""
"613","","","Acompanhar Consórcio","ACOMPANHAR CONSÓRCIO","","O","S","N","S","S","N","N","N","N","N","N","0","","0","","","0","T","1","","","","0","","NETO.PRADO","05/02/2024 10:02:00","MATHEUS.AUGUSTO","24/03/2025 16:14:00","","0",""
"614","","","VENDER CONSÓRCIO NV","VENDER CONSÓRCIO (NOVO)","VD_CO","X","S","N","N","N","N","N","N","N","S","N","0","","0","","","0","T","1","30","","0","0","","NETO.PRADO","06/02/2024 14:18:00","MATHEUS.AUGUSTO","07/07/2025 08:23:35","","0",""
"615","","","AFERIR PESQUISA JD","AFERIR PESQUISA JOHN DEERE","","T","N","N","N","S","N","N","N","N","N","N","0","","0","","","0","T","1","","1","","0","","VANESSA.ALVES","13/03/2024 09:24:00","NETO.PRADO","31/07/2024 10:10:00","","0",""
"616","","","DISPONIBILIZAR EQUIP","DISPONIBILIZAR EQUIPAMENTO","","X","S","N","S","S","N","N","N","N","N","N","0","","0","","","0","T","1","","","","0","","NETO.PRADO","09/05/2024 14:30:00","MATHEUS.AUGUSTO","25/03/2025 08:08:40","","0",""
"617","","","Teste Criar Ação","Teste Criar Ação","","X","S","N","S","S","N","N","N","N","N","N","0","","0","","","0","T","1","","","","0","","NETO.PRADO","25/07/2024 14:00:00","V:AMAURY","29/12/2025 13:14:00","","0",""
"619","","","REAVALIAR INSATISF.","REAVALIAR INSATISFAÇÃO","","X","N","N","S","N","N","N","N","N","N","N","0","","0","","","0","T","1","","","","0","","NETO.PRADO","31/07/2024 09:44:00","NETO.PRADO","31/07/2024 09:51:00","","0",""
"620","","","AF SAT VEND 120 DIAS","AFERIR SATISFAÇÃO DE VENDAS 120 DIAS","","T","N","N","S","S","N","N","N","N","N","N","0","","0","","","0","T","1","","","","0","","NETO.PRADO","31/07/2024 10:01:00","MATHEUS.AUGUSTO","20/09/2024 08:01:00","","0","1"
"621","","","AFERIR PESQUISA PRÉ","AFERIR PESQUISA PRÉ FÁBRICA","AF_JD","T","N","N","S","S","N","N","N","N","N","N","0","","0","","","0","T","1","","","","0","","NETO.PRADO","31/07/2024 10:11:00","LIVIA.SILVA","06/11/2024 08:30:00","","0","1"
"622","","","(1) 1 JD - TABLET","(1) TESTE ALTERAÇÃO","","X","S","N","S","N","N","N","N","N","N","N","0","","0","","","0","T","1","","","","0","","MATHEUS.AUGUSTO","20/08/2024 12:11:00","V:DAVI","12/08/2025 15:08:00","","0",""
"623","","","(2) TESTE 1 JD - DSK","(2) TESTE 1 JD - DESK","","X","N","N","N","N","N","N","N","N","N","N","0","","0","","","0","T","1","","","","0","","MATHEUS.AUGUSTO","20/08/2024 12:19:00","NETO.PRADO","10/12/2024 16:09:00","","0",""
"624","","","(3) ULTIMA ETAPA DES","(3) ULTIMA ETAPA DESK","","X","N","N","N","N","N","N","N","N","N","N","0","","0","","","0","T","1","","","","0","","NETO.PRADO","22/08/2024 13:52:00","NETO.PRADO","28/11/2024 17:32:00","","0",""
"625","","","Entrega Kit 1º JD","Entrega Kit 1º John Deere","","X","S","N","S","S","N","N","N","N","N","N","0","","0","","","0","T","1","","","","0","","NETO.PRADO","26/08/2024 09:47:00","MATHEUS.AUGUSTO","26/05/2025 10:15:00","","0","1"
"626","","","Acompanhar Processo","Acompanhar Processo Cortesia Fábrica","","O","N","N","S","N","N","N","N","N","N","N","0","","0","","","0","T","1","","","","0","","NETO.PRADO","11/09/2024 14:25:00","MATHEUS.AUGUSTO","05/12/2024 11:30:00","","0",""
"627","","","Acomp Proc Garan Fáb","Acompanhar Processo Garantia Fábrica","","O","S","N","S","S","N","N","N","N","S","N","0","","0","","","0","T","1","","","","0","","NETO.PRADO","12/09/2024 08:43:00","RICARDO.MORETTI","10/10/2025 15:59:06","","0",""
"628","","","Agendar Serv G/Cort","Agendar Serviço Garantia / Cortesia","","O","S","N","S","S","N","N","N","N","N","N","0","","0","","","0","T","1","","","","0","","NETO.PRADO","12/09/2024 08:56:00","MATHEUS.AUGUSTO","19/02/2025 11:59:00","","0",""
"629","","","Aguardando Ac Conc P","Aguardando Aceite Concess PMP","","O","N","N","S","N","N","N","N","N","S","N","0","","0","","","0","T","0","","","","0","","NETO.PRADO","12/09/2024 09:06:00","NETO.PRADO","06/02/2025 16:03:00","","0",""
"630","","","Aguardando Ap. Corte","Aguardando Ap. Cortesia TCSM","","O","S","N","S","N","N","N","N","N","S","N","0","","0","","","0","T","0","","","","0","","NETO.PRADO","12/09/2024 11:26:00","MATHEUS.AUGUSTO","27/03/2025 15:49:58","","0",""
"631","","","Ag. At. Status Chass","Aguardando Atualizar Status Chassi","","O","N","N","S","N","N","N","N","N","S","N","0","","0","","","0","T","0","","","","0","","NETO.PRADO","12/09/2024 11:37:00","MATHEUS.AUGUSTO","20/09/2024 11:47:00","","0",""
"632","","","Aguard Doc N Autor P","Aguardar Docto Não Autoriz PMP","","O","N","N","S","S","N","N","N","N","S","N","0","","0","","","0","T","1","","","","0","","NETO.PRADO","12/09/2024 11:42:00","NETO.PRADO","06/02/2025 16:06:00","","0",""
"633","","","Aguardar Realização","Aguardar Realização Serv Garantia/Cortes","","O","S","N","S","S","N","N","N","N","S","N","0","","0","","","0","T","0","","","","0","","NETO.PRADO","12/09/2024 14:15:00","MATHEUS.AUGUSTO","23/01/2026 08:16:32","","0",""
"634","","","Ajustar O.S","Ajustar O.S","","O","N","N","S","N","N","N","N","N","S","N","0","","0","","","0","T","0","","","","0","","NETO.PRADO","12/09/2024 14:24:00","MATHEUS.AUGUSTO","20/09/2024 12:09:00","","0",""
"635","","","Aj pendencia cortesi","Ajustar Pendência Cortesia","","X","N","N","S","N","N","N","N","N","N","N","0","","0","","","0","T","1","","","","0","","NETO.PRADO","12/09/2024 14:47:00","MATHEUS.AUGUSTO","20/09/2024 12:18:00","","0",""
"636","","","Ajustar Pendência Ga","Ajustar Pendência Garantia","","X","N","N","S","N","N","N","N","N","N","N","0","","0","","","0","T","1","","","","0","","NETO.PRADO","12/09/2024 14:53:00","NETO.PRADO","06/11/2024 14:26:00","","0",""
"637","","","Aprovar Demonstração","Aprovar Demonstração","","O","S","N","S","S","N","N","N","N","N","N","0","","0","","","0","T","1","","","","0","","NETO.PRADO","12/09/2024 15:01:00","MATHEUS.AUGUSTO","02/06/2025 11:41:00","","0",""
"638","","","Autoriza Exec PMP","Autorizar Execução do PMP","","O","N","N","S","S","N","N","N","N","S","N","0","","0","","","0","T","0","","","","0","","NETO.PRADO","12/09/2024 15:10:00","NETO.PRADO","06/02/2025 16:06:00","","0",""
"639","","","Avaliar Cortesia","Avaliar Cortesia","","O","N","N","S","N","N","N","N","N","S","N","0","","0","","","0","T","0","","","","0","","NETO.PRADO","12/09/2024 15:22:00","MATHEUS.AUGUSTO","20/09/2024 12:50:00","","0",""
"640","","","Avaliar Garantia Par","Avaliar Garantia Parcial","","O","N","N","S","N","N","N","N","N","S","N","0","","0","","","0","T","0","","","","0","","NETO.PRADO","12/09/2024 15:28:00","MATHEUS.AUGUSTO","20/09/2024 12:57:00","","0",""
"641","","","Cancelar OS Garantia","Cancelar OS Garantia","","O","N","N","S","S","N","N","N","N","S","N","0","","0","","","0","T","0","","","","0","","NETO.PRADO","12/09/2024 15:32:00","MATHEUS.AUGUSTO","20/09/2024 13:04:00","","0",""
"642","","","Comunicar Coord Serv","Comunicar Coord Serv. e Fabrica","","O","N","N","S","N","N","N","N","N","S","N","0","","0","","","0","T","0","","","","0","","NETO.PRADO","12/09/2024 15:38:00","MATHEUS.AUGUSTO","20/09/2024 13:13:00","","0",""
"643","","","Comunicar Fábrica Pe","Comunicar Fábrica Peça/Foto Enviada","","O","N","N","S","N","N","N","N","N","S","N","0","","0","","","0","T","0","","","","0","","NETO.PRADO","12/09/2024 15:40:00","MATHEUS.AUGUSTO","20/09/2024 13:20:00","","0",""
"644","","","Comunicar Garantia à","Comunicar Garantia à Fábrica","","O","N","N","S","N","N","N","N","N","S","N","0","","0","","","0","T","0","","","","0","","NETO.PRADO","12/09/2024 15:47:00","MATHEUS.AUGUSTO","20/09/2024 13:26:00","","0",""
"645","","","PMP Com. Loc. Desc","Comunicar Localização Desconhecida PMP","","O","N","N","S","N","N","N","N","N","S","N","0","","0","","","0","T","1","","","","0","","NETO.PRADO","13/09/2024 08:00:00","NETO.PRADO","06/02/2025 16:06:00","","0",""
"646","","","Corrigir Gar Sol Peç","Corrigir Gar Sol Peç Garantia","","O","N","N","S","N","N","N","N","N","S","N","0","","0","","","0","T","0","","","","0","","NETO.PRADO","13/09/2024 08:09:00","NETO.PRADO","17/01/2025 09:30:00","","0",""
"647","","","Cor proc cort fábric","Corrigir Processo Cortesia Fábrica","","X","N","N","S","N","N","N","N","N","N","N","0","","0","","","0","T","1","","","","0","","NETO.PRADO","13/09/2024 08:21:00","NETO.PRADO","13/09/2024 08:38:00","","0",""
"648","","","Corrigir Processo Ga","Corrigir Processo Garantia","","O","N","N","S","N","N","N","N","N","S","N","0","","0","","","0","T","0","","","","0","","NETO.PRADO","13/09/2024 08:38:00","NETO.PRADO","04/12/2024 08:41:00","","0",""
"649","","","Criar Solic Transfer","Criar Solic Transf Conc PMP","","O","N","N","S","N","N","N","N","N","S","N","0","","0","","","0","T","0","","","","0","","NETO.PRADO","13/09/2024 08:45:00","NETO.PRADO","06/02/2025 16:07:00","","0",""
"650","","","Envio Cortesia para","Envio Cortesia para Fábrica","","O","N","N","S","N","N","N","N","N","S","N","0","","0","","","0","T","0","","","","0","","NETO.PRADO","13/09/2024 14:36:00","MATHEUS.AUGUSTO","05/12/2024 11:34:00","","0",""
"651","","","Excluir Gar Portal","Excluir Garantia Portal","","O","N","N","S","N","N","N","N","N","N","N","0","","0","","","0","T","1","","","","0","","NETO.PRADO","13/09/2024 14:44:00","NETO.PRADO","04/12/2024 08:33:00","","0",""
"652","","","Faturar OS Gar/Cort","Faturar OS Garantia / Cortesia","","O","S","N","S","N","N","N","N","N","S","N","0","","0","","","0","T","0","","","","0","","NETO.PRADO","13/09/2024 14:49:00","NETO.PRADO","05/03/2025 17:05:34","","0",""
"653","","","Lib Cl Bloq-Ga/Co/Ag","Liberar Cli Bloqueado - Garantia/Cort/Ag","","O","N","N","S","N","N","N","N","N","S","N","0","","0","","","0","T","0","","","","0","","NETO.PRADO","13/09/2024 15:06:00","NETO.PRADO","13/09/2024 15:09:00","","0",""
"654","","","Liberar OS Garantia","Liberar OS Garantia","","O","N","N","S","S","N","N","N","N","S","N","0","","0","","","0","T","0","","","","0","","NETO.PRADO","13/09/2024 15:11:00","NETO.PRADO","14/02/2025 16:49:00","","0",""
"655","","","Negociar Cortesia co","Negociar Cortesia com a Fábrica","","O","N","N","S","N","N","N","N","N","S","N","0","","0","","","0","T","0","","","","0","","NETO.PRADO","13/09/2024 15:19:00","NETO.PRADO","13/09/2024 15:22:00","","0",""
"656","","","Negociar Forma Pagto","Negociar Forma Pagto Peça com Cliente","","O","N","N","S","N","N","N","N","N","N","N","0","","0","","","0","T","0","","","","0","","NETO.PRADO","13/09/2024 15:24:00","NETO.PRADO","03/12/2024 17:27:00","","0",""
"657","","","Negoc Gar Improc","Negociar Garantia Improcedente","","O","N","N","S","N","N","N","N","N","S","N","0","","0","","","0","T","0","","","","0","","NETO.PRADO","13/09/2024 15:28:00","NETO.PRADO","13/09/2024 15:36:00","","0",""
"658","","","Negociação com Clien","Negociação com Cliente","","O","N","N","S","N","N","N","N","N","S","N","0","","0","","","0","T","0","","","","0","","NETO.PRADO","16/09/2024 08:49:00","NETO.PRADO","16/09/2024 08:59:00","","0",""
"659","","","Prep Cortesia Fat Pe","Preparar Cortesia Faturamento Peças Clie","","O","N","N","S","N","N","N","N","N","S","N","0","","0","","","0","T","0","","","","0","","MATHEUS.AUGUSTO","16/09/2024 10:05:00","MATHEUS.AUGUSTO","16/09/2024 11:00:00","","0",""
"660","","","Verificar Pendência ","Verificar Pendência OS Garantia","","O","N","N","S","N","N","N","N","N","S","N","0","","0","","","0","T","0","","","","0","","MATHEUS.AUGUSTO","16/09/2024 11:02:00","NETO.PRADO","17/01/2025 09:43:00","","0",""
"661","","","Transferir para Loja","Transferir para Loja","","O","N","N","S","S","N","N","N","N","S","N","0","","0","","","0","T","0","","","","0","","MATHEUS.AUGUSTO","16/09/2024 11:52:00","MATHEUS.AUGUSTO","16/09/2024 12:04:00","","0",""
"662","","","Solici Baixa PMP Fáb","Solicitar Baixa PMP na Fábrica","","O","N","N","S","N","N","N","N","N","S","N","0","","0","","","0","T","0","","","","0","","MATHEUS.AUGUSTO","16/09/2024 12:05:00","NETO.PRADO","06/02/2025 16:07:00","","0",""
"663","","","Resolver Dificuldade","Resolver Dificuldade Faturamento Garanti","","O","N","N","S","N","N","N","N","N","S","N","0","","0","","","0","T","0","","","","0","","MATHEUS.AUGUSTO","16/09/2024 12:12:00","MATHEUS.AUGUSTO","16/09/2024 12:17:00","","0",""
"664","","","Reenviar Garantia JD","Reenviar Garantia JD","","X","N","N","S","N","N","N","N","N","S","N","0","","0","","","0","T","1","","","","0","","MATHEUS.AUGUSTO","16/09/2024 12:19:00","MATHEUS.AUGUSTO","16/09/2024 12:31:00","","0",""
"665","","","Reenviar Cortesia JD","Reenviar Cortesia JD","","X","N","N","S","N","N","N","N","N","S","N","0","","0","","","0","T","0","","","","0","","MATHEUS.AUGUSTO","16/09/2024 12:31:00","MATHEUS.AUGUSTO","16/09/2024 12:38:00","","0",""
"666","","","Providenciar Peça/Fo","Providenciar Peça/Foto para Análise","","O","N","N","S","N","N","N","N","N","S","N","0","","0","","","0","T","0","","","","0","","MATHEUS.AUGUSTO","16/09/2024 12:38:00","NETO.PRADO","03/12/2024 17:04:00","","0",""
"667","","","Providenc Pç Gar/Cor","Providenciar Peça Garantia/Cortesia","","O","N","N","S","N","N","N","N","N","S","N","0","","0","","","0","T","0","","","","0","","MATHEUS.AUGUSTO","16/09/2024 12:55:00","NETO.PRADO","17/01/2025 09:16:00","","0",""
"668","","","Providenciar Documen","Providenciar Documentação Cortesia","","O","N","N","S","N","N","N","N","N","S","N","0","","0","","","0","T","0","","","","0","","MATHEUS.AUGUSTO","16/09/2024 13:09:00","NETO.PRADO","20/09/2024 08:51:00","","0",""
"669","","","Devolver Peça Estoqu","Devolver Peça Estoque","","O","N","N","S","N","N","N","N","N","N","N","0","","0","","","0","T","1","","","","0","","NETO.PRADO","13/09/2024 08:56:00","NETO.PRADO","06/11/2024 14:26:00","","0",""
"670","","","Abrir OS Pré Entrega","Abrir OS Pré Entrega","","O","S","N","S","N","N","N","N","N","N","N","0","","0","","","0","T","0","","","","0","","MATHEUS.AUGUSTO","17/09/2024 10:30:00","MATHEUS.AUGUSTO","18/11/2025 15:52:16","","0",""
"671","","","Pré Entrega Programa","Pré Entrega Programada","","O","S","N","S","S","N","N","N","N","S","N","0","","0","","","0","T","0","","","","0","","MATHEUS.AUGUSTO","17/09/2024 10:50:00","MATHEUS.AUGUSTO","25/11/2025 17:18:00","","0",""
"672","","","Confirmar Revisão Pr","Confirmar Revisão Pre-Entrega","","O","S","N","S","S","N","N","N","N","S","N","0","","0","","","0","T","0","","","","0","","MATHEUS.AUGUSTO","17/09/2024 11:04:00","MATHEUS.AUGUSTO","12/01/2026 17:16:40","","0",""
"673","","","Corr Proc Rev Pre En","Corrigir Processo Revisão Pre-Entrega","","X","S","N","S","N","N","N","N","N","N","N","0","","0","","","0","T","1","","","","0","","MATHEUS.AUGUSTO","17/09/2024 11:09:00","MATHEUS.AUGUSTO","03/02/2026 10:27:00","","0",""
"674","","","Faturar OS Agrega/Fá","Faturar OS Agrega/Fábrica","","O","S","N","S","N","N","N","N","N","S","N","0","","0","","","0","T","0","","","","0","","MATHEUS.AUGUSTO","17/09/2024 11:44:00","MATHEUS.AUGUSTO","13/03/2025 15:24:00","","0",""
"675","","","Finalizar Orçamento ","Finalizar Orçamento Extra","","O","S","N","S","S","N","N","N","N","N","N","0","","0","","","0","T","1","","","","0","","MATHEUS.AUGUSTO","17/09/2024 11:54:00","MATHEUS.AUGUSTO","26/03/2025 10:32:33","","0",""
"676","","","Agendar Pré Entrega","Agendar Pré Entrega","","O","S","N","S","S","N","N","N","N","S","N","0","","0","","","0","T","0","","","","0","","MATHEUS.AUGUSTO","17/09/2024 12:06:00","MATHEUS.AUGUSTO","03/02/2026 10:28:00","","0",""
"677","","","Providenciar Peças P","Providenciar Peças Pré Entrega","","X","S","N","S","N","N","N","N","N","S","N","0","","0","","","0","T","0","","","","0","","MATHEUS.AUGUSTO","17/09/2024 12:18:00","MATHEUS.AUGUSTO","18/03/2025 10:59:39","","0",""
"678","","","Realizar Orçamento E","Realizar Orçamento Extras","","O","S","N","S","S","N","N","N","N","S","N","0","","0","","","0","T","0","","","","0","","MATHEUS.AUGUSTO","17/09/2024 12:52:00","MATHEUS.AUGUSTO","12/06/2025 15:47:00","","0",""
"679","","","Real. Orç. Peças. Pe","Realizar Orçamento Peças - Pré Entrega","","O","S","N","S","S","N","N","N","N","S","N","0","","0","","","0","T","0","","","","0","","MATHEUS.AUGUSTO","17/09/2024 12:55:00","MATHEUS.AUGUSTO","26/03/2025 11:09:33","","0",""
"680","","","Cancelar O.S. Pré En","Cancelar O.S. Pré Entrega","","O","N","N","S","N","N","N","N","N","N","N","0","","0","","","0","T","1","","","","0","","NETO.PRADO","19/09/2024 16:03:00","NETO.PRADO","23/09/2024 16:18:00","","0",""
"681","","","Agendar Revisão","Agendar Revisão","","O","N","N","S","N","N","N","N","N","S","N","0","","0","","","0","T","0","","","","0","","NETO.PRADO","02/10/2024 14:31:00","NETO.PRADO","02/10/2024 14:48:00","","0",""
"682","","","Sol Desbloq Cad GLPI","Solicitar Desbloqueio Via GLPI","","X","N","N","S","N","N","N","N","N","N","N","0","","0","","","0","T","1","","","","0","","NETO.PRADO","22/10/2024 15:08:00","NETO.PRADO","06/11/2024 14:27:00","","0",""
"683","","","Ag Desbloq Cadastral","Aguardando Desbloqueio Cadastral","","X","N","N","S","N","N","N","N","N","N","N","0","","0","","","0","T","1","","","","0","","NETO.PRADO","22/10/2024 15:15:00","NETO.PRADO","06/11/2024 14:25:00","","0",""
"684","","","Comunicar Fáb Chassi","Comunicar Fáb Chassi Não Localizado Rev","","X","N","N","S","N","N","N","N","N","S","N","0","0","0","0","0","0","T","0","0","0","0","5","","MATHEUS.AUGUSTO","22/11/2024 14:09:54","MATHEUS.AUGUSTO","22/11/2024 14:54:00","0","0","0"
"685","","","Criar Sol Trasnf Rev","Criar Solicitação Transf Revisão Concess","","X","N","N","S","N","N","N","N","N","S","N","0","0","0","0","0","0","T","0","0","0","0","5","","MATHEUS.AUGUSTO","22/11/2024 14:09:54","NETO.PRADO","27/11/2024 14:36:00","0","0","0"
"686","","","Abrir O.S. Revisão","Abrir O.S. Revisão","","X","N","N","S","N","N","N","N","N","S","N","0","0","0","0","0","0","T","0","0","0","0","5","","MATHEUS.AUGUSTO","22/11/2024 14:09:54","NETO.PRADO","22/11/2024 14:30:00","0","0","0"
"687","","","Solicitar Requisição","Solicitar Requisição de Peça Revisão","","X","S","N","N","N","N","N","N","N","S","N","0","0","0","0","0","0","T","0","0","0","0","5","","MATHEUS.AUGUSTO","22/11/2024 14:09:00","MATHEUS.AUGUSTO","09/12/2025 10:08:00","0","0","0"
"688","","","Aguardar Real Rev","Aguardar Realização Revisão","","X","N","N","S","N","N","N","N","N","S","N","0","0","0","0","0","0","T","0","0","0","0","5","","MATHEUS.AUGUSTO","22/11/2024 14:09:54","NETO.PRADO","27/11/2024 14:45:00","0","0","0"
"689","","","Faturar O.S. Revisão","Faturar O.S. Revisão RVF","","X","N","N","S","N","N","N","N","N","S","N","0","0","0","0","0","0","T","0","0","0","0","5","","MATHEUS.AUGUSTO","22/11/2024 14:09:54","NETO.PRADO","27/11/2024 15:15:00","0","0","0"
"690","","","Efetivar Plano de Ma","Efetivar Plano de Manutenção","","X","N","N","S","N","N","N","N","N","S","N","0","0","0","0","0","0","T","0","0","0","0","5","","MATHEUS.AUGUSTO","22/11/2024 14:09:54","MATHEUS.AUGUSTO","22/11/2024 14:41:00","0","0","0"
"691","","","Agendar Revisões","Agendar Revisões","","X","S","N","N","N","N","N","N","N","S","N","0","0","0","0","0","0","T","0","0","0","0","0","","MATHEUS.AUGUSTO","22/11/2024 14:09:00","MATHEUS.AUGUSTO","09/12/2025 10:08:12","0","0","0"
"692","","","Negociar Orçamento R","Negociar Orçamento Revisão Cliente","","X","N","N","S","N","N","N","N","N","S","N","0","0","0","0","0","0","T","0","0","0","0","5","","MATHEUS.AUGUSTO","22/11/2024 14:09:54","NETO.PRADO","05/12/2024 11:06:00","0","0","0"
"693","","","Corrigir Orçamento R","Corrigir Orçamento Revisão","","X","N","N","S","N","N","N","N","N","S","N","0","0","0","0","0","0","T","0","0","0","0","5","","MATHEUS.AUGUSTO","22/11/2024 14:09:54","MATHEUS.AUGUSTO","22/11/2024 14:52:00","0","0","0"
"694","","","Conferir O.S. Revisã","Conferir O.S. Revisão","","X","N","N","S","N","N","N","N","N","S","N","0","0","0","0","0","0","T","0","0","0","0","5","","MATHEUS.AUGUSTO","22/11/2024 14:09:55","MATHEUS.AUGUSTO","22/11/2024 14:53:00","0","0","0"
"695","","","Negociar Plano de Ma","Negociar Plano de Manutenção","","X","N","N","S","N","N","N","N","N","S","N","0","0","0","0","0","0","T","0","0","0","0","5","","MATHEUS.AUGUSTO","22/11/2024 14:09:55","MATHEUS.AUGUSTO","22/11/2024 14:37:00","0","0","0"
"696","","","Alterar Plano de Man","Alterar Plano de Manutenção","","X","N","N","S","N","N","N","N","N","S","N","0","0","0","0","0","0","T","0","0","0","0","5","","MATHEUS.AUGUSTO","22/11/2024 14:09:55","NETO.PRADO","22/11/2024 14:36:00","0","0","0"
"697","","","Requisitar Peça Revi","Requisitar Peça Revisão","","X","S","N","N","N","N","N","N","N","S","N","0","0","0","0","0","0","T","0","0","0","0","5","","MATHEUS.AUGUSTO","22/11/2024 14:09:00","MATHEUS.AUGUSTO","09/12/2025 10:07:37","0","0","0"
"698","","","Anexar Doc DCP","Anexar Documento (DCP)","","X","N","N","S","N","N","N","N","N","S","N","0","0","0","0","0","0","T","0","0","0","0","5","","MATHEUS.AUGUSTO","22/11/2024 14:09:55","NETO.PRADO","22/11/2024 14:38:00","0","0","0"
"699","","","Corrigir O.S. Revisã","Corrigir O.S. Revisão","","X","N","N","S","N","N","N","N","N","S","N","0","0","0","0","0","0","T","0","0","0","0","5","","MATHEUS.AUGUSTO","22/11/2024 14:09:55","MATHEUS.AUGUSTO","22/11/2024 14:52:00","0","0","0"
"700","","","Gerar Orçamento Revi","Gerar Orçamento Revisão","","X","N","N","S","N","N","N","N","N","S","N","0","0","0","0","0","0","T","0","0","0","0","5","","MATHEUS.AUGUSTO","22/11/2024 14:09:55","MATHEUS.AUGUSTO","22/11/2024 14:40:00","0","0","0"
"701","","","Assinar Documentação","Assinar Documentação Entrega Técnica","","X","S","N","N","N","N","N","N","N","S","N","0","0","0","0","0","0","T","0","0","0","0","5","","MATHEUS.AUGUSTO","22/11/2024 14:09:00","MATHEUS.AUGUSTO","10/12/2025 09:29:48","0","0","0"
"702","","","Transferir Chassi Re","Transferir Chassi Revisão","","X","N","N","S","N","N","N","N","N","S","N","0","0","0","0","0","0","T","0","0","0","0","5","","MATHEUS.AUGUSTO","22/11/2024 14:09:55","MATHEUS.AUGUSTO","22/11/2024 14:32:00","0","0","0"
"703","","","Revisão Término Gara","Revisão Término Garantia","","X","S","N","N","N","N","N","N","N","S","N","0","0","0","0","0","0","T","0","0","0","0","0","","MATHEUS.AUGUSTO","22/11/2024 14:09:00","MATHEUS.AUGUSTO","09/12/2025 10:07:47","0","0","0"
"704","","","Agendar Entrega Técn","Agendar Entrega Técnica Máq/imp","","X","S","N","S","N","N","N","N","N","S","N","0","0","0","0","0","0","T","0","0","0","0","5","","MATHEUS.AUGUSTO","22/11/2024 14:09:00","MATHEUS.AUGUSTO","10/12/2025 09:16:00","0","0","0"
"705","","","Realizar Entrega Téc","Realizar Entrega Técnica Máq/imp","","X","S","N","S","S","N","N","N","N","S","N","0","0","0","0","0","0","T","0","0","0","0","5","","MATHEUS.AUGUSTO","22/11/2024 14:09:00","MATHEUS.AUGUSTO","06/03/2025 15:13:00","0","0","0"
"706","","","Agendar Entrega Físi","Agendar Entrega Física Máq/imp","","X","N","N","S","N","N","N","N","N","S","N","0","0","0","0","0","0","T","0","0","0","0","5","","MATHEUS.AUGUSTO","22/11/2024 14:09:55","NETO.PRADO","22/11/2024 14:29:00","0","0","0"
"707","","","Marcar Entregue","Marcar Entregue","","X","S","N","S","N","N","N","N","N","N","N","0","0","0","0","0","0","T","1","0","0","0","0","","MATHEUS.AUGUSTO","22/11/2024 14:09:00","MATHEUS.AUGUSTO","01/12/2025 10:00:09","0","0","0"
"708","","","Ag Ent Fís Máq/imp","Aguardar Entrega Física Máq/imp","","X","S","N","S","N","N","N","N","N","S","N","0","0","0","0","0","0","T","0","0","0","0","5","","MATHEUS.AUGUSTO","22/11/2024 14:09:00","MATHEUS.AUGUSTO","16/07/2025 14:47:31","0","0","0"
"709","","","Agendar Revisão (ENT","Agendar Revisão (ENT-FIS)","","X","S","N","S","N","N","N","N","N","S","N","0","0","0","0","0","0","T","0","0","0","0","5","","MATHEUS.AUGUSTO","22/11/2024 14:09:00","NETO.PRADO","20/03/2025 15:36:06","0","0","0"
"710","","","Sol Ent Fís Máq Imp","Solicitar Entrega Física Máq/imp","","O","S","N","S","S","N","N","N","N","S","N","0","0","0","0","0","0","T","0","0","0","0","5","","MATHEUS.AUGUSTO","22/11/2024 14:09:00","MATHEUS.AUGUSTO","01/04/2025 14:23:00","0","0","0"
"711","","","Gerar Plano de Manut","Gerar Plano de Manutenção","","X","S","N","S","N","N","N","N","N","S","N","0","0","0","0","0","0","T","0","0","0","0","5","","MATHEUS.AUGUSTO","22/11/2024 14:09:00","MATHEUS.AUGUSTO","16/03/2026 16:44:38","0","0","0"
"712","","","Criar Sol Tr Rev Tra","Criar Solicitação Trasnf Revisão Tracbel","","X","S","N","N","N","N","N","N","N","S","N","0","0","0","0","0","0","T","0","0","0","0","5","","MATHEUS.AUGUSTO","22/11/2024 14:09:00","MATHEUS.AUGUSTO","09/12/2025 09:05:39","0","0","0"
"713","","","Cadastrar RVF (ENT)","Cadastrar RVF (ENT)","","X","N","N","S","N","N","N","N","N","S","N","0","0","0","0","0","0","T","0","0","0","0","5","","MATHEUS.AUGUSTO","22/11/2024 14:09:56","NETO.PRADO","22/11/2024 14:41:00","0","0","0"
"714","","","Transf Chassi Srv","Transferir Chassi Srv","","X","N","N","N","N","N","N","N","N","N","N","0","","0","","","0","T","1","","","","0","","MATHEUS.AUGUSTO","25/11/2024 09:07:00","NETO.PRADO","14/02/2025 16:50:00","","0",""
"715","","","Com Fáb Chassi N Loc","Comunicar Fáb Chassi Não Localizado Srv","","X","N","N","S","N","N","N","N","N","N","N","0","","0","","","0","T","1","","","","0","","MATHEUS.AUGUSTO","25/11/2024 09:14:00","MATHEUS.AUGUSTO","25/11/2024 09:14:00","","0",""
"716","","","Criar Sol Transf Con","Criar Solicitação Transf Srv Concess","","X","N","N","S","N","N","N","N","N","N","N","0","","0","","","0","T","1","","","","0","","MATHEUS.AUGUSTO","25/11/2024 09:19:00","NETO.PRADO","04/12/2024 08:37:00","","0",""
"717","","","Criar Sol Transf Tba","Criar Solicitação Transf Srv Tracbel","","X","N","N","S","N","N","N","N","N","N","N","0","","0","","","0","T","1","","","","0","","MATHEUS.AUGUSTO","25/11/2024 09:26:00","MATHEUS.AUGUSTO","25/11/2024 09:26:00","","0",""
"718","","","Prov Doc TCAT","Providenciar Documentação TCAT","","X","N","N","S","N","N","N","N","N","N","N","0","","0","","","0","T","1","","","","0","","MATHEUS.AUGUSTO","25/11/2024 10:26:00","NETO.PRADO","05/12/2024 09:30:00","","0",""
"719","","","Com TCAT Seguradora","Comunicar TCAT Seguradora","","X","N","N","S","N","N","N","N","N","N","N","0","","0","","","0","T","1","","","","0","","MATHEUS.AUGUSTO","25/11/2024 10:29:00","MATHEUS.AUGUSTO","25/11/2024 10:56:00","","0",""
"720","","","Corrigir TCAT","Corrigir TCAT","","X","N","N","S","N","N","N","N","N","N","N","0","","0","","","0","T","1","","","","0","","MATHEUS.AUGUSTO","25/11/2024 10:32:00","MATHEUS.AUGUSTO","25/11/2024 10:38:00","","0",""
"721","","","Acomp TCAT Segurador","Acompanhar TCAT Seguradora","","X","N","N","S","N","N","N","N","N","N","N","0","","0","","","0","T","1","","","","0","","MATHEUS.AUGUSTO","25/11/2024 10:38:00","MATHEUS.AUGUSTO","25/11/2024 10:41:00","","0",""
"722","","","Faturar OS TCAT","Faturar OS TCAT","","X","N","N","S","N","N","N","N","N","N","N","0","","0","","","0","T","1","","","","0","","MATHEUS.AUGUSTO","25/11/2024 10:42:00","MATHEUS.AUGUSTO","25/11/2024 10:45:00","","0",""
"723","","","Resolv Erro Fat TCAT","Resolver Erro Faturamento TCAT","","X","N","N","S","N","N","N","N","N","N","N","0","","0","","","0","T","1","","","","0","","MATHEUS.AUGUSTO","25/11/2024 10:45:00","MATHEUS.AUGUSTO","25/11/2024 10:47:00","","0",""
"724","","","Verificar Oportunida","Verificar Oportunidades (SAR)","","O","N","N","S","N","N","N","N","N","S","N","0","0","0","0","0","0","T","1","0","1","0","0","","MATHEUS.AUGUSTO","26/11/2024 09:28:32","NETO.PRADO","06/12/2024 17:46:00","0","0","0"
"725","","","Negociar Forma Pagam","Negociar Forma Pagamento DSI","","X","N","N","S","N","N","N","N","N","N","N","0","0","0","0","0","0","T","1","0","0","0","0","","MATHEUS.AUGUSTO","26/11/2024 09:28:32","NETO.PRADO","26/11/2024 17:13:00","0","0","0"
"726","","","Ag Exec Serv DSI","Agendar Execução Serviço DSI","ASDSI","X","N","N","S","N","N","N","N","N","N","N","0","0","0","0","0","0","T","1","0","0","0","0","","MATHEUS.AUGUSTO","26/11/2024 09:28:33","NETO.PRADO","10/01/2025 15:45:00","0","0","0"
"727","","","Separar Peças DSI","Separar Peças DSI","","X","N","N","S","N","N","N","N","N","S","N","0","0","0","0","0","0","T","1","0","0","0","0","","MATHEUS.AUGUSTO","26/11/2024 09:28:33","NETO.PRADO","06/12/2024 17:45:00","0","0","0"
"728","","","Retirar Peças DSI","Retirar Peças DSI","","X","N","N","S","N","N","N","N","N","S","N","0","0","0","0","0","0","T","1","0","0","0","0","","MATHEUS.AUGUSTO","26/11/2024 09:28:33","NETO.PRADO","06/12/2024 17:45:00","0","0","0"
"729","","","Encerrar O.S. DSI","Encerrar O.S. DSI","","X","N","N","S","N","N","N","N","N","N","N","0","0","0","0","0","0","T","1","0","0","0","0","","MATHEUS.AUGUSTO","26/11/2024 09:28:33","MATHEUS.AUGUSTO","27/11/2024 15:33:00","0","0","0"
"730","","","Ag Exc Serv D.S.I","Agendar Execução Serviço D.S.I.","ESDSI","X","N","N","S","N","N","N","N","N","N","N","0","0","0","0","0","0","T","1","0","0","0","0","","MATHEUS.AUGUSTO","26/11/2024 09:28:33","MATHEUS.AUGUSTO","27/11/2024 15:36:00","0","0","0"
"731","","","Fechar Ticket Expert","Fechar Ticket ExpertConnect","","X","N","N","S","N","N","N","N","N","N","N","0","0","0","0","0","0","T","1","0","0","0","0","","MATHEUS.AUGUSTO","26/11/2024 09:28:33","NETO.PRADO","26/11/2024 16:55:00","0","0","0"
"732","","","Exec Solução Rem CSC","Executar Solução Remota CSC","","O","N","N","S","N","N","N","N","N","N","N","0","0","0","0","0","0","T","1","0","0","0","0","","MATHEUS.AUGUSTO","26/11/2024 09:28:33","NETO.PRADO","26/11/2024 15:37:00","0","0","0"
"733","","","ENCERRAR OS DSI/OFIC","ENCERRAR OS DSI/OFICINA","","X","N","N","S","N","N","N","N","N","N","N","0","0","0","0","0","0","T","1","0","0","0","0","","MATHEUS.AUGUSTO","26/11/2024 09:28:33","MATHEUS.AUGUSTO","27/11/2024 15:46:00","0","0","0"
"734","","","Visita Campo DSI","Visita Campo DSI","VCDSI","X","S","N","S","S","N","N","N","N","N","N","0","0","0","0","0","0","T","1","0","1","0","0","","MATHEUS.AUGUSTO","26/11/2024 09:28:00","MATHEUS.AUGUSTO","20/02/2025 14:14:22","0","0","0"
"735","","","Vender Serviço DSI","Vender Serviço DSI","VSTEC","X","N","N","S","N","N","N","N","N","N","N","0","0","0","0","0","0","T","1","0","0","0","0","","MATHEUS.AUGUSTO","26/11/2024 09:28:33","NETO.PRADO","26/11/2024 14:41:00","0","0","0"
"736","","","Cor Infos Venda DSI","Corrigir Informações Venda DSI","CVDSI","X","N","N","S","N","N","N","N","N","S","N","0","0","0","0","0","0","T","1","0","0","0","0","","MATHEUS.AUGUSTO","26/11/2024 09:28:33","NETO.PRADO","06/12/2024 17:44:00","0","0","0"
"737","","","Fat Serv Int DSI","Faturar Serviço Interno DSI","","X","N","N","S","N","N","N","N","N","N","N","0","0","0","0","0","0","T","1","0","0","0","0","","MATHEUS.AUGUSTO","26/11/2024 09:28:33","NETO.PRADO","21/01/2025 15:15:00","0","0","0"
"738","","","Abrir Ticket ExpCon","Abrir Ticket Expert.Connect","","O","N","N","S","N","N","N","N","N","N","N","0","0","0","0","0","0","T","1","0","0","0","0","","MATHEUS.AUGUSTO","26/11/2024 09:28:33","NETO.PRADO","06/12/2024 17:11:00","0","0","0"
"739","","","Abrir OS Serv D.S.I.","Abrir O.S. Serviço D.S.I","","X","N","N","S","N","N","N","N","N","N","N","0","0","0","0","0","0","T","1","0","0","0","0","","MATHEUS.AUGUSTO","26/11/2024 09:28:33","MATHEUS.AUGUSTO","27/11/2024 15:25:00","0","0","0"
"740","","","Fat Serv Ext DSI","Faturar Serviço Externo DSI","","X","N","N","S","N","N","N","N","N","S","N","0","0","0","0","0","0","T","1","0","0","0","0","","MATHEUS.AUGUSTO","26/11/2024 09:28:33","NETO.PRADO","06/12/2024 17:44:00","0","0","0"
"741","","","Faturar Serviço DSI","Faturar Serviço DSI","","X","N","N","S","N","N","N","N","N","N","N","0","0","0","0","0","0","T","1","0","0","0","0","","MATHEUS.AUGUSTO","26/11/2024 09:28:33","NETO.PRADO","20/01/2025 16:04:00","0","0","0"
"742","","","Fat. Serviço D.S.I.","Faturar Serviço D.S.I.","","X","N","N","S","N","N","N","N","N","N","N","0","0","0","0","0","0","T","1","0","0","0","0","","MATHEUS.AUGUSTO","26/11/2024 09:28:34","MATHEUS.AUGUSTO","27/11/2024 15:45:00","0","0","0"
"743","","","Fat Serv DSI Risco D","Faturar Serviço DSI (Risco D)","","X","N","N","S","N","N","N","N","N","N","N","0","0","0","0","0","0","T","1","0","0","0","0","","MATHEUS.AUGUSTO","26/11/2024 09:28:34","MATHEUS.AUGUSTO","27/11/2024 15:17:00","0","0","0"
"744","","","Exec Serviço D.S.I","Executar Serviço D.S.I","","X","N","N","S","N","N","N","N","N","N","N","0","0","0","0","0","0","T","1","0","0","0","0","","MATHEUS.AUGUSTO","26/11/2024 09:28:34","MATHEUS.AUGUSTO","27/11/2024 15:22:00","0","0","0"
"745","","","Vender Ag Precisão","Vender Agricultura de Precisão (PUK)","","X","N","N","S","N","N","N","N","N","N","N","0","0","0","0","0","0","T","1","0","0","0","0","","MATHEUS.AUGUSTO","26/11/2024 09:28:34","NETO.PRADO","20/01/2025 15:59:00","0","0","0"
"746","","","Executar Serviço DSI","Executar Serviço DSI","ESDSI","X","N","N","S","N","N","N","N","N","N","N","0","0","0","0","0","0","T","1","0","0","0","0","","MATHEUS.AUGUSTO","26/11/2024 09:28:34","NETO.PRADO","21/01/2025 15:12:00","0","0","0"
"747","","","Aprovar Pedido D.S.I","Aprovar Pedido D.S.I.","","R","N","N","S","N","N","N","N","N","S","N","0","0","0","0","0","0","T","1","0","0","0","0","","MATHEUS.AUGUSTO","26/11/2024 09:28:34","NETO.PRADO","06/12/2024 17:42:00","0","0","0"
"748","","","Aprovar Pedido DSI","Aprovar Pedido DSI","","X","N","N","S","N","N","N","N","N","N","N","0","0","0","0","0","0","T","1","0","0","0","0","","MATHEUS.AUGUSTO","26/11/2024 09:28:34","NETO.PRADO","21/01/2025 15:06:00","0","0","0"
"749","","","Analisar Cadastro SI","Analisar Situação Cadastral DSI","","X","N","N","S","N","N","N","N","N","N","N","0","0","0","0","0","0","T","1","0","0","0","0","RISCO A
Verificar limite deve ser D+1.
Vencimento dos boletos a pagar devem estar em dia (nenhum vencido). Caso contrário, direcionar ao financeiro.

RISCO B
Caso o TOTVs bloqueie o andamento da abertura de OS, direcionar ao financeiro.","MATHEUS.AUGUSTO","26/11/2024 09:28:34","NETO.PRADO","21/01/2025 15:18:00","0","0","0"
"750","","","Abrir OS DSI","Abrir Ticket ExpertConnect","OSTEC","X","N","N","S","N","N","N","N","N","N","N","0","0","0","0","0","0","T","1","0","0","0","0","","MATHEUS.AUGUSTO","26/11/2024 09:28:34","NETO.PRADO","10/01/2025 15:21:00","0","0","0"
"751","","","Vender Serviços CSC","Vender Serviços Tecnologia CSC","VSCSC","X","N","N","S","N","N","N","N","N","S","N","0","0","0","0","0","0","T","1","0","0","0","0","","MATHEUS.AUGUSTO","26/11/2024 09:28:34","NETO.PRADO","06/12/2024 17:46:00","0","0","0"
"752","","","Exec Sol Rem C.S.C","Executar Solução Remota C.S.C","","R","N","N","S","N","N","N","N","N","N","N","0","0","0","0","0","0","T","1","0","0","0","0","","MATHEUS.AUGUSTO","26/11/2024 09:56:58","MATHEUS.AUGUSTO","27/11/2024 15:31:00","0","0","0"
"753","","","Exec Serviço D.S.I.","Executar Serviço Técnico D.S.I.","EXDSI","X","N","N","S","N","N","N","N","N","S","N","0","0","0","0","0","0","T","1","0","0","0","0","","MATHEUS.AUGUSTO","26/11/2024 09:56:58","MATHEUS.AUGUSTO","27/11/2024 15:38:00","0","0","0"
"754","","","Abrir O.S. Serv DSI","Abrir O.S. Serviço DSI","OSDSI","X","N","N","S","N","N","N","N","N","N","N","0","0","0","0","0","0","T","1","0","0","0","0","","MATHEUS.AUGUSTO","26/11/2024 09:56:58","NETO.PRADO","21/01/2025 15:12:00","0","0","0"
"755","","","Chec Créd Venda DSI","Checar Crédito Venda DSI","","X","N","N","S","N","N","N","N","N","N","N","0","0","0","0","0","0","T","1","0","0","0","0","","MATHEUS.AUGUSTO","26/11/2024 09:56:58","MATHEUS.AUGUSTO","29/11/2024 10:19:00","0","0","0"
"756","","","Exec Serv Téc DSI","Executar Serviço Técnico DSI","ESTDS","X","N","N","S","N","N","N","N","N","N","N","0","0","0","0","0","0","T","1","0","0","0","0","","MATHEUS.AUGUSTO","26/11/2024 09:56:59","NETO.PRADO","10/01/2025 15:55:00","0","0","0"
"757","","","Efet Renov Seguro","Efetivar Renovação Seguro","","O","N","N","S","S","N","N","N","N","N","N","0","","0","","","0","T","1","","","","0","","NETO.PRADO","26/12/2024 17:03:00","NETO.PRADO","30/12/2024 10:13:00","","0",""
"758","","","VENDER SEGURO","VENDER SEGURO (NV)","","O","N","N","S","S","N","N","N","N","N","N","0","","0","","","0","T","1","","","","0","","MATHEUS.AUGUSTO","26/12/2024 16:59:00","NETO.PRADO","16/01/2025 09:53:00","","0","1"
"759","","","Efetivar Seguro","Efetivar Seguro","","O","N","N","S","S","N","N","N","N","S","N","0","","0","","","0","T","1","","","","0","","NETO.PRADO","26/12/2024 17:09:00","NETO.PRADO","30/12/2024 10:13:00","","0",""
"760","","","Enc. Renov. Seguro","Encaminhar Renovação Seguro","","O","N","N","S","N","N","N","N","N","S","N","0","","0","","","0","T","1","","","","0","","NETO.PRADO","26/12/2024 17:15:00","NETO.PRADO","26/12/2024 17:18:00","","0",""
"761","","","Encaminhar Seguro","Encaminhar Seguro","","O","N","N","S","N","N","N","N","N","S","N","0","","0","","","0","T","1","","","","0","","NETO.PRADO","26/12/2024 17:18:00","NETO.PRADO","26/12/2024 17:20:00","","0",""
"762","","","VENDE RENOVA SEGURO","VENDER RENOVAÇÃO SEGURO (NV)","","O","N","N","S","S","N","N","N","N","N","N","0","","0","","","0","T","1","","","","0","","MATHEUS.AUGUSTO","26/12/2024 17:18:00","NETO.PRADO","16/01/2025 09:52:00","","0","1"
"763","","","Ofer Renov Seguro","Oferecer Renovação Seguro","","O","N","N","S","N","N","N","N","N","S","N","0","","0","","","0","T","1","","","","0","","NETO.PRADO","26/12/2024 17:20:00","NETO.PRADO","26/12/2024 17:25:00","","0",""
"764","","","Oferecer Seguro (NV)","Oferecer Seguro (NV)","","O","N","N","S","S","N","N","N","N","S","N","0","","0","","","0","T","1","","","","0","","NETO.PRADO","26/12/2024 17:25:00","NETO.PRADO","26/12/2024 17:32:00","","0",""
"765","","","Receb Prêmio Seguro","Receber Prêmio Seguro (NV)","","O","N","N","S","S","N","N","N","N","N","N","0","","0","","","0","T","1","","","","0","","MATHEUS.AUGUSTO","26/12/2024 17:29:00","NETO.PRADO","16/01/2025 09:51:00","","0",""
"766","","","Prêmio Renov Seguro","Receber Prêmio Renovação Seguro (NV)","","O","N","N","S","S","N","N","N","N","N","N","0","","0","","","0","T","1","","","","0","","NETO.PRADO","26/12/2024 17:32:00","NETO.PRADO","16/01/2025 09:50:00","","0",""
"767","","","Monitorar Cliente","Monitorar Cliente (FY25)","","X","S","N","S","S","N","N","N","N","N","N","0","","0","","","0","T","1","","1","","0","","NETO.PRADO","14/01/2025 09:46:00","MATHEUS.AUGUSTO","10/07/2025 16:25:00","","0",""
"768","","","Vender Equip Novos","Vender Equipamentos (FY25)","","X","S","N","S","S","N","N","N","N","N","N","0","","0","","","0","T","1","","","","0","","NETO.PRADO","14/01/2025 09:56:00","NETO.PRADO","21/02/2025 08:08:00","","0",""
"769","","","Aprovar Venda (FY25)","Aprovar Venda (FY25)","","X","S","N","S","S","N","N","N","N","N","N","0","","0","","","0","T","1","","","","0","","NETO.PRADO","14/01/2025 10:04:00","NETO.PRADO","28/05/2025 15:20:00","","0",""
"770","","","Aprovar Alteração Ca","Aprovar Alteração Carteira (FY25)","","X","N","N","N","N","N","N","N","N","N","N","0","","0","","","0","T","1","","","","0","","NETO.PRADO","14/01/2025 10:11:00","NETO.PRADO","14/01/2025 10:14:00","","0",""
"771","","","Ap Compra Seminovos","Aprovar Seminovos (FY25)","","X","S","N","S","S","N","N","N","N","N","N","0","","0","","","0","T","1","","","","0","","NETO.PRADO","14/01/2025 10:14:00","MATHEUS.AUGUSTO","05/09/2025 10:49:55","","0",""
"772","","","Seq Forma Pagto","SEQUENCIAR FORMA DE PAGAMENTO (FY25)","","X","S","N","S","S","N","N","N","N","N","N","0","","0","","","0","T","1","","","","0","","NETO.PRADO","14/01/2025 10:18:00","NETO.PRADO","24/04/2025 10:36:00","","0",""
"773","","","Aprovar Venda PUK","Aprovar Venda PUK","","X","N","N","S","N","N","N","N","N","N","N","0","","0","","","0","T","1","","","","0","","NETO.PRADO","08/01/2025 15:16:00","NETO.PRADO","21/01/2025 13:45:00","","0",""
"774","","","Sol Rev Pré Entrega","Solicitar Revisão Pré Entrega","","X","S","N","S","S","N","N","N","N","N","N","0","","0","","","0","T","1","","","","0","","NETO.PRADO","15/01/2025 17:21:00","MATHEUS.AUGUSTO","11/06/2025 13:58:00","","0",""
"775","","","Solicitar Doc Sinist","Solicitar Documentação Sinistro (NV)","","X","N","N","S","N","N","N","N","N","N","N","0","","0","","","0","T","1","","","","0","","NETO.PRADO","16/01/2025 15:51:00","NETO.PRADO","16/01/2025 16:19:00","","0",""
"776","","","Env Docs Seguradora","Enviar Docs Sinistro p/ Seguradora (NV)","","X","N","N","S","N","N","N","N","N","N","N","0","","0","","","0","T","1","","","","0","","NETO.PRADO","16/01/2025 15:57:00","NETO.PRADO","16/01/2025 16:03:00","","0",""
"777","","","Aguard Aprov Segurad","Aguardar Aprovação Seguradora (NV)","","X","N","N","S","N","N","N","N","N","N","N","0","","0","","","0","T","1","","","","0","","NETO.PRADO","16/01/2025 16:03:00","NETO.PRADO","16/01/2025 16:21:00","","0",""
"778","","","Enc Sinistro Oficina","Encaminhar Sinistro p/ Oficina (NV)","","X","N","N","S","N","N","N","N","N","N","N","0","","0","","","0","T","1","","","","0","","NETO.PRADO","16/01/2025 16:07:00","NETO.PRADO","16/01/2025 16:10:00","","0",""
"779","","","Acomp Sinistro Ofici","Acompanhar Sinistro Oficina (NV)","","X","N","N","S","N","N","N","N","N","N","N","0","","0","","","0","T","1","","","","0","","NETO.PRADO","16/01/2025 16:10:00","NETO.PRADO","16/01/2025 16:14:00","","0",""
"780","","","Comunic Recusa Sinis","Comunicar Cliente Recusa Sinistro (NV)","","X","N","N","S","N","N","N","N","N","N","N","0","","0","","","0","T","1","","","","0","","NETO.PRADO","16/01/2025 16:14:00","NETO.PRADO","16/01/2025 16:18:00","","0",""
"781","","","PROCESSO C PENDÊNCIA","PROCESSO COM PENDÊNCIA","","X","S","N","N","S","N","N","N","N","S","N","0","0","0","","","0","T","1","","","","0","","NETO.PRADO","28/02/2025 16:16:38","NETO.PRADO","28/02/2025 16:16:38","","0",""
"782","","","PROCESSO C/ PENDENCI","PROCESSO COM PENDENCIA","","X","S","N","S","N","N","N","N","N","S","N","0","0","0","","","0","T","1","","","","0","","NETO.PRADO","28/02/2025 16:17:00","NETO.PRADO","28/02/2025 16:17:00","","0",""
"783","","","ACOMP ASSINAT CAFG","ACOMPANHAR ASSINATURA CAFG","","X","S","N","S","N","N","N","N","N","S","N","0","0","0","","","0","T","1","","","","0","","NETO.PRADO","28/02/2025 16:33:00","NETO.PRADO","28/02/2025 16:33:00","","0",""
"784","","","ACOMP RECB CONSORCIO","ACOMPANHAR RECEBIMENTO CONSÓRCIO","","X","S","N","S","N","N","N","N","N","S","N","0","0","0","","","0","T","1","","","","0","","NETO.PRADO","28/02/2025 16:37:00","NETO.PRADO","28/02/2025 16:37:00","","0",""
"785","","","Faturar Deslocamento","Faturar Deslocamento","","X","S","N","S","N","N","N","N","N","S","N","0","0","0","","","0","T","1","","","","0","","NETO.PRADO","05/03/2025 16:50:00","NETO.PRADO","05/03/2025 16:50:00","","0",""
"786","","","Agendar Revisões (TE","Solicitar Agendamento de Revisões","","X","S","N","S","S","N","N","N","N","S","N","0","0","0","","","0","T","1","","","","0","","NETO.PRADO","14/03/2025 14:28:00","NETO.PRADO","20/03/2025 11:50:00","","0",""
"787","","","Agendar 1ª Rev 100h","Agendar 1ª Revisão (100h)","","X","S","N","S","S","N","N","N","N","S","N","0","0","0","","","0","T","1","","","","0","","NETO.PRADO","20/03/2025 11:53:00","NETO.PRADO","20/03/2025 11:53:00","","0",""
"788","","","Agendar 2ª Rev 450h","Agendar 2ª Revisão (450/600h)","","X","S","N","S","S","N","N","N","N","S","N","0","0","0","","","0","T","1","","","","0","","NETO.PRADO","20/03/2025 11:54:00","NETO.PRADO","20/03/2025 11:54:00","","0",""
"789","","","Agendar 3ª Rev 800h","Agendar 3ª Revisão (800h)","","X","S","N","S","S","N","N","N","N","S","N","0","0","0","","","0","T","1","","","","0","","NETO.PRADO","20/03/2025 11:55:00","NETO.PRADO","20/03/2025 11:55:00","","0",""
"790","","","Agendar 4ª Rev 1100h","Agendar 4ª Revisão (1100/1150h)","","X","S","N","S","S","N","N","N","N","S","N","0","0","0","","","0","T","1","","","","0","","NETO.PRADO","20/03/2025 11:56:00","NETO.PRADO","20/03/2025 11:56:00","","0",""
"791","","","Solicitar Rev Fim Ga","Solicitar Revisão Fim Garantia","","X","S","N","S","S","N","N","N","N","S","N","0","0","0","","","0","T","1","","","","0","","NETO.PRADO","20/03/2025 11:57:00","NETO.PRADO","20/03/2025 11:57:00","","0",""
"792","","","Aguardar 1ª Revisão","Aguardar Realização 1ª Revisão","","X","S","N","S","S","N","N","N","N","S","N","0","0","0","","","0","T","1","","","","0","","NETO.PRADO","20/03/2025 17:25:00","NETO.PRADO","20/03/2025 17:25:00","","0",""
"793","","","Aguardar 2ª Revisão","Aguardar Realização 2ª Revisão","","X","S","N","S","S","N","N","N","N","S","N","0","0","0","","","0","T","1","","","","0","","NETO.PRADO","20/03/2025 17:35:00","NETO.PRADO","20/03/2025 17:35:00","","0",""
"794","","","Aguardar 3ª Revisão","Aguardar Realização 3ª Revisão","","X","S","N","S","S","N","N","N","N","S","N","0","0","0","","","0","T","1","","","","0","","NETO.PRADO","20/03/2025 17:36:00","NETO.PRADO","20/03/2025 17:36:00","","0",""
"795","","","Aguardar 4ª Revisão","Aguardar Realização 4ª Revisão","","X","S","N","S","S","N","N","N","N","S","N","0","0","0","","","0","T","1","","","","0","","NETO.PRADO","20/03/2025 17:36:00","NETO.PRADO","20/03/2025 17:36:00","","0",""
"796","","","Aguardar Rev Fim Gar","Aguardar Revisão Fim Garantia","","X","S","N","S","S","N","N","N","N","S","N","0","0","0","","","0","T","1","","","","0","","NETO.PRADO","20/03/2025 17:37:00","NETO.PRADO","20/03/2025 17:37:00","","0",""
"797","","","Agendar 5ª Revisão","Agendar 5ª Revisão (1500h)","","X","S","N","S","S","N","N","N","N","S","N","0","0","0","","","0","T","1","","","","0","","NETO.PRADO","21/03/2025 15:03:00","NETO.PRADO","21/03/2025 15:03:00","","0",""
"798","","","Aguardar 5ª Revisão","Aguardar Realização 5ª Revisão","","X","S","N","S","S","N","N","N","N","S","N","0","0","0","","","0","T","1","","","","0","","NETO.PRADO","21/03/2025 15:51:00","NETO.PRADO","21/03/2025 15:51:00","","0",""
"799","","","Agendar Rev Fim Gar","Agendar Revisão Fim Garantia","","X","S","N","S","S","N","N","N","N","S","N","0","0","0","","","0","T","1","","","","0","","NETO.PRADO","21/03/2025 16:26:00","NETO.PRADO","21/03/2025 16:26:00","","0",""
"800","","","PREP DOCUMENTAÇÃO","PREPARAR DOCUMENTAÇÃO (FY25)","","X","S","N","S","S","N","N","N","N","S","N","0","0","0","","","0","T","1","","","","0","","NETO.PRADO","08/04/2025 11:04:00","NETO.PRADO","08/04/2025 11:04:00","","0",""
"801","","","Aprovação Crédito","APROVAÇÃO DO CRÉDITO (FY25)","","X","S","N","S","S","N","N","N","N","S","N","0","0","0","","","0","T","1","","","","0","","NETO.PRADO","08/04/2025 11:08:00","NETO.PRADO","08/04/2025 11:08:00","","0",""
"804","","","PROCESS C/ PENDENCIA","PROCESSO COM PENDÊNCIA (FY25)","","X","S","N","S","S","N","N","N","N","S","N","0","0","0","","","0","T","1","","","","0","","NETO.PRADO","08/04/2025 14:33:00","NETO.PRADO","11/04/2025 11:04:00","","0",""
"805","","","SOL ANÁLISE FINANC","SOLICITAR ANÁLISE FINANCEIRA (FY25)","","X","S","N","S","S","N","N","N","N","S","N","0","0","0","","","0","T","1","","","","0","","NETO.PRADO","08/04/2025 14:36:00","NETO.PRADO","08/04/2025 14:36:00","","0",""
"806","","","ANALISAR RECURSO PRO","ANALISAR RECURSO PRÓPRIO (FY25)","","X","S","N","S","S","N","N","N","N","S","N","0","0","0","","","0","T","1","","","","0","","NETO.PRADO","08/04/2025 14:38:00","NETO.PRADO","08/04/2025 14:38:00","","0",""
"807","","","SOLICIT FATURAMENTO","SOLICITAR FATURAMENTO (FY25)","","X","S","N","S","S","N","N","N","N","S","N","0","0","0","","","0","T","1","","","","0","","NETO.PRADO","08/04/2025 14:41:00","NETO.PRADO","08/04/2025 14:41:00","","0",""
"808","","","REALI FATURAMENTO","REALIZAR FATURAMENTO (FY25)","","X","S","N","S","S","N","N","N","N","S","N","0","0","0","","","0","T","1","","","","0","","NETO.PRADO","08/04/2025 14:45:00","NETO.PRADO","08/04/2025 14:45:00","","0",""
"809","","","FORMALIZAÇÃO","FORMALIZAÇÃO (FY25)","","X","S","N","S","S","N","N","N","N","S","N","0","0","0","","","0","T","1","","","","0","","NETO.PRADO","08/04/2025 14:49:00","NETO.PRADO","08/04/2025 14:49:00","","0",""
"810","","","PROCESSO C/ PENDÊNC","PROCESSO COM PENDÊNCIA (FY25)","","X","S","N","N","S","N","N","N","N","S","N","0","0","0","","","0","T","1","","","","0","","NETO.PRADO","08/04/2025 15:22:00","NETO.PRADO","08/04/2025 15:31:00","","0",""
"811","","","DEF FORMA RECEBIMENT","DEFINIR FORMA DE RECEBIMENTO (FY25)","","X","S","N","S","S","N","N","N","N","S","N","0","0","0","","","0","T","1","","","","0","","NETO.PRADO","08/04/2025 15:32:00","NETO.PRADO","08/04/2025 15:32:00","","0",""
"812","","","CONFIRMAR RECEBIMENT","CONFIRMAR RECEBIMENTO (FY25)","","X","S","N","S","S","N","N","N","N","S","N","0","0","0","","","0","T","1","","","","0","","NETO.PRADO","08/04/2025 15:35:00","NETO.PRADO","08/04/2025 15:35:00","","0",""
"813","","","SOLICITAR PREPARAÇÃO","SOLICITAR PREPARAÇÃO (FY25)","","X","S","N","S","S","N","N","N","N","S","N","0","0","0","","","0","T","1","","","","0","","NETO.PRADO","08/04/2025 15:40:00","NETO.PRADO","08/04/2025 15:40:00","","0",""
"814","","","ACOMP RECEBIMENTO","ACOMPANHAR RECEBIMENTO (FY25)","","X","S","N","S","S","N","N","N","N","S","N","0","0","0","","","0","T","1","","","","0","","NETO.PRADO","08/04/2025 15:44:00","NETO.PRADO","08/04/2025 15:44:00","","0",""
"815","","","AGENDAR ENTREG FÍSIC","AGENDAR ENTREGA FÍSICA (FY25)","","X","S","N","S","S","N","N","N","N","S","N","0","0","0","","","0","T","1","","","","0","","NETO.PRADO","08/04/2025 15:47:00","NETO.PRADO","15/04/2025 11:41:00","","0",""
"816","","","ACOMP RECEB PENDENTE","ACOMPANHAR RECEBIMENTO PENDENTE (FY25)","","X","S","N","S","S","N","N","N","N","S","N","0","0","0","","","0","T","1","","","","0","","NETO.PRADO","08/04/2025 15:49:00","NETO.PRADO","08/04/2025 15:49:00","","0",""
"817","","","REALIZ ANÁLISE CRÉDI","REALIZAR ANÁLISE DE CRÉDITO (FY25)","","X","S","N","S","S","N","N","N","N","S","N","0","0","0","","","0","T","1","","","","0","","NETO.PRADO","08/04/2025 15:51:00","NETO.PRADO","10/06/2025 09:23:00","","0",""
"818","","","INFORMAR CHASSI","INFORMAR CHASSI (FY25)","","X","S","N","S","S","N","N","N","N","S","N","0","0","0","","","0","T","1","","","","0","","NETO.PRADO","08/04/2025 15:55:00","MATHEUS.AUGUSTO","15/08/2025 14:32:00","","0","1"
"819","","","INFORMAR CHASSIS","INFORMAR CHASSIS (FY25)","","X","S","N","S","S","N","N","N","N","S","N","0","0","0","","","0","T","1","","","","0","","NETO.PRADO","08/04/2025 16:03:00","MATHEUS.AUGUSTO","15/08/2025 14:34:00","","0","1"
"820","","","EMITIR CONTRATO FY25","EMITIR CONTRATO (FY25)","","X","S","N","S","S","N","N","N","N","S","N","0","0","0","","","0","T","1","","","","0","","NETO.PRADO","08/04/2025 16:06:00","NETO.PRADO","11/04/2025 16:58:00","","0",""
"821","","","SOLICITAÇÃO DESAGREG","SOLICITAÇÃO DE DESAGREGA (FY25)","","X","S","N","S","S","N","N","N","N","S","N","0","0","0","","","0","T","1","","","","0","","NETO.PRADO","08/04/2025 16:08:00","NETO.PRADO","08/04/2025 16:08:00","","0",""
"822","","","SOLICIT DESAGREGA","SOLICITAÇÃO DESAGREGA (FY25)","","X","S","N","S","S","N","N","N","N","S","N","0","0","0","","","0","T","1","","","","0","","NETO.PRADO","08/04/2025 16:55:00","NETO.PRADO","08/04/2025 16:57:00","","0",""
"823","","","AGUARD FAT DO EQUIP","AGUARDANDO FATURAMENTO DO EQUIP (FY25)","","X","S","N","S","S","N","N","N","N","S","N","0","0","0","","","0","T","1","","","","0","","NETO.PRADO","08/04/2025 16:58:00","MATHEUS.AUGUSTO","01/12/2025 09:12:00","","0",""
"824","","","CHEC CADAST FY25","CHECAR CADASTRO (FY25)","","X","S","N","S","S","N","N","N","N","S","N","0","0","0","","","0","T","1","","","","0","","NETO.PRADO","14/04/2025 14:59:00","NETO.PRADO","24/04/2025 11:13:00","","0",""
"825","","","Acomp Venda Seminovo","Acompanhar Venda Seminovo","","X","S","N","S","S","N","N","N","N","S","N","0","0","0","","","0","T","1","","","","0","","NETO.PRADO","24/04/2025 12:17:00","MATHEUS.AUGUSTO","21/07/2025 10:04:50","","0",""
"826","","","Oferecer Seguro FY25","Oferecer Seguro (FY25)","","X","S","N","S","S","N","N","N","N","S","N","0","0","0","","","0","T","1","","","","0","","NETO.PRADO","06/05/2025 13:47:00","MATHEUS.AUGUSTO","15/08/2025 14:44:00","","0","1"
"827","","","Vender Seguro FY25","Vender Seguro (FY25)","","X","S","N","S","S","N","N","N","N","S","N","0","0","0","","","0","T","1","","","","0","","NETO.PRADO","06/05/2025 15:23:00","NETO.PRADO","06/05/2025 15:23:00","","0",""
"828","","","Efetivar Seguro FY25","Efetivar Seguro (FY25)","","X","S","N","S","S","N","N","N","N","S","N","0","0","0","","","0","T","1","","","","0","","NETO.PRADO","06/05/2025 15:26:00","NETO.PRADO","06/05/2025 15:26:00","","0",""
"829","","","Encam. Seguro FY25","Encaminhar Seguro (FY25)","","X","S","N","N","S","N","N","N","N","S","N","0","0","0","","","0","T","1","","","","0","","NETO.PRADO","06/05/2025 15:33:00","NETO.PRADO","07/05/2025 09:44:00","","0",""
"830","","","Enviar Boleto Seguro","Enviar Boleto/Apólice Seguro (FY25)","","X","S","N","S","S","N","N","N","N","S","N","0","0","0","","","0","T","1","","","","0","","NETO.PRADO","06/05/2025 15:35:00","NETO.PRADO","07/05/2025 08:20:00","","0",""
"831","","","Ag. Apólice Seguro","Aguardar Apólice Seguro (FY25)","","X","S","N","S","S","N","N","N","N","S","N","0","0","0","","","0","T","1","","","","0","","NETO.PRADO","06/05/2025 15:37:00","NETO.PRADO","06/05/2025 15:37:00","","0",""
"832","","","Acomp. Pagto Seguro","Acompanhar Pagamento Seguro (FY25)","","X","S","N","S","S","N","N","N","N","S","N","0","0","0","","","0","T","1","","","","0","","NETO.PRADO","06/05/2025 15:39:00","NETO.PRADO","06/05/2025 15:39:00","","0",""
"833","","","Negociar Pagto FY25","Negociar Pagamento (FY25)","","X","S","N","S","S","N","N","N","N","S","N","0","0","0","","","0","T","1","","","","0","","NETO.PRADO","06/05/2025 15:45:00","NETO.PRADO","06/05/2025 15:45:00","","0",""
"834","","","Oferecer Renov. Seg.","Oferecer Renovação Seguro (FY25)","","X","S","N","S","S","N","N","N","N","S","N","0","0","0","","","0","T","1","","","","0","","NETO.PRADO","06/05/2025 15:53:00","NETO.PRADO","06/05/2025 15:53:00","","0",""
"835","","","Vender Renov. Seguro","Vender Renovação Seguro (FY25)","","X","S","N","S","S","N","N","N","N","S","N","0","0","0","","","0","T","1","","","","0","","NETO.PRADO","07/05/2025 16:42:00","NETO.PRADO","07/05/2025 16:42:00","","0",""
"836","","","Efetiv Renov Seguro","Efetivar Renovação Seguro (FY25)","","X","S","N","S","S","N","N","N","N","S","N","0","0","0","","","0","T","1","","","","0","","NETO.PRADO","07/05/2025 16:51:00","NETO.PRADO","07/05/2025 16:51:00","","0",""
"837","","","Env Bol/Apol Renov S","Enviar Boleto/Apólice Renovação Seguro","","X","S","N","S","S","N","N","N","N","S","N","0","0","0","","","0","T","1","","","","0","","NETO.PRADO","07/05/2025 17:09:00","NETO.PRADO","07/05/2025 17:09:00","","0",""
"838","","","Acomp Pagto Renov Se","Acompanhar Pagamento Renovação Seguro","","X","S","N","S","S","N","N","N","N","S","N","0","0","0","","","0","T","1","","","","0","","NETO.PRADO","07/05/2025 17:13:00","NETO.PRADO","07/05/2025 17:13:00","","0",""
"839","","","Neg Pagto Renov Segu","Negociar Pagamento Renovação Seguro","","X","S","N","S","S","N","N","N","N","S","N","0","0","0","","","0","T","1","","","","0","","NETO.PRADO","07/05/2025 17:22:00","NETO.PRADO","07/05/2025 17:22:00","","0",""
"840","","","Ag Apólice Renov Seg","Aguardar Apólice Renovação Seguro","","X","S","N","S","S","N","N","N","N","S","N","0","0","0","","","0","T","1","","","","0","","NETO.PRADO","07/05/2025 17:26:00","NETO.PRADO","07/05/2025 17:26:00","","0",""
"841","","","Vender Cota Consórci","Vender Cota de Consórcio (FY25)","","X","S","N","S","N","N","N","N","N","S","N","0","0","0","","","0","T","1","","","","0","","NETO.PRADO","27/05/2025 10:08:00","NETO.PRADO","27/05/2025 10:08:00","","0",""
"842","","","Realizar Agendamento","Realizar Agendamento Esp Demo","","?","S","N","S","S","N","N","N","N","S","N","0","0","0","","","0","T","1","","","","0","","MATHEUS.AUGUSTO","04/06/2025 14:02:00","MATHEUS.AUGUSTO","04/06/2025 14:02:00","","0",""
"843","","","Realizar Agendamento","Realizar Agendamento Logistica Demo","","?","S","N","S","N","N","N","N","N","S","N","0","0","0","","","0","T","1","","","","0","","MATHEUS.AUGUSTO","04/06/2025 14:11:00","MATHEUS.AUGUSTO","04/06/2025 14:11:00","","0",""
"844","","","Entregar Canhoto Dig","Entregar Canhoto Digital","","X","S","N","S","N","N","N","N","N","S","N","0","0","0","","","0","T","1","","","","0","","NETO.PRADO","12/06/2025 17:16:00","NETO.PRADO","12/06/2025 17:16:00","","0",""
"845","","","Pesquisar Cliente","Pesquisar Cliente","","X","S","N","S","N","N","N","N","N","S","N","0","0","0","","","0","T","1","","","","0","","NETO.PRADO","13/06/2025 08:18:00","NETO.PRADO","13/06/2025 08:18:00","","0",""
"846","","","Solicitar Entreg Fís","Solicitar Entrega Física FY25","","X","S","N","S","S","N","N","N","N","S","N","0","0","0","","","0","T","1","","","","0","","MATHEUS.AUGUSTO","04/07/2025 09:30:00","MATHEUS.AUGUSTO","04/07/2025 09:30:00","","0",""
"847","","","Cadast Cliente Proth","Cadastrar Cliente Protheus","","X","S","N","S","S","N","N","N","N","S","N","0","0","0","","","0","T","1","","","","0","","NETO.PRADO","08/07/2025 11:53:54","NETO.PRADO","08/07/2025 11:53:54","","0",""
"848","","","CADASTRO PENDENTE","CADASTRO PENDENTE (FY25)","","O","S","N","S","N","N","N","N","N","S","N","0","0","0","","","0","T","1","","","","0","","MATHEUS.AUGUSTO","25/07/2025 09:00:00","MATHEUS.AUGUSTO","25/07/2025 09:05:46","","0",""
"849","","","FORMULARIO/CONTRATO","FORMULARIO/CONTRATO (FY25)","","X","S","N","S","N","N","N","N","N","S","N","0","0","0","","","0","T","1","","","","0","","MATHEUS.AUGUSTO","25/07/2025 10:49:00","MATHEUS.AUGUSTO","25/07/2025 10:49:00","","0",""
"850","","","RECEB RECURSO PROP","ACOMP RECEBIMENTO RECURSO PROPRIO (FY25)","","X","S","N","S","N","N","N","N","N","S","N","0","0","0","","","0","T","1","","","","0","","MATHEUS.AUGUSTO","25/07/2025 11:07:00","MATHEUS.AUGUSTO","25/07/2025 11:07:00","","0",""
"851","","","PREP DOC REC PROPRIO","PREPARAR DOC RECURSO PROPRIO (FY25)","","X","S","N","S","N","N","N","N","N","S","N","0","0","0","","","0","T","1","","","","0","","MATHEUS.AUGUSTO","25/07/2025 14:32:00","MATHEUS.AUGUSTO","25/07/2025 14:32:00","","0",""
"852","","","APROVAÇÃO REC PROPRI","APROVAÇÃO DO RECURSO PROPRIO (FY25)","","X","S","N","S","N","N","N","N","N","S","N","0","0","0","","","0","T","1","","","","0","","MATHEUS.AUGUSTO","25/07/2025 14:45:00","MATHEUS.AUGUSTO","25/07/2025 14:45:00","","0",""
"853","","","COM PENDÊNCIA REC PR","COM PENDÊNCIA REC PROPRIO (FY25)","","X","S","N","S","N","N","N","N","N","S","N","0","0","0","","","0","T","1","","","","0","","MATHEUS.AUGUSTO","25/07/2025 15:07:00","MATHEUS.AUGUSTO","25/07/2025 15:07:00","","0",""
"854","","","FORMULARIO/CONTRATOS","FORMULARIO/CONTRATOS (FY25)","","X","S","N","S","N","N","N","N","N","S","N","0","0","0","","","0","T","1","","","","0","","MATHEUS.AUGUSTO","25/07/2025 15:18:00","MATHEUS.AUGUSTO","25/07/2025 15:18:00","","0",""
"855","","","Env Dados Pedido","Enviar Dados para Pedido","","X","S","N","S","S","N","N","N","N","S","N","0","0","0","","","0","T","1","","1","","0","","NETO.PRADO","04/08/2025 09:02:00","MATHEUS.AUGUSTO","05/09/2025 09:32:57","","0",""
"856","","","Vender Equipamentos","Vender Equipamentos","","X","S","N","S","N","N","N","N","N","S","N","0","0","0","","","0","T","1","","","","0","","NETO.PRADO","07/08/2025 08:43:00","NETO.PRADO","07/08/2025 08:43:00","","0",""
"857","","","Aprovar Venda KAM","Aprovar Venda KAM","","X","S","N","S","N","N","N","N","N","S","N","0","0","0","","","0","T","1","","","","0","","MATHEUS.AUGUSTO","07/08/2025 08:43:00","MATHEUS.AUGUSTO","07/08/2025 08:43:00","","0",""
"858","","","Aprovar Venda SAM","Aprovar Venda SAM","","X","S","N","S","N","N","N","N","N","S","N","0","0","0","","","0","T","1","","","","0","","MATHEUS.AUGUSTO","07/08/2025 09:30:00","MATHEUS.AUGUSTO","07/08/2025 09:30:00","","0",""
"859","","","Confirmar Cond d Pag","Confirmar Condição de Pagamento","","X","S","N","S","S","N","N","N","N","S","N","0","0","0","","","0","T","1","","","","0","","MATHEUS.AUGUSTO","07/08/2025 09:48:00","MATHEUS.AUGUSTO","07/08/2025 09:48:00","","0",""
"860","","","Acomp Assin Contrato","Acompanhar Assinatura Contrato","","X","S","N","S","N","N","N","N","N","S","N","0","0","0","","","0","T","1","","","","0","","MATHEUS.AUGUSTO","07/08/2025 10:41:00","MATHEUS.AUGUSTO","07/08/2025 10:41:00","","0",""
"861","","","Ajustar Cliente","Ajustar Cliente (FY25)","","X","S","N","S","N","N","N","N","N","S","N","0","0","0","","","0","T","1","","","","0","","MATHEUS.AUGUSTO","11/08/2025 08:01:00","MATHEUS.AUGUSTO","11/08/2025 08:01:00","","0",""
"862","","","Realizar Embarque","Realizar Embarque","","X","S","N","S","S","N","N","N","N","S","N","0","0","0","","","0","T","1","","","","0","","MATHEUS.AUGUSTO","12/08/2025 13:03:00","MATHEUS.AUGUSTO","12/08/2025 13:25:08","","0",""
"863","","","PROCESSO PENDENTE","PROCESSO C/ PENDÊNCIA (FY25)","","X","S","N","S","S","N","N","N","N","S","N","0","0","0","","","0","T","1","","","","0","","MATHEUS.AUGUSTO","22/08/2025 09:38:00","MATHEUS.AUGUSTO","22/08/2025 09:44:00","","0",""
"864","","","Alocar Ordens","Alocar Ordens FY25","","X","S","N","S","N","N","N","N","N","S","N","0","0","0","","","0","T","1","","","","0","","MATHEUS.AUGUSTO","11/09/2025 15:09:00","MATHEUS.AUGUSTO","11/09/2025 15:09:00","","0",""
"865","","","TESTE CAMPANHA","TESTE CAMPANHA","","X","S","N","S","S","N","N","N","N","S","N","0","0","0","","","0","T","1","","","","0","","NETO.PRADO","12/09/2025 15:43:00","NETO.PRADO","12/09/2025 15:43:00","","0",""
"866","","","Vender Eq. GC","Vender Equipamentos (GC)","","X","S","N","S","S","N","N","N","N","S","N","0","0","0","","","0","T","1","","","","0","","NETO.PRADO","30/09/2025 15:10:00","NETO.PRADO","30/09/2025 15:10:00","","0",""
"867","","","Alocar Ordens (GC)","Alocar Ordens (GC)","","X","S","N","S","N","N","N","N","N","S","N","0","0","0","","","0","T","1","","","","0","","NETO.PRADO","30/09/2025 17:19:00","NETO.PRADO","30/09/2025 17:19:00","","0",""
"868","","","PREPARAÇÃO AMS (GC)","PREPARAÇÃO AMS (GC)","","X","S","N","S","N","N","N","N","N","S","N","0","0","0","","","0","T","1","","","","0","","NETO.PRADO","30/09/2025 17:32:00","NETO.PRADO","30/09/2025 17:32:00","","0",""
"869","","","Ajustar Cart Pneus","Ajustar Carteira Pneus (FY26)","","W","S","N","S","N","N","N","N","N","S","N","0","0","0","","","0","T","1","","1","","0","","MATHEUS.AUGUSTO","04/12/2025 10:52:00","MATHEUS.AUGUSTO","04/12/2025 10:52:00","","0",""
"870","","","Monitorar PUK","Monitoramento PUK (FY26)","","X","S","N","S","S","N","N","N","N","N","N","0","0","0","","","0","T","1","","1","","0","","MATHEUS.AUGUSTO","12/12/2025 15:01:00","MATHEUS.AUGUSTO","12/12/2025 15:01:00","","0",""
"871","","","Aprovar Demonstração","Aprovar Demonstração (FY26)","","X","S","N","S","N","N","N","N","N","S","N","0","0","0","","","0","T","1","","","","0","","MATHEUS.AUGUSTO","09/01/2026 09:55:00","MATHEUS.AUGUSTO","20/01/2026 08:06:00","","0",""
"872","","","Liberar Demonstração","Liberar Demonstração (FY26)","","X","S","N","S","S","N","N","N","N","S","N","0","0","0","","","0","T","1","","","","0","","MATHEUS.AUGUSTO","09/01/2026 10:15:00","MATHEUS.AUGUSTO","09/01/2026 13:20:59","","0",""
"873","","","Validar Seguro","Validar Seguro Equipamento Demo (FY26)","","X","S","N","S","N","N","N","N","N","S","N","0","0","0","","","0","T","1","","","","0","","MATHEUS.AUGUSTO","09/01/2026 10:16:00","MATHEUS.AUGUSTO","09/01/2026 10:16:00","","0",""
"874","","","Solic Preparaç Demo","Solicitar Preparação Demonstração (FY26)","","X","S","N","S","N","N","N","N","N","S","N","0","0","0","","","0","T","1","","","","0","","MATHEUS.AUGUSTO","09/01/2026 10:17:00","MATHEUS.AUGUSTO","09/01/2026 10:17:00","","0",""
"875","","","Agendar Esp Demo","Agendar Especialista Demonstração (FY26)","","X","S","N","S","N","N","N","N","N","S","N","0","0","0","","","0","T","1","","","","0","","MATHEUS.AUGUSTO","09/01/2026 10:19:00","MATHEUS.AUGUSTO","09/01/2026 10:19:00","","0",""
"876","","","Preparar/Ativar","Preparar/Ativar Máq Demonstração (FY26)","","X","S","N","S","N","N","N","N","N","S","N","0","0","0","","","0","T","1","","","","0","","MATHEUS.AUGUSTO","09/01/2026 10:20:00","MATHEUS.AUGUSTO","09/01/2026 10:20:00","","0",""
"877","","","Solicitar Transporte","Solicitar Transporte Demonstração (FY26)","","X","S","N","S","N","N","N","N","N","S","N","0","0","0","","","0","T","1","","","","0","","MATHEUS.AUGUSTO","09/01/2026 10:22:00","MATHEUS.AUGUSTO","09/01/2026 10:22:00","","0",""
"878","","","Acompanhar Entrega","Acompanhar Entrega Demonstração (FY26)","","X","S","N","S","N","N","N","N","N","S","N","0","0","0","","","0","T","1","","","","0","","MATHEUS.AUGUSTO","09/01/2026 10:23:00","MATHEUS.AUGUSTO","09/01/2026 10:23:00","","0",""
"879","","","Entregar Máquina","Entregar Máquina Demonstração (FY26)","","X","S","N","S","N","N","N","N","N","S","N","0","0","0","","","0","T","1","","","","0","","MATHEUS.AUGUSTO","09/01/2026 10:24:00","MATHEUS.AUGUSTO","09/01/2026 10:24:00","","0",""
"880","","","Solicitar Emissão NF","Solicitar Emissão NF Demonstração (FY26)","","X","S","N","S","N","N","N","N","N","S","N","0","0","0","","","0","T","1","","","","0","","MATHEUS.AUGUSTO","09/01/2026 10:25:00","MATHEUS.AUGUSTO","09/01/2026 10:25:00","","0",""
"881","","","Emitir NF","Emitir NF Demonstração (FY26)","","X","S","N","S","N","N","N","N","N","S","N","0","0","0","","","0","T","1","","","","0","","MATHEUS.AUGUSTO","09/01/2026 10:26:00","MATHEUS.AUGUSTO","10/02/2026 15:19:12","","0","1"
"882","","","Solicitar NF Retorno","Solicitar NF Retorno Demonstração (FY26)","","X","S","N","S","N","N","N","N","N","S","N","0","0","0","","","0","T","1","","","","0","","MATHEUS.AUGUSTO","09/01/2026 10:27:00","RICARDO.MORETTI","19/03/2026 17:43:57","","0",""
"883","","","Solic Relátor Percep","Solicita Relatório Percepção Demo (FY26)","","X","S","N","S","N","N","N","N","N","S","N","0","0","0","","","0","T","1","","","","0","","MATHEUS.AUGUSTO","09/01/2026 10:29:00","MATHEUS.AUGUSTO","09/01/2026 10:29:00","","0",""
"884","","","Solic Relat Perform","Solicita Relatório Perform Demo (FY26)","","X","S","N","S","N","N","N","N","N","S","N","0","0","0","","","0","T","1","","","","0","","MATHEUS.AUGUSTO","09/01/2026 10:33:00","MATHEUS.AUGUSTO","09/01/2026 10:33:00","","0",""
"885","","","SolicTranspor Retorn","Solicitar Transporte Retorno Demo (FY26)","","X","S","N","S","N","N","N","N","N","S","N","0","0","0","","","0","T","1","","","","0","","MATHEUS.AUGUSTO","09/01/2026 10:35:00","MATHEUS.AUGUSTO","09/01/2026 10:35:00","","0",""
"886","","","Acompanhar Retirada","Acompanhar Retirada Demonstração (FY26)","","X","S","N","S","N","N","N","N","N","S","N","0","0","0","","","0","T","1","","","","0","","MATHEUS.AUGUSTO","09/01/2026 10:37:00","MATHEUS.AUGUSTO","09/01/2026 10:37:00","","0",""
"887","","","Retirar Máquina Demo","Retirar Máquina Demonstração (FY26)","","X","S","N","S","N","N","N","N","N","S","N","0","0","0","","","0","T","1","","","","0","","MATHEUS.AUGUSTO","09/01/2026 10:37:00","MATHEUS.AUGUSTO","09/01/2026 10:37:00","","0",""
"888","","","Efetivar NF","Efetivar NF Demonstração (FY26)","","X","S","N","S","S","N","N","N","N","S","N","0","0","0","","","0","T","1","","","","0","","MATHEUS.AUGUSTO","09/01/2026 10:38:00","MATHEUS.AUGUSTO","10/02/2026 15:18:00","","0","1"
"889","","","Anexar Relatór Perfo","Anexar Relatório Perform Demo (FY26)","","X","S","N","S","N","N","N","N","N","S","N","0","0","0","","","0","T","1","","","","0","","MATHEUS.AUGUSTO","09/01/2026 10:38:00","MATHEUS.AUGUSTO","09/03/2026 15:58:00","","0",""
"890","","","Respon Relató Percep","Responde Relatório Percepção Demo (FY26)","","X","S","N","S","S","N","N","N","N","S","N","0","0","0","","","0","T","1","","","","0","","MATHEUS.AUGUSTO","09/01/2026 10:39:00","MATHEUS.AUGUSTO","20/03/2026 07:56:52","","0",""
"891","","","Finalizar Demonstraç","Finalizar Demonstração (FY26)","","X","S","N","S","N","N","N","N","N","S","N","0","0","0","","","0","T","1","","","","0","","MATHEUS.AUGUSTO","09/01/2026 10:41:00","V:MATHEUS.PACIFICO","20/03/2026 10:50:00","","0",""
"892","","","Checar Procedên Chas","Checar Procedência Chassi","","P","S","N","S","S","N","N","N","N","S","N","0","0","0","","","0","T","1","","","","0","","MATHEUS.AUGUSTO","30/01/2026 14:48:00","MATHEUS.AUGUSTO","17/04/2026 08:22:46","","0",""
"893","","","Abrir O.S Licença/At","Abrir O.S Licença/Atualização","","W","S","N","S","N","N","N","N","N","S","N","0","0","0","","","0","T","1","","","","0","","MATHEUS.AUGUSTO","30/01/2026 17:07:00","MATHEUS.AUGUSTO","30/01/2026 17:07:00","","0",""
"894","","","Verificar Ativ Licen","Verificar Se Possui Ativação de Licença","","P","S","N","S","S","N","N","N","N","S","N","0","0","0","","","0","T","1","","","1","0","","MATHEUS.AUGUSTO","01/02/2026 19:24:00","MATHEUS.AUGUSTO","16/04/2026 15:55:00","","0",""
"895","","","Associar Chassi Orga","Associar Chassi Organização","","X","S","N","S","N","N","N","N","N","S","N","0","0","0","","","0","T","1","","","","0","","NETO.PRADO","10/02/2026 17:20:00","NETO.PRADO","10/02/2026 17:20:00","","0",""
"896","","","Testar Novo Formulár","Testar Novo Formulário","","X","S","N","S","S","N","N","N","N","S","N","0","0","0","","","0","T","1","","","","0","","NETO.PRADO","26/02/2026 16:07:00","NETO.PRADO","26/02/2026 16:12:17","","0",""
"897","","","Validar Qualif LEAD","Validar e Qualificar LEAD","","X","S","N","S","N","N","N","N","N","S","N","0","0","0","","","0","T","1","","1","","0","","NETO.PRADO","03/03/2026 20:30:00","NETO.PRADO","23/03/2026 08:00:00","","0",""
"898","","","Realizar Baixa","Realizar Baixa FY26","","X","S","N","S","N","N","N","N","N","S","N","0","0","0","","","0","T","1","","","","0","","MATHEUS.AUGUSTO","09/03/2026 15:58:00","MATHEUS.AUGUSTO","09/03/2026 15:58:00","","0","1"
"899","","","Com Ativação Licença","Comunicar Sobre Ativação Licença","","X","S","N","S","N","N","N","N","N","S","N","0","0","0","","","0","T","1","","","","0","","NETO.PRADO","12/03/2026 10:29:00","NETO.PRADO","12/03/2026 10:29:00","","0",""
"900","","","Anexar Form e NF","Anexar Form Entrega Tecnica e NF","","X","S","N","S","S","N","N","N","N","S","N","0","0","0","","","0","T","1","","","","0","","MATHEUS.AUGUSTO","16/03/2026 10:17:00","MATHEUS.AUGUSTO","01/06/2026 15:39:54","","0",""
"901","","","Com Pendencia Demo","Com Pendencia Demonstração (FY26)","","X","S","N","S","N","N","N","N","N","S","N","0","0","0","","","0","T","1","","","","0","","RICARDO.MORETTI","20/03/2026 08:12:00","RICARDO.MORETTI","20/03/2026 08:12:00","","0","1"
"902","","","Confirm Rev PreEntre","Confirmar Revisão PreEntrega","","X","S","N","S","N","N","N","N","N","S","N","0","0","0","","","0","T","1","","","","0","","RICARDO.MORETTI","20/03/2026 16:20:00","RICARDO.MORETTI","20/03/2026 16:20:00","","0","1"
"903","","","Teste Workflow 37036","Monitorar Cliente - GLPI 370366","","X","S","N","S","S","N","N","N","N","S","N","0","0","0","","","0","T","1","","","","0","","NETO.PRADO","31/03/2026 13:27:00","NETO.PRADO","31/03/2026 13:27:00","","0",""
"904","","","TESTAR E-MAIL","TESTE ENVIO E-MAIL","","X","S","N","S","S","N","N","N","N","S","N","0","0","0","","","0","T","1","","","","0","","NETO.PRADO","23/04/2026 17:18:00","NETO.PRADO","23/04/2026 17:18:00","","0",""
"905","","","Verificar Org Op Cen","Verificar/Transf Organização Op Center","","X","S","N","S","S","N","N","N","N","S","N","0","0","0","","","0","T","1","","","","0","","MATHEUS.AUGUSTO","22/05/2026 08:06:00","MATHEUS.AUGUSTO","29/05/2026 15:24:15","","0",""
"906","","","Ativar Licença","Ativar Licença","","X","S","N","S","S","N","N","N","N","S","N","0","0","0","","","0","T","1","","","","0","","MATHEUS.AUGUSTO","29/05/2026 14:28:00","MATHEUS.AUGUSTO","29/05/2026 14:28:00","","0","1"
"907","","","Criar Org Op Center","Criar Organização Op Center","","X","S","N","S","N","N","N","N","N","S","N","0","0","0","","","0","T","1","","","","0","","MATHEUS.AUGUSTO","29/05/2026 14:47:00","MATHEUS.AUGUSTO","29/05/2026 14:47:00","","0","1"
"908","","","Avaliar Dt Ativ Lic","Avaliar Data Ativação Licença","","X","S","N","S","N","N","N","N","N","S","N","0","0","0","","","0","T","1","","","","0","","MATHEUS.AUGUSTO","29/05/2026 15:10:00","MATHEUS.AUGUSTO","29/05/2026 15:10:00","","0",""
"909","","","Verificar Par Rec Pr","Verificar Parcela Rec Próp (FY25)","","X","S","N","S","S","N","N","N","N","S","N","0","0","0","","","0","T","1","","","","0","","RICARDO.MORETTI","14/08/2026 09:49:00","RICARDO.MORETTI","14/08/2026 11:18:00","","0",""
"940000","","","Vender Peças","Vender Peças","VD_PÇ","O","N","N","N","N","N","N","N","N","N","N","","","0","","","0","T","1","","1","","0","","MARCELO","11/11/2011 13:56:00","DIEGO.MARQUES","19/07/2020 13:27:00","","0",""
"940001","","","Vender Seguro","Vender Seguro","","O","N","N","N","S","N","N","N","N","N","N","","","0","","","0","T","1","","","","0","","MARCELO","11/11/2011 13:56:00","VTCCONS","07/01/2015 18:28:00","","0",""
"940002","","","Averig Insatisfação","Averiguar Insatisfação","","O","N","N","N","N","N","N","N","N","N","N","","","0","","","0","T","1","","","","0","","MARCELO","11/11/2011 13:57:00","VTCCONS","07/01/2015 18:23:00","","0",""
"940003","","","Prep Entrega Máq","Preparar Entrega Máquina","","O","N","N","N","N","N","N","N","N","N","N","","","0","","","0","T","1","","0","","0","","MARCELO","11/11/2011 13:57:00","BRUNA.FELICIO","09/01/2018 09:07:00","","0",""
"940004","","","Agendar Entrega","Agendar Entrega","","T","N","N","N","N","N","N","N","N","N","N","","","0","","","0","T","1","","","","0","","MARCELO","11/11/2011 14:33:00","VTCCONS","07/01/2015 18:22:00","","0",""
"940005","","","Real Ent Tec Maq","Realizar Entrega Técnica da Máq","","P","N","N","N","N","N","N","N","N","N","N","","","0","","","0","T","1","","","","0","","MARCELO","11/11/2011 14:39:00","VTCCONS","07/01/2015 18:27:00","","0",""
"940006","","","Aferir Satisf Venda","Aferir Satisfação de Venda","","T","N","N","N","S","N","N","N","N","N","N","","","0","","","0","T","1","","","","0","","MARCELO","11/11/2011 14:34:00","VTCCONS","07/01/2015 18:22:00","","0",""
"940007","","","Contato Pós-Entrega","Contato Pós-Entrega","","T","N","N","N","N","N","N","N","N","N","N","","","0","","","0","T","1","","","","0","","MARCELO","11/11/2011 14:41:00","VANESSA.ALVES","06/10/2016 17:13:00","","0",""
"940008","","","Vender Implement","Vender Implement","VD_IM","O","N","N","N","N","N","N","N","N","N","N","","","0","","","0","T","1","","","","0","","MARCELO","11/11/2011 14:50:00","DIEGO.MARQUES","23/09/2020 23:03:00","","0",""
"940009","","","Preparar Doc Máq","Preparar Documentação Máquina","A_F_M","O","N","N","N","N","N","N","N","N","N","N","","","0","","","0","T","1","","","","0","","MARCELO","11/11/2011 15:23:00","VTCCONS","07/01/2015 18:26:00","","0",""
"940010","","","Ac Rec Fin Maq","Acomp Recebimento Financ Máq","","O","N","N","N","N","N","N","N","N","N","N","","","0","","","0","T","1","","","","0","","MARCELO","11/11/2011 15:23:00","VTCCONS","07/01/2015 18:20:00","","0",""
"940011","","","Acomp Rec Com Mq","Acompanhar Receb Comissão Máq","","O","N","N","N","N","N","N","N","N","N","N","","","0","","","0","T","1","","","","0","","MARCELO","11/11/2011 15:24:00","VTCCONS","07/01/2015 18:22:00","","0",""
"940012","","","Aferir Venda Perdida","Aferir Venda Perdida","","O","N","N","N","N","N","N","N","N","N","N","","","0","","","0","T","1","","","","0","","MARCELO","11/11/2011 15:25:00","VTCCONS","07/01/2015 18:22:00","","0",""
"940013","","","Comprar Máq Fáb/Red","Comprar Máquina Fábrica/Rede","C_PRO","O","N","N","N","S","N","N","N","N","N","N","","","0","","","0","T","1","","","","","","MARCELO","11/11/2011 15:26:00","VTCCONS","28/11/2012 16:17:00","","0",""
"940014","","","Monitorar Cli Cart","Monitorar Cliente Carteira","M_CAR","O","N","N","N","N","N","N","N","N","N","N","","","0","","","0","T","1","","1","","0","","MARCELO","11/11/2011 15:26:00","VTCCONS","09/01/2015 16:52:00","","0",""
"940015","","","Vender Maquina","Vender Maquina","V_MQI","O","N","N","N","N","N","N","N","N","N","N","","","0","","","0","T","1","","","","0","","MARCELO","11/11/2011 15:31:00","VTCCONS","09/01/2015 16:55:00","","0",""
"940016","","","Prospectar Cliente","Prospectar Cliente","PR_CL","O","N","N","N","N","N","N","N","N","S","N","","","0","","","0","T","1","","1","","0","","MARCELO","11/11/2011 15:34:00","DIEGO.MARQUES","31/08/2020 13:37:00","","0",""
"940017","","","Vender Consórcio","Vender Consórcio","","O","N","N","N","N","N","N","N","N","N","N","","","0","","","0","T","1","","","","0","","MARCELO","11/11/2011 15:40:00","VTCCONS","07/01/2015 18:27:00","","0",""
"940018","","","Vend Agric Precisão","Vender Agricultura de Precisão","","O","N","N","N","N","N","N","N","N","N","N","","","0","","","0","T","1","","","","0","","MARCELO","11/11/2011 15:41:00","VTCCONS","07/01/2015 18:27:00","","0",""
"940019","","","Acomp Fat Implemento","Acompanhar Faturamento do Implemento","A_F_I","O","N","N","N","N","N","N","N","N","N","N","","","0","","","0","T","1","","","","0","","MARCELO","11/11/2011 15:41:00","VTCCONS","23/11/2012 16:32:00","","0",""
"940020","","","Realiz Entr Implem","Realizar Entrega Implemento","","O","N","N","N","N","N","N","N","N","N","N","","","0","","","0","T","1","","","","0","","MARCELO","11/11/2011 15:54:00","VTCCONS","07/01/2015 18:27:00","","0",""
"940021","","","Acomp Rec Fin Implem","Acompanhar Recebim Financeiro Implemento","","O","N","N","N","N","N","N","N","N","N","N","","","0","","","0","T","1","","","","0","","MARCELO","11/11/2011 15:58:00","LIVIA.SILVA","27/06/2023 14:56:00","","0",""
"940022","","","Acomp Fat Agric Prec","Acompanhar Fat Agricultura Precisão","","O","N","N","N","N","N","N","N","N","N","N","","","0","","","0","T","1","","","","0","","MARCELO","11/11/2011 16:06:00","VTCCONS","07/01/2015 18:20:00","","0",""
"940023","","","Acom Entr Agric Prec","Acompanhar Entrega Agricultura Precisão","","O","N","N","N","N","N","N","N","N","N","N","","","0","","","0","T","1","","","","0","","MARCELO","11/11/2011 16:07:00","VTCCONS","07/01/2015 18:20:00","","0",""
"940024","","","Ac Rec Fin Agric Pre","Acomp Recebimento Financ Agric Precisão","","O","N","N","N","N","N","N","N","N","N","N","","","0","","","0","T","1","","","","0","","MARCELO","11/11/2011 16:08:00","VTCCONS","07/01/2015 18:20:00","","0",""
"940025","","","Analisar Insatisfaçã","ANALISAR INSATISFAÇÃO","","O","N","N","S","N","N","N","N","N","N","N","0","","0","","","0","T","1","","","","0","","MARCELO","16/11/2011 09:36:00","MATHEUS.AUGUSTO","13/08/2024 11:01:00","","0",""
"940026","","","ACOMP INSATIS MAQ","ACOMPANHAR INSATISFAÇÃO MÁQUINA","","T","N","N","S","N","N","N","N","N","N","N","","","0","","","0","T","1","","","","0","","MARCELO","16/11/2011 09:43:00","LIVIA.SILVA","19/09/2023 09:45:00","","0",""
"940027","","","Aferir Sat Serviços","Aferir Satisfação de Serviços","SRV","T","N","N","S","S","N","N","N","N","N","N","","","0","","","0","T","1","","1","","0","","MARCELO","16/11/2011 09:45:00","MATHEUS.AUGUSTO","26/09/2024 09:12:00","66","0",""
"940028","","","Analisar Insat Serv","ANALISAR INSATISFAÇÃO DE SERVIÇOS","","T","N","N","S","N","N","N","N","N","N","N","","","0","","","0","T","1","","","","0","","MARCELO","16/11/2011 09:47:00","MATHEUS.AUGUSTO","07/05/2024 09:40:00","","0",""
"940029","","","ACOMP INSATIS SERV","ACOMPANHAR INSATISFAÇÃO SERVIÇOS","","T","N","N","S","N","N","N","N","N","N","N","","","0","","","0","T","1","","","","0","","MARCELO","16/11/2011 09:48:00","NETO.PRADO","04/07/2024 16:48:00","","0",""
"940030","","","Aferir Satisf Peças","Aferir Satisfação de Peças","PCA","T","S","N","S","S","N","N","N","N","N","N","0","","0","","","0","T","1","","0","","0","","MARCELO","16/11/2011 09:48:00","MATHEUS.AUGUSTO","22/07/2025 14:17:07","66","0","1"
"940031","","","Analisar Insat Peças","ANALISAR INSATISFAÇÃO DE PEÇAS","","T","S","N","S","N","N","N","N","N","N","N","0","","0","","","0","T","1","","","","0","","MARCELO","16/11/2011 09:49:00","MATHEUS.AUGUSTO","18/02/2025 09:12:11","","0",""
"940032","","","ACOMP INSATIS PECAS","ACOMPANHAR INSATISFAÇÃO PEÇAS","","T","N","N","S","N","N","N","N","N","N","N","","","0","","","0","T","1","","","","0","","MARCELO","16/11/2011 09:49:00","LIVIA.SILVA","19/09/2023 10:03:00","","0",""
"940033","","","Prospectar Serviços","Prospectar Serviços","","O","N","N","N","N","N","N","N","N","N","N","","","0","","","0","T","1","","1","","0","","MARCELO","18/11/2011 10:07:00","VTCCONS","07/01/2015 18:25:00","","0",""
"940034","","","Real Manut Prev Prog","Realizar Manut Preventiva Programada","","O","N","N","N","N","N","N","N","N","N","N","","","0","","","0","T","1","","","","0","","MARCELO","18/11/2011 10:47:00","VTCCONS","31/05/2012 08:24:00","","0",""
"940035","","","Revisão na Garantia","Revisão na Garantia","","O","N","N","N","N","N","N","N","N","N","N","","","0","","","0","T","1","","","","0","","MARCELO","18/11/2011 10:50:00","VTCCONS","31/05/2012 08:27:00","","0",""
"940036","","","Real Pre Diagnostico","Realizar Pré-diagnóstico/Orçamento","RPD","O","N","N","N","N","N","N","N","N","N","N","","","0","","","0","T","1","","","","0","","MARCELO","18/11/2011 10:56:00","VTCCONS","07/01/2015 18:27:00","","0",""
"940037","","","Def Peças Ela Pre-or","Definir Peças Elaborar Pré-orçamento","","O","N","N","N","N","N","N","N","N","N","N","","","0","","","0","T","1","","","","0","","MARCELO","18/11/2011 11:03:00","VTCCONS","31/05/2012 08:21:00","","0",""
"940038","","","Separar Peças","Separar Peças","","O","N","N","N","N","N","N","N","N","N","N","","","0","","","0","T","1","","","","0","","MARCELO","18/11/2011 11:26:00","VTCCONS","31/05/2012 08:27:00","","0",""
"940039","","","Reavaliar Visita","Reavaliar Visita","","O","N","N","N","N","N","N","N","N","N","N","","","0","","","0","T","1","","","","","","MARCELO","18/11/2011 13:53:00","VTCCONS","31/05/2012 08:26:00","","0",""
"940040","","","Solic Peça no Fornec","Solicitar Peça no Fornecedor","","O","N","N","N","N","N","N","N","N","N","N","","","0","","","0","T","1","","","","","","MARCELO","18/11/2011 13:55:00","VTCCONS","31/05/2012 08:30:00","","0",""
"940041","","","Confirm Agendamento","Confirmar Agendamento","","O","N","N","N","N","N","N","N","N","N","N","","","0","","","0","T","1","","","","0","","MARCELO","18/11/2011 14:13:00","VTCCONS","31/05/2012 08:20:00","","0",""
"940042","","","Emitir NF Transporte","Emitir NF Transporte","","O","N","N","N","N","N","N","N","N","N","N","","","0","","","0","T","1","","","","0","","MARCELO","18/11/2011 14:14:00","VTCCONS","31/05/2012 08:20:00","","0",""
"940043","","","Atend Cliente Campo","Atender Cliente no Campo","","O","N","N","N","N","N","N","N","N","N","N","","","0","","","0","T","1","","","","0","","MARCELO","18/11/2011 14:14:00","VTCCONS","31/05/2012 08:20:00","","0",""
"940044","","","Real Serv Concession","Realizar Serviço na Concessionária","","O","N","N","N","N","N","N","N","N","N","N","","","0","","","0","T","1","","","","0","","MARCELO","18/11/2011 14:15:00","VTCCONS","31/05/2012 08:25:00","","0",""
"940045","","","Contactar Cliente","Contactar Cliente","","O","N","N","N","N","N","N","N","N","N","N","","","0","","","0","T","1","","","","0","","MARCELO","18/11/2011 14:21:00","VANESSA.ALVES","06/10/2016 17:13:00","","0",""
"940046","","","Faturar o Serviço","Faturar o Serviço","","O","N","N","N","N","N","N","N","N","N","N","","","0","","","0","T","1","","","","0","","MARCELO","18/11/2011 14:22:00","VTCCONS","31/05/2012 14:24:00","","0",""
"940047","","","Sol Garantia Fabrica","Solicitação de Garantia Fabricante","","O","N","N","N","N","N","N","N","N","N","N","","","0","","","0","T","1","","","","0","","MARCELO","18/11/2011 14:22:00","VTCCONS","31/05/2012 08:30:00","","0",""
"940048","","","Reagendar Cliente","Reagendar Cliente","","O","N","N","N","S","N","N","N","N","N","N","","","0","","","0","T","1","","","","","","MARCELO","18/11/2011 14:27:00","VTCCONS","31/05/2012 08:23:00","","0",""
"940049","","","Emi NF Peç Serv Gara","Emitir NF Peças / Serv Garantia","","O","N","N","N","N","N","N","N","N","N","N","","","0","","","0","T","1","","","","","","MARCELO","18/11/2011 14:28:00","VTCCONS","31/05/2012 08:20:00","","0",""
"940050","","","Realizar PMP","Realizar PMP","","O","N","N","N","N","N","N","N","N","N","N","","","0","","","0","T","1","","","","","","MARCELO","18/11/2011 15:12:00","VTCCONS","31/05/2012 08:24:00","","0",""
"940051","","","Atend Depto Interno","Atender Departamento Interno","","O","N","N","N","N","N","N","N","N","N","N","","","0","","","0","T","1","","","","","","MARCELO","18/11/2011 15:13:00","VTCCONS","31/05/2012 08:20:00","","0",""
"940052","","","Oferecer Peças","Oferecer Peças","OF_PÇ","P","N","N","N","N","N","N","N","N","S","N","0","","0","","","0","T","1","","2","","0","","VTCCONS","06/01/2012 15:04:00","DIEGO.MARQUES","30/12/2021 14:40:00","","0",""
"940053","","","Acomp Rec Comis Impl","Acompanhar Receb Comissão Implemento","","P","N","N","N","N","N","N","N","N","N","N","","","0","","","0","T","1","","","","0","","VTCCONS","18/02/2012 18:29:00","VTCCONS","07/01/2015 18:20:00","","0",""
"940054","","","Comprar Imp Fáb/Red","Comprar Implemento Fábrica/Rede","","P","N","N","N","S","N","N","N","N","N","N","","","0","","","0","T","1","","","","","","VTCCONS","25/04/2012 23:06:00","VTCCONS","28/11/2012 16:11:00","","0",""
"940055","","","Visitar Cliente Cons","Visitar Cliente Consórcio","","P","N","N","N","S","N","N","N","N","N","N","","","0","","","0","T","1","","","","0","","VTCCONS","26/04/2012 22:41:00","VTCCONS","07/01/2015 18:28:00","","0",""
"940056","","","Avaliar Orç. Não Apr","Avaliar Orçamento Não Aprovado","","O","N","N","N","N","N","N","N","N","N","N","0","","0","","","0","T","1","","","","0","","VTCCONS","30/05/2012 08:56:00","VTCCONS","07/01/2015 18:23:00","","0",""
"940057","","","Agend. Atd/Transp.Mq","Agendar Atendimento/Transporte Máquina","","O","N","N","N","N","N","N","N","N","N","N","0","","0","","","0","T","1","","","","0","","VTCCONS","30/05/2012 10:11:00","VTCCONS","07/01/2015 18:22:00","","0",""
"940058","","","Avaliar Agend. Canc","Avaliar Agendamento Cancelado","","O","N","N","N","N","N","N","N","N","N","N","0","","0","","","0","T","1","","","","0","","VTCCONS","30/05/2012 10:32:00","VTCCONS","07/01/2015 18:23:00","","0",""
"940059","","","Realizar Serviço","Realizar Serviço","","O","N","N","N","N","N","N","N","N","N","N","0","","0","","","0","T","1","","","","0","","VTCCONS","30/05/2012 15:53:00","VTCCONS","07/01/2015 18:27:00","","0",""
"940060","","","Solicitar Garantia d","Solicitar Garantia da Fabrica","","O","N","N","N","N","N","N","N","N","N","N","0","","0","","","0","T","1","","","","0","","VTCCONS","30/05/2012 16:42:00","VTCCONS","07/01/2015 18:27:00","","0",""
"940061","","","Faturar Serv Cliente","Faturar Serviço Cliente","","O","N","N","N","N","N","N","N","N","N","N","0","","0","","","0","T","1","","","","0","","VTCCONS","30/05/2012 16:52:00","VTCCONS","07/01/2015 18:24:00","","0",""
"940062","","","Realizar Entr Física","Realizar Entrega Física Máq","","P","N","N","N","S","N","N","N","N","N","N","0","","0","","","0","T","1","","","","0","","VTCCONS","08/06/2012 18:05:00","BRUNA.FELICIO","09/01/2018 08:09:00","","0",""
"940063","","","Identificar Serviço","Identificar Serviço","","P","N","N","N","S","N","N","N","N","N","N","0","","0","","","0","T","1","","","","0","","VTCCONS","11/06/2012 20:34:00","VANESSA.ALVES","12/12/2016 08:55:00","","0",""
"940064","","","Realizar Chec Financ","Realizar Checagem Financeira","","O","N","N","N","S","N","N","N","N","N","N","0","","0","","","0","T","1","","","","0","","VTCCONS","14/08/2012 10:20:00","VTCCONS","07/01/2015 18:25:00","","0",""
"940065","","","Faturar Máq","Faturar Máquina","F_I","O","N","N","N","N","N","N","N","N","N","N","0","","0","","","0","T","1","","","","0","","VTCCONS","15/08/2012 18:18:00","BRUNA.FELICIO","09/01/2018 09:04:00","","0",""
"940066","","","Verif Disp Máq","Verificar Disponibilidade Máquina","","P","N","N","N","N","N","N","N","N","N","N","0","","0","","","0","T","1","","","","0","","VTCCONS","22/11/2012 09:01:00","VTCCONS","09/01/2015 11:50:00","","0",""
"940067","","","Preen Contr J Deere","Preencher Contrato John Deere","","T","N","N","N","N","N","N","N","N","N","N","0","","0","","","0","T","1","","","","0","","VTCCONS","22/11/2012 09:18:00","VTCCONS","07/01/2015 18:25:00","","0",""
"940068","","","Prep Contr Concess","Preparar Contrato Concessionária","","T","N","N","N","N","N","N","N","N","N","N","0","","0","","","0","T","1","","","","0","","VTCCONS","22/11/2012 09:19:00","VTCCONS","07/01/2015 18:25:00","","0",""
"940069","","","Faturar Serviço Fabr","Faturar Serviço Fabrica","","P","N","N","N","N","N","N","N","N","N","N","0","","0","","","0","T","1","","","","0","","VTCCONS","22/11/2012 09:19:00","VTCCONS","07/01/2015 18:24:00","","0",""
"940070","","","Vd Maq Usados","Vender Maquinas Usados","V_MIU","O","N","N","N","N","N","N","N","N","N","N","0","","0","","","0","T","1","","","","0","","VTCCONS","13/03/2013 16:07:00","VTCCONS","07/01/2015 18:27:00","","0",""
"940071","","","Prep Doc Máq Us","Preparar Doc Máquina Usados","PDMIU","O","N","N","N","N","N","N","N","N","N","N","0","","0","","","0","T","1","","","","0","","VTCCONS","14/03/2013 09:21:00","VTCCONS","07/01/2015 18:26:00","","0",""
"940072","","","Monit Cli Cart Usado","Monitorar Cliente Carteira Usados","M_CUS","O","N","N","N","N","N","N","N","N","N","N","0","","0","","","0","T","1","","","","0","","VTCCONS","14/03/2013 10:08:00","VTCCONS","07/01/2015 18:24:00","","0",""
"940073","","","Real Chec Financ Usa","Realizar Chegagem Financeira Usados","RCFUS","O","N","N","N","N","N","N","N","N","N","N","0","","0","","","0","T","1","","","","0","","VTCCONS","14/03/2013 14:08:00","VTCCONS","07/01/2015 18:25:00","","0",""
"940074","","","Fat Máq Usados","Faturar Máquina Usados","FMIUS","O","N","N","N","N","N","N","N","N","N","N","0","","0","","","0","T","1","","","","0","","VTCCONS","14/03/2013 15:33:00","VTCCONS","07/01/2015 18:24:00","","0",""
"940075","","","Ac Reb Fin M Usado","Acomp Receb Financ Máq Usados","ACMIU","O","N","N","N","N","N","N","N","N","N","N","0","","0","","","0","T","1","","","","0","","VTCCONS","14/03/2013 15:58:00","VTCCONS","07/01/2015 18:12:00","","0",""
"940076","","","Realiz Entr Fís Usad","Realizar Entrega Física Máq Usados","REFU","P","N","N","N","N","N","N","N","N","N","N","0","","0","","","0","T","1","","","","0","","VTCCONS","14/03/2013 16:44:00","VTCCONS","07/01/2015 18:26:00","","0",""
"940077","","","Aferir Sat Vend Usad","Aferir Satisfação de Vendas Usados","ASVU","P","N","N","N","N","N","N","N","N","N","N","0","","0","","","0","T","1","","","","0","","VTCCONS","14/03/2013 17:10:00","VTCCONS","07/01/2015 18:22:00","","0",""
"940078","","","Cont Pós-Entrega Usa","Contato Pós-Entrega Usados","CPOSU","P","N","N","N","N","N","N","N","N","N","N","0","","0","","","0","T","1","","","","0","","VTCCONS","14/03/2013 17:29:00","VTCCONS","07/01/2015 18:26:00","","0",""
"940079","","","GERAR CONTRATO AMS","GERAR CONTRATO AMS","","O","N","N","N","N","N","N","N","N","N","N","0","","0","","","0","T","1","","","","0","","DIEGO.MARQUES","09/09/2019 09:28:00","DIEGO.MARQUES","09/09/2019 10:50:00","","0",""
