"SeqPar","SeqGlbPar","NroEmpresa","Campo1","Campo2","Campo3","Campo4","Campo5","Campo6","Numero1","Numero2","Numero3","Numero4","Numero5","Numero6","Data1","Data2","Data3","Data4","Data5","Data6","Literal1","Literal2","Literal3","Literal4","Literal5","Literal6","Literal7","Literal8","Literal9","Literal10","DtaAlteracao","UsuAlteracao","SimNao1","SimNao2","SimNao3","SimNao4","SimNao5","SimNao6","SimNao7","SimNao8","SimNao9","SimNao10"
"10426","9400","1","","","","","","","","","","","","","","","","","","","Inroda","","","","","","","","","","24/09/2018 14:08:00","DIEGO.MARQUES","0","0","0","0","0","0","0","0","1","0"
"10431","9400","1","","","","","","","","","","","","","","","","","","","Alma","","","","","","","","","","02/10/2018 10:08:00","DIEGO.MARQUES","0","0","0","0","0","0","0","0","1","0"
"10433","9401","0","Massey","Potencia Variável","","","","","","","","","","","","","","","","","MF270","","","","","","","","","","08/10/2018 09:03:00","DIEGO.MARQUES","1","","","","","","","","",""
"10434","9401","0","Agrale","a) <= 49 CV","","","","","","","","","","","","","","","","","AGR 4230.4","","","","","","","","","","08/10/2018 12:22:00","DIEGO.MARQUES","1","","","","","","","","",""
"10435","9401","0","Agrale","a) <= 49 CV","","","","","","","","","","","","","","","","","AGR 4223","","","","","","","","","","08/10/2018 13:58:00","DIEGO.MARQUES","1","","","","","","","","",""
"10436","9401","0","Agrale","b) de 50 a 59 CV","","","","","","","","","","","","","","","","","AGR 540","","","","","","","","","","08/10/2018 13:59:00","DIEGO.MARQUES","1","","","","","","","","",""
"10437","9401","0","Agrale","b) de 50 a 59 CV","","","","","","","","","","","","","","","","","AGR 565 Compact","","","","","","","","","","08/10/2018 13:59:00","DIEGO.MARQUES","1","","","","","","","","",""
"10438","9401","0","Agrale","Potencia Variável","","","","","","","","","","","","","","","","","AGR 575 Super","","","","","","","","","","08/10/2018 14:00:00","DIEGO.MARQUES","1","","","","","","","","",""
"10439","9401","0","Agrale","a) <= 49 CV","","","","","","","","","","","","","","","","","AGR 575 Compact","","","","","","","","","","08/10/2018 14:01:00","DIEGO.MARQUES","1","","","","","","","","",""
"10440","9401","0","Agrale","Potencia Variável","","","","","","","","","","","","","","","","","AGR 5105","","","","","","","","","","08/10/2018 14:02:00","DIEGO.MARQUES","1","","","","","","","","",""
"10441","9401","0","Agrale","Potencia Variável","","","","","","","","","","","","","","","","","AGR 6185","","","","","","","","","","08/10/2018 14:20:00","DIEGO.MARQUES","1","","","","","","","","",""
"10442","9401","0","Agrale","Potencia Variável","","","","","","","","","","","","","","","","","AGR 7215","","","","","","","","","","08/10/2018 14:43:00","DIEGO.MARQUES","1","","","","","","","","",""
"10443","9401","0","Case","","","","","","","","","","","","","","","","","","CS FARMALL 60","","","","","","","","","","08/10/2018 14:45:00","DIEGO.MARQUES","1","","","","","","","","",""
"10444","9401","0","Case","","","","","","","","","","","","","","","","","","CS FARMALL 110A","","","","","","","","","","08/10/2018 15:04:00","DIEGO.MARQUES","1","","","","","","","","",""
"10445","9401","0","Case","","","","","","","","","","","","","","","","","","CS FARMALL 130A","","","","","","","","","","08/10/2018 15:04:00","DIEGO.MARQUES","1","","","","","","","","",""
"10446","9401","0","","","","","","","","","","","","","","","","","","","","","","","","","","","","","08/10/2018 15:04:00","DIEGO.MARQUES","0","","","","","","","","",""
"10447","9401","0","Case","","","","","","","","","","","","","","","","","","CS Quanttum Serie 75","","","","","","","","","","08/10/2018 15:04:00","DIEGO.MARQUES","1","","","","","","","","",""
"10448","9401","0","Case","","","","","","","","","","","","","","","","","","Puma 140","","","","","","","","","","08/10/2018 15:08:00","DIEGO.MARQUES","1","","","","","","","","",""
"10449","9401","0","Case","","","","","","","","","","","","","","","","","","Puma 155","","","","","","","","","","08/10/2018 15:09:00","DIEGO.MARQUES","1","","","","","","","","",""
"10471","9401","0","Stara","a) <= 49 CV","","","","","","","","","","","","","","","","","ST Max 150","","","","","","","","","","09/10/2018 09:36:00","DIEGO.MARQUES","1","","","","","","","","",""
"10472","9401","0","Stara","Potencia Variável","","","","","","","","","","","","","","","","","ST Max 180","","","","","","","","","","09/10/2018 09:38:00","DIEGO.MARQUES","1","","","","","","","","",""
"10473","9401","0","Stara","Potencia Variável","","","","","","","","","","","","","","","","","ST Max 105","","","","","","","","","","09/10/2018 09:39:00","DIEGO.MARQUES","1","","","","","","","","",""
"10474","9401","0","Yanmar","Potencia Variável","","","","","","","","","","","","","","","","","Solis 90 N","","","","","","","","","","09/10/2018 09:39:00","DIEGO.MARQUES","1","","","","","","","","",""
"10475","9401","0","Yanmar","Potencia Variável","","","","","","","","","","","","","","","","","Solis 90","","","","","","","","","","09/10/2018 09:41:00","DIEGO.MARQUES","1","","","","","","","","",""
"10476","9401","0","Yanmar","Potencia Variável","","","","","","","","","","","","","","","","","Solis 75 N","","","","","","","","","","09/10/2018 09:41:00","DIEGO.MARQUES","1","","","","","","","","",""
"10477","9401","0","Yanmar","Potencia Variável","","","","","","","","","","","","","","","","","Solis 75","","","","","","","","","","09/10/2018 09:41:00","DIEGO.MARQUES","1","","","","","","","","",""
"10478","9401","0","Yanmar","Potencia Variável","","","","","","","","","","","","","","","","","SOLIS 60 N","","","","","","","","","","09/10/2018 09:41:00","DIEGO.MARQUES","1","","","","","","","","",""
"10479","9401","0","Yanmar","Potencia Variável","","","","","","","","","","","","","","","","","Solis 60","","","","","","","","","","09/10/2018 09:42:00","DIEGO.MARQUES","1","","","","","","","","",""
"10480","9401","0","Yanmar","Potencia Variável","","","","","","","","","","","","","","","","","Solis 26","","","","","","","","","","09/10/2018 09:43:00","DIEGO.MARQUES","1","","","","","","","","",""
"10481","9401","0","Agrale","Potencia Variável","","","","","","","","","","","","","","","","","AGR 4100.4","","","","","","","","","","09/10/2018 09:43:00","DIEGO.MARQUES","1","","","","","","","","",""
"10482","9401","0","Agrale","Potencia Variável","","","","","","","","","","","","","","","","","AGR 4118.4","","","","","","","","","","09/10/2018 09:46:00","DIEGO.MARQUES","1","","","","","","","","",""
"10483","9401","0","Agrale","Potencia Variável","","","","","","","","","","","","","","","","","AGR 4100 Rebocador GLP","","","","","","","","","","09/10/2018 09:47:00","DIEGO.MARQUES","1","","","","","","","","",""
"10484","9401","0","Agrale","Potencia Variável","","","","","","","","","","","","","","","","","AGR 4100 Rebocador Industrial","","","","","","","","","","09/10/2018 09:48:00","DIEGO.MARQUES","1","","","","","","","","",""
"10485","9401","0","Agrale","","","","","","","","","","","","","","","","","","AGR 4230 Rebocador Industrial","","","","","","","","","","09/10/2018 09:53:00","DIEGO.MARQUES","1","","","","","","","","",""
"10486","9401","0","New Holland","Potencia Variável","","","","","","","","","","","","","","","","","TL60E","","","","","","","","","","26/05/2019 11:21:00","DIEGO.MARQUES","1","","","","","","","","",""
"10487","9401","0","New Holland","","","","","","","","","","","","","","","","","","TL75E","","","","","","","","","","26/05/2019 11:22:00","DIEGO.MARQUES","1","","","","","","","","",""
"10488","9401","0","New Holland","Potencia Variável","","","","","","","","","","","","","","","","","T4.75F","","","","","","","","","","26/05/2019 11:24:00","DIEGO.MARQUES","1","","","","","","","","",""
"10489","9401","0","New Holland","Potencia Variável","","","","","","","","","","","","","","","","","T4.85F","","","","","","","","","","26/05/2019 11:25:00","DIEGO.MARQUES","1","","","","","","","","",""
"10490","9401","0","New Holland","Potencia Variável","","","","","","","","","","","","","","","","","T4.95F","","","","","","","","","","26/05/2019 11:26:00","DIEGO.MARQUES","1","","","","","","","","",""
"10491","9401","0","New Holland","Potencia Variável","","","","","","","","","","","","","","","","","T4.105F","","","","","","","","","","26/05/2019 11:27:00","DIEGO.MARQUES","1","","","","","","","","",""
"10492","9401","0","New Holland","","","","","","","","","","","","","","","","","","T4.75N","","","","","","","","","","26/05/2019 11:25:00","DIEGO.MARQUES","1","","","","","","","","",""
"10493","9401","0","New Holland","","","","","","","","","","","","","","","","","","T4.85N","","","","","","","","","","26/05/2019 11:26:00","DIEGO.MARQUES","1","","","","","","","","",""
"10494","9401","0","New Holland","","","","","","","","","","","","","","","","","","T4.95N","","","","","","","","","","26/05/2019 11:27:00","DIEGO.MARQUES","1","","","","","","","","",""
"10495","9401","0","New Holland","","","","","","","","","","","","","","","","","","T4.105N","","","","","","","","","","26/05/2019 11:27:00","DIEGO.MARQUES","1","","","","","","","","",""
"10496","9401","0","Solis","","","","","","","","","","","","","","","","","","S 75CRDI","","","","","","","","","","11/10/2018 09:20:00","DIEGO.MARQUES","1","","","","","","","","",""
"10497","9401","0","Solis","","","","","","","","","","","","","","","","","","S 90CRDI","","","","","","","","","","11/10/2018 09:21:00","DIEGO.MARQUES","1","","","","","","","","",""
"10498","9401","0","Solis","","","","","","","","","","","","","","","","","","S 60N","","","","","","","","","","11/10/2018 09:22:00","DIEGO.MARQUES","1","","","","","","","","",""
"10499","9401","0","Solis","","","","","","","","","","","","","","","","","","S 75N","","","","","","","","","","11/10/2018 09:22:00","DIEGO.MARQUES","1","","","","","","","","",""
"10500","9401","0","Solis","","","","","","","","","","","","","","","","","","S 90N","","","","","","","","","","11/10/2018 09:22:00","DIEGO.MARQUES","1","","","","","","","","",""
"10501","9401","0","Solis","","","","","","","","","","","","","","","","","","S 75N CRDI","","","","","","","","","","11/10/2018 09:23:00","DIEGO.MARQUES","1","","","","","","","","",""
"10502","9401","0","Solis","","","","","","","","","","","","","","","","","","S 90N CRDI","","","","","","","","","","11/10/2018 09:23:00","DIEGO.MARQUES","1","","","","","","","","",""
"10503","9401","0","New Holland","","","","","","","","","","","","","","","","","","T4.85V","","","","","","","","","","26/05/2019 11:26:00","DIEGO.MARQUES","1","","","","","","","","",""
"10504","9401","0","New Holland","","","","","","","","","","","","","","","","","","T4.95V","","","","","","","","","","26/05/2019 11:26:00","DIEGO.MARQUES","1","","","","","","","","",""
"10505","9401","0","New Holland","","","","","","","","","","","","","","","","","","T4.105V","","","","","","","","","","26/05/2019 11:27:00","DIEGO.MARQUES","1","","","","","","","","",""
"10506","9401","0","New Holland","","","","","","","","","","","","","","","","","","T6.110","","","","","","","","","","26/05/2019 11:28:00","DIEGO.MARQUES","1","","","","","","","","",""
"10507","9401","0","New Holland","","","","","","","","","","","","","","","","","","T6.130","","","","","","","","","","26/05/2019 11:28:00","DIEGO.MARQUES","1","","","","","","","","",""
"10508","9401","0","New Holland","","","","","","","","","","","","","","","","","","T7.175","","","","","","","","","","26/05/2019 11:28:00","DIEGO.MARQUES","1","","","","","","","","",""
"10509","9401","0","New Holland","","","","","","","","","","","","","","","","","","T7.190","","","","","","","","","","26/05/2019 11:28:00","DIEGO.MARQUES","1","","","","","","","","",""
"10510","9401","0","Case","","","","","","","","","","","","","","","","","","Puma 200","","","","","","","","","","11/10/2018 13:54:00","DIEGO.MARQUES","1","","","","","","","","",""
"10511","9401","0","Case","","","","","","","","","","","","","","","","","","Puma 185","","","","","","","","","","11/10/2018 13:57:00","DIEGO.MARQUES","0","","","","","","","","",""
"10512","9401","0","Case","","","","","","","","","","","","","","","","","","Puma 170","","","","","","","","","","11/10/2018 13:57:00","DIEGO.MARQUES","0","","","","","","","","",""
"10513","9401","0","Case","","","","","","","","","","","","","","","","","","Puma 230","","","","","","","","","","11/10/2018 13:57:00","DIEGO.MARQUES","0","","","","","","","","",""
"10514","9401","0","Case","","","","","","","","","","","","","","","","","","Steiger 370","","","","","","","","","","11/10/2018 13:58:00","DIEGO.MARQUES","1","","","","","","","","",""
"10515","9401","0","Case","","","","","","","","","","","","","","","","","","Steiger 420","","","","","","","","","","11/10/2018 14:07:00","DIEGO.MARQUES","0","","","","","","","","",""
"10516","9401","0","Case","","","","","","","","","","","","","","","","","","Steiger 770","","","","","","","","","","11/10/2018 14:08:00","DIEGO.MARQUES","0","","","","","","","","",""
"10517","9401","0","Case","","","","","","","","","","","","","","","","","","Steiger 500","","","","","","","","","","11/10/2018 14:08:00","DIEGO.MARQUES","0","","","","","","","","",""
"10518","9401","0","","","","","","","","","","","","","","","","","","","","","","","","","","","","","11/10/2018 14:11:00","DIEGO.MARQUES","0","","","","","","","","",""
"10519","9401","0","","","","","","","","","","","","","","","","","","","","","","","","","","","","","11/10/2018 14:11:00","DIEGO.MARQUES","0","","","","","","","","",""
"10520","9401","0","Case","","","","","","","","","","","","","","","","","","Steiger 540","","","","","","","","","","11/10/2018 14:13:00","DIEGO.MARQUES","0","","","","","","","","",""
"10521","9401","0","Case","","","","","","","","","","","","","","","","","","Steiger 580","","","","","","","","","","11/10/2018 14:14:00","DIEGO.MARQUES","0","","","","","","","","",""
"10522","9401","0","Case","","","","","","","","","","","","","","","","","","Steiger 620","","","","","","","","","","11/10/2018 14:14:00","DIEGO.MARQUES","0","","","","","","","","",""
"10523","9401","0","Valtra","","","","","","","","","","","","","","","","","","CVT T210","","","","","","","","","","11/10/2018 14:30:00","DIEGO.MARQUES","0","","","","","","","","",""
"10524","9401","0","Valtra","","","","","","","","","","","","","","","","","","VT BH224","","","","","","","","","","11/10/2018 14:29:00","DIEGO.MARQUES","1","","","","","","","","",""
"10525","9401","0","Valtra","","","","","","","","","","","","","","","","","","VT BH214","","","","","","","","","","11/10/2018 14:47:00","DIEGO.MARQUES","0","","","","","","","","",""
"10526","9401","0","Valtra","","","","","","","","","","","","","","","","","","VT BH194","","","","","","","","","","11/10/2018 14:47:00","DIEGO.MARQUES","0","","","","","","","","",""
"10527","9401","0","Valtra","","","","","","","","","","","","","","","","","","VT BH184","","","","","","","","","","11/10/2018 14:48:00","DIEGO.MARQUES","0","","","","","","","","",""
"10528","9401","0","Valtra","","","","","","","","","","","","","","","","","","VT BH174","","","","","","","","","","11/10/2018 14:48:00","DIEGO.MARQUES","0","","","","","","","","",""
"10529","9401","0","Valtra","","","","","","","","","","","","","","","","","","VT BH154","","","","","","","","","","11/10/2018 14:48:00","DIEGO.MARQUES","0","","","","","","","","",""
"10530","9401","0","Valtra","","","","","","","","","","","","","","","","","","VT BH144","","","","","","","","","","11/10/2018 14:48:00","DIEGO.MARQUES","0","","","","","","","","",""
"10531","9401","0","Massey","","","","","","","","","","","","","","","","","","MF 8670 Dyna VT","","","","","","","","","","15/10/2018 13:58:00","DIEGO.MARQUES","1","","","","","","","","",""
"10532","9401","0","Massey","","","","","","","","","","","","","","","","","","MF 8690 Dyna VT","","","","","","","","","","15/10/2018 14:31:00","DIEGO.MARQUES","1","","","","","","","","",""
"10533","9401","0","Massey","","","","","","","","","","","","","","","","","","MF7720","","","","","","","","","","06/11/2018 14:59:00","DIEGO.MARQUES","1","","","","","","","","",""
"10534","9401","0","Massey","","","","","","","","","","","","","","","","","","MF 7725 Dyna 6","","","","","","","","","","15/10/2018 14:51:00","DIEGO.MARQUES","1","","","","","","","","",""
"10535","9401","0","Massey","","","","","","","","","","","","","","","","","","MF 7214","","","","","","","","","","15/10/2018 14:56:00","DIEGO.MARQUES","1","","","","","","","","",""
"10536","9401","0","Massey","","","","","","","","","","","","","","","","","","MF 7217","","","","","","","","","","15/10/2018 14:57:00","DIEGO.MARQUES","0","","","","","","","","",""
"10537","9401","0","Massey","","","","","","","","","","","","","","","","","","MF 6712 R Dyna 4","","","","","","","","","","15/10/2018 14:57:00","DIEGO.MARQUES","1","","","","","","","","",""
"10538","9401","0","Massey","","","","","","","","","","","","","","","","","","MF 6713 R Dyna 4","","","","","","","","","","15/10/2018 15:03:00","DIEGO.MARQUES","1","","","","","","","","",""
"10539","9401","0","Massey","","","","","","","","","","","","","","","","","","MF 6712","","","","","","","","","","15/10/2018 15:03:00","DIEGO.MARQUES","1","","","","","","","","",""
"10540","9401","0","Massey","","","","","","","","","","","","","","","","","","MF 5709","","","","","","","","","","15/10/2018 15:05:00","DIEGO.MARQUES","1","","","","","","","","",""
"10541","9401","0","Massey","","","","","","","","","","","","","","","","","","MF 4707","","","","","","","","","","15/10/2018 15:06:00","DIEGO.MARQUES","1","","","","","","","","",""
"10542","9401","0","Massey","","","","","","","","","","","","","","","","","","MF 4708","","","","","","","","","","15/10/2018 15:07:00","DIEGO.MARQUES","1","","","","","","","","",""
"10543","9401","0","Massey","","","","","","","","","","","","","","","","","","MF 4709","","","","","","","","","","15/10/2018 15:07:00","DIEGO.MARQUES","1","","","","","","","","",""
"10544","9401","0","Massey","","","","","","","","","","","","","","","","","","MF 4292 Xtra","","","","","","","","","","15/10/2018 15:08:00","DIEGO.MARQUES","1","","","","","","","","",""
"10545","9401","0","Massey","","","","","","","","","","","","","","","","","","MF 4265 Compacto","","","","","","","","","","15/10/2018 15:09:00","DIEGO.MARQUES","1","","","","","","","","",""
"10546","9401","0","Valtra","","","","","","","","","","","","","","","","","","Série A Fruteiro A750F","","","","","","","","","","26/05/2019 11:45:00","DIEGO.MARQUES","1","","","","","","","","",""
"10547","9401","0","Valtra","","","","","","","","","","","","","","","","","","TR A750E","","","","","","","","","","15/10/2018 15:12:00","DIEGO.MARQUES","1","","","","","","","","",""
"10548","9400","1","","","","","","","","","","","","","","","","","","","Grazmec","","","","","","","","","","16/10/2018 17:04:00","DIEGO.MARQUES","0","0","0","0","0","0","0","0","1","0"
"10569","9400","0","","","","","","","","","","","","","","","","","","","Rugeri","","","","","","","","","","27/11/2018 16:17:00","DIEGO.MARQUES","0","0","0","0","0","0","0","0","1","0"
"10573","9411","0","John Deere","","","","","","","","","","","","","","","","","","PV N4025","","","","","","","","","","10/05/2024 08:25:00","MATHEUS.AUGUSTO","0","","","","","","","","",""
"10574","9400","1","","","","","","","","","","","","","","","","","","","NB Maquinas","","","","","","","","","","17/12/2018 07:27:00","DIEGO.MARQUES","0","0","0","0","0","0","0","0","1","0"
"10577","9401","0","John Deere","","","","","","","","","","","","","","","","","","TR6100E","","","","","","","","","","10/09/2025 08:15:00","MATHEUS.AUGUSTO","0","","","","","","","","",""
"10578","9401","0","John Deere","","","","","","","","","","","","","","","","","","TR5060E","","","","","","","","","","26/12/2018 10:26:00","DIEGO.MARQUES","1","","","","","","","","",""
"10579","9401","0","John Deere","","","","","","","","","","","","","","","","","","TR5060EN","","","","","","","","","","17/05/2020 16:15:00","DIEGO.MARQUES","1","1","","","","","","","",""
"10580","9401","0","John Deere","d) de 70 a 79 CV","","","","","","","","","","","","","","","","","TR5070E","","","","","","","","","","15/01/2025 15:00:00","NETO.PRADO","1","","","","","","","","",""
"10581","9401","0","John Deere","","","","","","","","","","","","","","","","","","5078E MAR I","","","","","","","","","","10/09/2025 08:07:00","MATHEUS.AUGUSTO","0","","","","","","","","",""
"10582","9401","0","John Deere","","","","","","","","","","","","","","","","","","5078E CAB MAR I","","","","","","","","","","10/09/2025 08:07:00","MATHEUS.AUGUSTO","0","","","","","","","","",""
"10583","9401","0","John Deere","","","","","","","","","","","","","","","","","","TR5080E","","","","","","","","","","15/01/2025 15:18:00","NETO.PRADO","1","","","","","","","","",""
"10584","9401","0","John Deere","","","","","","","","","","","","","","","","","","TR5080EN","","","","","","","","","","15/01/2025 15:16:00","NETO.PRADO","1","1","","","","","","","",""
"10585","9401","0","John Deere","","","","","","","","","","","","","","","","","","5090E MAR I","","","","","","","","","","10/09/2025 08:12:00","MATHEUS.AUGUSTO","0","","","","","","","","",""
"10586","9401","0","John Deere","","","","","","","","","","","","","","","","","","5090E CAB MAR I","","","","","","","","","","10/09/2025 08:12:00","MATHEUS.AUGUSTO","0","","","","","","","","",""
"10589","9400","1","","","","","","","","","","","","","","","","","","","Landini","","","","","","","","","","18/02/2019 10:39:00","DIEGO.MARQUES","1","0","0","0","0","0","0","0","0","0"
"10590","9400","1","","","","","","","","","","","","","","","","","","","Landini","","","","","","","","","","18/02/2019 11:42:00","VANESSA.ALVES","1","0","0","0","0","0","0","0","0","0"
"10591","9401","0","Landini","","","","","","","","","","","","","","","","","","Serie 2","","","","","","","","","","18/02/2019 11:43:00","VANESSA.ALVES","1","","","","","","","","",""
"10592","9413","0","","","","","","","","","","","","","","","","","","","Cooxupe","","","","","","","","","","18/02/2019 11:46:00","VANESSA.ALVES","","","","","","","","","",""
"10593","9401","0","Landini","","","","","","","","","","","","","","","","","","Rex","","","","","","","","","","18/02/2019 21:47:00","DIEGO.MARQUES","0","","","","","","","","",""
"10594","9401","0","Landini","","","","","","","","","","","","","","","","","","Brutus Cabinado","","","","","","","","","","18/02/2019 22:06:00","DIEGO.MARQUES","0","","","","","","","","",""
"10595","9401","0","Landini","","","","","","","","","","","","","","","","","","Serie 7","","","","","","","","","","18/02/2019 22:06:00","DIEGO.MARQUES","0","","","","","","","","",""
"10596","9401","0","Landini","","","","","","","","","","","","","","","","","","Brutus","","","","","","","","","","18/02/2019 22:07:00","DIEGO.MARQUES","0","","","","","","","","",""
"10597","9401","0","Landini","","","","","","","","","","","","","","","","","","LandForce","","","","","","","","","","18/02/2019 22:07:00","DIEGO.MARQUES","0","","","","","","","","",""
"10598","9401","0","Landini","","","","","","","","","","","","","","","","","","Landpower","","","","","","","","","","18/02/2019 22:07:00","DIEGO.MARQUES","0","","","","","","","","",""
"10600","9412","0","John Deere","","","","","","","","","","","","","","","","","","PC323F","Atomizador","","","","","","","","","10/09/2025 09:06:00","MATHEUS.AUGUSTO","0","","","","","","","","",""
"10601","9412","0","John Deere","","","","","","","","","","","","","","","","","","PC622A","","","","","","","","","","10/09/2025 09:06:00","MATHEUS.AUGUSTO","0","","","","","","","","",""
"10602","9412","0","John Deere","","","","","","","","","","","","","","","","","","PC625A","","","","","","","","","","10/09/2025 09:05:00","MATHEUS.AUGUSTO","0","","","","","","","","",""
"10603","9412","0","John Deere","","","","","","","","","","","","","","","","","","PC630A","","","","","","","","","","21/02/2019 22:04:00","DIEGO.MARQUES","0","","","","","","","","",""
"10604","9412","0","John Deere","","","","","","","","","","","","","","","","","","PC635A","","","","","","","","","","21/02/2019 22:04:00","DIEGO.MARQUES","0","","","","","","","","",""
"10605","9412","0","John Deere","","","","","","","","","","","","","","","","","","PK360","","","","","","","","","","21/02/2019 22:05:00","DIEGO.MARQUES","0","","","","","","","","",""
"10606","9412","0","John Deere","","","","","","","","","","","","","","","","","","PM606C","","","","","","","","","","10/09/2025 09:12:00","MATHEUS.AUGUSTO","0","","","","","","","","",""
"10607","9412","0","John Deere","","","","","","","","","","","","","","","","","","PC622","","","","","","","","","","21/02/2019 22:07:00","DIEGO.MARQUES","0","","","","","","","","",""
"10608","9412","0","John Deere","","","","","","","","","","","","","","","","","","PM 612C","","","","","","","","","","10/09/2025 09:13:00","MATHEUS.AUGUSTO","1","","","","","","","","",""
"10609","9412","0","John Deere","","","","","","","","","","","","","","","","","","PC 730FD","","","","","","","","","","10/09/2025 08:54:00","MATHEUS.AUGUSTO","0","","","","","","","","",""
"10610","9412","0","John Deere","","","","","","","","","","","","","","","","","","PC319","","","","","","","","","","10/09/2025 09:04:00","MATHEUS.AUGUSTO","0","","","","","","","","",""
"10611","9412","0","John Deere","","","","","","","","","","","","","","","","","","PC319","","","","","","","","","","10/09/2025 09:05:00","MATHEUS.AUGUSTO","0","","","","","","","","",""
"10614","9411","0","John Deere","","","","","","","","","","","","","","","","","","PV M4030","","","","","","","","","","06/03/2025 08:40:00","NETO.PRADO","1","","","","","","","","",""
"10639","9405","0","John Deere","","","","","","","","","","","","","","","","","","S760","","","","","","","","","","06/03/2025 08:26:00","NETO.PRADO","0","","","","","","","","",""
"10640","9405","0","John Deere","Corte molinete","","","","","","","","","","","","","","","","","PC730FD","","","","","","","","","","06/03/2025 08:26:00","NETO.PRADO","0","","","","","","","","",""
"10641","9406","0","John Deere","","","","","","","","","","","","","","","","","","PL 2117-16L","Plantandeira John Deere Serie 2100","","","","","","","","","06/03/2025 08:34:00","NETO.PRADO","1","","","","","","","","",""
"10644","9401","0","Massey","","","","","","","","","","","","","","","","","","MF 7180","","","","","","","","","","10/05/2019 10:54:00","DIEGO.MARQUES","1","","","","","","","","",""
"10652","9400","1","","","","","","","","","","","","","","","","","","","Casale","","","","","","","","","","16/05/2019 12:16:00","DIEGO.MARQUES","0","0","0","0","0","0","0","0","1","0"
"10654","9401","0","John Deere","","","","","","","","","","","","","","","","","","TR5090E CAB PADRAO","","","","","","","","","","10/09/2025 08:15:00","MATHEUS.AUGUSTO","0","","","","","","","","",""
"10655","9401","0","John Deere","","","","","","","","","","","","","","","","","","TR5090E CAB 12x12","","","","","","","","","","15/01/2025 15:21:00","NETO.PRADO","1","","","","","","","","",""
"10656","9411","0","JAN","","","","","","","","","","","","","","","","","","Power Jet","","","","","","","","","","17/05/2019 11:13:00","DIEGO.MARQUES","1","","","","","","","","",""
"10657","9401","0","New Holland","","","","","","","","","","","","","","","","","","TR T6110","","","","","","","","","","17/05/2019 12:37:00","DIEGO.MARQUES","1","","","","","","","","",""
"10660","9401","0","John Deere","","","","","","","","","","","","","","","","","","TR5078E 9x3","","","","","","","","","","22/05/2019 08:38:00","DIEGO.MARQUES","1","","","","","","","","",""
"10661","9401","0","John Deere","","","","","","","","","","","","","","","","","","TR5090E EPC PADRAO","","","","","","","","","","10/09/2025 08:15:00","MATHEUS.AUGUSTO","0","","","","","","","","",""
"10662","9401","0","John Deere","","","","","","","","","","","","","","","","","","TR5060E CAB 9X3","","","","","","","","","","06/03/2025 08:57:00","NETO.PRADO","1","","","","","","","","",""
"10663","9401","0","New Holland","","","","","","","","","","","","","","","","","","T7 175","","","","","","","","","","22/05/2019 14:02:00","DIEGO.MARQUES","1","","","","","","","","",""
"10665","9401","0","New Holland","","","","","","","","","","","","","","","","","","T7 240","","","","","","","","","","23/05/2019 09:15:00","DIEGO.MARQUES","1","","","","","","","","",""
"10666","9401","0","New Holland","","","","","","","","","","","","","","","","","","NH CR7.80","","","","","","","","","","23/05/2019 16:34:00","DIEGO.MARQUES","1","","","","","","","","",""
"10667","9405","0","New Holland","","","","","","","","","","","","","","","","","","CR5.85","","","","","","","","","","23/05/2019 17:15:00","DIEGO.MARQUES","1","","","","","","","","",""
"10668","9405","0","Case","","","","","","","","","","","","","","","","","","Axial Flow 5130","","","","","","","","","","23/05/2019 17:41:00","DIEGO.MARQUES","1","","","","","","","","",""
"10669","9400","1","","","","","","","","","","","","","","","","","","","ANTENOR VERONA","","","","","","","","","","24/05/2019 10:11:00","FELIPE.VIOLIN","0","0","0","0","0","0","0","0","1","0"
"10672","9401","0","New Holland","","","","","","","","","","","","","","","","","","TL95E","","","","","","","","","","26/05/2019 11:23:00","DIEGO.MARQUES","1","","","","","","","","",""
"10673","9401","0","New Holland","","","","","","","","","","","","","","","","","","T4.75V","","","","","","","","","","26/05/2019 11:27:00","DIEGO.MARQUES","1","","","","","","","","",""
"650205","15","0","","","","","","","","","","","","","","","","","","","DMB MAQUINAS E IMPLEM AGRICOLA","SF SUPER CULTIVADOR","IMPLEMENTOS OM","","","","","","","","27/07/2026 07:00:03","Import","","","","","","","","","",""
"650206","15","0","","","","","","","","","","","","","","","","","","","IMPLEMENTOS AGRICOLAS MARISPAN","KIT PA CARREGADEIRA AGRICOLA PHD","IMPLEMENTOS OM","","","","","","","","27/07/2026 07:00:03","Import","","","","","","","","","",""
"650207","15","0","","","","","","","","","","","","","","","","","","","GERALDO N. RECKTENWALD E CIA","CARRETA ARROZEIRA 13.500","IMPLEMENTOS OM","","","","","","","","27/07/2026 07:00:03","Import","","","","","","","","","",""
"650208","15","0","","","","","","","","","","","","","","","","","","","MARCHESAN IMPL E MAQ AGRIC TAT","ARADO SUBSOLADOR COM DESARME AUTOMATICO","IMPLEMENTOS OM","","","","","","","","27/07/2026 07:00:03","Import","","","","","","","","","",""
"650209","15","0","","","","","","","","","","","","","","","","","","","AGRO METHAL INDUSTRIAL LTDA","PLATAFORMA DE MILHO","IMPLEMENTOS OM","","","","","","","","27/07/2026 07:00:03","Import","","","","","","","","","",""
"650210","15","0","","","","","","","","","","","","","","","","","","","JOHN DEERE BRASIL LTDA.","COLHEITADEIRA DE GRAOS 9650 STS","COLHEITADEIRA","","","","","","","","27/07/2026 07:00:03","Import","","","","","","","","","",""
"650211","15","0","","","","","","","","","","","","","","","","","","","ORION TECNOLOGIA E SISTEMAS AG","EQUIPAMENTO ORION TARGET","IMPLEMENTOS OM","","","","","","","","27/07/2026 07:00:03","Import","","","","","","","","","",""
"650212","15","0","","","","","","","","","","","","","","","","","","","VALTRA","TRATOR VALTRA A124H","USADOS","","","","","","","","27/07/2026 07:00:03","Import","","","","","","","","","",""
"650213","15","0","","","","","","","","","","","","","","","","","","","VALTRA","TRATOR AGRICOLA VALTRA 685","USADOS","","","","","","","","27/07/2026 07:00:03","Import","","","","","","","","","",""
"650214","15","0","","","","","","","","","","","","","","","","","","","BALDAN IMPLEMENTOS AGRICOLAS","ARADO SUBSOLADOR COM DESARME E REARME AUTOMATICO","IMPLEMENTOS OM","","","","","","","","27/07/2026 07:00:03","Import","","","","","","","","","",""
"650215","15","0","","","","","","","","","","","","","","","","","","","JOHN DEERE BRASIL LTDA.","TRATOR 8370R (MAR-I)","TRATOR","","","","","","","","27/07/2026 07:00:03","Import","","","","","","","","","",""
"650216","15","0","","","","","","","","","","","","","","","","","","","JOST AGRICULTURE & CONSTRUCTIO","CARREGADEIRA FRONTAL 553NSL _JOY","IMPLEMENTOS OM","","","","","","","","27/07/2026 07:00:03","Import","","","","","","","","","",""
"650217","15","0","","","","","","","","","","","","","","","","","","","KAMAQ MAQUINAS E IMPLEM AGRIC","ROÇADEIRA KDD","IMPLEMENTOS OM","","","","","","","","27/07/2026 07:00:03","Import","","","","","","","","","",""
"650218","15","0","","","","","","","","","","","","","","","","","","","SLC MAQUINAS LTDA","COLHEITADEIRA DE GRAOS SLC 1165","COLHEITADEIRA","","","","","","","","27/07/2026 07:00:03","Import","","","","","","","","","",""
"650219","15","0","","","","","","","","","","","","","","","","","","","MARCHESAN IMPL E MAQ AGRIC TAT","PLANTADEIRA ADUBADEIRA","IMPLEMENTOS OM","","","","","","","","27/07/2026 07:00:03","Import","","","","","","","","","",""
"650220","15","0","","","","","","","","","","","","","","","","","","","DMB MAQUINAS E IMPLEM AGRICOLA","B.F SULCADOR BEIJA-FLOR","IMPLEMENTOS OM","","","","","","","","27/07/2026 07:00:03","Import","","","","","","","","","",""
"650221","15","0","","","","","","","","","","","","","","","","","","","JOHN DEERE BRASIL LTDA.","TRATOR 8295R (MAR-I)","TRATOR","","","","","","","","27/07/2026 07:00:03","Import","","","","","","","","","",""
"650222","15","0","","","","","","","","","","","","","","","","","","","VALTRA","VALTRA BT 190","USADOS","","","","","","","","27/07/2026 07:00:03","Import","","","","","","","","","",""
"650223","15","0","","","","","","","","","","","","","","","","","","","FACCHINI","REBOQUE AGRICOLA BASCULANTE HIDRAULICO 2 EIXOS-6000KG","IMPLEMENTOS OM","","","","","","","","27/07/2026 07:00:03","Import","","","","","","","","","",""
"650224","15","0","","","","","","","","","","","","","","","","","","","KO MAQUINAS AGRICOLAS LTDA","ATOMIZADOR AGRICOLA KO A 1000 CA","IMPLEMENTOS OM","","","","","","","","27/07/2026 07:00:03","Import","","","","","","","","","",""
"650225","15","0","","","","","","","","","","","","","","","","","","","MASSEY FERGUSON","TRATOR AGRICOLA MF 4307","USADOS","","","","","","","","27/07/2026 07:00:03","Import","","","","","","","","","",""
"650226","15","0","","","","","","","","","","","","","","","","","","","NB MAQUINAS LTDA","SEGADEIRA DE DISCOS SDN 210","IMPLEMENTOS OM","","","","","","","","27/07/2026 07:00:03","Import","","","","","","","","","",""
"650227","15","0","","","","","","","","","","","","","","","","","","","CIMAG IND. E COM. DE MAQ. AGR.","ROÇADEIRA CENTRAL LATERAL","IMPLEMENTOS OM","","","","","","","","27/07/2026 07:00:03","Import","","","","","","","","","",""
"650228","15","0","","","","","","","","","","","","","","","","","","","AGRITECH LAVRALE IND MAQ","ENXADA ROTATIVA DESLOCAVEL SUPER FORTE ENCANT. RSFEA-150/6C","IMPLEMENTOS OM","","","","","","","","27/07/2026 07:00:03","Import","","","","","","","","","",""
"650229","15","0","","","","","","","","","","","","","","","","","","","BALDAN IMPLEMENTOS AGRICOLAS","ARADO SUBSOLADOR DESARME AUTOMATICO","IMPLEMENTOS OM","","","","","","","","27/07/2026 07:00:03","Import","","","","","","","","","",""
"650230","15","0","","","","","","","","","","","","","","","","","","","IMEP INDUSTRICA MECANICA POMP","TANQUE CALDA PRONTA ESTACIONARIA","IMPLEMENTOS OM","","","","","","","","27/07/2026 07:00:03","Import","","","","","","","","","",""
"650231","15","0","","","","","","","","","","","","","","","","","","","IMPLEMENTOS AGRICOLAS MARISPAN","PLAINA ENLEIRADORA","IMPLEMENTOS OM","","","","","","","","27/07/2026 07:00:03","Import","","","","","","","","","",""
"650232","15","0","","","","","","","","","","","","","","","","","","","NEW HOLLAND AGRICULTURE","TRATOR AGRIC NEW HOLLAND T6 130","USADOS","","","","","","","","27/07/2026 07:00:03","Import","","","","","","","","","",""
"650233","15","0","","","","","","","","","","","","","","","","","","","SOLLUS MECANIZAÇÃO AGRÍC. LTDA","CARRETA GRANELEIRA ABASTECEDORA DE FERTILIZANTES BAZUKA FLEX","IMPLEMENTOS OM","","","","","","","","27/07/2026 07:00:03","Import","","","","","","","","","",""
"650234","15","0","","","","","","","","","","","","","","","","","","","BALDAN IMPLEMENTOS AGRICOLAS","GRADE NIVELADORA CONTROLE REMOTO","IMPLEMENTOS OM","","","","","","","","27/07/2026 07:00:03","Import","","","","","","","","","",""
"650235","15","0","","","","","","","","","","","","","","","","","","","CASE AGRICULTURE","TRATOR AGRICOLA CASE IH PUMA 200","TRATOR","","","","","","","","27/07/2026 07:00:03","Import","","","","","","","","","",""
"650236","15","0","","","","","","","","","","","","","","","","","","","IKEDA EMPRESARIAL LTDA","ARADO MFD HD","IMPLEMENTOS OM","","","","","","","","27/07/2026 07:00:03","Import","","","","","","","","","",""
"650237","15","0","","","","","","","","","","","","","","","","","","","JOHN DEERE BRASIL LTDA.","TRATOR 5065E JOHN DEERE","TRATOR","","","","","","","","27/07/2026 07:00:03","Import","","","","","","","","","",""
"650238","15","0","","","","","","","","","","","","","","","","","","","JOHN DEERE BRASIL LTDA.","TRATOR JOHN DEERE 5095M","TRATOR","","","","","","","","27/07/2026 07:00:03","Import","","","","","","","","","",""
"650239","15","0","","","","","","","","","","","","","","","","","","","IND AGRO MECANICA PINHEIRO","VAGÃO FORRAGEIRO VP-6 COM PNEUS TANDEM","IMPLEMENTOS OM","","","","","","","","27/07/2026 07:00:03","Import","","","","","","","","","",""
"650240","15","0","","","","","","","","","","","","","","","","","","","INDUTAR TECNO METAL LTDA","ROLO FACA KATRINA 3000","IMPLEMENTOS OM","","","","","","","","27/07/2026 07:00:03","Import","","","","","","","","","",""
"650241","15","0","","","","","","","","","","","","","","","","","","","JOHN DEERE BRASIL LTDA.","TRATOR JOHN DEERE 5600","TRATOR","","","","","","","","27/07/2026 07:00:03","Import","","","","","","","","","",""
"650242","15","0","","","","","","","","","","","","","","","","","","","MARCHESAN IMPL E MAQ AGRIC TAT","ROCADEIRA","IMPLEMENTOS OM","","","","","","","","27/07/2026 07:00:03","Import","","","","","","","","","",""
"650243","15","0","","","","","","","","","","","","","","","","","","","MAQUINAS AGRICOLAS JACTO","PULVERIZADOR AGRICOLA TURBO ATOMIZADOR ARBUS 1000/","IMPLEMENTOS OM","","","","","","","","27/07/2026 07:00:03","Import","","","","","","","","","",""
"650244","15","0","","","","","","","","","","","","","","","","","","","JOHN DEERE BRASIL LTDA.","TRATOR JOHN DEERE - 8400R","TRATOR","","","","","","","","27/07/2026 07:00:03","Import","","","","","","","","","",""
"650245","15","0","","","","","","","","","","","","","","","","","","","AGROLEITE CABINAS AGRICOLAS","CAPOTA AGRICOLA AGROLEITE EN","IMPLEMENTOS OM","","","","","","","","27/07/2026 07:00:03","Import","","","","","","","","","",""
"650246","15","0","","","","","","","","","","","","","","","","","","","CRENLO DO BRASIL ENGENHARIA","CARREGADORA FRONTAL SÉRIE 562SL_VCR","IMPLEMENTOS JD","","","","","","","","27/07/2026 07:00:03","Import","","","","","","","","","",""
"650247","15","0","","","","","","","","","","","","","","","","","","","JOHN DEERE BRASIL LTDA.","JOHN DEERE RATE CONTROLLER 3","AMS","","","","","","","","27/07/2026 07:00:03","Import","","","","","","","","","",""
"650248","15","0","","","","","","","","","","","","","","","","","","","JOHN DEERE BRASIL LTDA.","ESTACAO METEOROLOGICA MOVEL JOHN DEERE","AMS","","","","","","","","27/07/2026 07:00:03","Import","","","","","","","","","",""
"650249","15","0","","","","","","","","","","","","","","","","","","","NB MAQUINAS LTDA","ENSILADEIRA JF50MAX S3 REBOQUE CAIXA","IMPLEMENTOS OM","","","","","","","","27/07/2026 07:00:03","Import","","","","","","","","","",""
"650250","15","0","","","","","","","","","","","","","","","","","","","IPACOL MAQUINAS AGRICOLAS","CARRETA FORRAGEIRA BASCULANTE CFB 5.0 A 14.0","IMPLEMENTOS OM","","","","","","","","27/07/2026 07:00:03","Import","","","","","","","","","",""
"650251","15","0","","","","","","","","","","","","","","","","","","","JOHN DEERE BRASIL LTDA.","PLATAFORMA DE CORTE 0316 JOHN DEERE","PLATAFORMA CORTE","","","","","","","","27/07/2026 07:00:03","Import","","","","","","","","","",""
"650252","15","0","","","","","","","","","","","","","","","","","","","JOHN DEERE BRASIL LTDA.","PLATAFORMA DE CORTE 618 JOHN D","PLATAFORMA CORTE","","","","","","","","27/07/2026 07:00:03","Import","","","","","","","","","",""
"650253","15","0","","","","","","","","","","","","","","","","","","","JOHN DEERE BRASIL LTDA.","PLATAFORMA DE CORTE JOHN DEERE 625F","PLATAFORMA CORTE","","","","","","","","27/07/2026 07:00:03","Import","","","","","","","","","",""
"650254","15","0","","","","","","","","","","","","","","","","","","","JOHN DEERE BRASIL LTDA.","TRATOR 6110J JOHN DEERE","TRATOR","","","","","","","","27/07/2026 07:00:03","Import","","","","","","","","","",""
"650255","15","0","","","","","","","","","","","","","","","","","","","MARCHESAN IMPL E MAQ AGRIC TAT","GUINCHO AGRICOLA TATU GIRATORIO","IMPLEMENTOS OM","","","","","","","","27/07/2026 07:00:03","Import","","","","","","","","","",""
"650256","15","0","","","","","","","","","","","","","","","","","","","JOHN DEERE BRASIL LTDA.","UNIDADE DE CONTROLE AUTOTRAC 300","AMS","","","","","","","","27/07/2026 07:00:03","Import","","","","","","","","","",""
"650257","15","0","","","","","","","","","","","","","","","","","","","JOHN DEERE BRASIL LTDA.","COLHEDORA DE CANA DE ACUCAR JOHN DEERE CH570 - 4.0","COLHEDORA CANA","","","","","","","","27/07/2026 07:00:03","Import","","","","","","","","","",""
"650258","15","0","","","","","","","","","","","","","","","","","","","IMPLEMENTOS AGRICOLAS MARISPAN","CONCHA 1800","IMPLEMENTOS OM","","","","","","","","27/07/2026 07:00:03","Import","","","","","","","","","",""
"650259","15","0","","","","","","","","","","","","","","","","","","","MENTA MAQUINAS AGRICOLAS LTDA","MENTA ATM 1.1","IMPLEMENTOS OM","","","","","","","","27/07/2026 07:00:03","Import","","","","","","","","","",""
"650260","15","0","","","","","","","","","","","","","","","","","","","KTRES IND E COM DE EQUIP AGRIC","PODADEIRA LATERAL PIRAMIDE 2000","IMPLEMENTOS OM","","","","","","","","27/07/2026 07:00:03","Import","","","","","","","","","",""
"650261","15","0","","","","","","","","","","","","","","","","","","","AGRES","RECEPTOR SINAL AGRES","IMPLEMENTOS OM","","","","","","","","27/07/2026 07:00:03","Import","","","","","","","","","",""
"650262","15","0","","","","","","","","","","","","","","","","","","","IMPLEMENTOS AGRICOLAS MARISPAN","PEGADOR DE FENO PCM","IMPLEMENTOS OM","","","","","","","","27/07/2026 07:00:03","Import","","","","","","","","","",""
"650263","15","0","","","","","","","","","","","","","","","","","","","GERALDO N. RECKTENWALD E CIA","GRADE ARADORA GREENSYSTEM","IMPLEMENTOS OM","","","","","","","","27/07/2026 07:00:03","Import","","","","","","","","","",""
"650264","15","0","","","","","","","","","","","","","","","","","","","BALDAN IMPLEMENTOS AGRICOLAS","PLAINA NIVELADORA DE ARRASTO","IMPLEMENTOS OM","","","","","","","","27/07/2026 07:00:03","Import","","","","","","","","","",""
"650265","15","0","","","","","","","","","","","","","","","","","","","BR AGRO MAQUINAS E EQUIPAMENTO","ROCADEIRA 1300","IMPLEMENTOS OM","","","","","","","","27/07/2026 07:00:03","Import","","","","","","","","","",""
"650266","15","0","","","","","","","","","","","","","","","","","","","FIDO CONSTRUTORA MTG.INDS.IMP.","CARRETA AGR TANQUE 6,5M3 KIT BOMB SUP JAT 2 EIXOS","IMPLEMENTOS OM","","","","","","","","27/07/2026 07:00:03","Import","","","","","","","","","",""
"650267","15","0","","","","","","","","","","","","","","","","","","","JOHN DEERE BRASIL LTDA.","COLHEITADEIRA DE GRAO JOHN DEERE S760","COLHEITADEIRA","","","","","","","","27/07/2026 07:00:03","Import","","","","","","","","","",""
"650091","16","0","","","","","","","","","","","","","","","","","","","AGE","AGRES","","","","","","","","","27/07/2026 07:00:03","Import","","","","","","","","","",""
"650092","16","0","","","","","","","","","","","","","","","","","","","SJ","GERALDO N. RECKTENWALD E CIA","","","","","","","","","27/07/2026 07:00:03","Import","","","","","","","","","",""
"650093","16","0","","","","","","","","","","","","","","","","","","","IPA","IPACOL MAQUINAS AGRICOLAS","","","","","","","","","27/07/2026 07:00:03","Import","","","","","","","","","",""
"650094","16","0","","","","","","","","","","","","","","","","","","","ORI","ORION TECNOLOGIA E SISTEMAS AG","","","","","","","","","27/07/2026 07:00:03","Import","","","","","","","","","",""
"650095","16","0","","","","","","","","","","","","","","","","","","","AGM","AGRO METHAL INDUSTRIAL LTDA","","","","","","","","","27/07/2026 07:00:03","Import","","","","","","","","","",""
"650096","16","0","","","","","","","","","","","","","","","","","","","DRS","DRS PULVERIZADORES","","","","","","","","","27/07/2026 07:00:03","Import","","","","","","","","","",""
"650097","16","0","","","","","","","","","","","","","","","","","","","PS","PRO SOLUS DO BRASIL S/A","","","","","","","","","27/07/2026 07:00:03","Import","","","","","","","","","",""
"650098","16","0","","","","","","","","","","","","","","","","","","","FAC","FACCHINI","","","","","","","","","27/07/2026 07:00:03","Import","","","","","","","","","",""
"650099","16","0","","","","","","","","","","","","","","","","","","","BRA","BR AGRO MAQUINAS E EQUIPAMENTO","","","","","","","","","27/07/2026 07:00:03","Import","","","","","","","","","",""
"650100","16","0","","","","","","","","","","","","","","","","","","","IMP","IMPLEMASTER","","","","","","","","","27/07/2026 07:00:03","Import","","","","","","","","","",""
"650101","16","0","","","","","","","","","","","","","","","","","","","REA","REALMAQ MAQUINAS AGRICOLAS","","","","","","","","","27/07/2026 07:00:03","Import","","","","","","","","","",""
"650102","16","0","","","","","","","","","","","","","","","","","","","CAP","CAPRI IND E COM DE MAQ AGRICOL","","","","","","","","","27/07/2026 07:00:03","Import","","","","","","","","","",""
"650103","16","0","","","","","","","","","","","","","","","","","","","JOS","JOST AGRICULTURE & CONSTRUCTIO","","","","","","","","","27/07/2026 07:00:03","Import","","","","","","","","","",""
"650104","16","0","","","","","","","","","","","","","","","","","","","BAC","BACULERE EQUIPAMENTOS SA","","","","","","","","","27/07/2026 07:00:03","Import","","","","","","","","","",""
"650105","16","0","","","","","","","","","","","","","","","","","","","TRI","TRITON MAQUINAS E IMPLEMENTOS","","","","","","","","","27/07/2026 07:00:03","Import","","","","","","","","","",""
"650106","16","0","","","","","","","","","","","","","","","","","","","VLM","VALMET","","","","","","","","","27/07/2026 07:00:03","Import","","","","","","","","","",""
"650107","16","0","","","","","","","","","","","","","","","","","","","ROH","ROHR MAQUINAS LTDA","","","","","","","","","27/07/2026 07:00:03","Import","","","","","","","","","",""
"650108","16","0","","","","","","","","","","","","","","","","","","","SLC","SLC MAQUINAS LTDA","","","","","","","","","27/07/2026 07:00:03","Import","","","","","","","","","",""
"650109","16","0","","","","","","","","","","","","","","","","","","","VEN","INDUST DE IMPLE AGR VENCE TUDO","","","","","","","","","27/07/2026 07:00:03","Import","","","","","","","","","",""
"650110","16","0","","","","","","","","","","","","","","","","","","","NEW","NEW LEADER COM EQUIP AGRIC SER","","","","","","","","","27/07/2026 07:00:03","Import","","","","","","","","","",""
"650111","16","0","","","","","","","","","","","","","","","","","","","USA","USADO","","","","","","","","","27/07/2026 07:00:03","Import","","","","","","","","","",""
"650112","16","0","","","","","","","","","","","","","","","","","","","RUG","RUGERI MEC-RUL S.A","","","","","","","","","27/07/2026 07:00:03","Import","","","","","","","","","",""
"650113","16","0","","","","","","","","","","","","","","","","","","","IME","IMEP INDUSTRICA MECANICA POMP","","","","","","","","","27/07/2026 07:00:03","Import","","","","","","","","","",""
"650114","16","0","","","","","","","","","","","","","","","","","","","GTS","GTS DO BRASIL","","","","","","","","","27/07/2026 07:00:03","Import","","","","","","","","","",""
"650115","16","0","","","","","","","","","","","","","","","","","","","CRE","CRENLO DO BRASIL ENGENHARIA","","","","","","","","","27/07/2026 07:00:03","Import","","","","","","","","","",""
"650116","16","0","","","","","","","","","","","","","","","","","","","HMA","HM AGRONEGOCIOS LTDA","","","","","","","","","27/07/2026 07:00:03","Import","","","","","","","","","",""
"650117","16","0","","","","","","","","","","","","","","","","","","","SWZ","SWZ MÁQUINAS","","","","","","","","","27/07/2026 07:00:03","Import","","","","","","","","","",""
"650118","16","0","","","","","","","","","","","","","","","","","","","HOR","HORSE MACHINEN IMPLEMENTOS AGR","","","","","","","","","27/07/2026 07:00:03","Import","","","","","","","","","",""
"650119","16","0","","","","","","","","","","","","","","","","","","","KOM","KO MAQUINAS AGRICOLAS LTDA","","","","","","","","","27/07/2026 07:00:03","Import","","","","","","","","","",""
"650120","16","0","","","","","","","","","","","","","","","","","","","SIL","METALURGICA MSL LTDA","","","","","","","","","27/07/2026 07:00:03","Import","","","","","","","","","",""
"650121","16","0","","","","","","","","","","","","","","","","","","","HER","HERBICAT LTDA","","","","","","","","","27/07/2026 07:00:03","Import","","","","","","","","","",""
"650122","16","0","","","","","","","","","","","","","","","","","","","MT","MENTA MAQUINAS AGRICOLAS LTDA","","","","","","","","","27/07/2026 07:00:03","Import","","","","","","","","","",""
"650123","16","0","","","","","","","","","","","","","","","","","","","TAD","FABRICA DE IMPLEM AGRIC TADEU","","","","","","","","","27/07/2026 07:00:03","Import","","","","","","","","","",""
"650124","16","0","","","","","","","","","","","","","","","","","","","KBM","KBM EQUIPAMENTOS AGRICOLAS LTD","","","","","","","","","27/07/2026 07:00:03","Import","","","","","","","","","",""
"650125","16","0","","","","","","","","","","","","","","","","","","","NHA","NEW HOLLAND AGRICULTURE","","","","","","","","","27/07/2026 07:00:03","Import","","","","","","","","","",""
"650126","16","0","","","","","","","","","","","","","","","","","","","BMD","BM DUMONT EQUIP AGRICOLAS LTDA","","","","","","","","","27/07/2026 07:00:03","Import","","","","","","","","","",""
"650127","16","0","","","","","","","","","","","","","","","","","","","AND","INDUSTRIA MECANICA ANDRADE","","","","","","","","","27/07/2026 07:00:03","Import","","","","","","","","","",""
"650128","16","0","","","","","","","","","","","","","","","","","","","INC","INCOMAGRI MAQUINAS AGRICOLAS","","","","","","","","","27/07/2026 07:00:03","Import","","","","","","","","","",""
"650129","16","0","","","","","","","","","","","","","","","","","","","PIN","IND AGRO MECANICA PINHEIRO","","","","","","","","","27/07/2026 07:00:03","Import","","","","","","","","","",""
"650130","16","0","","","","","","","","","","","","","","","","","","","RCA","RESENDE & CARVALHO CONSTRUÇÕES","","","","","","","","","27/07/2026 07:00:03","Import","","","","","","","","","",""
"650131","16","0","","","","","","","","","","","","","","","","","","","K3","KTRES IND E COM DE EQUIP AGRIC","","","","","","","","","27/07/2026 07:00:03","Import","","","","","","","","","",""
"650132","16","0","","","","","","","","","","","","","","","","","","","MAR","IMPLEMENTOS AGRICOLAS MARISPAN","","","","","","","","","27/07/2026 07:00:03","Import","","","","","","","","","",""
"650133","16","0","","","","","","","","","","","","","","","","","","","JZ","IMPLEMENTOS AGRICOLAS J.Z LTDA","","","","","","","","","27/07/2026 07:00:03","Import","","","","","","","","","",""
"650134","16","0","","","","","","","","","","","","","","","","","","","SAN","SANTA IZABEL AGRO INDUSTRIA","","","","","","","","","27/07/2026 07:00:03","Import","","","","","","","","","",""
"650135","16","0","","","","","","","","","","","","","","","","","","","TER","TERENCE","","","","","","","","","27/07/2026 07:00:03","Import","","","","","","","","","",""
"650136","16","0","","","","","","","","","","","","","","","","","","","HUS","HUSQVARNA","","","","","","","","","27/07/2026 07:00:03","Import","","","","","","","","","",""
"650137","16","0","","","","","","","","","","","","","","","","","","","IKE","IKEDA EMPRESARIAL LTDA","","","","","","","","","27/07/2026 07:00:03","Import","","","","","","","","","",""
"650138","16","0","","","","","","","","","","","","","","","","","","","AGL","AGRALE","","","","","","","","","27/07/2026 07:00:03","Import","","","","","","","","","",""
"650139","16","0","","","","","","","","","","","","","","","","","","","AGO","AGROMIX AGRICOLA LTDA","","","","","","","","","27/07/2026 07:00:03","Import","","","","","","","","","",""
"650140","16","0","","","","","","","","","","","","","","","","","","","ARA","HARAMAQ IND E COM DE MAQ AGRIC","","","","","","","","","27/07/2026 07:00:03","Import","","","","","","","","","",""
"650141","16","0","","","","","","","","","","","","","","","","","","","BAL","BALDAN IMPLEMENTOS AGRICOLAS","","","","","","","","","27/07/2026 07:00:03","Import","","","","","","","","","",""
"650142","16","0","","","","","","","","","","","","","","","","","","","JD","JOHN DEERE BRASIL LTDA.","","","","","","","","","27/07/2026 07:00:03","Import","","","","","","","","","",""
"650143","16","0","","","","","","","","","","","","","","","","","","","ANT","ANTONIOSI","","","","","","","","","27/07/2026 07:00:03","Import","","","","","","","","","",""
"650144","16","0","","","","","","","","","","","","","","","","","","","MSF","MASSEY FERGUSON","","","","","","","","","27/07/2026 07:00:03","Import","","","","","","","","","",""
"650145","16","0","","","","","","","","","","","","","","","","","","","GTM","GTM TECNOLOGIA EM EQUIPAMENTOS","","","","","","","","","27/07/2026 07:00:03","Import","","","","","","","","","",""
"650146","16","0","","","","","","","","","","","","","","","","","","","KAM","KAMAQ MAQUINAS E IMPLEM AGRIC","","","","","","","","","27/07/2026 07:00:03","Import","","","","","","","","","",""
"650147","16","0","","","","","","","","","","","","","","","","","","","MTL","METALPRIME USINAGEM","","","","","","","","","27/07/2026 07:00:03","Import","","","","","","","","","",""
"650148","16","0","","","","","","","","","","","","","","","","","","","TFM","TRITON FERTILANCE MAQ","","","","","","","","","27/07/2026 07:00:03","Import","","","","","","","","","",""
"650149","16","0","","","","","","","","","","","","","","","","","","","LAV","AGRITECH LAVRALE IND MAQ","","","","","","","","","27/07/2026 07:00:03","Import","","","","","","","","","",""
"650150","16","0","","","","","","","","","","","","","","","","","","","JUM","JUMIL","","","","","","","","","27/07/2026 07:00:03","Import","","","","","","","","","",""
"650151","16","0","","","","","","","","","","","","","","","","","","","MAC","INDUSTRIAS REUNIDAS COLOMBO","","","","","","","","","27/07/2026 07:00:03","Import","","","","","","","","","",""
"650152","16","0","","","","","","","","","","","","","","","","","","","RON","RONDON COM MAQUINAS AGRICOLAS","","","","","","","","","27/07/2026 07:00:03","Import","","","","","","","","","",""
"650153","16","0","","","","","","","","","","","","","","","","","","","OXB","OXBO DO BRASIL EQUIP AGRICOLAS","","","","","","","","","27/07/2026 07:00:03","Import","","","","","","","","","",""
"650154","16","0","","","","","","","","","","","","","","","","","","","CA","CASE AGRICULTURE","","","","","","","","","27/07/2026 07:00:03","Import","","","","","","","","","",""
"650155","16","0","","","","","","","","","","","","","","","","","","","VIC","VICON MAQUINAS AGRICOLAS","","","","","","","","","27/07/2026 07:00:03","Import","","","","","","","","","",""
"650156","16","0","","","","","","","","","","","","","","","","","","","STE","STEELLASER SERVICOS LTDA","","","","","","","","","27/07/2026 07:00:03","Import","","","","","","","","","",""
"650157","16","0","","","","","","","","","","","","","","","","","","","IND","INDUTAR TECNO METAL LTDA","","","","","","","","","27/07/2026 07:00:03","Import","","","","","","","","","",""
"650158","16","0","","","","","","","","","","","","","","","","","","","TAT","MARCHESAN IMPL E MAQ AGRIC TAT","","","","","","","","","27/07/2026 07:00:03","Import","","","","","","","","","",""
"650159","16","0","","","","","","","","","","","","","","","","","","","MCR","PULSAR TECNOLOGIA INDUSTRIA","","","","","","","","","27/07/2026 07:00:03","Import","","","","","","","","","",""
"650160","16","0","","","","","","","","","","","","","","","","","","","CEM","CEMAG CEARA MAQUINAS AGRICOLAS","","","","","","","","","27/07/2026 07:00:03","Import","","","","","","","","","",""
"650161","16","0","","","","","","","","","","","","","","","","","","","FAL","METALURGICA FALLGATTER LTDA","","","","","","","","","27/07/2026 07:00:03","Import","","","","","","","","","",""
"650162","16","0","","","","","","","","","","","","","","","","","","","CIM","CIMAG IND. E COM. DE MAQ. AGR.","","","","","","","","","27/07/2026 07:00:03","Import","","","","","","","","","",""
"650163","16","0","","","","","","","","","","","","","","","","","","","VAL","VALTRA","","","","","","","","","27/07/2026 07:00:03","Import","","","","","","","","","",""
"650164","16","0","","","","","","","","","","","","","","","","","","","FD","FORD MOTOR COMPANY BRASIL LTDA","","","","","","","","","27/07/2026 07:00:03","Import","","","","","","","","","",""
"650165","16","0","","","","","","","","","","","","","","","","","","","JAN","JAN IMPLEMENTOS","","","","","","","","","27/07/2026 07:00:03","Import","","","","","","","","","",""
"650166","16","0","","","","","","","","","","","","","","","","","","","JAC","MAQUINAS AGRICOLAS JACTO","","","","","","","","","27/07/2026 07:00:03","Import","","","","","","","","","",""
"650167","16","0","","","","","","","","","","","","","","","","","","","CAD","CADIOLI IMPLEMENTOS","","","","","","","","","27/07/2026 07:00:03","Import","","","","","","","","","",""
"650168","16","0","","","","","","","","","","","","","","","","","","","MIN","MINAMI IND APARELHOS P/LAVOURA","","","","","","","","","27/07/2026 07:00:03","Import","","","","","","","","","",""
"650169","16","0","","","","","","","","","","","","","","","","","","","LUM","LUMA IMPLEMENTOS AGRICOLAS LTD","","","","","","","","","27/07/2026 07:00:03","Import","","","","","","","","","",""
"650170","16","0","","","","","","","","","","","","","","","","","","","LST","LS TRACTOR","","","","","","","","","27/07/2026 07:00:03","Import","","","","","","","","","",""
"650171","16","0","","","","","","","","","","","","","","","","","","","PIC","PICCIN MAQUINAS AGRICOLAS","","","","","","","","","27/07/2026 07:00:03","Import","","","","","","","","","",""
"650172","16","0","","","","","","","","","","","","","","","","","","","DMB","DMB MAQUINAS E IMPLEM AGRICOLA","","","","","","","","","27/07/2026 07:00:03","Import","","","","","","","","","",""
"650173","16","0","","","","","","","","","","","","","","","","","","","YAN","YANMAR","","","","","","","","","27/07/2026 07:00:03","Import","","","","","","","","","",""
"650174","16","0","","","","","","","","","","","","","","","","","","","TB","TECNICA BALANCA ELETRONICA EIR","","","","","","","","","27/07/2026 07:00:03","Import","","","","","","","","","",""
"650175","16","0","","","","","","","","","","","","","","","","","","","FMC","FABRICA DE MAQUINAS COPLING","","","","","","","","","27/07/2026 07:00:03","Import","","","","","","","","","",""
"650176","16","0","","","","","","","","","","","","","","","","","","","AGR","AGROLEITE CABINAS AGRICOLAS","","","","","","","","","27/07/2026 07:00:03","Import","","","","","","","","","",""
"650177","16","0","","","","","","","","","","","","","","","","","","","SOL","SOLLUS MECANIZAÇÃO AGRÍC. LTDA","","","","","","","","","27/07/2026 07:00:03","Import","","","","","","","","","",""
"650178","16","0","","","","","","","","","","","","","","","","","","","GRO","AGROMA INDUSTRIA COMERCIO","","","","","","","","","27/07/2026 07:00:03","Import","","","","","","","","","",""
"650179","16","0","","","","","","","","","","","","","","","","","","","TUR","IND E COM DE IMPLEMENTOS TURIM","","","","","","","","","27/07/2026 07:00:03","Import","","","","","","","","","",""
"650180","16","0","","","","","","","","","","","","","","","","","","","PLA","PLA MAQUINAS PULV E FERTILIZAD","","","","","","","","","27/07/2026 07:00:03","Import","","","","","","","","","",""
"650181","16","0","","","","","","","","","","","","","","","","","","","FID","FIDO CONSTRUTORA MTG.INDS.IMP.","","","","","","","","","27/07/2026 07:00:03","Import","","","","","","","","","",""
"650182","16","0","","","","","","","","","","","","","","","","","","","CIV","CIVEMASA IMPLEMENTOS AGRICOLA","","","","","","","","","27/07/2026 07:00:03","Import","","","","","","","","","",""
"650183","16","0","","","","","","","","","","","","","","","","","","","NB","NB MAQUINAS LTDA","","","","","","","","","27/07/2026 07:00:03","Import","","","","","","","","","",""
"650184","15","0","","","","","","","","","","","","","","","","","","","FABRICA DE MAQUINAS COPLING","PULVERIZADOR FMCOPLING GULIVER 2000 NA","IMPLEMENTOS OM","","","","","","","","27/07/2026 07:00:03","Import","","","","","","","","","",""
"650185","15","0","","","","","","","","","","","","","","","","","","","JOHN DEERE BRASIL LTDA.","COLHEDORA DE CANA 3522 PNEU MY","COLHEDORA CANA","","","","","","","","27/07/2026 07:00:03","Import","","","","","","","","","",""
"650186","15","0","","","","","","","","","","","","","","","","","","","PICCIN MAQUINAS AGRICOLAS","GUINCHO 2000 RODA LOUCA BIG BAG","IMPLEMENTOS OM","","","","","","","","27/07/2026 07:00:03","Import","","","","","","","","","",""
"650187","15","0","","","","","","","","","","","","","","","","","","","JOHN DEERE BRASIL LTDA.","TRATOR JOHN DEERE 5060E","TRATOR","","","","","","","","27/07/2026 07:00:03","Import","","","","","","","","","",""
"650188","15","0","","","","","","","","","","","","","","","","","","","JOHN DEERE BRASIL LTDA.","TRATOR 7195J JOHN DEERE","TRATOR","","","","","","","","27/07/2026 07:00:03","Import","","","","","","","","","",""
"650189","15","0","","","","","","","","","","","","","","","","","","","ORION TECNOLOGIA E SISTEMAS AG","PULVERIZADOR DE SULCO TS ELETRICO","IMPLEMENTOS OM","","","","","","","","27/07/2026 07:00:03","Import","","","","","","","","","",""
"650190","15","0","","","","","","","","","","","","","","","","","","","GTM TECNOLOGIA EM EQUIPAMENTOS","PODADEIRA BT-3600","IMPLEMENTOS OM","","","","","","","","27/07/2026 07:00:03","Import","","","","","","","","","",""
"650191","15","0","","","","","","","","","","","","","","","","","","","INDUSTRIA MECANICA ANDRADE","TANQUE PARA ABASTECIMENTO","IMPLEMENTOS OM","","","","","","","","27/07/2026 07:00:03","Import","","","","","","","","","",""
"650192","15","0","","","","","","","","","","","","","","","","","","","KO MAQUINAS AGRICOLAS LTDA","KO A CA","IMPLEMENTOS OM","","","","","","","","27/07/2026 07:00:03","Import","","","","","","","","","",""
"650193","15","0","","","","","","","","","","","","","","","","","","","VALTRA","TRATOR AGRICOLA BM135","USADOS","","","","","","","","27/07/2026 07:00:03","Import","","","","","","","","","",""
"650194","15","0","","","","","","","","","","","","","","","","","","","DMB MAQUINAS E IMPLEM AGRICOLA","ENLEIRADOR DE PALHA","IMPLEMENTOS OM","","","","","","","","27/07/2026 07:00:03","Import","","","","","","","","","",""
"650195","15","0","","","","","","","","","","","","","","","","","","","JOHN DEERE BRASIL LTDA.","TRATOR JOHN DEERE 6150M","TRATOR","","","","","","","","27/07/2026 07:00:03","Import","","","","","","","","","",""
"650196","15","0","","","","","","","","","","","","","","","","","","","JOHN DEERE BRASIL LTDA.","PACOTE ESSENCIAL AG PRECISAO G5","AMS","","","","","","","","27/07/2026 07:00:03","Import","","","","","","","","","",""
"650197","15","0","","","","","","","","","","","","","","","","","","","JOHN DEERE BRASIL LTDA.","COLETOR DE AMOSTRAS","IMPLEMENTOS JD","","","","","","","","27/07/2026 07:00:03","Import","","","","","","","","","",""
"650198","15","0","","","","","","","","","","","","","","","","","","","JOHN DEERE BRASIL LTDA.","TRATOR JOHN DEERE 6190M","TRATOR","","","","","","","","27/07/2026 07:00:03","Import","","","","","","","","","",""
"650199","15","0","","","","","","","","","","","","","","","","","","","BACULERE EQUIPAMENTOS SA","CARRETA METAL BASC. ACTON 5000","IMPLEMENTOS OM","","","","","","","","27/07/2026 07:00:03","Import","","","","","","","","","",""
"650200","15","0","","","","","","","","","","","","","","","","","","","JOHN DEERE BRASIL LTDA.","PULVERIZADOR AUTOPROPELIDO 4630","PULVERIZADOR","","","","","","","","27/07/2026 07:00:03","Import","","","","","","","","","",""
"650201","15","0","","","","","","","","","","","","","","","","","","","NEW HOLLAND AGRICULTURE","TRATOR NEW HOLLAND TL 75","TRATOR","","","","","","","","27/07/2026 07:00:03","Import","","","","","","","","","",""
"650202","15","0","","","","","","","","","","","","","","","","","","","MARCHESAN IMPL E MAQ AGRIC TAT","SUBSOLADOR SUPER PESADO TERCEIRO PONTO/ARRASTO","IMPLEMENTOS OM","","","","","","","","27/07/2026 07:00:03","Import","","","","","","","","","",""
"650203","15","0","","","","","","","","","","","","","","","","","","","TERENCE","SEMEADEIRA PARA PASTAGEM","IMPLEMENTOS OM","","","","","","","","27/07/2026 07:00:03","Import","","","","","","","","","",""
"650204","15","0","","","","","","","","","","","","","","","","","","","AGROMIX AGRICOLA LTDA","GRADE DE DISCOS PARA CAFE GRAN - 10 X 18","IMPLEMENTOS OM","","","","","","","","27/07/2026 07:00:03","Import","","","","","","","","","",""
"650268","15","0","","","","","","","","","","","","","","","","","","","PICCIN MAQUINAS AGRICOLAS","DISTRIBUIDOR DE CALCARIO E ADUBO MASTER","IMPLEMENTOS OM","","","","","","","","27/07/2026 07:00:03","Import","","","","","","","","","",""
"650269","15","0","","","","","","","","","","","","","","","","","","","JOHN DEERE BRASIL LTDA.","SEPARADOR DE AMOSTRA","IMPLEMENTOS JD","","","","","","","","27/07/2026 07:00:03","Import","","","","","","","","","",""
"650270","15","0","","","","","","","","","","","","","","","","","","","KAMAQ MAQUINAS E IMPLEM AGRIC","ROÇADEIRA NINJA","IMPLEMENTOS OM","","","","","","","","27/07/2026 07:00:03","Import","","","","","","","","","",""
"650271","15","0","","","","","","","","","","","","","","","","","","","IPACOL MAQUINAS AGRICOLAS","VAGAO FORRAGEIRO MISTURADOR TOMBADOR VF MT 9.0","IMPLEMENTOS OM","","","","","","","","27/07/2026 07:00:03","Import","","","","","","","","","",""
"650272","15","0","","","","","","","","","","","","","","","","","","","JOHN DEERE BRASIL LTDA.","TRATOR JOHN DEERE 8345R","TRATOR","","","","","","","","27/07/2026 07:00:03","Import","","","","","","","","","",""
"650273","15","0","","","","","","","","","","","","","","","","","","","INDUSTRIAS REUNIDAS COLOMBO","RECOLHEDORA, TRILHADORA DE AMENDOIM","IMPLEMENTOS OM","","","","","","","","27/07/2026 07:00:03","Import","","","","","","","","","",""
"650274","15","0","","","","","","","","","","","","","","","","","","","MASSEY FERGUSON","TRATOR AGRICOLA MF7180","USADOS","","","","","","","","27/07/2026 07:00:03","Import","","","","","","","","","",""
"650275","15","0","","","","","","","","","","","","","","","","","","","MASSEY FERGUSON","TRATOR MASSEY FERGUSON 5275","USADOS","","","","","","","","27/07/2026 07:00:03","Import","","","","","","","","","",""
"650276","15","0","","","","","","","","","","","","","","","","","","","AGROLEITE CABINAS AGRICOLAS","CAPOTA AGRICOLA AGROLEITE E","IMPLEMENTOS OM","","","","","","","","27/07/2026 07:00:03","Import","","","","","","","","","",""
"650277","15","0","","","","","","","","","","","","","","","","","","","JOHN DEERE BRASIL LTDA.","COLHEITADEIRA DE GRÃOS JOHN DEERE S780","COLHEITADEIRA","","","","","","","","27/07/2026 07:00:03","Import","","","","","","","","","",""
"650278","15","0","","","","","","","","","","","","","","","","","","","RUGERI MEC-RUL S.A","ENXADA ROTATIVA ER 300 EM","IMPLEMENTOS OM","","","","","","","","27/07/2026 07:00:03","Import","","","","","","","","","",""
"650279","15","0","","","","","","","","","","","","","","","","","","","GERALDO N. RECKTENWALD E CIA","CARRETA GRANELEIRA GRAN SPEED 16500 LTS","IMPLEMENTOS OM","","","","","","","","27/07/2026 07:00:03","Import","","","","","","","","","",""
"650280","15","0","","","","","","","","","","","","","","","","","","","BALDAN IMPLEMENTOS AGRICOLAS","GRADE ARADORA GOLFINHO CONTROLE REMOTO","IMPLEMENTOS OM","","","","","","","","27/07/2026 07:00:03","Import","","","","","","","","","",""
"650281","15","0","","","","","","","","","","","","","","","","","","","JOHN DEERE BRASIL LTDA.","COLHEITADEIRA 1450 GRAOS  JOHN","COLHEITADEIRA","","","","","","","","27/07/2026 07:00:03","Import","","","","","","","","","",""
"650282","15","0","","","","","","","","","","","","","","","","","","","YANMAR","TRATOR AGRITECH 1175-4","TRATOR","","","","","","","","27/07/2026 07:00:03","Import","","","","","","","","","",""
"650283","15","0","","","","","","","","","","","","","","","","","","","HARAMAQ IND E COM DE MAQ AGRIC","VAGAO MISTURADOR AUTOCARREGAVEL","IMPLEMENTOS OM","","","","","","","","27/07/2026 07:00:03","Import","","","","","","","","","",""
"650284","15","0","","","","","","","","","","","","","","","","","","","NEW HOLLAND AGRICULTURE","TRATOR NEW HOLLAND MODELO 7040 TM","USADOS","","","","","","","","27/07/2026 07:00:03","Import","","","","","","","","","",""
"650285","15","0","","","","","","","","","","","","","","","","","","","JOHN DEERE BRASIL LTDA.","JDLINK R MODEM","AMS","","","","","","","","27/07/2026 07:00:03","Import","","","","","","","","","",""
"650286","15","0","","","","","","","","","","","","","","","","","","","LUMA IMPLEMENTOS AGRICOLAS LTD","PODADEIRA LATERAL","IMPLEMENTOS OM","","","","","","","","27/07/2026 07:00:03","Import","","","","","","","","","",""
"650287","15","0","","","","","","","","","","","","","","","","","","","NEW HOLLAND AGRICULTURE","TRATOR NEW HOLLAND TM7010","TRATOR","","","","","","","","27/07/2026 07:00:03","Import","","","","","","","","","",""
"650288","15","0","","","","","","","","","","","","","","","","","","","PICCIN MAQUINAS AGRICOLAS","GRADE NIVELADORA FLUTUANTE GANFPR","IMPLEMENTOS OM","","","","","","","","27/07/2026 07:00:03","Import","","","","","","","","","",""
"650289","15","0","","","","","","","","","","","","","","","","","","","BACULERE EQUIPAMENTOS SA","CARRETA TANQUE","IMPLEMENTOS OM","","","","","","","","27/07/2026 07:00:03","Import","","","","","","","","","",""
"650290","15","0","","","","","","","","","","","","","","","","","","","DMB MAQUINAS E IMPLEM AGRICOLA","ARADO REVERSIVEL HIDRAULICO","IMPLEMENTOS OM","","","","","","","","27/07/2026 07:00:03","Import","","","","","","","","","",""
"650291","15","0","","","","","","","","","","","","","","","","","","","SANTA IZABEL AGRO INDUSTRIA","CARRETA BASCULANTE CBHD 4000","IMPLEMENTOS OM","","","","","","","","27/07/2026 07:00:03","Import","","","","","","","","","",""
"650292","15","0","","","","","","","","","","","","","","","","","","","JOHN DEERE BRASIL LTDA.","CONTROLADOR DE TAXA LIQUIDA GREENSTAR","AMS","","","","","","","","27/07/2026 07:00:03","Import","","","","","","","","","",""
"650293","15","0","","","","","","","","","","","","","","","","","","","TECNICA BALANCA ELETRONICA EIR","BALANÇA ELETRONICA PARA ADAPTAÇÃO EM TRANSBORDO","IMPLEMENTOS OM","","","","","","","","27/07/2026 07:00:03","Import","","","","","","","","","",""
"650294","15","0","","","","","","","","","","","","","","","","","","","JOHN DEERE BRASIL LTDA.","TRATOR 7205J JOHN DEERE","TRATOR","","","","","","","","27/07/2026 07:00:03","Import","","","","","","","","","",""
"650295","15","0","","","","","","","","","","","","","","","","","","","MAQUINAS AGRICOLAS JACTO","PULVERIZADOR AGRICOLA C/ASAS PROTETORAS","IMPLEMENTOS OM","","","","","","","","27/07/2026 07:00:03","Import","","","","","","","","","",""
"650296","15","0","","","","","","","","","","","","","","","","","","","JOHN DEERE BRASIL LTDA.","TRATOR 6180J JOHN DEERE","TRATOR","","","","","","","","27/07/2026 07:00:03","Import","","","","","","","","","",""
"650297","15","0","","","","","","","","","","","","","","","","","","","JOHN DEERE BRASIL LTDA.","PLATAFORMA DE CORTE JOHN DEERE FLEXIVEL DE 14 A 22 PÉS","PLATAFORMA CORTE","","","","","","","","27/07/2026 07:00:03","Import","","","","","","","","","",""
"650298","15","0","","","","","","","","","","","","","","","","","","","SANTA IZABEL AGRO INDUSTRIA","GRADE NIVELADORA ARTICULADA LEVE","IMPLEMENTOS OM","","","","","","","","27/07/2026 07:00:03","Import","","","","","","","","","",""
"650299","15","0","","","","","","","","","","","","","","","","","","","VALTRA","VALTRA BT 170","USADOS","","","","","","","","27/07/2026 07:00:03","Import","","","","","","","","","",""
"650300","15","0","","","","","","","","","","","","","","","","","","","IMPLEMENTOS AGRICOLAS MARISPAN","CONCHA 2,00 PA","IMPLEMENTOS OM","","","","","","","","27/07/2026 07:00:03","Import","","","","","","","","","",""
"650301","15","0","","","","","","","","","","","","","","","","","","","LS TRACTOR","TRATOR AGRÍCOLA R65 - TRAÇÃO 4X4","TRATOR","","","","","","","","27/07/2026 07:00:03","Import","","","","","","","","","",""
"650302","15","0","","","","","","","","","","","","","","","","","","","IMPLEMENTOS AGRICOLAS MARISPAN","KIT PA CARREGADEIRA AGRICOLA SERIE L","IMPLEMENTOS OM","","","","","","","","27/07/2026 07:00:03","Import","","","","","","","","","",""
"650303","15","0","","","","","","","","","","","","","","","","","","","GERALDO N. RECKTENWALD E CIA","CARRETA GRANELEIRA GRAN SPEED 20000","IMPLEMENTOS OM","","","","","","","","27/07/2026 07:00:03","Import","","","","","","","","","",""
"650304","15","0","","","","","","","","","","","","","","","","","","","JOHN DEERE BRASIL LTDA.","PULVERIZADOR AUTOPROPELIDO JOHN DEERE 4730","PULVERIZADOR","","","","","","","","27/07/2026 07:00:03","Import","","","","","","","","","",""
"650305","15","0","","","","","","","","","","","","","","","","","","","JOHN DEERE BRASIL LTDA.","TRATOR JOHN DEERE 8430","TRATOR","","","","","","","","27/07/2026 07:00:03","Import","","","","","","","","","",""
"650306","15","0","","","","","","","","","","","","","","","","","","","VALTRA","TRATOR VALTRA BM100","TRATOR","","","","","","","","27/07/2026 07:00:03","Import","","","","","","","","","",""
"650307","15","0","","","","","","","","","","","","","","","","","","","KO MAQUINAS AGRICOLAS LTDA","KO 2000 PECUARIA PULVERIZADOR AGRÍCOLA","IMPLEMENTOS OM","","","","","","","","27/07/2026 07:00:03","Import","","","","","","","","","",""
"650308","15","0","","","","","","","","","","","","","","","","","","","IMPLEMENTOS AGRICOLAS MARISPAN","GUINCHO P BIG BAG","IMPLEMENTOS OM","","","","","","","","27/07/2026 07:00:03","Import","","","","","","","","","",""
"650309","15","0","","","","","","","","","","","","","","","","","","","FORD MOTOR COMPANY BRASIL LTDA","TRATOR FORD MODELO 5610","USADOS","","","","","","","","27/07/2026 07:00:03","Import","","","","","","","","","",""
"650310","15","0","","","","","","","","","","","","","","","","","","","LS TRACTOR","TRATOR LS U60","USADOS","","","","","","","","27/07/2026 07:00:03","Import","","","","","","","","","",""
"650311","15","0","","","","","","","","","","","","","","","","","","","INDUSTRIAS REUNIDAS COLOMBO","ARRUADOR SOPRADOR DE CAFÉ ASM 2H","IMPLEMENTOS OM","","","","","","","","27/07/2026 07:00:03","Import","","","","","","","","","",""
"650312","15","0","","","","","","","","","","","","","","","","","","","INDUSTRIAS REUNIDAS COLOMBO","MASTER CAFÉ","IMPLEMENTOS OM","","","","","","","","27/07/2026 07:00:03","Import","","","","","","","","","",""
"650313","15","0","","","","","","","","","","","","","","","","","","","IND AGRO MECANICA PINHEIRO","COLHEDEIRA PINHEIRO MAX GOLD PREMIER","IMPLEMENTOS OM","","","","","","","","27/07/2026 07:00:03","Import","","","","","","","","","",""
"650314","15","0","","","","","","","","","","","","","","","","","","","INDUSTRIAS REUNIDAS COLOMBO","RECOLHEDORA TRILHADORA DE CAFÉ","IMPLEMENTOS OM","","","","","","","","27/07/2026 07:00:03","Import","","","","","","","","","",""
"650315","15","0","","","","","","","","","","","","","","","","","","","JOHN DEERE BRASIL LTDA.","MONITOR GS3 2630","AMS","","","","","","","","27/07/2026 07:00:03","Import","","","","","","","","","",""
"650316","15","0","","","","","","","","","","","","","","","","","","","JOHN DEERE BRASIL LTDA.","COLHEITADEIRA S660 GRAOS  JOHN","COLHEITADEIRA","","","","","","","","27/07/2026 07:00:03","Import","","","","","","","","","",""
"650317","15","0","","","","","","","","","","","","","","","","","","","NEW HOLLAND AGRICULTURE","TRATOR NEW HOLLAND TM7040","TRATOR","","","","","","","","27/07/2026 07:00:03","Import","","","","","","","","","",""
"650318","15","0","","","","","","","","","","","","","","","","","","","FIDO CONSTRUTORA MTG.INDS.IMP.","CARRETA AGRICOLA TANQUE 4.200 LT 04 RODAS","IMPLEMENTOS OM","","","","","","","","27/07/2026 07:00:03","Import","","","","","","","","","",""
"650319","15","0","","","","","","","","","","","","","","","","","","","JOHN DEERE BRASIL LTDA.","TRATOR JOHN DEERE 5060EN ESTRE","TRATOR","","","","","","","","27/07/2026 07:00:03","Import","","","","","","","","","",""
"650320","15","0","","","","","","","","","","","","","","","","","","","JOHN DEERE BRASIL LTDA.","TRATOR JOHN DEERE 5105M","TRATOR","","","","","","","","27/07/2026 07:00:03","Import","","","","","","","","","",""
"650321","15","0","","","","","","","","","","","","","","","","","","","JOHN DEERE BRASIL LTDA.","TRATOR JONH DEERE MODELO 5425","TRATOR","","","","","","","","27/07/2026 07:00:03","Import","","","","","","","","","",""
"650322","15","0","","","","","","","","","","","","","","","","","","","MARCHESAN IMPL E MAQ AGRIC TAT","GRADE NIVELADORA CONTROLE REMOTO GNCR","IMPLEMENTOS OM","","","","","","","","27/07/2026 07:00:03","Import","","","","","","","","","",""
"650323","15","0","","","","","","","","","","","","","","","","","","","INDUSTRIAS REUNIDAS COLOMBO","ARRUADOR SOPRADOR SIMPLES DE CAFÉ","IMPLEMENTOS OM","","","","","","","","27/07/2026 07:00:03","Import","","","","","","","","","",""
"650324","15","0","","","","","","","","","","","","","","","","","","","JOHN DEERE BRASIL LTDA.","CARRETA TRANSBORDO","IMPLEMENTOS JD","","","","","","","","27/07/2026 07:00:03","Import","","","","","","","","","",""
"650325","15","0","","","","","","","","","","","","","","","","","","","JOHN DEERE BRASIL LTDA.","TRATOR JOHN DEERE 5075EF","TRATOR","","","","","","","","27/07/2026 07:00:03","Import","","","","","","","","","",""
"650326","15","0","","","","","","","","","","","","","","","","","","","VICON MAQUINAS AGRICOLAS","TRINCHA ECOLOGICA COM ESTEIRA","IMPLEMENTOS OM","","","","","","","","27/07/2026 07:00:03","Import","","","","","","","","","",""
"650327","15","0","","","","","","","","","","","","","","","","","","","JOHN DEERE BRASIL LTDA.","TRATOR 6125E (MAR-I)","TRATOR","","","","","","","","27/07/2026 07:00:03","Import","","","","","","","","","",""
"650328","15","0","","","","","","","","","","","","","","","","","","","BM DUMONT EQUIP AGRICOLAS LTDA","ARRANCADOR E INVERTEDOR DE AMENDOIM 4L PANTOGRAFICO","IMPLEMENTOS OM","","","","","","","","27/07/2026 07:00:03","Import","","","","","","","","","",""
"650329","15","0","","","","","","","","","","","","","","","","","","","JOHN DEERE BRASIL LTDA.","G5 UNIVERSAL DISPLAY","AMS","","","","","","","","27/07/2026 07:00:03","Import","","","","","","","","","",""
"650330","15","0","","","","","","","","","","","","","","","","","","","JOHN DEERE BRASIL LTDA.","PULVERIZADOR AUTOPROPELIDO JOHN DEERE (MAR-I)M4025","PULVERIZADOR","","","","","","","","27/07/2026 07:00:03","Import","","","","","","","","","",""
"650331","15","0","","","","","","","","","","","","","","","","","","","JOHN DEERE BRASIL LTDA.","PLATAFORMA DE CORTE JOHN DEERE FA 20","PLATAFORMA CORTE","","","","","","","","27/07/2026 07:00:03","Import","","","","","","","","","",""
"650363","15","0","","","","","","","","","","","","","","","","","","","ORION TECNOLOGIA E SISTEMAS AG","TANQUE DE INOCULANTE 1600 L COM ISOBUS MODELO FA1600","IMPLEMENTOS OM","","","","","","","","27/07/2026 07:00:04","Import","","","","","","","","","",""
"650364","15","0","","","","","","","","","","","","","","","","","","","REALMAQ MAQUINAS AGRICOLAS","MISTURADOR DE RACAO","IMPLEMENTOS OM","","","","","","","","27/07/2026 07:00:04","Import","","","","","","","","","",""
"650365","15","0","","","","","","","","","","","","","","","","","","","JOHN DEERE BRASIL LTDA.","PACOTE ESSENCIAL AG PRECISAO G5 PLUS","AMS","","","","","","","","27/07/2026 07:00:04","Import","","","","","","","","","",""
"650366","15","0","","","","","","","","","","","","","","","","","","","JOHN DEERE BRASIL LTDA.","COLHEITADEIRA 6200 JOHN DEERE","COLHEITADEIRA","","","","","","","","27/07/2026 07:00:04","Import","","","","","","","","","",""
"650367","15","0","","","","","","","","","","","","","","","","","","","JOHN DEERE BRASIL LTDA.","COLHEITADEIRA 7700 JOHN DEERE","COLHEITADEIRA","","","","","","","","27/07/2026 07:00:04","Import","","","","","","","","","",""
"650368","15","0","","","","","","","","","","","","","","","","","","","MARCHESAN IMPL E MAQ AGRIC TAT","DISTRIBUIDOR DE CALCARIO E COMPOSTO ORGANICO","IMPLEMENTOS OM","","","","","","","","27/07/2026 07:00:04","Import","","","","","","","","","",""
"650369","15","0","","","","","","","","","","","","","","","","","","","MARCHESAN IMPL E MAQ AGRIC TAT","ROÇADEIRA RC2 2600 CL","IMPLEMENTOS OM","","","","","","","","27/07/2026 07:00:04","Import","","","","","","","","","",""
"650370","15","0","","","","","","","","","","","","","","","","","","","JOHN DEERE BRASIL LTDA.","PULVERIZADOR AUTOPROPELIDO JOHN DEERE (MAR-I)M4030","PULVERIZADOR","","","","","","","","27/07/2026 07:00:04","Import","","","","","","","","","",""
"650371","15","0","","","","","","","","","","","","","","","","","","","BACULERE EQUIPAMENTOS SA","CARRETA AGRICOLA GRANELEIRA E ABASTECEDORAS","IMPLEMENTOS OM","","","","","","","","27/07/2026 07:00:04","Import","","","","","","","","","",""
"650372","15","0","","","","","","","","","","","","","","","","","","","JOHN DEERE BRASIL LTDA.","COLHEITADEIRA JOHN DEERE 7515","COLHEITADEIRA","","","","","","","","27/07/2026 07:00:04","Import","","","","","","","","","",""
"650373","15","0","","","","","","","","","","","","","","","","","","","JOHN DEERE BRASIL LTDA.","COLHEITADEIRA DE GRÃOS JOHN DEERE S770","COLHEITADEIRA","","","","","","","","27/07/2026 07:00:04","Import","","","","","","","","","",""
"650374","15","0","","","","","","","","","","","","","","","","","","","JOHN DEERE BRASIL LTDA.","PLATAFORMA DE MILHO 612C - 12","PLATAFORMA MILHO","","","","","","","","27/07/2026 07:00:04","Import","","","","","","","","","",""
"650375","15","0","","","","","","","","","","","","","","","","","","","LUMA IMPLEMENTOS AGRICOLAS LTD","SERRA DECOTADEIRA","IMPLEMENTOS OM","","","","","","","","27/07/2026 07:00:04","Import","","","","","","","","","",""
"650376","15","0","","","","","","","","","","","","","","","","","","","AGROLEITE CABINAS AGRICOLAS","CAPOTA ABERTA STANDARD","IMPLEMENTOS OM","","","","","","","","27/07/2026 07:00:04","Import","","","","","","","","","",""
"650377","15","0","","","","","","","","","","","","","","","","","","","MARCHESAN IMPL E MAQ AGRIC TAT","GUINCHO AGRICOLA GIRATORIO COM BITOLA REGULAVEL","IMPLEMENTOS OM","","","","","","","","27/07/2026 07:00:04","Import","","","","","","","","","",""
"650378","15","0","","","","","","","","","","","","","","","","","","","JOHN DEERE BRASIL LTDA.","RECEPTOR STAR FIRE 3000","USADOS","","","","","","","","27/07/2026 07:00:04","Import","","","","","","","","","",""
"650379","15","0","","","","","","","","","","","","","","","","","","","ORION TECNOLOGIA E SISTEMAS AG","TANQUE INOCULANTE 400L","IMPLEMENTOS OM","","","","","","","","27/07/2026 07:00:04","Import","","","","","","","","","",""
"650380","15","0","","","","","","","","","","","","","","","","","","","DMB MAQUINAS E IMPLEM AGRICOLA","S.F. SUPER CULTIVADOR OSC. C/ HERBI. LIQ.","IMPLEMENTOS OM","","","","","","","","27/07/2026 07:00:04","Import","","","","","","","","","",""
"650381","15","0","","","","","","","","","","","","","","","","","","","JOHN DEERE BRASIL LTDA.","STARFIRE RTK ACTIVATION - SF3000","AMS","","","","","","","","27/07/2026 07:00:04","Import","","","","","","","","","",""
"650382","15","0","","","","","","","","","","","","","","","","","","","KAMAQ MAQUINAS E IMPLEM AGRIC","ROÇADEIRA FALKON","IMPLEMENTOS OM","","","","","","","","27/07/2026 07:00:04","Import","","","","","","","","","",""
"650383","15","0","","","","","","","","","","","","","","","","","","","INDUSTRIAS REUNIDAS COLOMBO","CARRETA TRANSBORDO DE AMENDOIM","IMPLEMENTOS OM","","","","","","","","27/07/2026 07:00:04","Import","","","","","","","","","",""
"650384","15","0","","","","","","","","","","","","","","","","","","","SLC MAQUINAS LTDA","PLATAFORMA DE CORTE SLC 314F","PLATAFORMA CORTE","","","","","","","","27/07/2026 07:00:04","Import","","","","","","","","","",""
"650385","15","0","","","","","","","","","","","","","","","","","","","MASSEY FERGUSON","TRATOR AGRICOLA MASSEY FERGUSON MOD MF 680","USADOS","","","","","","","","27/07/2026 07:00:04","Import","","","","","","","","","",""
"650386","15","0","","","","","","","","","","","","","","","","","","","JOHN DEERE BRASIL LTDA.","TRATOR JOHN DEERE 6115J (MAR-I)","TRATOR","","","","","","","","27/07/2026 07:00:04","Import","","","","","","","","","",""
"650387","15","0","","","","","","","","","","","","","","","","","","","KO MAQUINAS AGRICOLAS LTDA","ATOMIZADOR AGRÍCOLA CANHÃO COM TANQUE","IMPLEMENTOS OM","","","","","","","","27/07/2026 07:00:04","Import","","","","","","","","","",""
"650388","15","0","","","","","","","","","","","","","","","","","","","PLA MAQUINAS PULV E FERTILIZAD","PULVERIZADOR AUTOPROPELIDO PLA 125J","PULVERIZADOR","","","","","","","","27/07/2026 07:00:04","Import","","","","","","","","","",""
"650389","15","0","","","","","","","","","","","","","","","","","","","JOHN DEERE BRASIL LTDA.","GATOR XU -V865M BTO","GATOR","","","","","","","","27/07/2026 07:00:04","Import","","","","","","","","","",""
"650390","15","0","","","","","","","","","","","","","","","","","","","MASSEY FERGUSON","TRATOR MASSEY FERGUSON MF 7318","USADOS","","","","","","","","27/07/2026 07:00:04","Import","","","","","","","","","",""
"650391","15","0","","","","","","","","","","","","","","","","","","","MASSEY FERGUSON","TRATOR MASSEY FERGUSON 275","TRATOR","","","","","","","","27/07/2026 07:00:04","Import","","","","","","","","","",""
"650392","15","0","","","","","","","","","","","","","","","","","","","SWZ MÁQUINAS","MAQUINA RECOLHEDORA E ABANADORA DE CAFÉ GAFANHOTO CGTH","USADOS","","","","","","","","27/07/2026 07:00:04","Import","","","","","","","","","",""
"650393","15","0","","","","","","","","","","","","","","","","","","","MARCHESAN IMPL E MAQ AGRIC TAT","PLANTADEIRA","IMPLEMENTOS OM","","","","","","","","27/07/2026 07:00:04","Import","","","","","","","","","",""
"650394","15","0","","","","","","","","","","","","","","","","","","","VALTRA","TRATOR AGRICOLA MODELO BM125","USADOS","","","","","","","","27/07/2026 07:00:04","Import","","","","","","","","","",""
"650395","15","0","","","","","","","","","","","","","","","","","","","NEW HOLLAND AGRICULTURE","TRATOR AGRÍCOLA NEW HOLLAND TL75E","TRATOR","","","","","","","","27/07/2026 07:00:04","Import","","","","","","","","","",""
"650396","15","0","","","","","","","","","","","","","","","","","","","GERALDO N. RECKTENWALD E CIA","GUINCHO 2000 KG","IMPLEMENTOS OM","","","","","","","","27/07/2026 07:00:04","Import","","","","","","","","","",""
"650397","15","0","","","","","","","","","","","","","","","","","","","BALDAN IMPLEMENTOS AGRICOLAS","ROCADEIRA HIDRAULICA C/TRANSM DIRETA1700 MOD:RD 1700/0610","IMPLEMENTOS OM","","","","","","","","27/07/2026 07:00:04","Import","","","","","","","","","",""
"650398","15","0","","","","","","","","","","","","","","","","","","","MAQUINAS AGRICOLAS JACTO","KTRIC GRANEL ANGULAR 2000","IMPLEMENTOS OM","","","","","","","","27/07/2026 07:00:04","Import","","","","","","","","","",""
"650399","15","0","","","","","","","","","","","","","","","","","","","JOHN DEERE BRASIL LTDA.","COLHEITADEIRA S430","COLHEITADEIRA","","","","","","","","27/07/2026 07:00:04","Import","","","","","","","","","",""
"650400","15","0","","","","","","","","","","","","","","","","","","","KAMAQ MAQUINAS E IMPLEM AGRIC","ROÇADEIRA SAMURAI SR ROCADEIRA SAMURAI","IMPLEMENTOS OM","","","","","","","","27/07/2026 07:00:04","Import","","","","","","","","","",""
"650401","15","0","","","","","","","","","","","","","","","","","","","REALMAQ MAQUINAS AGRICOLAS","VAGAO FORRAGEIRO MODELO VFR 5000","IMPLEMENTOS OM","","","","","","","","27/07/2026 07:00:04","Import","","","","","","","","","",""
"650402","15","0","","","","","","","","","","","","","","","","","","","BALDAN IMPLEMENTOS AGRICOLAS","GRADE SUPER PESADA TUBARAO CONTROLE REMOTO","IMPLEMENTOS OM","","","","","","","","27/07/2026 07:00:04","Import","","","","","","","","","",""
"650403","15","0","","","","","","","","","","","","","","","","","","","BALDAN IMPLEMENTOS AGRICOLAS","PLANTADORA DE PRECISAO","IMPLEMENTOS OM","","","","","","","","27/07/2026 07:00:04","Import","","","","","","","","","",""
"650404","15","0","","","","","","","","","","","","","","","","","","","HERBICAT LTDA","BARRA DE HERBICIDA","IMPLEMENTOS OM","","","","","","","","27/07/2026 07:00:04","Import","","","","","","","","","",""
"650405","15","0","","","","","","","","","","","","","","","","","","","JOHN DEERE BRASIL LTDA.","PV 4025","PULVERIZADOR","","","","","","","","27/07/2026 07:00:04","Import","","","","","","","","","",""
"650406","15","0","","","","","","","","","","","","","","","","","","","MARCHESAN IMPL E MAQ AGRIC TAT","PLAINA TRASEIRA","IMPLEMENTOS OM","","","","","","","","27/07/2026 07:00:04","Import","","","","","","","","","",""
"650407","15","0","","","","","","","","","","","","","","","","","","","MARCHESAN IMPL E MAQ AGRIC TAT","DISTRIBUIDOR DE CALCARIO E ADUBO DCA2 7500MC","IMPLEMENTOS OM","","","","","","","","27/07/2026 07:00:04","Import","","","","","","","","","",""
"650408","15","0","","","","","","","","","","","","","","","","","","","HM AGRONEGOCIOS LTDA","GRADE DE DISCOS PARA CAFE","IMPLEMENTOS OM","","","","","","","","27/07/2026 07:00:04","Import","","","","","","","","","",""
"650409","15","0","","","","","","","","","","","","","","","","","","","NEW HOLLAND AGRICULTURE","TRATOR NEW HOLLAND T6120","TRATOR","","","","","","","","27/07/2026 07:00:04","Import","","","","","","","","","",""
"650410","15","0","","","","","","","","","","","","","","","","","","","JOHN DEERE BRASIL LTDA.","MOTOR 6090HNW04 - PTP  (CH570)","MOTORES","","","","","","","","27/07/2026 07:00:04","Import","","","","","","","","","",""
"650411","15","0","","","","","","","","","","","","","","","","","","","INCOMAGRI MAQUINAS AGRICOLAS","SEMEADEIRA ADUBADEIRA CENTRIFUGA","IMPLEMENTOS OM","","","","","","","","27/07/2026 07:00:04","Import","","","","","","","","","",""
"650412","15","0","","","","","","","","","","","","","","","","","","","JOHN DEERE BRASIL LTDA.","COLHEITADEIRA 9670STS GRAOS JO","COLHEITADEIRA","","","","","","","","27/07/2026 07:00:04","Import","","","","","","","","","",""
"650413","15","0","","","","","","","","","","","","","","","","","","","SANTA IZABEL AGRO INDUSTRIA","TRANSBORDO DE GRAOS","IMPLEMENTOS OM","","","","","","","","27/07/2026 07:00:04","Import","","","","","","","","","",""
"650414","15","0","","","","","","","","","","","","","","","","","","","VALMET","TRATOR AGR VALMET 785","TRATOR","","","","","","","","27/07/2026 07:00:04","Import","","","","","","","","","",""
"650415","15","0","","","","","","","","","","","","","","","","","","","FABRICA DE IMPLEM AGRIC TADEU","CARRETA AGRICOLA PARA TRANSPORTE DE PLATAFORMA","IMPLEMENTOS OM","","","","","","","","27/07/2026 07:00:04","Import","","","","","","","","","",""
"650416","15","0","","","","","","","","","","","","","","","","","","","DMB MAQUINAS E IMPLEM AGRICOLA","P.O.I. COBRIDOR","IMPLEMENTOS OM","","","","","","","","27/07/2026 07:00:04","Import","","","","","","","","","",""
"650417","15","0","","","","","","","","","","","","","","","","","","","METALURGICA FALLGATTER LTDA","BH1112G - GUINCHO BIG-BAG GREENSYSTEM","IMPLEMENTOS JD","","","","","","","","27/07/2026 07:00:04","Import","","","","","","","","","",""
"650418","15","0","","","","","","","","","","","","","","","","","","","FABRICA DE MAQUINAS COPLING","PULVERIZADOR FMCOPLING GULIVER 4000 BILATERAL","IMPLEMENTOS OM","","","","","","","","27/07/2026 07:00:04","Import","","","","","","","","","",""
"650419","15","0","","","","","","","","","","","","","","","","","","","JOHN DEERE BRASIL LTDA.","JOHN DEERE SECTION CONTROL","AMS","","","","","","","","27/07/2026 07:00:04","Import","","","","","","","","","",""
"650420","15","0","","","","","","","","","","","","","","","","","","","JOST AGRICULTURE & CONSTRUCTIO","CARREGADEIRA FRONTAL 563SL_JOY","IMPLEMENTOS OM","","","","","","","","27/07/2026 07:00:04","Import","","","","","","","","","",""
"650421","15","0","","","","","","","","","","","","","","","","","","","INDUSTRIAS REUNIDAS COLOMBO","ARRANCADOR DE AMENDOIM","IMPLEMENTOS OM","","","","","","","","27/07/2026 07:00:04","Import","","","","","","","","","",""
"650422","15","0","","","","","","","","","","","","","","","","","","","OXBO DO BRASIL EQUIP AGRICOLAS","OXBO - 9240","COLHEDORA DE CAFÉ","","","","","","","","27/07/2026 07:00:04","Import","","","","","","","","","",""
"650423","15","0","","","","","","","","","","","","","","","","","","","GTM TECNOLOGIA EM EQUIPAMENTOS","TRITURADOR HIDRAULICO SP 160","IMPLEMENTOS OM","","","","","","","","27/07/2026 07:00:04","Import","","","","","","","","","",""
"650424","15","0","","","","","","","","","","","","","","","","","","","OXBO DO BRASIL EQUIP AGRICOLAS","OXBO  9220","COLHEDORA DE CAFÉ","","","","","","","","27/07/2026 07:00:04","Import","","","","","","","","","",""
"650425","15","0","","","","","","","","","","","","","","","","","","","RESENDE & CARVALHO CONSTRUÇÕES","PA TRASEIRA HIDRAULICA","IMPLEMENTOS OM","","","","","","","","27/07/2026 07:00:04","Import","","","","","","","","","",""
"650426","15","0","","","","","","","","","","","","","","","","","","","VALTRA","TRATOR AGRICOLA BF75","USADOS","","","","","","","","27/07/2026 07:00:04","Import","","","","","","","","","",""
"650427","15","0","","","","","","","","","","","","","","","","","","","VALTRA","TRATOR VALTRA MODELO 880","TRATOR","","","","","","","","27/07/2026 07:00:04","Import","","","","","","","","","",""
"650428","15","0","","","","","","","","","","","","","","","","","","","IKEDA EMPRESARIAL LTDA","ARADO MONTADO FIXO HD","IMPLEMENTOS OM","","","","","","","","27/07/2026 07:00:04","Import","","","","","","","","","",""
"650429","15","0","","","","","","","","","","","","","","","","","","","GTM TECNOLOGIA EM EQUIPAMENTOS","TRITURADOR FLORESTAL INTERMADIARIO TFI-1600","IMPLEMENTOS OM","","","","","","","","27/07/2026 07:00:04","Import","","","","","","","","","",""
"650430","15","0","","","","","","","","","","","","","","","","","","","MARCHESAN IMPL E MAQ AGRIC TAT","PERFURADOR DE SOLO","IMPLEMENTOS OM","","","","","","","","27/07/2026 07:00:04","Import","","","","","","","","","",""
"650431","15","0","","","","","","","","","","","","","","","","","","","AGROMA INDUSTRIA COMERCIO","ATOMIZADOR AGRO TURBO 2000 ELEVADO C/ COMANDO 2 VIAS ELEVADO","IMPLEMENTOS OM","","","","","","","","27/07/2026 07:00:04","Import","","","","","","","","","",""
"650432","15","0","","","","","","","","","","","","","","","","","","","JOHN DEERE BRASIL LTDA.","JDLINK 4G MTG GS","AMS","","","","","","","","27/07/2026 07:00:04","Import","","","","","","","","","",""
"650433","15","0","","","","","","","","","","","","","","","","","","","JOHN DEERE BRASIL LTDA.","COLHEITADEIRA 9770STS GRAOS JO","COLHEITADEIRA","","","","","","","","27/07/2026 07:00:04","Import","","","","","","","","","",""
"650434","15","0","","","","","","","","","","","","","","","","","","","SANTA IZABEL AGRO INDUSTRIA","GRADE ARADORA SI","IMPLEMENTOS OM","","","","","","","","27/07/2026 07:00:04","Import","","","","","","","","","",""
"650435","15","0","","","","","","","","","","","","","","","","","","","GERALDO N. RECKTENWALD E CIA","CARRETA GRANELEIRA","IMPLEMENTOS OM","","","","","","","","27/07/2026 07:00:04","Import","","","","","","","","","",""
"650436","15","0","","","","","","","","","","","","","","","","","","","AGROLEITE CABINAS AGRICOLAS","CABINE STANDARD","IMPLEMENTOS OM","","","","","","","","27/07/2026 07:00:04","Import","","","","","","","","","",""
"650437","15","0","","","","","","","","","","","","","","","","","","","HUSQVARNA","TRATOR DE JARDIM 2042 TWIN M","USADOS","","","","","","","","27/07/2026 07:00:04","Import","","","","","","","","","",""
"650438","15","0","","","","","","","","","","","","","","","","","","","JOHN DEERE BRASIL LTDA.","GEN 4 4240 UNIVERSAL AUTOTRAC ACTIVATION","AMS","","","","","","","","27/07/2026 07:00:04","Import","","","","","","","","","",""
"650439","15","0","","","","","","","","","","","","","","","","","","","SLC MAQUINAS LTDA","PLATAFORMA DE MILHO","IMPLEMENTOS OM","","","","","","","","27/07/2026 07:00:04","Import","","","","","","","","","",""
"650440","15","0","","","","","","","","","","","","","","","","","","","JOHN DEERE BRASIL LTDA.","COLHEDORA DE ALGODAO JOHN DEERE 7760","COLHEDORA ALGODAO","","","","","","","","27/07/2026 07:00:04","Import","","","","","","","","","",""
"650441","15","0","","","","","","","","","","","","","","","","","","","JOHN DEERE BRASIL LTDA.","TRATOR JOHN DEERE 7230J","TRATOR","","","","","","","","27/07/2026 07:00:04","Import","","","","","","","","","",""
"650442","15","0","","","","","","","","","","","","","","","","","","","MASSEY FERGUSON","TRATOR AGRICOLA MASSEY FERGUSON MF 7140","USADOS","","","","","","","","27/07/2026 07:00:04","Import","","","","","","","","","",""
"650443","15","0","","","","","","","","","","","","","","","","","","","CEMAG CEARA MAQUINAS AGRICOLAS","CARRETA AGRICOLA CBHM 6000","IMPLEMENTOS OM","","","","","","","","27/07/2026 07:00:04","Import","","","","","","","","","",""
"650444","15","0","","","","","","","","","","","","","","","","","","","DMB MAQUINAS E IMPLEM AGRICOLA","DESENLEIRADOR DE PALHA","IMPLEMENTOS OM","","","","","","","","27/07/2026 07:00:04","Import","","","","","","","","","",""
"650445","15","0","","","","","","","","","","","","","","","","","","","JOHN DEERE BRASIL LTDA.","NON-JOHN DEERE GUIDANCE COMPATIBILITY ACTIVATION","AMS","","","","","","","","27/07/2026 07:00:04","Import","","","","","","","","","",""
"650446","15","0","","","","","","","","","","","","","","","","","","","JOHN DEERE BRASIL LTDA.","CANE ADVISOR","AMS","","","","","","","","27/07/2026 07:00:04","Import","","","","","","","","","",""
"650447","15","0","","","","","","","","","","","","","","","","","","","LS TRACTOR","TRATOR LS P80C","TRATOR","","","","","","","","27/07/2026 07:00:04","Import","","","","","","","","","",""
"650448","15","0","","","","","","","","","","","","","","","","","","","RESENDE & CARVALHO CONSTRUÇÕES","PERFURADOR DE SOLO COM BROCAS","IMPLEMENTOS OM","","","","","","","","27/07/2026 07:00:04","Import","","","","","","","","","",""
"650449","15","0","","","","","","","","","","","","","","","","","","","VALTRA","TRATOR AGRIGOLA VALTRA A850 4X4","TRATOR","","","","","","","","27/07/2026 07:00:04","Import","","","","","","","","","",""
"650450","15","0","","","","","","","","","","","","","","","","","","","AGROMIX AGRICOLA LTDA","COLHEDORA DE FORRAGEM","IMPLEMENTOS OM","","","","","","","","27/07/2026 07:00:04","Import","","","","","","","","","",""
"650451","15","0","","","","","","","","","","","","","","","","","","","DMB MAQUINAS E IMPLEM AGRICOLA","B.F SULCADOR BEIJA-FLOR /  C/ ADUB. LATAO 2L","IMPLEMENTOS OM","","","","","","","","27/07/2026 07:00:04","Import","","","","","","","","","",""
"650452","15","0","","","","","","","","","","","","","","","","","","","JOHN DEERE BRASIL LTDA.","COLHEDORA DE CANA CH950 (MAR-I)","COLHEDORA CANA","","","","","","","","27/07/2026 07:00:04","Import","","","","","","","","","",""
"650453","15","0","","","","","","","","","","","","","","","","","","","JOST AGRICULTURE & CONSTRUCTIO","CARREGADEIRA FRONTAL 553","IMPLEMENTOS JD","","","","","","","","27/07/2026 07:00:04","Import","","","","","","","","","",""
"650454","15","0","","","","","","","","","","","","","","","","","","","IMPLEMENTOS AGRICOLAS J.Z LTDA","ROCADEIRA HIDRAULICA TRANS. DIRETA","IMPLEMENTOS OM","","","","","","","","27/07/2026 07:00:04","Import","","","","","","","","","",""
"650455","15","0","","","","","","","","","","","","","","","","","","","MARCHESAN IMPL E MAQ AGRIC TAT","COMPOSTADOR DE RESIDUOS ORGANICOS CRO","IMPLEMENTOS OM","","","","","","","","27/07/2026 07:00:04","Import","","","","","","","","","",""
"650456","15","0","","","","","","","","","","","","","","","","","","","JOHN DEERE BRASIL LTDA.","PLATAFORMA DE CORTE JOHN DEERE 30 PES","PLATAFORMA CORTE","","","","","","","","27/07/2026 07:00:04","Import","","","","","","","","","",""
"650457","15","0","","","","","","","","","","","","","","","","","","","JOHN DEERE BRASIL LTDA.","TRATOR JOHN DEERE 6170J (MAR-I)","TRATOR","","","","","","","","27/07/2026 07:00:04","Import","","","","","","","","","",""
"650458","15","0","","","","","","","","","","","","","","","","","","","FORD MOTOR COMPANY BRASIL LTDA","CARGO 3133","USADOS","","","","","","","","27/07/2026 07:00:04","Import","","","","","","","","","",""
"650459","15","0","","","","","","","","","","","","","","","","","","","MARCHESAN IMPL E MAQ AGRIC TAT","ARADO DE AIVECAS HELICOIDAIS","IMPLEMENTOS OM","","","","","","","","27/07/2026 07:00:04","Import","","","","","","","","","",""
"650460","15","0","","","","","","","","","","","","","","","","","","","JUMIL","PLANTADEIRA ADUBADORA 4 LINHAS","IMPLEMENTOS OM","","","","","","","","27/07/2026 07:00:04","Import","","","","","","","","","",""
"650461","15","0","","","","","","","","","","","","","","","","","","","IMPLEMENTOS AGRICOLAS MARISPAN","SUPORTE PARA PALETE PCM","IMPLEMENTOS OM","","","","","","","","27/07/2026 07:00:04","Import","","","","","","","","","",""
"650462","15","0","","","","","","","","","","","","","","","","","","","BACULERE EQUIPAMENTOS SA","CARRETA METAL BASC. ACTON","IMPLEMENTOS OM","","","","","","","","27/07/2026 07:00:04","Import","","","","","","","","","",""
"650463","15","0","","","","","","","","","","","","","","","","","","","KO MAQUINAS AGRICOLAS LTDA","PULVERIZADOR AGRÍCOLA PV1006","IMPLEMENTOS JD","","","","","","","","27/07/2026 07:00:04","Import","","","","","","","","","",""
"650464","15","0","","","","","","","","","","","","","","","","","","","NEW HOLLAND AGRICULTURE","TRATOR NEW HOLLAND TS110","USADOS","","","","","","","","27/07/2026 07:00:04","Import","","","","","","","","","",""
"650465","15","0","","","","","","","","","","","","","","","","","","","BACULERE EQUIPAMENTOS SA","CARRETA AGRICOLA SEMI GRANELEIRA ACTON 4000","IMPLEMENTOS OM","","","","","","","","27/07/2026 07:00:04","Import","","","","","","","","","",""
"650466","15","0","","","","","","","","","","","","","","","","","","","BALDAN IMPLEMENTOS AGRICOLAS","ARADO SUBSOLADOR 05 HASTES","IMPLEMENTOS OM","","","","","","","","27/07/2026 07:00:04","Import","","","","","","","","","",""
"650467","15","0","","","","","","","","","","","","","","","","","","","LUMA IMPLEMENTOS AGRICOLAS LTD","SERRA DECOTADEIRA DUPLA","IMPLEMENTOS OM","","","","","","","","27/07/2026 07:00:04","Import","","","","","","","","","",""
"650468","15","0","","","","","","","","","","","","","","","","","","","USADO","CAMINHAO FURGAO VOLKSWAGEN V W 7.110S","USADOS","","","","","","","","27/07/2026 07:00:04","Import","","","","","","","","","",""
"650469","15","0","","","","","","","","","","","","","","","","","","","JOHN DEERE BRASIL LTDA.","TRATOR 6110E JOHN DEERE","TRATOR","","","","","","","","27/07/2026 07:00:04","Import","","","","","","","","","",""
"650470","15","0","","","","","","","","","","","","","","","","","","","JOHN DEERE BRASIL LTDA.","TRATOR 8270R (MAR-I)","TRATOR","","","","","","","","27/07/2026 07:00:04","Import","","","","","","","","","",""
"650471","15","0","","","","","","","","","","","","","","","","","","","SOLLUS MECANIZAÇÃO AGRÍC. LTDA","CARRETA GRANELEIRA ARROZEIRA BAZUKA 15.0 AR","IMPLEMENTOS OM","","","","","","","","27/07/2026 07:00:04","Import","","","","","","","","","",""
"650472","15","0","","","","","","","","","","","","","","","","","","","MARCHESAN IMPL E MAQ AGRIC TAT","SUPER GRADE ARADORA PESADA COM PNEUS","IMPLEMENTOS OM","","","","","","","","27/07/2026 07:00:04","Import","","","","","","","","","",""
"650473","15","0","","","","","","","","","","","","","","","","","","","JOHN DEERE BRASIL LTDA.","TRATOR 7505 JOHN DEERE","TRATOR","","","","","","","","27/07/2026 07:00:04","Import","","","","","","","","","",""
"650474","15","0","","","","","","","","","","","","","","","","","","","NEW HOLLAND AGRICULTURE","TRATOR AGRICOLA TM180","USADOS","","","","","","","","27/07/2026 07:00:04","Import","","","","","","","","","",""
"650475","15","0","","","","","","","","","","","","","","","","","","","PRO SOLUS DO BRASIL S/A","KIT MONITOR S PSX","IMPLEMENTOS OM","","","","","","","","27/07/2026 07:00:04","Import","","","","","","","","","",""
"650476","15","0","","","","","","","","","","","","","","","","","","","JOHN DEERE BRASIL LTDA.","PLATAFORMA JOHN DEERE 730 FD","PLATAFORMA CORTE","","","","","","","","27/07/2026 07:00:04","Import","","","","","","","","","",""
"650477","15","0","","","","","","","","","","","","","","","","","","","IMPLEMENTOS AGRICOLAS MARISPAN","SUPORTE AGRICOLA P/ BIG BAG","IMPLEMENTOS OM","","","","","","","","27/07/2026 07:00:04","Import","","","","","","","","","",""
"650478","15","0","","","","","","","","","","","","","","","","","","","METALURGICA MSL LTDA","CAIXA LONGITUDINAL DE SEMENTES","IMPLEMENTOS OM","","","","","","","","27/07/2026 07:00:04","Import","","","","","","","","","",""
"650479","15","0","","","","","","","","","","","","","","","","","","","GERALDO N. RECKTENWALD E CIA","PLATAFORMA FIXA 1,00X1,70X0,40/1,00X1,50X0,40/1,00X1,30X0,40","IMPLEMENTOS OM","","","","","","","","27/07/2026 07:00:04","Import","","","","","","","","","",""
"650480","15","0","","","","","","","","","","","","","","","","","","","JOHN DEERE BRASIL LTDA.","TRATOR JOHN DEERE 7M230","TRATOR","","","","","","","","27/07/2026 07:00:04","Import","","","","","","","","","",""
"650481","15","0","","","","","","","","","","","","","","","","","","","VALTRA","TRATOR VALTRA BF 65","TRATOR","","","","","","","","27/07/2026 07:00:04","Import","","","","","","","","","",""
"650482","15","0","","","","","","","","","","","","","","","","","","","JOHN DEERE BRASIL LTDA.","COLHEITADEIRA 1470 GRAOS  JOHN","COLHEITADEIRA","","","","","","","","27/07/2026 07:00:04","Import","","","","","","","","","",""
"650483","15","0","","","","","","","","","","","","","","","","","","","JOHN DEERE BRASIL LTDA.","PLANTADEIRA JOHN DEERE MODELO 1100 DE 5 A13 LINHAS","PLANTADEIRA","","","","","","","","27/07/2026 07:00:04","Import","","","","","","","","","",""
"650484","15","0","","","","","","","","","","","","","","","","","","","REALMAQ MAQUINAS AGRICOLAS","VAGAO FORRAGEIRO MODELO VFR 10000","IMPLEMENTOS OM","","","","","","","","27/07/2026 07:00:04","Import","","","","","","","","","",""
"650485","15","0","","","","","","","","","","","","","","","","","","","NB MAQUINAS LTDA","COLHEDORA JF 1600 AT","IMPLEMENTOS OM","","","","","","","","27/07/2026 07:00:04","Import","","","","","","","","","",""
"650486","15","0","","","","","","","","","","","","","","","","","","","KTRES IND E COM DE EQUIP AGRIC","SERRA DECOTADORA SRL 4A","IMPLEMENTOS OM","","","","","","","","27/07/2026 07:00:04","Import","","","","","","","","","",""
"650487","15","0","","","","","","","","","","","","","","","","","","","CRENLO DO BRASIL ENGENHARIA","CARREGADEIRA FRONTAL SÉRIE 553NSL_VCR","IMPLEMENTOS OM","","","","","","","","27/07/2026 07:00:04","Import","","","","","","","","","",""
"650488","15","0","","","","","","","","","","","","","","","","","","","JOHN DEERE BRASIL LTDA.","COLHEITADEIRA DE GRÃOS JOHN DEERE S790","COLHEITADEIRA","","","","","","","","27/07/2026 07:00:04","Import","","","","","","","","","",""
"650489","15","0","","","","","","","","","","","","","","","","","","","JOST AGRICULTURE & CONSTRUCTIO","CARREGADEIRA FRONTAL 563","IMPLEMENTOS JD","","","","","","","","27/07/2026 07:00:04","Import","","","","","","","","","",""
"650490","15","0","","","","","","","","","","","","","","","","","","","INDUSTRIAS REUNIDAS COLOMBO","NIVELADOR E DESTORROADOR DE SOLO","IMPLEMENTOS OM","","","","","","","","27/07/2026 07:00:04","Import","","","","","","","","","",""
"650491","15","0","","","","","","","","","","","","","","","","","","","JOHN DEERE BRASIL LTDA.","LICENÇA - BASE GUIDE FLEET","AMS","","","","","","","","27/07/2026 07:00:04","Import","","","","","","","","","",""
"650492","15","0","","","","","","","","","","","","","","","","","","","JOHN DEERE BRASIL LTDA.","TRATOR 6110DJOHN DEERE","TRATOR","","","","","","","","27/07/2026 07:00:04","Import","","","","","","","","","",""
"650493","15","0","","","","","","","","","","","","","","","","","","","MARCHESAN IMPL E MAQ AGRIC TAT","GRADE ARADORA PESADA CONTROLE REMOTO","IMPLEMENTOS OM","","","","","","","","27/07/2026 07:00:04","Import","","","","","","","","","",""
"650494","15","0","","","","","","","","","","","","","","","","","","","JOHN DEERE BRASIL LTDA.","TRATOR JOHN DEERE 3036EN","TRATOR","","","","","","","","27/07/2026 07:00:04","Import","","","","","","","","","",""
"650495","15","0","","","","","","","","","","","","","","","","","","","JOHN DEERE BRASIL LTDA.","TRATOR 7210J JOHN DEERE","TRATOR","","","","","","","","27/07/2026 07:00:04","Import","","","","","","","","","",""
"650496","15","0","","","","","","","","","","","","","","","","","","","MARCHESAN IMPL E MAQ AGRIC TAT","GRADE ARADORA INTERMED. CONTROLE REMOTO","IMPLEMENTOS OM","","","","","","","","27/07/2026 07:00:04","Import","","","","","","","","","",""
"650497","15","0","","","","","","","","","","","","","","","","","","","IPACOL MAQUINAS AGRICOLAS","DISTRIBUIDOR DE ADUBO ORGANICO LIQUIDO","IMPLEMENTOS OM","","","","","","","","27/07/2026 07:00:04","Import","","","","","","","","","",""
"650498","15","0","","","","","","","","","","","","","","","","","","","JOHN DEERE BRASIL LTDA.","PL 1100","PLANTADEIRA","","","","","","","","27/07/2026 07:00:04","Import","","","","","","","","","",""
"650499","15","0","","","","","","","","","","","","","","","","","","","JOHN DEERE BRASIL LTDA.","STARFIRE 3000 TO STARFIRE 6000 ACTIVATION TRANSFER","AMS","","","","","","","","27/07/2026 07:00:04","Import","","","","","","","","","",""
"650500","15","0","","","","","","","","","","","","","","","","","","","JOHN DEERE BRASIL LTDA.","TRATOR JOHN DEERE 5085M 4.0","TRATOR","","","","","","","","27/07/2026 07:00:04","Import","","","","","","","","","",""
"650501","15","0","","","","","","","","","","","","","","","","","","","KBM EQUIPAMENTOS AGRICOLAS LTD","ARRANC. INVERT. AMEND.4L-PANT.MOD.AIA 4L FLEX KBM","IMPLEMENTOS OM","","","","","","","","27/07/2026 07:00:04","Import","","","","","","","","","",""
"650502","15","0","","","","","","","","","","","","","","","","","","","MARCHESAN IMPL E MAQ AGRIC TAT","GRADE DESTORROADORA FLUTUANTE HIDRAULICA","IMPLEMENTOS OM","","","","","","","","27/07/2026 07:00:04","Import","","","","","","","","","",""
"650503","15","0","","","","","","","","","","","","","","","","","","","JOHN DEERE BRASIL LTDA.","JD LINK 4G MTG COPPER","AMS","","","","","","","","27/07/2026 07:00:04","Import","","","","","","","","","",""
"650504","15","0","","","","","","","","","","","","","","","","","","","JOHN DEERE BRASIL LTDA.","COLHEDORA DE CANA CH670 (MAR-I)","COLHEDORA CANA","","","","","","","","27/07/2026 07:00:04","Import","","","","","","","","","",""
"650505","15","0","","","","","","","","","","","","","","","","","","","ANTONIOSI","CARRETA TRANSBORDO","IMPLEMENTOS OM","","","","","","","","27/07/2026 07:00:04","Import","","","","","","","","","",""
"650506","15","0","","","","","","","","","","","","","","","","","","","INDUST DE IMPLE AGR VENCE TUDO","SEMEADORA ADUBADORA DE ARRASTO","IMPLEMENTOS OM","","","","","","","","27/07/2026 07:00:04","Import","","","","","","","","","",""
"650507","15","0","","","","","","","","","","","","","","","","","","","JOHN DEERE BRASIL LTDA.","COLHEITADEIRA 9470STS GRAOS JO","COLHEITADEIRA","","","","","","","","27/07/2026 07:00:04","Import","","","","","","","","","",""
"650508","15","0","","","","","","","","","","","","","","","","","","","JOHN DEERE BRASIL LTDA.","KIT AMS 7000","AMS","","","","","","","","27/07/2026 07:00:04","Import","","","","","","","","","",""
"650509","15","0","","","","","","","","","","","","","","","","","","","JOHN DEERE BRASIL LTDA.","TRATOR JOHN DEERE 5425N","TRATOR","","","","","","","","27/07/2026 07:00:04","Import","","","","","","","","","",""
"650510","15","0","","","","","","","","","","","","","","","","","","","VICON MAQUINAS AGRICOLAS","TRINCHA LEVE","IMPLEMENTOS OM","","","","","","","","27/07/2026 07:00:04","Import","","","","","","","","","",""
"650511","15","0","","","","","","","","","","","","","","","","","","","CADIOLI IMPLEMENTOS","ROCADEIRA","IMPLEMENTOS OM","","","","","","","","27/07/2026 07:00:04","Import","","","","","","","","","",""
"650512","15","0","","","","","","","","","","","","","","","","","","","KO MAQUINAS AGRICOLAS LTDA","PULVERIZADOR AGRÍCOLA PV1008","IMPLEMENTOS JD","","","","","","","","27/07/2026 07:00:04","Import","","","","","","","","","",""
"650513","15","0","","","","","","","","","","","","","","","","","","","OXBO DO BRASIL EQUIP AGRICOLAS","COLHEDORA OXBO DB18","COLHEDORA DE CAFÉ","","","","","","","","27/07/2026 07:00:04","Import","","","","","","","","","",""
"650514","15","0","","","","","","","","","","","","","","","","","","","RONDON COM MAQUINAS AGRICOLAS","BATEDOR E TRITURADOR DE CAMA AVIARIO","IMPLEMENTOS OM","","","","","","","","27/07/2026 07:00:04","Import","","","","","","","","","",""
"650515","15","0","","","","","","","","","","","","","","","","","","","MARCHESAN IMPL E MAQ AGRIC TAT","ARADO DE AIVECAS REVERSIVEL","IMPLEMENTOS OM","","","","","","","","27/07/2026 07:00:04","Import","","","","","","","","","",""
"650516","15","0","","","","","","","","","","","","","","","","","","","VALTRA","TARTOR BH185I","USADOS","","","","","","","","27/07/2026 07:00:04","Import","","","","","","","","","",""
"650517","15","0","","","","","","","","","","","","","","","","","","","VICON MAQUINAS AGRICOLAS","TRINCHA PESADA","IMPLEMENTOS OM","","","","","","","","27/07/2026 07:00:04","Import","","","","","","","","","",""
"650518","15","0","","","","","","","","","","","","","","","","","","","BACULERE EQUIPAMENTOS SA","CARRETA AGR. MODELO ACTON","IMPLEMENTOS OM","","","","","","","","27/07/2026 07:00:04","Import","","","","","","","","","",""
"650519","15","0","","","","","","","","","","","","","","","","","","","JOHN DEERE BRASIL LTDA.","TRATOR JOHN DEERE 5075E","TRATOR","","","","","","","","27/07/2026 07:00:04","Import","","","","","","","","","",""
"650520","15","0","","","","","","","","","","","","","","","","","","","GERALDO N. RECKTENWALD E CIA","CARRETA GRANELEIRA 27000","IMPLEMENTOS OM","","","","","","","","27/07/2026 07:00:04","Import","","","","","","","","","",""
"650521","15","0","","","","","","","","","","","","","","","","","","","JOHN DEERE BRASIL LTDA.","UNIDADE DE CONTROLE AUTOTRAC 260","AMS","","","","","","","","27/07/2026 07:00:04","Import","","","","","","","","","",""
"650522","15","0","","","","","","","","","","","","","","","","","","","JOHN DEERE BRASIL LTDA.","COLHEITADEIRA 7500  JOHN DEERE","COLHEITADEIRA","","","","","","","","27/07/2026 07:00:04","Import","","","","","","","","","",""
"650523","15","0","","","","","","","","","","","","","","","","","","","DMB MAQUINAS E IMPLEM AGRICOLA","SULCADOR EXCLUSIVO S/ ADUB. 1 LINHA","IMPLEMENTOS OM","","","","","","","","27/07/2026 07:00:04","Import","","","","","","","","","",""
"650524","15","0","","","","","","","","","","","","","","","","","","","JOHN DEERE BRASIL LTDA.","PULVERIZADOR 4630","PULVERIZADOR","","","","","","","","27/07/2026 07:00:04","Import","","","","","","","","","",""
"650525","15","0","","","","","","","","","","","","","","","","","","","GTS DO BRASIL","PLANNER 310","IMPLEMENTOS OM","","","","","","","","27/07/2026 07:00:04","Import","","","","","","","","","",""
"650526","15","0","","","","","","","","","","","","","","","","","","","BACULERE EQUIPAMENTOS SA","CARRETA PARA TRANSPORTE DE PLATAFORMA","IMPLEMENTOS OM","","","","","","","","27/07/2026 07:00:04","Import","","","","","","","","","",""
"650527","15","0","","","","","","","","","","","","","","","","","","","BALDAN IMPLEMENTOS AGRICOLAS","DISTRIBUIDOR DCFCO 6000 RODADO 11X15 ESTEIRA 800MM","IMPLEMENTOS OM","","","","","","","","27/07/2026 07:00:04","Import","","","","","","","","","",""
"650528","15","0","","","","","","","","","","","","","","","","","","","CASE AGRICULTURE","COLHEDORA DE CANA CS 8800","USADOS","","","","","","","","27/07/2026 07:00:04","Import","","","","","","","","","",""
"650529","15","0","","","","","","","","","","","","","","","","","","","KTRES IND E COM DE EQUIP AGRIC","SERRA DECOTADORA","IMPLEMENTOS OM","","","","","","","","27/07/2026 07:00:04","Import","","","","","","","","","",""
"650530","15","0","","","","","","","","","","","","","","","","","","","INDUSTRIAS REUNIDAS COLOMBO","RECOLHEDORA DE CAFÉ","IMPLEMENTOS OM","","","","","","","","27/07/2026 07:00:04","Import","","","","","","","","","",""
"650531","15","0","","","","","","","","","","","","","","","","","","","PICCIN MAQUINAS AGRICOLAS","GRADE ARADORA CONTROLE REMOTO","IMPLEMENTOS OM","","","","","","","","27/07/2026 07:00:04","Import","","","","","","","","","",""
"650532","15","0","","","","","","","","","","","","","","","","","","","GERALDO N. RECKTENWALD E CIA","TANQUE AGRÍCOLA COMBATE INCÊNDIO MATA FOGO","IMPLEMENTOS OM","","","","","","","","27/07/2026 07:00:04","Import","","","","","","","","","",""
"650533","15","0","","","","","","","","","","","","","","","","","","","TRITON FERTILANCE MAQ","ADUBADEIRA ROTAX CAFEEIRA","IMPLEMENTOS OM","","","","","","","","27/07/2026 07:00:04","Import","","","","","","","","","",""
"650534","15","0","","","","","","","","","","","","","","","","","","","JOHN DEERE BRASIL LTDA.","GEN 4 4640 UNIVERSAL AUTOTRAC ACTIVATION","AMS","","","","","","","","27/07/2026 07:00:04","Import","","","","","","","","","",""
"650535","15","0","","","","","","","","","","","","","","","","","","","JOHN DEERE BRASIL LTDA.","PLATAFORMA DE CORTE 0319 JOHN","PLATAFORMA CORTE","","","","","","","","27/07/2026 07:00:04","Import","","","","","","","","","",""
"650536","15","0","","","","","","","","","","","","","","","","","","","BALDAN IMPLEMENTOS AGRICOLAS","ROÇADEIRA PIRANHA DIRETA HIDR. DUPLA CENTRAL E SUPER LATERAL","IMPLEMENTOS OM","","","","","","","","27/07/2026 07:00:04","Import","","","","","","","","","",""
"650537","15","0","","","","","","","","","","","","","","","","","","","DMB MAQUINAS E IMPLEM AGRICOLA","ELIMINADOR DE SOQUEIRA 2 LINHAS ESP 1.45 M","IMPLEMENTOS OM","","","","","","","","27/07/2026 07:00:04","Import","","","","","","","","","",""
"650538","15","0","","","","","","","","","","","","","","","","","","","JOHN DEERE BRASIL LTDA.","PLATAFORMAS DE CORTE FLEXIVEL FA 30","PLATAFORMA CORTE","","","","","","","","27/07/2026 07:00:04","Import","","","","","","","","","",""
"650539","15","0","","","","","","","","","","","","","","","","","","","SANTA IZABEL AGRO INDUSTRIA","DISTRIBUIDOR DE CALCÁRIO","IMPLEMENTOS OM","","","","","","","","27/07/2026 07:00:04","Import","","","","","","","","","",""
"650540","15","0","","","","","","","","","","","","","","","","","","","BALDAN IMPLEMENTOS AGRICOLAS","PLAINA AGRICOLA TRASEIRA","IMPLEMENTOS OM","","","","","","","","27/07/2026 07:00:04","Import","","","","","","","","","",""
"650541","15","0","","","","","","","","","","","","","","","","","","","MARCHESAN IMPL E MAQ AGRIC TAT","ROCADEIRA RC2 1500","IMPLEMENTOS OM","","","","","","","","27/07/2026 07:00:04","Import","","","","","","","","","",""
"650542","15","0","","","","","","","","","","","","","","","","","","","JOHN DEERE BRASIL LTDA.","TRATOR JOHN DEERE 7M200 - 4.0","TRATOR","","","","","","","","27/07/2026 07:00:04","Import","","","","","","","","","",""
"650543","15","0","","","","","","","","","","","","","","","","","","","NEW HOLLAND AGRICULTURE","COLHEITADEIRA NEW HOLLAND CR90","COLHEITADEIRA","","","","","","","","27/07/2026 07:00:04","Import","","","","","","","","","",""
"650544","15","0","","","","","","","","","","","","","","","","","","","ORION TECNOLOGIA E SISTEMAS AG","EQUIPAMENTO ORION GREY LINE G400/G300","IMPLEMENTOS OM","","","","","","","","27/07/2026 07:00:04","Import","","","","","","","","","",""
"650545","15","0","","","","","","","","","","","","","","","","","","","JOHN DEERE BRASIL LTDA.","CONTROLADOR DE TAXA SECA GREENSTAR","AMS","","","","","","","","27/07/2026 07:00:04","Import","","","","","","","","","",""
"650546","15","0","","","","","","","","","","","","","","","","","","","JOHN DEERE BRASIL LTDA.","COLHEITADEIRA 1550 GRAOS  JOHN","COLHEITADEIRA","","","","","","","","27/07/2026 07:00:04","Import","","","","","","","","","",""
"650547","15","0","","","","","","","","","","","","","","","","","","","IMPLEMENTOS AGRICOLAS MARISPAN","GUINCHO P/ BIG BAG SERIE M C/ GANCHO FIXO E CRUZETA","IMPLEMENTOS OM","","","","","","","","27/07/2026 07:00:04","Import","","","","","","","","","",""
"650548","15","0","","","","","","","","","","","","","","","","","","","NEW HOLLAND AGRICULTURE","TRATOR AGRICOLA T7175","USADOS","","","","","","","","27/07/2026 07:00:04","Import","","","","","","","","","",""
"650549","15","0","","","","","","","","","","","","","","","","","","","JOHN DEERE BRASIL LTDA.","SURFACE WATER PRO PLUS ACTIVATION - GS3","AMS","","","","","","","","27/07/2026 07:00:04","Import","","","","","","","","","",""
"650550","15","0","","","","","","","","","","","","","","","","","","","PULSAR TECNOLOGIA INDUSTRIA","PULVERIZADOR ELETRICO MICRON COMBAT","IMPLEMENTOS OM","","","","","","","","27/07/2026 07:00:04","Import","","","","","","","","","",""
"650551","15","0","","","","","","","","","","","","","","","","","","","MINAMI IND APARELHOS P/LAVOURA","ADUBADEIRA","IMPLEMENTOS OM","","","","","","","","27/07/2026 07:00:04","Import","","","","","","","","","",""
"650552","15","0","","","","","","","","","","","","","","","","","","","JOHN DEERE BRASIL LTDA.","STARFIRE 6000 SF3 READY ACTIVATION","AMS","","","","","","","","27/07/2026 07:00:04","Import","","","","","","","","","",""
"650553","15","0","","","","","","","","","","","","","","","","","","","JOHN DEERE BRASIL LTDA.","TRATOR JOHN DEERE 6100J MAR-I","TRATOR","","","","","","","","27/07/2026 07:00:04","Import","","","","","","","","","",""
"650554","15","0","","","","","","","","","","","","","","","","","","","JOHN DEERE BRASIL LTDA.","COLHEITADEIRA DE GRAOS 9750 STS","COLHEITADEIRA","","","","","","","","27/07/2026 07:00:04","Import","","","","","","","","","",""
"650555","15","0","","","","","","","","","","","","","","","","","","","JOHN DEERE BRASIL LTDA.","COLHEITADEIRA S550 GRAOS  JOHN","COLHEITADEIRA","","","","","","","","27/07/2026 07:00:04","Import","","","","","","","","","",""
"650556","15","0","","","","","","","","","","","","","","","","","","","JOHN DEERE BRASIL LTDA.","COLHEITADEIRA DE GRAOS JOHN DEERE S770","COLHEITADEIRA","","","","","","","","27/07/2026 07:00:04","Import","","","","","","","","","",""
"650557","15","0","","","","","","","","","","","","","","","","","","","JOHN DEERE BRASIL LTDA.","COLHEDORA DE CANA 3520 PNEU MY","COLHEDORA CANA","","","","","","","","27/07/2026 07:00:04","Import","","","","","","","","","",""
"650558","15","0","","","","","","","","","","","","","","","","","","","JOHN DEERE BRASIL LTDA.","TRATOR JOHN DEERE 5080E","TRATOR","","","","","","","","27/07/2026 07:00:04","Import","","","","","","","","","",""
"650559","15","0","","","","","","","","","","","","","","","","","","","ORION TECNOLOGIA E SISTEMAS AG","TANQUE INOCULANTE 600L","IMPLEMENTOS OM","","","","","","","","27/07/2026 07:00:04","Import","","","","","","","","","",""
"650560","15","0","","","","","","","","","","","","","","","","","","","GERALDO N. RECKTENWALD E CIA","VAGÃO AGRÍCOLA BASCULANTE 8000KG","IMPLEMENTOS OM","","","","","","","","27/07/2026 07:00:04","Import","","","","","","","","","",""
"650561","15","0","","","","","","","","","","","","","","","","","","","USADO","TRATOR AGRALE 5065.4","USADOS","","","","","","","","27/07/2026 07:00:04","Import","","","","","","","","","",""
"650562","15","0","","","","","","","","","","","","","","","","","","","JOHN DEERE BRASIL LTDA.","TRATOR JOHN DEERE 6125J (MAR-I)","TRATOR","","","","","","","","27/07/2026 07:00:04","Import","","","","","","","","","",""
"650563","15","0","","","","","","","","","","","","","","","","","","","BALDAN IMPLEMENTOS AGRICOLAS","GRADE SUPER PEIXE","IMPLEMENTOS OM","","","","","","","","27/07/2026 07:00:04","Import","","","","","","","","","",""
"650564","15","0","","","","","","","","","","","","","","","","","","","JOHN DEERE BRASIL LTDA.","TRATOR 7515 JOHN DEERE","TRATOR","","","","","","","","27/07/2026 07:00:04","Import","","","","","","","","","",""
"650565","15","0","","","","","","","","","","","","","","","","","","","BALDAN IMPLEMENTOS AGRICOLAS","GRADE ARADORA INTERMEDIARIA","IMPLEMENTOS OM","","","","","","","","27/07/2026 07:00:04","Import","","","","","","","","","",""
"650566","15","0","","","","","","","","","","","","","","","","","","","JOHN DEERE BRASIL LTDA.","TRATOR JOHN DEERE 6300","TRATOR","","","","","","","","27/07/2026 07:00:04","Import","","","","","","","","","",""
"650567","15","0","","","","","","","","","","","","","","","","","","","MASSEY FERGUSON","TRATOR MASSEEY FERGUSON 7415","USADOS","","","","","","","","27/07/2026 07:00:04","Import","","","","","","","","","",""
"650568","15","0","","","","","","","","","","","","","","","","","","","IND E COM DE IMPLEMENTOS TURIM","CARRETA TRANSPORTADORA DE PLATAFORMA","IMPLEMENTOS OM","","","","","","","","27/07/2026 07:00:04","Import","","","","","","","","","",""
"650569","15","0","","","","","","","","","","","","","","","","","","","JOHN DEERE BRASIL LTDA.","COLHEITADEIRA 1185  JOHN DEERE","COLHEITADEIRA","","","","","","","","27/07/2026 07:00:04","Import","","","","","","","","","",""
"650570","15","0","","","","","","","","","","","","","","","","","","","NB MAQUINAS LTDA","MISTURADOR JF MIX 11000 V","IMPLEMENTOS OM","","","","","","","","27/07/2026 07:00:04","Import","","","","","","","","","",""
"650571","15","0","","","","","","","","","","","","","","","","","","","KTRES IND E COM DE EQUIP AGRIC","PODADEIRA LATERAL PIRAMIDE 3000","IMPLEMENTOS OM","","","","","","","","27/07/2026 07:00:04","Import","","","","","","","","","",""
"650572","15","0","","","","","","","","","","","","","","","","","","","BALDAN IMPLEMENTOS AGRICOLAS","ROÇADEIRA HIDRAULICA CENT LAT TRANSM DIRETA 1300 C/ 2 FACAS","IMPLEMENTOS OM","","","","","","","","27/07/2026 07:00:04","Import","","","","","","","","","",""
"650573","15","0","","","","","","","","","","","","","","","","","","","JOHN DEERE BRASIL LTDA.","TRATOR JOHN DEERE 5090E","TRATOR","","","","","","","","27/07/2026 07:00:04","Import","","","","","","","","","",""
"650574","15","0","","","","","","","","","","","","","","","","","","","VICON MAQUINAS AGRICOLAS","TRINCHA LEVE TRL 160H","IMPLEMENTOS OM","","","","","","","","27/07/2026 07:00:04","Import","","","","","","","","","",""
"650575","15","0","","","","","","","","","","","","","","","","","","","JOHN DEERE BRASIL LTDA.","COLHEITADEIRA 9570STS GRAOS JO","COLHEITADEIRA","","","","","","","","27/07/2026 07:00:04","Import","","","","","","","","","",""
"650576","15","0","","","","","","","","","","","","","","","","","","","JOHN DEERE BRASIL LTDA.","TRATOR JOHN DEERE 5078E MAR-I","TRATOR","","","","","","","","27/07/2026 07:00:04","Import","","","","","","","","","",""
"650577","15","0","","","","","","","","","","","","","","","","","","","JOHN DEERE BRASIL LTDA.","RECEPTOR SF7000","AMS","","","","","","","","27/07/2026 07:00:04","Import","","","","","","","","","",""
"650578","15","0","","","","","","","","","","","","","","","","","","","VALTRA","TRATOR AGRICOLA 900","USADOS","","","","","","","","27/07/2026 07:00:04","Import","","","","","","","","","",""
"650579","15","0","","","","","","","","","","","","","","","","","","","DMB MAQUINAS E IMPLEM AGRICOLA","DISTRIBUIDOR ADUBO CAP. 3,2 T EM LINHA","IMPLEMENTOS OM","","","","","","","","27/07/2026 07:00:04","Import","","","","","","","","","",""
"650580","15","0","","","","","","","","","","","","","","","","","","","DRS PULVERIZADORES","KIT CATACAO PULVERIZADOR MLTSO","IMPLEMENTOS OM","","","","","","","","27/07/2026 07:00:04","Import","","","","","","","","","",""
"650581","15","0","","","","","","","","","","","","","","","","","","","AGRITECH LAVRALE IND MAQ","ENXADA ROTATIVA DESLOCAVEL","IMPLEMENTOS OM","","","","","","","","27/07/2026 07:00:04","Import","","","","","","","","","",""
"650582","15","0","","","","","","","","","","","","","","","","","","","INDUSTRIAS REUNIDAS COLOMBO","RECOLHEDORA TRILHADORA DE AMENDOIM DOUBLE MASTER VI","IMPLEMENTOS OM","","","","","","","","27/07/2026 07:00:04","Import","","","","","","","","","",""
"650583","15","0","","","","","","","","","","","","","","","","","","","JOHN DEERE BRASIL LTDA.","TRATOR 7500 JOHN DEERE","TRATOR","","","","","","","","27/07/2026 07:00:04","Import","","","","","","","","","",""
"650584","15","0","","","","","","","","","","","","","","","","","","","KO MAQUINAS AGRICOLAS LTDA","KO HCA","IMPLEMENTOS OM","","","","","","","","27/07/2026 07:00:04","Import","","","","","","","","","",""
"650585","15","0","","","","","","","","","","","","","","","","","","","JOHN DEERE BRASIL LTDA.","TRATOR JOHN DEERE 3041E","TRATOR","","","","","","","","27/07/2026 07:00:04","Import","","","","","","","","","",""
"650586","15","0","","","","","","","","","","","","","","","","","","","AGRALE","TRATOR AGRICOLA T575","USADOS","","","","","","","","27/07/2026 07:00:04","Import","","","","","","","","","",""
"650587","15","0","","","","","","","","","","","","","","","","","","","JOHN DEERE BRASIL LTDA.","TRATOR 7815 JOHN DEERE","TRATOR","","","","","","","","27/07/2026 07:00:04","Import","","","","","","","","","",""
"650588","15","0","","","","","","","","","","","","","","","","","","","JOHN DEERE BRASIL LTDA.","TRATOR 6145J JOHN DEERE","TRATOR","","","","","","","","27/07/2026 07:00:04","Import","","","","","","","","","",""
"650589","15","0","","","","","","","","","","","","","","","","","","","KAMAQ MAQUINAS E IMPLEM AGRIC","ROÇADEIRA KD","IMPLEMENTOS OM","","","","","","","","27/07/2026 07:00:04","Import","","","","","","","","","",""
"650590","15","0","","","","","","","","","","","","","","","","","","","INDUSTRIAS REUNIDAS COLOMBO","DOUBLE MASTER I - RECOLHEDORA CAFÉ","USADOS","","","","","","","","27/07/2026 07:00:04","Import","","","","","","","","","",""
"650591","15","0","","","","","","","","","","","","","","","","","","","METALPRIME USINAGEM","PA TRASEIRA HIDRAULICA 220 LITROS","IMPLEMENTOS OM","","","","","","","","27/07/2026 07:00:04","Import","","","","","","","","","",""
"650592","15","0","","","","","","","","","","","","","","","","","","","METALURGICA FALLGATTER LTDA","EMPILHADOR PALLETS GREEN SYSTEM","IMPLEMENTOS JD","","","","","","","","27/07/2026 07:00:04","Import","","","","","","","","","",""
"650593","15","0","","","","","","","","","","","","","","","","","","","VICON MAQUINAS AGRICOLAS","TRINCHA LEVE TRL 120H","IMPLEMENTOS OM","","","","","","","","27/07/2026 07:00:04","Import","","","","","","","","","",""
"650594","15","0","","","","","","","","","","","","","","","","","","","CADIOLI IMPLEMENTOS","PA TRASEIRA HIDRAULICA","IMPLEMENTOS OM","","","","","","","","27/07/2026 07:00:04","Import","","","","","","","","","",""
"650595","15","0","","","","","","","","","","","","","","","","","","","JAN IMPLEMENTOS","PULVERIZADOR AUTOPROPELIDO POWER JET","IMPLEMENTOS OM","","","","","","","","27/07/2026 07:00:04","Import","","","","","","","","","",""
"650596","15","0","","","","","","","","","","","","","","","","","","","MASSEY FERGUSON","TRATOR AGRICOLA MF 4283","USADOS","","","","","","","","27/07/2026 07:00:04","Import","","","","","","","","","",""
"650597","15","0","","","","","","","","","","","","","","","","","","","MARCHESAN IMPL E MAQ AGRIC TAT","SUBSOLADOR PESADO DE ARRASTO","IMPLEMENTOS OM","","","","","","","","27/07/2026 07:00:04","Import","","","","","","","","","",""
"650598","15","0","","","","","","","","","","","","","","","","","","","CEMAG CEARA MAQUINAS AGRICOLAS","CARRETA HIDRAULICA 4500","IMPLEMENTOS OM","","","","","","","","27/07/2026 07:00:04","Import","","","","","","","","","",""
"650599","15","0","","","","","","","","","","","","","","","","","","","DMB MAQUINAS E IMPLEM AGRICOLA","ADUBADOR APLICADOR DE INSETICIDA COM DISCOS PARA SOQUEIRA","IMPLEMENTOS OM","","","","","","","","27/07/2026 07:00:04","Import","","","","","","","","","",""
"650600","15","0","","","","","","","","","","","","","","","","","","","NEW HOLLAND AGRICULTURE","TRATOR NEW HOLLAND TM165","TRATOR","","","","","","","","27/07/2026 07:00:04","Import","","","","","","","","","",""
"650601","15","0","","","","","","","","","","","","","","","","","","","IKEDA EMPRESARIAL LTDA","AEROMIX ADB","IMPLEMENTOS OM","","","","","","","","27/07/2026 07:00:04","Import","","","","","","","","","",""
"650602","15","0","","","","","","","","","","","","","","","","","","","JOHN DEERE BRASIL LTDA.","RÁDIO JOHN DEERE RTK 900 MHZ","AMS","","","","","","","","27/07/2026 07:00:04","Import","","","","","","","","","",""
"650603","15","0","","","","","","","","","","","","","","","","","","","JOHN DEERE BRASIL LTDA.","PLATAFORMA DE CORTE 635F JOHN","PLATAFORMA CORTE","","","","","","","","27/07/2026 07:00:04","Import","","","","","","","","","",""
"650604","15","0","","","","","","","","","","","","","","","","","","","PRO SOLUS DO BRASIL S/A","PULVERIZADOR DE SULCO TS ELETRICO","IMPLEMENTOS OM","","","","","","","","27/07/2026 07:00:04","Import","","","","","","","","","",""
"650605","15","0","","","","","","","","","","","","","","","","","","","VICON MAQUINAS AGRICOLAS","CANTEIRADEIRA SMART","IMPLEMENTOS OM","","","","","","","","27/07/2026 07:00:04","Import","","","","","","","","","",""
"650606","15","0","","","","","","","","","","","","","","","","","","","BM DUMONT EQUIP AGRICOLAS LTDA","CARRETA TRANSBORDO","IMPLEMENTOS OM","","","","","","","","27/07/2026 07:00:04","Import","","","","","","","","","",""
"650607","15","0","","","","","","","","","","","","","","","","","","","JOHN DEERE BRASIL LTDA.","475PRO HEADER JOHN DEERE","FORRAGEIRA","","","","","","","","27/07/2026 07:00:04","Import","","","","","","","","","",""
"650608","15","0","","","","","","","","","","","","","","","","","","","JOHN DEERE BRASIL LTDA.","DISTRIBUIDOR DE NUTRIENTES JOHN DEERE (DRY BOX)","DISTRIBUIDOR NUTR.","","","","","","","","27/07/2026 07:00:04","Import","","","","","","","","","",""
"650609","15","0","","","","","","","","","","","","","","","","","","","NEW LEADER COM EQUIP AGRIC SER","DISTRIBUIDOR DE NUTRIENTES DN1006","IMPLEMENTOS OM","","","","","","","","27/07/2026 07:00:04","Import","","","","","","","","","",""
"650610","15","0","","","","","","","","","","","","","","","","","","","MASSEY FERGUSON","TRATOR AGRICOLA MF4290","USADOS","","","","","","","","27/07/2026 07:00:04","Import","","","","","","","","","",""
"650611","15","0","","","","","","","","","","","","","","","","","","","BALDAN IMPLEMENTOS AGRICOLAS","PERFURADOR DE SOLO HIDRAULICO","IMPLEMENTOS OM","","","","","","","","27/07/2026 07:00:04","Import","","","","","","","","","",""
"650612","15","0","","","","","","","","","","","","","","","","","","","JOHN DEERE BRASIL LTDA.","GREENSTAR 2 TO GREENSTAR 3 UPGRADE - DISPLAY ACTIVATIONS'","AMS","","","","","","","","27/07/2026 07:00:04","Import","","","","","","","","","",""
"650613","15","0","","","","","","","","","","","","","","","","","","","AGRALE","TRATOR AGRALE 5075","TRATOR","","","","","","","","27/07/2026 07:00:04","Import","","","","","","","","","",""
"650614","15","0","","","","","","","","","","","","","","","","","","","BALDAN IMPLEMENTOS AGRICOLAS","ARADO SUBSOLADOR TUBULAR HIDRAULICO","IMPLEMENTOS OM","","","","","","","","27/07/2026 07:00:04","Import","","","","","","","","","",""
"650615","15","0","","","","","","","","","","","","","","","","","","","INCOMAGRI MAQUINAS AGRICOLAS","MISTURADOR DE RAÇÃO EM POLIETILENO MIN P DE 300 A 1500KG","IMPLEMENTOS OM","","","","","","","","27/07/2026 07:00:04","Import","","","","","","","","","",""
"650616","15","0","","","","","","","","","","","","","","","","","","","JOHN DEERE BRASIL LTDA.","PULVERIZADOR AUTOPROPELIDO","PULVERIZADOR","","","","","","","","27/07/2026 07:00:04","Import","","","","","","","","","",""
"650648","15","0","","","","","","","","","","","","","","","","","","","PLA MAQUINAS PULV E FERTILIZAD","PULVERIZADOR AGRICOLA AUTOPROPELIDO ORION 250","PULVERIZADOR","","","","","","","","27/07/2026 07:00:04","Import","","","","","","","","","",""
"650649","15","0","","","","","","","","","","","","","","","","","","","JOHN DEERE BRASIL LTDA.","JDLINK M MODEM","AMS","","","","","","","","27/07/2026 07:00:04","Import","","","","","","","","","",""
"650650","15","0","","","","","","","","","","","","","","","","","","","JOHN DEERE BRASIL LTDA.","COLHEITADEIRA S5 500 GRAOS JOHN DEERE","COLHEITADEIRA","","","","","","","","27/07/2026 07:00:04","Import","","","","","","","","","",""
"650651","15","0","","","","","","","","","","","","","","","","","","","JOHN DEERE BRASIL LTDA.","TRATOR JOHN DEERE 6190J (MAR-I)","TRATOR","","","","","","","","27/07/2026 07:00:04","Import","","","","","","","","","",""
"650652","15","0","","","","","","","","","","","","","","","","","","","IMPLEMENTOS AGRICOLAS J.Z LTDA","SUCADOR 1 LINHA","IMPLEMENTOS OM","","","","","","","","27/07/2026 07:00:04","Import","","","","","","","","","",""
"650653","15","0","","","","","","","","","","","","","","","","","","","MARCHESAN IMPL E MAQ AGRIC TAT","ARADO SUBSOLADOR TATU AST","IMPLEMENTOS OM","","","","","","","","27/07/2026 07:00:04","Import","","","","","","","","","",""
"650654","15","0","","","","","","","","","","","","","","","","","","","BALDAN IMPLEMENTOS AGRICOLAS","ROCADEIRA HIDRAULICA CENT/LAT C/TRANSM DIRETA1500","IMPLEMENTOS OM","","","","","","","","27/07/2026 07:00:04","Import","","","","","","","","","",""
"650655","15","0","","","","","","","","","","","","","","","","","","","MARCHESAN IMPL E MAQ AGRIC TAT","SUPER GRADE INTERMEDIARIA CIVEMASA SIC","IMPLEMENTOS OM","","","","","","","","27/07/2026 07:00:04","Import","","","","","","","","","",""
"650656","15","0","","","","","","","","","","","","","","","","","","","IMPLEMASTER","CABINA AGRICOLA PARA TRATOR COM AR CONDICIONADO","IMPLEMENTOS OM","","","","","","","","27/07/2026 07:00:04","Import","","","","","","","","","",""
"650657","15","0","","","","","","","","","","","","","","","","","","","JOHN DEERE BRASIL LTDA.","REPETIDORA RÁDIO RTK 900 JOHN DEERE","AMS","","","","","","","","27/07/2026 07:00:04","Import","","","","","","","","","",""
"650658","15","0","","","","","","","","","","","","","","","","","","","JOHN DEERE BRASIL LTDA.","KIT AUTOTRAC UNIVERSAL 300 DA JOHN DEERE","AMS","","","","","","","","27/07/2026 07:00:04","Import","","","","","","","","","",""
"650659","15","0","","","","","","","","","","","","","","","","","","","JOHN DEERE BRASIL LTDA.","COLHEITADEIRA 7200  JOHN DEERE","COLHEITADEIRA","","","","","","","","27/07/2026 07:00:04","Import","","","","","","","","","",""
"650660","15","0","","","","","","","","","","","","","","","","","","","JOHN DEERE BRASIL LTDA.","PULVERIZADOR AUTOPROPELIDO PLA 125J","PULVERIZADOR","","","","","","","","27/07/2026 07:00:04","Import","","","","","","","","","",""
"650661","15","0","","","","","","","","","","","","","","","","","","","JOHN DEERE BRASIL LTDA.","TRATOR 7215J (MAR-I)","TRATOR","","","","","","","","27/07/2026 07:00:04","Import","","","","","","","","","",""
"650662","15","0","","","","","","","","","","","","","","","","","","","JOHN DEERE BRASIL LTDA.","COLHEITADEIRA JOHN DEERE 9970","COLHEITADEIRA","","","","","","","","27/07/2026 07:00:04","Import","","","","","","","","","",""
"650663","15","0","","","","","","","","","","","","","","","","","","","MARCHESAN IMPL E MAQ AGRIC TAT","COBERTURAS PARA PLANTIO DIRETO CPD","IMPLEMENTOS OM","","","","","","","","27/07/2026 07:00:04","Import","","","","","","","","","",""
"650664","15","0","","","","","","","","","","","","","","","","","","","VALTRA","TRATOR VALTRA BL88","TRATOR","","","","","","","","27/07/2026 07:00:04","Import","","","","","","","","","",""
"650665","15","0","","","","","","","","","","","","","","","","","","","INDUSTRIAS REUNIDAS COLOMBO","ARRUADO SOPRADOR DUPLO DE CAFÉ","IMPLEMENTOS OM","","","","","","","","27/07/2026 07:00:04","Import","","","","","","","","","",""
"650666","15","0","","","","","","","","","","","","","","","","","","","MAQUINAS AGRICOLAS JACTO","PULVERIZADOR AGRICOLA ADVANCE 2000","USADOS","","","","","","","","27/07/2026 07:00:04","Import","","","","","","","","","",""
"650667","15","0","","","","","","","","","","","","","","","","","","","MINAMI IND APARELHOS P/LAVOURA","ADUBADEIRA PARA CANTEIRO","IMPLEMENTOS OM","","","","","","","","27/07/2026 07:00:04","Import","","","","","","","","","",""
"650668","15","0","","","","","","","","","","","","","","","","","","","IND AGRO MECANICA PINHEIRO","VAGÃO FORRAGEIRO VP-4 COM PNEUS","IMPLEMENTOS OM","","","","","","","","27/07/2026 07:00:04","Import","","","","","","","","","",""
"650669","15","0","","","","","","","","","","","","","","","","","","","VALTRA","TRATOR BH180","USADOS","","","","","","","","27/07/2026 07:00:04","Import","","","","","","","","","",""
"650670","15","0","","","","","","","","","","","","","","","","","","","METALURGICA FALLGATTER LTDA","69044-LAMINA FRONTAL GREEN SYSTEM AF2196G","IMPLEMENTOS JD","","","","","","","","27/07/2026 07:00:04","Import","","","","","","","","","",""
"650671","15","0","","","","","","","","","","","","","","","","","","","JOHN DEERE BRASIL LTDA.","TRATOR 7715 JOHN DEERE","TRATOR","","","","","","","","27/07/2026 07:00:04","Import","","","","","","","","","",""
"650672","15","0","","","","","","","","","","","","","","","","","","","MASSEY FERGUSON","TRATOR AGRICOLA MF4265","USADOS","","","","","","","","27/07/2026 07:00:04","Import","","","","","","","","","",""
"650673","15","0","","","","","","","","","","","","","","","","","","","VALTRA","TRATOR AGRICOLA A73F 4X4 CABINE 12+8","USADOS","","","","","","","","27/07/2026 07:00:04","Import","","","","","","","","","",""
"650674","15","0","","","","","","","","","","","","","","","","","","","BALDAN IMPLEMENTOS AGRICOLAS","GRADE TUBARAO CONTROLE REMOTO","IMPLEMENTOS OM","","","","","","","","27/07/2026 07:00:04","Import","","","","","","","","","",""
"650675","15","0","","","","","","","","","","","","","","","","","","","JOHN DEERE BRASIL LTDA.","KIT COMPUTADOR DE BORDO - CBA 3200WG","AMS","","","","","","","","27/07/2026 07:00:04","Import","","","","","","","","","",""
"650676","15","0","","","","","","","","","","","","","","","","","","","JOST AGRICULTURE & CONSTRUCTIO","CARREGADEIRA FRONTAL 562S L_JOY","IMPLEMENTOS OM","","","","","","","","27/07/2026 07:00:04","Import","","","","","","","","","",""
"650677","15","0","","","","","","","","","","","","","","","","","","","VALMET","TRATOR VALMET 685 4X2 FRUTEIRO","TRATOR","","","","","","","","27/07/2026 07:00:04","Import","","","","","","","","","",""
"650678","15","0","","","","","","","","","","","","","","","","","","","INDUSTRIAS REUNIDAS COLOMBO","CONJUNTO COLHEITA DIRETA SOJA MOLINETE MC III","IMPLEMENTOS OM","","","","","","","","27/07/2026 07:00:04","Import","","","","","","","","","",""
"650679","15","0","","","","","","","","","","","","","","","","","","","FABRICA DE MAQUINAS COPLING","TURBO PULVERIZADOR","IMPLEMENTOS OM","","","","","","","","27/07/2026 07:00:04","Import","","","","","","","","","",""
"650680","15","0","","","","","","","","","","","","","","","","","","","REALMAQ MAQUINAS AGRICOLAS","VAGAO FORRAGEIRO","IMPLEMENTOS OM","","","","","","","","27/07/2026 07:00:04","Import","","","","","","","","","",""
"650681","15","0","","","","","","","","","","","","","","","","","","","MAQUINAS AGRICOLAS JACTO","PULVERIZADOR AGRICOLA TURBO ATOMIZADOR","IMPLEMENTOS OM","","","","","","","","27/07/2026 07:00:04","Import","","","","","","","","","",""
"650682","15","0","","","","","","","","","","","","","","","","","","","JOHN DEERE BRASIL LTDA.","COLHEITADEIRA S670 GRAOS  JOHN","COLHEITADEIRA","","","","","","","","27/07/2026 07:00:04","Import","","","","","","","","","",""
"650683","15","0","","","","","","","","","","","","","","","","","","","JOHN DEERE BRASIL LTDA.","GATOR XUV855M S4","GATOR","","","","","","","","27/07/2026 07:00:04","Import","","","","","","","","","",""
"650684","15","0","","","","","","","","","","","","","","","","","","","NB MAQUINAS LTDA","COLHEDORA DE FORRAGENS JF C120","IMPLEMENTOS OM","","","","","","","","27/07/2026 07:00:04","Import","","","","","","","","","",""
"650685","15","0","","","","","","","","","","","","","","","","","","","MAQUINAS AGRICOLAS JACTO","PULVERIZADOR FALCON AM14/VORTEX JACTO","IMPLEMENTOS OM","","","","","","","","27/07/2026 07:00:04","Import","","","","","","","","","",""
"650686","15","0","","","","","","","","","","","","","","","","","","","JOHN DEERE BRASIL LTDA.","PLATAFORMA DE CORTE JOHN DEERE RIGIDA DE 14 A 22 PÉS","PLATAFORMA CORTE","","","","","","","","27/07/2026 07:00:04","Import","","","","","","","","","",""
"650687","15","0","","","","","","","","","","","","","","","","","","","MASSEY FERGUSON","TRATOR AGRICOLA MSF 265","USADOS","","","","","","","","27/07/2026 07:00:04","Import","","","","","","","","","",""
"650688","15","0","","","","","","","","","","","","","","","","","","","BALDAN IMPLEMENTOS AGRICOLAS","GRADE CONTROLE REMOTO SUPER GOLFINHO","IMPLEMENTOS OM","","","","","","","","27/07/2026 07:00:04","Import","","","","","","","","","",""
"650689","15","0","","","","","","","","","","","","","","","","","","","DMB MAQUINAS E IMPLEM AGRICOLA","ADUBADOR 2 LINHAS - C/ 2 ADUBADEIRAS R.S.F.","IMPLEMENTOS OM","","","","","","","","27/07/2026 07:00:04","Import","","","","","","","","","",""
"650690","15","0","","","","","","","","","","","","","","","","","","","JOHN DEERE BRASIL LTDA.","PLATAFORMA DE CORTE 635F","PLATAFORMA CORTE","","","","","","","","27/07/2026 07:00:04","Import","","","","","","","","","",""
"650691","15","0","","","","","","","","","","","","","","","","","","","JOHN DEERE BRASIL LTDA.","COLHEITADEIRA JOH DEERE S440","COLHEITADEIRA","","","","","","","","27/07/2026 07:00:04","Import","","","","","","","","","",""
"650692","15","0","","","","","","","","","","","","","","","","","","","INDUSTRIAS REUNIDAS COLOMBO","RECOLHEDORA TRILHADORA DE AMENDOIM","IMPLEMENTOS OM","","","","","","","","27/07/2026 07:00:04","Import","","","","","","","","","",""
"650693","15","0","","","","","","","","","","","","","","","","","","","PICCIN MAQUINAS AGRICOLAS","GUINCHO AGRICOLA HIDRAULICO GIRATORIO GAHG-RO 2000 BR","IMPLEMENTOS OM","","","","","","","","27/07/2026 07:00:04","Import","","","","","","","","","",""
"650694","15","0","","","","","","","","","","","","","","","","","","","SANTA IZABEL AGRO INDUSTRIA","REBOQUE AUTODESCARREGÁVEL USO AGRÍCOLA","IMPLEMENTOS OM","","","","","","","","27/07/2026 07:00:04","Import","","","","","","","","","",""
"650695","15","0","","","","","","","","","","","","","","","","","","","FORD MOTOR COMPANY BRASIL LTDA","TRATOR FORD 5630","USADOS","","","","","","","","27/07/2026 07:00:04","Import","","","","","","","","","",""
"650696","15","0","","","","","","","","","","","","","","","","","","","INDUTAR TECNO METAL LTDA","PLAINA NIVELADORA NIVELLA 585","IMPLEMENTOS OM","","","","","","","","27/07/2026 07:00:04","Import","","","","","","","","","",""
"650697","15","0","","","","","","","","","","","","","","","","","","","JOHN DEERE BRASIL LTDA.","RECEPTOR STARFIRE 6000","AMS","","","","","","","","27/07/2026 07:00:04","Import","","","","","","","","","",""
"650698","15","0","","","","","","","","","","","","","","","","","","","JOHN DEERE BRASIL LTDA.","TRATOR 8320R (MAR-I)","TRATOR","","","","","","","","27/07/2026 07:00:04","Import","","","","","","","","","",""
"650699","15","0","","","","","","","","","","","","","","","","","","","IMPLEMENTOS AGRICOLAS J.Z LTDA","GUINCHO TRASEIRO AJUSTÁVEL","IMPLEMENTOS OM","","","","","","","","27/07/2026 07:00:04","Import","","","","","","","","","",""
"650700","15","0","","","","","","","","","","","","","","","","","","","KO MAQUINAS AGRICOLAS LTDA","PULVERIZADOR AGRÍCOLA PV1020","IMPLEMENTOS JD","","","","","","","","27/07/2026 07:00:04","Import","","","","","","","","","",""
"650701","15","0","","","","","","","","","","","","","","","","","","","MENTA MAQUINAS AGRICOLAS LTDA","COLHED.FORRAG. PREMIUM","IMPLEMENTOS OM","","","","","","","","27/07/2026 07:00:04","Import","","","","","","","","","",""
"650702","15","0","","","","","","","","","","","","","","","","","","","MARCHESAN IMPL E MAQ AGRIC TAT","ROCADEIRA RC2 2600 CL","IMPLEMENTOS OM","","","","","","","","27/07/2026 07:00:04","Import","","","","","","","","","",""
"650703","15","0","","","","","","","","","","","","","","","","","","","JOHN DEERE BRASIL LTDA.","TRATOR JOHN DEERE 5080EN","TRATOR","","","","","","","","27/07/2026 07:00:04","Import","","","","","","","","","",""
"650704","15","0","","","","","","","","","","","","","","","","","","","JOHN DEERE BRASIL LTDA.","TRATOR 6210J (MAR-I)","TRATOR","","","","","","","","27/07/2026 07:00:04","Import","","","","","","","","","",""
"650705","15","0","","","","","","","","","","","","","","","","","","","MASSEY FERGUSON","TRATOR MASSEY 4292","USADOS","","","","","","","","27/07/2026 07:00:04","Import","","","","","","","","","",""
"650706","15","0","","","","","","","","","","","","","","","","","","","NB MAQUINAS LTDA","PLATAFORMA JF1000","IMPLEMENTOS OM","","","","","","","","27/07/2026 07:00:04","Import","","","","","","","","","",""
"650707","15","0","","","","","","","","","","","","","","","","","","","MARCHESAN IMPL E MAQ AGRIC TAT","SUBSOLADOR MEDIO DE ARRASTO","IMPLEMENTOS OM","","","","","","","","27/07/2026 07:00:04","Import","","","","","","","","","",""
"650708","15","0","","","","","","","","","","","","","","","","","","","MAQUINAS AGRICOLAS JACTO","PLANTADEIRA 10 LINHAS","IMPLEMENTOS OM","","","","","","","","27/07/2026 07:00:04","Import","","","","","","","","","",""
"650709","15","0","","","","","","","","","","","","","","","","","","","NEW HOLLAND AGRICULTURE","TRATOR NEW HOLLAND TT3880","USADOS","","","","","","","","27/07/2026 07:00:04","Import","","","","","","","","","",""
"650710","15","0","","","","","","","","","","","","","","","","","","","VICON MAQUINAS AGRICOLAS","ADUBADORA E SEMEADORA DUPLO DISCO","IMPLEMENTOS OM","","","","","","","","27/07/2026 07:00:04","Import","","","","","","","","","",""
"650711","15","0","","","","","","","","","","","","","","","","","","","DMB MAQUINAS E IMPLEM AGRICOLA","DISTRIBUIDOR DE CALCARIO E ADUBO CAPACIDADE 5.500 KG","IMPLEMENTOS OM","","","","","","","","27/07/2026 07:00:04","Import","","","","","","","","","",""
"650712","15","0","","","","","","","","","","","","","","","","","","","JOHN DEERE BRASIL LTDA.","MODEM M JD LINK 4G","AMS","","","","","","","","27/07/2026 07:00:04","Import","","","","","","","","","",""
"650713","15","0","","","","","","","","","","","","","","","","","","","JOHN DEERE BRASIL LTDA.","COLHEDORA DE CANA CH950 ESTEIRA (MY22)","COLHEDORA CANA","","","","","","","","27/07/2026 07:00:04","Import","","","","","","","","","",""
"650714","15","0","","","","","","","","","","","","","","","","","","","SANTA IZABEL AGRO INDUSTRIA","TRITURADOR DE RESTOS DE CULTURA","IMPLEMENTOS OM","","","","","","","","27/07/2026 07:00:04","Import","","","","","","","","","",""
"650715","15","0","","","","","","","","","","","","","","","","","","","BALDAN IMPLEMENTOS AGRICOLAS","PLANTADEIRA PLD 4 LINHAS","IMPLEMENTOS OM","","","","","","","","27/07/2026 07:00:04","Import","","","","","","","","","",""
"650716","15","0","","","","","","","","","","","","","","","","","","","INDUTAR TECNO METAL LTDA","ROÇADEIRA GRAZE 1.80M","IMPLEMENTOS OM","","","","","","","","27/07/2026 07:00:04","Import","","","","","","","","","",""
"650717","15","0","","","","","","","","","","","","","","","","","","","NB MAQUINAS LTDA","SEGADEIRA DE DISCO JF 2100 D","IMPLEMENTOS OM","","","","","","","","27/07/2026 07:00:04","Import","","","","","","","","","",""
"650718","15","0","","","","","","","","","","","","","","","","","","","JOHN DEERE BRASIL LTDA.","COLHEITADEIRA S440","COLHEITADEIRA","","","","","","","","27/07/2026 07:00:04","Import","","","","","","","","","",""
"650719","15","0","","","","","","","","","","","","","","","","","","","AGRITECH LAVRALE IND MAQ","TRATOR AGRITECH 1175","USADOS","","","","","","","","27/07/2026 07:00:04","Import","","","","","","","","","",""
"650720","15","0","","","","","","","","","","","","","","","","","","","MARCHESAN IMPL E MAQ AGRIC TAT","GRADE ARADORA SUPER PESADA CONTROLE REMOTO","IMPLEMENTOS OM","","","","","","","","27/07/2026 07:00:04","Import","","","","","","","","","",""
"650721","15","0","","","","","","","","","","","","","","","","","","","HARAMAQ IND E COM DE MAQ AGRIC","VAGAO MISTURADOR SUPERMIX 7.0","IMPLEMENTOS OM","","","","","","","","27/07/2026 07:00:04","Import","","","","","","","","","",""
"650722","15","0","","","","","","","","","","","","","","","","","","","JOHN DEERE BRASIL LTDA.","COLHEITADEIRA 1175  JOHN DEERE","COLHEITADEIRA","","","","","","","","27/07/2026 07:00:04","Import","","","","","","","","","",""
"650723","15","0","","","","","","","","","","","","","","","","","","","JOHN DEERE BRASIL LTDA.","TRATOR JOHN DEERE 7200J","TRATOR","","","","","","","","27/07/2026 07:00:04","Import","","","","","","","","","",""
"650724","15","0","","","","","","","","","","","","","","","","","","","KAMAQ MAQUINAS E IMPLEM AGRIC","ADUBADEIRA KOMANDER","IMPLEMENTOS OM","","","","","","","","27/07/2026 07:00:04","Import","","","","","","","","","",""
"650725","15","0","","","","","","","","","","","","","","","","","","","KO MAQUINAS AGRICOLAS LTDA","ATOMIZADOR AGRÍCOLA KO A TC S","IMPLEMENTOS OM","","","","","","","","27/07/2026 07:00:04","Import","","","","","","","","","",""
"650726","15","0","","","","","","","","","","","","","","","","","","","GTM TECNOLOGIA EM EQUIPAMENTOS","PODADEIRA PLT-350 TC","IMPLEMENTOS OM","","","","","","","","27/07/2026 07:00:04","Import","","","","","","","","","",""
"650727","15","0","","","","","","","","","","","","","","","","","","","JOHN DEERE BRASIL LTDA.","MONITOR UNIVERSAL JOHN DEERE 4640","AMS","","","","","","","","27/07/2026 07:00:04","Import","","","","","","","","","",""
"650728","15","0","","","","","","","","","","","","","","","","","","","JOHN DEERE BRASIL LTDA.","PIVOT PRO ACTIVATION - GS3","AMS","","","","","","","","27/07/2026 07:00:04","Import","","","","","","","","","",""
"650729","15","0","","","","","","","","","","","","","","","","","","","BM DUMONT EQUIP AGRICOLAS LTDA","ARRANCADOR INVERTEDOR D AMENDOIM","IMPLEMENTOS OM","","","","","","","","27/07/2026 07:00:04","Import","","","","","","","","","",""
"650730","15","0","","","","","","","","","","","","","","","","","","","IMPLEMENTOS AGRICOLAS MARISPAN","GUINCHO BIG BAG TELESCOPIO","IMPLEMENTOS OM","","","","","","","","27/07/2026 07:00:04","Import","","","","","","","","","",""
"650731","15","0","","","","","","","","","","","","","","","","","","","NB MAQUINAS LTDA","ENSILADEIRA EN 9 CAVALE","IMPLEMENTOS OM","","","","","","","","27/07/2026 07:00:04","Import","","","","","","","","","",""
"650732","15","0","","","","","","","","","","","","","","","","","","","GTM TECNOLOGIA EM EQUIPAMENTOS","PODADEIRA","IMPLEMENTOS OM","","","","","","","","27/07/2026 07:00:04","Import","","","","","","","","","",""
"650733","15","0","","","","","","","","","","","","","","","","","","","INDUSTRIAS REUNIDAS COLOMBO","NIVELADORA ROTATIVA","IMPLEMENTOS OM","","","","","","","","27/07/2026 07:00:04","Import","","","","","","","","","",""
"650734","15","0","","","","","","","","","","","","","","","","","","","MARCHESAN IMPL E MAQ AGRIC TAT","PLANTADEIRA ADUBADEIRA PST DUO FLEX","IMPLEMENTOS OM","","","","","","","","27/07/2026 07:00:04","Import","","","","","","","","","",""
"650735","15","0","","","","","","","","","","","","","","","","","","","VICON MAQUINAS AGRICOLAS","ADUBADORA E SEMEADORA MONODISCO","IMPLEMENTOS OM","","","","","","","","27/07/2026 07:00:04","Import","","","","","","","","","",""
"650736","15","0","","","","","","","","","","","","","","","","","","","JOHN DEERE BRASIL LTDA.","MONITOR UNIVERSAL 4240 JOHN DEERE","AMS","","","","","","","","27/07/2026 07:00:04","Import","","","","","","","","","",""
"650737","15","0","","","","","","","","","","","","","","","","","","","INDUSTRIAS REUNIDAS COLOMBO","CARRETA TRANSBORDO DE GRÃOS","IMPLEMENTOS OM","","","","","","","","27/07/2026 07:00:04","Import","","","","","","","","","",""
"650738","15","0","","","","","","","","","","","","","","","","","","","CRENLO DO BRASIL ENGENHARIA","CARREGADOR FRONTAL  563SL","IMPLEMENTOS JD","","","","","","","","27/07/2026 07:00:04","Import","","","","","","","","","",""
"650739","15","0","","","","","","","","","","","","","","","","","","","JOHN DEERE BRASIL LTDA.","COLHEDORA DE CANA C/ ESTEIRA CH 3510","COLHEDORA CANA","","","","","","","","27/07/2026 07:00:04","Import","","","","","","","","","",""
"650740","15","0","","","","","","","","","","","","","","","","","","","MASSEY FERGUSON","TRATOR MASSEY 283","USADOS","","","","","","","","27/07/2026 07:00:04","Import","","","","","","","","","",""
"650741","15","0","","","","","","","","","","","","","","","","","","","AGROLEITE CABINAS AGRICOLAS","CABINE AGRICOLA","IMPLEMENTOS OM","","","","","","","","27/07/2026 07:00:04","Import","","","","","","","","","",""
"650742","15","0","","","","","","","","","","","","","","","","","","","AGROMA INDUSTRIA COMERCIO","ATOMIZADOR AGRO TURBO 2000 ELEVADO C/ KIT HIDRÁULICO ELEVADO","IMPLEMENTOS OM","","","","","","","","27/07/2026 07:00:04","Import","","","","","","","","","",""
"650743","15","0","","","","","","","","","","","","","","","","","","","BALDAN IMPLEMENTOS AGRICOLAS","PA HIDRAULICA","IMPLEMENTOS OM","","","","","","","","27/07/2026 07:00:04","Import","","","","","","","","","",""
"650744","15","0","","","","","","","","","","","","","","","","","","","JOHN DEERE BRASIL LTDA.","RÁDIO JOHN DEERE RTK 450 MHZ","AMS","","","","","","","","27/07/2026 07:00:04","Import","","","","","","","","","",""
"650745","15","0","","","","","","","","","","","","","","","","","","","JOHN DEERE BRASIL LTDA.","STARFIRE 6000 RTK READY ACTIVATION","AMS","","","","","","","","27/07/2026 07:00:04","Import","","","","","","","","","",""
"650746","15","0","","","","","","","","","","","","","","","","","","","AGRITECH LAVRALE IND MAQ","ENXADA ROT FIXA ENCANT. RFE-150/E 6C","IMPLEMENTOS OM","","","","","","","","27/07/2026 07:00:04","Import","","","","","","","","","",""
"650747","15","0","","","","","","","","","","","","","","","","","","","MARCHESAN IMPL E MAQ AGRIC TAT","DISTRIBUIDOR DE TORTA E COMPOSTO POR CALHA VIBRATORIA","IMPLEMENTOS OM","","","","","","","","27/07/2026 07:00:04","Import","","","","","","","","","",""
"650748","15","0","","","","","","","","","","","","","","","","","","","CIMAG IND. E COM. DE MAQ. AGR.","KIT PULVERIZADOR ATM 250 LTS TURBO BOMBA CJP 75","IMPLEMENTOS OM","","","","","","","","27/07/2026 07:00:04","Import","","","","","","","","","",""
"650749","15","0","","","","","","","","","","","","","","","","","","","KO MAQUINAS AGRICOLAS LTDA","PULVERIZADOR AGRÍCOLA KO CI","IMPLEMENTOS OM","","","","","","","","27/07/2026 07:00:04","Import","","","","","","","","","",""
"650750","15","0","","","","","","","","","","","","","","","","","","","BM DUMONT EQUIP AGRICOLAS LTDA","LEVANTADOR LEIRA DE AMENDOIM","IMPLEMENTOS OM","","","","","","","","27/07/2026 07:00:04","Import","","","","","","","","","",""
"650751","15","0","","","","","","","","","","","","","","","","","","","HORSE MACHINEN IMPLEMENTOS AGR","CESTO AEREO DE HIDRAULICO","IMPLEMENTOS OM","","","","","","","","27/07/2026 07:00:04","Import","","","","","","","","","",""
"650752","15","0","","","","","","","","","","","","","","","","","","","JAN IMPLEMENTOS","SUBSOLADOR JUMBO MATIC HIDRAULICO 3 C/ ROLO COMPACTADOR","IMPLEMENTOS OM","","","","","","","","27/07/2026 07:00:04","Import","","","","","","","","","",""
"650753","15","0","","","","","","","","","","","","","","","","","","","JOHN DEERE BRASIL LTDA.","PLATAFORMA DE CORTE","PLATAFORMA CORTE","","","","","","","","27/07/2026 07:00:04","Import","","","","","","","","","",""
"650754","15","0","","","","","","","","","","","","","","","","","","","BALDAN IMPLEMENTOS AGRICOLAS","ROÇADEIRA RD2700 DE 4 FACAS C/ SUPORTE C/ RODA C/ CARDAN","IMPLEMENTOS OM","","","","","","","","27/07/2026 07:00:04","Import","","","","","","","","","",""
"650755","15","0","","","","","","","","","","","","","","","","","","","IKEDA EMPRESARIAL LTDA","ARADO MONTADO FIXO MF5L H C/RODA PROF.","IMPLEMENTOS OM","","","","","","","","27/07/2026 07:00:04","Import","","","","","","","","","",""
"650756","15","0","","","","","","","","","","","","","","","","","","","JOHN DEERE BRASIL LTDA.","VOLANTE AUTOTRAC UNIVERSAL 300","AMS","","","","","","","","27/07/2026 07:00:04","Import","","","","","","","","","",""
"650757","15","0","","","","","","","","","","","","","","","","","","","JOHN DEERE BRASIL LTDA.","MONITOR JOHN DEERE 4600 COMMANDCENTER","AMS","","","","","","","","27/07/2026 07:00:04","Import","","","","","","","","","",""
"650758","15","0","","","","","","","","","","","","","","","","","","","MASSEY FERGUSON","TRATOR MASSEY 235 PLATAFORMA","TRATOR","","","","","","","","27/07/2026 07:00:04","Import","","","","","","","","","",""
"650759","15","0","","","","","","","","","","","","","","","","","","","HARAMAQ IND E COM DE MAQ AGRIC","VAGÃO MISTURADOR PROHMIX","IMPLEMENTOS OM","","","","","","","","27/07/2026 07:00:04","Import","","","","","","","","","",""
"650760","15","0","","","","","","","","","","","","","","","","","","","JOHN DEERE BRASIL LTDA.","KIT AUTO TRAC CONTROLLER 300 DA JOHN DEERE","AMS","","","","","","","","27/07/2026 07:00:04","Import","","","","","","","","","",""
"650761","15","0","","","","","","","","","","","","","","","","","","","IMPLEMENTOS AGRICOLAS MARISPAN","PLAINA NIVELADORA 2000","IMPLEMENTOS OM","","","","","","","","27/07/2026 07:00:04","Import","","","","","","","","","",""
"650762","15","0","","","","","","","","","","","","","","","","","","","JOHN DEERE BRASIL LTDA.","LICENÇA PERMANENTE RTK DO STARFIRE 7000 UNIVERSAL","AMS","","","","","","","","27/07/2026 07:00:04","Import","","","","","","","","","",""
"650763","15","0","","","","","","","","","","","","","","","","","","","JOHN DEERE BRASIL LTDA.","PRECISION AG ESSENTIALS, ATU","AMS","","","","","","","","27/07/2026 07:00:04","Import","","","","","","","","","",""
"650764","15","0","","","","","","","","","","","","","","","","","","","IMPLEMENTOS AGRICOLAS MARISPAN","KIT PA CARREGADEIRA AGRICOLA SERIE T","IMPLEMENTOS OM","","","","","","","","27/07/2026 07:00:04","Import","","","","","","","","","",""
"650765","15","0","","","","","","","","","","","","","","","","","","","MARCHESAN IMPL E MAQ AGRIC TAT","GRADE NIVELADORA LEVE GNL","IMPLEMENTOS OM","","","","","","","","27/07/2026 07:00:04","Import","","","","","","","","","",""
"650766","15","0","","","","","","","","","","","","","","","","","","","FORD MOTOR COMPANY BRASIL LTDA","TRATOR  FORD 6610","USADOS","","","","","","","","27/07/2026 07:00:04","Import","","","","","","","","","",""
"650767","15","0","","","","","","","","","","","","","","","","","","","JOHN DEERE BRASIL LTDA.","TRATOR JOHN DEERE 6210M","TRATOR","","","","","","","","27/07/2026 07:00:04","Import","","","","","","","","","",""
"650768","15","0","","","","","","","","","","","","","","","","","","","JOHN DEERE BRASIL LTDA.","FORRAGEIRA AUTOPROPELIDA 8300","FORRAGEIRA","","","","","","","","27/07/2026 07:00:04","Import","","","","","","","","","",""
"650769","15","0","","","","","","","","","","","","","","","","","","","JOHN DEERE BRASIL LTDA.","TRATOR JOHN DEERE 5120M","TRATOR","","","","","","","","27/07/2026 07:00:04","Import","","","","","","","","","",""
"650770","15","0","","","","","","","","","","","","","","","","","","","JOHN DEERE BRASIL LTDA.","ATIVAÇÃO ESTAÇÃO METEOROLÓGICA MOVEL JD - CONT. APL UCC2","AMS","","","","","","","","27/07/2026 07:00:04","Import","","","","","","","","","",""
"650771","15","0","","","","","","","","","","","","","","","","","","","JOHN DEERE BRASIL LTDA.","COLHEDORA DE CANA CH750 MY27","COLHEDORA CANA","","","","","","","","27/07/2026 07:00:04","Import","","","","","","","","","",""
"650772","15","0","","","","","","","","","","","","","","","","","","","INDUSTRIAS REUNIDAS COLOMBO","VAGÃO GRANELEIRO E ENSACADOR","IMPLEMENTOS OM","","","","","","","","27/07/2026 07:00:04","Import","","","","","","","","","",""
"650773","15","0","","","","","","","","","","","","","","","","","","","JOHN DEERE BRASIL LTDA.","TRATOR JOHN DEERE 5070E","TRATOR","","","","","","","","27/07/2026 07:00:04","Import","","","","","","","","","",""
"650774","15","0","","","","","","","","","","","","","","","","","","","VALTRA","TRATOR VALTRA BM 110","USADOS","","","","","","","","27/07/2026 07:00:04","Import","","","","","","","","","",""
"650775","15","0","","","","","","","","","","","","","","","","","","","VALTRA","TRATOR VALTRA A750","USADOS","","","","","","","","27/07/2026 07:00:04","Import","","","","","","","","","",""
"650776","15","0","","","","","","","","","","","","","","","","","","","JOHN DEERE BRASIL LTDA.","G5PLUS UNIVERSAL DISPLAY","AMS","","","","","","","","27/07/2026 07:00:04","Import","","","","","","","","","",""
"650777","15","0","","","","","","","","","","","","","","","","","","","IMPLEMENTOS AGRICOLAS J.Z LTDA","PA TRASEIRA MECANICA 220 LITROS","IMPLEMENTOS OM","","","","","","","","27/07/2026 07:00:04","Import","","","","","","","","","",""
"650778","15","0","","","","","","","","","","","","","","","","","","","JAN IMPLEMENTOS","TRITURADOR DE RESTOS DE CULTURA - TRITTON 1800","IMPLEMENTOS OM","","","","","","","","27/07/2026 07:00:04","Import","","","","","","","","","",""
"650779","15","0","","","","","","","","","","","","","","","","","","","JOHN DEERE BRASIL LTDA.","TRATOR JOHN DEERE 6135M","TRATOR","","","","","","","","27/07/2026 07:00:04","Import","","","","","","","","","",""
"650780","15","0","","","","","","","","","","","","","","","","","","","JOHN DEERE BRASIL LTDA.","TRATOR JOHN DEERE 8410R (MAR-I)","TRATOR","","","","","","","","27/07/2026 07:00:04","Import","","","","","","","","","",""
"650781","15","0","","","","","","","","","","","","","","","","","","","VALTRA","VALTRA BH210 I 4X4","TRATOR","","","","","","","","27/07/2026 07:00:04","Import","","","","","","","","","",""
"650782","15","0","","","","","","","","","","","","","","","","","","","AGROLEITE CABINAS AGRICOLAS","CABINE STANDARD PARA TRATOR 5425N","IMPLEMENTOS OM","","","","","","","","27/07/2026 07:00:04","Import","","","","","","","","","",""
"650783","15","0","","","","","","","","","","","","","","","","","","","MAQUINAS AGRICOLAS JACTO","COLHEDEIRA TRACIONADA DE CAFE KTR3500","USADOS","","","","","","","","27/07/2026 07:00:04","Import","","","","","","","","","",""
"650784","15","0","","","","","","","","","","","","","","","","","","","JOHN DEERE BRASIL LTDA.","JDLINK BOOST","AMS","","","","","","","","27/07/2026 07:00:04","Import","","","","","","","","","",""
"650785","15","0","","","","","","","","","","","","","","","","","","","MASSEY FERGUSON","TRATOR AGRICOLA MASSEY MF 6711","USADOS","","","","","","","","27/07/2026 07:00:04","Import","","","","","","","","","",""
"650786","15","0","","","","","","","","","","","","","","","","","","","GTS DO BRASIL","PLATAFORMA PARA COLHEITA DE MILHO","IMPLEMENTOS OM","","","","","","","","27/07/2026 07:00:04","Import","","","","","","","","","",""
"650787","15","0","","","","","","","","","","","","","","","","","","","JOHN DEERE BRASIL LTDA.","FORRAGEIRA JOHN DEERE F8 500","FORRAGEIRA","","","","","","","","27/07/2026 07:00:04","Import","","","","","","","","","",""
"650788","15","0","","","","","","","","","","","","","","","","","","","JOHN DEERE BRASIL LTDA.","COLHEITADEIRA S540 GRAOS  JOHN","COLHEITADEIRA","","","","","","","","27/07/2026 07:00:04","Import","","","","","","","","","",""
"650789","15","0","","","","","","","","","","","","","","","","","","","MINAMI IND APARELHOS P/LAVOURA","ADUBADEIRA M-535 D (CAFE)","IMPLEMENTOS OM","","","","","","","","27/07/2026 07:00:04","Import","","","","","","","","","",""
"650790","15","0","","","","","","","","","","","","","","","","","","","JOHN DEERE BRASIL LTDA.","TRATOR 6135J (MAR-I)","TRATOR","","","","","","","","27/07/2026 07:00:04","Import","","","","","","","","","",""
"650791","15","0","","","","","","","","","","","","","","","","","","","JOHN DEERE BRASIL LTDA.","TRATOR JOHN DEERE 6150J (MAR-I)","TRATOR","","","","","","","","27/07/2026 07:00:04","Import","","","","","","","","","",""
"1","9411","0","Valtra","","","","","","","","","","","","","","","","","","VT BH 145","","","","","","","","","","13/03/2012 17:31:00","VTCCONS","","","","","","","","","",""
"2","9406","0","John Deere","","","","","","","","","","","","","","","","","","JD 1113","","","","","","","","","","13/03/2012 17:31:00","VTCCONS","","","","","","","","","",""
"3","9405","0","John Deere","","","","","","","","","","","","","","","","","","JD 7500","","","","","","","","","","13/03/2012 17:31:00","VTCCONS","","","","","","","","","",""
"4","9400","0","","","","","","","","","","","","","","","","","","","John Deere","","","","","","","","","","05/01/2012 14:56:00","VTCCONS","1","1","1","1","1","1","","","1","1"
"5","9400","0","","","","","","","","","","","","","","","","","","","Valtra","","","","","","","","","","05/01/2012 14:56:00","VTCCONS","1","1","1","1","0","1","","","1","0"
"6","9402","0","","","","","","","","","","","","","","","","","","","a) <= 49 CV","","","","","","","","","","18/12/2014 18:11:00","VTCCONS","1","0","0","0","0","0","","","0","0"
"7","9402","0","","","","","","","","","","","","","","","","","","","b) de 50 a 59 CV","","","","","","","","","","05/01/2012 14:56:00","VTCCONS","0","0","0","0","0","0","","","0","0"
"9","9400","0","","","","","","","","","","","","","","","","","","","Massey","","","","","","","","","","05/01/2012 14:56:00","VTCCONS","1","1","1","1","0","1","","","1","1"
"53","9401","0","Case","g) de 100 a 119 CV","","","","","","","","","","","","","","","","","CS MX 120","","","","","","","","","","06/01/2012 15:04:00","VTCCONS","","","","","","","","","",""
"54","9401","0","Case","i) de 130 a 139 CV","","","","","","","","","","","","","","","","","CS MX 135","","","","","","","","","","06/01/2012 15:04:00","VTCCONS","","","","","","","","","",""
"55","9401","0","Case","","","","","","","","","","","","","","","","","","CS 2470","","","","","","","","","","18/11/2011 00:00:00","VORTICE","","","","","","","","","",""
"56","9401","0","Case","","","","","","","","","","","","","","","","","","CS 4490","","","","","","","","","","18/11/2011 00:00:00","VORTICE","","","","","","","","","",""
"57","9401","0","Case","","","","","","","","","","","","","","","","","","CS 7240","","","","","","","","","","18/11/2011 00:00:00","VORTICE","","","","","","","","","",""
"58","9401","0","Ford/NH","","","","","","","","","","","","","","","","","","FOR 5610","","","","","","","","","","15/12/2011 00:00:00","VTCSUPER","","","","","","","","","",""
"59","9401","0","Valtra","","","","","","","","","","","","","","","","","","VALM 1680","","","","","","","","","","18/11/2011 00:00:00","VORTICE","","","","","","","","","",""
"60","9401","0","Valtra","i) de 130 a 139 CV","","","","","","","","","","","","","","","","","VT 1380","","","","","","","","","","06/01/2012 15:04:00","VTCCONS","","","","","","","","","",""
"61","9401","0","Massey","","","","","","","","","","","","","","","","","","MF 263","","","","","","","","","","18/11/2011 00:00:00","VORTICE","","","","","","","","","",""
"62","9401","0","Valtra","","","","","","","","","","","","","","","","","","VT BM 110","","","","","","","","","","18/11/2011 00:00:00","VORTICE","","","","","","","","","",""
"63","9401","0","Valtra","e) de 80 a 89 CV","","","","","","","","","","","","","","","","","Serie A4 Geração II A850","","","","","","","","","","26/05/2019 11:49:00","DIEGO.MARQUES","1","","","","","","","","",""
"64","9401","0","New Holland","b) de 50 a 59 CV","","","","","","","","","","","","","","","","","TT3840F Estreito","","","","","","","","","","26/05/2019 11:19:00","DIEGO.MARQUES","1","","","","","","","","",""
"65","9401","0","Ford/NH","","","","","","","","","","","","","","","","","","NH TM 180","","","","","","","","","","18/11/2011 00:00:00","VORTICE","","","","","","","","","",""
"66","9401","0","Valtra","f) de 90 a 99 CV","","","","","","","","","","","","","","","","","VT 980","","","","","","","","","","06/01/2012 15:04:00","VTCCONS","","","","","","","","","",""
"67","9401","0","Valtra","h) de 120 a 129 CV","","","","","","","","","","","","","","","","","VT 128","","","","","","","","","","06/01/2012 15:04:00","VTCCONS","","","","","","","","","",""
"69","9401","0","Ford/NH","","","","","","","","","","","","","","","","","","FOR 5030","","","","","","","","","","18/11/2011 00:00:00","VORTICE","","","","","","","","","",""
"70","9401","0","Ford/NH","","","","","","","","","","","","","","","","","","FOR 8830","","","","","","","","","","18/11/2011 00:00:00","VORTICE","","","","","","","","","",""
"71","9401","0","New Holland","","","","","","","","","","","","","","","","","","TR4600","","","","","","","","","","30/04/2018 10:09:00","DIEGO.MARQUES","1","","","","","","","","",""
"72","9401","0","Ford/NH","","","","","","","","","","","","","","","","","","TR TM150","","","","","","","","","","31/08/2018 09:46:00","DIEGO.MARQUES","1","","","","","","","","",""
"73","9401","0","Agrale","e) de 80 a 89 CV","","","","","","","","","","","","","","","","","AGR 5085","","","","","","","","","","06/01/2012 11:31:00","VTCCONS","","","","","","","","","",""
"74","9401","0","Valtra","d) de 70 a 79 CV","","","","","","","","","","","","","","","","","VT BF 75","","","","","","","","","","06/01/2012 15:04:00","VTCCONS","","","","","","","","","",""
"75","9401","0","Yanmar","c) de 60 a 69 CV","","","","","","","","","","","","","","","","","YAN 65","","","","","","","","","","06/01/2012 15:04:00","VTCCONS","","","","","","","","","",""
"76","9401","0","Agrale","a) <= 49 CV","","","","","","","","","","","","","","","","","TR 4100","","","","","","","","","","10/10/2019 13:59:00","DIEGO.MARQUES","1","","","","","","","","",""
"77","9401","0","Massey","","","","","","","","","","","","","","","","","","MF 3640","","","","","","","","","","18/11/2011 00:00:00","VORTICE","","","","","","","","","",""
"78","9401","0","Massey","","","","","","","","","","","","","","","","","","MF 5275","","","","","","","","","","10/07/2019 15:26:00","DIEGO.MARQUES","1","","","","","","","","",""
"79","9401","0","Valtra","e) de 80 a 89 CV","","","","","","","","","","","","","","","","","VT 85","","","","","","","","","","06/01/2012 15:04:00","VTCCONS","","","","","","","","","",""
"80","9401","0","New Holland","e) de 80 a 89 CV","","","","","","","","","","","","","","","","","TL85E","","","","","","","","","","26/05/2019 11:23:00","DIEGO.MARQUES","1","","","","","","","","",""
"82","9401","0","Ford/NH","","","","","","","","","","","","","","","","","","FOR 6610","","","","","","","","","","18/11/2011 00:00:00","VORTICE","","","","","","","","","",""
"83","9401","0","Ford/NH","","","","","","","","","","","","","","","","","","FOR 7610","","","","","","","","","","18/11/2011 00:00:00","VORTICE","","","","","","","","","",""
"84","9401","0","Ford/NH","f) de 90 a 99 CV","","","","","","","","","","","","","","","","","NH TL 95 E","","","","","","","","","","19/01/2012 12:53:00","VTCCONS","","","","","","","","","",""
"85","9401","0","John Deere","n) >= 250 CV","","","","","","","","","","","","","","","","","TR410","","","","","","","","","","27/01/2017 15:14:00","VANESSA.ALVES","","","","","","","","","",""
"86","9401","0","John Deere","n) >= 250 CV","","","","","","","","","","","","","","","","","TR8300R","","","","","","","","","","06/03/2025 09:15:00","NETO.PRADO","1","","","","","","","","",""
"87","9401","0","Ford/NH","","","","","","","","","","","","","","","","","","FOR 4630","","","","","","","","","","18/11/2011 00:00:00","VORTICE","","","","","","","","","",""
"88","9401","0","Massey","","","","","","","","","","","","","","","","","","MF660","","","","","","","","","","30/08/2018 12:30:00","DIEGO.MARQUES","1","","","","","","","","",""
"89","9401","0","Valtra","","","","","","","","","","","","","","","","","","VT BL 77","","","","","","","","","","29/08/2019 16:09:00","DIEGO.MARQUES","1","","","","","","","","",""
"90","9401","0","John Deere","j) de 140 a 159 CV","","","","","","","","","","","","","","","","","TR7500","","","","","","","","","","06/02/2017 14:46:00","VANESSA.ALVES","1","","","","","","","","",""
"91","9401","0","Valtra","e) de 80 a 89 CV","","","","","","","","","","","","","","","","","BM 800","","","","","","","","","","18/12/2019 15:20:00","DIEGO.MARQUES","1","","","","","","","","",""
"92","9401","0","Valtra","f) de 90 a 99 CV","","","","","","","","","","","","","","","","","TR VALTRA 900","","","","","","","","","","05/08/2018 19:07:00","DIEGO.MARQUES","1","","","","","","","","",""
"93","9401","0","Ford/NH","","","","","","","","","","","","","","","","","","FOR 5630","","","","","","","","","","18/11/2011 00:00:00","VORTICE","","","","","","","","","",""
"94","9401","0","Valtra","e) de 80 a 89 CV","","","","","","","","","","","","","","","","","VT 885","","","","","","","","","","06/01/2012 15:04:00","VTCCONS","","","","","","","","","",""
"95","9401","0","Maxion","","","","","","","","","","","","","","","","","","MAX 9110","","","","","","","","","","18/11/2011 00:00:00","VORTICE","","","","","","","","","",""
"96","9401","0","Maxion","","","","","","","","","","","","","","","","","","MAX 9130","","","","","","","","","","18/11/2011 00:00:00","VORTICE","","","","","","","","","",""
"97","9401","0","Maxion","","","","","","","","","","","","","","","","","","MAX 9150","","","","","","","","","","18/11/2011 00:00:00","VORTICE","","","","","","","","","",""
"98","9401","0","Maxion","","","","","","","","","","","","","","","","","","MAX 9170","","","","","","","","","","18/11/2011 00:00:00","VORTICE","","","","","","","","","",""
"99","9401","0","John Deere","j) de 140 a 159 CV","","","","","","","","","","","","","","","","","TR7505","","","","","","","","","","06/02/2017 14:47:00","VANESSA.ALVES","1","","","","","","","","",""
"100","9401","0","Yanmar","a) <= 49 CV","","","","","","","","","","","","","","","","","YAN 1045","","","","","","","","","","06/01/2012 15:04:00","VTCCONS","","","","","","","","","",""
"101","9401","0","Valtra","h) de 120 a 129 CV","","","","","","","","","","","","","","","","","VT 1280R","","","","","","","","","","08/07/2019 08:28:00","DIEGO.MARQUES","1","","","","","","","","",""
"102","9401","0","Ford/NH","","","","","","","","","","","","","","","","","","NH TM 165","","","","","","","","","","18/11/2011 00:00:00","VORTICE","","","","","","","","","",""
"103","9401","0","John Deere","d) de 70 a 79 CV","","","","","","","","","","","","","","","","","TR5600","","","","","","","","","","06/02/2017 15:26:00","VANESSA.ALVES","1","","","","","","","","",""
"104","9401","0","CBT","","","","","","","","","","","","","","","","","","CBT 2105","","","","","","","","","","18/11/2011 00:00:00","VORTICE","","","","","","","","","",""
"105","9401","0","Agrale","a) <= 49 CV","","","","","","","","","","","","","","","","","AGR 4150","","","","","","","","","","06/01/2012 15:04:00","VTCCONS","","","","","","","","","",""
"106","9401","0","Yanmar","a) <= 49 CV","","","","","","","","","","","","","","","","","YAN 1145","","","","","","","","","","06/01/2012 11:47:00","THIAGO","","","","","","","","","",""
"107","9401","0","Massey","","","","","","","","","","","","","","","","","","TR650","","","","","","","","","","08/08/2018 13:12:00","DIEGO.MARQUES","1","","","","","","","","",""
"108","9401","0","Valtra","j) de 160 a 179 CV","","","","","","","","","","","","","","","","","BH160","","","","","","","","","","01/03/2018 10:41:00","DIEGO.MARQUES","1","","","","","","","","",""
"109","9401","0","Ford/NH","g) de 100 a 119 CV","","","","","","","","","","","","","","","","","NH TL 100","","","","","","","","","","06/01/2012 15:04:00","VTCCONS","","","","","","","","","",""
"110","9401","0","Valtra","","","","","","","","","","","","","","","","","","VALM 61 ID","","","","","","","","","","18/11/2011 00:00:00","VORTICE","","","","","","","","","",""
"111","9401","0","Massey","","","","","","","","","","","","","","","","","","MF4275","","","","","","","","","","14/11/2017 09:32:00","VANESSA.ALVES","1","","","","","","","","",""
"112","9401","0","Valtra","","","","","","","","","","","","","","","","","","VALM 60 ID","","","","","","","","","","18/11/2011 00:00:00","VORTICE","","","","","","","","","",""
"113","9401","0","Massey","","","","","","","","","","","","","","","","","","MF 7130","","","","","","","","","","18/11/2011 00:00:00","VORTICE","","","","","","","","","",""
"114","9401","0","Ford/NH","","","","","","","","","","","","","","","","","","FOR 4410","","","","","","","","","","18/11/2011 00:00:00","VORTICE","","","","","","","","","",""
"115","9401","0","Massey","","","","","","","","","","","","","","","","","","MF 1630","","","","","","","","","","18/11/2011 00:00:00","VORTICE","","","","","","","","","",""
"116","9401","0","Ideal","","","","","","","","","","","","","","","","","","IDEAL 1175","","","","","","","","","","18/11/2011 00:00:00","VORTICE","","","","","","","","","",""
"117","9401","0","Valtra","e) de 80 a 89 CV","","","","","","","","","","","","","","","","","TR 880","","","","","","","","","","06/02/2026 08:36:00","MATHEUS.AUGUSTO","1","","","","","","","","",""
"118","9401","0","New Holland","","","","","","","","","","","","","","","","","","TR TM140","","","","","","","","","","16/07/2018 15:44:00","DIEGO.MARQUES","1","","","","","","","","",""
"119","9401","0","Ford/NH","","","","","","","","","","","","","","","","","","FOR 8030","","","","","","","","","","18/11/2011 00:00:00","VORTICE","","","","","","","","","",""
"120","9401","0","CBT","","","","","","","","","","","","","","","","","","CBT 1105","","","","","","","","","","18/11/2011 00:00:00","VORTICE","","","","","","","","","",""
"121","9401","0","Case","j) de 160 a 179 CV","","","","","","","","","","","","","","","","","MX180","","","","","","","","","","08/03/2018 14:04:00","DIEGO.MARQUES","1","","","","","","","","",""
"122","9401","0","Massey","g) de 100 a 119 CV","","","","","","","","","","","","","","","","","MF 4292","","","","","","","","","","13/06/2018 11:02:00","DIEGO.MARQUES","1","","","","","","","","",""
"123","9401","0","Ford/NH","","","","","","","","","","","","","","","","","","NH TC 50","","","","","","","","","","18/11/2011 00:00:00","VORTICE","","","","","","","","","",""
"124","9401","0","Ford/NH","","","","","","","","","","","","","","","","","","NH TC 57","","","","","","","","","","18/11/2011 00:00:00","VORTICE","","","","","","","","","",""
"126","9401","0","Ford/NH","c) de 60 a 69 CV","","","","","","","","","","","","","","","","","NH TL 65E","","","","","","","","","","19/01/2012 12:53:00","VTCCONS","","","","","","","","","",""
"127","9401","0","Ford/NH","d) de 70 a 79 CV","","","","","","","","","","","","","","","","","NH TL 70","","","","","","","","","","11/07/2019 13:55:00","DIEGO.MARQUES","1","","","","","","","","",""
"128","9401","0","Ford/NH","","","","","","","","","","","","","","","","","","NH TT 55","","","","","","","","","","18/11/2011 00:00:00","VORTICE","","","","","","","","","",""
"129","9401","0","Ford/NH","","","","","","","","","","","","","","","","","","NH TT 3580","","","","","","","","","","18/11/2011 00:00:00","VORTICE","","","","","","","","","",""
"130","9401","0","New Holland","d) de 70 a 79 CV","","","","","","","","","","","","","","","","","TT3880F Estreito","","","","","","","","","","26/05/2019 11:20:00","DIEGO.MARQUES","1","","","","","","","","",""
"131","9401","0","New Holland","","","","","","","","","","","","","","","","","","NH 8430","","","","","","","","","","29/09/2020 12:19:00","DIEGO.MARQUES","1","","","","","","","","",""
"132","9401","0","Massey","k) de 180 a 199 CV","","","","","","","","","","","","","","","","","TR MF7180","","","","","","","","","","26/04/2018 13:48:00","DIEGO.MARQUES","1","","","","","","","","",""
"133","9401","0","John Deere","h) de 120 a 129 CV","","","","","","","","","","","","","","","","","TR6605","","","","","","","","","","06/02/2017 14:43:00","VANESSA.ALVES","1","","","","","","","","",""
"134","9401","0","John Deere","d) de 70 a 79 CV","","","","","","","","","","","","","","","","","JDB 5075E","","","","","","","","","","06/01/2012 11:47:00","THIAGO","","","","","","","","","",""
"135","9401","0","Valtra","","","","","","","","","","","","","","","","","","VT BM 145","","","","","","","","","","18/11/2011 00:00:00","VORTICE","","","","","","","","","",""
"136","9401","0","John Deere","m) de 220 a 249 CV","","","","","","","","","","","","","","","","","TR8245R","","","","","","","","","","06/02/2017 14:48:00","VANESSA.ALVES","1","","","","","","","","",""
"137","9401","0","John Deere","d) de 70 a 79 CV","","","","","","","","","","","","","","","","","TR5075E","","","","","","","","","","06/02/2017 15:16:00","VANESSA.ALVES","1","","","","","","","","",""
"138","9401","0","Massey","j) de 140 a 159 CV","","","","","","","","","","","","","","","","","MF 7140","","","","","","","","","","06/01/2012 15:04:00","VTCCONS","","","","","","","","","",""
"139","9401","0","Valtra","","","","","","","","","","","","","","","","","","VT 7890","","","","","","","","","","18/11/2011 00:00:00","VORTICE","","","","","","","","","",""
"140","9401","0","John Deere","h) de 120 a 129 CV","","","","","","","","","","","","","","","","","TR6125D","","","","","","","","","","10/09/2025 08:16:00","MATHEUS.AUGUSTO","0","","","","","","","","",""
"141","9401","0","Massey","","","","","","","","","","","","","","","","","","MF 4282","","","","","","","","","","18/11/2011 00:00:00","VORTICE","","","","","","","","","",""
"144","9401","0","John Deere","l) de 200 a 219 CV","","","","","","","","","","","","","","","","","TR7205J","","","","","","","","","","06/02/2017 14:45:00","VANESSA.ALVES","1","","","","","","","","",""
"145","9401","0","Massey","","","","","","","","","","","","","","","","","","MF 6150","","","","","","","","","","18/11/2011 00:00:00","VORTICE","","","","","","","","","",""
"146","9401","0","Massey","","","","","","","","","","","","","","","","","","MF 6160","","","","","","","","","","18/11/2011 00:00:00","VORTICE","","","","","","","","","",""
"148","9401","0","Massey","","","","","","","","","","","","","","","","","","MF 5650","","","","","","","","","","18/11/2011 00:00:00","VORTICE","","","","","","","","","",""
"149","9401","0","Massey","","","","","","","","","","","","","","","","","","MF 293","","","","","","","","","","18/11/2011 00:00:00","VORTICE","","","","","","","","","",""
"150","9401","0","Ford/NH","","","","","","","","","","","","","","","","","","NH 38","","","","","","","","","","18/11/2011 00:00:00","VORTICE","","","","","","","","","",""
"151","9401","0","Massey","","","","","","","","","","","","","","","","","","MF 85 X","","","","","","","","","","18/11/2011 00:00:00","VORTICE","","","","","","","","","",""
"152","9401","0","John Deere","d) de 70 a 79 CV","","","","","","","","","","","","","","","","","TR5078E","","","","","","","","","","06/02/2017 15:16:00","VANESSA.ALVES","1","","","","","","","","",""
"153","9401","0","Ford/NH","","","","","","","","","","","","","","","","","","NH TS 110","","","","","","","","","","18/11/2011 00:00:00","VORTICE","","","","","","","","","",""
"154","9401","0","Ford/NH","d) de 70 a 79 CV","","","","","","","","","","","","","","","","","NH TL 72","","","","","","","","","","06/01/2012 15:04:00","VTCCONS","","","","","","","","","",""
"155","9401","0","Ford/NH","","","","","","","","","","","","","","","","","","NH TM 160","","","","","","","","","","18/11/2011 00:00:00","VORTICE","","","","","","","","","",""
"156","9401","0","Ford/NH","e) de 80 a 89 CV","","","","","","","","","","","","","","","","","TL80","","","","","","","","","","30/08/2018 12:30:00","DIEGO.MARQUES","1","","","","","","","","",""
"157","9401","0","Ford/NH","","","","","","","","","","","","","","","","","","NH 7040","","","","","","","","","","18/11/2011 00:00:00","VORTICE","","","","","","","","","",""
"158","9401","0","John Deere","k) de 180 a 199 CV","","","","","","","","","","","","","","","","","TR6180J","","","","","","","","","","06/02/2017 15:34:00","VANESSA.ALVES","1","","","","","","","","",""
"159","9401","0","Massey","","","","","","","","","","","","","","","","","","MF 267","","","","","","","","","","18/11/2011 00:00:00","VORTICE","","","","","","","","","",""
"160","9401","0","John Deere","k) de 180 a 199 CV","","","","","","","","","","","","","","","","","TR7185 J","","","","","","","","","","27/01/2017 14:46:00","VANESSA.ALVES","","","","","","","","","",""
"161","9401","0","John Deere","h) de 120 a 129 CV","","","","","","","","","","","","","","","","","TR6125E","","","","","","","","","","10/09/2025 08:16:00","MATHEUS.AUGUSTO","0","","","","","","","","",""
"162","9401","0","Massey","k) de 180 a 199 CV","","","","","","","","","","","","","","","","","MF 7390","","","","","","","","","","06/01/2012 15:04:00","VTCCONS","","","","","","","","","",""
"163","9401","0","New Holland","d) de 70 a 79 CV","","","","","","","","","","","","","","","","","TT4030","","","","","","","","","","26/05/2019 11:17:00","DIEGO.MARQUES","1","","","","","","","","",""
"164","9401","0","Ford/NH","","","","","","","","","","","","","","","","","","NH 8630","","","","","","","","","","18/11/2011 00:00:00","VORTICE","","","","","","","","","",""
"165","9401","0","Massey","e) de 80 a 89 CV","","","","","","","","","","","","","","","","","MF 4283","","","","","","","","","","21/11/2017 08:02:00","VANESSA.ALVES","1","","","","","","","","",""
"166","9401","0","Valtra","c) de 60 a 69 CV","","","","","","","","","","","","","","","","","Serie A4 Geração II A650","","","","","","","","","","26/05/2019 11:48:00","DIEGO.MARQUES","1","","","","","","","","",""
"167","9401","0","Ford/NH","","","","","","","","","","","","","","","","","","NH TS 7030","","","","","","","","","","18/11/2011 00:00:00","VORTICE","","","","","","","","","",""
"168","9401","0","Case","h) de 120 a 129 CV","","","","","","","","","","","","","","","","","CS MXM 125","","","","","","","","","","06/01/2012 11:47:00","THIAGO","","","","","","","","","",""
"169","9401","0","Massey","l) de 200 a 219 CV","","","","","","","","","","","","","","","","","MF 7415","","","","","","","","","","06/01/2012 11:47:00","THIAGO","","","","","","","","","",""
"170","9401","0","John Deere","n) >= 250 CV","","","","","","","","","","","","","","","","","TR8320R","","","","","","","","","","10/09/2025 08:18:00","MATHEUS.AUGUSTO","0","","","","","","","","",""
"171","9401","0","John Deere","h) de 120 a 129 CV","","","","","","","","","","","","","","","","","TR6125J PQ PN18","","","","","","","","","","06/03/2025 09:05:00","NETO.PRADO","1","","","","","","","","",""
"172","9401","0","John Deere","n) >= 250 CV","","","","","","","","","","","","","","","","","JD STS 9670","","","","","","","","","","08/02/2013 14:59:00","MARCELO.EDER","","","","","","","","","",""
"173","9401","0","Case","","","","","","","","","","","","","","","","","","CS 2799","","","","","","","","","","18/11/2011 00:00:00","VORTICE","","","","","","","","","",""
"175","9401","0","Valtra","f) de 90 a 99 CV","","","","","","","","","","","","","","","","","Série A4 Geração II A950","","","","","","","","","","26/05/2019 11:50:00","DIEGO.MARQUES","1","","","","","","","","",""
"176","9401","0","Massey","","","","","","","","","","","","","","","","","","TR 270 - Usado","","","","","","","","","","18/11/2011 00:00:00","VORTICE","","","","","","","","","",""
"177","9401","0","Ford/NH","","","","","","","","","","","","","","","","","","IPANEMA-NH 5070","","","","","","","","","","18/11/2011 00:00:00","VORTICE","","","","","","","","","",""
"2445","9401","0","John Deere","b) de 50 a 59 CV","","","","","","","","","","","","","","","","","JDB 5303 B","","","","","","","","","","06/01/2012 11:47:00","THIAGO","","","","","","","","","",""
"2446","9401","0","John Deere","c) de 60 a 69 CV","","","","","","","","","","","","","","","","","TR5403","","","","","","","","","","06/02/2017 15:26:00","VANESSA.ALVES","1","","","","","","","","",""
"2447","9401","0","John Deere","d) de 70 a 79 CV","","","","","","","","","","","","","","","","","TR5603","","","","","","","","","","06/02/2017 15:26:00","VANESSA.ALVES","1","","","","","","","","",""
"2448","9401","0","John Deere","d) de 70 a 79 CV","","","","","","","","","","","","","","","","","TR5605","","","","","","","","","","06/02/2017 15:27:00","VANESSA.ALVES","1","","","","","","","","",""
"2450","9401","0","John Deere","d) de 70 a 79 CV","","","","","","","","","","","","","","","","","TR5425N","","","","","","","","","","06/02/2017 15:26:00","VANESSA.ALVES","1","","","","","","","","",""
"2451","9401","0","John Deere","g) de 100 a 119 CV","","","","","","","","","","","","","","","","","JD 6415 CLASS","","","","","","","","","","08/02/2013 14:59:00","MARCELO.EDER","","","","","","","","","",""
"2452","9401","0","John Deere","h) de 120 a 129 CV","","","","","","","","","","","","","","","","","JD 6615 CLASS","","","","","","","","","","08/02/2013 14:59:00","MARCELO.EDER","","","","","","","","","",""
"2453","9401","0","John Deere","g) de 100 a 119 CV","","","","","","","","","","","","","","","","","TR6415","","","","","","","","","","06/02/2017 14:39:00","VANESSA.ALVES","1","","","","","","","","",""
"2454","9401","0","John Deere","h) de 120 a 129 CV","","","","","","","","","","","","","","","","","TR6615","","","","","","","","","","06/02/2017 14:43:00","VANESSA.ALVES","1","","","","","","","","",""
"2455","9401","0","John Deere","j) de 140 a 159 CV","","","","","","","","","","","","","","","","","TR7515","","","","","","","","","","06/02/2017 14:47:00","VANESSA.ALVES","1","","","","","","","","",""
"2456","9401","0","John Deere","k) de 180 a 199 CV","","","","","","","","","","","","","","","","","TR7715","","","","","","","","","","06/02/2017 14:47:00","VANESSA.ALVES","1","","","","","","","","",""
"2457","9401","0","John Deere","l) de 200 a 219 CV","","","","","","","","","","","","","","","","","TR7815","","","","","","","","","","06/02/2017 14:47:00","VANESSA.ALVES","1","","","","","","","","",""
"2458","9401","0","John Deere","m) de 220 a 249 CV","","","","","","","","","","","","","","","","","TR8230R","","","","","","","","","","06/03/2025 09:14:00","NETO.PRADO","1","","","","","","","","",""
"2459","9401","0","John Deere","n) >= 250 CV","","","","","","","","","","","","","","","","","TR8430R","","","","","","","","","","06/03/2025 09:17:00","NETO.PRADO","1","","","","","","","","",""
"2460","9401","0","John Deere","c) de 60 a 69 CV","","","","","","","","","","","","","","","","","JD 5403 MDA","","","","","","","","","","08/02/2013 14:59:00","MARCELO.EDER","","","","","","","","","",""
"2461","9401","0","John Deere","b) de 50 a 59 CV","","","","","","","","","","","","","","","","","TR5303","","","","","","","","","","06/02/2017 15:26:00","VANESSA.ALVES","1","","","","","","","","",""
"2474","9401","0","John Deere","i) de 130 a 139 CV","","","","","","","","","","","","","","","","","TR 6130 - 130cv","","","","","","","","","","08/02/2013 14:59:00","MARCELO.EDER","","","","","","","","","",""
"2475","9401","0","Massey","b) de 50 a 59 CV","","","","","","","","","","","","","","","","","MF 255","","","","","","","","","","06/01/2012 11:47:00","THIAGO","","","","","","","","","",""
"2476","9401","0","Massey","c) de 60 a 69 CV","","","","","","","","","","","","","","","","","MF265","","","","","","","","","","08/10/2018 15:50:00","DIEGO.MARQUES","1","","","","","","","","",""
"2477","9401","0","Massey","d) de 70 a 79 CV","","","","","","","","","","","","","","","","","MF275","","","","","","","","","","23/07/2018 12:34:00","DIEGO.MARQUES","1","","","","","","","","",""
"2478","9401","0","Massey","e) de 80 a 89 CV","","","","","","","","","","","","","","","","","MF 283 E","","","","","","","","","","20/11/2017 17:16:00","VANESSA.ALVES","1","","","","","","","","",""
"2479","9401","0","Massey","e) de 80 a 89 CV","","","","","","","","","","","","","","","","","MF 290 CAN","","","","","","","","","","06/01/2012 11:47:00","THIAGO","","","","","","","","","",""
"2480","9401","0","Massey","","","","","","","","","","","","","","","","","","MF 291","","","","","","","","","","18/11/2011 00:00:00","VORTICE","","","","","","","","","",""
"2481","9401","0","Massey","","","","","","","","","","","","","","","","","","MF292","","","","","","","","","","30/08/2018 12:31:00","DIEGO.MARQUES","1","","","","","","","","",""
"2482","9401","0","Massey","","","","","","","","","","","","","","","","","","MF 297","","","","","","","","","","18/11/2011 00:00:00","VORTICE","","","","","","","","","",""
"2483","9401","0","Massey","","","","","","","","","","","","","","","","","","MF 298","","","","","","","","","","18/11/2011 00:00:00","VORTICE","","","","","","","","","",""
"2484","9401","0","Massey","","","","","","","","","","","","","","","","","","MF 299","","","","","","","","","","18/11/2011 00:00:00","VORTICE","","","","","","","","","",""
"2485","9401","0","Massey","","","","","","","","","","","","","","","","","","MF 5285","","","","","","","","","","18/11/2011 00:00:00","VORTICE","","","","","","","","","",""
"2486","9401","0","Massey","","","","","","","","","","","","","","","","","","MF 5290","","","","","","","","","","18/11/2011 00:00:00","VORTICE","","","","","","","","","",""
"2487","9401","0","Massey","","","","","","","","","","","","","","","","","","MF 5310","","","","","","","","","","18/11/2011 00:00:00","VORTICE","","","","","","","","","",""
"2488","9401","0","Massey","h) de 120 a 129 CV","","","","","","","","","","","","","","","","","MF 5320","","","","","","","","","","08/04/2025 08:55:00","MATHEUS.AUGUSTO","1","","","","","","","","",""
"2489","9401","0","Massey","k) de 180 a 199 CV","","","","","","","","","","","","","","","","","MF 6350","","","","","","","","","","06/01/2012 11:47:00","THIAGO","","","","","","","","","",""
"2490","9401","0","Massey","l) de 200 a 219 CV","","","","","","","","","","","","","","","","","MF 6360","","","","","","","","","","06/01/2012 11:47:00","THIAGO","","","","","","","","","",""
"2491","9401","0","Massey","","","","","","","","","","","","","","","","","","MF 8480","","","","","","","","","","18/11/2011 00:00:00","VORTICE","","","","","","","","","",""
"2497","9401","0","Ford/NH","j) de 140 a 159 CV","","","","","","","","","","","","","","","","","TR TM7020","","","","","","","","","","08/08/2018 16:40:00","DIEGO.MARQUES","1","","","","","","","","",""
"2498","9401","0","Ford/NH","j) de 140 a 159 CV","","","","","","","","","","","","","","","","","NH TM 7010","","","","","","","","","","06/01/2012 11:47:00","THIAGO","","","","","","","","","",""
"2511","9401","0","Ford/NH","d) de 70 a 79 CV","","","","","","","","","","","","","","","","","NH TL 75 E","","","","","","","","","","06/01/2012 11:47:00","THIAGO","","","","","","","","","",""
"2512","9401","0","Case","l) de 200 a 219 CV","","","","","","","","","","","","","","","","","CS MX 220","","","","","","","","","","06/01/2012 15:04:00","VTCCONS","","","","","","","","","",""
"2514","9401","0","Case","m) de 220 a 249 CV","","","","","","","","","","","","","","","","","CS MX 240","","","","","","","","","","06/01/2012 15:04:00","VTCCONS","","","","","","","","","",""
"2515","9401","0","Case","n) >= 250 CV","","","","","","","","","","","","","","","","","CS MX 270","","","","","","","","","","06/01/2012 15:04:00","VTCCONS","","","","","","","","","",""
"2516","9401","0","Case","i) de 130 a 139 CV","","","","","","","","","","","","","","","","","CS MXM 135","","","","","","","","","","06/01/2012 11:47:00","THIAGO","","","","","","","","","",""
"2517","9401","0","Case","j) de 140 a 159 CV","","","","","","","","","","","","","","","","","CS MXM 150","","","","","","","","","","06/01/2012 11:47:00","THIAGO","","","","","","","","","",""
"2518","9401","0","Case","j) de 160 a 179 CV","","","","","","","","","","","","","","","","","CS MXM 165","","","","","","","","","","06/01/2012 11:47:00","THIAGO","","","","","","","","","",""
"2519","9401","0","Case","k) de 180 a 199 CV","","","","","","","","","","","","","","","","","CS MXM 180","","","","","","","","","","06/01/2012 11:47:00","THIAGO","","","","","","","","","",""
"2520","9401","0","Case","","","","","","","","","","","","","","","","","","CS 2388","","","","","","","","","","18/11/2011 00:00:00","VORTICE","","","","","","","","","",""
"2521","9401","0","Case","","","","","","","","","","","","","","","","","","CS 2399","","","","","","","","","","18/11/2011 00:00:00","VORTICE","","","","","","","","","",""
"2526","9402","0","","","","","","","","","","","","","","","","","","","c) de 60 a 69 CV","","","","","","","","","","05/01/2012 14:56:00","VTCCONS","","","","","","","","","",""
"2527","9402","0","","","","","","","","","","","","","","","","","","","d) de 70 a 79 CV","","","","","","","","","","05/01/2012 14:56:00","VTCCONS","","","","","","","","","",""
"2528","9402","0","","","","","","","","","","","","","","","","","","","e) de 80 a 89 CV","","","","","","","","","","05/01/2012 14:56:00","VTCCONS","","","","","","","","","",""
"2529","9402","0","","","","","","","","","","","","","","","","","","","f) de 90 a 99 CV","","","","","","","","","","05/01/2012 14:56:00","VTCCONS","","","","","","","","","",""
"2530","9402","0","","","","","","","","","","","","","","","","","","","g) de 100 a 119 CV","","","","","","","","","","05/01/2012 14:56:00","VTCCONS","0","0","0","0","0","0","","","0","0"
"2531","9402","0","","","","","","","","","","","","","","","","","","","h) de 120 a 129 CV","","","","","","","","","","05/01/2012 14:56:00","VTCCONS","0","0","0","0","0","0","","","0","0"
"2532","9402","0","","","","","","","","","","","","","","","","","","","i) de 130 a 139 CV","","","","","","","","","","05/01/2012 14:56:00","VTCCONS","0","0","0","0","0","0","","","0","0"
"2533","9402","0","","","","","","","","","","","","","","","","","","","j) de 140 a 159 CV","","","","","","","","","","05/01/2012 14:56:00","VTCCONS","0","0","0","0","0","0","","","0","0"
"2534","9402","0","","","","","","","","","","","","","","","","","","","j) de 160 a 179 CV","","","","","","","","","","05/01/2012 14:56:00","VTCCONS","0","0","0","0","0","0","","","0","0"
"2535","9402","0","","","","","","","","","","","","","","","","","","","k) de 180 a 199 CV","","","","","","","","","","05/01/2012 14:56:00","VTCCONS","0","0","0","0","0","0","","","0","0"
"2536","9402","0","","","","","","","","","","","","","","","","","","","l) de 200 a 219 CV","","","","","","","","","","05/01/2012 14:56:00","VTCCONS","0","0","0","0","0","0","","","0","0"
"2537","9402","0","","","","","","","","","","","","","","","","","","","m) de 220 a 249 CV","","","","","","","","","","05/01/2012 14:56:00","VTCCONS","0","0","0","0","0","0","","","0","0"
"2538","9402","0","","","","","","","","","","","","","","","","","","","n) >= 250 CV","","","","","","","","","","05/01/2012 14:56:00","VTCCONS","0","0","0","0","0","0","","","0","0"
"2539","9400","0","","","","","","","","","","","","","","","","","","","Ford/NH","","","","","","","","","","01/04/2012 14:49:00","VTCCONS","1","1","1","1","0","1","","","1","0"
"2540","9400","0","","","","","","","","","","","","","","","","","","","Case","","","","","","","","","","05/01/2012 14:56:00","VTCCONS","1","1","1","1","0","1","","","1","0"
"2541","9400","0","","","","","","","","","","","","","","","","","","","Agrale","","","","","","","","","","05/01/2012 14:56:00","VTCCONS","1","1","1","1","0","1","","","1","0"
"2570","9401","0","Agrale","a) <= 49 CV","","","","","","","","","","","","","","","","","AGR 4230","","","","","","","","","","06/01/2012 11:31:00","VTCCONS","","","","","","","","","",""
"2571","9401","0","Agrale","a) <= 49 CV","","","","","","","","","","","","","","","","","AGR 4118","","","","","","","","","","06/01/2012 11:47:00","THIAGO","","","","","","","","","",""
"2572","9401","0","Massey","b) de 50 a 59 CV","","","","","","","","","","","","","","","","","TR 250X","","","","","","","","","","09/08/2018 09:56:00","DIEGO.MARQUES","1","","","","","","","","",""
"2574","9405","0","Agrale","Corte molinete","Rotor","","","","","","","","","","","","","","","","AGR 0000","","","","","","","","","","06/01/2012 07:40:00","VTCCONS","0","0","0","0","0","0","","","0","0"
"2575","9401","0","Ford/NH","c) de 60 a 69 CV","","","","","","","","","","","","","","","","","NH TL 60 E","","","","","","","","","","06/01/2012 11:47:00","THIAGO","","","","","","","","","",""
"2576","9401","0","Ford/NH","g) de 100 a 119 CV","","","","","","","","","","","","","","","","","TR7630","","","","","","","","","","01/03/2018 10:34:00","DIEGO.MARQUES","1","","","","","","","","",""
"2577","9401","0","Ford/NH","g) de 100 a 119 CV","","","","","","","","","","","","","","","","","TR TS6020","","","","","","","","","","07/02/2019 08:08:00","DIEGO.MARQUES","1","","","","","","","","",""
"2578","9401","0","Ford/NH","h) de 120 a 129 CV","","","","","","","","","","","","","","","","","TR8030","","","","","","","","","","16/02/2018 08:23:00","VANESSA.ALVES","1","","","","","","","","",""
"2579","9401","0","Ford/NH","i) de 130 a 139 CV","","","","","","","","","","","","","","","","","TR6040","","","","","","","","","","20/09/2019 11:25:00","DIEGO.MARQUES","1","","","","","","","","",""
"2580","9401","0","Ford/NH","j) de 160 a 179 CV","","","","","","","","","","","","","","","","","NH TM 7030","","","","","","","","","","06/01/2012 11:47:00","THIAGO","","","","","","","","","",""
"2581","9401","0","New Holland","k) de 180 a 199 CV","","","","","","","","","","","","","","","","","TR TM7040","","","","","","","","","","01/03/2018 10:42:00","DIEGO.MARQUES","1","","","","","","","","",""
"2582","9401","0","Ford/NH","m) de 220 a 249 CV","","","","","","","","","","","","","","","","","NH T7060","","","","","","","","","","03/09/2019 12:40:00","DIEGO.MARQUES","1","","","","","","","","",""
"2583","9401","0","John Deere","d) de 70 a 79 CV","","","","","","","","","","","","","","","","","JD 5425","","","","","","","","","","06/01/2012 11:47:00","THIAGO","","","","","","","","","",""
"2585","9401","0","John Deere","e) de 80 a 89 CV","","","","","","","","","","","","","","","","","TR5085E","","","","","","","","","","10/09/2025 08:20:00","MATHEUS.AUGUSTO","0","","","","","","","","",""
"2586","9401","0","Ford/NH","f) de 90 a 99 CV","","","","","","","","","","","","","","","","","NH TS 6000","","","","","","","","","","06/01/2012 11:47:00","THIAGO","","","","","","","","","",""
"2587","9401","0","John Deere","g) de 100 a 119 CV","","","","","","","","","","","","","","","","","TR6110J","","","","","","","","","","10/09/2025 08:27:00","MATHEUS.AUGUSTO","1","","","","","","","","",""
"2588","9401","0","John Deere","j) de 140 a 159 CV","","","","","","","","","","","","","","","","","TR6145J","","","","","","","","","","06/02/2017 15:31:00","VANESSA.ALVES","1","","","","","","","","",""
"2589","9401","0","John Deere","j) de 160 a 179 CV","","","","","","","","","","","","","","","","","TR6165J","","","","","","","","","","27/01/2017 13:05:00","VANESSA.ALVES","","","","","","","","","",""
"2590","9401","0","John Deere","m) de 220 a 249 CV","","","","","","","","","","","","","","","","","TR7225J","","","","","","","","","","06/02/2017 14:45:00","VANESSA.ALVES","1","","","","","","","","",""
"2592","9401","0","John Deere","m) de 220 a 249 CV","","","","","","","","","","","","","","","","","JD 8245","","","","","","","","","","06/01/2012 11:47:00","THIAGO","","","","","","","","","",""
"2593","9401","0","John Deere","n) >= 250 CV","","","","","","","","","","","","","","","","","TR8320R","","","","","","","","","","06/03/2025 09:15:00","NETO.PRADO","1","","","","","","","","",""
"2594","9401","0","John Deere","n) >= 250 CV","","","","","","","","","","","","","","","","","TR8270","","","","","","","","","","10/09/2025 08:18:00","MATHEUS.AUGUSTO","0","","","","","","","","",""
"2595","9401","0","Massey","c) de 60 a 69 CV","","","","","","","","","","","","","","","","","MF 4265","","","","","","","","","","06/01/2012 11:47:00","THIAGO","","","","","","","","","",""
"2596","9401","0","Massey","d) de 70 a 79 CV","","","","","","","","","","","","","","","","","MF 4283 Compacto","","","","","","","","","","15/10/2018 15:11:00","DIEGO.MARQUES","","","","","","","","","",""
"2597","9401","0","Massey","e) de 80 a 89 CV","","","","","","","","","","","","","","","","","MF4290","","","","","","","","","","12/03/2020 12:48:00","DIEGO.MARQUES","1","","","","","","","","",""
"2598","9401","0","Massey","g) de 100 a 119 CV","","","","","","","","","","","","","","","","","MF 4291","","","","","","","","","","06/01/2012 15:04:00","VTCCONS","","","","","","","","","",""
"2599","9401","0","Massey","h) de 120 a 129 CV","","","","","","","","","","","","","","","","","MF 4297","","","","","","","","","","06/01/2012 15:04:00","VTCCONS","","","","","","","","","",""
"2600","9401","0","Massey","i) de 130 a 139 CV","","","","","","","","","","","","","","","","","MF 4299","","","","","","","","","","06/01/2012 15:04:00","VTCCONS","","","","","","","","","",""
"2601","9401","0","Massey","j) de 140 a 159 CV","","","","","","","","","","","","","","","","","MF 7150","","","","","","","","","","06/01/2012 15:04:00","VTCCONS","","","","","","","","","",""
"2602","9401","0","Massey","j) de 140 a 159 CV","","","","","","","","","","","","","","","","","MF 7350","","","","","","","","","","06/01/2012 15:04:00","VTCCONS","","","","","","","","","",""
"2603","9401","0","Massey","j) de 160 a 179 CV","","","","","","","","","","","","","","","","","MF 7370","","","","","","","","","","06/01/2012 15:04:00","VTCCONS","","","","","","","","","",""
"2604","9401","0","Massey","j) de 160 a 179 CV","","","","","","","","","","","","","","","","","MF 7170","","","","","","","","","","06/01/2012 15:04:00","VTCCONS","","","","","","","","","",""
"2605","9400","1","","","","","","","","","","","","","","","","","","","Yanmar","","","","","","","","","","06/01/2012 13:56:00","THIAGO","1","1","1","1","0","1","","","1","0"
"2606","9401","0","Yanmar","a) <= 49 CV","","","","","","","","","","","","","","","","","YAN 1030","","","","","","","","","","06/01/2012 11:47:00","THIAGO","","","","","","","","","",""
"2607","9401","0","Yanmar","b) de 50 a 59 CV","","","","","","","","","","","","","","","","","YAN 1155","","","","","","","","","","06/01/2012 11:47:00","THIAGO","","","","","","","","","",""
"2608","9401","0","Yanmar","b) de 50 a 59 CV","","","","","","","","","","","","","","","","","YAN 1055","","","","","","","","","","06/01/2012 11:47:00","THIAGO","","","","","","","","","",""
"2609","9401","0","Massey","b) de 50 a 59 CV","","","","","","","","","","","","","","","","","MF 250 E","","","","","","","","","","06/01/2012 11:47:00","THIAGO","","","","","","","","","",""
"2610","9401","0","Valtra","b) de 50 a 59 CV","","","","","","","","","","","","","","","","","VT 585","","","","","","","","","","06/01/2012 11:47:00","THIAGO","","","","","","","","","",""
"2611","9401","0","Yanmar","b) de 50 a 59 CV","","","","","","","","","","","","","","","","","YAN 1050","","","","","","","","","","06/01/2012 11:47:00","THIAGO","","","","","","","","","",""
"2612","9401","0","Case","b) de 50 a 59 CV","","","","","","","","","","","","","","","","","CS JX 60","","","","","","","","","","06/01/2012 11:47:00","THIAGO","","","","","","","","","",""
"2613","9401","0","Valtra","c) de 60 a 69 CV","","","","","","","","","","","","","","","","","TR VALTRA 685","","","","","","","","","","20/07/2018 13:31:00","DIEGO.MARQUES","1","","","","","","","","",""
"2614","9401","0","Valtra","c) de 60 a 69 CV","","","","","","","","","","","","","","","","","VT A 650","","","","","","","","","","06/01/2012 11:47:00","THIAGO","","","","","","","","","",""
"2615","9401","0","Valtra","c) de 60 a 69 CV","","","","","","","","","","","","","","","","","BF65","","","","","","","","","","02/04/2019 14:06:00","DIEGO.MARQUES","1","","","","","","","","",""
"2616","9401","0","Agrale","c) de 60 a 69 CV","","","","","","","","","","","","","","","","","AGR 5065","","","","","","","","","","06/01/2012 11:47:00","THIAGO","","","","","","","","","",""
"2617","9401","0","Case","c) de 60 a 69 CV","","","","","","","","","","","","","","","","","CS JX 70","","","","","","","","","","06/01/2012 11:47:00","THIAGO","","","","","","","","","",""
"2618","9401","0","Valtra","d) de 70 a 79 CV","","","","","","","","","","","","","","","","","TR A750","","","","","","","","","","19/03/2018 14:47:00","DIEGO.MARQUES","1","","","","","","","","",""
"2619","9401","0","Valtra","d) de 70 a 79 CV","","","","","","","","","","","","","","","","","BF75","","","","","","","","","","04/12/2018 09:05:00","DIEGO.MARQUES","1","","","","","","","","",""
"2620","9401","0","Agrale","d) de 70 a 79 CV","","","","","","","","","","","","","","","","","AGR 5075","","","","","","","","","","06/01/2012 11:47:00","THIAGO","","","","","","","","","",""
"2621","9401","0","Yanmar","d) de 70 a 79 CV","","","","","","","","","","","","","","","","","YAN 1175","","","","","","","","","","06/01/2012 15:04:00","VTCCONS","","","","","","","","","",""
"2622","9401","0","Case","e) de 80 a 89 CV","","","","","","","","","","","","","","","","","CS FARMALL 80","","","","","","","","","","08/07/2019 08:28:00","DIEGO.MARQUES","1","","","","","","","","",""
"2623","9401","0","Agrale","e) de 80 a 89 CV","","","","","","","","","","","","","","","","","AGR 5085.4","","","","","","","","","","08/10/2018 14:01:00","DIEGO.MARQUES","1","","","","","","","","",""
"2624","9401","0","Massey","e) de 80 a 89 CV","","","","","","","","","","","","","","","","","MF290","","","","","","","","","","03/07/2018 13:36:00","DIEGO.MARQUES","1","","","","","","","","",""
"2625","9401","0","Case","f) de 90 a 99 CV","","","","","","","","","","","","","","","","","CS FARMALL 9","","","","","","","","","","06/01/2012 11:47:00","THIAGO","","","","","","","","","",""
"2626","9401","0","Valtra","g) de 100 a 119 CV","","","","","","","","","","","","","","","","","VT BM 100","","","","","","","","","","06/01/2012 11:47:00","THIAGO","","","","","","","","","",""
"2627","9401","0","Valtra","g) de 100 a 119 CV","","","","","","","","","","","","","","","","","VT BM 100 PC","","","","","","","","","","06/01/2012 11:47:00","THIAGO","","","","","","","","","",""
"2628","9401","0","John Deere","g) de 100 a 119 CV","","","","","","","","","","","","","","","","","TR 6110E","","","","","","","","","","06/03/2025 08:53:00","NETO.PRADO","1","","","","","","","","",""
"2629","9401","0","John Deere","g) de 100 a 119 CV","","","","","","","","","","","","","","","","","TR 6110D","","","","","","","","","","06/03/2025 08:51:00","NETO.PRADO","1","","","","","","","","",""
"2630","9401","0","Valtra","g) de 100 a 119 CV","","","","","","","","","","","","","","","","","VT BM 110","","","","","","","","","","06/01/2012 11:47:00","THIAGO","","","","","","","","","",""
"2631","9401","0","Valtra","g) de 100 a 119 CV","","","","","","","","","","","","","","","","","VT BM 100.4","","","","","","","","","","06/01/2012 11:47:00","THIAGO","","","","","","","","","",""
"2632","9401","0","Valtra","g) de 100 a 119 CV","","","","","","","","","","","","","","","","","VT BM 100.4 PC","","","","","","","","","","06/01/2012 11:47:00","THIAGO","","","","","","","","","",""
"2633","9401","0","Agrale","g) de 100 a 119 CV","","","","","","","","","","","","","","","","","AGR BX 6110","","","","","","","","","","06/01/2012 11:47:00","THIAGO","","","","","","","","","",""
"2634","9401","0","Valtra","h) de 120 a 129 CV","","","","","","","","","","","","","","","","","VT BM 125","","","","","","","","","","06/01/2012 11:47:00","THIAGO","","","","","","","","","",""
"2635","9401","0","Agrale","i) de 130 a 139 CV","","","","","","","","","","","","","","","","","AGR BX 6150","","","","","","","","","","06/01/2012 11:47:00","THIAGO","","","","","","","","","",""
"2636","9401","0","Valtra","j) de 140 a 159 CV","","","","","","","","","","","","","","","","","BH 145","","","","","","","","","","18/12/2019 15:21:00","DIEGO.MARQUES","1","","","","","","","","",""
"2637","9401","0","Valtra","j) de 140 a 159 CV","","","","","","","","","","","","","","","","","VT BT 150","","","","","","","","","","06/01/2012 11:47:00","THIAGO","","","","","","","","","",""
"2638","9401","0","Valtra","j) de 160 a 179 CV","","","","","","","","","","","","","","","","","BH165","","","","","","","","","","30/10/2019 09:33:00","DIEGO.MARQUES","1","","","","","","","","",""
"2639","9401","0","Agrale","j) de 160 a 179 CV","","","","","","","","","","","","","","","","","AGR BX 6180","","","","","","","","","","06/01/2012 11:47:00","THIAGO","","","","","","","","","",""
"2640","9401","0","Valtra","j) de 160 a 179 CV","","","","","","","","","","","","","","","","","VT 1780","","","","","","","","","","06/01/2012 11:47:00","THIAGO","","","","","","","","","",""
"2641","9401","0","Valtra","k) de 180 a 199 CV","","","","","","","","","","","","","","","","","BH180","","","","","","","","","","06/02/2017 12:01:00","VANESSA.ALVES","1","","","","","","","","",""
"2642","9401","0","Valtra","k) de 180 a 199 CV","","","","","","","","","","","","","","","","","VT BH 185","","","","","","","","","","06/01/2012 11:47:00","THIAGO","","","","","","","","","",""
"2643","9401","0","Valtra","k) de 180 a 199 CV","","","","","","","","","","","","","","","","","BT 190","","","","","","","","","","18/12/2019 15:21:00","DIEGO.MARQUES","1","","","","","","","","",""
"2644","9401","0","Valtra","l) de 200 a 219 CV","","","","","","","","","","","","","","","","","BH205","","","","","","","","","","31/08/2018 09:46:00","DIEGO.MARQUES","1","","","","","","","","",""
"2645","9401","0","Valtra","l) de 200 a 219 CV","","","","","","","","","","","","","","","","","Trator Valtra BH 210","","","","","","","","","","09/11/2018 10:35:00","DIEGO.MARQUES","1","","","","","","","","",""
"2646","9401","0","Case","m) de 220 a 249 CV","","","","","","","","","","","","","","","","","CS MXMG 240","","","","","","","","","","06/01/2012 11:47:00","THIAGO","","","","","","","","","",""
"2647","9401","0","Case","m) de 220 a 249 CV","","","","","","","","","","","","","","","","","CS MXMG 220","","","","","","","","","","06/01/2012 11:47:00","THIAGO","","","","","","","","","",""
"2648","9401","0","Case","n) >= 250 CV","","","","","","","","","","","","","","","","","CS MXMG 270","","","","","","","","","","06/01/2012 11:47:00","THIAGO","","","","","","","","","",""
"2649","9401","0","Case","n) >= 250 CV","","","","","","","","","","","","","","","","","CS MXMG 305","","","","","","","","","","06/01/2012 11:47:00","THIAGO","","","","","","","","","",""
"2650","9401","0","Case","n) >= 250 CV","","","","","","","","","","","","","","","","","CS MXMG 335","","","","","","","","","","13/01/2012 19:09:00","VTCCONS","","","","","","","","","",""
"2651","9405","0","Agrale","Corte esteira","Rotor","AG 4150","","","","","","","","","","","","","","","","","","","","","","","","","18/12/2014 18:11:00","VTCCONS","","","","","","","","","",""
"2655","9403","0","Amendoim","Grãos","","","","","","","","","","","","","","","","","Amendoim","","","","","","","","","","07/01/2012 12:20:00","VTCCONS","","","","","","","","","",""
"2658","9403","0","Café","Grãos","","","","","","","","","","","","","","","","","Café","","","","","","","","","","07/01/2012 12:20:00","VTCCONS","","","","","","","","","",""
"2684","9400","1","","","","","","","","","","","","","","","","","","","Antoniosi","","","","","","","","","","07/01/2012 19:24:00","VTCCONS","0","0","0","0","0","0","","","1","0"
"2685","9400","0","","","","","","","","","","","","","","","","","","","Baldan","","","","","","","","","","07/01/2012 19:24:00","VTCCONS","0","0","0","0","0","0","","","1","0"
"2686","9400","0","","","","","","","","","","","","","","","","","","","Civemasa","","","","","","","","","","31/03/2012 15:36:00","VTCCONS","0","0","1","0","0","0","","","1","0"
"2687","9400","0","","","","","","","","","","","","","","","","","","","DMB","","","","","","","","","","07/01/2012 19:24:00","VTCCONS","0","0","0","0","0","0","","","1","0"
"2688","9400","0","","","","","","","","","","","","","","","","","","","Dria","","","","","","","","","","07/01/2012 19:24:00","VTCCONS","0","0","0","0","0","0","","","1","0"
"2689","9400","0","","","","","","","","","","","","","","","","","","","Facchini","","","","","","","","","","31/03/2012 15:36:00","VTCCONS","0","0","0","0","0","0","1","","1","0"
"2690","9400","0","","","","","","","","","","","","","","","","","","","Fido","","","","","","","","","","07/01/2012 19:24:00","VTCCONS","0","0","0","0","0","0","","","1","0"
"2691","9400","0","","","","","","","","","","","","","","","","","","","FMC","","","","","","","","","","07/01/2012 19:24:00","VTCCONS","0","0","0","0","0","0","","","1","0"
"2692","9400","0","","","","","","","","","","","","","","","","","","","Herbicat","","","","","","","","","","07/01/2012 19:24:00","VTCCONS","0","0","0","0","0","0","","","1","0"
"2693","9400","0","","","","","","","","","","","","","","","","","","","Ikeda","","","","","","","","","","07/01/2012 19:24:00","VTCCONS","0","0","0","0","0","0","","","1","0"
"2694","9400","0","Jacto","","","","","<2000","","","","","","","","","","","","","Jacto","Plantadeira","","","","","","","","","09/09/2025 14:47:00","MATHEUS.AUGUSTO","1","0","0","1","0","1","","","1","0"
"2695","9400","0","","","","","","","","","","","","","","","","","","","JF","","","","","","","","","","31/03/2012 15:36:00","VTCCONS","0","0","0","0","0","0","1","","1","0"
"2696","9400","0","Acton","","","","","","","","","","","","","","","","","","CBMH 6000","Carreta Basculante","","","","","","","","","04/06/2024 08:26:00","MATHEUS.AUGUSTO","1","0","0","0","0","1","","","1","0"
"2697","9400","0","","","","","","","","","","","","","","","","","","","Jumil","","","","","","","","","","07/01/2012 19:24:00","VTCCONS","0","0","0","0","0","0","","","1","0"
"2698","9400","0","","","","","","","","","","","","","","","","","","","Tatu","","","","","","","","","","07/01/2012 19:24:00","VTCCONS","0","0","0","0","0","0","","","1","0"
"2699","9400","0","","","","","","","","","","","","","","","","","","","Kamaq","","","","","","","","","","07/01/2012 19:24:00","VTCCONS","0","0","0","0","0","0","","","1","0"
"2700","9400","0","","","","","","","","","","","","","","","","","","","KO","","","","","","","","","","07/01/2012 19:24:00","VTCCONS","0","0","0","0","0","0","","","1","0"
"2701","9400","0","","","","","","","","","","","","","","","","","","","Martignani","","","","","","","","","","07/01/2012 19:24:00","VTCCONS","0","0","0","0","0","0","","","1","0"
"2702","9400","0","","","","","","","","","","","","","","","","","","","Miac","","","","","","","","","","07/01/2012 19:24:00","VTCCONS","0","0","0","0","0","0","","","1","0"
"2703","9400","0","","","","","","","","","","","","","","","","","","","Nataly","","","","","","","","","","07/01/2012 19:24:00","VTCCONS","0","0","0","0","0","0","","","1","0"
"2704","9400","0","","","","","","","","","","","","","","","","","","","Nogueira","","","","","","","","","","31/03/2012 15:36:00","VTCCONS","0","0","0","0","0","0","1","","1","0"
"2705","9400","0","","","","","","","","","","","","","","","","","","","Piccin","","","","","","","","","","05/05/2020 08:38:00","GABRIEL.PILO","0","0","0","0","0","0","","","1","0"
"2706","9400","0","","","","","","","","","","","","","","","","","","","Randon","","","","","","","","","","07/01/2012 19:24:00","VTCCONS","0","0","0","0","0","0","","","1","0"
"2707","9400","0","","","","","","","","","","","","","","","","","","","Santa Izabel","","","","","","","","","","31/03/2012 15:36:00","VTCCONS","0","0","0","0","0","0","1","","1","0"
"2708","9400","0","","","","","","","","","","","","","","","","","","","Santal","","","","","","","","","","07/01/2012 19:24:00","VTCCONS","0","0","0","0","0","0","","","1","0"
"2709","9400","0","","","","","","","","","","","","","","","","","","","Sermag","","","","","","","","","","07/01/2012 19:24:00","VTCCONS","0","0","0","0","0","0","","","1","0"
"2710","9400","0","","","","","","","","","","","","","","","","","","","Stara","","","","","","","","","","07/01/2012 19:24:00","VTCCONS","0","0","0","0","0","0","","","1","0"
"2713","9413","0","","","","","","","","","","","","","","","","","","","Agronew","","","","","","","","","","08/01/2012 16:18:00","VTCCONS","","","","","","","","","",""
"2714","9413","0","","","","","","","","","","","","","","","","","","","Agroterra","","","","","","","","","","08/01/2012 16:18:00","VTCCONS","","","","","","","","","",""
"2715","9413","0","","","","","","","","","","","","","","","","","","","Ipanema","","","","","","","","","","08/01/2012 16:18:00","VTCCONS","","","","","","","","","",""
"2716","9407","0","Civemasa","","","","","","","","","","","","","","","","","","AGR1111","","","","","","","","","","10/01/2012 16:03:00","VTCCONS","","","","","","","","","",""
"2717","9409","0","Action","Segadora","","","","","","","","","","","","","","","","","","","","","","","","","","","10/01/2012 16:39:00","VTCCONS","","","","","","","","","",""
"2718","9406","0","John Deere","Deere Bauer","","","","","","","","","","","","","","","","","JD DB","","","","","","","","","","19/01/2012 12:53:00","VTCCONS","","","","","","","","","",""
"2719","9412","0","John Deere","Corte esteira","","","","","","","","","","","","","","","","","","","","","","","","","","","","VTCCONS","","","","","","","","","",""
"2720","9411","0","Action","","","","","","","","","","","","","","","","","","","","","","","","","","","","10/01/2012 16:39:00","VTCCONS","","","","","","","","","",""
"2722","9400","0","","","","","","","","","","","","","","","","","","","Agri-Tillage","","","","","","","","","","11/01/2012 14:39:00","VTCCONS","0","0","0","0","0","0","","","1","0"
"2723","9400","0","","","","","","","","","","","","","","","","","","","Agro-Leite","","","","","","","","","","11/01/2012 14:39:00","VTCCONS","0","0","0","0","0","0","","","0","1"
"2724","9400","0","","","","","","","","","","","","","","","","","","","BM Dumont","","","","","","","","","","11/01/2012 14:39:00","VTCCONS","0","0","0","0","0","0","","","1","0"
"2725","9400","0","","","","","","","","","","","","","","","","","","","Marispan","","","","","","","","","","06/05/2014 09:15:00","JACQUELINE.DUARTE","0","0","0","0","0","0","","","1","0"
"2726","9400","0","","","","","","","","","","","","","","","","","","","Noromaq","","","","","","","","","","11/01/2012 14:39:00","VTCCONS","0","0","0","0","0","0","","","0","1"
"2727","9400","0","","","","","","","","","","","","","","","","","","","Brastoft","","","","","","","","","","11/01/2012 14:39:00","VTCCONS","0","0","1","0","0","0","","","0","0"
"2728","9400","0","","","","","","","","","","","","","","","","","","","Busa","","","","","","","","","","11/01/2012 14:39:00","VTCCONS","1","0","0","0","0","0","","","0","0"
"2729","9400","0","","","","","","","","","","","","","","","","","","","Caterpillar","","","","","","","","","","11/01/2012 14:39:00","VTCCONS","1","0","0","0","0","0","","","0","1"
"2730","9400","0","","","","","","","","","","","","","","","","","","","CBT","","","","","","","","","","11/01/2012 14:39:00","VTCCONS","1","0","0","0","0","0","","","0","0"
"2731","9400","0","","","","","","","","","","","","","","","","","","","Komatsu","","","","","","","","","","18/12/2014 18:11:00","VTCCONS","1","0","0","0","0","0","","","0","0"
"2732","9400","0","","","","","","","","","","","","","","","","","","","Mantovani","","","","","","","","","","11/01/2012 14:39:00","VTCCONS","0","0","0","0","0","0","","","0","1"
"2733","9400","0","","","","","","","","","","","","","","","","","","","Rhino","","","","","","","","","","11/01/2012 14:39:00","VTCCONS","0","0","0","0","0","0","","","0","1"
"2734","9400","0","","","","","","","","","","","","","","","","","","","SLC","","","","","","","","","","11/01/2012 14:39:00","VTCCONS","0","0","0","1","0","0","","","0","1"
"2735","9400","0","","","","","","","","","","","","","","","","","","","Tramontini","","","","","","","","","","11/01/2012 14:39:00","VTCCONS","1","0","0","0","0","0","","","0","0"
"2741","9401","0","Agrale","f) de 90 a 99 CV","","","","","","","","","","","","","","","","","AGR BX 4100","","","","","","","","","","13/01/2012 19:09:00","VTCCONS","","","","","","","","","",""
"2742","9401","0","Agrale","a) <= 49 CV","","","","","","","","","","","","","","","","","AGR 4200","","","","","","","","","","13/01/2012 19:09:00","VTCCONS","","","","","","","","","",""
"2743","9401","0","Agrale","a) <= 49 CV","","","","","","","","","","","","","","","","","AGR 4300","","","","","","","","","","13/01/2012 19:09:00","VTCCONS","","","","","","","","","",""
"2744","9401","0","Agrale","h) de 120 a 129 CV","","","","","","","","","","","","","","","","","AGR BX 4130","","","","","","","","","","13/01/2012 19:09:00","VTCCONS","","","","","","","","","",""
"2745","9401","0","Agrale","i) de 130 a 139 CV","","","","","","","","","","","","","","","","","AGR BX 4140","","","","","","","","","","13/01/2012 19:09:00","VTCCONS","","","","","","","","","",""
"2746","9401","0","Agrale","j) de 140 a 159 CV","","","","","","","","","","","","","","","","","AGR BX 4150","","","","","","","","","","13/01/2012 19:09:00","VTCCONS","","","","","","","","","",""
"2747","9401","0","Agrale","j) de 160 a 179 CV","","","","","","","","","","","","","","","","","AGR BX 4170","","","","","","","","","","13/01/2012 19:09:00","VTCCONS","","","","","","","","","",""
"2748","9401","0","Case","f) de 90 a 99 CV","","","","","","","","","","","","","","","","","CS FARMALL 95","","","","","","","","","","13/01/2012 19:09:00","VTCCONS","","","","","","","","","",""
"2749","9401","0","Case","g) de 100 a 119 CV","","","","","","","","","","","","","","","","","MX110","","","","","","","","","","25/09/2018 13:08:00","DIEGO.MARQUES","1","","","","","","","","",""
"2750","9401","0","Case","h) de 120 a 129 CV","","","","","","","","","","","","","","","","","CS MX 125","","","","","","","","","","13/01/2012 19:09:00","VTCCONS","","","","","","","","","",""
"2751","9401","0","Case","j) de 140 a 159 CV","","","","","","","","","","","","","","","","","CS MX 150","","","","","","","","","","13/01/2012 19:09:00","VTCCONS","","","","","","","","","",""
"2752","9401","0","Case","j) de 160 a 179 CV","","","","","","","","","","","","","","","","","CS MX 165","","","","","","","","","","13/01/2012 19:09:00","VTCCONS","","","","","","","","","",""
"2753","9401","0","Case","n) >= 250 CV","","","","","","","","","","","","","","","","","CS 8320","","","","","","","","","","13/01/2012 19:09:00","VTCCONS","","","","","","","","","",""
"2754","9401","0","Case","n) >= 250 CV","","","","","","","","","","","","","","","","","CS 8340","","","","","","","","","","13/01/2012 19:09:00","VTCCONS","","","","","","","","","",""
"2755","9401","0","Case","m) de 220 a 249 CV","","","","","","","","","","","","","","","","","CS MXMG 235","","","","","","","","","","13/01/2012 19:09:00","VTCCONS","","","","","","","","","",""
"2756","9401","0","Case","n) >= 250 CV","","","","","","","","","","","","","","","","","CS MXMG 260","","","","","","","","","","13/01/2012 19:09:00","VTCCONS","","","","","","","","","",""
"2757","9401","0","Case","n) >= 250 CV","","","","","","","","","","","","","","","","","CS MXMG 290","","","","","","","","","","13/01/2012 19:09:00","VTCCONS","","","","","","","","","",""
"2758","9401","0","Case","n) >= 250 CV","","","","","","","","","","","","","","","","","CS MXMG 315","","","","","","","","","","13/01/2012 19:09:00","VTCCONS","","","","","","","","","",""
"2759","9401","0","Case","n) >= 250 CV","","","","","","","","","","","","","","","","","CS MXMG 340","","","","","","","","","","13/01/2012 19:09:00","VTCCONS","","","","","","","","","",""
"2760","9401","0","John Deere","e) de 80 a 89 CV","","","","","","","","","","","","","","","","","TR5700","","","","","","","","","","06/02/2017 15:27:00","VANESSA.ALVES","1","","","","","","","","",""
"2761","9401","0","John Deere","e) de 80 a 89 CV","","","","","","","","","","","","","","","","","TR5705","","","","","","","","","","06/02/2017 15:27:00","VANESSA.ALVES","1","","","","","","","","",""
"2762","9401","0","John Deere","g) de 100 a 119 CV","","","","","","","","","","","","","","","","","TR6300","","","","","","","","","","06/02/2017 14:39:00","VANESSA.ALVES","1","","","","","","","","",""
"2763","9401","0","John Deere","g) de 100 a 119 CV","","","","","","","","","","","","","","","","","TR6405","","","","","","","","","","06/02/2017 14:39:00","VANESSA.ALVES","1","","","","","","","","",""
"2764","9401","0","John Deere","h) de 120 a 129 CV","","","","","","","","","","","","","","","","","TR6600","","","","","","","","","","27/01/2017 14:46:00","VANESSA.ALVES","","","","","","","","","",""
"2765","9401","0","John Deere","n) >= 250 CV","","","","","","","","","","","","","","","","","JD 8400","","","","","","","","","","13/01/2012 19:09:00","VTCCONS","","","","","","","","","",""
"2766","9401","0","John Deere","n) >= 250 CV","","","","","","","","","","","","","","","","","TR8420R","","","","","","","","","","06/03/2025 09:16:00","NETO.PRADO","1","","","","","","","","",""
"2767","9401","0","John Deere","b) de 50 a 59 CV","","","","","","","","","","","","","","","","","TR5055E","","","","","","","","","","06/02/2017 12:04:00","VANESSA.ALVES","1","","","","","","","","",""
"2768","9401","0","John Deere","c) de 60 a 69 CV","","","","","","","","","","","","","","","","","TR5065E","","","","","","","","","","06/02/2017 12:04:00","VANESSA.ALVES","1","","","","","","","","",""
"2769","9401","0","John Deere","e) de 80 a 89 CV","","","","","","","","","","","","","","","","","TR5085E","","","","","","","","","","06/02/2017 15:19:00","VANESSA.ALVES","1","","","","","","","","",""
"2770","9401","0","John Deere","h) de 120 a 129 CV","","","","","","","","","","","","","","","","","JDB 6125 D","","","","","","","","","","13/01/2012 19:09:00","VTCCONS","","","","","","","","","",""
"2771","9401","0","John Deere","i) de 130 a 139 CV","","","","","","","","","","","","","","","","","TR6130J","","","","","","","","","","06/02/2017 15:31:00","VANESSA.ALVES","1","","","","","","","","",""
"2772","9401","0","John Deere","k) de 180 a 199 CV","","","","","","","","","","","","","","","","","TR7195J","","","","","","","","","","06/02/2017 14:44:00","VANESSA.ALVES","1","","","","","","","","",""
"2773","9401","0","John Deere","l) de 200 a 219 CV","","","","","","","","","","","","","","","","","TR7210J","","","","","","","","","","06/02/2017 14:45:00","VANESSA.ALVES","1","","","","","","","","",""
"2774","9401","0","John Deere","n) >= 250 CV","","","","","","","","","","","","","","","","","TJ8260R","","","","","","","","","","06/02/2017 14:48:00","VANESSA.ALVES","1","","","","","","","","",""
"2775","9401","0","John Deere","n) >= 250 CV","","","","","","","","","","","","","","","","","TR8335R","","","","","","","","","","27/08/2025 16:27:00","MATHEUS.AUGUSTO","1","","","","","","","","",""
"2776","9407","0","Case","","","","","","","","","","","","","","","","","","CS A7000","","","","","","","","","","13/01/2012 19:09:00","VTCCONS","","","","","","","","","",""
"2777","9411","0","Case","","","","","","","","","","","","","","","","","","CS PATRIOT 350","","","","","","","","","","13/01/2012 19:09:00","VTCCONS","","","","","","","","","",""
"2778","9405","0","Case","","","","","","","","","","","","","","","","","","CS 2366","","","","","","","","","","13/01/2012 19:09:00","VTCCONS","","","","","","","","","",""
"2779","9407","0","Case","","","","","","","","","","","","","","","","","","CS 8800","","","","","","","","","","19/01/2012 12:53:00","VTCCONS","","","","","","","","","",""
"2780","9407","0","John Deere","","","","","","","","","","","","","","","","","","CH 3520","","","","","","","","","","06/03/2025 08:18:00","NETO.PRADO","1","","","","","","","","",""
"2781","9407","0","John Deere","","","","","","","","","","","","","","","","","","CH3522","","","","","","","","","","27/01/2017 18:13:00","VANESSA.ALVES","","","","","","","","","",""
"2782","9405","0","John Deere","","","","","","","","","","","","","","","","","","JD 1165","","","","","","","","","","19/01/2012 12:53:00","VTCCONS","","","","","","","","","",""
"2783","9405","0","Case","","","","","","","","","","","","","","","","","","CS 2388","","","","","","","","","","19/01/2012 12:53:00","VTCCONS","","","","","","","","","",""
"2784","9405","0","Case","","","","","","","","","","","","","","","","","","CS 2399","","","","","","","","","","19/01/2012 12:53:00","VTCCONS","","","","","","","","","",""
"2785","9405","0","Case","","","","","","","","","","","","","","","","","","CS 2688","","","","","","","","","","19/01/2012 12:53:00","VTCCONS","","","","","","","","","",""
"2786","9405","0","Case","","","","","","","","","","","","","","","","","","CS 2799","","","","","","","","","","19/01/2012 12:53:00","VTCCONS","","","","","","","","","",""
"2787","9405","0","Case","","","","","","","","","","","","","","","","","","CS 2566","","","","","","","","","","19/01/2012 12:53:00","VTCCONS","","","","","","","","","",""
"2788","9405","0","Case","","","","","","","","","","","","","","","","","","CS 7120","","","","","","","","","","19/01/2012 12:53:00","VTCCONS","","","","","","","","","",""
"2789","9405","0","Case","","","","","","","","","","","","","","","","","","CS 8120","","","","","","","","","","19/01/2012 12:53:00","VTCCONS","","","","","","","","","",""
"2790","9407","0","Case","","","","","","","","","","","","","","","","","","CS 7700","","","","","","","","","","19/01/2012 12:53:00","VTCCONS","","","","","","","","","",""
"2791","9407","0","Case","","","","","","","","","","","","","","","","","","CS 4000","","","","","","","","","","19/01/2012 12:53:00","VTCCONS","","","","","","","","","",""
"2792","9407","0","Case","","","","","","","","","","","","","","","","","","CS 8000","","","","","","","","","","19/01/2012 12:53:00","VTCCONS","","","","","","","","","",""
"2793","9405","0","John Deere","","","","","","","","","","","","","","","","","","CA 1175","","","","","","","","","","06/03/2025 08:19:00","NETO.PRADO","1","","","","","","","","",""
"2794","9405","0","John Deere","","","","","","","","","","","","","","","","","","CA 1185","","","","","","","","","","06/03/2025 08:20:00","NETO.PRADO","1","","","","","","","","",""
"2795","9405","0","John Deere","","","","","","","","","","","","","","","","","","CA 1450","","","","","","","","","","21/03/2018 14:52:00","VANESSA.ALVES","1","","","","","","","","",""
"2796","9405","0","John Deere","","","","","","","","","","","","","","","","","","JD 1470","","","","","","","","","","19/01/2012 12:53:00","VTCCONS","","","","","","","","","",""
"2797","9405","0","John Deere","","","","","","","","","","","","","","","","","","CA 1550","","","","","","","","","","06/03/2025 08:24:00","NETO.PRADO","1","","","","","","","","",""
"2798","9405","0","John Deere","","","","","","","","","","","","","","","","","","JD 1570","","","","","","","","","","19/01/2012 12:53:00","VTCCONS","","","","","","","","","",""
"2799","9405","0","John Deere","","","","","","","","","","","","","","","","","","STS9470","","","","","","","","","","06/02/2017 11:37:00","VANESSA.ALVES","1","","","","","","","","",""
"2800","9405","0","John Deere","","","","","","","","","","","","","","","","","","STS9570A","","","","","","","","","","06/02/2017 11:37:00","VANESSA.ALVES","1","","","","","","","","",""
"2801","9405","0","John Deere","","","","","","","","","","","","","","","","","","STS9670A","","","","","","","","","","06/02/2017 11:36:00","VANESSA.ALVES","1","","","","","","","","",""
"2802","9405","0","John Deere","","","","","","","","","","","","","","","","","","ST9770A","","","","","","","","","","06/02/2017 11:37:00","VANESSA.ALVES","1","","","","","","","","",""
"2803","9405","0","John Deere","","","","","","","","","","","","","","","","","","JD STS 9650","","","","","","","","","","19/01/2012 12:53:00","VTCCONS","","","","","","","","","",""
"2804","9405","0","John Deere","","","","","","","","","","","","","","","","","","JD STS 9750","","","","","","","","","","19/01/2012 12:53:00","VTCCONS","","","","","","","","","",""
"2805","9407","0","John Deere","","","","","","","","","","","","","","","","","","CH 3510","","","","","","","","","","06/03/2025 08:17:00","NETO.PRADO","1","","","","","","","","",""
"2806","9411","0","John Deere","","","","","","","","","","","","","","","","","","JD 4700","","","","","","","","","","19/01/2012 12:53:00","VTCCONS","","","","","","","","","",""
"2807","9411","0","John Deere","","","","","","","","","","","","","","","","","","JD 4710","","","","","","","","","","19/01/2012 12:53:00","VTCCONS","","","","","","","","","",""
"2808","9411","0","John Deere","","","","","","","","","","","","","","","","","","JD 4720","","","","","","","","","","19/01/2012 12:53:00","VTCCONS","","","","","","","","","",""
"2809","9411","0","John Deere","","","","","","","","","","","","","","","","","","JD 4630","","","","","","","","","","19/01/2012 12:53:00","VTCCONS","","","","","","","","","",""
"2810","9411","0","John Deere","","","","","","","","","","","","","","","","","","JD 4730","","","","","","","","","","19/01/2012 12:53:00","VTCCONS","","","","","","","","","",""
"2811","9406","0","John Deere","","","","","","","","","","","","","","","","","","JD 900","","","","","","","","","","19/01/2012 12:53:00","VTCCONS","","","","","","","","","",""
"2812","9406","0","John Deere","","","","","","","","","","","","","","","","","","JD 9200","","","","","","","","","","19/01/2012 12:53:00","VTCCONS","","","","","","","","","",""
"2813","9406","0","John Deere","","","","","","7,00","","","","","","","","","","","","JD 1100","","","","","","","","","","06/03/2025 08:28:00","NETO.PRADO","0","0","","","","","","","",""
"2814","9406","0","John Deere","","","","","","9,00","","","","","","","","","","","","JD 2100","","","","","","","","","","19/01/2012 12:53:00","VTCCONS","","","","","","","","","",""
"2823","9410","0","John Deere","Utilitário","","","","","","","","","","","","","","","","","JD TH 6X4","","","","","","","","","","19/01/2012 12:53:00","VTCCONS","","","","","","","","","",""
"2826","9410","0","John Deere","Jardim","","","","","","","","","","","","","","","","","JD LA 135","","","","","","","","","","19/01/2012 12:53:00","VTCCONS","","","","","","","","","",""
"2827","9410","0","John Deere","Jardim","","","","","","","","","","","","","","","","","JD LA 175","","","","","","","","","","19/01/2012 12:53:00","VTCCONS","","","","","","","","","",""
"2828","9410","0","John Deere","Jardim","","","","","","","","","","","","","","","","","JD D130","","","","","","","","","","19/01/2012 12:53:00","VTCCONS","","","","","","","","","",""
"2829","9410","0","John Deere","Jardim","","","","","","","","","","","","","","","","","JD D170","","","","","","","","","","19/01/2012 12:53:00","VTCCONS","","","","","","","","","",""
"2830","9405","0","SLC","","","","","","","","","","","","","","","","","","SLC 1000","","","","","","","","","","19/01/2012 12:53:00","VTCCONS","","","","","","","","","",""
"2831","9405","0","SLC","","","","","","","","","","","","","","","","","","SLC 2000","","","","","","","","","","19/01/2012 12:53:00","VTCCONS","","","","","","","","","",""
"2832","9405","0","SLC","","","","","","","","","","","","","","","","","","SLC 2200","","","","","","","","","","19/01/2012 12:53:00","VTCCONS","","","","","","","","","",""
"2833","9405","0","John Deere","","","","","","","","","","","","","","","","","","CA SLC6200","","","","","","","","","","06/03/2025 08:26:00","NETO.PRADO","1","","","","","","","","",""
"2834","9405","0","SLC","","","","","","","","","","","","","","","","","","SLC 6300","","","","","","","","","","19/01/2012 12:53:00","VTCCONS","","","","","","","","","",""
"2835","9405","0","SLC","","","","","","","","","","","","","","","","","","SLC 7100","","","","","","","","","","19/01/2012 12:53:00","VTCCONS","","","","","","","","","",""
"2836","9405","0","SLC","","","","","","","","","","","","","","","","","","SLC 7200","","","","","","","","","","19/01/2012 12:53:00","VTCCONS","","","","","","","","","",""
"2837","9405","0","SLC","","","","","","","","","","","","","","","","","","SLC 7300","","","","","","","","","","19/01/2012 12:53:00","VTCCONS","","","","","","","","","",""
"2838","9405","0","SLC","","","","","","","","","","","","","","","","","","SLC 7500","","","","","","","","","","19/01/2012 12:53:00","VTCCONS","","","","","","","","","",""
"2839","9405","0","SLC","","","","","","","","","","","","","","","","","","SLC 7700","","","","","","","","","","19/01/2012 12:53:00","VTCCONS","","","","","","","","","",""
"2840","9405","0","SLC","","","","","","","","","","","","","","","","","","SLC 8500","","","","","","","","","","19/01/2012 12:53:00","VTCCONS","","","","","","","","","",""
"2841","9405","0","SLC","","","","","","","","","","","","","","","","","","SLC 8700","","","","","","","","","","19/01/2012 12:53:00","VTCCONS","","","","","","","","","",""
"2842","9400","1","Case","","","","","","","","","","","","","","","","","","Cameco","","","","","","","","","","19/01/2012 12:53:00","VTCCONS","0","0","1","0","0","0","","","0","0"
"2843","9407","0","Cameco","","","","","","","","","","","","","","","","","","CM CHW 2500","","","","","","","","","","19/01/2012 12:53:00","VTCCONS","0","0","0","0","0","0","","","0","0"
"2844","9407","0","Cameco","","","","","","","","","","","","","","","","","","CM CHT 2500","","","","","","","","","","19/01/2012 12:53:00","VTCCONS","0","0","0","0","0","0","","","0","0"
"2845","9401","0","Massey","b) de 50 a 59 CV","","","","","","","","","","","","","","","","","TR50X","","","","","","","","","","07/03/2018 15:17:00","VANESSA.ALVES","1","0","0","0","0","0","","","0","0"
"2846","9401","0","Massey","","","","","","","","","","","","","","","","","","MF 55X","","","","","","","","","","06/09/2019 16:37:00","DIEGO.MARQUES","1","0","0","0","0","0","","","0","0"
"2847","9401","0","Massey","c) de 60 a 69 CV","","","","","","","","","","","","","","","","","TR65X","","","","","","","","","","07/03/2018 17:28:00","VANESSA.ALVES","1","0","0","0","0","0","","","0","0"
"2848","9401","0","Massey","","","","","","","","","","","","","","","","","","MF 85X","","","","","","","","","","19/01/2012 12:53:00","VTCCONS","0","0","0","0","0","0","","","0","0"
"2849","9401","0","Massey","","","","","","","","","","","","","","","","","","MF 95X","","","","","","","","","","19/01/2012 12:53:00","VTCCONS","0","0","0","0","0","0","","","0","0"
"2850","9401","0","Massey","","","","","","","","","","","","","","","","","","MF 235","","","","","","","","","","05/07/2019 16:12:00","DIEGO.MARQUES","1","0","0","0","0","0","","","0","0"
"2851","9401","0","Massey","","","","","","","","","","","","","","","","","","MF 272","","","","","","","","","","18/12/2019 15:17:00","DIEGO.MARQUES","1","0","0","0","0","0","","","0","0"
"2852","9401","0","Massey","","","","","","","","","","","","","","","","","","MF295","","","","","","","","","","06/02/2017 12:02:00","VANESSA.ALVES","1","0","0","0","0","0","","","0","0"
"2853","9401","0","Massey","","","","","","","","","","","","","","","","","","MF296","","","","","","","","","","19/08/2018 20:50:00","DIEGO.MARQUES","1","0","0","0","0","0","","","0","0"
"2854","9401","0","Massey","","","","","","","","","","","","","","","","","","MF 4235","","","","","","","","","","19/01/2012 12:53:00","VTCCONS","0","0","0","0","0","0","","","0","0"
"2855","9401","0","Massey","","","","","","","","","","","","","","","","","","MF 5300","","","","","","","","","","19/01/2012 12:53:00","VTCCONS","0","0","0","0","0","0","","","0","0"
"2856","9401","0","Massey","","","","","","","","","","","","","","","","","","MF 610","","","","","","","","","","19/01/2012 12:53:00","VTCCONS","0","0","0","0","0","0","","","0","0"
"2857","9401","0","Massey","","","","","","","","","","","","","","","","","","MF620","","","","","","","","","","05/08/2018 19:07:00","DIEGO.MARQUES","1","0","0","0","0","0","","","0","0"
"2858","9401","0","Massey","","","","","","","","","","","","","","","","","","MF 630","","","","","","","","","","19/01/2012 12:53:00","VTCCONS","0","0","0","0","0","0","","","0","0"
"2859","9401","0","Massey","","","","","","","","","","","","","","","","","","MF 640","","","","","","","","","","19/01/2012 12:53:00","VTCCONS","0","0","0","0","0","0","","","0","0"
"2860","9401","0","Massey","","","","","","","","","","","","","","","","","","TR 680 MASSEY","","","","","","","","","","04/07/2018 12:30:00","DIEGO.MARQUES","1","0","0","0","0","0","","","0","0"
"2861","9401","0","Massey","","","","","","","","","","","","","","","","","","MF 6370","","","","","","","","","","19/01/2012 12:53:00","VTCCONS","0","0","0","0","0","0","","","0","0"
"2862","9405","0","Massey","","","","","","","","","","","","","","","","","","MF 210","","","","","","","","","","19/01/2012 12:53:00","VTCCONS","0","0","0","0","0","0","","","0","0"
"2863","9405","0","Massey","","","","","","","","","","","","","","","","","","MF 220","","","","","","","","","","19/01/2012 12:53:00","VTCCONS","0","0","0","0","0","0","","","0","0"
"2864","9405","0","Massey","","","","","","","","","","","","","","","","","","MF 320","","","","","","","","","","19/01/2012 12:53:00","VTCCONS","0","0","0","0","0","0","","","0","0"
"2865","9405","0","Massey","","","","","","","","","","","","","","","","","","MF 3640","","","","","","","","","","19/01/2012 12:53:00","VTCCONS","0","0","0","0","0","0","","","0","0"
"2866","9405","0","Massey","","","","","","","","","","","","","","","","","","CA5650","","","","","","","","","","26/06/2018 12:14:00","DIEGO.MARQUES","1","0","0","0","0","0","","","0","0"
"2867","9405","0","Massey","","","","","","","","","","","","","","","","","","MF 6855","","","","","","","","","","19/01/2012 12:53:00","VTCCONS","0","0","0","0","0","0","","","0","0"
"2868","9405","0","Massey","","","","","","","","","","","","","","","","","","MF 32","","","","","","","","","","19/01/2012 12:53:00","VTCCONS","0","0","0","0","0","0","","","0","0"
"2869","9405","0","Massey","","","","","","","","","","","","","","","","","","MF 34","","","","","","","","","","19/01/2012 12:53:00","VTCCONS","0","0","0","0","0","0","","","0","0"
"2870","9405","0","Massey","","","","","","","","","","","","","","","","","","MF 9690 ATR","","","","","","","","","","19/01/2012 12:53:00","VTCCONS","0","0","0","0","0","0","","","0","0"
"2871","9405","0","Massey","","","","","","","","","","","","","","","","","","MF 9790 ATR","","","","","","","","","","19/01/2012 12:53:00","VTCCONS","0","0","0","0","0","0","","","0","0"
"2872","9411","0","Massey","","","","","","","","","","","","","","","","","","MF 9030","","","","","","","","","","19/01/2012 12:53:00","VTCCONS","0","0","0","0","0","0","","","0","0"
"2873","9401","0","Valtra","","","","","","","","","","","","","","","","","","VT 62","","","","","","","","","","30/08/2019 16:34:00","DIEGO.MARQUES","1","0","0","0","0","0","","","0","0"
"2874","9401","0","Valtra","","","","","","","","","","","","","","","","","","VT 65","","","","","","","","","","19/01/2012 12:53:00","VTCCONS","0","0","0","0","0","0","","","0","0"
"2875","9401","0","Valtra","","","","","","","","","","","","","","","","","","VT 68","","","","","","","","","","19/01/2012 12:53:00","VTCCONS","0","0","0","0","0","0","","","0","0"
"2876","9401","0","Valtra","","","","","","","","","","","","","","","","","","VT 78","","","","","","","","","","19/01/2012 12:53:00","VTCCONS","0","0","0","0","0","0","","","0","0"
"2877","9401","0","Valtra","","","","","","","","","","","","","","","","","","VT 85","","","","","","","","","","19/01/2012 12:53:00","VTCCONS","0","0","0","0","0","0","","","0","0"
"2878","9401","0","Valtra","","","","","","","","","","","","","","","","","","VT 88","","","","","","","","","","06/09/2019 16:36:00","DIEGO.MARQUES","1","0","0","0","0","0","","","0","0"
"2879","9401","0","Valtra","","","","","","","","","","","","","","","","","","VT 110","","","","","","","","","","19/01/2012 12:53:00","VTCCONS","0","0","0","0","0","0","","","0","0"
"2881","9401","0","Valtra","","","","","","","","","","","","","","","","","","CVT T195","","","","","","","","","","11/10/2018 14:30:00","DIEGO.MARQUES","1","0","0","0","0","0","","","0","0"
"2882","9401","0","VALMET","","","","","","","","","","","","","","","","","","785","","","","","","","","","","12/07/2018 16:41:00","DIEGO.MARQUES","1","0","0","0","0","0","","","0","0"
"2883","9401","0","Valtra","","","","","","","","","","","","","","","","","","VT 985","","","","","","","","","","19/01/2012 12:53:00","VTCCONS","0","0","0","0","0","0","","","0","0"
"2884","9401","0","Valtra","","","","","","","","","","","","","","","","","","VT 1180","","","","","","","","","","19/01/2012 12:53:00","VTCCONS","0","0","0","0","0","0","","","0","0"
"2885","9401","0","Valtra","","","","","","","","","","","","","","","","","","VT 1580","","","","","","","","","","19/01/2012 12:53:00","VTCCONS","0","0","0","0","0","0","","","0","0"
"2886","9401","0","Valtra","","","","","","","","","","","","","","","","","","VT 1680","","","","","","","","","","19/01/2012 12:53:00","VTCCONS","0","0","0","0","0","0","","","0","0"
"2887","9401","0","Valtra","","","","","","","","","","","","","","","","","","TR1880","","","","","","","","","","06/02/2017 12:03:00","VANESSA.ALVES","1","0","0","0","0","0","","","0","0"
"2888","9401","0","Valtra","","","","","","","","","","","","","","","","","","VT 2080","","","","","","","","","","19/01/2012 12:53:00","VTCCONS","0","0","0","0","0","0","","","0","0"
"2889","9401","0","Valtra","","","","","","","","","","","","","","","","","","VT BM 140","","","","","","","","","","10/07/2019 13:27:00","DIEGO.MARQUES","1","0","0","0","0","0","","","0","0"
"2890","9401","0","Valtra","","","","","","","","","","","","","","","","","","VT BL 88","","","","","","","","","","19/01/2012 12:53:00","VTCCONS","0","0","0","0","0","0","","","0","0"
"2891","9401","0","Valtra","","","","","","","","","","","","","","","","","","VT BM 120","","","","","","","","","","19/01/2012 12:53:00","VTCCONS","0","0","0","0","0","0","","","0","0"
"2892","9401","0","Valtra","","","","","","","","","","","","","","","","","","VT A 550","","","","","","","","","","19/01/2012 12:53:00","VTCCONS","0","0","0","0","0","0","","","0","0"
"2893","9401","0","Valtra","","","","","","","","","","","","","","","","","","VT BT 170","","","","","","","","","","19/01/2012 12:53:00","VTCCONS","0","0","0","0","0","0","","","0","0"
"2894","9405","0","Valtra","","","","","","","","","","","","","","","","","","BC4500","","","","","","","","","","06/02/2017 11:32:00","VANESSA.ALVES","1","0","0","0","0","0","","","0","0"
"2895","9405","0","Valtra","","","","","","","","","","","","","","","","","","BC6500","","","","","","","","","","26/04/2018 15:09:00","DIEGO.MARQUES","1","0","0","0","0","0","","","0","0"
"2896","9405","0","Valtra","","","","","","","","","","","","","","","","","","VT BC 7500","","","","","","","","","","19/01/2012 12:53:00","VTCCONS","0","0","0","0","0","0","","","0","0"
"2897","9411","0","Valtra","","","","","","","","","","","","","","","","","","VT BS 3020 H","","","","","","","","","","19/01/2012 12:53:00","VTCCONS","0","0","0","0","0","0","","","0","0"
"2898","9401","0","Yanmar","","","","","","","","","","","","","","","","","","YAN 2060","","","","","","","","","","19/01/2012 12:53:00","VTCCONS","0","0","0","0","0","0","","","0","0"
"2899","9411","0","Jacto","","","","","","","","","","","","","","","","","","ARBUS 2000","","","","","","","","","","06/02/2017 15:53:00","VANESSA.ALVES","1","0","0","0","0","0","","","0","0"
"2900","9411","0","Jacto","","","","","","","","","","","","","","","","","","JT UNIPORT 2500","","","","","","","","","","19/01/2012 12:53:00","VTCCONS","0","0","0","0","0","0","","","0","0"
"2901","9411","0","Jacto","","","","","","","","","","","","","","","","","","3000 AM-18","","","","","","","","","","06/02/2017 15:48:00","VANESSA.ALVES","1","0","0","0","0","0","","","0","0"
"2902","9400","1","","","","","","","","","","","","","","","","","","","Montana","","","","","","","","","","19/01/2012 12:53:00","VTCCONS","0","0","0","0","0","1","","","0","0"
"2903","9400","0","","","","","","","","","","","","","","","","","","","Maxion","","","","","","","","","","19/01/2012 12:53:00","VTCCONS","1","0","0","0","0","0","","","0","0"
"2904","9411","0","Montana","","","","","","","","","","","","","","","","","","PV MT BOXER 2021","","","","","","","","","","28/11/2018 14:21:00","DIEGO.MARQUES","1","0","0","0","0","0","","","0","0"
"2905","9411","0","Montana","","","","","","","","","","","","","","","","","","MT PARRUDA 2627","","","","","","","","","","19/01/2012 12:53:00","VTCCONS","0","0","0","0","0","0","","","0","0"
"2906","9411","0","Montana","","","","","","","","","","","","","","","","","","MT PARRUDA 2025","","","","","","","","","","19/01/2012 12:53:00","VTCCONS","0","0","0","0","0","0","","","0","0"
"2907","9411","0","Montana","","","","","","","","","","","","","","","","","","MT PARRUDA 3027","","","","","","","","","","19/01/2012 12:53:00","VTCCONS","0","0","0","0","0","0","","","0","0"
"2908","9401","0","Maxion","","","","","","","","","","","","","","","","","","MX 9130","","","","","","","","","","19/01/2012 12:53:00","VTCCONS","0","0","0","0","0","0","","","0","0"
"2909","9401","0","Maxion","","","","","","","","","","","","","","","","","","MX 9150","","","","","","","","","","19/01/2012 12:53:00","VTCCONS","0","0","0","0","0","0","","","0","0"
"2910","9401","0","Maxion","","","","","","","","","","","","","","","","","","MX 9170","","","","","","","","","","19/01/2012 12:53:00","VTCCONS","0","0","0","0","0","0","","","0","0"
"2911","9401","0","New Holland","","","","","","","","","","","","","","","","","","TT3840","","","","","","","","","","26/05/2019 11:14:00","DIEGO.MARQUES","1","0","0","0","0","0","","","0","0"
"2912","9401","0","New Holland","","","","","","","","","","","","","","","","","","75E","","","","","","","","","","29/10/2018 12:45:00","DIEGO.MARQUES","1","0","0","0","0","0","","","0","0"
"2913","9401","0","Ford/NH","","","","","","","","","","","","","","","","","","NH TL 90","","","","","","","","","","19/01/2012 12:53:00","VTCCONS","0","0","0","0","0","0","","","0","0"
"2914","9401","0","Ford/NH","","","","","","","","","","","","","","","","","","NH TL 98E","","","","","","","","","","19/01/2012 12:53:00","VTCCONS","0","0","0","0","0","0","","","0","0"
"2915","9401","0","Ford/NH","","","","","","","","","","","","","","","","","","NH TS 90","","","","","","","","","","19/01/2012 12:53:00","VTCCONS","0","0","0","0","0","0","","","0","0"
"2916","9401","0","Ford/NH","","","","","","","","","","","","","","","","","","NH TS 100","","","","","","","","","","19/01/2012 12:53:00","VTCCONS","0","0","0","0","0","0","","","0","0"
"2917","9401","0","Ford/NH","","","","","","","","","","","","","","","","","","NH TS 120","","","","","","","","","","19/01/2012 12:53:00","VTCCONS","0","0","0","0","0","0","","","0","0"
"2918","9401","0","Ford/NH","","","","","","","","","","","","","","","","","","NH TM 110","","","","","","","","","","19/01/2012 12:53:00","VTCCONS","0","0","0","0","0","0","","","0","0"
"2919","9401","0","Ford/NH","","","","","","","","","","","","","","","","","","NH TM 120","","","","","","","","","","19/01/2012 12:53:00","VTCCONS","0","0","0","0","0","0","","","0","0"
"2920","9401","0","Ford/NH","","","","","","","","","","","","","","","","","","NH TM 130","","","","","","","","","","19/01/2012 12:53:00","VTCCONS","0","0","0","0","0","0","","","0","0"
"2921","9401","0","New Holland","","","","","","","","","","","","","","","","","","TR TM135","","","","","","","","","","15/06/2018 17:23:00","DIEGO.MARQUES","1","0","0","0","0","0","","","0","0"
"2922","9401","0","Ford/NH","","","","","","","","","","","","","","","","","","NH TM 135E","","","","","","","","","","19/01/2012 12:53:00","VTCCONS","0","0","0","0","0","0","","","0","0"
"2923","9401","0","Ford/NH","","","","","","","","","","","","","","","","","","NH TM 150E","","","","","","","","","","19/01/2012 12:53:00","VTCCONS","0","0","0","0","0","0","","","0","0"
"2924","9401","0","Ford/NH","","","","","","","","","","","","","","","","","","NH TM 165","","","","","","","","","","19/01/2012 12:53:00","VTCCONS","0","0","0","0","0","0","","","0","0"
"2925","9401","0","Ford/NH","","","","","","","","","","","","","","","","","","NH T7040","","","","","","","","","","19/01/2012 12:53:00","VTCCONS","0","0","0","0","0","0","","","0","0"
"2926","9401","0","Ford/NH","","","","","","","","","","","","","","","","","","NH T8 270","","","","","","","","","","19/01/2012 12:53:00","VTCCONS","0","0","0","0","0","0","","","0","0"
"2927","9401","0","New Holland","","","","","","","","","","","","","","","","","","T8.295","","","","","","","","","","26/05/2019 11:30:00","DIEGO.MARQUES","1","0","0","0","0","0","","","0","0"
"2928","9401","0","New Holland","","","","","","","","","","","","","","","","","","T8.325","","","","","","","","","","26/05/2019 11:30:00","DIEGO.MARQUES","1","0","0","0","0","0","","","0","0"
"2929","9401","0","Ford/NH","","","","","","","","","","","","","","","","","","NH T8 335","","","","","","","","","","19/01/2012 12:53:00","VTCCONS","0","0","0","0","0","0","","","0","0"
"2930","9401","0","New Holland","","","","","","","","","","","","","","","","","","T9.435","","","","","","","","","","26/05/2019 11:31:00","DIEGO.MARQUES","1","0","0","0","0","0","","","0","0"
"2931","9401","0","Ford/NH","","","","","","","","","","","","","","","","","","NH 4600","","","","","","","","","","29/08/2019 09:09:00","DIEGO.MARQUES","1","0","0","0","0","0","","","0","0"
"2932","9401","0","Ford/NH","","","","","","","","","","","","","","","","","","TR4610","","","","","","","","","","28/11/2018 14:28:00","DIEGO.MARQUES","1","0","0","0","0","0","","","0","0"
"2933","9401","0","Ford/NH","","","","","","","","","","","","","","","","","","NH 4630","","","","","","","","","","19/01/2012 12:53:00","VTCCONS","0","0","0","0","0","0","","","0","0"
"2934","9401","0","Ford/NH","","","","","","","","","","","","","","","","","","NH 5600","","","","","","","","","","19/01/2012 12:53:00","VTCCONS","0","0","0","0","0","0","","","0","0"
"2935","9401","0","Ford/NH","","","","","","","","","","","","","","","","","","TR5610","","","","","","","","","","23/10/2018 09:39:00","DIEGO.MARQUES","1","0","0","0","0","0","","","0","0"
"2937","9401","0","Ford/NH","","","","","","","","","","","","","","","","","","NH 5630","","","","","","","","","","27/08/2019 08:20:00","DIEGO.MARQUES","1","0","0","0","0","0","","","0","0"
"2938","9401","0","Ford/NH","","","","","","","","","","","","","","","","","","TR5030","","","","","","","","","","28/11/2018 15:05:00","DIEGO.MARQUES","1","0","0","0","0","0","","","0","0"
"2939","9401","0","Ford/NH","","","","","","","","","","","","","","","","","","TRATOR FORD MOD.6600","","","","","","","","","","05/08/2018 19:08:00","DIEGO.MARQUES","1","0","0","0","0","0","","","0","0"
"2940","9401","0","Ford/NH","","","","","","","","","","","","","","","","","","TR6610","","","","","","","","","","21/12/2018 14:51:00","DIEGO.MARQUES","1","0","0","0","0","0","","","0","0"
"2941","9401","0","Ford/NH","","","","","","","","","","","","","","","","","","NH 6630","","","","","","","","","","19/01/2012 12:53:00","VTCCONS","0","0","0","0","0","0","","","0","0"
"2943","9401","0","Ford/NH","","","","","","","","","","","","","","","","","","NH 7610","","","","","","","","","","06/09/2019 10:29:00","DIEGO.MARQUES","1","0","0","0","0","0","","","0","0"
"2944","9401","0","Ford/NH","","","","","","","","","","","","","","","","","","NH 7810","","","","","","","","","","19/01/2012 12:53:00","VTCCONS","0","0","0","0","0","0","","","0","0"
"2945","9401","0","Ford/NH","","","","","","","","","","","","","","","","","","NH 7830","","","","","","","","","","19/01/2012 12:53:00","VTCCONS","0","0","0","0","0","0","","","0","0"
"2946","9405","0","Ford/NH","","","","","","","","","","","","","","","","","","NH 1530","","","","","","","","","","19/01/2012 12:53:00","VTCCONS","0","0","0","0","0","0","","","0","0"
"2947","9405","0","Ford/NH","","","","","","","","","","","","","","","","","","NH 4040","","","","","","","","","","19/01/2012 12:53:00","VTCCONS","0","0","0","0","0","0","","","0","0"
"2948","9405","0","Ford/NH","","","","","","","","","","","","","","","","","","NH 5050","","","","","","","","","","19/01/2012 12:53:00","VTCCONS","0","0","0","0","0","0","","","0","0"
"2949","9405","0","Ford/NH","","","","","","","","","","","","","","","","","","NH TC 55","","","","","","","","","","19/01/2012 12:53:00","VTCCONS","0","0","0","0","0","0","","","0","0"
"2950","9405","0","New Holland","","","","","","","","","","","","","","","","","","CA TC57","","","","","","","","","","30/04/2018 10:09:00","DIEGO.MARQUES","1","0","0","0","0","0","","","0","0"
"2951","9405","0","Ford/NH","","","","","","","","","","","","","","","","","","NH TC 59","","","","","","","","","","19/01/2012 12:53:00","VTCCONS","0","0","0","0","0","0","","","0","0"
"2952","9405","0","New Holland","","","","","","","","","","","","","","","","","","TC5070","","","","","","","","","","26/05/2019 11:35:00","DIEGO.MARQUES","1","0","0","0","0","0","","","0","0"
"2953","9405","0","Ford/NH","","","","","","","","","","","","","","","","","","TC 5090","","","","","","","","","","26/05/2019 11:36:00","DIEGO.MARQUES","1","0","0","0","0","0","","","0","0"
"2954","9405","0","Ford/NH","","","","","","","","","","","","","","","","","","NH CR 9060","","","","","","","","","","19/01/2012 12:53:00","VTCCONS","0","0","0","0","0","0","","","0","0"
"2955","9405","0","Ford/NH","","","","","","","","","","","","","","","","","","NH CR 9080","","","","","","","","","","19/01/2012 12:53:00","VTCCONS","0","0","0","0","0","0","","","0","0"
"2956","9405","0","Ford/NH","","","","","","","","","","","","","","","","","","NH CS 660","","","","","","","","","","19/01/2012 12:53:00","VTCCONS","0","0","0","0","0","0","","","0","0"
"2957","9411","0","Ford/NH","","","","","","","","","","","","","","","","","","NH SP 3500","","","","","","","","","","19/01/2012 12:53:00","VTCCONS","0","0","0","0","0","0","","","0","0"
"2958","9403","0","","Pecuária","","","","","","","","","","","","","","","","","Leite","","","","","","","","","","18/02/2012 17:09:00","VTCCONS","","","","","","","","","",""
"2959","9403","0","","Pecuária","","","","","","","","","","","","","","","","","Gado de Corte","","","","","","","","","","22/02/2018 17:41:00","VANESSA.ALVES","","","","","","","","","",""
"2960","9403","0","","Grãos","","","","","","","","","","","","","","","","","Milho","","","","","","","","","","18/02/2012 17:09:00","VTCCONS","","","","","","","","","",""
"2961","9403","0","","Grãos","","","","","","","","","","","","","","","","","Soja","","","","","","","","","","18/02/2012 17:09:00","VTCCONS","","","","","","","","","",""
"2966","9403","0","","Silvicultura","","","","","","","","","","","","","","","","","Pinus","","","","","","","","","","22/03/2012 08:28:00","VTCCONS","","","","","","","","","",""
"2967","9409","0","","Forrag de Arrasto","","","","","","","","","","","","","","","","","","","","","","","","","","","15/02/2012 21:25:00","VTCCONS","","","","","","","","","",""
"2968","9409","0","","Forrag auto-propelid","","","","","","","","","","","","","","","","","","","","","","","","","","","15/02/2012 21:25:00","VTCCONS","","","","","","","","","",""
"2969","9409","0","","Enfardadoura","","","","","","","","","","","","","","","","","","","","","","","","","","","18/12/2014 18:11:00","VTCCONS","","","","","","","","","",""
"2970","9409","0","","Segadora","","","","","","","","","","","","","","","","","","","","","","","","","","","15/02/2012 21:25:00","VTCCONS","","","","","","","","","",""
"2971","9409","0","","Plataforma da Forrag","","","","","","","","","","","","","","","","","","","","","","","","","","","15/02/2012 21:25:00","VTCCONS","","","","","","","","","",""
"2973","9412","2","John Deere","John Deere","","","","","","","","","","","","","","","","","John Deere","","","","","","","","","","13/04/2016 10:54:00","VTCCONS","","","","","","","","","",""
"2975","9403","0","","Fruticultura","","","","","","","","","","","","","","","","","Citros","","","","","","","","","","22/02/2018 16:45:00","VANESSA.ALVES","","","","","","","","","",""
"2976","9403","0","","Horticultura","","","","","","","","","","","","","","","","","Hortaliças Folhosas","","","","","","","","","","22/03/2012 08:28:00","VTCCONS","","","","","","","","","",""
"2982","9411","0","Action","","","","","","","","","","","","","","","","","","","","","","","","","","","","06/03/2012 10:37:00","VTCCONS","","","","","","","","","",""
"2983","9403","0","","Horticultura","","","","","","","","","","","","","","","","","Legumes","","","","","","","","","","22/03/2012 08:28:00","VTCCONS","","","","","","","","","",""
"2984","9403","0","","Horticultura","","","","","","","","","","","","","","","","","Cebola","","","","","","","","","","22/03/2012 08:28:00","VTCCONS","","","","","","","","","",""
"2985","9403","0","","Horticultura","","","","","","","","","","","","","","","","","Alho","","","","","","","","","","27/03/2013 18:17:00","VTCCONS","","","","","","","","","",""
"2986","9403","0","","Horticultura","","","","","","","","","","","","","","","","","Batata","","","","","","","","","","22/03/2012 08:28:00","VTCCONS","","","","","","","","","",""
"2987","9403","0","","Horticultura","","","","","","","","","","","","","","","","","Tomate","","","","","","","","","","22/03/2012 08:28:00","VTCCONS","","","","","","","","","",""
"2988","9403","0","","Fruticultura","","","","","","","","","","","","","","","","","Banana","","","","","","","","","","22/03/2012 08:28:00","VTCCONS","","","","","","","","","",""
"2989","9403","0","","Fruticultura","","","","","","","","","","","","","","","","","Coco","","","","","","","","","","22/03/2012 08:28:00","VTCCONS","","","","","","","","","",""
"2990","9403","0","","Fruticultura","","","","","","","","","","","","","","","","","Manga","","","","","","","","","","22/03/2012 08:28:00","VTCCONS","","","","","","","","","",""
"2991","9403","0","","Fruticultura","","","","","","","","","","","","","","","","","Uva","","","","","","","","","","22/03/2012 08:28:00","VTCCONS","","","","","","","","","",""
"2992","9403","0","","Fruticultura","","","","","","","","","","","","","","","","","Mamão","","","","","","","","","","22/03/2012 08:28:00","VTCCONS","","","","","","","","","",""
"2993","9403","0","","Fruticultura","","","","","","","","","","","","","","","","","Maracujá","","","","","","","","","","22/03/2012 08:28:00","VTCCONS","","","","","","","","","",""
"2994","9403","0","","Fruticultura","","","","","","","","","","","","","","","","","Maçã","","","","","","","","","","22/03/2012 08:28:00","VTCCONS","","","","","","","","","",""
"2995","9403","0","","Fruticultura","","","","","","","","","","","","","","","","","Pêssego","","","","","","","","","","22/03/2012 08:28:00","VTCCONS","","","","","","","","","",""
"2996","9403","0","","Fruticultura","","","","","","","","","","","","","","","","","Goiaba","","","","","","","","","","22/03/2012 08:28:00","VTCCONS","","","","","","","","","",""
"2997","9403","0","","Fruticultura","","","","","","","","","","","","","","","","","Abacate","","","","","","","","","","22/03/2012 08:28:00","VTCCONS","","","","","","","","","",""
"3000","9403","0","","Grãos","","","","","","","","","","","","","","","","","Feijão","","","","","","","","","","22/03/2012 08:28:00","VTCCONS","","","","","","","","","",""
"3001","9403","0","","Grãos","","","","","","","","","","","","","","","","","Arroz","","","","","","","","","","22/03/2012 08:28:00","VTCCONS","","","","","","","","","",""
"3002","9403","0","","Grãos","","","","","","","","","","","","","","","","","Trigo","","","","","","","","","","22/03/2012 08:28:00","VTCCONS","","","","","","","","","",""
"3003","9403","0","","Grãos","","","","","","","","","","","","","","","","","Sorgo","","","","","","","","","","22/03/2012 08:28:00","VTCCONS","","","","","","","","","",""
"3013","9403","0","","Pecuária","","","","","","","","","","","","","","","","","Mista","","","","","","","","","","22/03/2012 08:28:00","VTCCONS","","","","","","","","","",""
"3014","9403","0","","Silvicultura","","","","","","","","","","","","","","","","","Eucalipto","","","","","","","","","","22/03/2012 08:28:00","VTCCONS","","","","","","","","","",""
"3015","9403","0","","Silvicultura","","","","","","","","","","","","","","","","","Madeira de Lei","","","","","","","","","","22/03/2012 08:28:00","VTCCONS","","","","","","","","","",""
"3029","9403","0","","Sucroalcooleiro","","","","","","","","","","","","","","","","","Cana de Açúcar","","","","","","","","","","10/11/2016 08:14:00","VANESSA.ALVES","","","","","","","","","",""
"3031","9403","0","","Órgãos Públicos","","","","","","","","","","","","","","","","","Prefeitura","","","","","","","","","","22/03/2012 09:13:00","VTCCONS","","","","","","","","","",""
"3032","9403","0","","Órgãos Públicos","","","","","","","","","","","","","","","","","Governo Estado","","","","","","","","","","22/03/2012 09:13:00","VTCCONS","","","","","","","","","",""
"3033","9403","0","","Órgãos Públicos","","","","","","","","","","","","","","","","","Empresa Assist Técnica","","","","","","","","","","22/03/2012 09:13:00","VTCCONS","","","","","","","","","",""
"3034","9403","0","","Órgãos Públicos","","","","","","","","","","","","","","","","","Empresa de Pesquisa","","","","","","","","","","22/03/2012 09:13:00","VTCCONS","","","","","","","","","",""
"3035","9403","0","","Órgãos Públicos","","","","","","","","","","","","","","","","","Associação","","","","","","","","","","22/02/2018 16:36:00","VANESSA.ALVES","","","","","","","","","",""
"3039","9403","0","","Fruticultura","","","","","","","","","","","","","","","","","Figo","","","","","","","","","","22/03/2012 09:13:00","VTCCONS","","","","","","","","","",""
"9414","1","0","","","","","","","","","","","","","","","","","","","AMAURI DE MATOS","","","","","","","","","","31/05/2012 09:51:00","VTCCONS","","","","","","","","","",""
"9415","1","0","","","","","","","","","","","","","","","","","","","CARLOS ALBERTO PEREZ","","","","","","","","","","31/05/2012 14:29:00","VTCCONS","","","","","","","","","",""
"9416","1","0","","","","","","","","","","","","","","","","","","","FRANKLIM EDUARDO BONTEMPO","","","","","","","","","","31/05/2012 14:29:00","VTCCONS","","","","","","","","","",""
"9417","1","0","","","","","","","","","","","","","","","","","","","EVANDRO LUIZ VALENTIM","","","","","","","","","","31/05/2012 14:29:00","VTCCONS","","","","","","","","","",""
"9418","1","0","","","","","","","","","","","","","","","","","","","ADILSON FACAS","","","","","","","","","","31/05/2012 14:29:00","VTCCONS","","","","","","","","","",""
"9419","1","0","","","","","","","","","","","","","","","","","","","ANTONIO APARECIDO PEREIRA","","","","","","","","","","31/05/2012 14:29:00","VTCCONS","","","","","","","","","",""
"9420","1","0","","","","","","","","","","","","","","","","","","","DENILSON MARTINS CALISTO","","","","","","","","","","31/05/2012 14:29:00","VTCCONS","","","","","","","","","",""
"9421","1","0","","","","","","","","","","","","","","","","","","","DEYVERSON DA SILVA FERNANDES","","","","","","","","","","31/05/2012 14:29:00","VTCCONS","","","","","","","","","",""
"9422","1","0","","","","","","","","","","","","","","","","","","","EDIMILSON MARTINS CALISTO","","","","","","","","","","31/05/2012 14:29:00","VTCCONS","","","","","","","","","",""
"9423","1","0","","","","","","","","","","","","","","","","","","","JOSE FERNANDO BATISTA DINIZ","","","","","","","","","","31/05/2012 14:29:00","VTCCONS","","","","","","","","","",""
"9424","1","0","","","","","","","","","","","","","","","","","","","JOSE RAIMUNDO TOZADOR DOS SANTOS","","","","","","","","","","31/05/2012 14:29:00","VTCCONS","","","","","","","","","",""
"9425","1","0","","","","","","","","","","","","","","","","","","","LUCILIO PEREIRA DA SILVA","","","","","","","","","","31/05/2012 14:29:00","VTCCONS","","","","","","","","","",""
"9426","1","0","","","","","","","","","","","","","","","","","","","LUIZ ANTONIO CAMPOS FALEIROS DE LIMA","","","","","","","","","","31/05/2012 14:29:00","VTCCONS","","","","","","","","","",""
"9427","1","0","","","","","","","","","","","","","","","","","","","LUIZ GONCALVES DOS SANTOS I","","","","","","","","","","31/05/2012 14:29:00","VTCCONS","","","","","","","","","",""
"9428","1","0","","","","","","","","","","","","","","","","","","","NELSON ALVES","","","","","","","","","","31/05/2012 14:29:00","VTCCONS","","","","","","","","","",""
"9429","1","0","","","","","","","","","","","","","","","","","","","PAULO ROBERTO AMORIM","","","","","","","","","","31/05/2012 14:29:00","VTCCONS","","","","","","","","","",""
"9430","1","0","","","","","","","","","","","","","","","","","","","RICARDO ALVES RIBEIRO","","","","","","","","","","31/05/2012 14:29:00","VTCCONS","","","","","","","","","",""
"9431","1","0","","","","","","","","","","","","","","","","","","","WELTON DOUGLAS DE CARVALHO","","","","","","","","","","31/05/2012 14:29:00","VTCCONS","","","","","","","","","",""
"9432","1","0","","","","","","","","","","","","","","","","","","","WILSON LUCIANO DOS SANTOS","","","","","","","","","","31/05/2012 14:29:00","VTCCONS","","","","","","","","","",""
"9433","1","0","","","","","","","","","","","","","","","","","","","LEOMAR DA SILVA DONIZETE","","","","","","","","","","31/05/2012 14:29:00","VTCCONS","","","","","","","","","",""
"9434","1","0","","","","","","","","","","","","","","","","","","","FABRICIO BASILIO DE LIMA","","","","","","","","","","31/05/2012 14:29:00","VTCCONS","","","","","","","","","",""
"9435","1","0","","","","","","","","","","","","","","","","","","","JEAN CARLO DAVANSO DA COSTA","","","","","","","","","","31/05/2012 14:29:00","VTCCONS","","","","","","","","","",""
"9436","1","0","","","","","","","","","","","","","","","","","","","MAICON CHAVES LELIS RIBEIRO","","","","","","","","","","31/05/2012 14:29:00","VTCCONS","","","","","","","","","",""
"9437","1","0","","","","","","","","","","","","","","","","","","","SIDNEI SEBASTIÃO","","","","","","","","","","31/05/2012 14:29:00","VTCCONS","","","","","","","","","",""
"9438","1","0","","","","","","","","","","","","","","","","","","","TIAGO ALVES PAIXAO CIPRIANO","","","","","","","","","","31/05/2012 14:29:00","VTCCONS","","","","","","","","","",""
"9439","1","0","","","","","","","","","","","","","","","","","","","ALEXANDRE FRANCISCO MARCELINO","","","","","","","","","","31/05/2012 14:29:00","VTCCONS","","","","","","","","","",""
"9440","1","0","","","","","","","","","","","","","","","","","","","ALFREDO RODRIGUES DE OLIVEIRA NETO","","","","","","","","","","31/05/2012 14:29:00","VTCCONS","","","","","","","","","",""
"9441","1","0","","","","","","","","","","","","","","","","","","","ANDRE VERONEZ VITOR","","","","","","","","","","31/05/2012 14:29:00","VTCCONS","","","","","","","","","",""
"9442","1","0","","","","","","","","","","","","","","","","","","","EURIPEDES ALENCAR PAES","","","","","","","","","","31/05/2012 14:29:00","VTCCONS","","","","","","","","","",""
"9443","1","0","","","","","","","","","","","","","","","","","","","EVERSON ITAMAR DE PAULA OLIVEIRA","","","","","","","","","","31/05/2012 14:29:00","VTCCONS","","","","","","","","","",""
"9444","1","0","","","","","","","","","","","","","","","","","","","FRANCISCO PAES NETO","","","","","","","","","","31/05/2012 14:29:00","VTCCONS","","","","","","","","","",""
"9445","1","0","","","","","","","","","","","","","","","","","","","JEAN CARLOS DOS SANTOS RODRIGUES","","","","","","","","","","31/05/2012 14:29:00","VTCCONS","","","","","","","","","",""
"9446","1","0","","","","","","","","","","","","","","","","","","","FABIANO ROCHA MUNHOZ","","","","","","","","","","31/05/2012 14:29:00","VTCCONS","","","","","","","","","",""
"9447","1","0","","","","","","","","","","","","","","","","","","","FABRICIO DONIZETI ZILLI","","","","","","","","","","31/05/2012 14:29:00","VTCCONS","","","","","","","","","",""
"9448","1","0","","","","","","","","","","","","","","","","","","","JOSIMAR MATEUS GUERRA","","","","","","","","","","31/05/2012 14:29:00","VTCCONS","","","","","","","","","",""
"9449","1","0","","","","","","","","","","","","","","","","","","","LUCAS HENRIQUE DE SOUZA","","","","","","","","","","31/05/2012 14:29:00","VTCCONS","","","","","","","","","",""
"9450","1","0","","","","","","","","","","","","","","","","","","","REINALDO DE OLIVEIRA GALVAO","","","","","","","","","","31/05/2012 14:29:00","VTCCONS","","","","","","","","","",""
"9451","1","0","","","","","","","","","","","","","","","","","","","ALESSANDRO RICARDO DE PAULA SILVEIRA","","","","","","","","","","31/05/2012 14:29:00","VTCCONS","","","","","","","","","",""
"9452","1","0","","","","","","","","","","","","","","","","","","","ADEMIR LUCENTE","","","","","","","","","","31/05/2012 14:29:00","VTCCONS","","","","","","","","","",""
"9453","1","0","","","","","","","","","","","","","","","","","","","AMILTON DE PAULA VITOR","","","","","","","","","","31/05/2012 14:29:00","VTCCONS","","","","","","","","","",""
"9454","1","0","","","","","","","","","","","","","","","","","","","ANDRE DUARTE DE ARAUJO","","","","","","","","","","31/05/2012 14:29:00","VTCCONS","","","","","","","","","",""
"9455","1","0","","","","","","","","","","","","","","","","","","","ANTONIO PEREIRA DA SILVA FILHO","","","","","","","","","","31/05/2012 14:29:00","VTCCONS","","","","","","","","","",""
"9456","1","0","","","","","","","","","","","","","","","","","","","CARLOS ORNELAS DO AMARAL","","","","","","","","","","31/05/2012 14:29:00","VTCCONS","","","","","","","","","",""
"9457","1","0","","","","","","","","","","","","","","","","","","","JOSE REGINALDO ALVES DA SILVA","","","","","","","","","","31/05/2012 14:29:00","VTCCONS","","","","","","","","","",""
"9458","1","0","","","","","","","","","","","","","","","","","","","LEONARDO RUBENS GERALDO","","","","","","","","","","31/05/2012 14:29:00","VTCCONS","","","","","","","","","",""
"9459","1","0","","","","","","","","","","","","","","","","","","","MARCIO APARECIDO FRANCESCHET","","","","","","","","","","31/05/2012 14:29:00","VTCCONS","","","","","","","","","",""
"9460","1","0","","","","","","","","","","","","","","","","","","","MARCO ANTONIO RODOLFO","","","","","","","","","","31/05/2012 14:29:00","VTCCONS","","","","","","","","","",""
"9461","1","0","","","","","","","","","","","","","","","","","","","MARCOS GONCALVES MARTINS","","","","","","","","","","31/05/2012 14:29:00","VTCCONS","","","","","","","","","",""
"9462","1","0","","","","","","","","","","","","","","","","","","","OCTAVIO RICARDO ANTONIO","","","","","","","","","","31/05/2012 14:29:00","VTCCONS","","","","","","","","","",""
"9463","1","0","","","","","","","","","","","","","","","","","","","PAULO HUMBERTO GOMES PIRES","","","","","","","","","","31/05/2012 14:29:00","VTCCONS","","","","","","","","","",""
"9464","1","0","","","","","","","","","","","","","","","","","","","PAULO SERGIO FERRAZ","","","","","","","","","","31/05/2012 14:29:00","VTCCONS","","","","","","","","","",""
"9465","1","0","","","","","","","","","","","","","","","","","","","RENAN DA SILVA","","","","","","","","","","31/05/2012 14:29:00","VTCCONS","","","","","","","","","",""
"9467","1","0","","","","","","","","","","","","","","","","","","","RONI FRANCIS FURQUIM","","","","","","","","","","31/05/2012 14:29:00","VTCCONS","","","","","","","","","",""
"9468","1","0","","","","","","","","","","","","","","","","","","","SANDRO CONSTANTINO DA SILVA","","","","","","","","","","31/05/2012 14:29:00","VTCCONS","","","","","","","","","",""
"9469","1","0","","","","","","","","","","","","","","","","","","","VALTER DA SILVA PROCOPIO","","","","","","","","","","31/05/2012 14:29:00","VTCCONS","","","","","","","","","",""
"9470","1","0","","","","","","","","","","","","","","","","","","","JOSE CARLOS SANDRIN JUNIOR","","","","","","","","","","31/05/2012 14:29:00","VTCCONS","","","","","","","","","",""
"9471","1","0","","","","","","","","","","","","","","","","","","","JUCINEI DE SOUZA","","","","","","","","","","31/05/2012 14:29:00","VTCCONS","","","","","","","","","",""
"9472","1","0","","","","","","","","","","","","","","","","","","","LUCIANO FREIRE LOPES","","","","","","","","","","31/05/2012 14:29:00","VTCCONS","","","","","","","","","",""
"9477","1","0","","","","","","","","","","","","","","","","","","","FABRICIO DA SILVA","","","","","","","","","","18/07/2012 15:23:00","VTCCONS","","","","","","","","","",""
"9478","1","0","","","","","","","","","","","","","","","","","","","GENESIO ROSA DE CASTRO","","","","","","","","","","18/07/2012 15:23:00","VTCCONS","","","","","","","","","",""
"9479","9401","0","John Deere","a) <= 49 CV","","","","","","","","","","","","","","","","","D130","","","","","","","","","","06/02/2017 11:57:00","VANESSA.ALVES","1","","","","","","","","",""
"9480","9401","0","John Deere","a) <= 49 CV","","","","","","","","","","","","","","","","","TDD170","","","","","","","","","","06/02/2017 12:02:00","VANESSA.ALVES","1","","","","","","","","",""
"9481","1","0","","","","","","","","","","","","","","","","","","","RONAN COSME SOARES DA COSTA","","","","","","","","","","01/08/2012 09:01:00","MARCELO.EDER","","","","","","","","","",""
"9482","1","0","","","","","","","","","","","","","","","","","","","ELIEL BARBOSA","","","","","","","","","","01/08/2012 09:01:00","MARCELO.EDER","","","","","","","","","",""
"9484","1","0","","","","","","","","","","","","","","","","","","","ADRIANO APARECIDO ALVES","","","","","","","","","","06/08/2012 13:21:00","MARCELO.EDER","","","","","","","","","",""
"9485","9415","0","","","","","","","","","","","","","","","","","","","Banco John Deere","","","","","","","","","","16/08/2012 13:07:00","VTCCONS","","","","","","","","","",""
"9486","9415","0","","","","","","","1,00","","","","","","","","","","","","Banco do Brasil Agencia","","","","","","","","","","13/04/2022 14:12:00","DIEGO.MARQUES","","","","","","","","","",""
"9487","9415","0","","","","","","","237,00","","","","","","","","","","","","Banco Bradesco","","","","","","","","","","13/04/2022 15:08:00","DIEGO.MARQUES","","","","","","","","","",""
"9488","9415","0","","","","","","","33,00","","","","","","","","","","","","Banco Santander","","","","","","","","","","13/04/2022 15:10:00","DIEGO.MARQUES","","","","","","","","","",""
"9489","9415","0","","","","","","","","","","","","","","","","","","","Sicoob","","","","","","","","","","16/08/2012 13:07:00","VTCCONS","","","","","","","","","",""
"9490","9403","0","","Outros","","","","","","","","","","","","","","","","","Pupunha","","","","","","","","","","24/08/2012 07:52:00","MARCELO.EDER","","","","","","","","","",""
"9491","9405","0","John Deere","Corte molinete","Rotor","","","","","","","","","","","","","","","","CS 9470","","","","","","","","","","20/09/2012 10:05:00","MARCELO.EDER","","","","","","","","","",""
"9492","9405","0","John Deere","Corte molinete","Rotor","","","","","","","","","","","","","","","","CS 9570","","","","","","","","","","20/09/2012 10:05:00","MARCELO.EDER","","","","","","","","","",""
"9494","9411","0","John Deere","","","","","","","","","","","","","","","","","","PV 4630","","","","","","","","","","06/03/2025 08:39:00","NETO.PRADO","1","","","","","","","","",""
"9495","9411","0","John Deere","","","","","","","","","","","","","","","","","","PV4730 FIBRA CARBONO","","","","","","","","","","06/03/2025 08:39:00","NETO.PRADO","0","","","","","","","","",""
"9498","9405","0","John Deere","","","","","","","","","","","","","","","","","","CS 9670","","","","","","","","","","20/09/2012 15:13:00","VTCCONS","","","","","","","","","",""
"9499","9405","0","John Deere","","","","","","","","","","","","","","","","","","CS 9770","","","","","","","","","","20/09/2012 15:13:00","VTCCONS","","","","","","","","","",""
"9500","9406","0","John Deere","","","","","","","","","","","","","","","","","","","Deere Bauer","","","","","","","","","11/10/2012 09:43:00","VTCCONS","","","","","","","","","",""
"9501","9406","2","John Deere","","","","","","","","","","","","","","","","","","Não especificado","Hidráulica","","","","","","","","","13/08/2015 14:48:00","VTCCONS","","","","1","","","","","",""
"9502","9406","0","John Deere","","","","","","","","","","","","","","","","","","","Mecânica","","","","","","","","","11/10/2012 09:43:00","VTCCONS","","","","","","","","","",""
"9503","9406","0","John Deere","","","","","","","","","","","","","","","","","","","Vácuo","","","","","","","","","11/10/2012 11:42:00","VTCCONS","","","","","","","","","",""
"9504","9410","0","John Deere","","","","","","","","","","","","","","","","","","","Jardim","","","","","","","","","11/10/2012 09:43:00","VTCCONS","","","","","","","","","",""
"9507","9408","0","John Deere","","","","","","","","","","","","","","","","","","Full 7J SF1","","","","","","","","","","30/10/2012 14:21:00","MARCELO.EDER","","","","","","","","","",""
"9509","9408","0","John Deere","","","","","","","","","","","","","","","","","","Full 7J SF2","","","","","","","","","","30/10/2012 14:21:00","MARCELO.EDER","","","","","","","","","",""
"9510","9408","0","John Deere","","","","","","","","","","","","","","","","","","Full 7J RTK","","","","","","","","","","30/10/2012 14:21:00","MARCELO.EDER","","","","","","","","","",""
"9511","9408","0","John Deere","","","","","","","","","","","","","","","","","","Full 6J SF1 Integrado","","","","","","","","","","30/10/2012 14:21:00","MARCELO.EDER","","","","","","","","","",""
"9512","9408","0","John Deere","","","","","","","","","","","","","","","","","","Base RTK","","","","","","","","","","30/10/2012 14:21:00","MARCELO.EDER","","","","","","","","","",""
"9513","9408","0","John Deere","","","","","","","","","","","","","","","","","","Barra de Luz","","","","","","","","","","30/10/2012 14:21:00","MARCELO.EDER","","","","","","","","","",""
"9514","9408","0","John Deere","","","","","","","","","","","","","","","","","","Full 6J SF2 Integrado","","","","","","","","","","30/10/2012 14:29:00","MARCELO.EDER","","","","","","","","","",""
"9515","9408","0","John Deere","","","","","","","","","","","","","","","","","","Full 6J RTK Integrado","","","","","","","","","","30/10/2012 14:29:00","MARCELO.EDER","","","","","","","","","",""
"9516","9408","0","John Deere","","","","","","","","","","","","","","","","","","Full 6J SF1 Volante ATU","","","","","","","","","","30/10/2012 14:29:00","MARCELO.EDER","","","","","","","","","",""
"9517","9408","0","John Deere","","","","","","","","","","","","","","","","","","Full 6J SF2 Volante ATU","","","","","","","","","","30/10/2012 14:29:00","MARCELO.EDER","","","","","","","","","",""
"9518","9408","0","John Deere","","","","","","","","","","","","","","","","","","Full 6J RTK Volante ATU","","","","","","","","","","30/10/2012 14:29:00","MARCELO.EDER","","","","","","","","","",""
"9519","9408","0","John Deere","","","","","","","","","","","","","","","","","","Full Colhedora de Cana SF1","","","","","","","","","","30/10/2012 14:29:00","MARCELO.EDER","","","","","","","","","",""
"9520","9408","0","John Deere","","","","","","","","","","","","","","","","","","Full Colhedora de Cana SF2","","","","","","","","","","30/10/2012 14:29:00","MARCELO.EDER","","","","","","","","","",""
"9521","9408","0","John Deere","","","","","","","","","","","","","","","","","","Full Colhedora de Cana RTK","","","","","","","","","","30/10/2012 14:29:00","MARCELO.EDER","","","","","","","","","",""
"9522","9408","0","John Deere","","","","","","","","","","","","","","","","","","Full Pulverizador SF1","","","","","","","","","","30/10/2012 14:29:00","MARCELO.EDER","","","","","","","","","",""
"9523","9408","0","John Deere","","","","","","","","","","","","","","","","","","Full Pulverizador SF2","","","","","","","","","","30/10/2012 14:29:00","MARCELO.EDER","","","","","","","","","",""
"9524","9408","0","John Deere","","","","","","","","","","","","","","","","","","Full Pulverizador RTK","","","","","","","","","","30/10/2012 14:29:00","MARCELO.EDER","","","","","","","","","",""
"9525","9408","0","John Deere","","","","","","","","","","","","","","","","","","Full Colheitadeira SF1","","","","","","","","","","30/10/2012 14:29:00","MARCELO.EDER","","","","","","","","","",""
"9526","9408","0","John Deere","","","","","","","","","","","","","","","","","","Full Colheitadeira SF2","","","","","","","","","","30/10/2012 14:29:00","MARCELO.EDER","","","","","","","","","",""
"9527","9408","0","John Deere","","","","","","","","","","","","","","","","","","Full Colheitadeira RTK","","","","","","","","","","30/10/2012 14:29:00","MARCELO.EDER","","","","","","","","","",""
"9528","9408","0","John Deere","","","","","","","","","","","","","","","","","","SF1 Tratores Concorrentes ATU","","","","","","","","","","30/10/2012 14:29:00","MARCELO.EDER","","","","","","","","","",""
"9529","9408","0","John Deere","","","","","","","","","","","","","","","","","","SF2 Tratores Concorrentes ATU","","","","","","","","","","30/10/2012 14:29:00","MARCELO.EDER","","","","","","","","","",""
"9530","9408","0","John Deere","","","","","","","","","","","","","","","","","","RTK Tratores Concorrentes ATU","","","","","","","","","","30/10/2012 14:29:00","MARCELO.EDER","","","","","","","","","",""
"9531","9408","0","John Deere","","","","","","","","","","","","","","","","","","SF1 Tratores Concorrentes Integrado","","","","","","","","","","30/10/2012 14:29:00","MARCELO.EDER","","","","","","","","","",""
"9532","9408","0","John Deere","","","","","","","","","","","","","","","","","","SF2 Tratores Concorrentes Integrado","","","","","","","","","","18/12/2014 18:11:00","VTCCONS","","","","","","","","","",""
"9533","9408","0","John Deere","","","","","","","","","","","","","","","","","","RTK Tratores Concorrentes Integrado","","","","","","","","","","30/10/2012 14:29:00","MARCELO.EDER","","","","","","","","","",""
"9534","9408","0","John Deere","","","","","","","","","","","","","","","","","","7J SF1","","","","","","","","","","30/10/2012 14:29:00","MARCELO.EDER","","","","","","","","","",""
"9535","9408","0","John Deere","","","","","","","","","","","","","","","","","","7J SF2","","","","","","","","","","30/10/2012 14:29:00","MARCELO.EDER","","","","","","","","","",""
"9536","9408","0","John Deere","","","","","","","","","","","","","","","","","","7J RTK","","","","","","","","","","30/10/2012 14:29:00","MARCELO.EDER","","","","","","","","","",""
"9537","9408","0","John Deere","","","","","","","","","","","","","","","","","","6J SF1 Volante ATU","","","","","","","","","","30/10/2012 14:29:00","MARCELO.EDER","","","","","","","","","",""
"9538","9408","0","John Deere","","","","","","","","","","","","","","","","","","6J SF2 Volante ATU","","","","","","","","","","30/10/2012 14:29:00","MARCELO.EDER","","","","","","","","","",""
"9539","9408","0","John Deere","","","","","","","","","","","","","","","","","","6J RTK Volante ATU","","","","","","","","","","01/11/2016 10:26:00","VANESSA.ALVES","","","","","","","","","",""
"9540","9408","0","John Deere","","","","","","","","","","","","","","","","","","Colhedora de Cana SF1","","","","","","","","","","30/10/2012 14:29:00","MARCELO.EDER","","","","","","","","","",""
"9541","9408","0","John Deere","","","","","","","","","","","","","","","","","","Colhedora de Cana SF2","","","","","","","","","","30/10/2012 14:29:00","MARCELO.EDER","","","","","","","","","",""
"9542","9408","0","John Deere","","","","","","","","","","","","","","","","","","Colhedora de Cana RTK","","","","","","","","","","30/10/2012 14:29:00","MARCELO.EDER","","","","","","","","","",""
"9543","9408","0","John Deere","","","","","","","","","","","","","","","","","","Pulverizador SF1","","","","","","","","","","30/10/2012 14:29:00","MARCELO.EDER","","","","","","","","","",""
"9544","9408","0","John Deere","","","","","","","","","","","","","","","","","","Pulverizador SF2","","","","","","","","","","30/10/2012 14:29:00","MARCELO.EDER","","","","","","","","","",""
"9545","9408","0","John Deere","","","","","","","","","","","","","","","","","","Pulverizador RTK","","","","","","","","","","30/10/2012 14:29:00","MARCELO.EDER","","","","","","","","","",""
"9546","9408","0","John Deere","","","","","","","","","","","","","","","","","","Colheitadeira SF1","","","","","","","","","","30/10/2012 14:29:00","MARCELO.EDER","","","","","","","","","",""
"9547","9408","0","John Deere","","","","","","","","","","","","","","","","","","Colheitadeira SF2","","","","","","","","","","30/10/2012 14:29:00","MARCELO.EDER","","","","","","","","","",""
"9548","9408","0","John Deere","","","","","","","","","","","","","","","","","","Colheitadeira RTK","","","","","","","","","","30/10/2012 14:29:00","MARCELO.EDER","","","","","","","","","",""
"9552","9400","0","John Deere","","","","","","","","","","","","","","","","","","ASUS","Forrageira","","","","","","","","","20/08/2015 15:24:00","VTCCONS","0","0","0","0","0","0","0","","1","0"
"9556","9410","0","John Deere","","","","","","","","","","","","","","","","","","GA855DXUV","","","","","","","","","","06/02/2017 11:41:00","VANESSA.ALVES","1","","","","","","","","",""
"9557","9410","0","John Deere","","","","","","","","","","","","","","","","","","GA06X4TH","6X4","","","","","","","","","06/02/2017 11:38:00","VANESSA.ALVES","1","","","","","","","","",""
"9558","9401","0","John Deere","a) <= 49 CV","","","","","","","","","","","","","","","","","GATOR 4X4","","","","","","","","","","06/02/2013 10:53:00","MARCELO.EDER","","","","","","","","","",""
"9559","9401","0","John Deere","a) <= 49 CV","","","","","","","","","","","","","","","","","GATOR 6X4","","","","","","","","","","06/02/2013 10:53:00","MARCELO.EDER","","","","","","","","","",""
"9560","9413","0","","","","","","","","","","","","","","","","","","","Cocapec","","","","","","","","","","27/03/2013 18:17:00","VTCCONS","","","","","","","","","",""
"9561","9413","0","","","","","","","","","","","","","","","","","","","Sami","","","","","","","","","","27/03/2013 18:17:00","VTCCONS","","","","","","","","","",""
"9562","9413","0","","","","","","","","","","","","","","","","","","","GRA","","","","","","","","","","27/03/2013 18:17:00","VTCCONS","","","","","","","","","",""
"9563","9413","0","","","","","","","","","","","","","","","","","","","Stefani","","","","","","","","","","27/03/2013 18:17:00","VTCCONS","","","","","","","","","",""
"9564","9413","0","","","","","","","","","","","","","","","","","","","Coopercitrus","","","","","","","","","","27/03/2013 18:17:00","VTCCONS","","","","","","","","","",""
"9565","9413","0","","","","","","","","","","","","","","","","","","","Inter Agro","","","","","","","","","","27/03/2013 18:17:00","VTCCONS","","","","","","","","","",""
"9566","9413","0","","","","","","","","","","","","","","","","","","","Tracan","","","","","","","","","","27/03/2013 18:17:00","VTCCONS","","","","","","","","","",""
"9567","9413","0","","","","","","","","","","","","","","","","","","","A. Alves","","","","","","","","","","27/03/2013 18:17:00","VTCCONS","","","","","","","","","",""
"9568","9413","0","","","","","","","","","","","","","","","","","","","Climasa","","","","","","","","","","27/03/2013 18:17:00","VTCCONS","","","","","","","","","",""
"9569","9413","0","","","","","","","","","","","","","","","","","","","Borgato","","","","","","","","","","27/03/2013 18:17:00","VTCCONS","","","","","","","","","",""
"9570","9403","0","","Fruticultura","","","","","","","","","","","","","","","","","Melancia","","","","","","","","","","27/03/2013 18:17:00","VTCCONS","","","","","","","","","",""
"9571","9413","0","","","","","","","","","","","","","","","","","","","Racine","","","","","","","","","","04/04/2013 16:31:00","VTCCONS","","","","","","","","","",""
"9572","9413","0","","","","","","","","","","","","","","","","","","","Comper","","","","","","","","","","04/04/2013 16:31:00","VTCCONS","","","","","","","","","",""
"9573","9413","0","","","","","","","","","","","","","","","","","","","Terra Verde","","","","","","","","","","04/04/2013 16:31:00","VTCCONS","","","","","","","","","",""
"9574","9413","0","","","","","","","","","","","","","","","","","","","Marka","","","","","","","","","","04/04/2013 16:31:00","VTCCONS","","","","","","","","","",""
"9575","1","0","","","","","","","","","","","","","","","","","","","RAFAEL DE LIMA DA MATA","","","","","","","","","","05/04/2013 11:06:00","MARCELO.EDER","","","","","","","","","",""
"9577","1","0","","","","","","","","","","","","","","","","","","","Valter Lesquim de Paula Junior","","","","","","","","","","23/04/2013 08:44:00","MARCELO.EDER","","","","","","","","","",""
"9578","1","0","","","","","","","","","","","","","","","","","","","Leandro Brito da Silva","","","","","","","","","","23/04/2013 08:44:00","MARCELO.EDER","","","","","","","","","",""
"9579","1","0","","","","","","","","","","","","","","","","","","","DOUGLAS DANIEL DOS SANTOS","","","","","","","","","","31/05/2013 10:45:00","MARCELO.EDER","","","","","","","","","",""
"9580","1","0","","","","","","","","","","","","","","","","","","","WESLEY CASLISTO DE ARAUJO","","","","","","","","","","31/05/2013 10:45:00","MARCELO.EDER","","","","","","","","","",""
"9588","9400","2","","","","","","","","","","","","","","","","","","","Mec-Rul","Enxada Rotativa","","","","","","","","","17/07/2013 08:49:00","JULIANA.PLACIDI","0","0","0","0","0","0","0","","1","0"
"9589","9400","1","","","","","","","","","","","","","","","","","","","AUTEQ","","","","","","","","","","14/08/2013 14:30:00","JULIANA.PLACIDI","0","0","0","0","1","0","0","","0","0"
"9590","9408","0","John Deere","","","","","","","","","","","","","","","","","","MPA 2500","Monitor de Plantio","","","","","","","","","06/03/2025 08:15:00","NETO.PRADO","1","0","0","0","0","0","0","","0","0"
"9594","9401","0","John Deere","f) de 90 a 99 CV","","","","","","","","","","","","","","","","","TR5090E","","","","","","","","","","06/02/2017 15:19:00","VANESSA.ALVES","1","","","","","","","","",""
"9596","9400","2","","","","","","","","","","","","","","","","","","","Miname","Adubadeira","","","","","","","","","09/12/2013 10:35:00","JULIANA.PLACIDI","0","0","0","0","0","0","0","","1","0"
"9597","9415","0","","","","","","","","","","","","","","","","","","","Caixa Economica Fed","","","","","","","","","","12/12/2013 09:26:00","JULIANA.PLACIDI","","","","","","","","","",""
"9599","9400","1","","","","","","","","","","","","","","","","","","","Kuhn","","","","","","","","","","10/01/2014 17:33:00","JULIANA.PLACIDI","0","0","0","0","0","0","0","","1","0"
"9601","9401","0","John Deere","d) de 70 a 79 CV","","","","","","","","","","","","","","","","","TR5075EF","","","","","","","","","","06/02/2017 15:16:00","VANESSA.ALVES","1","0","0","0","0","0","0","","0","0"
"9602","9400","2","","","","","","","","","","","","","","","","","","","Cemag","","","","","","","","","","21/01/2014 16:18:00","JULIANA.PLACIDI","0","0","0","0","0","0","0","","1","0"
"9604","9400","0","","","","","","","","","","","","","","","","","","","IMP","Implemaster","","","","","","","","","10/08/2023 09:38:00","DIEGO.MARQUES","0","0","0","0","0","0","0","","1","0"
"9605","9400","0","","","","","","","","","","","","","","","","","","","Acton","","","","","","","","","","09/04/2014 10:20:00","JULIANA.PLACIDI","0","0","0","0","0","0","0","","1","0"
"9608","9400","1","","","","","","","","","","","","","","","","","","","Incomagri","","","","","","","","","","07/04/2014 11:31:00","JACQUELINE.DUARTE","0","0","0","0","0","0","0","","1","0"
"9616","9412","0","John Deere","Corte molinete","","","","","22,00","","","","","","","","","","","","","","","","","","","","","","","VTCCONS","","","","","","","","","",""
"9618","9405","0","John Deere","","","","","","","","","","","","","","","","","","JD 9970","","","","","","","","","","27/05/2014 09:05:00","GUILHERME.AR","","","","","","","","","",""
"9619","9405","0","John Deere","","","","","","","","","","","","","","","","","","JD 9976","","","","","","","","","","27/05/2014 09:05:00","GUILHERME.AR","","","","","","","","","",""
"9620","9405","0","John Deere","","","","","","","","","","","","","","","","","","JD 9986","","","","","","","","","","27/05/2014 09:05:00","GUILHERME.AR","","","","","","","","","",""
"9621","9406","0","John Deere","","","","","","","","","","","","","","","","","","","JD 9213","","","","","","","","","27/05/2014 09:05:00","GUILHERME.AR","","","","","","","","","",""
"9622","9400","0","","","","","","","","","","","","","","","","","","","VALMET","","","","","","","","","","27/05/2014 09:05:00","GUILHERME.AR","1","0","0","0","0","0","0","","0","0"
"9623","9401","0","VALMET","","","","","","","","","","","","","","","","","","TR68","","","","","","","","","","19/06/2018 07:54:00","DIEGO.MARQUES","1","0","0","0","0","0","0","","0","0"
"9624","9400","0","","","","","","","","","","","","","","","","","","","Pinheiro","","","","","","","","","","04/06/2014 07:48:00","JACQUELINE.DUARTE","0","0","0","0","0","0","0","","1","0"
"9626","9400","0","","","","","","","","","","","","","","","","","","","Sollus","","","","","","","","","","10/06/2014 08:35:00","JACQUELINE.DUARTE","0","0","0","0","0","0","0","","1","0"
"9629","9400","0","","","","","","","","","","","","","","","","","","","John Deere","","","","","","","","","","13/04/2016 11:09:00","VTCCONS","0","0","0","0","0","0","0","","0","1"
"9630","9401","0","John Deere","n) >= 250 CV","","","","","","","","","","","","","","","","","Distribuidor Autopropelido 4940","","","","","","","","","","08/08/2014 08:53:00","JACQUELINE.DUARTE","1","0","0","0","0","0","0","","0","0"
"9634","9401","0","Valtra","h) de 120 a 129 CV","","","","","","","","","","","","","","","","","VT BH 125","","","","","","","","","","26/08/2014 15:22:00","JACQUELINE.DUARTE","","","","","","","","","",""
"9635","9401","0","VALMET","j) de 160 a 179 CV","","","","","","","","","","","","","","","","","1780","","","","","","","","","","06/02/2017 12:01:00","VANESSA.ALVES","1","","","","","","","","",""
"9636","9401","0","VALMET","e) de 80 a 89 CV","","","","","","","","","","","","","","","","","88","","","","","","","","","","18/12/2019 15:21:00","DIEGO.MARQUES","1","","","","","","","","",""
"9637","9401","0","Massey","e) de 80 a 89 CV","","","","","","","","","","","","","","","","","292 4x4","","","","","","","","","","26/08/2014 15:22:00","JACQUELINE.DUARTE","","","","","","","","","",""
"9638","9401","0","Valtra","g) de 100 a 119 CV","","","","","","","","","","","","","","","","","Valtra BM 110","","","","","","","","","","31/01/2018 15:18:00","VANESSA.ALVES","1","","","","","","","","",""
"9639","9401","0","Valtra","f) de 90 a 99 CV","","","","","","","","","","","","","","","","","980","","","","","","","","","","26/08/2014 15:22:00","JACQUELINE.DUARTE","","","","","","","","","",""
"9640","9401","0","VALMET","f) de 90 a 99 CV","","","","","","","","","","","","","","","","","980","","","","","","","","","","26/08/2014 15:22:00","JACQUELINE.DUARTE","","","","","","","","","",""
"9641","9401","0","VALMET","g) de 100 a 119 CV","","","","","","","","","","","","","","","","","985 4x4","","","","","","","","","","26/08/2014 15:22:00","JACQUELINE.DUARTE","","","","","","","","","",""
"9642","9401","0","VALMET","f) de 90 a 99 CV","","","","","","","","","","","","","","","","","985","","","","","","","","","","14/11/2017 16:22:00","VANESSA.ALVES","1","","","","","","","","",""
"9643","9400","0","","","","","","","","","","","","","","","","","","","New Holland","","","","","","","","","","26/08/2014 15:22:00","JACQUELINE.DUARTE","1","1","0","0","0","0","0","","0","0"
"9644","9401","0","New Holland","h) de 120 a 129 CV","","","","","","","","","","","","","","","","","TM 120","","","","","","","","","","26/08/2014 15:22:00","JACQUELINE.DUARTE","0","0","0","0","0","0","0","","0","0"
"9645","9401","0","John Deere","l) de 200 a 219 CV","","","","","","","","","","","","","","","","","TR6205J","","","","","","","","","","10/09/2025 08:17:00","MATHEUS.AUGUSTO","0","","","","","","","","",""
"9647","9415","0","","","","","","","","","","","","","","","","","","","Colorado Máquinas","","","","","","","","","","21/11/2014 09:37:00","JULIANA.PLACIDI","","","","","","","","","",""
"9649","9405","0","John Deere","","","","","","","","","","","","","","","","","","CA S660","","","","","","","","","","10/09/2025 09:31:00","MATHEUS.AUGUSTO","1","","","","","","","","",""
"9650","9405","0","John Deere","","","","","","","","","","","","","","","","","","CA S670","","","","","","","","","","06/03/2025 08:25:00","NETO.PRADO","1","","","","","","","","",""
"9652","9415","0","","Enfardadoura","","","","","","","","","","","","","","","","","Banco Safra","","","","","","","","","","13/04/2022 15:09:00","DIEGO.MARQUES","","","","","","","","","",""
"9653","9400","0","","","","","","","","","","","","","","","","","","","Jinma","","","","","","","","","","18/12/2014 18:11:00","VTCCONS","1","0","0","0","0","0","0","","0","0"
"9654","9406","0","Case","","","","","","34,00","","","","","","","","","","","","Semeato","Hidráulica","","","","","","","","","18/12/2014 18:11:00","VTCCONS","0","0","0","0","0","0","0","","0","0"
"9655","9412","0","John Deere","Milho","","","","","","","","","","","","","","","","","PM 606C","","","","","","","","","","10/09/2025 09:13:00","MATHEUS.AUGUSTO","1","0","0","0","0","0","0","","0","0"
"9656","9411","0","Jacto","","","","","","3000,00","","","","","","","","","","","","JT UNIPORT 3030","","","","","","","","","","14/04/2025 14:46:00","MATHEUS.AUGUSTO","1","0","0","0","0","0","0","","0","0"
"9657","1","0","","","","","","","","","","","","","","","","","","","CARLOS ALBERTO PEREZ","","","","","","","","","","18/12/2014 18:11:00","VTCCONS","0","0","0","0","0","0","0","","0","0"
"9658","9413","0","","","","","","","","","","","","","","","","","","","Caroll","","","","","","","","","","18/12/2014 18:11:00","VTCCONS","0","0","0","0","0","0","0","","0","0"
"9659","9401","0","Jinma","a) <= 49 CV","","","","","","","","","","","","","","","","","BR 454","","","","","","","","","","18/12/2014 18:11:00","VTCCONS","0","0","0","0","0","0","0","","0","0"
"9660","9410","0","John Deere","","","","","","","","","","","","","","","","","","JD GATOR","4X2","","","","","","","","","18/12/2014 18:11:00","VTCCONS","0","0","0","0","0","0","0","","0","0"
"9663","9400","0","","","","","","","","","","","","","","","","","","","Prod. não espec.","","","","","","","","","","14/01/2015 09:17:00","VTCCONS","0","0","0","0","0","0","0","","0","1"
"9666","9406","0","John Deere","","","","","","","","","","","","","","","","","","JD 2115/13","","","","","","","","","","21/01/2015 10:54:00","JACQUELINE.DUARTE","","","","","","","","","",""
"9667","9401","0","John Deere","d) de 70 a 79 CV","","","","","","","","","","","","","","","","","TR5078ECAB","","","","","","","","","","10/09/2025 08:15:00","MATHEUS.AUGUSTO","0","","","","","","","","",""
"9668","9401","0","John Deere","e) de 80 a 89 CV","","","","","","","","","","","","","","","","","TR5085E CAB","","","","","","","","","","23/02/2017 17:20:00","VANESSA.ALVES","1","","","","","","","","",""
"9669","9401","0","John Deere","f) de 90 a 99 CV","","","","","","","","","","","","","","","","","TR5090E CAB 9x3","","","","","","","","","","15/01/2025 15:21:00","NETO.PRADO","1","1","","","","","","","",""
"9672","9400","0","","","","","","","","","","","","","","","","","","","Vicon","","","","","","","","","","09/02/2015 08:56:00","JACQUELINE.DUARTE","0","0","0","0","0","0","0","","1","0"
"9674","9400","0","","","","","","","","","","","","","","","","","","","HILSEN","","","","","","","","","","11/02/2015 11:55:00","JULIANA.PLACIDI","0","0","0","0","0","0","0","","1","0"
"9676","9400","1","","","","","","","","","","","","","","","","","","","Hilfe","","","","","","","","","","24/02/2015 16:01:00","JACQUELINE.DUARTE","0","0","0","0","0","0","0","","1","0"
"9684","9405","0","John Deere","","","","","","","","","","","","","","","","","","CA S540","","","","","","","","","","06/03/2025 08:24:00","NETO.PRADO","1","","","","","","","","",""
"9686","9415","0","","","","","","","","","","","","","","","","","","","Recurso Próprio","","","","","","","","","","04/03/2015 08:07:00","JACQUELINE.DUARTE","","","","","","","","","",""
"9687","9413","0","","","","","","","","","","","","","","","","","","","Tracbel","","","","","","","","","","18/03/2015 15:08:00","JULIANA.PLACIDI","0","0","0","0","0","0","0","","0","0"
"9690","9400","1","","","","","","","","","","","","","","","","","","","Lavrale","","","","","","","","","","19/03/2015 13:35:00","JACQUELINE.DUARTE","0","0","0","0","0","0","0","","1","0"
"9695","9401","0","John Deere","h) de 120 a 129 CV","","","","","","","","","","","","","","","","","6415","","","","","","","","","","23/03/2015 14:49:00","JULIANA.PLACIDI","","","","","","","","","",""
"9697","9401","0","John Deere","m) de 220 a 249 CV","","","","","","","","","","","","","","","","","PV 4730","","","","","","","","","","24/03/2015 16:46:00","JULIANA.PLACIDI","","","","","","","","","",""
"9698","9401","0","Massey","l) de 200 a 219 CV","","","","","","","","","","","","","","","","","MF 9030 CANA","","","","","","","","","","24/03/2015 16:49:00","JULIANA.PLACIDI","","","","","","","","","",""
"9704","9400","1","","","","","","","","","","","","","","","","","","","Santa Izabel","","","","","","","","","","08/04/2015 07:32:00","JACQUELINE.DUARTE","0","0","0","0","0","0","0","","1","0"
"9706","9400","0","","","","","","","","","","","","","","","","","","","Ifló","","","","","","","","","","10/04/2015 13:54:00","JACQUELINE.DUARTE","0","0","0","0","0","0","0","","1","0"
"9711","9400","2","","","","","","","","","","","","","","","","","","","JAN","","","","","","","","","","05/05/2015 15:24:00","JULIANA.PLACIDI","0","0","0","0","0","0","0","","1","0"
"9713","9400","2","","","","","","","","","","","","","","","","","","","IPACOL","","","","","","","","","","05/05/2015 15:31:00","JULIANA.PLACIDI","0","0","0","0","0","0","0","","1","0"
"9717","9400","2","","","","","","","","","","","","","","","","","","","Andrade","","","","","","","","","","11/05/2015 16:51:00","JULIANA.PLACIDI","0","0","0","0","0","0","0","","1","0"
"9720","9415","0","","","","","","","","","","","","","","","","","","","Esteira","","","","","","","","","","03/06/2015 08:36:00","JULIANA.PLACIDI","","","","","","","","","",""
"9729","9403","0","","Silvicultura","","","","","","","","","","","","","","","","","Seringueira","","","","","","","","","","20/07/2015 09:34:00","MARILIA.RESENDE","","","","","","","","","",""
"9730","9403","0","","Outros","","","","","","","","","","","","","","","","","Produtor Rural","","","","","","","","","","12/08/2015 15:39:00","MARILIA.RESENDE","","","","","","","","","",""
"9735","9400","2","John Deere","","","","","","","","","","","","","","","","","","Não especificado","Hidráulica","","","","","","","","","13/08/2015 16:41:00","VTCCONS","0","0","0","1","0","0","0","","0","0"
"9741","9405","0","Prod. não espec.","","","","","","","","","","","","","","","","","","","","","","","","","","","","20/08/2015 12:31:00","MARILIA.RESENDE","","","","","","","","","",""
"9742","9407","0","Prod. não espec.","","","","","","","","","","","","","","","","","","","","","","","","","","","","20/08/2015 12:32:00","MARILIA.RESENDE","","","","","","","","","",""
"9743","9400","0","","","","","","","","","","","","","","","","","","","Condor","","","","","","","","","","20/08/2015 15:21:00","VTCCONS","0","0","0","0","0","1","0","","0","0"
"9746","9400","2","","","","","","","","","","","","","","","","","","","Airbus","","","","","","","","","","20/08/2015 15:22:00","VTCCONS","0","0","0","0","0","1","0","","0","0"
"9750","9400","2","","","","","","","","","","","","","","","","","","","Puvemar","","","","","","","","","","20/08/2015 15:29:00","VTCCONS","0","0","0","0","0","0","0","","1","0"
"9752","9411","0","Airbus","","","","","","","","","","","","","","","","","","","","","","","","","","","","20/08/2015 15:38:00","VTCCONS","0","0","0","0","0","0","0","","0","0"
"9753","9411","0","Condor","","","","","","","","","","","","","","","","","","","","","","","","","","","","20/08/2015 15:39:00","VTCCONS","0","0","0","0","0","0","0","","0","0"
"9757","9400","0","","","","","","","","","","","","","","","","","","","Planti Center","","","","","","","","","","26/08/2015 10:44:00","VTCCONS","0","0","0","0","0","0","0","","1","0"
"9762","9401","0","New Holland","Potencia Variável","","","","","","","","","","","","","","","","","T9.700","","","","","","","","","","26/05/2019 11:33:00","DIEGO.MARQUES","1","0","0","0","0","0","0","","0","0"
"9763","9415","0","","","","","","","","","","","","","","","","","","","Banco Alfa","","","","","","","","","","17/11/2015 09:34:00","JULIANA.PLACIDI","","","","","","","","","",""
"9764","9407","0","John Deere","","","","","","","","","","","","","","","","","","CH 570","","","","","","","","","","06/03/2025 08:18:00","NETO.PRADO","1","","","","","","","","",""
"9766","9407","0","John Deere","","","","","","","","","","","","","","","","","","CH 670","","","","","","","","","","06/03/2025 08:18:00","NETO.PRADO","1","","","","","","","","",""
"9771","9400","0","Green System","","","","","","","","","","","","","","","","","","DC 1102","Distribuidora de Cana Green System","","","","","","","","","22/12/2015 11:01:00","JULIANA.PLACIDI","0","0","0","0","0","0","0","","1","0"
"9774","9401","0","New Holland","m) de 220 a 249 CV","","","","","","","","","","","","","","","","","T7.245","","","","","","","","","","26/05/2019 11:29:00","DIEGO.MARQUES","1","0","0","0","0","0","0","","0","0"
"9775","9401","0","New Holland","l) de 200 a 219 CV","","","","","","","","","","","","","","","","","T7 205","","","","","","","","","","29/01/2016 09:24:00","JULIANA.PLACIDI","0","0","0","0","0","0","0","","0","0"
"9776","9403","0","","Sucroalcooleiro","","","","","","","","","","","","","","","","","Prestador Serviço CCT","","","","","","","","","","22/02/2018 17:37:00","VANESSA.ALVES","","","","","","","","","",""
"9778","9400","0","","","","","","","","","","","","","","","","","","","Green System","","","","","","","","","","05/02/2016 09:28:00","VTCCONS","0","0","0","0","0","0","0","1","0","0"
"9783","9401","0","VALMET","","","","","","","","","","","","","","","","","","785 4x2","","","","","","","","","","21/11/2017 14:42:00","VANESSA.ALVES","1","","","","","","","","",""
"9787","9401","0","VALMET","","","","","","","","","","","","","","","","","","78 4x2","","","","","","","","","","25/02/2016 09:23:00","BRUNA.FELICIO","","","","","","","","","",""
"9788","9401","0","VALMET","","","","","","","","","","","","","","","","","","885 PCR 4X2","","","","","","","","","","27/08/2019 08:19:00","DIEGO.MARQUES","1","","","","","","","","",""
"9789","9401","0","CBT","","","","","","","","","","","","","","","","","","2500 TP 4X4","","","","","","","","","","25/02/2016 10:38:00","BRUNA.FELICIO","","","","","","","","","",""
"9790","9401","0","CBT","","","","","","","","","","","","","","","","","","8060 TP 4X2","","","","","","","","","","25/02/2016 10:53:00","BRUNA.FELICIO","","","","","","","","","",""
"9791","9401","0","CBT","","","","","","","","","","","","","","","","","","2105 4X4","","","","","","","","","","25/02/2016 10:53:00","BRUNA.FELICIO","","","","","","","","","",""
"9792","9401","0","VALMET","","","","","","","","","","","","","","","","","","128 4X4","","","","","","","","","","25/02/2016 10:54:00","BRUNA.FELICIO","","","","","","","","","",""
"9793","9401","0","VALMET","","","","","","","","","","","","","","","","","","138.4 4X4","","","","","","","","","","25/02/2016 10:56:00","BRUNA.FELICIO","","","","","","","","","",""
"9794","9401","0","VALMET","","","","","","","","","","","","","","","","","","118.4 ID 4X4","","","","","","","","","","25/02/2016 11:02:00","BRUNA.FELICIO","","","","","","","","","",""
"9795","9401","0","VALMET","","","","","","","","","","","","","","","","","","148.4 4x4","","","","","","","","","","25/02/2016 11:07:00","BRUNA.FELICIO","","","","","","","","","",""
"9796","9401","0","Massey","","","","","","","","","","","","","","","","","","MF- 65","","","","","","","","","","25/02/2016 11:11:00","BRUNA.FELICIO","","","","","","","","","",""
"9798","9411","0","Jacto","","","","","","","","","","","","","","","","","","CONDOR 800 AM-14","","","","","","","","","","06/02/2017 16:21:00","VANESSA.ALVES","1","","","","","","","","",""
"9799","9401","0","New Holland","","","","","","","","","","","","","","","","","","TM 165","","","","","","","","","","24/04/2025 14:35:00","MATHEUS.AUGUSTO","1","","","","","","","","",""
"9803","3","0","John Deere","John Deere","","","","","","","","","","","","","","","","","Consorcio","","","","","","","","","","09/12/2020 09:41:00","DIEGO.MARQUES","","","","","","","","","",""
"9809","9401","0","John Deere","","","","","","","","","","","","","","","","","","TR8370R","","","","","","","","","","10/09/2025 08:20:00","MATHEUS.AUGUSTO","0","","","","","","","","",""
"9812","4","0","","","","","","","1,00","","","","","","","","","","","","Tratores Linha 5000","0.9","","","","","","","","","17/02/2017 15:12:00","VTCCONS","","","","","","","","","",""
"9813","4","0","","","","","","","8,00","","","","","","","","","","","","Tratores Linha 6000","0.7","","","","","","","","","13/02/2017 14:30:00","VANESSA.ALVES","","","","","","","","","",""
"9814","4","0","","","","","","","","","","","","","","","","","","","Tratores Linha 7000","0.7","","","","","","","","","13/02/2017 14:31:00","VANESSA.ALVES","","","","","","","","","",""
"9815","4","0","","","","","","","","","","","","","","","","","","","Tratores Linha 8000","0.4","","","","","","","","","31/05/2016 11:03:00","VTCCONS","","","","","","","","","",""
"9816","4","0","","","","","","","","","","","","","","","","","","","Colhedoras","0.4","","","","","","","","","31/05/2016 15:12:00","JULIANA.PLACIDI","","","","","","","","","",""
"9819","4","0","","","","","","","","","","","","","","","","","","","Implementos","1.8","","","","","","","","","17/02/2017 15:52:00","VANESSA.ALVES","","","","","","","","","",""
"9820","4","0","","","","","","","","","","","","","","","","","","","Colheitadeiras e Plataformas","0.4","","","","","","","","","31/05/2016 16:44:00","JULIANA.PLACIDI","","","","","","","","","",""
"9828","9400","1","","","","","","","","","","","","","","","","","","","Agri mec","ROLO DESTORROADOR COMPACTADOR","","","","","","","","","10/06/2016 09:18:00","BRUNA.FELICIO","0","0","0","0","0","0","0","0","1","0"
"9832","9400","1","","","","","","","","","","","","","","","","","","","KBM","","","","","","","","","","28/06/2016 16:04:00","BRUNA.FELICIO","0","0","0","0","0","0","0","0","1","0"
"9833","9400","0","","","","","","","","","","","","","","","","","","","","","","","","","","","","","28/06/2016 16:38:00","BRUNA.FELICIO","0","0","0","0","0","0","0","0","0","0"
"9838","9401","0","Case","k) de 180 a 199 CV","","","","","","","","","","","","","","","","","PUMA 205","","","","","","","","","","30/06/2016 08:18:00","BRUNA.FELICIO","","","","","","","","","",""
"9841","9400","0","","","","","","","","","","","","","","","","","","","Piccin","","","","","","","","","","05/05/2020 08:38:00","GABRIEL.PILO","0","0","0","0","0","0","0","0","1","0"
"9842","9400","0","","","","","","","","","","","","","","","","","","","","","","","","","","","","","07/07/2016 11:15:00","BRUNA.FELICIO","0","0","0","0","0","0","0","0","0","0"
"9843","4","0","","","","","","","","","","","","","","","","","","","Pulverizadores","0.4","","","","","","","","","15/07/2016 09:53:00","VANESSA.ALVES","","","","","","","","","",""
"9844","4","0","","","","","","","","","","","","","","","","","","","Plantadeiras","1","","","","","","","","","15/07/2016 10:14:00","VANESSA.ALVES","","","","","","","","","",""
"9845","4","0","","","","","","","","","","","","","","","","","","","Usados","0.7","","","","","","","","","17/02/2017 16:12:00","VANESSA.ALVES","","","","","","","","","",""
"9846","4","0","","","","","","","","","","","","","","","","","","","Tratores Jardim","2.0","","","","","","","","","15/07/2016 10:15:00","VANESSA.ALVES","","","","","","","","","",""
"9847","4","0","","","","","","","","","","","","","","","","","","","Solução em Agricultura de Precisão","2","","","","","","","","","15/07/2016 10:15:00","VANESSA.ALVES","","","","","","","","","",""
"9848","4","0","","","","","","","","","","","","","","","","","","","Greem Systen","1.8","","","","","","","","","28/05/2020 09:13:00","DIEGO.MARQUES","","","","","","","","","",""
"9849","4","0","","","","","","","","","","","","","","","","","","","Gator","1","","","","","","","","","15/07/2016 10:22:00","VANESSA.ALVES","","","","","","","","","",""
"9855","9400","1","","","","","","","","","","","","","","","","","","","LS Arabica","","","","","","","","","","09/08/2016 10:37:00","BRUNA.FELICIO","1","0","0","0","0","0","0","0","0","0"
"9856","9401","0","LS Arabica","c) de 60 a 69 CV","","","","","","","","","","","","","","","","","LS TRACTOR 60 CV","","","","","","","","","","09/08/2016 10:44:00","BRUNA.FELICIO","0","0","0","0","0","0","0","0","0","0"
"9859","9400","0","","","","","","","","","","","","","","","","","","","Marchesan Tatu","","","","","","","","","","20/09/2016 17:33:00","BRUNA.FELICIO","0","0","0","0","0","0","0","0","1","0"
"9863","9401","0","John Deere","","","","","","","","","","","","","","","","","","8345r","","","","","","","","","","28/09/2016 09:05:00","BRUNA.FELICIO","","","","","","","","","",""
"9864","9413","1","","","","","","","","","","","","","","","","","","","LS","","","","","","","","","","08/03/2018 15:38:00","VANESSA.ALVES","","","","","","","","","",""
"9865","9405","0","John Deere","Corte molinete","Rotor","","","","","","","","","","","","","","","","CA S430","","","","","","","","","","06/03/2025 08:24:00","NETO.PRADO","1","","","","","","","","",""
"9866","9405","0","John Deere","Corte molinete","Rotor","","","","","","","","","","","","","","","","CA 440","","","","","","","","","","25/10/2016 15:37:00","BRUNA.FELICIO","","","","","","","","","",""
"9868","9405","0","John Deere","Corte molinete","Rotor","","","","","","","","","","","","","","","","CA S440","","","","","","","","","","05/05/2026 14:22:00","MATHEUS.AUGUSTO","1","","","","","","","","",""
"9870","9411","0","Jacto","","","","","","3000,00","","","","","","","","","","","","Advance AM 18","","","","","","","","","","16/11/2016 15:17:00","BRUNA.FELICIO","","","","","","","","","",""
"9877","9415","0","","","","","","","","","","","","","","","","","","","Banco Ribeirão Preto","","","","","","","","","","23/12/2016 14:30:00","VTCCONS","","","","","","","","","",""
"9878","6","0","","","","","","","99999,00","3,00","3,00","99999,00","","","","","","","","","","","","","","","","","","","10/02/2020 13:21:00","GABRIEL.PILO","","","","","","","","","",""
"9882","9401","0","John Deere","j) de 140 a 159 CV","","","","","","","","","","","","","","","","","TR6150J DUAL","","","","","","","","","","06/03/2025 09:07:00","NETO.PRADO","1","","","","","","","","",""
"9885","9411","0","Jacto","","","","","","1000,00","","","","","","","","","","","","ARBUS 1000/75","","","","","","","","","","06/02/2017 15:52:00","VANESSA.ALVES","1","","","","","","","","",""
"9887","9401","0","John Deere","","","","","","","","","","","","","","","","","","TR8335R","","","","","","","","","","06/02/2017 15:00:00","VANESSA.ALVES","1","","","","","","","","",""
"9888","9406","0","John Deere","","","","","","8,00","","","","","","","","","","","","PL11098L","Hidráulica","","","","","","","","","10/06/2024 12:15:00","MATHEUS.AUGUSTO","0","","","","","","","","",""
"9889","9406","0","John Deere","","","","","","11,00","","","","","","","","","","","","PL 1111-11L","Hidráulica","","","","","","","","","06/03/2025 08:30:00","NETO.PRADO","1","","","","","","","","",""
"9890","9412","0","John Deere","Corte molinete","","","","","319,00","","","","","","","","","","","","PC319","","","","","","","","","","10/09/2025 09:08:00","MATHEUS.AUGUSTO","1","","","","","","","","",""
"9891","9412","0","John Deere","Corte molinete","","","","","620,00","","","","","","","","","","","","PC620A","","","","","","","","","","10/09/2025 09:05:00","MATHEUS.AUGUSTO","0","","","","","","","","",""
"9892","9412","0","John Deere","Corte molinete","","","","","622,00","","","","","","","","","","","","PC622A","","","","","","","","","","10/09/2025 09:06:00","MATHEUS.AUGUSTO","0","","","","","","","","",""
"9893","9412","0","John Deere","Corte molinete","","","","","625,00","","","","","","","","","","","","PC625A","","","","","","","","","","10/09/2025 09:07:00","MATHEUS.AUGUSTO","0","","","","","","","","",""
"9894","9412","0","John Deere","Corte molinete","","","","","630,00","","","","","","","","","","","","PC630A","","","","","","","","","","10/09/2025 09:08:00","MATHEUS.AUGUSTO","0","","","","","","","","",""
"9895","9412","0","John Deere","Corte molinete","","","","","635,00","","","","","","","","","","","","PC635A","","","","","","","","","","06/02/2017 14:33:00","VANESSA.ALVES","1","","","","","","","","",""
"9896","9410","0","John Deere","","","","","","","","","","","","","","","","","","GA855DXUV","4X4","","","","","","","","","30/01/2017 12:45:00","VANESSA.ALVES","","","","","","","","","",""
"9897","9407","0","John Deere","","","","","","","","","","","","","","","","","","CH 3520 P","","","","","","","","","","06/03/2025 08:18:00","NETO.PRADO","0","","","","","","","","",""
"9919","9406","0","John Deere","","","","","","","","","","","","","","","","","","PLPP1102GREENSYSTEM","","","","","","","","","","06/02/2017 11:48:00","VANESSA.ALVES","1","","","","","","","","",""
"9920","9411","0","John Deere","","","","","","","","","","","","","","","","","","PV 4940","","","","","","","","","","06/03/2025 08:39:00","NETO.PRADO","1","","","","","","","","",""
"9921","9406","0","John Deere","","","","","","13,00","","","","","","","","","","","","PL2113A","","","","","","","","","","06/03/2025 08:28:00","NETO.PRADO","0","","","","","","","","",""
"9922","9406","0","John Deere","","","","","","30,00","","","","","","","","","","","","PL2130A","","","","","","","","","","06/03/2025 08:29:00","NETO.PRADO","0","","","","","","","","",""
"9923","9401","0","John Deere","","","","","","","","","","","","","","","","","","LA135","","","","","","","","","","06/02/2017 11:58:00","VANESSA.ALVES","1","","","","","","","","",""
"9924","9401","0","John Deere","","","","","","","","","","","","","","","","","","LA173","","","","","","","","","","06/02/2017 11:58:00","VANESSA.ALVES","1","","","","","","","","",""
"9925","9401","0","John Deere","","","","","","","","","","","","","","","","","","LA175","","","","","","","","","","06/02/2017 12:00:00","VANESSA.ALVES","1","","","","","","","","",""
"9926","9412","0","John Deere","","","","","","","","","","","","","","","","","","PK630B","","","","","","","","","","06/02/2017 14:34:00","VANESSA.ALVES","1","","","","","","","","",""
"9927","9412","0","John Deere","","","","","","","","","","","","","","","","","","PK360","","","","","","","","","","06/02/2017 14:35:00","VANESSA.ALVES","1","","","","","","","","",""
"9928","9412","0","John Deere","","","","","","","","","","","","","","","","","","PM 613C","","","","","","","","","","10/09/2025 09:15:00","MATHEUS.AUGUSTO","1","","","","","","","","",""
"9929","9412","0","John Deere","Milho","","","","","","","","","","","","","","","","","PM 505","","","","","","","","","","10/09/2025 09:13:00","MATHEUS.AUGUSTO","1","","","","","","","","",""
"9930","9401","0","John Deere","","","","","","","","","","","","","","","","","","TR6210J","","","","","","","","","","06/03/2025 09:09:00","NETO.PRADO","1","","","","","","","","",""
"9931","9401","0","John Deere","","","","","","","","","","","","","","","","","","TR6500","","","","","","","","","","06/02/2017 14:40:00","VANESSA.ALVES","1","","","","","","","","",""
"9932","9401","0","John Deere","","","","","","","","","","","","","","","","","","TR6600","","","","","","","","","","06/02/2017 14:42:00","VANESSA.ALVES","1","","","","","","","","",""
"9933","9401","0","John Deere","","","","","","","","","","","","","","","","","","TR7185J","","","","","","","","","","06/02/2017 14:43:00","VANESSA.ALVES","1","","","","","","","","",""
"9934","9401","0","John Deere","","","","","","","","","","","","","","","","","","TR7200J","","","","","","","","","","06/03/2025 09:10:00","NETO.PRADO","1","","","","","","","","",""
"9935","9401","0","John Deere","","","","","","","","","","","","","","","","","","TR7230J","","","","","","","","","","06/03/2025 09:10:00","NETO.PRADO","1","","","","","","","","",""
"9936","9401","0","John Deere","","","","","","","","","","","","","","","","","","TR7215J","","","","","","","","","","06/03/2025 09:10:00","NETO.PRADO","1","","","","","","","","",""
"9937","9401","0","John Deere","","","","","","","","","","","","","","","","","","TR7815","","","","","","","","","","06/02/2017 14:47:00","VANESSA.ALVES","1","","","","","","","","",""
"9938","9401","0","John Deere","","","","","","","","","","","","","","","","","","TR8270R","","","","","","","","","","06/03/2025 09:14:00","NETO.PRADO","1","","","","","","","","",""
"9939","9401","0","John Deere","","","","","","","","","","","","","","","","","","TR8295R","","","","","","","","","","10/09/2025 08:18:00","MATHEUS.AUGUSTO","0","","","","","","","","",""
"9940","9401","0","John Deere","","","","","","","","","","","","","","","","","","TR8295R","","","","","","","","","","06/03/2025 09:14:00","NETO.PRADO","1","","","","","","","","",""
"9941","9401","0","John Deere","","","","","","","","","","","","","","","","","","TR8345R","","","","","","","","","","06/02/2017 15:00:00","VANESSA.ALVES","1","","","","","","","","",""
"9942","9401","0","John Deere","","","","","","","","","","","","","","","","","","TR8370R","","","","","","","","","","06/03/2025 09:15:00","NETO.PRADO","1","","","","","","","","",""
"9943","9401","0","John Deere","","","","","","","","","","","","","","","","","","TR8410R","","","","","","","","","","06/03/2025 09:16:00","NETO.PRADO","1","","","","","","","","",""
"9944","9401","0","John Deere","","","","","","","","","","","","","","","","","","TR9420R","","","","","","","","","","06/02/2017 15:03:00","VANESSA.ALVES","1","","","","","","","","",""
"9945","9401","0","John Deere","","","","","","","","","","","","","","","","","","TR9470R","","","","","","","","","","06/02/2017 15:05:00","VANESSA.ALVES","1","","","","","","","","",""
"9946","9401","0","John Deere","","","","","","","","","","","","","","","","","","TR9520R","","","","","","","","","","06/02/2017 15:07:00","VANESSA.ALVES","1","","","","","","","","",""
"9947","9401","0","John Deere","","","","","","","","","","","","","","","","","","TR5300","","","","","","","","","","06/02/2017 15:20:00","VANESSA.ALVES","1","","","","","","","","",""
"9948","9401","0","John Deere","","","","","","","","","","","","","","","","","","TR6115J PQ PN18","","","","","","","","","","06/03/2025 09:04:00","NETO.PRADO","1","","","","","","","","",""
"9950","9401","0","John Deere","h) de 120 a 129 CV","","","","","","","","","","","","","","","","","TR6125E MAR-I","","","","","","","","","","10/09/2025 08:17:00","MATHEUS.AUGUSTO","0","","","","","","","","",""
"9951","9401","0","John Deere","h) de 120 a 129 CV","","","","","","","","","","","","","","","","","TR6125J PQ PN23","","","","","","","","","","06/03/2025 09:05:00","NETO.PRADO","1","","","","","","","","",""
"9952","9401","0","John Deere","i) de 130 a 139 CV","","","","","","","","","","","","","","","","","TR6135J","","","","","","","","","","06/03/2025 09:05:00","NETO.PRADO","1","","","","","","","","",""
"9953","9401","0","John Deere","","","","","","","","","","","","","","","","","","TR6165J","","","","","","","","","","06/02/2017 15:32:00","VANESSA.ALVES","1","","","","","","","","",""
"9954","9401","0","John Deere","j) de 140 a 159 CV","","","","","","","","","","","","","","","","","TR6150J","","","","","","","","","","02/04/2025 16:43:00","MATHEUS.AUGUSTO","1","","","","","","","","",""
"9955","9401","0","John Deere","","","","","","","","","","","","","","","","","","TR6170J","","","","","","","","","","06/03/2025 09:07:00","NETO.PRADO","1","","","","","","","","",""
"9956","9401","0","John Deere","","","","","","","","","","","","","","","","","","TR6190J","","","","","","","","","","06/03/2025 09:08:00","NETO.PRADO","1","","","","","","","","",""
"9957","9408","0","John Deere","","","","","","","","","","","","","","","","","","VOLANTE ATU 200","","","","","","","","","","06/03/2025 08:16:00","NETO.PRADO","1","","","","","","","","",""
"9958","9408","0","John Deere","","","","","","","","","","","","","","","","","","RADIO RTK 450","","","","","","","","","","06/03/2025 08:15:00","NETO.PRADO","1","","","","","","","","",""
"9959","9408","0","John Deere","","","","","","","","","","","","","","","","","","CBA3200","","","","","","","","","","06/02/2017 15:45:00","VANESSA.ALVES","1","","","","","","","","",""
"9960","9408","0","John Deere","","","","","","","","","","","","","","","","","","GREENSTAR RATE","","","","","","","","","","09/05/2025 08:34:00","MATHEUS.AUGUSTO","0","","","","","","","","",""
"9961","9408","0","John Deere","","","","","","","","","","","","","","","","","","MONITOR GS2 1800","","","","","","","","","","06/03/2025 08:14:00","NETO.PRADO","1","","","","","","","","",""
"9962","9408","0","John Deere","","","","","","","","","","","","","","","","","","MONITOR GS3","","","","","","","","","","06/03/2025 08:14:00","NETO.PRADO","1","","","","","","","","",""
"9963","9408","0","John Deere","","","","","","","","","","","","","","","","","","KIT RAVEN","","","","","","","","","","06/02/2017 15:46:00","VANESSA.ALVES","1","","","","","","","","",""
"9964","9408","0","John Deere","","","","","","","","","","","","","","","","","","MONITOR 2630","","","","","","","","","","06/03/2025 08:13:00","NETO.PRADO","1","","","","","","","","",""
"9965","9408","0","John Deere","","","","","","","","","","","","","","","","","","RECEPTOR STARFIRE","","","","","","","","","","06/03/2025 08:13:00","NETO.PRADO","0","","","","","","","","",""
"9966","9408","0","John Deere","","","","","","","","","","","","","","","","","","RECEPTOR SF 6000","","","","","","","","","","06/03/2025 08:15:00","NETO.PRADO","1","","","","","","","","",""
"9967","9408","0","John Deere","","","","","","","","","","","","","","","","","","SOFT","","","","","","","","","","06/02/2017 15:48:00","VANESSA.ALVES","1","","","","","","","","",""
"9968","9408","0","John Deere","","","","","","","","","","","","","","","","","","TAXA","","","","","","","","","","06/02/2017 15:48:00","VANESSA.ALVES","1","","","","","","","","",""
"9969","9408","0","John Deere","","","","","","","","","","","","","","","","","","VOLANTE ATU 300","","","","","","","","","","06/03/2025 08:16:00","NETO.PRADO","1","","","","","","","","",""
"9971","9411","0","Jacto","","","","","","","","","","","","","","","","","","ARBUS 400","","","","","","","","","","06/02/2017 15:53:00","VANESSA.ALVES","1","","","","","","","","",""
"9972","9411","0","John Deere","","","","","","","","","","","","","","","","","","ASM- 1","","","","","","","","","","06/02/2017 15:55:00","VANESSA.ALVES","1","","","","","","","","",""
"9973","9411","0","John Deere","","","","","","","","","","","","","","","","","","ATA 1400","","","","","","","","","","06/02/2017 16:17:00","VANESSA.ALVES","1","","","","","","","","",""
"9974","9411","0","Incomagri","","","","","","","","","","","","","","","","","","ATTACK 800","","","","","","","","","","06/02/2017 16:17:00","VANESSA.ALVES","1","","","","","","","","",""
"9975","9411","0","John Deere","","","","","","","","","","","","","","","","","","BIG-BAG SAB","","","","","","","","","","06/02/2017 16:18:00","VANESSA.ALVES","1","","","","","","","","",""
"9976","9411","0","Agro-Leite","","","","","","","","","","","","","","","","","","CABINE COM AR","","","","","","","","","","06/02/2017 16:18:00","VANESSA.ALVES","1","","","","","","","","",""
"9977","9411","0","Facchini","","","","","","","","","","","","","","","","","","CARRETA","","","","","","","","","","06/02/2017 16:19:00","VANESSA.ALVES","1","","","","","","","","",""
"9980","9411","0","Herbicat","","","","","","","","","","","","","","","","","","G3S","","","","","","","","","","06/02/2017 16:35:00","VANESSA.ALVES","1","","","","","","","","",""
"9989","9411","0","Kuhn","","","","","","","","","","","","","","","","","","PORTER 800-ST","","","","","","","","","","07/02/2017 08:17:00","VANESSA.ALVES","1","","","","","","","","",""
"9990","9412","0","JF","","","","","","","","","","","","","","","","","","PRF 455/ 500-4","","","","","","","","","","07/02/2017 08:22:00","VANESSA.ALVES","1","","","","","","","","",""
"9991","9412","0","JF","","","","","","","","","","","","","","","","","","PRN 1.3D/ JF 1300","","","","","","","","","","07/02/2017 08:21:00","VANESSA.ALVES","1","","","","","","","","",""
"9993","9408","0","John Deere","","","","","","","","","","","","","","","","","","RADIO RTK 9000","Radio","","","","","","","","","06/03/2025 08:15:00","NETO.PRADO","1","","","","","","","","",""
"9994","9406","0","John Deere","","","","","","12,00","","","","","","","","","","","","PL 1113-12L","Vácuo","","","","","","","","","06/03/2025 08:30:00","NETO.PRADO","1","","","","","","","","",""
"9995","9406","0","John Deere","","","","","","13,00","","","","","","","","","","","","PL 1113-13L","Hidráulica","","","","","","","","","06/03/2025 08:30:00","NETO.PRADO","1","","","","","","","","",""
"10000","9401","0","John Deere","g) de 100 a 119 CV","","","","","","","","","","","","","","","","","TR6100J SEM CAB","","","","","","","","","","06/03/2025 09:02:00","NETO.PRADO","1","","","","","","","","",""
"10002","9400","1","","","","","","","","","","","","","","","","","","","KGB","","","","","","","","","","20/04/2017 08:10:00","VANESSA.ALVES","0","0","0","1","0","0","0","0","0","0"
"10012","9400","1","","","","","","","","","","","","","","","","","","","Marchesan","","","","","","","","","","11/05/2017 13:52:00","BRUNA.FELICIO","0","0","0","0","0","0","0","0","1","0"
"10016","9412","0","John Deere","Milho","","","","","","","","","","","","","","","","","PM 609C","","","","","","","","","","15/05/2017 16:51:00","BRUNA.FELICIO","1","","","","","","","","",""
"10018","9405","0","John Deere","Corte molinete","Rotor","","","","","","","","","","","","","","","","S660","","","","","","","","","","06/03/2025 08:25:00","NETO.PRADO","0","","","","","","","","",""
"10021","9410","0","John Deere","","","","","","","","","","","","","","","","","","X165","Trator de Grama","","","","","","","","","22/05/2017 14:23:00","BRUNA.FELICIO","1","","","","","","","","",""
"10022","9401","0","Massey","","","","","","","","","","","","","","","","","","MF 6711","","","","","","","","","","26/05/2017 08:24:00","BRUNA.FELICIO","1","","","","","","","","",""
"10023","9401","0","","","","","","","","","","","","","","","","","","","","","","","","","","","","","26/05/2017 10:08:00","BRUNA.FELICIO","0","","","","","","","","",""
"10024","9400","1","","","","","","","","","","","","","","","","","","","TURF","","","","","","","","","","29/05/2017 08:47:00","BRUNA.FELICIO","1","0","0","0","0","0","0","0","0","0"
"10025","9401","0","John Deere","","","","","","","","","","","","","","","","","","X165 - Trator de Grama","","","","","","","","","","10/09/2025 08:20:00","MATHEUS.AUGUSTO","0","","","","","","","","",""
"10026","9401","0","Valtra","","","","","","","","","","","","","","","","","","A950","","","","","","","","","","29/05/2017 14:48:00","BRUNA.FELICIO","1","","","","","","","","",""
"10027","9401","0","Valtra","","","","","","","","","","","","","","","","","","BM125","","","","","","","","","","29/05/2017 15:00:00","BRUNA.FELICIO","1","","","","","","","","",""
"10028","9400","0","","","","","","","","","","","","","","","","","","","Manitou","","","","","","","","","","31/05/2017 14:38:00","VANESSA.ALVES","0","0","0","0","0","0","0","0","1","0"
"10081","9400","1","","","","","","","","","","","","","","","","","","","Mustang","","","","","","","","","","31/05/2017 14:37:00","VANESSA.ALVES","0","0","0","0","0","0","0","0","1","0"
"10096","9402","1","","","","","","","","","","","","","","","","","","","115 HP","","","","","","","","","","01/06/2017 08:35:00","VANESSA.ALVES","0","0","0","0","0","0","0","0","0","0"
"10097","9402","0","","","","","","","","","","","","","","","","","","","145 HP","","","","","","","","","","01/06/2017 08:52:00","VANESSA.ALVES","0","0","0","0","0","0","0","0","0","0"
"10098","9402","0","","","","","","","","","","","","","","","","","","","Potencia Variável","","","","","","","","","","01/06/2017 08:52:00","VANESSA.ALVES","0","0","0","0","0","0","0","0","0","0"
"10099","9401","0","John Deere","115 HP","","","","","","","","","","","","","","","","","TE700J","","","","","","","","","","01/06/2017 08:52:00","VANESSA.ALVES","1","0","0","0","0","0","0","0","0","0"
"10100","9401","0","John Deere","145 HP","","","","","","","","","","","","","","","","","TE750J","","","","","","","","","","01/06/2017 08:53:00","VANESSA.ALVES","1","0","0","0","0","0","0","0","0","0"
"10101","9401","0","John Deere","Potencia Variável","","","","","","","","","","","","","","","","","TE850J","","","","","","","","","","01/06/2017 08:54:00","VANESSA.ALVES","1","0","0","0","0","0","0","0","0","0"
"10102","9400","1","","","","","","","","","","","","","","","","","","","Jumil","","","","","","","","","","07/06/2017 09:30:00","BRUNA.FELICIO","0","0","0","1","0","0","0","0","0","0"
"10103","9406","0","Jumil","","","","","","8,00","","","","","","","","","","","","Plantadeira 3070","Vácuo","","","","","","","","","07/06/2017 09:38:00","BRUNA.FELICIO","1","0","0","0","0","0","0","0","0","0"
"10104","9411","0","Kuhn","","","","","","800,00","","","","","","","","","","","","Pulverizador","","","","","","","","","","07/06/2017 09:39:00","BRUNA.FELICIO","1","0","0","0","0","0","0","0","0","0"
"10125","9401","0","Case","","","","","","","","","","","","","","","","","","Puma 215","","","","","","","","","","13/06/2017 14:18:00","BRUNA.FELICIO","1","","","","","","","","",""
"10130","9401","0","Valtra","","","","","","","","","","","","","","","","","","BM100R","","","","","","","","","","14/07/2017 10:11:00","BRUNA.FELICIO","1","","","","","","","","",""
"10131","9401","0","Valtra","","","","","","","","","","","","","","","","","","BH194","","","","","","","","","","14/07/2017 10:11:00","BRUNA.FELICIO","1","","","","","","","","",""
"10134","9400","1","","","","","","","","","","","","","","","","","","","Fravi","","","","","","","","","","04/08/2017 08:56:00","BRUNA.FELICIO","0","0","0","0","0","0","0","0","1","0"
"10137","9411","0","Jacto","","","","","","1000,00","","","","","","","","","","","","Arbus 1000/75","","","","","","","","","","11/08/2017 15:01:00","BRUNA.FELICIO","1","","","","","","","","",""
"10140","9406","0","John Deere","","","","","","10,00","","","","","","","","","","","","PL 1111-10L","Plantadeira","","","","","","","","","06/03/2025 08:29:00","NETO.PRADO","1","","","","","","","","",""
"10141","9415","0","","","","","","","341,00","","","","","","","","","","","","Banco Itaú","","","","","","","","","","08/09/2017 09:20:00","VTCCONS","","","","","","","","","",""
"10142","9415","0","","","","","","","","","","","","","","","","","","","Banco Brasil Esteira","","","","","","","","","","08/09/2017 09:36:00","VTCCONS","","","","","","","","","",""
"10143","9415","0","","","","","","","","","","","","","","","","","","","Sicredi","","","","","","","","","","08/09/2017 09:44:00","VTCCONS","","","","","","","","","",""
"10144","9411","0","Jacto","","","","","","","","","","","","","","","","","","Pulverizador P3401","","","","","","","","","","11/09/2017 11:54:00","VANESSA.ALVES","1","","","","","","","","",""
"10153","9400","1","","","","","","","","","","","","","","","","","","","Tanker","","","","","","","","","","02/10/2017 17:00:00","VANESSA.ALVES","0","0","0","0","0","0","0","0","1","0"
"10155","9408","0","John Deere","","","","","","","","","","","","","","","","","","KIT AMS","KIT AMS","","","","","","","","","03/10/2017 14:35:00","VANESSA.ALVES","1","","","","","","","","",""
"10157","9401","0","VALMET","","","","","","","","","","","","","","","","","","65ID","","","","","","","","","","10/10/2017 15:29:00","VANESSA.ALVES","1","","","","","","","","",""
"10160","9401","0","Valtra","","","","","","","","","","","","","","","","","","TR A850","","","","","","","","","","11/07/2018 08:31:00","DIEGO.MARQUES","1","","","","","","","","",""
"10161","9401","0","Massey","","","","","","","","","","","","","","","","","","MF 7219","","","","","","","","","","06/11/2017 10:48:00","BRUNA.FELICIO","1","","","","","","","","",""
"10162","9411","0","Jacto","","","","","","","","","","","","","","","","","","Pulverizador AM-14 CONDOR FCI 600","","","","","","","","","","14/11/2017 17:46:00","BRUNA.FELICIO","1","","","","","","","","",""
"10168","9401","0","LS Arabica","e) de 80 a 89 CV","","","","","","","","","","","","","","","","","Trator 80CV","","","","","","","","","","27/11/2017 10:03:00","BRUNA.FELICIO","0","","","","","","","","",""
"10174","9400","1","","","","","","","","","","","","","","","","","","","New Holland","","","","","","","","","","18/01/2018 14:30:00","BRUNA.FELICIO","0","0","0","0","0","0","0","0","0","1"
"10175","9401","0","New Holland","g) de 100 a 119 CV","","","","","","","","","","","","","","","","","NH7630","","","","","","","","","","18/01/2018 14:33:00","BRUNA.FELICIO","1","0","0","0","0","0","0","0","0","0"
"10176","9401","0","New Holland","","","","","","","","","","","","","","","","","","75E","","","","","","","","","","31/01/2018 08:34:00","BRUNA.FELICIO","1","","","","","","","","",""
"10178","9400","1","","","","","","","","","","","","","","","","","","","Skytrack","","","","","","","","","","31/01/2018 15:24:00","BRUNA.FELICIO","0","0","0","0","0","0","0","0","1","0"
"10190","9403","0","","Órgãos Públicos","","","","","","","","","","","","","","","","","Secretaria","","","","","","","","","","22/02/2018 14:53:00","VANESSA.ALVES","","","","","","","","","",""
"10191","9403","0","","Órgãos Públicos","","","","","","","","","","","","","","","","","Universidade","","","","","","","","","","22/02/2018 15:34:00","VANESSA.ALVES","","","","","","","","","",""
"10192","9403","0","","Órgãos Públicos","","","","","","","","","","","","","","","","","Ministério","","","","","","","","","","22/02/2018 16:35:00","VANESSA.ALVES","","","","","","","","","",""
"10193","9403","0","","Órgãos Públicos","","","","","","","","","","","","","","","","","Outros","","","","","","","","","","22/02/2018 16:36:00","VANESSA.ALVES","","","","","","","","","",""
"10194","9403","0","","Órgãos Públicos","","","","","","","","","","","","","","","","","Superintendência","","","","","","","","","","22/02/2018 16:37:00","VANESSA.ALVES","","","","","","","","","",""
"10196","9403","0","","Fruticultura","","","","","","","","","","","","","","","","","Pupunha","","","","","","","","","","22/02/2018 16:50:00","VANESSA.ALVES","","","","","","","","","",""
"10197","9403","0","","Fruticultura","","","","","","","","","","","","","","","","","Limão","","","","","","","","","","22/02/2018 16:51:00","VANESSA.ALVES","","","","","","","","","",""
"10198","9403","0","","Grãos","","","","","","","","","","","","","","","","","Semente","","","","","","","","","","22/02/2018 16:52:00","VANESSA.ALVES","","","","","","","","","",""
"10199","9403","0","","Horticultura","","","","","","","","","","","","","","","","","Mandioca","","","","","","","","","","22/02/2018 16:55:00","VANESSA.ALVES","","","","","","","","","",""
"10200","9403","0","","Horticultura","","","","","","","","","","","","","","","","","Abobrinha","","","","","","","","","","22/02/2018 17:16:00","VANESSA.ALVES","","","","","","","","","",""
"10201","9403","0","","Horticultura","","","","","","","","","","","","","","","","","Hortaliças","","","","","","","","","","22/02/2018 17:17:00","VANESSA.ALVES","","","","","","","","","",""
"10202","9403","0","","Silvicultura","","","","","","","","","","","","","","","","","Flor e Planta","","","","","","","","","","22/02/2018 17:32:00","VANESSA.ALVES","","","","","","","","","",""
"10203","9403","0","","Silvicultura","","","","","","","","","","","","","","","","","Prestador de Serviço","","","","","","","","","","22/02/2018 17:36:00","VANESSA.ALVES","","","","","","","","","",""
"10204","9403","0","","Sucroalcooleiro","","","","","","","","","","","","","","","","","Agroindustria CTT","","","","","","","","","","22/02/2018 17:38:00","VANESSA.ALVES","","","","","","","","","",""
"10205","9403","0","","Sucroalcooleiro","","","","","","","","","","","","","","","","","Fornecedor CTT","","","","","","","","","","22/02/2018 17:40:00","VANESSA.ALVES","","","","","","","","","",""
"10206","9403","0","","Pecuária","","","","","","","","","","","","","","","","","Avicultura","","","","","","","","","","22/02/2018 17:50:00","VANESSA.ALVES","","","","","","","","","",""
"10207","9403","0","","Pecuária","","","","","","","","","","","","","","","","","Ovino","","","","","","","","","","22/02/2018 17:51:00","VANESSA.ALVES","","","","","","","","","",""
"10208","9403","0","","Pecuária","","","","","","","","","","","","","","","","","Caprinocultura","","","","","","","","","","22/02/2018 17:51:00","VANESSA.ALVES","","","","","","","","","",""
"10209","9403","0","","Pecuária","","","","","","","","","","","","","","","","","Criação de Bovinos, Exceto Corte","","","","","","","","","","22/02/2018 17:52:00","VANESSA.ALVES","","","","","","","","","",""
"10210","9403","0","","Pecuária","","","","","","","","","","","","","","","","","Bufalino","","","","","","","","","","22/02/2018 17:54:00","VANESSA.ALVES","","","","","","","","","",""
"10211","9403","0","","Pecuária","","","","","","","","","","","","","","","","","Equino","","","","","","","","","","22/02/2018 17:55:00","VANESSA.ALVES","","","","","","","","","",""
"10212","9403","0","","Pecuária","","","","","","","","","","","","","","","","","Capim","","","","","","","","","","22/02/2018 17:55:00","VANESSA.ALVES","","","","","","","","","",""
"10213","9403","0","","Pecuária","","","","","","","","","","","","","","","","","Suinocultura","","","","","","","","","","22/02/2018 17:57:00","VANESSA.ALVES","","","","","","","","","",""
"10214","9403","0","","Pecuária","","","","","","","","","","","","","","","","","Piscicultura","","","","","","","","","","22/02/2018 17:58:00","VANESSA.ALVES","","","","","","","","","",""
"10215","9403","0","","Pecuária","","","","","","","","","","","","","","","","","Inseminação Artificial","","","","","","","","","","22/02/2018 17:58:00","VANESSA.ALVES","","","","","","","","","",""
"10216","9403","0","","Fruticultura","","","","","","","","","","","","","","","","","Abacaxi","","","","","","","","","","22/02/2018 17:59:00","VANESSA.ALVES","","","","","","","","","",""
"10218","9401","0","Massey","b) de 50 a 59 CV","","","","","","","","","","","","","","","","","TRATOR MASSEY FERGUSON MOD. 255","","","","","","","","","","26/02/2018 15:03:00","STEFANIE.MIRELLA","1","","","","","","","","",""
"10220","9401","0","Massey","e) de 80 a 89 CV","","","","","","","","","","","","","","","","","MF283","","","","","","","","","","01/03/2018 10:39:00","DIEGO.MARQUES","1","","","","","","","","",""
"10221","9401","0","John Deere","","","","","","","","","","","","","","","","","","6110","","","","","","","","","","10/09/2025 08:12:00","MATHEUS.AUGUSTO","0","","","","","","","","",""
"10227","9400","2","","","","","","","","","","","","","","","","","","","Outros","","","","","","","","","","19/03/2018 16:15:00","VTCCONS","0","0","0","0","0","0","0","0","0","1"
"10232","7","0","Manitou","","","","","","","","","","","","","","","","","","100SEC","PLATAFORMAS ELEVATORIAS TESOUR","","","","","","","","","20/03/2018 09:49:00","VANESSA.ALVES","1","","","","","","","","",""
"10233","7","0","Manitou","","","","","","","","","","","","","","","","","","120SE","PLATAFORMAS ELEVATORIAS TESOUR","","","","","","","","","20/03/2018 10:06:00","VANESSA.ALVES","1","","","","","","","","",""
"10234","7","0","Manitou","","","","","","","","","","","","","","","","","","140SC","PLATAFORMAS ELEVATORIAS TESOUR","","","","","","","","","20/03/2018 10:07:00","VANESSA.ALVES","1","","","","","","","","",""
"10235","7","0","Manitou","","","","","","","","","","","","","","","","","","78SEC","PLATAFORMAS ELEVATORIAS TESOUR","","","","","","","","","20/03/2018 10:08:00","VANESSA.ALVES","1","","","","","","","","",""
"10236","7","0","Manitou","","","","","","","","","","","","","","","","","","260TJ","PLATAFORMAS ELEVATORIAS TELESC","","","","","","","","","20/03/2018 10:08:00","VANESSA.ALVES","1","","","","","","","","",""
"10237","7","0","Manitou","","","","","","","","","","","","","","","","","","280TJ","PLATAFORMAS ELEVATORIAS TELESC","","","","","","","","","20/03/2018 10:10:00","VANESSA.ALVES","1","","","","","","","","",""
"10238","7","0","Manitou","","","","","","","","","","","","","","","","","","100VJR","PLATAFORMAS ELEVATORIAS ARTICU","","","","","","","","","20/03/2018 10:10:00","VANESSA.ALVES","1","","","","","","","","",""
"10239","7","0","Manitou","","","","","","","","","","","","","","","","","","150AETJ","PLATAFORMAS ELEVATORIAS ARTICU","","","","","","","","","20/03/2018 10:12:00","VANESSA.ALVES","1","","","","","","","","",""
"10240","7","0","Manitou","","","","","","","","","","","","","","","","","","160ATJ","PLATAFORMAS ELEVATORIAS ARTICU","","","","","","","","","20/03/2018 10:12:00","VANESSA.ALVES","1","","","","","","","","",""
"10241","7","0","Manitou","","","","","","","","","","","","","","","","","","170AETJ","PLATAFORMAS ELEVATORIAS ARTICU","","","","","","","","","20/03/2018 10:13:00","VANESSA.ALVES","1","","","","","","","","",""
"10242","7","0","Manitou","","","","","","","","","","","","","","","","","","170AETJ BI-ENERGY","PLATAFORMAS ELEVATORIAS ARTICU","","","","","","","","","20/03/2018 10:13:00","VANESSA.ALVES","1","","","","","","","","",""
"10243","7","0","Manitou","","","","","","","","","","","","","","","","","","180ATJ","PLATAFORMAS ELEVATORIAS ARTICU","","","","","","","","","20/03/2018 10:14:00","VANESSA.ALVES","1","","","","","","","","",""
"10244","7","0","Manitou","","","","","","","","","","","","","","","","","","200ATJ","PLATAFORMAS ELEVATORIAS ARTICU","","","","","","","","","20/03/2018 10:14:00","VANESSA.ALVES","1","","","","","","","","",""
"10245","7","0","Manitou","","","","","","","","","","","","","","","","","","1350R","RIGIDAS DE RODAS","","","","","","","","","20/03/2018 10:14:00","VANESSA.ALVES","1","","","","","","","","",""
"10246","7","0","Manitou","","","","","","","","","","","","","","","","","","1500R","RIGIDAS DE RODAS","","","","","","","","","20/03/2018 10:17:00","VANESSA.ALVES","1","","","","","","","","",""
"10247","7","0","Manitou","","","","","","","","","","","","","","","","","","1650R","RIGIDAS DE RODAS","","","","","","","","","20/03/2018 10:21:00","VANESSA.ALVES","1","","","","","","","","",""
"10248","7","0","Manitou","","","","","","","","","","","","","","","","","","1900R","RIGIDAS DE RODAS","","","","","","","","","20/03/2018 10:22:00","VANESSA.ALVES","1","","","","","","","","",""
"10249","7","0","Manitou","","","","","","","","","","","","","","","","","","2041","RIGIDAS DE RODAS","","","","","","","","","20/03/2018 10:25:00","VANESSA.ALVES","1","","","","","","","","",""
"10250","7","0","Manitou","","","","","","","","","","","","","","","","","","2044","RIGIDAS DE RODAS","","","","","","","","","20/03/2018 10:24:00","VANESSA.ALVES","1","","","","","","","","",""
"10251","7","0","Manitou","","","","","","","","","","","","","","","","","","2200R","RIGIDAS DE RODAS","","","","","","","","","20/03/2018 10:24:00","VANESSA.ALVES","1","","","","","","","","",""
"10252","7","0","Manitou","","","","","","","","","","","","","","","","","","2700V NXT2","RIGIDAS DE RODAS","","","","","","","","","20/03/2018 10:25:00","VANESSA.ALVES","1","","","","","","","","",""
"10256","7","0","Manitou","","","","","","","","","","","","","","","","","","MLT-X 845","MANIPULADORES TELESCOPICOS AG","","","","","","","","","20/03/2018 10:37:00","VANESSA.ALVES","1","","","","","","","","",""
"10257","7","0","Manitou","","","","","","","","","","","","","","","","","","MHT-X 10130","MANIP.TELESCOPICOS ALTAS CAPAC","","","","","","","","","20/03/2018 10:40:00","VANESSA.ALVES","1","","","","","","","","",""
"10258","7","0","Manitou","","","","","","","","","","","","","","","","","","MHT-X 10180","MANIP.TELESCOPICOS ALTAS CAPAC","","","","","","","","","20/03/2018 10:41:00","VANESSA.ALVES","1","","","","","","","","",""
"10259","7","0","Manitou","","","","","","","","","","","","","","","","","","MHT-X 10230","MANIP.TELESCOPICOS ALTAS CAPAC","","","","","","","","","20/03/2018 10:41:00","VANESSA.ALVES","1","","","","","","","","",""
"10260","7","0","Manitou","","","","","","","","","","","","","","","","","","MHT-X 790","MANIP.TELESCOPICOS ALTAS CAPAC","","","","","","","","","20/03/2018 10:42:00","VANESSA.ALVES","1","","","","","","","","",""
"10261","7","0","Manitou","","","","","","","","","","","","","","","","","","MHT-X 860 LT LSU","MANIP.TELESCOPICOS ALTAS CAPAC","","","","","","","","","20/03/2018 10:42:00","VANESSA.ALVES","1","","","","","","","","",""
"10262","7","0","Manitou","","","","","","","","","","","","","","","","","","MT-X 1030S-MINING","MANIP.TELESCOPICOS ALTAS CAPAC","","","","","","","","","20/03/2018 10:43:00","VANESSA.ALVES","1","","","","","","","","",""
"10263","7","0","Manitou","","","","","","","","","","","","","","","","","","MT-X 732-MINING","MANIP.TELESCOPICOS ALTAS CAPAC","","","","","","","","","20/03/2018 10:44:00","VANESSA.ALVES","1","","","","","","","","",""
"10264","7","0","Manitou","","","","","","","","","","","","","","","","","","MLT-X625-75H PREMIUN","MANIP. TELESCOPICOS MEDIAS E G","","","","","","","","","20/03/2018 10:44:00","VANESSA.ALVES","1","","","","","","","","",""
"10265","7","0","Manitou","","","","","","","","","","","","","","","","","","MLT-X 732 PREMIUN","MANIP. TELESCOPICOS MEDIAS E G","","","","","","","","","20/03/2018 10:46:00","VANESSA.ALVES","1","","","","","","","","",""
"10266","7","0","Manitou","","","","","","","","","","","","","","","","","","MLT-X 735-120 LSU","MANIP. TELESCOPICOS MEDIAS E G","","","","","","","","","20/03/2018 10:47:00","VANESSA.ALVES","1","","","","","","","","",""
"10267","7","0","Manitou","","","","","","","","","","","","","","","","","","MLT-X 840-137","MANIP. TELESCOPICOS MEDIAS E G","","","","","","","","","20/03/2018 10:47:00","VANESSA.ALVES","1","","","","","","","","",""
"10268","7","0","Manitou","","","","","","","","","","","","","","","","","","MRT-X 1640","MANIP. TELESCOPICOS MEDIAS E G","","","","","","","","","20/03/2018 10:47:00","VANESSA.ALVES","1","","","","","","","","",""
"10269","7","0","Manitou","","","","","","","","","","","","","","","","","","MRT-X 1840","MANIP. TELESCOPICOS MEDIAS E G","","","","","","","","","20/03/2018 10:48:00","VANESSA.ALVES","1","","","","","","","","",""
"10271","7","0","Manitou","","","","","","","","","","","","","","","","","","MRT-X 2150","PLATAFORMAS ELEVATORIAS ARTICU","","","","","","","","","20/03/2018 10:53:00","VANESSA.ALVES","1","","","","","","","","",""
"10272","7","0","Manitou","","","","","","","","","","","","","","","","","","MRT-X 3255","MANIP. TELESCOPICOS MEDIAS E G","","","","","","","","","20/03/2018 11:02:00","VANESSA.ALVES","1","","","","","","","","",""
"10273","7","0","Manitou","","","","","","","","","","","","","","","","","","MRT-X2550","MANIP. TELESCOPICOS MEDIAS E G","","","","","","","","","20/03/2018 11:04:00","VANESSA.ALVES","1","","","","","","","","",""
"10274","7","0","Manitou","","","","","","","","","","","","","","","","","","MRT-X2550","MANIP. TELESCOPICOS MEDIAS E G","","","","","","","","","20/03/2018 11:04:00","VANESSA.ALVES","1","","","","","","","","",""
"10275","7","0","Manitou","","","","","","","","","","","","","","","","","","MT-X 1030","MANIP. TELESCOPICOS MEDIAS E G","","","","","","","","","20/03/2018 11:06:00","VANESSA.ALVES","1","","","","","","","","",""
"10276","7","0","Manitou","","","","","","","","","","","","","","","","","","MT-X 1441 BR","MANIP. TELESCOPICOS MEDIAS E G","","","","","","","","","20/03/2018 11:25:00","VANESSA.ALVES","1","","","","","","","","",""
"10277","7","0","Manitou","","","","","","","","","","","","","","","","","","MT-X 1740","MANIP. TELESCOPICOS MEDIAS E G","","","","","","","","","20/03/2018 11:29:00","VANESSA.ALVES","1","","","","","","","","",""
"10278","7","0","Manitou","","","","","","","","","","","","","","","","","","MT-X 1841 BR","MANIP. TELESCOPICOS MEDIAS E G","","","","","","","","","20/03/2018 11:30:00","VANESSA.ALVES","1","","","","","","","","",""
"10279","7","0","Manitou","","","","","","","","","","","","","","","","","","MT-X 625 CONFORT","MANIP. TELESCOPICOS MEDIAS E G","","","","","","","","","20/03/2018 11:30:00","VANESSA.ALVES","1","","","","","","","","",""
"10280","7","0","Manitou","","","","","","","","","","","","","","","","","","MT-X 732","MANIP. TELESCOPICOS MEDIAS E G","","","","","","","","","20/03/2018 11:31:00","VANESSA.ALVES","1","","","","","","","","",""
"10283","7","0","Manitou","","","","","","","","","","","","","","","","","","M-X 30-4","EMPILHADEIRA TODO TERRENO","","","","","","","","","20/03/2018 12:00:00","VANESSA.ALVES","1","","","","","","","","",""
"10284","7","0","Manitou","","","","","","","","","","","","","","","","","","M-X 50-4","EMPILHADEIRA TODO TERRENO","","","","","","","","","20/03/2018 12:03:00","VANESSA.ALVES","1","","","","","","","","",""
"10285","7","0","Manitou","","","","","","","","","","","","","","","","","","M-X 70-2","EMPILHADEIRA TODO TERRENO","","","","","","","","","20/03/2018 12:03:00","VANESSA.ALVES","1","","","","","","","","",""
"10286","7","0","Manitou","","","","","","","","","","","","","","","","","","MH 25-4T","EMPILHADEIRA TODO TERRENO","","","","","","","","","20/03/2018 12:04:00","VANESSA.ALVES","1","","","","","","","","",""
"10287","7","0","Manitou","","","","","","","","","","","","","","","","","","MI 18G","EMPILHADEIRA INDUSTRIAL","","","","","","","","","20/03/2018 12:05:00","VANESSA.ALVES","1","","","","","","","","",""
"10288","7","0","Manitou","","","","","","","","","","","","","","","","","","MI 25D","EMPILHADEIRA INDUSTRIAL","","","","","","","","","20/03/2018 12:06:00","VANESSA.ALVES","1","","","","","","","","",""
"10289","7","0","Manitou","","","","","","","","","","","","","","","","","","MI 30D","EMPILHADEIRA INDUSTRIAL","","","","","","","","","20/03/2018 12:07:00","VANESSA.ALVES","1","","","","","","","","",""
"10290","7","0","Manitou","","","","","","","","","","","","","","","","","","MI 30G","EMPILHADEIRA INDUSTRIAL","","","","","","","","","20/03/2018 12:08:00","VANESSA.ALVES","1","","","","","","","","",""
"10291","7","0","Manitou","","","","","","","","","","","","","","","","","","MI 35D","EMPILHADEIRA INDUSTRIAL","","","","","","","","","20/03/2018 12:08:00","VANESSA.ALVES","1","","","","","","","","",""
"10292","7","0","Manitou","","","","","","","","","","","","","","","","","","MI 35G","EMPILHADEIRA INDUSTRIAL","","","","","","","","","20/03/2018 12:09:00","VANESSA.ALVES","1","","","","","","","","",""
"10293","7","0","Manitou","","","","","","","","","","","","","","","","","","MI 45G","EMPILHADEIRA INDUSTRIAL","","","","","","","","","20/03/2018 12:09:00","VANESSA.ALVES","1","","","","","","","","",""
"10294","7","0","Manitou","","","","","","","","","","","","","","","","","","MI 60G","EMPILHADEIRA INDUSTRIAL","","","","","","","","","20/03/2018 12:09:00","VANESSA.ALVES","1","","","","","","","","",""
"10295","7","0","Manitou","","","","","","","","","","","","","","","","","","MI 70G","EMPILHADEIRA INDUSTRIAL","","","","","","","","","20/03/2018 12:10:00","VANESSA.ALVES","1","","","","","","","","",""
"10296","7","0","Manitou","","","","","","","","","","","","","","","","","","MI 70G","EMPILHADEIRA INDUSTRIAL","","","","","","","","","20/03/2018 12:10:00","VANESSA.ALVES","1","","","","","","","","",""
"10297","7","0","Manitou","","","","","","","","","","","","","","","","","","MI-X 100D","EMPILHADEIRA INDUSTRIAL","","","","","","","","","20/03/2018 12:10:00","VANESSA.ALVES","1","","","","","","","","",""
"10298","7","0","Manitou","","","","","","","","","","","","","","","","","","MI-X 45D","EMPILHADEIRA INDUSTRIAL","","","","","","","","","20/03/2018 12:11:00","VANESSA.ALVES","1","","","","","","","","",""
"10299","7","0","Manitou","","","","","","","","","","","","","","","","","","MI-X 60D","EMPILHADEIRA INDUSTRIAL","","","","","","","","","20/03/2018 12:11:00","VANESSA.ALVES","1","","","","","","","","",""
"10300","7","0","Manitou","","","","","","","","","","","","","","","","","","MI25G","EMPILHADEIRA INDUSTRIAL","","","","","","","","","20/03/2018 12:12:00","VANESSA.ALVES","1","","","","","","","","",""
"10301","7","0","Manitou","","","","","","","","","","","","","","","","","","MI35G","EMPILHADEIRA INDUSTRIAL","","","","","","","","","20/03/2018 12:27:00","VANESSA.ALVES","1","","","","","","","","",""
"10302","7","0","Manitou","","","","","","","","","","","","","","","","","","MI70G","EMPILHADEIRA INDUSTRIAL","","","","","","","","","20/03/2018 12:27:00","VANESSA.ALVES","1","","","","","","","","",""
"10303","7","0","Manitou","","","","","","","","","","","","","","","","","","MT-X 1740-MINING","MANIPULADORES TELESCOPICOS AG","","","","","","","","","21/03/2018 14:55:00","VANESSA.ALVES","1","","","","","","","","",""
"10304","9400","1","","","","","","","","","","","","","","","","","","","Genie","","","","","","","","","","21/03/2018 08:59:00","VANESSA.ALVES","0","0","0","0","0","0","0","0","0","0"
"10305","7","0","Genie","","","","","","","","","","","","","","","","","","GTH 1056","MANIP.TELESCOPICOS ALTAS CAPAC","","","","","","","","","21/03/2018 09:39:00","VANESSA.ALVES","1","0","0","0","0","0","0","0","0","0"
"10306","9400","1","","","","","","","","","","","","","","","","","","","INOVAMAX","","","","","","","","","","21/03/2018 08:44:00","DIEGO.MARQUES","0","0","0","0","0","0","0","0","0","0"
"10307","7","0","INOVAMAX","","","","","","","","","","","","","","","","","","EMPILHADEIRA YALE R25","EMPILHADEIRA INDUSTRIAL","","","","","","","","","21/03/2018 10:16:00","DIEGO.MARQUES","1","0","0","0","0","0","0","0","0","0"
"10309","9401","0","VALMET","","","","","","","","","","","","","","","","","","68ID","","","","","","","","","","21/03/2018 14:44:00","VANESSA.ALVES","1","","","","","","","","",""
"10310","9412","0","Valtra","","","","","","","","","","","","","","","","","","PC 620","","","","","","","","","","21/03/2018 14:53:00","VANESSA.ALVES","1","","","","","","","","",""
"10311","9400","0","","","","","","","","","","","","","","","","","","","Mahindra","","","","","","","","","","26/03/2018 08:42:00","VANESSA.ALVES","1","0","0","0","0","0","0","0","0","0"
"10312","9413","0","","","","","","","","","","","","","","","","","","","Araújo Máquinas","","","","","","","","","","26/03/2018 10:34:00","VANESSA.ALVES","0","0","0","0","0","0","0","0","0","0"
"10313","9413","0","","","","","","","","","","","","","","","","","","","Simoagro Tratores","","","","","","","","","","26/03/2018 10:35:00","VANESSA.ALVES","0","0","0","0","0","0","0","0","0","0"
"10314","9400","0","","","","","","","","","","","","","","","","","","","Solis","","","","","","","","","","26/03/2018 10:35:00","VANESSA.ALVES","1","0","0","0","0","0","0","0","0","0"
"10315","9401","0","Solis","","","","","","","","","","","","","","","","","","20","","","","","","","","","","26/03/2018 11:17:00","VANESSA.ALVES","1","0","0","0","0","0","0","0","1","0"
"10316","9401","0","Solis","","","","","","","","","","","","","","","","","","26","","","","","","","","","","26/03/2018 11:11:00","VANESSA.ALVES","1","0","0","0","0","0","0","0","0","0"
"10317","9401","0","Solis","","","","","","","","","","","","","","","","","","60","","","","","","","","","","26/03/2018 11:18:00","VANESSA.ALVES","1","0","0","0","0","0","0","0","0","0"
"10318","9401","0","Solis","","","","","","","","","","","","","","","","","","75","","","","","","","","","","26/03/2018 11:20:00","VANESSA.ALVES","1","0","0","0","0","0","0","0","0","0"
"10319","9401","0","Solis","","","","","","","","","","","","","","","","","","90","","","","","","","","","","26/03/2018 11:20:00","VANESSA.ALVES","1","0","0","0","0","0","0","0","0","0"
"10320","9401","0","Mahindra","","","","","","","","","","","","","","","","","","800","","","","","","","","","","26/03/2018 11:21:00","VANESSA.ALVES","1","0","0","0","0","0","0","0","0","0"
"10321","9401","0","Case","b) de 50 a 59 CV","","","","","","","","","","","","","","","","","TR PUMA 225","","","","","","","","","","26/03/2018 15:57:00","DIEGO.MARQUES","1","","","","","","","","",""
"10322","9401","0","Agrale","k) de 180 a 199 CV","","","","","","","","","","","","","","","","","TR 5060","","","","","","","","","","26/03/2018 17:07:00","DIEGO.MARQUES","1","","","","","","","","",""
"10323","9403","0","","Outros","","","","","","","","","","","","","","","","","Mineração","","","","","","","","","","27/03/2018 09:57:00","BRUNA.FELICIO","","","","","","","","","",""
"10324","9400","0","Massey","","","","","","","","","","","","","","","","","","Marchesan","","","","","","","","","","29/03/2018 09:48:00","DIEGO.MARQUES","0","0","0","1","0","0","0","0","0","0"
"10325","9406","0","Marchesan","","","","","","","","","","","","","","","","","","Pst Plus Flex","Plantadeira","","","","","","","","","29/03/2018 09:49:00","DIEGO.MARQUES","1","","","","","","","","",""
"10333","9401","0","New Holland","d) de 70 a 79 CV","","","","","","","","","","","","","","","","","TR TL85","","","","","","","","","","26/04/2018 13:39:00","DIEGO.MARQUES","1","","","","","","","","",""
"10334","9401","0","Valtra","g) de 100 a 119 CV","","","","","","","","","","","","","","","","","TR BM100","","","","","","","","","","26/04/2018 13:44:00","DIEGO.MARQUES","1","","","","","","","","",""
"10335","9401","0","Lavrale","a) <= 49 CV","","","","","","","","","","","","","","","","","TR1175","","","","","","","","","","26/04/2018 13:46:00","DIEGO.MARQUES","1","","","","","","","","",""
"10337","9403","0","","Fruticultura","","","","","","","","","","","","","","","","","Laranja","","","","","","","","","","26/04/2018 17:41:00","VTCCONS","","","","","","","","","",""
"10338","9403","0","","Org. Não Agrícola","","","","","","","","","","","","","","","","","Atacado","","","","","","","","","","26/04/2018 17:53:00","VTCCONS","","","","","","","","","",""
"10339","9403","0","","Org. Não Agrícola","","","","","","","","","","","","","","","","","Comércio Varejista Alvo","","","","","","","","","","27/04/2018 09:10:00","VTCCONS","","","","","","","","","",""
"10340","9403","0","","Org. Não Agrícola","","","","","","","","","","","","","","","","","Construção","","","","","","","","","","27/04/2018 09:10:00","VTCCONS","","","","","","","","","",""
"10341","9403","0","","Org. Não Agrícola","","","","","","","","","","","","","","","","","Distribuidora","","","","","","","","","","27/04/2018 09:11:00","VTCCONS","","","","","","","","","",""
"10343","9403","0","","Org. Não Agrícola","","","","","","","","","","","","","","","","","Indústria","","","","","","","","","","27/04/2018 09:11:00","VTCCONS","","","","","","","","","",""
"10344","9403","0","","Org. Não Agrícola","","","","","","","","","","","","","","","","","Logística","","","","","","","","","","27/04/2018 09:11:00","VTCCONS","","","","","","","","","",""
"10345","9403","0","","Org. Não Agrícola","","","","","","","","","","","","","","","","","Outras","","","","","","","","","","27/04/2018 09:12:00","VTCCONS","","","","","","","","","",""
"10346","9403","0","","Org. Não Agrícola","","","","","","","","","","","","","","","","","Transportadora","","","","","","","","","","27/04/2018 09:12:00","VTCCONS","","","","","","","","","",""
"10347","9403","0","","Org. Não Agrícola","","","","","","","","","","","","","","","","","Aeroporto","","","","","","","","","","27/04/2018 09:13:00","VTCCONS","","","","","","","","","",""
"10348","9403","0","","Org. Não Agrícola","","","","","","","","","","","","","","","","","Construção Pesada","","","","","","","","","","27/04/2018 09:13:00","VTCCONS","","","","","","","","","",""
"10349","9403","0","","Org. Não Agrícola","","","","","","","","","","","","","","","","","Locação","","","","","","","","","","27/04/2018 09:13:00","VTCCONS","","","","","","","","","",""
"10350","9403","0","","Org. Não Agrícola","","","","","","","","","","","","","","","","","Prestador Serviço CTT","","","","","","","","","","27/04/2018 09:13:00","VTCCONS","","","","","","","","","",""
"10351","9400","1","Andrade","","","","","","","","","","","","","","","","","","Bobcat","RIGIDAS DE RODAS","","","","","","","","","03/05/2018 12:49:00","DIEGO.MARQUES","0","0","0","0","0","0","0","0","0","1"
"10352","7","0","Bobcat","","","","","","","","","","","","","","","","","","S130","RIGIDAS DE RODAS","","","","","","","","","03/05/2018 17:08:00","DIEGO.MARQUES","1","0","0","0","0","0","0","0","0","0"
"10353","9400","1","","","","","","","","","","","","","","","","","","","COPLING","","","","","","","","","","09/05/2018 15:25:00","DIEGO.MARQUES","0","0","0","0","0","0","0","0","1","0"
"10357","9405","0","John Deere","","","","","","","","","","","","","","","","","","CA S550","","","","","","","","","","05/05/2026 14:41:00","MATHEUS.AUGUSTO","1","","","","","","","","",""
"10359","9412","0","John Deere","Corte esteira","","","","","","","","","","","","","","","","","PC618A","","","","","","","","","","10/05/2018 15:42:00","DIEGO.MARQUES","1","","","","","","","","",""
"10360","9412","0","Green System","Milho","","","","","","","","","","","","","","","","","PI1008B","","","","","","","","","","10/05/2018 16:07:00","DIEGO.MARQUES","1","","","","","","","","",""
"10361","9400","1","","","","","","","","","","","","","","","","","","","Colombo","","","","","","","","","","14/05/2018 16:01:00","DIEGO.MARQUES","0","0","0","0","0","0","0","0","1","0"
"10363","9406","0","John Deere","","","","","","","","","","","","","","","","","","PL 1109-8L","","","","","","","","","","06/03/2025 08:29:00","NETO.PRADO","1","","","","","","","","",""
"10364","9400","1","Facchini","","","","","","","","","","","","","","","","","","Baculere","Carreta","","","","","","","","","16/05/2018 21:44:00","DIEGO.MARQUES","0","0","0","0","0","0","0","0","1","0"
"10367","9400","0","","","","","","","","","","","","","","","","","","","Sami","","","","","","","","","","21/05/2018 16:10:00","VANESSA.ALVES","1","0","0","0","0","0","0","0","0","0"
"10368","9401","0","Massey","","","","","","","","","","","","","","","","","","MF 6713","","","","","","","","","","22/05/2018 15:56:00","VANESSA.ALVES","1","","","","","","","","",""
"10369","9413","0","","","","","","","","","","","","","","","","","","","Agco","","","","","","","","","","22/05/2018 17:15:00","VANESSA.ALVES","","","","","","","","","",""
"10370","9401","0","Yanmar","","","","","","","","","","","","","","","","","","YA46","","","","","","","","","","23/05/2018 08:17:00","VANESSA.ALVES","1","","","","","","","","",""
"10371","9401","0","Yanmar","","","","","","","","","","","","","","","","","","YA70","","","","","","","","","","23/05/2018 10:04:00","VANESSA.ALVES","1","","","","","","","","",""
"10372","9401","0","Yanmar","","","","","","","","","","","","","","","","","","YA90","","","","","","","","","","23/05/2018 10:04:00","VANESSA.ALVES","1","","","","","","","","",""
"10373","9412","0","Green System","Milho","","","","","","","","","","","","","","","","","PI1010B","","","","","","","","","","24/05/2018 12:59:00","DIEGO.MARQUES","1","","","","","","","","",""
"10377","9400","1","","","","","","","","","","","","","","","","","","","Oxbo","","","","","","","","","","28/05/2018 15:20:00","DIEGO.MARQUES","0","0","0","0","0","0","0","0","1","0"
"10382","9401","0","Lavrale","Potencia Variável","","","","","","","","","","","","","","","","","TR1155","","","","","","","","","","05/06/2018 10:35:00","DIEGO.MARQUES","1","","","","","","","","",""
"10386","9401","0","VALMET","","","","","","","","","","","","","","","","","","TR1580","","","","","","","","","","06/06/2018 11:34:00","DIEGO.MARQUES","1","","","","","","","","",""
"10388","9401","0","Massey","","","","","","","","","","","","","","","","","","MF7140","","","","","","","","","","12/06/2018 16:57:00","BRUNA.FELICIO","1","","","","","","","","",""
"10389","9406","0","John Deere","","","","","","","","","","","","","","","","","","2100 9A26","Plantadeira John Deere Serie 2100 De 9 A","","","","","","","","","06/03/2025 08:28:00","NETO.PRADO","0","","","","","","","","",""
"10390","9406","0","John Deere","","","","","","30,00","","","","","","","","","","","","PL2115 30L","","","","","","","","","","06/03/2025 08:28:00","NETO.PRADO","0","","","","","","","","",""
"10392","9401","0","Valtra","","","","","","","","","","","","","","","","","","BT210","","","","","","","","","","15/06/2018 13:09:00","DIEGO.MARQUES","1","","","","","","","","",""
"10393","9401","0","Agrale","","","","","","","","","","","","","","","","","","Trator Agrale 5065","","","","","","","","","","15/06/2018 16:09:00","DIEGO.MARQUES","1","","","","","","","","",""
"10397","9401","0","Valtra","","","","","","","","","","","","","","","","","","BH170","","","","","","","","","","03/07/2018 09:41:00","DIEGO.MARQUES","1","","","","","","","","",""
"10399","9400","1","","","","","","","","","","","","","","","","","","","Himagi","","","","","","","","","","10/07/2018 15:14:00","DIEGO.MARQUES","0","0","0","0","0","0","0","0","1","0"
"10406","9401","0","Yanmar","","","","","","","","","","","","","","","","","","YA71","","","","","","","","","","26/07/2018 08:52:00","VANESSA.ALVES","1","","","","","","","","",""
"10407","9401","0","Massey","","","","","","","","","","","","","","","","","","MF 7722","","","","","","","","","","26/07/2018 12:01:00","VANESSA.ALVES","1","","","","","","","","",""
"10408","9401","0","Massey","","","","","","","","","","","","","","","","","","MF 7719","","","","","","","","","","26/07/2018 15:36:00","VANESSA.ALVES","1","","","","","","","","",""
"10410","9400","0","","","","","","","","","","","","","","","","","","","Orion","","","","","","","","","","05/08/2018 19:00:00","DIEGO.MARQUES","0","0","0","0","0","0","0","0","1","0"
"10411","9401","0","New Holland","","","","","","","","","","","","","","","","","","TM 7020","","","","","","","","","","08/08/2018 11:48:00","BRUNA.FELICIO","1","","","","","","","","",""
"10419","9412","0","John Deere","","","","","","","","","","","","","","","","","","PC323F","","","","","","","","","","10/09/2025 09:09:00","MATHEUS.AUGUSTO","1","","","","","","","","",""
"10423","9400","1","","","","","","","","","","","","","","","","","","","Ruaro","","","","","","","","","","24/09/2018 08:25:00","DIEGO.MARQUES","0","0","0","0","0","0","0","0","1","0"
"10914","8","0","","","","","","","","","","","","","","","","","","","RETAIL","PCQ0039","","","","","","","","","05/07/2019 13:49:00","DIEGO.MARQUES","","","","","","","","","",""
"10915","8","0","","","","","","","","","","","","","","","","","","","RETAIL","PNW0020","","","","","","","","","05/07/2019 13:49:00","DIEGO.MARQUES","","","","","","","","","",""
"10916","8","0","","","","","","","","","","","","","","","","","","","RETAIL","PBM0029","","","","","","","","","05/07/2019 13:49:00","DIEGO.MARQUES","","","","","","","","","",""
"10917","8","0","","","","","","","","","","","","","","","","","","","RETAIL","PBM0031","","","","","","","","","05/07/2019 13:49:00","DIEGO.MARQUES","","","","","","","","","",""
"10918","8","0","","","","","","","","","","","","","","","","","","","RETAIL","PBM0030","","","","","","","","","05/07/2019 13:50:00","DIEGO.MARQUES","","","","","","","","","",""
"10919","8","0","","","","","","","","","","","","","","","","","","","ALÇADA","PCQ0065","","","","","","","","","05/07/2019 13:50:00","DIEGO.MARQUES","","","","","","","","","",""
"10920","8","0","","","","","","","","","","","","","","","","","","","ALÇADA","PBM0054","","","","","","","","","05/07/2019 14:04:00","DIEGO.MARQUES","","","","","","","","","",""
"10921","8","0","","","","","","","","","","","","","","","","","","","ALÇADA","PNW0033","","","","","","","","","05/07/2019 14:04:00","DIEGO.MARQUES","","","","","","","","","",""
"10922","8","0","","","","","","","","","","","","","","","","","","","ALÇADA","PNW0029","","","","","","","","","05/07/2019 14:12:00","DIEGO.MARQUES","","","","","","","","","",""
"10923","8","0","","","","","","","","","","","","","","","","","","","ALÇADA","PBM0050","","","","","","","","","09/07/2019 13:00:00","DIEGO.MARQUES","","","","","","","","","",""
"10924","8","0","","","","","","","","","","","","","","","","","","","ALÇADA","PCQ0060","","","","","","","","","05/07/2019 14:13:00","DIEGO.MARQUES","","","","","","","","","",""
"10925","8","0","","","","","","","","","","","","","","","","","","","SEM INCENTIVO","","","","","","","","","","05/07/2019 14:41:00","DIEGO.MARQUES","","","","","","","","","",""
"10926","9","0","","","","","","","","","","","","","","","","","","","PBM0050","PBM0050","","","","","","","","","11/07/2019 08:04:00","DIEGO.MARQUES","","","","","","","","","",""
"10928","9","0","","","","","","","","","","","","","","","","","","","PCQ0060","PCQ0060","","","","","","","","","09/07/2019 12:55:00","DIEGO.MARQUES","","","","","","","","","",""
"10929","9","0","","","","","","","","","","","","","","","","","","","PCQ0065","","","","","","","","","","09/07/2019 13:00:00","DIEGO.MARQUES","","","","","","","","","",""
"10930","9","0","","","","","","","","","","","","","","","","","","","PNW0029","PNW0029","","","","","","","","","09/07/2019 13:00:00","DIEGO.MARQUES","","","","","","","","","",""
"10931","9","0","","","","","","","","","","","","","","","","","","","PNW0033","","","","","","","","","","09/07/2019 13:00:00","DIEGO.MARQUES","","","","","","","","","",""
"10932","10","0","","","","","","","","","","","","","","","","","","","PBM0029","PBM0029","","","","","","","","","09/07/2019 13:01:00","DIEGO.MARQUES","","","","","","","","","",""
"10933","10","0","","","","","","","","","","","","","","","","","","","PBM0030","","","","","","","","","","09/07/2019 13:02:00","DIEGO.MARQUES","","","","","","","","","",""
"10934","10","0","","","","","","","","","","","","","","","","","","","PBM0031","","","","","","","","","","09/07/2019 13:02:00","DIEGO.MARQUES","","","","","","","","","",""
"10935","10","0","","","","","","","","","","","","","","","","","","","PBM0038","","","","","","","","","","09/07/2019 13:02:00","DIEGO.MARQUES","","","","","","","","","",""
"10936","10","0","","","","","","","","","","","","","","","","","","","PBM0049","PBM0049","","","","","","","","","09/07/2019 13:02:00","DIEGO.MARQUES","","","","","","","","","",""
"10937","10","0","","","","","","","","","","","","","","","","","","","PBM0051","","","","","","","","","","09/07/2019 13:06:00","DIEGO.MARQUES","","","","","","","","","",""
"10938","10","0","","","","","","","","","","","","","","","","","","","PBM0052","","","","","","","","","","09/07/2019 13:06:00","DIEGO.MARQUES","","","","","","","","","",""
"10939","10","0","","","","","","","","","","","","","","","","","","","PCQ0039","PCQ0039","","","","","","","","","09/07/2019 13:06:00","DIEGO.MARQUES","","","","","","","","","",""
"10940","10","0","","","","","","","","","","","","","","","","","","","PCQ0059","","","","","","","","","","09/07/2019 13:07:00","DIEGO.MARQUES","","","","","","","","","",""
"10941","10","0","","","","","","","","","","","","","","","","","","","PCQ0061","","","","","","","","","","09/07/2019 13:07:00","DIEGO.MARQUES","","","","","","","","","",""
"10942","10","0","","","","","","","","","","","","","","","","","","","PCQ0063","","","","","","","","","","09/07/2019 13:07:00","DIEGO.MARQUES","","","","","","","","","",""
"10943","10","0","","","","","","","","","","","","","","","","","","","PCQ0064","","","","","","","","","","09/07/2019 13:07:00","DIEGO.MARQUES","","","","","","","","","",""
"10944","10","0","","","","","","","","","","","","","","","","","","","PNW0020","PNW0020","","","","","","","","","09/07/2019 13:07:00","DIEGO.MARQUES","","","","","","","","","",""
"10945","10","0","","","","","","","","","","","","","","","","","","","PNW0028","","","","","","","","","","09/07/2019 13:08:00","DIEGO.MARQUES","","","","","","","","","",""
"10946","10","0","","","","","","","","","","","","","","","","","","","PNW0032","","","","","","","","","","09/07/2019 13:08:00","DIEGO.MARQUES","","","","","","","","","",""
"10947","10","0","","","","","","","","","","","","","","","","","","","PNW0034","","","","","","","","","","09/07/2019 13:08:00","DIEGO.MARQUES","","","","","","","","","",""
"10948","11","0","","","","","","","","","","","","","","","","","","","Sem Incentivo","","","","","","","","","","09/07/2019 21:52:00","DIEGO.MARQUES","","","","","","","","","",""
"10949","10","0","","","","","","","","","","","","","","","","","","","PBM0054","","","","","","","","","","11/07/2019 08:02:00","DIEGO.MARQUES","","","","","","","","","",""
"10951","9401","0","New Holland","","","","","","","","","","","","","","","","","","T7 195","","","","","","","","","","11/07/2019 13:20:00","DIEGO.MARQUES","1","","","","","","","","",""
"10953","9401","0","New Holland","d) de 70 a 79 CV","","","","","","","","","","","","","","","","","TL70","","","","","","","","","","16/07/2019 11:10:00","GABRIEL.PILO","1","","","","","","","","",""
"10954","9401","0","New Holland","g) de 100 a 119 CV","","","","","","","","","","","","","","","","","TS6040","","","","","","","","","","16/07/2019 13:45:00","GABRIEL.PILO","1","","","","","","","","",""
"10955","9405","0","New Holland","","","","","","","","","","","","","","","","","","TC5055","","","","","","","","","","16/07/2019 13:53:00","GABRIEL.PILO","1","","","","","","","","",""
"10956","9400","1","","","","","","","","","","","","","","","","","","","Vicon","","","","","","","","","","17/07/2019 17:11:00","GABRIEL.PILO","0","0","0","0","0","0","0","0","1","0"
"10961","9411","0","Valtra","","","","","","","","","","","","","","","","","","BS3330H","","","","","","","","","","30/07/2019 08:14:00","DIEGO.MARQUES","0","","","","","","","","",""
"10962","9411","0","John Deere","","","","","","","","","","","","","","","","","","PV N4030","","","","","","","","","","10/05/2024 08:26:00","MATHEUS.AUGUSTO","0","1","","","","","","","",""
"10965","9400","1","","","","","","","","","","","","","","","","","","","Haramaq","","","","","","","","","","13/08/2019 09:57:00","DIEGO.MARQUES","0","0","0","0","0","0","0","0","1","0"
"10970","12","0","COL ARARAQ","MURILO.REIS","GABRIELE.SENAPESCHI","","","","","","","","","","","","","","","","","","","","","","","","","","14/08/2019 13:02:00","DIEGO.MARQUES","","","","","","","","","",""
"10971","12","0","COL ARARAQ","RODRIGO.LIMA","GABRIELE.SENAPESCHI","","","","","","","","","","","","","","","","","","","","","","","","","","14/08/2019 14:14:00","DIEGO.MARQUES","","","","","","","","","",""
"10972","12","0","COL ARARAQ","RODRIGO.FREITAS","GABRIELE.SENAPESCHI","","","","","","","","","","","","","","","","","","","","","","","","","","14/08/2019 14:15:00","DIEGO.MARQUES","","","","","","","","","",""
"10973","12","0","COL ARARAQ","EDER.DEROIDE","GABRIELE.SENAPESCHI","","","","","","","","","","","","","","","","","","","","","","","","","","14/08/2019 14:15:00","DIEGO.MARQUES","","","","","","","","","",""
"10974","12","0","COL ARARAQ","JOAO.VITOR","GABRIELE.SENAPESCHI","","","","","","","","","","","","","","","","","","","","","","","","","","14/08/2019 14:15:00","DIEGO.MARQUES","","","","","","","","","",""
"10975","12","0","COL ARARAQ","FERNANDO.TEIXEIRA","GABRIELE.SENAPESCHI","","","","","","","","","","","","","","","","","","","","","","","","","","14/08/2019 14:15:00","DIEGO.MARQUES","","","","","","","","","",""
"10976","12","0","COL BARRETOS","RICARDO.ALEXANDRE","VANESSA.ANDRADE","","","","","","","","","","","","","","","","","","","","","","","","","","14/08/2019 14:16:00","DIEGO.MARQUES","","","","","","","","","",""
"10977","12","0","COL BARRETOS","RODRIGO.TITO","VANESSA.ANDRADE","","","","","","","","","","","","","","","","","","","","","","","","","","14/08/2019 14:16:00","DIEGO.MARQUES","","","","","","","","","",""
"10978","12","0","COL BARRETOS","KLEBER.VENDRASCO","VANESSA.ANDRADE","","","","","","","","","","","","","","","","","","","","","","","","","","14/08/2019 14:17:00","DIEGO.MARQUES","","","","","","","","","",""
"10979","12","0","COL BARRETOS","LUIZ.GUSTAVO","VANESSA.ANDRADE","","","","","","","","","","","","","","","","","","","","","","","","","","14/08/2019 14:17:00","DIEGO.MARQUES","","","","","","","","","",""
"10980","12","0","COL GUAIRA","JOSE.MENDONCA","VANESSA.ANDRADE","","","","","","","","","","","","","","","","","","","","","","","","","","14/08/2019 14:17:00","DIEGO.MARQUES","","","","","","","","","",""
"10981","12","0","COL GUAIRA","SANDRA.ALVES","VANESSA.ANDRADE","","","","","","","","","","","","","","","","","","","","","","","","","","14/08/2019 14:17:00","DIEGO.MARQUES","","","","","","","","","",""
"10982","12","0","COL FRANCA","MATEUS.MIGUEL","STELA.COLARES","","","","","","","","","","","","","","","","","","","","","","","","","","04/09/2019 16:26:00","DIEGO.MARQUES","","","","","","","","","",""
"10983","12","0","COL FRANCA","LEANDRO.REIS","STELA.COLARES","","","","","","","","","","","","","","","","","","","","","","","","","","04/09/2019 16:25:00","DIEGO.MARQUES","","","","","","","","","",""
"10984","12","0","COL FRANCA","LEANDRO.RESENDE","STELA.COLARES","","","","","","","","","","","","","","","","","","","","","","","","","","04/09/2019 16:25:00","DIEGO.MARQUES","","","","","","","","","",""
"10985","12","0","COL FRANCA","GUILHERME.BARBOSA","STELA.COLARES","","","","","","","","","","","","","","","","","","","","","","","","","","04/09/2019 14:54:00","DIEGO.MARQUES","","","","","","","","","",""
"10986","12","0","COL RIB PRET","SANDRO.SILVA","SILMARA.FERRARI","","","","","","","","","","","","","","","","","","","","","","","","","","14/08/2019 15:17:00","DIEGO.MARQUES","","","","","","","","","",""
"10987","12","0","COL RIB PRET","NIVALDO.SOUZA","SILMARA.FERRARI","","","","","","","","","","","","","","","","","","","","","","","","","","14/08/2019 15:23:00","DIEGO.MARQUES","","","","","","","","","",""
"10988","12","0","COL RIB PRET","LUIZ.PIZZI","SILMARA.FERRARI","","","","","","","","","","","","","","","","","","","","","","","","","","14/08/2019 15:23:00","DIEGO.MARQUES","","","","","","","","","",""
"10989","12","0","COL FRANCA","TIAGO.BEVILACQUA","STELA.COLARES","","","","","","","","","","","","","","","","","","","","","","","","","","04/09/2019 16:25:00","DIEGO.MARQUES","","","","","","","","","",""
"10990","12","0","COL RIB PRET","RENE.ROBERTO","SILMARA.FERRARI","","","","","","","","","","","","","","","","","","","","","","","","","","14/08/2019 15:24:00","DIEGO.MARQUES","","","","","","","","","",""
"10991","12","0","COL RIB PRET","CARLOS.ASSUMPÇÃO","SILMARA.FERRARI","","","","","","","","","","","","","","","","","","","","","","","","","","14/08/2019 15:32:00","DIEGO.MARQUES","","","","","","","","","",""
"10992","12","0","COL RIB PRET","RODOLFO.CHRISPIM","SILMARA.FERRARI","","","","","","","","","","","","","","","","","","","","","","","","","","14/08/2019 15:33:00","DIEGO.MARQUES","","","","","","","","","",""
"10993","12","0","COL RIB PRET","VANDERLEI.COALLI","SILMARA.FERRARI","","","","","","","","","","","","","","","","","","","","","","","","","","14/08/2019 15:34:00","DIEGO.MARQUES","","","","","","","","","",""
"10994","12","0","COL RIB PRET","VTCCONS","VTCSDESK","","","","","","","","","","","","","","","","","","","","","","","","","","15/08/2019 13:06:00","VTCCONS","","","","","","","","","",""
"10997","12","0","COL ARARAQ","DIEGO.MARQUES","GABRIELE.SENAPESCHI","","","","","","","","","","","","","","","","","","","","","","","","","","15/08/2019 16:46:00","DIEGO.MARQUES","","","","","","","","","",""
"11003","9401","0","VALMET","","","","","","","","","","","","","","","","","","BL77","","","","","","","","","","29/08/2019 16:05:00","DIEGO.MARQUES","1","","","","","","","","",""
"11004","9401","0","VALMET","","","","","","","","","","","","","","","","","","TR 62ld","","","","","","","","","","30/08/2019 17:07:00","DIEGO.MARQUES","1","","","","","","","","",""
"11005","9400","1","","","","","","","","","","","","","","","","","","","MSL","","","","","","","","","","03/09/2019 15:08:00","DIEGO.MARQUES","0","0","0","0","0","0","0","0","1","0"
"11007","9401","0","New Holland","","","","","","","","","","","","","","","","","","T6 116","","","","","","","","","","06/09/2019 10:12:00","DIEGO.MARQUES","1","","","","","","","","",""
"11008","9401","0","New Holland","","","","","","","","","","","","","","","","","","T7 145","","","","","","","","","","06/09/2019 10:24:00","DIEGO.MARQUES","1","","","","","","","","",""
"11009","9401","0","Valtra","","","","","","","","","","","","","","","","","","BH200","","","","","","","","","","06/09/2019 10:37:00","DIEGO.MARQUES","1","","","","","","","","",""
"11010","9401","0","Valtra","","","","","","","","","","","","","","","","","","TR 785","","","","","","","","","","06/09/2019 13:19:00","DIEGO.MARQUES","1","","","","","","","","",""
"11011","9401","0","New Holland","","","","","","","","","","","","","","","","","","TL 80","","","","","","","","","","06/09/2019 15:13:00","DIEGO.MARQUES","1","","","","","","","","",""
"11012","9401","0","Valtra","","","","","","","","","","","","","","","","","","272","","","","","","","","","","06/09/2019 16:37:00","DIEGO.MARQUES","1","","","","","","","","",""
"11020","9403","0","","Arrendamento","","","","","","","","","","","","","","","","","Milho","","","","","","","","","","25/09/2019 08:41:00","DIEGO.MARQUES","","","","","","","","","",""
"11021","9400","1","","","","","","","","","","","","","","","","","","","PLA","","","","","","","","","","01/10/2019 15:46:00","DIEGO.MARQUES","0","0","0","0","0","1","0","0","0","0"
"11022","9411","0","PLA","","","","","","","","","","","","","","","","","","PV250 ORION","","","","","","","","","","17/05/2020 16:31:00","DIEGO.MARQUES","1","1","0","0","0","0","0","0","0","0"
"11024","9403","0","","Arrendamento","","","","","","","","","","","","","","","","","Abacate","","","","","","","","","","02/10/2019 08:20:00","DIEGO.MARQUES","","","","","","","","","",""
"11025","9403","0","","Arrendamento","","","","","","","","","","","","","","","","","Abacaxi","","","","","","","","","","02/10/2019 08:23:00","DIEGO.MARQUES","","","","","","","","","",""
"11026","9403","0","","Arrendamento","","","","","","","","","","","","","","","","","Citros","","","","","","","","","","02/10/2019 08:28:00","DIEGO.MARQUES","","","","","","","","","",""
"11027","9403","0","","Arrendamento","","","","","","","","","","","","","","","","","Laranja","","","","","","","","","","02/10/2019 08:29:00","DIEGO.MARQUES","","","","","","","","","",""
"11028","9403","0","","Arrendamento","","","","","","","","","","","","","","","","","Abobrinha","","","","","","","","","","02/10/2019 08:29:00","DIEGO.MARQUES","","","","","","","","","",""
"11029","9403","0","","Arrendamento","","","","","","","","","","","","","","","","","Alho","","","","","","","","","","02/10/2019 08:29:00","DIEGO.MARQUES","","","","","","","","","",""
"11030","9403","0","","Arrendamento","","","","","","","","","","","","","","","","","Amendoin","","","","","","","","","","02/10/2019 08:29:00","DIEGO.MARQUES","","","","","","","","","",""
"11031","9403","0","","Arrendamento","","","","","","","","","","","","","","","","","Arroz","","","","","","","","","","02/10/2019 08:29:00","DIEGO.MARQUES","","","","","","","","","",""
"11032","9403","0","","Arrendamento","","","","","","","","","","","","","","","","","Batata","","","","","","","","","","02/10/2019 08:29:00","DIEGO.MARQUES","","","","","","","","","",""
"11033","9403","0","","Arrendamento","","","","","","","","","","","","","","","","","Café","","","","","","","","","","02/10/2019 08:29:00","DIEGO.MARQUES","","","","","","","","","",""
"11034","9403","0","","Arrendamento","","","","","","","","","","","","","","","","","Cana de Açúcar","","","","","","","","","","02/10/2019 08:30:00","DIEGO.MARQUES","","","","","","","","","",""
"11035","9403","0","","Arrendamento","","","","","","","","","","","","","","","","","Feijão","","","","","","","","","","02/10/2019 08:30:00","DIEGO.MARQUES","","","","","","","","","",""
"11036","9403","0","","Arrendamento","","","","","","","","","","","","","","","","","Soja","","","","","","","","","","02/10/2019 08:33:00","DIEGO.MARQUES","","","","","","","","","",""
"11037","9403","0","","Arrendamento","","","","","","","","","","","","","","","","","Trigo","","","","","","","","","","02/10/2019 08:33:00","DIEGO.MARQUES","","","","","","","","","",""
"11038","9403","0","","Arrendamento","","","","","","","","","","","","","","","","","Tomate","","","","","","","","","","02/10/2019 08:33:00","DIEGO.MARQUES","","","","","","","","","",""
"11039","9403","0","","Arrendamento","","","","","","","","","","","","","","","","","Uva","","","","","","","","","","02/10/2019 08:33:00","DIEGO.MARQUES","","","","","","","","","",""
"11040","9403","0","","Arrendamento","","","","","","","","","","","","","","","","","Mandioca","","","","","","","","","","02/10/2019 08:33:00","DIEGO.MARQUES","","","","","","","","","",""
"11041","9403","0","","Arrendamento","","","","","","","","","","","","","","","","","Mamão","","","","","","","","","","02/10/2019 08:35:00","DIEGO.MARQUES","","","","","","","","","",""
"11042","9403","0","","Arrendamento","","","","","","","","","","","","","","","","","Maracujá","","","","","","","","","","02/10/2019 08:35:00","DIEGO.MARQUES","","","","","","","","","",""
"11043","9403","0","","Arrendamento","","","","","","","","","","","","","","","","","Melancia","","","","","","","","","","02/10/2019 08:35:00","DIEGO.MARQUES","","","","","","","","","",""
"11044","9403","0","","Arrendamento","","","","","","","","","","","","","","","","","Capim","","","","","","","","","","02/10/2019 08:36:00","DIEGO.MARQUES","","","","","","","","","",""
"11045","9403","0","","Arrendamento","","","","","","","","","","","","","","","","","Limão","","","","","","","","","","02/10/2019 08:36:00","DIEGO.MARQUES","","","","","","","","","",""
"11046","9403","0","","Arrendamento","","","","","","","","","","","","","","","","","Goiaba","","","","","","","","","","02/10/2019 08:36:00","DIEGO.MARQUES","","","","","","","","","",""
"11047","9403","0","","Arrendamento","","","","","","","","","","","","","","","","","Maça","","","","","","","","","","02/10/2019 08:37:00","DIEGO.MARQUES","","","","","","","","","",""
"11048","9403","0","","Arrendamento","","","","","","","","","","","","","","","","","Legumes","","","","","","","","","","02/10/2019 08:37:00","DIEGO.MARQUES","","","","","","","","","",""
"11050","9401","0","New Holland","","","","","","","","","","","","","","","","","","TR TT3880F","","","","","","","","","","15/10/2019 15:12:00","DIEGO.MARQUES","1","","","","","","","","",""
"11053","9400","1","","","","","","","","","","","","","","","","","","","Semeato","","","","","","","","","","24/10/2019 14:57:00","DIEGO.MARQUES","0","0","0","0","0","0","0","0","1","0"
"11055","9411","0","John Deere","","","","","","","","","","","","","","","","","","PV M4025","","","","","","","","","","06/03/2025 08:40:00","NETO.PRADO","1","1","","","","","","","",""
"11056","9400","1","","","","","","","","","","","","","","","","","","","JZ","","","","","","","","","","28/10/2019 13:44:00","DIEGO.MARQUES","0","0","0","0","0","0","0","0","1","0"
"11277","9400","5","","","","","","","","","","","","","","","","","","","COM CAMPO","","","","","","","","","","26/04/2021 15:49:00","GUSTAVO.DIAS","0","0","0","0","0","0","0","0","1","0"
"11279","9412","0","John Deere","","","","","","","","","","","","","","","","","","PC622F","","","","","","","","","","10/09/2025 09:09:00","MATHEUS.AUGUSTO","1","0","","","","","","","",""
"11285","9401","0","John Deere","","","","","","","","","","","","","","","","","","TR6120M","","","","","","","","","","10/09/2025 08:15:00","MATHEUS.AUGUSTO","0","0","","","","","","","",""
"11286","9400","0","","","","","","","","","","","","","","","","","","","Eireli","","","","","","","","","","30/08/2021 17:07:00","DIEGO.MARQUES","0","0","0","0","0","0","0","0","1","0"
"11288","9415","0","","","","","","","","","","","","","","","","","","","Rabobank","","","","","","","","","","06/07/2021 17:35:00","DIEGO.MARQUES","","","","","","","","","",""
"11295","9411","0","John Deere","","","","","","","","","","","","","","","","","","PV M4030","","","","","","","","","","06/03/2025 08:35:00","NETO.PRADO","0","0","","","","","","","",""
"11297","9400","0","Imep","","","","","","","","","","","","","","","","","","Mepel","DISTRIBUIDOR ADUBO","","","","","","","","","06/12/2021 09:31:00","EDUARDO.COSTA","0","0","0","0","0","0","0","0","1","0"
"11298","9400","1","","","","","","","","","","","","","","","","","","","MICRON","","","","","","","","","","02/02/2022 15:55:00","EDUARDO.COSTA","0","0","0","0","0","0","0","0","1","0"
"11301","9405","0","John Deere","","","","","","","","","","","","","","","","","","CA S780","","","","","","","","","","06/03/2025 08:25:00","NETO.PRADO","1","","","","","","","","",""
"11302","9400","1","","","","","","","","","","","","","","","","","","","São Jose","","","","","","","","","","08/02/2022 15:15:00","DIEGO.MARQUES","0","0","0","0","0","0","0","0","1","0"
"650332","15","0","","","","","","","","","","","","","","","","","","","IMPLEMENTOS AGRICOLAS J.Z LTDA","PERFURADOR DE SOLO BROCA 9 E 12","IMPLEMENTOS OM","","","","","","","","27/07/2026 07:00:03","Import","","","","","","","","","",""
"650333","15","0","","","","","","","","","","","","","","","","","","","IND E COM DE IMPLEMENTOS TURIM","GUINCHO RODA LOUCA 2000KG","IMPLEMENTOS OM","","","","","","","","27/07/2026 07:00:03","Import","","","","","","","","","",""
"650334","15","0","","","","","","","","","","","","","","","","","","","BALDAN IMPLEMENTOS AGRICOLAS","DISTRIBUIDOR CALCARIO/FERTIZ ANTE/COMPOSTO ORG DCF-CO 8000","IMPLEMENTOS OM","","","","","","","","27/07/2026 07:00:03","Import","","","","","","","","","",""
"650335","15","0","","","","","","","","","","","","","","","","","","","NB MAQUINAS LTDA","ENFARDADEIRA EXPRESS 4030","IMPLEMENTOS OM","","","","","","","","27/07/2026 07:00:03","Import","","","","","","","","","",""
"650336","15","0","","","","","","","","","","","","","","","","","","","ROHR MAQUINAS LTDA","COLHEDORA DE FORRAGEM FRONTAL CFR SOLUTION","IMPLEMENTOS OM","","","","","","","","27/07/2026 07:00:03","Import","","","","","","","","","",""
"650337","15","0","","","","","","","","","","","","","","","","","","","MARCHESAN IMPL E MAQ AGRIC TAT","DISTRIBUIDOR DE CALCARIO E ADUBO","IMPLEMENTOS OM","","","","","","","","27/07/2026 07:00:03","Import","","","","","","","","","",""
"650338","15","0","","","","","","","","","","","","","","","","","","","CEMAG CEARA MAQUINAS AGRICOLAS","CARRETA AGRICOLA CAFEEIRA","IMPLEMENTOS OM","","","","","","","","27/07/2026 07:00:03","Import","","","","","","","","","",""
"650339","15","0","","","","","","","","","","","","","","","","","","","JOHN DEERE BRASIL LTDA.","TRATOR 7225J JOHN DEERE","TRATOR","","","","","","","","27/07/2026 07:00:03","Import","","","","","","","","","",""
"650340","15","0","","","","","","","","","","","","","","","","","","","NB MAQUINAS LTDA","ANCINHO HAYNOG 300","IMPLEMENTOS OM","","","","","","","","27/07/2026 07:00:03","Import","","","","","","","","","",""
"650341","15","0","","","","","","","","","","","","","","","","","","","MARCHESAN IMPL E MAQ AGRIC TAT","GRADE NIVELADORA FLUTUANTE MECANICA","IMPLEMENTOS OM","","","","","","","","27/07/2026 07:00:03","Import","","","","","","","","","",""
"650342","15","0","","","","","","","","","","","","","","","","","","","AGROMIX AGRICOLA LTDA","GRADE ARADORA BALDAN MODELO CRSG","IMPLEMENTOS OM","","","","","","","","27/07/2026 07:00:03","Import","","","","","","","","","",""
"650343","15","0","","","","","","","","","","","","","","","","","","","BALDAN IMPLEMENTOS AGRICOLAS","ROCADEIRA DE ARRASTO C/CARDA N RACD 3400","IMPLEMENTOS OM","","","","","","","","27/07/2026 07:00:03","Import","","","","","","","","","",""
"650344","15","0","","","","","","","","","","","","","","","","","","","CIVEMASA IMPLEMENTOS AGRICOLA","GRADE SUPER ARADORA INTERMEDIARIA COM PNEUS SAC 32X28X7,5","IMPLEMENTOS OM","","","","","","","","27/07/2026 07:00:03","Import","","","","","","","","","",""
"650345","15","0","","","","","","","","","","","","","","","","","","","METALURGICA MSL LTDA","LANCA DUAL FLEX","IMPLEMENTOS OM","","","","","","","","27/07/2026 07:00:03","Import","","","","","","","","","",""
"650346","15","0","","","","","","","","","","","","","","","","","","","JOHN DEERE BRASIL LTDA.","TRATOR 7185 JOHN DEERE","TRATOR","","","","","","","","27/07/2026 07:00:03","Import","","","","","","","","","",""
"650347","15","0","","","","","","","","","","","","","","","","","","","MINAMI IND APARELHOS P/LAVOURA","ADUBADEIRA M-535 B (3 PONTO) 500 KG","IMPLEMENTOS OM","","","","","","","","27/07/2026 07:00:03","Import","","","","","","","","","",""
"650348","15","0","","","","","","","","","","","","","","","","","","","MARCHESAN IMPL E MAQ AGRIC TAT","LAMINA TRASEIRA DE ARRASTO","IMPLEMENTOS OM","","","","","","","","27/07/2026 07:00:03","Import","","","","","","","","","",""
"650349","15","0","","","","","","","","","","","","","","","","","","","JOHN DEERE BRASIL LTDA.","PLATAFORMA DE MILHO 610C - 10","IMPLEMENTOS JD","","","","","","","","27/07/2026 07:00:03","Import","","","","","","","","","",""
"650350","15","0","","","","","","","","","","","","","","","","","","","CAPRI IND E COM DE MAQ AGRICOL","VFC-8000 RODADO 2-EIXOS COM RODAS E PNEUS SPECIAL","IMPLEMENTOS OM","","","","","","","","27/07/2026 07:00:03","Import","","","","","","","","","",""
"650351","15","0","","","","","","","","","","","","","","","","","","","JOHN DEERE BRASIL LTDA.","AUTOTRAC ACTIVATION - GS3","AMS","","","","","","","","27/07/2026 07:00:03","Import","","","","","","","","","",""
"650352","15","0","","","","","","","","","","","","","","","","","","","JOHN DEERE BRASIL LTDA.","COLHEDORA DE CANA CH570 (MAR-I)","COLHEDORA CANA","","","","","","","","27/07/2026 07:00:03","Import","","","","","","","","","",""
"650353","15","0","","","","","","","","","","","","","","","","","","","JOHN DEERE BRASIL LTDA.","PLATAFORMA DE CORTE 630FD 30 P","PLATAFORMA CORTE","","","","","","","","27/07/2026 07:00:03","Import","","","","","","","","","",""
"650354","15","0","","","","","","","","","","","","","","","","","","","NEW HOLLAND AGRICULTURE","TRATOR NEW HOLLAND MOD TM 150","TRATOR","","","","","","","","27/07/2026 07:00:03","Import","","","","","","","","","",""
"650355","15","0","","","","","","","","","","","","","","","","","","","CASE AGRICULTURE","TRATOR MODELO MX 180","TRATOR","","","","","","","","27/07/2026 07:00:03","Import","","","","","","","","","",""
"650356","15","0","","","","","","","","","","","","","","","","","","","JOHN DEERE BRASIL LTDA.","MONITOR UNIVERSAL G5","AMS","","","","","","","","27/07/2026 07:00:03","Import","","","","","","","","","",""
"650357","15","0","","","","","","","","","","","","","","","","","","","JOHN DEERE BRASIL LTDA.","TRATOR 6125D JOHN DEERE","TRATOR","","","","","","","","27/07/2026 07:00:03","Import","","","","","","","","","",""
"650358","15","0","","","","","","","","","","","","","","","","","","","STEELLASER SERVICOS LTDA","MISTURADOR DE RACAO BS-AGRO ROTOR-KING 65 TANDEM","IMPLEMENTOS OM","","","","","","","","27/07/2026 07:00:03","Import","","","","","","","","","",""
"650359","15","0","","","","","","","","","","","","","","","","","","","JUMIL","DISTRIBUIDOR DE FERTILIZANTES","IMPLEMENTOS OM","","","","","","","","27/07/2026 07:00:03","Import","","","","","","","","","",""
"650360","15","0","","","","","","","","","","","","","","","","","","","IMPLEMENTOS AGRICOLAS MARISPAN","CARRETA ADUBADEIRA FERTINOX","IMPLEMENTOS OM","","","","","","","","27/07/2026 07:00:04","Import","","","","","","","","","",""
"650361","15","0","","","","","","","","","","","","","","","","","","","AGROLEITE CABINAS AGRICOLAS","CAPOTA FECHADA STANDARD","IMPLEMENTOS OM","","","","","","","","27/07/2026 07:00:04","Import","","","","","","","","","",""
"650362","15","0","","","","","","","","","","","","","","","","","","","JOHN DEERE BRASIL LTDA.","TRATOR JOHN DEERE 6170M","TRATOR","","","","","","","","27/07/2026 07:00:04","Import","","","","","","","","","",""
"650617","15","0","","","","","","","","","","","","","","","","","","","JOHN DEERE BRASIL LTDA.","COLHEDORA DE CANA 3520 ESTEIRA","COLHEDORA CANA","","","","","","","","27/07/2026 07:00:04","Import","","","","","","","","","",""
"650618","15","0","","","","","","","","","","","","","","","","","","","INDUSTRIAS REUNIDAS COLOMBO","MAQUINA TWIN MASTER 2 LINHAS (BR)","IMPLEMENTOS OM","","","","","","","","27/07/2026 07:00:04","Import","","","","","","","","","",""
"650619","15","0","","","","","","","","","","","","","","","","","","","INDUSTRIAS REUNIDAS COLOMBO","MEXEDOR DE AMENDOIM","IMPLEMENTOS OM","","","","","","","","27/07/2026 07:00:04","Import","","","","","","","","","",""
"650620","15","0","","","","","","","","","","","","","","","","","","","BALDAN IMPLEMENTOS AGRICOLAS","GRADE ARADORA CONTROLE REMOTO","IMPLEMENTOS OM","","","","","","","","27/07/2026 07:00:04","Import","","","","","","","","","",""
"650621","15","0","","","","","","","","","","","","","","","","","","","JOHN DEERE BRASIL LTDA.","RECEPTOR UNIVERSAL STARFIRE 7500","AMS","","","","","","","","27/07/2026 07:00:04","Import","","","","","","","","","",""
"650622","15","0","","","","","","","","","","","","","","","","","","","NB MAQUINAS LTDA","MISTURADOR JF MIX 6000 CS C/ EXTRATOR","IMPLEMENTOS OM","","","","","","","","27/07/2026 07:00:04","Import","","","","","","","","","",""
"650623","15","0","","","","","","","","","","","","","","","","","","","TRITON MAQUINAS E IMPLEMENTOS","ADUBADEIRA TRITON COM DIRECIONADOR","IMPLEMENTOS OM","","","","","","","","27/07/2026 07:00:04","Import","","","","","","","","","",""
"650624","15","0","","","","","","","","","","","","","","","","","","","GTS DO BRASIL","PLATAFORMA PARA COLHEITA DE MILHO GREEN SYSTEM","IMPLEMENTOS OM","","","","","","","","27/07/2026 07:00:04","Import","","","","","","","","","",""
"650625","15","0","","","","","","","","","","","","","","","","","","","IMPLEMENTOS AGRICOLAS J.Z LTDA","PLAINA TRASEIRA","IMPLEMENTOS OM","","","","","","","","27/07/2026 07:00:04","Import","","","","","","","","","",""
"650626","15","0","","","","","","","","","","","","","","","","","","","MASSEY FERGUSON","TRATOR MASSEY 235","TRATOR","","","","","","","","27/07/2026 07:00:04","Import","","","","","","","","","",""
"650627","15","0","","","","","","","","","","","","","","","","","","","KO MAQUINAS AGRICOLAS LTDA","PULVERIZADOR AGRÍCOLA 800 LITROS PRAMARC","IMPLEMENTOS OM","","","","","","","","27/07/2026 07:00:04","Import","","","","","","","","","",""
"650628","15","0","","","","","","","","","","","","","","","","","","","VALTRA","TRATOR AGRICOLA A800R","TRATOR","","","","","","","","27/07/2026 07:00:04","Import","","","","","","","","","",""
"650629","15","0","","","","","","","","","","","","","","","","","","","GTS DO BRASIL","PLATAFORMA PARA COLHEITA DE MILHO GREENSYSTEM PL","IMPLEMENTOS OM","","","","","","","","27/07/2026 07:00:04","Import","","","","","","","","","",""
"650630","15","0","","","","","","","","","","","","","","","","","","","IKEDA EMPRESARIAL LTDA","SEMEADORA / ADUBADORA","IMPLEMENTOS OM","","","","","","","","27/07/2026 07:00:04","Import","","","","","","","","","",""
"650631","15","0","","","","","","","","","","","","","","","","","","","JOHN DEERE BRASIL LTDA.","PLANTADEIRA JOHN DEERE 9209","PLANTADEIRA","","","","","","","","27/07/2026 07:00:04","Import","","","","","","","","","",""
"650632","15","0","","","","","","","","","","","","","","","","","","","JOHN DEERE BRASIL LTDA.","TRATOR JOHN DEERE 5078E MAR-I CAB","TRATOR","","","","","","","","27/07/2026 07:00:04","Import","","","","","","","","","",""
"650633","15","0","","","","","","","","","","","","","","","","","","","MARCHESAN IMPL E MAQ AGRIC TAT","CULTIVADOR ADUBADOR C/ COBERTURA","IMPLEMENTOS OM","","","","","","","","27/07/2026 07:00:04","Import","","","","","","","","","",""
"650634","15","0","","","","","","","","","","","","","","","","","","","AGRALE","TRATOR AGRALE 5065.4 COMPACT","USADOS","","","","","","","","27/07/2026 07:00:04","Import","","","","","","","","","",""
"650635","15","0","","","","","","","","","","","","","","","","","","","JOHN DEERE BRASIL LTDA.","PULVERIZADOR AUTOPROPELIDO JOHN DEERE (MAR-I)M4040","PULVERIZADOR","","","","","","","","27/07/2026 07:00:04","Import","","","","","","","","","",""
"650636","15","0","","","","","","","","","","","","","","","","","","","LS TRACTOR","TRATOR AGRICOLA LS TRACTOR MODELO PLUS 100 - LSP100C","USADOS","","","","","","","","27/07/2026 07:00:04","Import","","","","","","","","","",""
"650637","15","0","","","","","","","","","","","","","","","","","","","SOLLUS MECANIZAÇÃO AGRÍC. LTDA","DISTRIBUIDOR DE CALCARIO E ADUBO SPANDER ORGANICO","IMPLEMENTOS OM","","","","","","","","27/07/2026 07:00:04","Import","","","","","","","","","",""
"650638","15","0","","","","","","","","","","","","","","","","","","","MARCHESAN IMPL E MAQ AGRIC TAT","PLANTADEIRA HIDRAULICA PEQUENA PROPRIEDADE","IMPLEMENTOS OM","","","","","","","","27/07/2026 07:00:04","Import","","","","","","","","","",""
"650639","15","0","","","","","","","","","","","","","","","","","","","VICON MAQUINAS AGRICOLAS","TRINCHA LEVE TRL 200H","IMPLEMENTOS OM","","","","","","","","27/07/2026 07:00:04","Import","","","","","","","","","",""
"650640","15","0","","","","","","","","","","","","","","","","","","","JOHN DEERE BRASIL LTDA.","PLATAFOMRA DE CORTE 0323 JOHN","PLATAFORMA CORTE","","","","","","","","27/07/2026 07:00:04","Import","","","","","","","","","",""
"650641","15","0","","","","","","","","","","","","","","","","","","","IMPLEMENTOS AGRICOLAS MARISPAN","KIT PA CARREGADEIRA AGRICOLA SERIE M","IMPLEMENTOS OM","","","","","","","","27/07/2026 07:00:04","Import","","","","","","","","","",""
"650642","15","0","","","","","","","","","","","","","","","","","","","VICON MAQUINAS AGRICOLAS","ADUBADORA E SEMEADORA PENDULAR","IMPLEMENTOS OM","","","","","","","","27/07/2026 07:00:04","Import","","","","","","","","","",""
"650643","15","0","","","","","","","","","","","","","","","","","","","JOHN DEERE BRASIL LTDA.","PLANTADEIRA JOHN DEERE 1200 DE 4 A 13 LINHAS","PLANTADEIRA","","","","","","","","27/07/2026 07:00:04","Import","","","","","","","","","",""
"650644","15","0","","","","","","","","","","","","","","","","","","","DMB MAQUINAS E IMPLEM AGRICOLA","DISTRIBUIDOR ADUBO LEVANTE HIDRAULICO 3 PONTOS","IMPLEMENTOS OM","","","","","","","","27/07/2026 07:00:04","Import","","","","","","","","","",""
"650645","15","0","","","","","","","","","","","","","","","","","","","JOHN DEERE BRASIL LTDA.","TRATOR JOHN DEERE 7M215","TRATOR","","","","","","","","27/07/2026 07:00:04","Import","","","","","","","","","",""
"650646","15","0","","","","","","","","","","","","","","","","","","","BACULERE EQUIPAMENTOS SA","CARRETA METÁLICA BASCULANTE","IMPLEMENTOS OM","","","","","","","","27/07/2026 07:00:04","Import","","","","","","","","","",""
"650647","15","0","","","","","","","","","","","","","","","","","","","JOHN DEERE BRASIL LTDA.","TRATOR 6205J JOHN DEERE","TRATOR","","","","","","","","27/07/2026 07:00:04","Import","","","","","","","","","",""
"11419","24","0","","","","","","","","","","","","","","","","","","","John Deere","Pulverizador","M","","","","","","","","24/01/2023 11:07:00","VTCCONS","","","","","","","","","",""
"11420","24","0","","","","","","","","","","","","","","","","","","","John Deere","Retroescavadeira","M","","","","","","","","24/01/2023 11:08:00","VTCCONS","","","","","","","","","",""
"11421","24","0","","","","","","","","","","","","","","","","","","","John Deere","Trator 5000","M","","","","","","","","24/01/2023 11:08:00","VTCCONS","","","","","","","","","",""
"11422","24","0","","","","","","","","","","","","","","","","","","","John Deere","Trator 6000","M","","","","","","","","24/01/2023 11:08:00","VTCCONS","","","","","","","","","",""
"11423","24","0","","","","","","","","","","","","","","","","","","","John Deere","Trator 7000","M","","","","","","","","24/01/2023 11:08:00","VTCCONS","","","","","","","","","",""
"11424","24","0","","","","","","","","","","","","","","","","","","","John Deere","Trator 8000","M","","","","","","","","24/01/2023 11:08:00","VTCCONS","","","","","","","","","",""
"11425","24","0","","","","","","","","","","","","","","","","","","","John Deere","TRATOR 9000","M","","","","","","","","24/01/2023 11:08:00","VTCCONS","","","","","","","","","",""
"11426","24","0","","","","","","","","","","","","","","","","","","","John Deere","Trator de Esteiras","M","","","","","","","","24/01/2023 11:08:00","VTCCONS","","","","","","","","","",""
"11427","24","0","","","","","","","","","","","","","","","","","","","John Deere","Trator Jardim","M","","","","","","","","24/01/2023 11:08:00","VTCCONS","","","","","","","","","",""
"11428","24","0","","","","","","","","","","","","","","","","","","","Manitou","Empilhadeira Contrabalançada","I","","","","","","","","24/01/2023 11:08:00","VTCCONS","","","","","","","","","",""
"11429","24","0","","","","","","","","","","","","","","","","","","","Manitou","EMPILHADEIRA TODO TERRENO","I","","","","","","","","24/01/2023 11:09:00","VTCCONS","","","","","","","","","",""
"11430","24","0","","","","","","","","","","","","","","","","","","","Manitou","Manipulador Telescópico","I","","","","","","","","24/01/2023 11:07:00","VTCCONS","","","","","","","","","",""
"11431","24","0","","","","","","","","","","","","","","","","","","","Manitou","Plataforma Elevatória","I","","","","","","","","24/01/2023 11:07:00","VTCCONS","","","","","","","","","",""
"11432","24","0","","","","","","","","","","","","","","","","","","","Mustang","Mini Carregadeira de Rodas","I","","","","","","","","24/01/2023 11:06:00","VTCCONS","","","","","","","","","",""
"11433","24","0","","","","","","","","","","","","","","","","","","","Outras","COLHEDORA DE CANA USADA OM","M","","","","","","","","24/01/2023 11:06:00","VTCCONS","","","","","","","","","",""
"11434","24","0","","","","","","","","","","","","","","","","","","","Outras","Colheitadeira","I","","","","","","","","24/01/2023 11:06:00","VTCCONS","","","","","","","","","",""
"11435","24","0","","","","","","","","","","","","","","","","","","","Outras","Implemento Novo","I","","","","","","","","24/01/2023 11:06:00","VTCCONS","","","","","","","","","",""
"11436","24","0","","","","","","","","","","","","","","","","","","","Outras","Implemento US","I","","","","","","","","24/01/2023 11:06:00","VTCCONS","","","","","","","","","",""
"11437","24","0","","","","","","","","","","","","","","","","","","","Outras","Manitou Manip Telescópico","I","","","","","","","","24/01/2023 11:05:00","VTCCONS","","","","","","","","","",""
"11438","24","0","","","","","","","","","","","","","","","","","","","Outras","PULVERIZADOR OUTRAS MARCAS","I","","","","","","","","24/01/2023 11:05:00","VTCCONS","","","","","","","","","",""
"11439","24","0","","","","","","","","","","","","","","","","","","","Outras","Trator US","T","","","","","","","","24/01/2023 11:05:00","VTCCONS","","","","","","","","","",""
"11440","24","0","","","","","","","","","","","","","","","","","","","Outras","VASSOURAS RECOLHEDORAS","I","","","","","","","","24/01/2023 11:05:00","VTCCONS","","","","","","","","","",""
"11062","9401","0","John Deere","","","","","","","","","","","","","","","","","","TR5060E 12X12","","","","","","","","","","05/11/2019 09:03:00","GABRIEL.PILO","1","","","","","","","","",""
"11063","9401","0","John Deere","","","","","","","","","","","","","","","","","","TR5060E CAB 12X12","","","","","","","","","","05/11/2019 15:47:00","GABRIEL.PILO","1","","","","","","","","",""
"11064","9401","0","John Deere","","","","","","","","","","","","","","","","","","TR5060EN CAB 9X3","","","","","","","","","","06/03/2025 08:57:00","NETO.PRADO","1","","","","","","","","",""
"11065","9401","0","John Deere","d) de 70 a 79 CV","","","","","","","","","","","","","","","","","TR5070E 12X12","","","","","","","","","","15/01/2025 15:01:00","NETO.PRADO","1","","","","","","","","",""
"11066","9401","0","John Deere","d) de 70 a 79 CV","","","","","","","","","","","","","","","","","TR5078E 12X12","","","","","","","","","","15/01/2025 15:15:00","NETO.PRADO","1","","","","","","","","",""
"11067","9401","0","John Deere","","","","","","","","","","","","","","","","","","TR5080E 12x12","","","","","","","","","","15/01/2025 15:17:00","NETO.PRADO","1","1","","","","","","","",""
"11068","9401","0","John Deere","","","","","","","","","","","","","","","","","","TR5080EN CAB 9x3","","","","","","","","","","15/01/2025 15:20:00","NETO.PRADO","1","","","","","","","","",""
"11069","9401","0","John Deere","","","","","","","","","","","","","","","","","","TR5090E 12X12","","","","","","","","","","05/11/2019 16:05:00","GABRIEL.PILO","1","","","","","","","","",""
"11070","9401","0","John Deere","","","","","","","","","","","","","","","","","","TR6100J SY","","","","","","","","","","06/03/2025 09:04:00","NETO.PRADO","1","","","","","","","","",""
"11071","9401","0","John Deere","","","","","","","","","","","","","","","","","","TR6100J PQ","","","","","","","","","","17/05/2020 16:30:00","DIEGO.MARQUES","1","1","","","","","","","",""
"11072","9401","0","John Deere","","","","","","","","","","","","","","","","","","TR7200J MAR-I TLS","","","","","","","","","","10/09/2025 08:17:00","MATHEUS.AUGUSTO","0","","","","","","","","",""
"11073","9401","0","John Deere","","","","","","","","","","","","","","","","","","TR7230J MAR-I TLS","","","","","","","","","","10/09/2025 08:18:00","MATHEUS.AUGUSTO","0","","","","","","","","",""
"11074","9405","0","SLC","","","","","","","","","","","","","","","","","","SLC7200","","","","","","","","","","07/11/2019 10:16:00","GABRIEL.PILO","1","","","","","","","","",""
"11075","9412","0","John Deere","Corte esteira","","","","","","","","","","","","","","","","","PC216","","","","","","","","","","07/11/2019 10:20:00","GABRIEL.PILO","1","","","","","","","","",""
"11077","9401","0","New Holland","","","","","","","","","","","","","","","","","","TL70","","","","","","","","","","11/11/2019 08:46:00","GABRIEL.PILO","1","","","","","","","","",""
"11078","9401","0","New Holland","","","","","","","","","","","","","","","","","","TR T7060","","","","","","","","","","11/11/2019 08:48:00","GABRIEL.PILO","1","","","","","","","","",""
"11086","9401","0","Valtra","","","","","","","","","","","","","","","","","","BH100","","","","","","","","","","17/12/2019 15:57:00","DIEGO.MARQUES","1","","","","","","","","",""
"11089","8","0","","","","","","","","","","","","","","","","","","","ALÇADA","PBM0059","","","","","","","","","13/01/2020 08:19:00","DIEGO.MARQUES","","","","","","","","","",""
"11090","8","0","","","","","","","","","","","","","","","","","","","ALÇADA","PNW0039","","","","","","","","","13/01/2020 08:21:00","DIEGO.MARQUES","","","","","","","","","",""
"11091","8","0","","","","","","","","","","","","","","","","","","","ALÇADA","PCQ0074","","","","","","","","","13/01/2020 08:21:00","DIEGO.MARQUES","","","","","","","","","",""
"11093","9","0","","","","","","","","","","","","","","","","","","","PBM0059","","","","","","","","","","21/01/2020 16:22:00","DIEGO.MARQUES","0","","","","","","","","",""
"11094","9","0","","","","","","","","","","","","","","","","","","","PNW0039","","","","","","","","","","21/01/2020 16:38:00","DIEGO.MARQUES","0","","","","","","","","",""
"11308","9400","1","","","","","","","","","","","","","","","","","","","GTM","","","","","","","","","","01/04/2022 16:40:00","EDUARDO.COSTA","0","0","0","0","0","0","0","0","1","0"
"11310","9401","0","John Deere","","","","","","","","","","","","","","","","","","teste Diego","","","","","","","","","","12/04/2022 13:42:00","DIEGO.MARQUES","1","0","","","","","","","",""
"11311","9415","0","","","","","","","","","","","","","","","","","","","Credicitrus Esteira","","","","","","","","","","13/04/2022 15:11:00","DIEGO.MARQUES","","","","","","","","","",""
"11313","9413","0","","","","","","","","","","","","","","","","","","","Oimasa","","","","","","","","","","20/04/2022 14:11:00","VANESSA.ALVES","0","","","","","","","","",""
"11314","9415","0","","","","","","","","","","","","","","","","","","","Consorcio","","","","","","","","","","24/04/2022 21:14:00","DIEGO.MARQUES","","","","","","","","","",""
"11315","9413","0","","","","","","","","","","","","","","","","","","","Coplana","","","","","","","","","","28/04/2022 12:54:00","DIEGO.MARQUES","","","","","","","","","",""
"11316","9413","0","","","","","","","","","","","","","","","","","","","Copercana","","","","","","","","","","28/04/2022 13:18:00","DIEGO.MARQUES","","","","","","","","","",""
"11317","9411","0","John Deere","","","","","","","","","","","","","","","","","","PV M4040","","","","","","","","","","06/03/2025 08:40:00","NETO.PRADO","1","0","","","","","","","",""
"11323","9400","1","","","","","","","","","","","","","","","","","","","Rohr","","","","","","","","","","11/05/2022 08:03:00","DIEGO.MARQUES","0","0","0","0","0","0","0","0","1","0"
"11328","9400","0","","","","","","","","","","","","","","","","","","","Agroma","","","","","","","","","","10/12/2025 08:56:00","MATHEUS.AUGUSTO","0","0","0","0","0","1","0","0","1","0"
"11330","9411","0","John Deere","","","","","","","","","","","","","","","","","","PV 4730","","","","","","","","","","28/06/2022 08:05:00","DIEGO.MARQUES","1","0","","","","","","","",""
"11331","9400","1","","","","","","","","","","","","","","","","","","","Sçao José","","","","","","","","","","12/07/2022 11:24:00","DIEGO.MARQUES","0","0","0","0","0","0","0","0","1","0"
"11333","9400","1","","","","","","","","","","","","","","","","","","","RC AGRO","","","","","","","","","","29/07/2022 12:29:00","EDUARDO.COSTA","0","0","0","0","0","0","0","0","1","0"
"11335","9400","1","","","","","","","","","","","","","","","","","","","Turim","","","","","","","","","","16/08/2022 09:42:00","DIEGO.MARQUES","0","0","0","0","0","0","0","0","1","0"
"11338","9400","1","","","","","","","","","","","","","","","","","","","Vence Tudo","","","","","","","","","","05/09/2022 15:33:00","EDUARDO.COSTA","0","0","0","0","0","0","0","0","1","0"
"11341","9411","0","John Deere","","","","","","","","","","","","","","","","","","PV M4040 DN","","","","","","","","","","06/03/2025 08:41:00","NETO.PRADO","1","0","","","","","","","",""
"11343","23","0","RAO_MAQ01_01","","","","","","50,00","","","","","","","","","","","","REGIONAL RIBEIRAO PRETO","","","","","","","","","","29/09/2022 09:42:00","VANESSA.ALVES","","","","","","","","","",""
"11344","23","0","RAO_MAQ01_02","","","","","","50,00","","","","","","","","","","","","REGIONAL RIBEIRAO PRETO","","","","","","","","","","27/01/2023 10:29:00","VANESSA.ALVES","","","","","","","","","",""
"11345","23","0","RAO_MAQ01_03","","","","","","50,00","","","","","","","","","","","","REGIONAL RIBEIRAO PRETO","","","","","","","","","","29/09/2022 11:19:00","VANESSA.ALVES","","","","","","","","","",""
"11346","23","0","RAO_MAQ01_04","","","","","","50,00","","","","","","","","","","","","REGIONAL RIBEIRAO PRETO","","","","","","","","","","29/09/2022 11:20:00","VANESSA.ALVES","","","","","","","","","",""
"11347","23","0","RAO_MAQ01_05","","","","","","50,00","","","","","","","","","","","","REGIONAL RIBEIRAO PRETO","","","","","","","","","","29/09/2022 11:20:00","VANESSA.ALVES","","","","","","","","","",""
"11348","23","0","RAO_MAQ01_06","","","","","","50,00","","","","","","","","","","","","REGIONAL RIBEIRAO PRETO","","","","","","","","","","29/09/2022 11:20:00","VANESSA.ALVES","","","","","","","","","",""
"11349","23","0","RAO_MAQ01_07","","","","","","50,00","","","","","","","","","","","","REGIONAL RIBEIRAO PRETO","","","","","","","","","","29/09/2022 11:21:00","VANESSA.ALVES","","","","","","","","","",""
"11350","23","0","RAO_MAQ01_08","","","","","","50,00","","","","","","","","","","","","REGIONAL RIBEIRAO PRETO","","","","","","","","","","29/09/2022 11:21:00","VANESSA.ALVES","","","","","","","","","",""
"11351","23","0","RAO_MAQ01_09","","","","","","50,00","","","","","","","","","","","","REGIONAL RIBEIRAO PRETO","","","","","","","","","","29/09/2022 11:21:00","VANESSA.ALVES","","","","","","","","","",""
"11352","23","0","RAO_MAQ01_10","","","","","","50,00","","","","","","","","","","","","REGIONAL RIBEIRAO PRETO","","","","","","","","","","29/09/2022 11:21:00","VANESSA.ALVES","","","","","","","","","",""
"11353","23","0","CONTA_CHAVE_01","","","","","","30,00","","","","","","","","","","","","REGIONAL CONTA CHAVE","","","","","","","","","","29/09/2022 11:21:00","VANESSA.ALVES","","","","","","","","","",""
"11354","23","0","CONTA_CHAVE_02","","","","","","30,00","","","","","","","","","","","","REGIONAL CONTA CHAVE","","","","","","","","","","29/09/2022 11:22:00","VANESSA.ALVES","","","","","","","","","",""
"11355","23","0","CONTA_CHAVE_03","","","","","","30,00","","","","","","","","","","","","REGIONAL CONTA CHAVE","","","","","","","","","","29/09/2022 11:22:00","VANESSA.ALVES","","","","","","","","","",""
"11356","23","0","CONTA_CHAVE_04","","","","","","30,00","","","","","","","","","","","","REGIONAL CONTA CHAVE","","","","","","","","","","27/01/2023 10:29:00","VANESSA.ALVES","","","","","","","","","",""
"11357","23","0","CONTA_CHAVE_05","","","","","","30,00","","","","","","","","","","","","REGIONAL CONTA CHAVE","","","","","","","","","","29/09/2022 11:23:00","VANESSA.ALVES","","","","","","","","","",""
"11360","23","0","COL_CONCORRENTE","","","","","","70,00","","","","","","","","","","","","CARTEIRAS NÃO POTENCIAIS","","","","","","","","","","29/01/2024 13:48:00","VANESSA.ALVES","","","","","","","","","",""
"11361","23","0","COL_FUNC","","","","","","70,00","","","","","","","","","","","","CARTEIRAS NÃO POTENCIAIS","","","","","","","","","","29/01/2024 13:49:00","VANESSA.ALVES","","","","","","","","","",""
"11362","23","0","COL_EX_FUNC","","","","","","90,00","","","","","","","","","","","","CARTEIRAS NÃO POTENCIAIS","","","","","","","","","","29/01/2024 13:47:00","VANESSA.ALVES","","","","","","","","","",""
"11364","23","0","COL_REDE_CONCES","","","","","","70,00","","","","","","","","","","","","CARTEIRAS NÃO POTENCIAIS","","","","","","","","","","29/01/2024 13:50:00","VANESSA.ALVES","","","","","","","","","",""
"11365","23","0","COL_FILIAIS","","","","","","90,00","","","","","","","","","","","","VINCULADOS","","","","","","","","","","27/01/2023 10:30:00","VANESSA.ALVES","","","","","","","","","",""
"11367","23","0","ARA_MAQ02_01","","","","","","10,00","","","","","","","","","","","","REGIONAL ARARAQUARA","","","","","","","","","","27/01/2023 10:01:00","VANESSA.ALVES","","","","","","","","","",""
"11368","23","0","ARA_MAQ02_02","","","","","","10,00","","","","","","","","","","","","REGIONAL ARARAQUARA","","","","","","","","","","07/10/2022 10:53:00","VANESSA.ALVES","","","","","","","","","",""
"11369","23","0","ARA_MAQ02_03","","","","","","10,00","","","","","","","","","","","","REGIONAL ARARAQUARA","","","","","","","","","","07/10/2022 10:53:00","VANESSA.ALVES","","","","","","","","","",""
"11370","23","0","ARA_MAQ02_04","","","","","","10,00","","","","","","","","","","","","REGIONAL ARARAQUARA","","","","","","","","","","07/10/2022 10:53:00","VANESSA.ALVES","","","","","","","","","",""
"11371","23","0","ARA_MAQ02_05","","","","","","10,00","","","","","","","","","","","","REGIONAL ARARAQUARA","","","","","","","","","","07/10/2022 10:53:00","VANESSA.ALVES","","","","","","","","","",""
"11372","23","0","ARA_MAQ02_06","","","","","","10,00","","","","","","","","","","","","REGIONAL ARARAQUARA","","","","","","","","","","07/10/2022 10:53:00","VANESSA.ALVES","","","","","","","","","",""
"11373","23","0","ARA_MAQ02_07","","","","","","10,00","","","","","","","","","","","","REGIONAL ARARAQUARA","","","","","","","","","","07/10/2022 10:54:00","VANESSA.ALVES","","","","","","","","","",""
"11374","23","0","ARA_MAQ02_08","","","","","","10,00","","","","","","","","","","","","REGIONAL ARARAQUARA","","","","","","","","","","07/10/2022 10:54:00","VANESSA.ALVES","","","","","","","","","",""
"11375","23","0","ORL_MAQ07_01","","","","","","40,00","","","","","","","","","","","","REGIONAL ORLANDIA","","","","","","","","","","07/10/2022 10:54:00","VANESSA.ALVES","","","","","","","","","",""
"11376","23","0","ORL_MAQ07_02","","","","","","40,00","","","","","","","","","","","","REGIONAL ORLANDIA","","","","","","","","","","27/01/2023 10:29:00","VANESSA.ALVES","","","","","","","","","",""
"11377","23","0","ORL_MAQ07_03","","","","","","40,00","","","","","","","","","","","","REGIONAL ORLANDIA","","","","","","","","","","07/10/2022 10:54:00","VANESSA.ALVES","","","","","","","","","",""
"11378","23","0","ORL_MAQ07_04","","","","","","40,00","","","","","","","","","","","","REGIONAL ORLANDIA","","","","","","","","","","07/10/2022 10:54:00","VANESSA.ALVES","","","","","","","","","",""
"11379","23","0","ORL_MAQ07_05","","","","","","40,00","","","","","","","","","","","","REGIONAL ORLANDIA","","","","","","","","","","07/10/2022 10:55:00","VANESSA.ALVES","","","","","","","","","",""
"11380","23","0","BRT_MAQ03_01","","","","","","20,00","","","","","","","","","","","","REGIONAL BARRETOS","","","","","","","","","","07/10/2022 10:55:00","VANESSA.ALVES","","","","","","","","","",""
"11381","23","0","BRT_MAQ03_02","","","","","","20,00","","","","","","","","","","","","REGIONAL BARRETOS","","","","","","","","","","27/01/2023 10:28:00","VANESSA.ALVES","","","","","","","","","",""
"11382","23","0","BRT_MAQ03_03","","","","","","20,00","","","","","","","","","","","","REGIONAL BARRETOS","","","","","","","","","","07/10/2022 10:57:00","VANESSA.ALVES","","","","","","","","","",""
"11383","23","0","BRT_MAQ03_04","","","","","","20,00","","","","","","","","","","","","REGIONAL BARRETOS","","","","","","","","","","07/10/2022 10:57:00","VANESSA.ALVES","","","","","","","","","",""
"11385","23","0","BRT_MAQ03_05","","","","","","20,00","","","","","","","","","","","","REGIONAL BARRETOS","","","","","","","","","","07/10/2022 10:57:00","VANESSA.ALVES","","","","","","","","","",""
"11386","23","0","BRT_MAQ03_06","","","","","","20,00","","","","","","","","","","","","REGIONAL BARRETOS","","","","","","","","","","07/10/2022 10:57:00","VANESSA.ALVES","","","","","","","","","",""
"11388","23","0","BRT_MAQ03_07","","","","","","20,00","","","","","","","","","","","","REGIONAL BARRETOS","","","","","","","","","","07/10/2022 10:57:00","VANESSA.ALVES","","","","","","","","","",""
"11391","23","0","FORA_ATUAÇÃO","","","","","","70,00","","","","","","","","","","","","CARTEIRAS NÃO POTENCIAIS","","","","","","","","","","29/01/2024 13:51:00","VANESSA.ALVES","","","","","","","","","",""
"11392","23","0","FORA_REG_COL","","","","","","70,00","","","","","","","","","","","","CARTEIRAS NÃO POTENCIAIS","","","","","","","","","","29/01/2024 13:50:00","VANESSA.ALVES","","","","","","","","","",""
"11393","23","0","IM_ARRENDAMENTO","","","","","","70,00","","","","","","","","","","","","CARTEIRAS INATIVAS","","","","","","","","","","27/01/2023 10:30:00","VANESSA.ALVES","","","","","","","","","",""
"11394","23","0","IM_S/POTENCIAL","","","","","","70,00","","","","","","","","","","","","CARTEIRAS NÃO POTENCIAIS","","","","","","","","","","29/01/2024 13:50:00","VANESSA.ALVES","","","","","","","","","",""
"11395","23","0","INT_MERCADO","","","","","","80,00","","","","","","","","","","","","DESCONHECIDO","","","","","","","","","","27/01/2023 10:30:00","VANESSA.ALVES","","","","","","","","","",""
"11396","23","0","SIND_CATI","","","","","","70,00","","","","","","","","","","","","CARTEIRAS NÃO POTENCIAIS","","","","","","","","","","29/01/2024 13:50:00","VANESSA.ALVES","","","","","","","","","",""
"11397","23","0","VEND_DIRETORIA","","","","","","30,00","","","","","","","","","","","","REGIONAL CONTA CHAVE","","","","","","","","","","07/10/2022 11:26:00","VANESSA.ALVES","","","","","","","","","",""
"11398","23","0","IM_CONT_IMPOS","","","","","","80,00","","","","","","","","","","","","DESCONHECIDO","","","","","","","","","","21/12/2023 11:55:00","VANESSA.ALVES","","","","","","","","","",""
"11399","23","0","PROSP_MAQ_ARA","","","","","","60,00","","","","","","","","","","","","PROSPECCAO","","","","","","","","","","27/01/2023 10:29:00","VANESSA.ALVES","","","","","","","","","",""
"11400","23","0","PROSP_MAQ_BRT","","","","","","60,00","","","","","","","","","","","","PROSPECCAO","","","","","","","","","","11/10/2022 14:13:00","VANESSA.ALVES","","","","","","","","","",""
"11401","23","0","PROSP_MAQ_ORL","","","","","","60,00","","","","","","","","","","","","PROSPECCAO","","","","","","","","","","11/10/2022 14:13:00","VANESSA.ALVES","","","","","","","","","",""
"11402","23","0","PROSP_MAQ_RAO","","","","","","60,00","","","","","","","","","","","","PROSPECCAO","","","","","","","","","","11/10/2022 14:15:00","VANESSA.ALVES","","","","","","","","","",""
"11403","9401","0","","","","","","","","","","","","","","","","","","","JDLINK","","","","","","","","","","01/12/2022 17:02:00","DIEGO.MARQUES","0","0","","","","","","","",""
"11405","24","0","","","","","","","","","","","","","","","","","","","John Deere","Colhedora","M","","","","","","","","23/01/2023 16:15:00","VTCCONS","0","0","0","0","0","0","0","0","0","0"
"11406","24","0","","","","","","","","","","","","","","","","","","","John Deere","AMS","","","","","","","","","24/01/2023 10:43:00","VTCCONS","0","0","0","0","0","0","0","0","0","0"
"11408","24","0","","","","","","","","","","","","","","","","","","","John Deere","AUTEQ","","","","","","","","","24/01/2023 11:04:31","VTCCONS","","","","","","","","","",""
"11410","24","0","","","","","","","","","","","","","","","","","","","John Deere","Colheitadeira","M","","","","","","","","24/01/2023 11:05:00","VTCCONS","","","","","","","","","",""
"11411","24","0","","","","","","","","","","","","","","","","","","","John Deere","Colheitadeira SS","M","","","","","","","","24/01/2023 11:05:00","VTCCONS","","","","","","","","","",""
"11412","24","0","","","","","","","","","","","","","","","","","","","John Deere","Gator","I","","","","","","","","24/01/2023 11:05:00","VTCCONS","","","","","","","","","",""
"11413","24","0","","","","","","","","","","","","","","","","","","","John Deere","Implemento NV","I","","","","","","","","24/01/2023 11:07:00","VTCCONS","","","","","","","","","",""
"11414","24","0","","","","","","","","","","","","","","","","","","","John Deere","Motoniveladora Articulada","M","","","","","","","","24/01/2023 11:07:00","VTCCONS","","","","","","","","","",""
"11415","24","0","","","","","","","","","","","","","","","","","","","John Deere","Plantadeira S1100","M","","","","","","","","24/01/2023 11:07:00","VTCCONS","","","","","","","","","",""
"11416","24","0","","","","","","","","","","","","","","","","","","","John Deere","PLANTADEIRA SERIE 2100","M","","","","","","","","24/01/2023 11:07:00","VTCCONS","","","","","","","","","",""
"11417","24","0","","","","","","","","","","","","","","","","","","","John Deere","Plataforma Corte","M","","","","","","","","24/01/2023 11:07:00","VTCCONS","","","","","","","","","",""
"11418","24","0","","","","","","","","","","","","","","","","","","","John Deere","Plataforma Milho","M","","","","","","","","24/01/2023 11:07:00","VTCCONS","","","","","","","","","",""
"16034","26","0","3) Oportunidade","","","","","","590,00","","","","","","","","","","","","","","","","","","","","","","13/11/2023 14:58:00","VTCCONS","","","","","","","","","",""
"16035","26","0","3) Oportunidade","","","","","","1586,00","","","","","","","","","","","","","","","","","","","","","","13/11/2023 14:58:00","VTCCONS","","","","","","","","","",""
"16036","26","0","4) Pedido","","","","","","2143,00","","","","","","","","","","","","","","","","","","","","","","13/11/2023 14:59:00","VTCCONS","","","","","","","","","",""
"16037","26","0","4) Pedido","","","","","","2176,00","","","","","","","","","","","","","","","","","","","","","","13/11/2023 14:59:00","VTCCONS","","","","","","","","","",""
"16038","26","0","7) Venda Perdida","","","","","","2142,00","","","","","","","","","","","","","","","","","","","","","","13/11/2023 15:00:00","VTCCONS","","","","","","","","","",""
"16039","26","0","7) Venda Perdida","","","","","","662,00","","","","","","","","","","","","","","","","","","","","","","13/11/2023 15:00:00","VTCCONS","","","","","","","","","",""
"16040","26","0","6) Desistiu Compra","","","","","","2140,00","","","","","","","","","","","","","","","","","","","","","","13/11/2023 15:00:00","VTCCONS","","","","","","","","","",""
"16041","26","0","6) Desistiu Compra","","","","","","661,00","","","","","","","","","","","","","","","","","","","","","","13/11/2023 15:01:00","VTCCONS","","","","","","","","","",""
"16042","9411","0","John Deere","","","","","","","","","","","","","","","","","","PLA 125J","","","","","","","","","","06/03/2025 08:39:00","NETO.PRADO","1","0","","","","","","","",""
"16043","9401","0","John Deere","","","","","","","","","","","","","","","","","","PLA 125J","","","","","","","","","","10/09/2025 08:15:00","MATHEUS.AUGUSTO","0","0","","","","","","","",""
"16044","9401","0","John Deere","","","","","","","","","","","","","","","","","","PL 1113 12L","","","","","","","","","","10/09/2025 08:15:00","MATHEUS.AUGUSTO","0","0","","","","","","","",""
"16045","9401","0","John Deere","","","","","","","","","","","","","","","","","","Caixa de Sementes","","","","","","","","","","10/09/2025 08:13:00","MATHEUS.AUGUSTO","0","0","","","","","","","",""
"16046","9401","0","John Deere","","","","","","","","","","","","","","","","","","PC625F","","","","","","","","","","06/03/2025 08:55:00","NETO.PRADO","1","0","","","","","","","",""
"16047","9401","0","John Deere","","","","","","","","","","","","","","","","","","CA S550","","","","","","","","","","05/05/2026 14:40:00","MATHEUS.AUGUSTO","0","0","","","","","","","",""
"16048","9401","0","John Deere","","","","","","","","","","","","","","","","","","PC 630","","","","","","","","","","10/09/2025 08:14:00","MATHEUS.AUGUSTO","0","0","","","","","","","",""
"16049","9401","0","John Deere","","","","","","","","","","","","","","","","","","PL 1111 10L","","","","","","","","","","10/09/2025 08:14:00","MATHEUS.AUGUSTO","0","0","","","","","","","",""
"16050","23","0","COL_PARCEIROS","","","","","","70,00","","","","","","","","","","","","CARTEIRAS NÃO POTENCIAIS","","","","","","","","","","29/01/2024 13:50:00","VANESSA.ALVES","","","","","","","","","",""
"16052","23","0","IM_CONTATO_IMP","","","","","","80,00","","","","","","","","","","","","DESCONHECIDO","","","","","","","","","","21/12/2023 11:24:00","VANESSA.ALVES","","","","","","","","","",""
"16053","9401","0","John Deere","","","","","","","","","","","","","","","","","","CABINE","","","","","","","","","","10/09/2025 08:12:00","MATHEUS.AUGUSTO","0","0","","","","","","","",""
"16054","9401","0","John Deere","","","","","","","","","","","","","","","","","","2440HS","","","","","","","","","","10/09/2025 08:05:00","MATHEUS.AUGUSTO","0","0","","","","","","","",""
"16056","9401","0","John Deere","","","","","","","","","","","","","","","","","","CH950","","","","","","","","","","10/09/2025 08:13:00","MATHEUS.AUGUSTO","0","0","","","","","","","",""
"16057","9401","0","John Deere","","","","","","","","","","","","","","","","","","PC730FD","","","","","","","","","","06/03/2025 08:56:00","NETO.PRADO","1","0","","","","","","","",""
"16058","9401","0","John Deere","","","","","","","","","","","","","","","","","","ARRANCADOR","","","","","","","","","","26/01/2024 07:22:00","LIVIA.SILVA","1","0","","","","","","","",""
"16059","9401","0","John Deere","","","","","","","","","","","","","","","","","","","","","","","","","","","","26/01/2024 10:10:00","LIVIA.SILVA","1","0","","","","","","","",""
"16060","9401","0","John Deere","","","","","","","","","","","","","","","","","","M4040DN","","","","","","","","","","10/09/2025 08:14:00","MATHEUS.AUGUSTO","0","0","","","","","","","",""
"16061","9401","0","John Deere","","","","","","","","","","","","","","","","","","CA S440","","","","","","","","","","05/05/2026 14:39:00","MATHEUS.AUGUSTO","0","0","","","","","","","",""
"16062","9400","1","","","","","","","","","","","","","","","","","","","Grupo Santagro","","","","","","","","","","28/02/2024 15:01:00","LIVIA.SILVA","0","0","0","0","0","0","0","0","0","0"
"16067","9401","0","John Deere","","","","","","","","","","","","","","","","","","TR7M230","","","","","","","","","","06/03/2025 09:13:00","NETO.PRADO","1","0","","","","","","","",""
"16070","9401","0","John Deere","","","","","","","","","","","","","","","","","","TR7M200","","","","","","","","","","06/03/2025 09:11:00","NETO.PRADO","1","0","","","","","","","",""
"16071","9406","0","John Deere","","","","","","","","","","","","","","","","","","PL1113 12L","","","","","","","","","","10/05/2024 08:32:00","LIVIA.SILVA","0","0","","","","","","","",""
"15940","25","0","AMS","","","","","","","","","","","","","","","","","","AMS","","","","","","","","","","01/02/2023 15:09:00","VTCCONS","","","","","","","","","",""
"15941","25","0","AUTEQ","","","","","","","","","","","","","","","","","","AMS","","","","","","","","","","01/02/2023 16:25:00","VTCCONS","","","","","","","","","",""
"15942","25","0","Colhedora","","","","","","","","","","","","","","","","","","Maquina","","","","","","","","","","01/02/2023 16:25:00","VTCCONS","","","","","","","","","",""
"15943","25","0","COLHEDORA DE CANA US","","","","","","","","","","","","","","","","","","Maquina","","","","","","","","","","01/02/2023 16:25:00","VTCCONS","","","","","","","","","",""
"15944","25","0","Colheitadeira","","","","","","","","","","","","","","","","","","Maquina","","","","","","","","","","01/02/2023 16:25:00","VTCCONS","","","","","","","","","",""
"15945","25","0","Colheitadeira SS","","","","","","","","","","","","","","","","","","Maquina","","","","","","","","","","01/02/2023 16:25:00","VTCCONS","","","","","","","","","",""
"15946","25","0","Empilhadeira Contrab","","","","","","","","","","","","","","","","","","","","","","","","","","","","01/02/2023 16:23:11","VTCCONS","","","","","","","","","",""
"15947","25","0","EMPILHADEIRA TODO TE","","","","","","","","","","","","","","","","","","","","","","","","","","","","01/02/2023 16:23:11","VTCCONS","","","","","","","","","",""
"15948","25","0","Gator","","","","","","","","","","","","","","","","","","","","","","","","","","","","01/02/2023 16:23:11","VTCCONS","","","","","","","","","",""
"15949","25","0","Implemento Novo","","","","","","","","","","","","","","","","","","Implemento","","","","","","","","","","01/02/2023 16:25:00","VTCCONS","","","","","","","","","",""
"15950","25","0","Implemento NV","","","","","","","","","","","","","","","","","","Implemento","","","","","","","","","","01/02/2023 16:26:00","VTCCONS","","","","","","","","","",""
"15951","25","0","Implemento US","","","","","","","","","","","","","","","","","","Implemento","","","","","","","","","","01/02/2023 16:26:00","VTCCONS","","","","","","","","","",""
"15952","25","0","Manipulador Telescóp","","","","","","","","","","","","","","","","","","","","","","","","","","","","01/02/2023 16:23:11","VTCCONS","","","","","","","","","",""
"15953","25","0","Manitou Manip Telesc","","","","","","","","","","","","","","","","","","","","","","","","","","","","01/02/2023 16:23:11","VTCCONS","","","","","","","","","",""
"15954","25","0","Mini Carregadeira de","","","","","","","","","","","","","","","","","","","","","","","","","","","","01/02/2023 16:23:11","VTCCONS","","","","","","","","","",""
"15955","25","0","Motoniveladora Artic","","","","","","","","","","","","","","","","","","","","","","","","","","","","01/02/2023 16:23:11","VTCCONS","","","","","","","","","",""
"15956","25","0","Plantadeira S1100","","","","","","","","","","","","","","","","","","Maquina","","","","","","","","","","01/02/2023 16:26:00","VTCCONS","","","","","","","","","",""
"15957","25","0","PLANTADEIRA SERIE 21","","","","","","","","","","","","","","","","","","Maquina","","","","","","","","","","01/02/2023 16:26:00","VTCCONS","","","","","","","","","",""
"15958","25","0","Plataforma Corte","","","","","","","","","","","","","","","","","","Maquina","","","","","","","","","","01/02/2023 16:26:00","VTCCONS","","","","","","","","","",""
"15959","25","0","Plataforma Elevatóri","","","","","","","","","","","","","","","","","","","","","","","","","","","","01/02/2023 16:23:11","VTCCONS","","","","","","","","","",""
"15960","25","0","Plataforma Milho","","","","","","","","","","","","","","","","","","Maquina","","","","","","","","","","01/02/2023 16:27:00","VTCCONS","","","","","","","","","",""
"15961","25","0","Pulverizador","","","","","","","","","","","","","","","","","","Maquina","","","","","","","","","","01/02/2023 16:27:00","VTCCONS","","","","","","","","","",""
"15962","25","0","PULVERIZADOR OUTRAS ","","","","","","","","","","","","","","","","","","Maquina","","","","","","","","","","01/02/2023 16:27:00","VTCCONS","","","","","","","","","",""
"15963","25","0","Retroescavadeira","","","","","","","","","","","","","","","","","","","","","","","","","","","","01/02/2023 16:23:11","VTCCONS","","","","","","","","","",""
"15964","25","0","Trator 5000","","","","","","","","","","","","","","","","","","Maquina","","","","","","","","","","01/02/2023 16:28:00","VTCCONS","","","","","","","","","",""
"15965","25","0","Trator 6000","","","","","","","","","","","","","","","","","","Maquina","","","","","","","","","","01/02/2023 16:28:00","VTCCONS","","","","","","","","","",""
"15966","25","0","Trator 7000","","","","","","","","","","","","","","","","","","Maquina","","","","","","","","","","01/02/2023 16:28:00","VTCCONS","","","","","","","","","",""
"15967","25","0","Trator 8000","","","","","","","","","","","","","","","","","","Maquina","","","","","","","","","","01/02/2023 16:29:00","VTCCONS","","","","","","","","","",""
"15968","25","0","TRATOR 9000","","","","","","","","","","","","","","","","","","Maquina","","","","","","","","","","01/02/2023 16:29:00","VTCCONS","","","","","","","","","",""
"15969","25","0","Trator de Esteiras","","","","","","","","","","","","","","","","","","Maquina","","","","","","","","","","01/02/2023 16:29:00","VTCCONS","","","","","","","","","",""
"15970","25","0","Trator Jardim","","","","","","","","","","","","","","","","","","Maquina","","","","","","","","","","01/02/2023 16:29:00","VTCCONS","","","","","","","","","",""
"15971","25","0","Trator US","","","","","","","","","","","","","","","","","","Maquina","","","","","","","","","","01/02/2023 16:30:00","VTCCONS","","","","","","","","","",""
"15972","25","0","VASSOURAS RECOLHEDOR","","","","","","","","","","","","","","","","","","","","","","","","","","","","01/02/2023 16:23:11","VTCCONS","","","","","","","","","",""
"15973","9401","0","John Deere","","","","","","","","","","","","","","","","","","TR3036EN","","","","","","","","","","06/03/2025 08:56:00","NETO.PRADO","1","1","","","","","","","",""
"15976","9405","0","Case","","","","","","","","","","","","","","","","","","Axial Flow 5150","","","","","","","","","","20/03/2023 16:43:00","EDUARDO.COSTA","1","0","0","0","0","0","0","0","0","0"
"15977","9400","1","","","","","","","","","","","","","","","","","","","Rondon","","","","","","","","","","14/04/2023 09:47:00","DIEGO.MARQUES","0","0","0","0","0","0","0","0","1","0"
"15982","9415","0","","","","","","","","","","","","","","","","","","","Consorcio Randon","","","","","","","","","","31/05/2023 08:41:00","DIEGO.MARQUES","","","","","","","","","",""
"15984","9405","0","John Deere","","","","","","","","","","","","","","","","","","CA S770","","","","","","","","","","06/03/2025 08:25:00","NETO.PRADO","1","","","","","","","","",""
"15985","9400","1","","","","","","","","","","","","","","","","","","","","","","","","","","","","","10/08/2023 09:22:00","DIEGO.MARQUES","0","0","0","0","0","0","0","0","1","0"
"15986","9400","0","Implemaster","","","","","","","","","","","","","","","","","","cabine standard","","","","","","","","","","10/08/2023 09:27:00","DIEGO.MARQUES","1","0","0","0","0","0","0","0","1","0"
"15987","9400","0","Implemaster","","","","","","","","","","","","","","","","","","Implemaster","","","","","","","","","","10/08/2023 09:33:00","DIEGO.MARQUES","0","0","0","0","0","0","0","0","1","0"
"15988","9400","1","","","","","","","","","","","","","","","","","","","","","","","","","","","","","10/08/2023 09:33:00","DIEGO.MARQUES","0","0","0","0","0","0","0","0","0","0"
"15989","9401","0","John Deere","","","","","","","","","","","","","","","","","","5080E CAB 9X3","","","","","","","","","","10/09/2025 08:07:00","MATHEUS.AUGUSTO","0","0","","","","","","","",""
"15990","9401","0","John Deere","","","","","","","","","","","","","","","","","","5080EN 9X3","","","","","","","","","","10/09/2025 08:08:00","MATHEUS.AUGUSTO","0","0","","","","","","","",""
"15991","9401","0","John Deere","","","","","","","","","","","","","","","","","","TR6210M TLS","","","","","","","","","","06/03/2025 09:10:00","NETO.PRADO","1","1","","","","","","","",""
"15992","9401","0","John Deere","","","","","","","","","","","","","","","","","","5090E CAB 12X12","","","","","","","","","","10/09/2025 08:09:00","MATHEUS.AUGUSTO","0","0","","","","","","","",""
"15993","9401","0","John Deere","","","","","","","","","","","","","","","","","","TR6115J PQ PN23","","","","","","","","","","06/03/2025 09:05:00","NETO.PRADO","1","1","","","","","","","",""
"15994","9401","0","John Deere","","","","","","","","","","","","","","","","","","PV M4030","","","","","","","","","","10/09/2025 08:15:00","MATHEUS.AUGUSTO","0","0","","","","","","","",""
"10674","9401","0","New Holland","","","","","","","","","","","","","","","","","","T7.205","","","","","","","","","","26/05/2019 11:29:00","DIEGO.MARQUES","1","","","","","","","","",""
"10675","9401","0","New Holland","","","","","","","","","","","","","","","","","","T7.240","","","","","","","","","","26/05/2019 11:29:00","DIEGO.MARQUES","1","","","","","","","","",""
"10676","9401","0","New Holland","","","","","","","","","","","","","","","","","","T7.260","","","","","","","","","","26/05/2019 11:29:00","DIEGO.MARQUES","1","","","","","","","","",""
"10677","9401","0","New Holland","","","","","","","","","","","","","","","","","","T8.355","","","","","","","","","","26/05/2019 11:30:00","DIEGO.MARQUES","1","","","","","","","","",""
"10678","9401","0","New Holland","","","","","","","","","","","","","","","","","","T9.480","","","","","","","","","","26/05/2019 11:32:00","DIEGO.MARQUES","1","","","","","","","","",""
"10679","9401","0","New Holland","","","","","","","","","","","","","","","","","","T9.530","","","","","","","","","","26/05/2019 11:32:00","DIEGO.MARQUES","1","","","","","","","","",""
"10680","9401","0","New Holland","","","","","","","","","","","","","","","","","","T9.565","","","","","","","","","","26/05/2019 11:32:00","DIEGO.MARQUES","1","","","","","","","","",""
"10681","9401","0","New Holland","","","","","","","","","","","","","","","","","","T9.600","","","","","","","","","","26/05/2019 11:33:00","DIEGO.MARQUES","1","","","","","","","","",""
"10682","9401","0","New Holland","","","","","","","","","","","","","","","","","","T9.645","","","","","","","","","","26/05/2019 11:33:00","DIEGO.MARQUES","1","","","","","","","","",""
"10683","9405","0","New Holland","","","","","","","","","","","","","","","","","","CR6.80","","","","","","","","","","26/05/2019 11:33:00","DIEGO.MARQUES","1","","","","","","","","",""
"10684","9405","0","New Holland","","","","","","","","","","","","","","","","","","CR7.80","","","","","","","","","","26/05/2019 11:34:00","DIEGO.MARQUES","1","","","","","","","","",""
"10685","9405","0","New Holland","","","","","","","","","","","","","","","","","","CR7.90","","","","","","","","","","26/05/2019 11:35:00","DIEGO.MARQUES","1","","","","","","","","",""
"10686","9405","0","New Holland","","","","","","","","","","","","","","","","","","CR8.90","","","","","","","","","","26/05/2019 11:35:00","DIEGO.MARQUES","1","","","","","","","","",""
"10687","9401","0","Massey","","","","","","","","","","","","","","","","","","MF 7719 Dyna 6","","","","","","","","","","26/05/2019 11:36:00","DIEGO.MARQUES","1","","","","","","","","",""
"10688","9401","0","Massey","","","","","","","","","","","","","","","","","","MF 7720 Dyna 6","","","","","","","","","","26/05/2019 11:37:00","DIEGO.MARQUES","1","","","","","","","","",""
"10689","9401","0","Massey","","","","","","","","","","","","","","","","","","MF 7722 Dyna 6","","","","","","","","","","26/05/2019 11:37:00","DIEGO.MARQUES","1","","","","","","","","",""
"10690","9401","0","Massey","","","","","","","","","","","","","","","","","","MF5710","","","","","","","","","","26/05/2019 11:38:00","DIEGO.MARQUES","1","","","","","","","","",""
"10691","9401","0","New Holland","","","","","","","","","","","","","","","","","","MF 4265 Compacto Cabinado","","","","","","","","","","26/05/2019 11:39:00","DIEGO.MARQUES","1","","","","","","","","",""
"10692","9401","0","Massey","","","","","","","","","","","","","","","","","","MF 4275 Compacto","","","","","","","","","","26/05/2019 11:40:00","DIEGO.MARQUES","1","","","","","","","","",""
"10693","9401","0","Massey","","","","","","","","","","","","","","","","","","MF 4275 Compacto Cabinado","","","","","","","","","","26/05/2019 11:40:00","DIEGO.MARQUES","1","","","","","","","","",""
"10694","9401","0","Massey","","","","","","","","","","","","","","","","","","MF 7283 Compacto Cabinado","","","","","","","","","","26/05/2019 11:41:00","DIEGO.MARQUES","1","","","","","","","","",""
"10695","9401","0","Massey","","","","","","","","","","","","","","","","","","MF 250 XE Advanced","","","","","","","","","","26/05/2019 11:41:00","DIEGO.MARQUES","1","","","","","","","","",""
"10696","9401","0","Massey","","","","","","","","","","","","","","","","","","MF 255 Advanced","","","","","","","","","","26/05/2019 11:42:00","DIEGO.MARQUES","1","","","","","","","","",""
"10697","9401","0","Massey","","","","","","","","","","","","","","","","","","MF 250 XF Compacto","","","","","","","","","","26/05/2019 11:42:00","DIEGO.MARQUES","1","","","","","","","","",""
"10698","9401","0","Massey","","","","","","","","","","","","","","","","","","MF 255 F","","","","","","","","","","26/05/2019 11:42:00","DIEGO.MARQUES","1","","","","","","","","",""
"10699","9401","0","Valtra","","","","","","","","","","","","","","","","","","Série A Fruteuro A650F","","","","","","","","","","26/05/2019 11:43:00","DIEGO.MARQUES","1","","","","","","","","",""
"10700","9401","0","Valtra","","","","","","","","","","","","","","","","","","Série A Fruteiro A850F","","","","","","","","","","26/05/2019 11:46:00","DIEGO.MARQUES","1","","","","","","","","",""
"10701","9401","0","Valtra","","","","","","","","","","","","","","","","","","Série A Fruteiro A950F","","","","","","","","","","26/05/2019 11:46:00","DIEGO.MARQUES","1","","","","","","","","",""
"10702","9401","0","Valtra","","","","","","","","","","","","","","","","","","Série A4 Geração II A750E","","","","","","","","","","26/05/2019 11:47:00","DIEGO.MARQUES","1","","","","","","","","",""
"10703","9401","0","Valtra","","","","","","","","","","","","","","","","","","Serie A4 Geração II A550","","","","","","","","","","26/05/2019 11:48:00","DIEGO.MARQUES","1","","","","","","","","",""
"10704","9401","0","Valtra","","","","","","","","","","","","","","","","","","Série A Geração 4 A114 Hitech","","","","","","","","","","26/05/2019 11:51:00","DIEGO.MARQUES","1","","","","","","","","",""
"10705","9401","0","Valtra","","","","","","","","","","","","","","","","","","Série A Geração 4 A124 Hitech","","","","","","","","","","26/05/2019 11:54:00","DIEGO.MARQUES","1","","","","","","","","",""
"10706","9401","0","Valtra","","","","","","","","","","","","","","","","","","Série A Geraçaõ 4 A134 Hitech","","","","","","","","","","26/05/2019 11:55:00","DIEGO.MARQUES","1","","","","","","","","",""
"10707","9401","0","Valtra","","","","","","","","","","","","","","","","","","BM100R PCR","","","","","","","","","","26/05/2019 11:55:00","DIEGO.MARQUES","1","","","","","","","","",""
"10708","9401","0","Valtra","","","","","","","","","","","","","","","","","","A750L","","","","","","","","","","26/05/2019 11:56:00","DIEGO.MARQUES","1","","","","","","","","",""
"10709","9401","0","Valtra","","","","","","","","","","","","","","","","","","T CVT T230","","","","","","","","","","26/05/2019 11:56:00","DIEGO.MARQUES","1","","","","","","","","",""
"10710","9401","0","Valtra","n) >= 250 CV","","","","","","","","","","","","","","","","","CVT T250","","","","","","","","","","26/08/2025 08:31:00","MATHEUS.AUGUSTO","1","","","","","","","","",""
"10550","9401","0","Valtra","","","","","","","","","","","","","","","","","","S353","","","","","","","","","","16/10/2018 17:46:00","DIEGO.MARQUES","1","0","0","0","0","0","0","0","0","0"
"10551","9401","0","Valtra","","","","","","","","","","","","","","","","","","S293","","","","","","","","","","16/10/2018 17:57:00","DIEGO.MARQUES","1","0","0","0","0","0","0","0","0","0"
"10552","9401","0","Valtra","","","","","","","","","","","","","","","","","","MT875E","","","","","","","","","","16/10/2018 17:57:00","DIEGO.MARQUES","1","0","0","0","0","0","0","0","0","0"
"10553","9401","0","Valtra","","","","","","","","","","","","","","","","","","MT775E","","","","","","","","","","16/10/2018 17:58:00","DIEGO.MARQUES","1","0","0","0","0","0","0","0","0","0"
"10554","9401","0","Valtra","","","","","","","","","","","","","","","","","","TR A134","","","","","","","","","","16/10/2018 17:58:00","DIEGO.MARQUES","1","0","0","0","0","0","0","0","0","0"
"10555","9401","0","Valtra","","","","","","","","","","","","","","","","","","TR A124","","","","","","","","","","16/10/2018 17:59:00","DIEGO.MARQUES","1","0","0","0","0","0","0","0","0","0"
"10556","9401","0","Valtra","","","","","","","","","","","","","","","","","","TR A114","","","","","","","","","","16/10/2018 17:59:00","DIEGO.MARQUES","1","0","0","0","0","0","0","0","0","0"
"10557","9401","0","Valtra","","","","","","","","","","","","","","","","","","Série A4 A104","","","","","","","","","","26/05/2019 11:50:00","DIEGO.MARQUES","1","0","0","0","0","0","0","0","0","0"
"10558","9401","0","Valtra","","","","","","","","","","","","","","","","","","Série A4 A94","","","","","","","","","","26/05/2019 11:50:00","DIEGO.MARQUES","1","0","0","0","0","0","0","0","0","0"
"10559","9401","0","Valtra","","","","","","","","","","","","","","","","","","TR A74S","","","","","","","","","","16/10/2018 18:00:00","DIEGO.MARQUES","1","0","0","0","0","0","0","0","0","0"
"10560","9401","0","Valtra","","","","","","","","","","","","","","","","","","TR A84S","","","","","","","","","","16/10/2018 18:00:00","DIEGO.MARQUES","1","0","0","0","0","0","0","0","0","0"
"10561","9401","0","Valtra","","","","","","","","","","","","","","","","","","TR A94S","","","","","","","","","","16/10/2018 18:01:00","DIEGO.MARQUES","1","0","0","0","0","0","0","0","0","0"
"10563","9401","0","Valtra","","","","","","","","","","","","","","","","","","BH185l","","","","","","","","","","31/10/2018 07:49:00","DIEGO.MARQUES","1","","","","","","","","",""
"10711","9401","0","Valtra","","","","","","","","","","","","","","","","","","Hitech BH144","","","","","","","","","","26/05/2019 11:58:00","DIEGO.MARQUES","1","","","","","","","","",""
"10712","9401","0","Valtra","","","","","","","","","","","","","","","","","","Hitech BH154","","","","","","","","","","26/05/2019 11:59:00","DIEGO.MARQUES","1","","","","","","","","",""
"10713","9401","0","Valtra","","","","","","","","","","","","","","","","","","Hitech BH174","","","","","","","","","","26/05/2019 11:59:00","DIEGO.MARQUES","0","","","","","","","","",""
"10714","9401","0","Valtra","","","","","","","","","","","","","","","","","","Hitech BH184","","","","","","","","","","26/05/2019 11:59:00","DIEGO.MARQUES","1","","","","","","","","",""
"10715","9401","0","Valtra","","","","","","","","","","","","","","","","","","Hitech BH194","","","","","","","","","","26/05/2019 11:59:00","DIEGO.MARQUES","1","","","","","","","","",""
"10716","9401","0","Case","","","","","","","","","","","","","","","","","","Magnum 380 CVT","","","","","","","","","","26/05/2019 12:00:00","DIEGO.MARQUES","1","","","","","","","","",""
"10717","9401","0","Case","","","","","","","","","","","","","","","","","","Steiger 470","","","","","","","","","","26/05/2019 12:02:00","DIEGO.MARQUES","1","","","","","","","","",""
"10718","9401","0","Agrale","","","","","","","","","","","","","","","","","","AGR 540","","","","","","","","","","26/05/2019 12:02:00","DIEGO.MARQUES","0","","","","","","","","",""
"10719","9401","0","Solis","","","","","","","","","","","","","","","","","","LS Tech Unit Control","","","","","","","","","","26/05/2019 12:04:00","DIEGO.MARQUES","1","","","","","","","","",""
"10720","9400","1","","","","","","","","","","","","","","","","","","","LS Tractor","","","","","","","","","","26/05/2019 12:06:00","DIEGO.MARQUES","1","0","0","0","0","0","0","0","0","0"
"10721","9400","0","","","","","","","","","","","","","","","","","","","Lamborghini","","","","","","","","","","26/05/2019 12:07:00","DIEGO.MARQUES","1","0","0","0","0","0","0","0","0","0"
"10722","9401","0","LS Tractor","","","","","","","","","","","","","","","","","","Séire Plus","","","","","","","","","","26/05/2019 12:08:00","DIEGO.MARQUES","1","0","0","0","0","0","0","0","0","0"
"10723","9401","0","LS Tractor","","","","","","","","","","","","","","","","","","Série U","","","","","","","","","","26/05/2019 12:08:00","DIEGO.MARQUES","1","0","0","0","0","0","0","0","0","0"
"10724","9401","0","LS Tractor","","","","","","","","","","","","","","","","","","Série R","","","","","","","","","","26/05/2019 12:08:00","DIEGO.MARQUES","1","0","0","0","0","0","0","0","0","0"
"10725","9401","0","LS Tractor","","","","","","","","","","","","","","","","","","Série G","","","","","","","","","","26/05/2019 12:08:00","DIEGO.MARQUES","1","0","0","0","0","0","0","0","0","0"
"10726","9401","0","LS Tractor","","","","","","","","","","","","","","","","","","Série H","","","","","","","","","","26/05/2019 12:08:00","DIEGO.MARQUES","1","0","0","0","0","0","0","0","0","0"
"10727","9401","0","LS Tractor","","","","","","","","","","","","","","","","","","Carregadores Frontais","","","","","","","","","","26/05/2019 12:09:00","DIEGO.MARQUES","1","0","0","0","0","0","0","0","0","0"
"10728","9401","0","LS Tractor","","","","","","","","","","","","","","","","","","LS Planter","","","","","","","","","","26/05/2019 12:09:00","DIEGO.MARQUES","1","0","0","0","0","0","0","0","0","0"
"10729","9401","0","Lamborghini","","","","","","","","","","","","","","","","","","Mach VRT","","","","","","","","","","26/05/2019 12:09:00","DIEGO.MARQUES","1","0","0","0","0","0","0","0","0","0"
"10730","9401","0","Lamborghini","","","","","","","","","","","","","","","","","","Spark VRT","","","","","","","","","","26/05/2019 12:09:00","DIEGO.MARQUES","1","0","0","0","0","0","0","0","0","0"
"10731","9401","0","Lamborghini","","","","","","","","","","","","","","","","","","Spark","","","","","","","","","","26/05/2019 12:10:00","DIEGO.MARQUES","1","0","0","0","0","0","0","0","0","0"
"10732","9401","0","Lamborghini","","","","","","","","","","","","","","","","","","Spark 120-140 VRT","","","","","","","","","","26/05/2019 12:10:00","DIEGO.MARQUES","1","0","0","0","0","0","0","0","0","0"
"10733","9401","0","Lamborghini","","","","","","","","","","","","","","","","","","Spark 120-140","","","","","","","","","","26/05/2019 12:10:00","DIEGO.MARQUES","1","0","0","0","0","0","0","0","0","0"
"10734","9401","0","Lamborghini","","","","","","","","","","","","","","","","","","Strike","","","","","","","","","","26/05/2019 12:10:00","DIEGO.MARQUES","1","0","0","0","0","0","0","0","0","0"
"10735","9401","0","Lamborghini","","","","","","","","","","","","","","","","","","Spire Target","","","","","","","","","","26/05/2019 12:11:00","DIEGO.MARQUES","1","0","0","0","0","0","0","0","0","0"
"10736","9401","0","Lamborghini","","","","","","","","","","","","","","","","","","Crono","","","","","","","","","","26/05/2019 12:11:00","DIEGO.MARQUES","1","0","0","0","0","0","0","0","0","0"
"10737","9401","0","Lamborghini","","","","","","","","","","","","","","","","","","Ego","","","","","","","","","","26/05/2019 12:11:00","DIEGO.MARQUES","1","0","0","0","0","0","0","0","0","0"
"10738","9401","0","Lamborghini","","","","","","","","","","","","","","","","","","Strike TB","","","","","","","","","","26/05/2019 12:11:00","DIEGO.MARQUES","1","0","0","0","0","0","0","0","0","0"
"10739","9401","0","Lamborghini","","","","","","","","","","","","","","","","","","RF.Tren","","","","","","","","","","26/05/2019 12:11:00","DIEGO.MARQUES","1","0","0","0","0","0","0","0","0","0"
"10740","9401","0","Lamborghini","","","","","","","","","","","","","","","","","","Spire F. Target","","","","","","","","","","26/05/2019 12:11:00","DIEGO.MARQUES","1","0","0","0","0","0","0","0","0","0"
"10741","9401","0","Lamborghini","","","","","","","","","","","","","","","","","","Spire F","","","","","","","","","","26/05/2019 12:12:00","DIEGO.MARQUES","1","0","0","0","0","0","0","0","0","0"
"10742","9401","0","Lamborghini","","","","","","","","","","","","","","","","","","Spire S","","","","","","","","","","26/05/2019 12:12:00","DIEGO.MARQUES","1","0","0","0","0","0","0","0","0","0"
"10743","9401","0","Lamborghini","","","","","","","","","","","","","","","","","","Spire V","","","","","","","","","","26/05/2019 12:12:00","DIEGO.MARQUES","1","0","0","0","0","0","0","0","0","0"
"10744","9401","0","Lamborghini","","","","","","","","","","","","","","","","","","Strike CF","","","","","","","","","","26/05/2019 12:12:00","DIEGO.MARQUES","1","0","0","0","0","0","0","0","0","0"
"10745","9401","0","Lamborghini","","","","","","","","","","","","","","","","","","Strike CM","","","","","","","","","","26/05/2019 12:12:00","DIEGO.MARQUES","1","0","0","0","0","0","0","0","0","0"
"10746","9401","0","Lamborghini","","","","","","","","","","","","","","","","","","Strike C","","","","","","","","","","26/05/2019 12:12:00","DIEGO.MARQUES","1","0","0","0","0","0","0","0","0","0"
"10747","9401","0","New Holland","","","","","","","","","","","","","","","","","","Serie 30 7630 MAR-1","","","","","","","","","","26/05/2019 12:13:00","DIEGO.MARQUES","1","0","0","0","0","0","0","0","0","0"
"10748","9401","0","New Holland","","","","","","","","","","","","","","","","","","Serie 30 8030 MAR-1","","","","","","","","","","26/05/2019 12:14:00","DIEGO.MARQUES","1","0","0","0","0","0","0","0","0","0"
"10749","9412","0","New Holland","","","","","","","","","","","","","","","","","","Plataforma Draper","","","","","","","","","","26/05/2019 12:14:00","DIEGO.MARQUES","1","0","0","0","0","0","0","0","0","0"
"10750","9412","0","New Holland","","","","","","","","","","","","","","","","","","Platafora Rigida","","","","","","","","","","26/05/2019 12:16:00","DIEGO.MARQUES","1","0","0","0","0","0","0","0","0","0"
"10751","9412","0","New Holland","","","","","","","","","","","","","","","","","","Plataforma Superflex","","","","","","","","","","26/05/2019 12:16:00","DIEGO.MARQUES","1","0","0","0","0","0","0","0","0","0"
"10752","9412","0","New Holland","","","","","","","","","","","","","","","","","","Plataforma de Milho","","","","","","","","","","26/05/2019 12:16:00","DIEGO.MARQUES","1","0","0","0","0","0","0","0","0","0"
"10753","9411","0","New Holland","","","","","","","","","","","","","","","","","","Defensor 2500","","","","","","","","","","26/05/2019 12:17:00","DIEGO.MARQUES","1","0","0","0","0","0","0","0","0","0"
"10754","9411","0","New Holland","","","","","","","","","","","","","","","","","","Defensor 3500","","","","","","","","","","26/05/2019 12:17:00","DIEGO.MARQUES","1","0","0","0","0","0","0","0","0","0"
"10755","9407","0","New Holland","","","","","","","","","","","","","","","","","","Braud 9060L","","","","","","","","","","26/05/2019 12:17:00","DIEGO.MARQUES","1","0","0","0","0","0","0","0","0","0"
"10756","9407","0","New Holland","","","","","","","","","","","","","","","","","","Braud 9090X Café","","","","","","","","","","26/05/2019 12:18:00","DIEGO.MARQUES","1","0","0","0","0","0","0","0","0","0"
"10757","9405","0","Massey","","","","","","","","","","","","","","","","","","MF 4690","","","","","","","","","","26/05/2019 12:19:00","DIEGO.MARQUES","1","0","0","0","0","0","0","0","0","0"
"10758","9405","0","Massey","","","","","","","","","","","","","","","","","","MF 5690","","","","","","","","","","26/05/2019 12:20:00","DIEGO.MARQUES","1","0","0","0","0","0","0","0","0","0"
"10759","9405","0","Massey","","","","","","","","","","","","","","","","","","MF 9695","","","","","","","","","","26/05/2019 12:20:00","DIEGO.MARQUES","1","0","0","0","0","0","0","0","0","0"
"10760","9405","0","Massey","","","","","","","","","","","","","","","","","","MF 9795","","","","","","","","","","26/05/2019 12:21:00","DIEGO.MARQUES","1","0","0","0","0","0","0","0","0","0"
"10761","9405","0","Massey","","","","","","","","","","","","","","","","","","MF 9895","","","","","","","","","","26/05/2019 12:21:00","DIEGO.MARQUES","1","0","0","0","0","0","0","0","0","0"
"10762","9405","0","Massey","","","","","","","","","","","","","","","","","","MF 3000 Cyclone","","","","","","","","","","26/05/2019 12:21:00","DIEGO.MARQUES","1","0","0","0","0","0","0","0","0","0"
"10763","9405","0","Massey","","","","","","","","","","","","","","","","","","MF 3000 L e M","","","","","","","","","","26/05/2019 12:22:00","DIEGO.MARQUES","1","0","0","0","0","0","0","0","0","0"
"10764","9412","0","Massey","Milho","","","","","","","","","","","","","","","","","MF 3000 Cyclone","","","","","","","","","","26/05/2019 12:22:00","DIEGO.MARQUES","1","0","0","0","0","0","0","0","0","0"
"10765","9412","0","Massey","Milho","","","","","","","","","","","","","","","","","MF 3000 L e M","","","","","","","","","","26/05/2019 12:23:00","DIEGO.MARQUES","1","0","0","0","0","0","0","0","0","0"
"10766","9412","0","Massey","","","","","","","","","","","","","","","","","","MF 250 Dynaflex","","","","","","","","","","26/05/2019 12:23:00","DIEGO.MARQUES","1","0","0","0","0","0","0","0","0","0"
"10767","9412","0","Massey","","","","","","","","","","","","","","","","","","MF 9250","","","","","","","","","","26/05/2019 12:23:00","DIEGO.MARQUES","1","0","0","0","0","0","0","0","0","0"
"10768","9412","0","Massey","","","","","","","","","","","","","","","","","","MF 9255 Draper Dynaflex","","","","","","","","","","26/05/2019 12:24:00","DIEGO.MARQUES","1","0","0","0","0","0","0","0","0","0"
"10769","9412","0","Massey","","","","","","","","","","","","","","","","","","Plataforma Rigida","","","","","","","","","","26/05/2019 12:24:00","DIEGO.MARQUES","1","0","0","0","0","0","0","0","0","0"
"10770","9411","0","Massey","","","","","","","","","","","","","","","","","","MF 9130 Plus","","","","","","","","","","26/05/2019 12:24:00","DIEGO.MARQUES","1","0","0","0","0","0","0","0","0","0"
"10771","9411","0","Massey","","","","","","","","","","","","","","","","","","MF 8125","","","","","","","","","","26/05/2019 12:25:00","DIEGO.MARQUES","1","0","0","0","0","0","0","0","0","0"
"10772","9411","0","Valtra","","","","","","","","","","","","","","","","","","BS3120H Hitech Versão Cana","","","","","","","","","","26/05/2019 12:25:00","DIEGO.MARQUES","1","0","0","0","0","0","0","0","0","0"
"10773","9411","0","Valtra","","","","","","","","","","","","","","","","","","BS3120H Hitech Versão Grãos","","","","","","","","","","26/05/2019 12:26:00","DIEGO.MARQUES","1","0","0","0","0","0","0","0","0","0"
"10774","9411","0","Valtra","","","","","","","","","","","","","","","","","","BS2517H","","","","","","","","","","26/05/2019 12:27:00","DIEGO.MARQUES","1","0","0","0","0","0","0","0","0","0"
"10775","9405","0","Valtra","","","","","","","","","","","","","","","","","","Serie 800 BC 6800","","","","","","","","","","26/05/2019 12:27:00","DIEGO.MARQUES","1","0","0","0","0","0","0","0","0","0"
"10776","9405","0","Valtra","","","","","","","","","","","","","","","","","","Serie 800 BC 7800","","","","","","","","","","26/05/2019 12:28:00","DIEGO.MARQUES","1","0","0","0","0","0","0","0","0","0"
"10777","9405","0","Valtra","","","","","","","","","","","","","","","","","","Serie 800 BC 8800","","","","","","","","","","26/05/2019 12:28:00","DIEGO.MARQUES","1","0","0","0","0","0","0","0","0","0"
"10778","9412","0","Valtra","Milho","","","","","","","","","","","","","","","","","Serie 500 Hichopper","","","","","","","","","","26/05/2019 12:28:00","DIEGO.MARQUES","1","0","0","0","0","0","0","0","0","0"
"10779","9412","0","Valtra","Milho","","","","","","","","","","","","","","","","","Serie 500 L e M","","","","","","","","","","26/05/2019 12:29:00","DIEGO.MARQUES","1","0","0","0","0","0","0","0","0","0"
"10780","9412","0","Valtra","","","","","","","","","","","","","","","","","","Plataforma Flexiveis 600FD","","","","","","","","","","26/05/2019 12:30:00","DIEGO.MARQUES","1","0","0","0","0","0","0","0","0","0"
"10781","9412","0","Valtra","","","","","","","","","","","","","","","","","","Platafroma Hiflex Serie 600F","","","","","","","","","","26/05/2019 12:30:00","DIEGO.MARQUES","1","0","0","0","0","0","0","0","0","0"
"10782","9407","0","Case","","","","","","","","","","","","","","","","","","A8810 - Uma linha","","","","","","","","","","26/05/2019 12:31:00","DIEGO.MARQUES","1","0","0","0","0","0","0","0","0","0"
"10783","9407","0","Case","","","","","","","","","","","","","","","","","","A8810 - Duplo Alternado","","","","","","","","","","26/05/2019 12:31:00","DIEGO.MARQUES","0","0","0","0","0","0","0","0","0","0"
"10784","9407","0","Case","","","","","","","","","","","","","","","","","","Coffee Express 100","","","","","","","","","","26/05/2019 12:31:00","DIEGO.MARQUES","1","0","0","0","0","0","0","0","0","0"
"10785","9407","0","Case","","","","","","","","","","","","","","","","","","Coffee Express 200","","","","","","","","","","26/05/2019 12:32:00","DIEGO.MARQUES","1","0","0","0","0","0","0","0","0","0"
"10786","9407","0","Case","","","","","","","","","","","","","","","","","","Flow 7230","","","","","","","","","","26/05/2019 12:32:00","DIEGO.MARQUES","1","0","0","0","0","0","0","0","0","0"
"10787","9407","0","Case","","","","","","","","","","","","","","","","","","Flow 8230","","","","","","","","","","26/05/2019 12:32:00","DIEGO.MARQUES","1","0","0","0","0","0","0","0","0","0"
"10788","9407","0","Case","","","","","","","","","","","","","","","","","","Flow 9230","","","","","","","","","","26/05/2019 12:32:00","DIEGO.MARQUES","1","0","0","0","0","0","0","0","0","0"
"10789","9407","0","Case","","","","","","","","","","","","","","","","","","Flow 4130","","","","","","","","","","26/05/2019 12:33:00","DIEGO.MARQUES","1","0","0","0","0","0","0","0","0","0"
"10790","9407","0","Case","","","","","","","","","","","","","","","","","","Flow 5130","","","","","","","","","","26/05/2019 12:33:00","DIEGO.MARQUES","1","0","0","0","0","0","0","0","0","0"
"10791","9407","0","Case","","","","","","","","","","","","","","","","","","Flow 6130","","","","","","","","","","26/05/2019 12:33:00","DIEGO.MARQUES","1","0","0","0","0","0","0","0","0","0"
"10792","9407","0","Case","","","","","","","","","","","","","","","","","","Flow 7130","","","","","","","","","","26/05/2019 12:34:00","DIEGO.MARQUES","1","0","0","0","0","0","0","0","0","0"
"10793","9407","0","Case","","","","","","","","","","","","","","","","","","Plataforma 3020","","","","","","","","","","26/05/2019 12:34:00","DIEGO.MARQUES","1","0","0","0","0","0","0","0","0","0"
"10794","9406","0","Case","","","","","","","","","","","","","","","","","","Easy Riser 3200","","","","","","","","","","26/05/2019 12:34:00","DIEGO.MARQUES","1","0","0","0","0","0","0","0","0","0"
"10795","9411","0","Case","","","","","","","","","","","","","","","","","","Patriot 250 Extreme","","","","","","","","","","26/05/2019 12:35:00","DIEGO.MARQUES","1","0","0","0","0","0","0","0","0","0"
"10796","9400","1","","","","","","","","","","","","","","","","","","","Same","","","","","","","","","","26/05/2019 12:35:00","DIEGO.MARQUES","1","0","0","0","0","0","0","0","0","0"
"10797","9401","0","Same","","","","","","","","","","","","","","","","","","Argon 70","","","","","","","","","","26/05/2019 12:37:00","DIEGO.MARQUES","1","0","0","0","0","0","0","0","0","0"
"10798","9401","0","Same","","","","","","","","","","","","","","","","","","Argon 80","","","","","","","","","","26/05/2019 12:37:00","DIEGO.MARQUES","1","0","0","0","0","0","0","0","0","0"
"10799","9401","0","Same","","","","","","","","","","","","","","","","","","Argon 90","","","","","","","","","","26/05/2019 12:37:00","DIEGO.MARQUES","1","0","0","0","0","0","0","0","0","0"
"10800","9401","0","Same","","","","","","","","","","","","","","","","","","Argon 100","","","","","","","","","","26/05/2019 12:37:00","DIEGO.MARQUES","1","0","0","0","0","0","0","0","0","0"
"10801","9401","0","Same","","","","","","","","","","","","","","","","","","Dorado 80","","","","","","","","","","26/05/2019 12:37:00","DIEGO.MARQUES","1","0","0","0","0","0","0","0","0","0"
"10802","9401","0","Same","","","","","","","","","","","","","","","","","","Dorado 90","","","","","","","","","","26/05/2019 12:38:00","DIEGO.MARQUES","1","0","0","0","0","0","0","0","0","0"
"10803","9401","0","Same","","","","","","","","","","","","","","","","","","Dorado 90.4","","","","","","","","","","26/05/2019 12:38:00","DIEGO.MARQUES","1","0","0","0","0","0","0","0","0","0"
"10804","9401","0","Same","","","","","","","","","","","","","","","","","","Dorado 100.4","","","","","","","","","","26/05/2019 12:38:00","DIEGO.MARQUES","1","0","0","0","0","0","0","0","0","0"
"10805","9401","0","Same","","","","","","","","","","","","","","","","","","Virtus J90","","","","","","","","","","26/05/2019 12:38:00","DIEGO.MARQUES","1","0","0","0","0","0","0","0","0","0"
"10806","9401","0","Same","","","","","","","","","","","","","","","","","","Virtus J100","","","","","","","","","","26/05/2019 12:38:00","DIEGO.MARQUES","1","0","0","0","0","0","0","0","0","0"
"10807","9401","0","Same","","","","","","","","","","","","","","","","","","Virtus J110","","","","","","","","","","26/05/2019 12:39:00","DIEGO.MARQUES","1","0","0","0","0","0","0","0","0","0"
"10808","9401","0","Same","","","","","","","","","","","","","","","","","","Virtus J120","","","","","","","","","","26/05/2019 12:39:00","DIEGO.MARQUES","1","0","0","0","0","0","0","0","0","0"
"10809","9401","0","Same","","","","","","","","","","","","","","","","","","Virtus 120","","","","","","","","","","26/05/2019 12:39:00","DIEGO.MARQUES","1","0","0","0","0","0","0","0","0","0"
"10810","9401","0","Same","","","","","","","","","","","","","","","","","","Virtus 130","","","","","","","","","","26/05/2019 12:39:00","DIEGO.MARQUES","1","0","0","0","0","0","0","0","0","0"
"10811","9401","0","Same","","","","","","","","","","","","","","","","","","Virtus 140","","","","","","","","","","26/05/2019 12:39:00","DIEGO.MARQUES","1","0","0","0","0","0","0","0","0","0"
"10812","9401","0","Same","","","","","","","","","","","","","","","","","","Dorado Classic 80","","","","","","","","","","26/05/2019 12:39:00","DIEGO.MARQUES","1","0","0","0","0","0","0","0","0","0"
"10813","9401","0","Same","","","","","","","","","","","","","","","","","","Dorado Classic 90","","","","","","","","","","26/05/2019 12:44:00","DIEGO.MARQUES","1","0","0","0","0","0","0","0","0","0"
"10814","9401","0","Same","","","","","","","","","","","","","","","","","","Dorado Classic 90.4","","","","","","","","","","26/05/2019 12:44:00","DIEGO.MARQUES","1","0","0","0","0","0","0","0","0","0"
"10815","9401","0","Same","","","","","","","","","","","","","","","","","","Explorer 80","","","","","","","","","","26/05/2019 12:44:00","DIEGO.MARQUES","1","0","0","0","0","0","0","0","0","0"
"10816","9401","0","Same","","","","","","","","","","","","","","","","","","Explorer 90","","","","","","","","","","26/05/2019 12:45:00","DIEGO.MARQUES","1","0","0","0","0","0","0","0","0","0"
"10817","9401","0","Same","","","","","","","","","","","","","","","","","","Explorer 90.4","","","","","","","","","","26/05/2019 12:45:00","DIEGO.MARQUES","1","0","0","0","0","0","0","0","0","0"
"10818","9401","0","Same","","","","","","","","","","","","","","","","","","Explorer 100","","","","","","","","","","26/05/2019 12:45:00","DIEGO.MARQUES","1","0","0","0","0","0","0","0","0","0"
"10819","9401","0","Same","","","","","","","","","","","","","","","","","","Explorer 110","","","","","","","","","","26/05/2019 12:45:00","DIEGO.MARQUES","1","0","0","0","0","0","0","0","0","0"
"10820","9401","0","Same","","","","","","","","","","","","","","","","","","Explorer 120","","","","","","","","","","26/05/2019 12:45:00","DIEGO.MARQUES","1","0","0","0","0","0","0","0","0","0"
"10821","9401","0","Same","","","","","","","","","","","","","","","","","","Explorer TB 105","","","","","","","","","","26/05/2019 12:45:00","DIEGO.MARQUES","1","0","0","0","0","0","0","0","0","0"
"10822","9401","0","Same","","","","","","","","","","","","","","","","","","Explorer TB 115","","","","","","","","","","26/05/2019 12:46:00","DIEGO.MARQUES","1","0","0","0","0","0","0","0","0","0"
"10823","9401","0","Same","","","","","","","","","","","","","","","","","","Frutteto CVT 90","","","","","","","","","","26/05/2019 12:46:00","DIEGO.MARQUES","1","0","0","0","0","0","0","0","0","0"
"10824","9401","0","Same","","","","","","","","","","","","","","","","","","Frutteto CVT 90.4","","","","","","","","","","26/05/2019 12:47:00","DIEGO.MARQUES","1","0","0","0","0","0","0","0","0","0"
"10825","9401","0","Same","","","","","","","","","","","","","","","","","","Frutteto CVT 100","","","","","","","","","","26/05/2019 12:47:00","DIEGO.MARQUES","1","0","0","0","0","0","0","0","0","0"
"10826","9401","0","Same","","","","","","","","","","","","","","","","","","Frutteto CVT 105","","","","","","","","","","26/05/2019 12:47:00","DIEGO.MARQUES","1","0","0","0","0","0","0","0","0","0"
"10827","9401","0","Same","","","","","","","","","","","","","","","","","","Frutteto CVT 115","","","","","","","","","","26/05/2019 12:47:00","DIEGO.MARQUES","1","0","0","0","0","0","0","0","0","0"
"10828","9401","0","Same","","","","","","","","","","","","","","","","","","Frutteto S/V Activedrive 80","","","","","","","","","","26/05/2019 12:47:00","DIEGO.MARQUES","1","0","0","0","0","0","0","0","0","0"
"10829","9401","0","Same","","","","","","","","","","","","","","","","","","Frutteto S/V Activedrive 90","","","","","","","","","","26/05/2019 12:48:00","DIEGO.MARQUES","1","0","0","0","0","0","0","0","0","0"
"10830","9401","0","Same","","","","","","","","","","","","","","","","","","Frutteto S/V Activedrive 90.4","","","","","","","","","","26/05/2019 12:48:00","DIEGO.MARQUES","1","0","0","0","0","0","0","0","0","0"
"10831","9401","0","Same","","","","","","","","","","","","","","","","","","Frutteto S/V Activedrive 100","","","","","","","","","","26/05/2019 12:48:00","DIEGO.MARQUES","1","0","0","0","0","0","0","0","0","0"
"10832","9401","0","Same","","","","","","","","","","","","","","","","","","Frutteto S/V Activedrive 105","","","","","","","","","","26/05/2019 12:48:00","DIEGO.MARQUES","1","0","0","0","0","0","0","0","0","0"
"10833","9401","0","Same","","","","","","","","","","","","","","","","","","Frutteto S/V Activedrive 115","","","","","","","","","","26/05/2019 12:48:00","DIEGO.MARQUES","1","0","0","0","0","0","0","0","0","0"
"10834","9401","0","Same","","","","","","","","","","","","","","","","","","Frutteto Natural 70","","","","","","","","","","26/05/2019 12:49:00","DIEGO.MARQUES","1","0","0","0","0","0","0","0","0","0"
"10835","9401","0","Same","","","","","","","","","","","","","","","","","","Frutteto Natural 80","","","","","","","","","","26/05/2019 12:49:00","DIEGO.MARQUES","1","0","0","0","0","0","0","0","0","0"
"10836","9401","0","Same","","","","","","","","","","","","","","","","","","Frutteto Natural 80.4","","","","","","","","","","26/05/2019 12:49:00","DIEGO.MARQUES","1","0","0","0","0","0","0","0","0","0"
"10837","9401","0","Same","","","","","","","","","","","","","","","","","","Frutteto S/V 80","","","","","","","","","","26/05/2019 12:49:00","DIEGO.MARQUES","1","0","0","0","0","0","0","0","0","0"
"10838","9401","0","Same","","","","","","","","","","","","","","","","","","Frutteto S/V 90","","","","","","","","","","26/05/2019 12:50:00","DIEGO.MARQUES","1","0","0","0","0","0","0","0","0","0"
"10839","9401","0","Same","","","","","","","","","","","","","","","","","","Frutteto S/V 90.4","","","","","","","","","","26/05/2019 12:50:00","DIEGO.MARQUES","1","0","0","0","0","0","0","0","0","0"
"10840","9401","0","Same","","","","","","","","","","","","","","","","","","Frutteto S/V 100","","","","","","","","","","26/05/2019 12:50:00","DIEGO.MARQUES","1","0","0","0","0","0","0","0","0","0"
"10841","9401","0","Same","","","","","","","","","","","","","","","","","","Frutteto S/V 105","","","","","","","","","","26/05/2019 12:50:00","DIEGO.MARQUES","1","0","0","0","0","0","0","0","0","0"
"10842","9401","0","Same","","","","","","","","","","","","","","","","","","Frutteto S/V 115","","","","","","","","","","26/05/2019 12:50:00","DIEGO.MARQUES","1","0","0","0","0","0","0","0","0","0"
"10843","9401","0","Same","","","","","","","","","","","","","","","","","","Frutteto 80","","","","","","","","","","26/05/2019 12:51:00","DIEGO.MARQUES","1","0","0","0","0","0","0","0","0","0"
"10844","9401","0","Same","","","","","","","","","","","","","","","","","","Frutteto 90","","","","","","","","","","26/05/2019 12:51:00","DIEGO.MARQUES","1","0","0","0","0","0","0","0","0","0"
"10845","9401","0","Same","","","","","","","","","","","","","","","","","","Frutteto 100","","","","","","","","","","26/05/2019 12:51:00","DIEGO.MARQUES","1","0","0","0","0","0","0","0","0","0"
"10846","9401","0","Same","","","","","","","","","","","","","","","","","","Frutteto 90.4","","","","","","","","","","26/05/2019 12:51:00","DIEGO.MARQUES","1","0","0","0","0","0","0","0","0","0"
"10847","9401","0","Same","","","","","","","","","","","","","","","","","","Frutteto 105","","","","","","","","","","26/05/2019 12:51:00","DIEGO.MARQUES","1","0","0","0","0","0","0","0","0","0"
"10848","9401","0","Same","","","","","","","","","","","","","","","","","","Frutteto 115","","","","","","","","","","26/05/2019 12:51:00","DIEGO.MARQUES","1","0","0","0","0","0","0","0","0","0"
"10849","9401","0","Same","","","","","","","","","","","","","","","","","","Frutteto Classic 80","","","","","","","","","","26/05/2019 12:52:00","DIEGO.MARQUES","1","0","0","0","0","0","0","0","0","0"
"10850","9401","0","Same","","","","","","","","","","","","","","","","","","Frutteto Classic 80.4","","","","","","","","","","26/05/2019 12:52:00","DIEGO.MARQUES","1","0","0","0","0","0","0","0","0","0"
"10851","9401","0","Same","","","","","","","","","","","","","","","","","","Frutteto Classic 90","","","","","","","","","","26/05/2019 12:52:00","DIEGO.MARQUES","1","0","0","0","0","0","0","0","0","0"
"10852","9401","0","Same","","","","","","","","","","","","","","","","","","Frutteto Classic 90.4","","","","","","","","","","26/05/2019 12:52:00","DIEGO.MARQUES","1","0","0","0","0","0","0","0","0","0"
"10853","9401","0","Same","","","","","","","","","","","","","","","","","","Frutteto Classic 100","","","","","","","","","","26/05/2019 12:52:00","DIEGO.MARQUES","1","0","0","0","0","0","0","0","0","0"
"10854","9401","0","Same","","","","","","","","","","","","","","","","","","Frutteto Classic 105","","","","","","","","","","26/05/2019 12:52:00","DIEGO.MARQUES","1","0","0","0","0","0","0","0","0","0"
"10855","9411","0","Stara","","","","","","","","","","","","","","","","","","Gladiador 2300 - Autopropelidos","","","","","","","","","","26/05/2019 12:53:00","DIEGO.MARQUES","1","0","0","0","0","0","0","0","0","0"
"10856","9411","0","Stara","","","","","","","","","","","","","","","","","","Imperador 3.0 - Autopropelidos","","","","","","","","","","26/05/2019 12:53:00","DIEGO.MARQUES","1","0","0","0","0","0","0","0","0","0"
"10857","9411","0","Stara","","","","","","","","","","","","","","","","","","Imperador 3100 - Autopropelidos","","","","","","","","","","26/05/2019 12:54:00","DIEGO.MARQUES","1","0","0","0","0","0","0","0","0","0"
"10858","9411","0","Stara","","","","","","","","","","","","","","","","","","CA 3100 Autopropelidos","","","","","","","","","","26/05/2019 12:54:00","DIEGO.MARQUES","1","0","0","0","0","0","0","0","0","0"
"10859","9411","0","Stara","","","","","","","","","","","","","","","","","","Corisco 700 - Hidráulicos","","","","","","","","","","26/05/2019 12:54:00","DIEGO.MARQUES","1","0","0","0","0","0","0","0","0","0"
"10860","9411","0","Stara","","","","","","","","","","","","","","","","","","Corisco 1200 - Hidráulicos","","","","","","","","","","26/05/2019 12:54:00","DIEGO.MARQUES","1","0","0","0","0","0","0","0","0","0"
"10861","9411","0","Stara","","","","","","","","","","","","","","","","","","Corisco 1500 - Hidráulicos","","","","","","","","","","26/05/2019 12:54:00","DIEGO.MARQUES","1","0","0","0","0","0","0","0","0","0"
"10862","9411","0","Stara","","","","","","","","","","","","","","","","","","Fênix 2000","","","","","","","","","","26/05/2019 12:55:00","DIEGO.MARQUES","1","0","0","0","0","0","0","0","0","0"
"10863","9411","0","Stara","","","","","","","","","","","","","","","","","","Fênix 3000 Arrozeiro","","","","","","","","","","26/05/2019 12:55:00","DIEGO.MARQUES","1","0","0","0","0","0","0","0","0","0"
"10864","9411","0","Stara","","","","","","","","","","","","","","","","","","Fênix 2000 H","","","","","","","","","","26/05/2019 12:55:00","DIEGO.MARQUES","1","0","0","0","0","0","0","0","0","0"
"10865","9411","0","Stara","","","","","","","","","","","","","","","","","","Fênix 2000 F","","","","","","","","","","26/05/2019 12:55:00","DIEGO.MARQUES","1","0","0","0","0","0","0","0","0","0"
"10866","9411","0","Stara","","","","","","","","","","","","","","","","","","Fênix 3000","","","","","","","","","","26/05/2019 12:56:00","DIEGO.MARQUES","1","0","0","0","0","0","0","0","0","0"
"10867","9400","1","SLC","","","","","","","","","","","","","","","","","","Stara","","","","","","","","","","26/05/2019 12:56:00","DIEGO.MARQUES","0","0","0","1","0","0","0","0","0","0"
"10868","9406","0","Stara","","","","","","","","","","","","","","","","","","Absoluta 32 a 44 linhas","","","","","","","","","","26/05/2019 12:56:00","DIEGO.MARQUES","1","0","0","0","0","0","0","0","0","0"
"10869","9406","0","Stara","","","","","","","","","","","","","","","","","","Cinderela","","","","","","","","","","26/05/2019 12:56:00","DIEGO.MARQUES","1","0","0","0","0","0","0","0","0","0"
"10870","9406","0","Stara","","","","","","","","","","","","","","","","","","Estrela","","","","","","","","","","26/05/2019 12:57:00","DIEGO.MARQUES","1","0","0","0","0","0","0","0","0","0"
"10871","9406","0","Stara","","","","","","","","","","","","","","","","","","Princesa","","","","","","","","","","26/05/2019 12:57:00","DIEGO.MARQUES","1","0","0","0","0","0","0","0","0","0"
"10872","9406","0","Stara","","","","","","","","","","","","","","","","","","Victória","","","","","","","","","","26/05/2019 12:57:00","DIEGO.MARQUES","1","0","0","0","0","0","0","0","0","0"
"10873","9406","0","Stara","","","","","","","","","","","","","","","","","","Brava +","","","","","","","","","","26/05/2019 12:57:00","DIEGO.MARQUES","1","0","0","0","0","0","0","0","0","0"
"10874","9412","0","Stara","Milho","","","","","","","","","","","","","","","","","Brava +","","","","","","","","","","26/05/2019 12:57:00","DIEGO.MARQUES","1","0","0","0","0","0","0","0","0","0"
"10876","9401","0","John Deere","","","","","","","","","","","","","","","","","","TR5078E CAB 12x12","","","","","","","","","","15/01/2025 15:01:00","NETO.PRADO","1","","","","","","","","",""
"10877","9401","0","John Deere","","","","","","","","","","","","","","","","","","TR5080E CAB 12x12","","","","","","","","","","15/01/2025 15:18:00","NETO.PRADO","1","","","","","","","","",""
"10880","9400","1","","","","","","","","","","","","","","","","","","","Bertanha","","","","","","","","","","04/06/2019 08:38:00","DIEGO.MARQUES","0","0","0","0","0","0","0","0","1","0"
"10890","9411","0","Jacto","","","","","","","","","","","","","","","","","","JT 2530","","","","","","","","","","18/06/2019 10:09:00","DIEGO.MARQUES","1","","","","","","","","",""
"10893","9400","0","","","","","","","","","","","","","","","","","","","New leader","","","","","","","","","","26/06/2019 15:43:00","DIEGO.MARQUES","0","0","0","0","0","0","0","0","1","0"
"10897","9406","0","John Deere","","","","","","","","","","","","","","","","","","PL 2117-17L","Plantadeira John Deere Serie 2100 DE","","","","","","","","","06/03/2025 08:34:00","NETO.PRADO","1","","","","","","","","",""
"10898","9406","0","John Deere","","","","","","","","","","","","","","","","","","PL 2113-12L","Plantadeira John Deere Serie 2100 DE 9","","","","","","","","","06/03/2025 08:31:00","NETO.PRADO","1","","","","","","","","",""
"10899","9401","0","John Deere","d) de 70 a 79 CV","","","","","","","","","","","","","","","","","TR5070E CAB 12x12","","","","","","","","","","06/03/2025 08:58:00","NETO.PRADO","1","","","","","","","","",""
"10900","9401","0","John Deere","d) de 70 a 79 CV","","","","","","","","","","","","","","","","","TR5070E CAB 9x3","","","","","","","","","","06/03/2025 08:58:00","NETO.PRADO","1","","","","","","","","",""
"10903","8","0","","","","","","","","","","","","","","","","","","","RETAIL","PNW0034","","","","","","","","","05/07/2019 12:12:00","DIEGO.MARQUES","","","","","","","","","",""
"10904","8","0","","","","","","","","","","","","","","","","","","","RETAIL","PCQ0064","","","","","","","","","05/07/2019 13:26:00","DIEGO.MARQUES","","","","","","","","","",""
"10905","8","0","","","","","","","","","","","","","","","","","","","RETAIL","PCQ0063","","","","","","","","","05/07/2019 13:27:00","DIEGO.MARQUES","","","","","","","","","",""
"10906","8","0","","","","","","","","","","","","","","","","","","","RETAIL","PNW0032","","","","","","","","","05/07/2019 13:27:00","DIEGO.MARQUES","","","","","","","","","",""
"10907","8","0","","","","","","","","","","","","","","","","","","","RETAIL","PBM0052","","","","","","","","","05/07/2019 13:28:00","DIEGO.MARQUES","","","","","","","","","",""
"10908","8","0","","","","","","","","","","","","","","","","","","","RETAIL","PCQ0061","","","","","","","","","05/07/2019 13:38:00","DIEGO.MARQUES","","","","","","","","","",""
"10909","8","0","","","","","","","","","","","","","","","","","","","RETAIL","PBM0051","","","","","","","","","05/07/2019 13:38:00","DIEGO.MARQUES","","","","","","","","","",""
"10910","8","0","","","","","","","","","","","","","","","","","","","RETAIL","PBM0049","","","","","","","","","05/07/2019 13:44:00","DIEGO.MARQUES","","","","","","","","","",""
"10911","8","0","","","","","","","","","","","","","","","","","","","RETAIL","PCQ0059","","","","","","","","","05/07/2019 13:47:00","DIEGO.MARQUES","","","","","","","","","",""
"10912","8","0","","","","","","","","","","","","","","","","","","","RETAIL","PNW0028","","","","","","","","","05/07/2019 13:48:00","DIEGO.MARQUES","","","","","","","","","",""
"10913","8","0","","","","","","","","","","","","","","","","","","","RETAIL","PBM0038","","","","","","","","","05/07/2019 13:48:00","DIEGO.MARQUES","","","","","","","","","",""
"11095","9","0","","","","","","","","","","","","","","","","","","","PCQ0074","","","","","","","","","","21/01/2020 16:39:00","DIEGO.MARQUES","0","","","","","","","","",""
"11096","9401","0","John Deere","","","","","","","","","","","","","","","","","","TR5078E CAB 9x3","","","","","","","","","","22/01/2020 10:13:00","DIEGO.MARQUES","1","","","","","","","","",""
"11099","9401","0","New Holland","","","","","","","","","","","","","","","","","","TL5","","","","","","","","","","03/02/2020 08:32:00","DIEGO.MARQUES","1","","","","","","","","",""
"11101","9400","1","","","","","","","","","","","","","","","","","","","SWZ","","","","","","","","","","04/02/2020 12:16:00","DIEGO.MARQUES","0","0","0","0","0","0","0","0","1","0"
"11108","9413","0","","","","","","","","","","","","","","","","","","","Itaeté","","","","","","","","","","12/02/2020 13:56:00","DIEGO.MARQUES","0","0","0","0","0","0","0","0","0","0"
"11112","9407","0","Case","","","","","","","","","","","","","","","","","","CH A7700","","","","","","","","","","04/03/2020 10:35:00","DIEGO.MARQUES","1","","","","","","","","",""
"11115","9413","0","","","","","","","","","","","","","","","","","","","Igarape","","","","","","","","","","13/03/2020 09:55:00","DIEGO.MARQUES","","","","","","","","","",""
"11116","9412","0","Massey","","","","","","","","","","","","","","","","","","PC510","","","","","","","","","","13/03/2020 14:04:00","GABRIEL.PILO","1","","","","","","","","",""
"11118","9401","0","Landini","","","","","","","","","","","","","","","","","","REX 80","","","","","","","","","","18/03/2020 08:12:00","DIEGO.MARQUES","1","","","","","","","","",""
"11120","9401","0","LS Arabica","","","","","","","","","","","","","","","","","","R60","","","","","","","","","","18/03/2020 14:52:00","DIEGO.MARQUES","1","","","","","","","","",""
"11121","9401","0","Massey","","","","","","","","","","","","","","","","","","MF7390","","","","","","","","","","20/03/2020 09:25:00","DIEGO.MARQUES","1","","","","","","","","",""
"11122","9401","0","New Holland","","","","","","","","","","","","","","","","","","TL5.80","","","","","","","","","","23/03/2020 16:11:00","DIEGO.MARQUES","1","","","","","","","","",""
"11123","9401","0","New Holland","","","","","","","","","","","","","","","","","","TL5.90","","","","","","","","","","24/03/2020 14:19:00","DIEGO.MARQUES","1","","","","","","","","",""
"11125","9401","0","Massey","","","","","","","","","","","","","","","","","","MF3306","","","","","","","","","","01/04/2020 17:30:00","DIEGO.MARQUES","1","","","","","","","","",""
"11128","9401","0","Massey","","","","","","","","","","","","","","","","","","Trator Massey Ferguson Mod. 6360/4","","","","","","","","","","06/04/2020 08:24:00","GABRIEL.PILO","1","","","","","","","","",""
"11168","9401","0","John Deere","","","","","","","","","","","","","","","","","","TR6170M","","","","","","","","","","06/03/2025 09:08:00","NETO.PRADO","1","0","","","","","","","",""
"11169","9401","0","John Deere","","","","","","","","","","","","","","","","","","TR6190M DUAL","","","","","","","","","","06/03/2025 09:09:00","NETO.PRADO","1","0","","","","","","","",""
"11170","9401","0","John Deere","","","","","","","","","","","","","","","","","","TR6210M","","","","","","","","","","06/03/2025 09:09:00","NETO.PRADO","1","0","","","","","","","",""
"11172","9400","0","","","","","","","","","","","","","","","","","","","Menta Maquinas","","","","","","","","","","17/06/2020 17:22:00","GABRIEL.PILO","0","0","0","0","0","0","0","0","1","0"
"11180","9400","1","","","","","","","","","","","","","","","","","","","Siltomac","","","","","","","","","","02/07/2020 17:22:00","GABRIEL.PILO","0","0","0","0","0","0","0","0","1","0"
"11182","9401","0","VALMET","","","","","","","","","","","","","","","","","","68","","","","","","","","","","03/07/2020 08:29:00","GABRIEL.PILO","1","0","","","","","","","",""
"11194","9411","0","PLA","","","","","","","","","","","","","","","","","","Pulverizador Autopropelido pla 125J","","","","","","","","","","10/09/2025 08:29:00","MATHEUS.AUGUSTO","0","0","","","","","","","",""
"11197","9400","1","","","","","","","","","","","","","","","","","","","Palini","","","","","","","","","","08/08/2020 10:14:00","DIEGO.MARQUES","0","0","0","0","0","0","0","0","1","0"
"11200","9404","0","Facchini","","","","","","","","","","","","","","","","","","CARRETA AGRICOLA SILAGEM","CARRETA","","","","","","","","","15/06/2026 16:03:00","RICARDO.ANTONIO","1","0","","","","","","","",""
"372166","28","0","","","","","","","","","","","","","","","","","","","ADRIEL.ALMEIDA","","","","","","","","","","29/04/2025 17:21:03","V:NICOLAS","","","","","","","","","",""
"372167","28","0","","","","","","","","","","","","","","","","","","","ALBERTH.FIGUEREDO","","","","","","","","","","29/04/2025 17:21:03","V:NICOLAS","","","","","","","","","",""
"372168","28","0","","","","","","","","","","","","","","","","","","","ALDIERES.BRITO","","","","","","","","","","29/04/2025 17:21:03","V:NICOLAS","","","","","","","","","",""
"372169","28","0","","","","","","","","","","","","","","","","","","","ALISSON.ARAUJO","","","","","","","","","","29/04/2025 17:21:03","V:NICOLAS","","","","","","","","","",""
"372170","28","0","","","","","","","","","","","","","","","","","","","ALVARO.ZANGHETTIN","","","","","","","","","","29/04/2025 17:21:03","V:NICOLAS","","","","","","","","","",""
"372171","28","0","","","","","","","","","","","","","","","","","","","AMANDA ROSSI","","","","","","","","","","29/04/2025 17:21:03","V:NICOLAS","","","","","","","","","",""
"372172","28","0","","","","","","","","","","","","","","","","","","","ANNE FERREIRA","","","","","","","","","","29/04/2025 17:21:03","V:NICOLAS","","","","","","","","","",""
"372173","28","0","","","","","","","","","","","","","","","","","","","ANTONIO.AGUILAR","","","","","","","","","","29/04/2025 17:21:03","V:NICOLAS","","","","","","","","","",""
"372174","28","0","","","","","","","","","","","","","","","","","","","ANTONIO.NETTO","","","","","","","","","","29/04/2025 17:21:03","V:NICOLAS","","","","","","","","","",""
"372175","28","0","","","","","","","","","","","","","","","","","","","AUGUSTO.CHIMELO","","","","","","","","","","29/04/2025 17:21:03","V:NICOLAS","","","","","","","","","",""
"372176","28","0","","","","","","","","","","","","","","","","","","","BEATRIZ.MARINHO","","","","","","","","","","29/04/2025 17:21:03","V:NICOLAS","","","","","","","","","",""
"372177","28","0","","","","","","","","","","","","","","","","","","","BRT01","","","","","","","","","","29/04/2025 17:21:03","V:NICOLAS","","","","","","","","","",""
"372178","28","0","","","","","","","","","","","","","","","","","","","BRUNA.RODRIGUES","","","","","","","","","","29/04/2025 17:21:03","V:NICOLAS","","","","","","","","","",""
"372179","28","0","","","","","","","","","","","","","","","","","","","BRUNO.FONSECA","","","","","","","","","","29/04/2025 17:21:03","V:NICOLAS","","","","","","","","","",""
"372180","28","0","","","","","","","","","","","","","","","","","","","BRUNO.FRANCIS","","","","","","","","","","29/04/2025 17:21:03","V:NICOLAS","","","","","","","","","",""
"372181","28","0","","","","","","","","","","","","","","","","","","","BRUNO.TIMOTIO","","","","","","","","","","29/04/2025 17:21:03","V:NICOLAS","","","","","","","","","",""
"372182","28","0","","","","","","","","","","","","","","","","","","","CAMILA.ARAUJO","","","","","","","","","","29/04/2025 17:21:03","V:NICOLAS","","","","","","","","","",""
"372183","28","0","","","","","","","","","","","","","","","","","","","CARLOS EDUARDO","","","","","","","","","","29/04/2025 17:21:03","V:NICOLAS","","","","","","","","","",""
"372184","28","0","","","","","","","","","","","","","","","","","","","CARLOS.ASSUMPÇÃO","","","","","","","","","","29/04/2025 17:21:03","V:NICOLAS","","","","","","","","","",""
"372185","28","0","","","","","","","","","","","","","","","","","","","CARLOS.CELESTINO","","","","","","","","","","29/04/2025 17:21:03","V:NICOLAS","","","","","","","","","",""
"372186","28","0","","","","","","","","","","","","","","","","","","","CARLOS.SILVA","","","","","","","","","","29/04/2025 17:21:03","V:NICOLAS","","","","","","","","","",""
"372187","28","0","","","","","","","","","","","","","","","","","","","CRISTIAN.LINCK","","","","","","","","","","29/04/2025 17:21:03","V:NICOLAS","","","","","","","","","",""
"372188","28","0","","","","","","","","","","","","","","","","","","","CRISTIANO.SILVEIRA","","","","","","","","","","29/04/2025 17:21:03","V:NICOLAS","","","","","","","","","",""
"372189","28","0","","","","","","","","","","","","","","","","","","","DAIR.GANDINI","","","","","","","","","","29/04/2025 17:21:03","V:NICOLAS","","","","","","","","","",""
"372190","28","0","","","","","","","","","","","","","","","","","","","DANI.SILVA","","","","","","","","","","29/04/2025 17:21:03","V:NICOLAS","","","","","","","","","",""
"372191","28","0","","","","","","","","","","","","","","","","","","","DANIELA.SENA","","","","","","","","","","29/04/2025 17:21:03","V:NICOLAS","","","","","","","","","",""
"372192","28","0","","","","","","","","","","","","","","","","","","","DIEGO.FONSECA","","","","","","","","","","29/04/2025 17:21:03","V:NICOLAS","","","","","","","","","",""
"372193","28","0","","","","","","","","","","","","","","","","","","","EDER ARAUJO","","","","","","","","","","29/04/2025 17:21:03","V:NICOLAS","","","","","","","","","",""
"372194","28","0","","","","","","","","","","","","","","","","","","","EDER.DEROIDE","","","","","","","","","","29/04/2025 17:21:03","V:NICOLAS","","","","","","","","","",""
"372195","28","0","","","","","","","","","","","","","","","","","","","EDUARDO.ANSELMI","","","","","","","","","","29/04/2025 17:21:03","V:NICOLAS","","","","","","","","","",""
"372196","28","0","","","","","","","","","","","","","","","","","","","EDUARDO.PRADO","","","","","","","","","","29/04/2025 17:21:03","V:NICOLAS","","","","","","","","","",""
"372197","28","0","","","","","","","","","","","","","","","","","","","EDUARDO.SANTANA","","","","","","","","","","29/04/2025 17:21:03","V:NICOLAS","","","","","","","","","",""
"372198","28","0","","","","","","","","","","","","","","","","","","","ELCIO.JUNIOR","","","","","","","","","","29/04/2025 17:21:03","V:NICOLAS","","","","","","","","","",""
"372199","28","0","","","","","","","","","","","","","","","","","","","ELDER.LAURICIO","","","","","","","","","","29/04/2025 17:21:03","V:NICOLAS","","","","","","","","","",""
"372200","28","0","","","","","","","","","","","","","","","","","","","ELIAS.SILVA","","","","","","","","","","29/04/2025 17:21:03","V:NICOLAS","","","","","","","","","",""
"372201","28","0","","","","","","","","","","","","","","","","","","","EM ABERTO JALES","","","","","","","","","","29/04/2025 17:21:03","V:NICOLAS","","","","","","","","","",""
"372202","28","0","","","","","","","","","","","","","","","","","","","EM ABERTO TUPA","","","","","","","","","","29/04/2025 17:21:03","V:NICOLAS","","","","","","","","","",""
"372203","28","0","","","","","","","","","","","","","","","","","","","EM ABERTO VOTUPORANG","","","","","","","","","","29/04/2025 17:21:03","V:NICOLAS","","","","","","","","","",""
"372204","28","0","","","","","","","","","","","","","","","","","","","EM_ABERTO","","","","","","","","","","29/04/2025 17:21:03","V:NICOLAS","","","","","","","","","",""
"372205","28","0","","","","","","","","","","","","","","","","","","","ERASTO.FERNADES","","","","","","","","","","29/04/2025 17:21:03","V:NICOLAS","","","","","","","","","",""
"372206","28","0","","","","","","","","","","","","","","","","","","","EVERTON PEREIRA","","","","","","","","","","29/04/2025 17:21:03","V:NICOLAS","","","","","","","","","",""
"372207","28","0","","","","","","","","","","","","","","","","","","","FABIO.CARLOS","","","","","","","","","","29/04/2025 17:21:03","V:NICOLAS","","","","","","","","","",""
"372208","28","0","","","","","","","","","","","","","","","","","","","FABIO.LUCILIO","","","","","","","","","","29/04/2025 17:21:03","V:NICOLAS","","","","","","","","","",""
"372209","28","0","","","","","","","","","","","","","","","","","","","FELIPE.MARQUES","","","","","","","","","","29/04/2025 17:21:03","V:NICOLAS","","","","","","","","","",""
"372210","28","0","","","","","","","","","","","","","","","","","","","FERNANDO.BERTIN","","","","","","","","","","29/04/2025 17:21:03","V:NICOLAS","","","","","","","","","",""
"372211","28","0","","","","","","","","","","","","","","","","","","","FERNANDO.SANTOS","","","","","","","","","","29/04/2025 17:21:03","V:NICOLAS","","","","","","","","","",""
"372212","28","0","","","","","","","","","","","","","","","","","","","FILIPE RODRIGUES","","","","","","","","","","29/04/2025 17:21:03","V:NICOLAS","","","","","","","","","",""
"372213","28","0","","","","","","","","","","","","","","","","","","","FORA_REG_COL","","","","","","","","","","29/04/2025 17:21:03","V:NICOLAS","","","","","","","","","",""
"372214","28","0","","","","","","","","","","","","","","","","","","","GABRIEL.FERREIRA","","","","","","","","","","29/04/2025 17:21:03","V:NICOLAS","","","","","","","","","",""
"372215","28","0","","","","","","","","","","","","","","","","","","","GESTORES","","","","","","","","","","29/04/2025 17:21:03","V:NICOLAS","","","","","","","","","",""
"372216","28","0","","","","","","","","","","","","","","","","","","","GIOVANI.DARAGONE","","","","","","","","","","29/04/2025 17:21:03","V:NICOLAS","","","","","","","","","",""
"372217","28","0","","","","","","","","","","","","","","","","","","","GUILHERME RIBEIRO","","","","","","","","","","29/04/2025 17:21:03","V:NICOLAS","","","","","","","","","",""
"372218","28","0","","","","","","","","","","","","","","","","","","","GUILHERME SOUZA","","","","","","","","","","29/04/2025 17:21:03","V:NICOLAS","","","","","","","","","",""
"372219","28","0","","","","","","","","","","","","","","","","","","","GUILHERME.SANTOS","","","","","","","","","","29/04/2025 17:21:03","V:NICOLAS","","","","","","","","","",""
"372220","28","0","","","","","","","","","","","","","","","","","","","GUSTAVO STIVANATTO","","","","","","","","","","29/04/2025 17:21:03","V:NICOLAS","","","","","","","","","",""
"372221","28","0","","","","","","","","","","","","","","","","","","","GUSTAVO.SISDELLI","","","","","","","","","","29/04/2025 17:21:03","V:NICOLAS","","","","","","","","","",""
"372222","28","0","","","","","","","","","","","","","","","","","","","HEITOR.MARTINEZ","","","","","","","","","","29/04/2025 17:21:03","V:NICOLAS","","","","","","","","","",""
"372223","28","0","","","","","","","","","","","","","","","","","","","HELENA.FIGUEIREDO","","","","","","","","","","29/04/2025 17:21:03","V:NICOLAS","","","","","","","","","",""
"372224","28","0","","","","","","","","","","","","","","","","","","","HOMERO.DAMASCENO","","","","","","","","","","29/04/2025 17:21:03","V:NICOLAS","","","","","","","","","",""
"372225","28","0","","","","","","","","","","","","","","","","","","","IGOR.GONÇALVES","","","","","","","","","","29/04/2025 17:21:03","V:NICOLAS","","","","","","","","","",""
"372226","28","0","","","","","","","","","","","","","","","","","","","IGOR.JAQUINTO","","","","","","","","","","29/04/2025 17:21:03","V:NICOLAS","","","","","","","","","",""
"372227","28","0","","","","","","","","","","","","","","","","","","","IGOR.MODESTO","","","","","","","","","","29/04/2025 17:21:03","V:NICOLAS","","","","","","","","","",""
"372228","28","0","","","","","","","","","","","","","","","","","","","INT. MERCADO","","","","","","","","","","29/04/2025 17:21:03","V:NICOLAS","","","","","","","","","",""
"372229","28","0","","","","","","","","","","","","","","","","","","","ISMAEL.FERREIRA","","","","","","","","","","29/04/2025 17:21:03","V:NICOLAS","","","","","","","","","",""
"372230","28","0","","","","","","","","","","","","","","","","","","","IVIA.VIEIRA","","","","","","","","","","29/04/2025 17:21:03","V:NICOLAS","","","","","","","","","",""
"372231","28","0","","","","","","","","","","","","","","","","","","","JOAO PERUSSI","","","","","","","","","","29/04/2025 17:21:03","V:NICOLAS","","","","","","","","","",""
"372232","28","0","","","","","","","","","","","","","","","","","","","JOAO SOUZA","","","","","","","","","","29/04/2025 17:21:03","V:NICOLAS","","","","","","","","","",""
"372233","28","0","","","","","","","","","","","","","","","","","","","JOAO.BOSINI","","","","","","","","","","29/04/2025 17:21:03","V:NICOLAS","","","","","","","","","",""
"372234","28","0","","","","","","","","","","","","","","","","","","","JOAO.FILHO","","","","","","","","","","29/04/2025 17:21:03","V:NICOLAS","","","","","","","","","",""
"372235","28","0","","","","","","","","","","","","","","","","","","","JOAO.GONCALVES","","","","","","","","","","29/04/2025 17:21:03","V:NICOLAS","","","","","","","","","",""
"372236","28","0","","","","","","","","","","","","","","","","","","","JOAO.JUNIOR","","","","","","","","","","29/04/2025 17:21:03","V:NICOLAS","","","","","","","","","",""
"372237","28","0","","","","","","","","","","","","","","","","","","","JOAO.MENDES","","","","","","","","","","29/04/2025 17:21:03","V:NICOLAS","","","","","","","","","",""
"372238","28","0","","","","","","","","","","","","","","","","","","","JORGE.JUNIOR","","","","","","","","","","29/04/2025 17:21:03","V:NICOLAS","","","","","","","","","",""
"372239","28","0","","","","","","","","","","","","","","","","","","","JOSE.JUNIOR","","","","","","","","","","29/04/2025 17:21:03","V:NICOLAS","","","","","","","","","",""
"372240","28","0","","","","","","","","","","","","","","","","","","","JOSE.RUFINO","","","","","","","","","","29/04/2025 17:21:03","V:NICOLAS","","","","","","","","","",""
"372241","28","0","","","","","","","","","","","","","","","","","","","JUAREZ.JUNIOR","","","","","","","","","","29/04/2025 17:21:03","V:NICOLAS","","","","","","","","","",""
"372242","28","0","","","","","","","","","","","","","","","","","","","JULIA.COSTA","","","","","","","","","","29/04/2025 17:21:03","V:NICOLAS","","","","","","","","","",""
"372243","28","0","","","","","","","","","","","","","","","","","","","JULIO VILLA","","","","","","","","","","29/04/2025 17:21:03","V:NICOLAS","","","","","","","","","",""
"372244","28","0","","","","","","","","","","","","","","","","","","","JULIO.AMICI","","","","","","","","","","29/04/2025 17:21:03","V:NICOLAS","","","","","","","","","",""
"372245","28","0","","","","","","","","","","","","","","","","","","","KELVIN.IRANO","","","","","","","","","","29/04/2025 17:21:03","V:NICOLAS","","","","","","","","","",""
"372246","28","0","","","","","","","","","","","","","","","","","","","LALESCA.TABORDA","","","","","","","","","","29/04/2025 17:21:03","V:NICOLAS","","","","","","","","","",""
"372247","28","0","","","","","","","","","","","","","","","","","","","LARISSA.MARQUES","","","","","","","","","","29/04/2025 17:21:03","V:NICOLAS","","","","","","","","","",""
"372248","28","0","","","","","","","","","","","","","","","","","","","LAYNE.SOUZA","","","","","","","","","","29/04/2025 17:21:03","V:NICOLAS","","","","","","","","","",""
"372249","28","0","","","","","","","","","","","","","","","","","","","LEANDRO.RESENDE","","","","","","","","","","29/04/2025 17:21:03","V:NICOLAS","","","","","","","","","",""
"372250","28","0","","","","","","","","","","","","","","","","","","","LEANDRO.ROMERO","","","","","","","","","","29/04/2025 17:21:03","V:NICOLAS","","","","","","","","","",""
"372251","28","0","","","","","","","","","","","","","","","","","","","LEONARDO.FERNANDES","","","","","","","","","","29/04/2025 17:21:03","V:NICOLAS","","","","","","","","","",""
"372252","28","0","","","","","","","","","","","","","","","","","","","LINEKER.PIVETA","","","","","","","","","","29/04/2025 17:21:03","V:NICOLAS","","","","","","","","","",""
"372253","28","0","","","","","","","","","","","","","","","","","","","LIVIA.SILVA","","","","","","","","","","29/04/2025 17:21:03","V:NICOLAS","","","","","","","","","",""
"372254","28","0","","","","","","","","","","","","","","","","","","","LUAN.MORI","","","","","","","","","","29/04/2025 17:21:03","V:NICOLAS","","","","","","","","","",""
"372255","28","0","","","","","","","","","","","","","","","","","","","LUCAS FAGUNDES","","","","","","","","","","29/04/2025 17:21:03","V:NICOLAS","","","","","","","","","",""
"372256","28","0","","","","","","","","","","","","","","","","","","","LUCAS KFOURI","","","","","","","","","","29/04/2025 17:21:03","V:NICOLAS","","","","","","","","","",""
"372257","28","0","","","","","","","","","","","","","","","","","","","LUCAS.ALMEIDA","","","","","","","","","","29/04/2025 17:21:03","V:NICOLAS","","","","","","","","","",""
"372258","28","0","","","","","","","","","","","","","","","","","","","LUCAS.BELINI","","","","","","","","","","29/04/2025 17:21:03","V:NICOLAS","","","","","","","","","",""
"372259","28","0","","","","","","","","","","","","","","","","","","","LUCAS.FERNANDO","","","","","","","","","","29/04/2025 17:21:03","V:NICOLAS","","","","","","","","","",""
"372260","28","0","","","","","","","","","","","","","","","","","","","LUCAS.HSOARES","","","","","","","","","","29/04/2025 17:21:03","V:NICOLAS","","","","","","","","","",""
"372261","28","0","","","","","","","","","","","","","","","","","","","LUCAS.SOARES","","","","","","","","","","29/04/2025 17:21:03","V:NICOLAS","","","","","","","","","",""
"372262","28","0","","","","","","","","","","","","","","","","","","","LUCAS.SOUZA","","","","","","","","","","29/04/2025 17:21:03","V:NICOLAS","","","","","","","","","",""
"372263","28","0","","","","","","","","","","","","","","","","","","","LUIS.LUGLI","","","","","","","","","","29/04/2025 17:21:03","V:NICOLAS","","","","","","","","","",""
"372264","28","0","","","","","","","","","","","","","","","","","","","LUIZ.CONTIERO","","","","","","","","","","29/04/2025 17:21:03","V:NICOLAS","","","","","","","","","",""
"372265","28","0","","","","","","","","","","","","","","","","","","","LUIZ.FERREIRA","","","","","","","","","","29/04/2025 17:21:03","V:NICOLAS","","","","","","","","","",""
"372266","28","0","","","","","","","","","","","","","","","","","","","LUIZ.FURTADO","","","","","","","","","","29/04/2025 17:21:03","V:NICOLAS","","","","","","","","","",""
"372267","28","0","","","","","","","","","","","","","","","","","","","LUIZ.JUNIOR","","","","","","","","","","29/04/2025 17:21:03","V:NICOLAS","","","","","","","","","",""
"372268","28","0","","","","","","","","","","","","","","","","","","","MAICON.FIGUEIRA","","","","","","","","","","29/04/2025 17:21:03","V:NICOLAS","","","","","","","","","",""
"372269","28","0","","","","","","","","","","","","","","","","","","","MARCELO.JUNIOR","","","","","","","","","","29/04/2025 17:21:03","V:NICOLAS","","","","","","","","","",""
"372270","28","0","","","","","","","","","","","","","","","","","","","MARCIO.FONSECA","","","","","","","","","","29/04/2025 17:21:03","V:NICOLAS","","","","","","","","","",""
"372271","28","0","","","","","","","","","","","","","","","","","","","MARCOS.LIMA","","","","","","","","","","29/04/2025 17:21:03","V:NICOLAS","","","","","","","","","",""
"372272","28","0","","","","","","","","","","","","","","","","","","","MARCOS.WILLIAN","","","","","","","","","","29/04/2025 17:21:03","V:NICOLAS","","","","","","","","","",""
"372273","28","0","","","","","","","","","","","","","","","","","","","MATEUS SANTOS","","","","","","","","","","29/04/2025 17:21:03","V:NICOLAS","","","","","","","","","",""
"372274","28","0","","","","","","","","","","","","","","","","","","","MATEUS.ANDRIANI","","","","","","","","","","29/04/2025 17:21:03","V:NICOLAS","","","","","","","","","",""
"372275","28","0","","","","","","","","","","","","","","","","","","","MATHEUS APP","","","","","","","","","","29/04/2025 17:21:03","V:NICOLAS","","","","","","","","","",""
"372276","28","0","","","","","","","","","","","","","","","","","","","MATHEUS.AUGUSTO","","","","","","","","","","29/04/2025 17:21:03","V:NICOLAS","","","","","","","","","",""
"372277","28","0","","","","","","","","","","","","","","","","","","","MATHEUS.LAZARETTI","","","","","","","","","","29/04/2025 17:21:03","V:NICOLAS","","","","","","","","","",""
"372278","28","0","","","","","","","","","","","","","","","","","","","MICHEL.KOMASTI","","","","","","","","","","29/04/2025 17:21:03","V:NICOLAS","","","","","","","","","",""
"372279","28","0","","","","","","","","","","","","","","","","","","","MURILO.PALLAMIN","","","","","","","","","","29/04/2025 17:21:03","V:NICOLAS","","","","","","","","","",""
"372280","28","0","","","","","","","","","","","","","","","","","","","MURILO.VIEIRA","","","","","","","","","","29/04/2025 17:21:03","V:NICOLAS","","","","","","","","","",""
"372281","28","0","","","","","","","","","","","","","","","","","","","NETO TESTE APP","","","","","","","","","","29/04/2025 17:21:03","V:NICOLAS","","","","","","","","","",""
"372282","28","0","","","","","","","","","","","","","","","","","","","NETO.APP","","","","","","","","","","29/04/2025 17:21:03","V:NICOLAS","","","","","","","","","",""
"372283","28","0","","","","","","","","","","","","","","","","","","","NETO.PRADO","","","","","","","","","","29/04/2025 17:21:03","V:NICOLAS","","","","","","","","","",""
"372284","28","0","","","","","","","","","","","","","","","","","","","NOVOS.NEGOCIOS","","","","","","","","","","29/04/2025 17:21:03","V:NICOLAS","","","","","","","","","",""
"372285","28","0","","","","","","","","","","","","","","","","","","","OTAVIO.PERINA","","","","","","","","","","29/04/2025 17:21:03","V:NICOLAS","","","","","","","","","",""
"372286","28","0","","","","","","","","","","","","","","","","","","","RAFAEL ALVES","","","","","","","","","","29/04/2025 17:21:03","V:NICOLAS","","","","","","","","","",""
"372287","28","0","","","","","","","","","","","","","","","","","","","RAFAEL.FELIPE","","","","","","","","","","29/04/2025 17:21:03","V:NICOLAS","","","","","","","","","",""
"372288","28","0","","","","","","","","","","","","","","","","","","","RAFAEL.LADEIA","","","","","","","","","","29/04/2025 17:21:03","V:NICOLAS","","","","","","","","","",""
"372289","28","0","","","","","","","","","","","","","","","","","","","RAFAEL.MACHADO","","","","","","","","","","29/04/2025 17:21:03","V:NICOLAS","","","","","","","","","",""
"372290","28","0","","","","","","","","","","","","","","","","","","","RAFAEL.NARDUCHI","","","","","","","","","","29/04/2025 17:21:03","V:NICOLAS","","","","","","","","","",""
"372291","28","0","","","","","","","","","","","","","","","","","","","RAFAEL.REIS","","","","","","","","","","29/04/2025 17:21:03","V:NICOLAS","","","","","","","","","",""
"372292","28","0","","","","","","","","","","","","","","","","","","","RAO02","","","","","","","","","","29/04/2025 17:21:03","V:NICOLAS","","","","","","","","","",""
"372293","28","0","","","","","","","","","","","","","","","","","","","RENAN.CARLESCI","","","","","","","","","","29/04/2025 17:21:03","V:NICOLAS","","","","","","","","","",""
"372294","28","0","","","","","","","","","","","","","","","","","","","RENATA ABRA","","","","","","","","","","29/04/2025 17:21:03","V:NICOLAS","","","","","","","","","",""
"372295","28","0","","","","","","","","","","","","","","","","","","","RICARDO.ALEXANDRE","","","","","","","","","","29/04/2025 17:21:03","V:NICOLAS","","","","","","","","","",""
"372296","28","0","","","","","","","","","","","","","","","","","","","ROBSON.MENEGUETTI","","","","","","","","","","29/04/2025 17:21:03","V:NICOLAS","","","","","","","","","",""
"372297","28","0","","","","","","","","","","","","","","","","","","","RODRIGO.TITO","","","","","","","","","","29/04/2025 17:21:03","V:NICOLAS","","","","","","","","","",""
"372299","28","0","","","","","","","","","","","","","","","","","","","ROGERIO.NEVES","","","","","","","","","","29/04/2025 17:21:03","V:NICOLAS","","","","","","","","","",""
"372300","28","0","","","","","","","","","","","","","","","","","","","ROGERIO.SILVA","","","","","","","","","","29/04/2025 17:21:03","V:NICOLAS","","","","","","","","","",""
"372301","28","0","","","","","","","","","","","","","","","","","","","ROMULO.VENTURINI","","","","","","","","","","29/04/2025 17:21:03","V:NICOLAS","","","","","","","","","",""
"372302","28","0","","","","","","","","","","","","","","","","","","","RUBENS JUNIOR","","","","","","","","","","29/04/2025 17:21:03","V:NICOLAS","","","","","","","","","",""
"372303","28","0","","","","","","","","","","","","","","","","","","","RUDI.PEREIRA","","","","","","","","","","29/04/2025 17:21:03","V:NICOLAS","","","","","","","","","",""
"372304","28","0","","","","","","","","","","","","","","","","","","","RUY MORANDIM","","","","","","","","","","29/04/2025 17:21:03","V:NICOLAS","","","","","","","","","",""
"372305","28","0","","","","","","","","","","","","","","","","","","","SERGIO.CANDIDO","","","","","","","","","","29/04/2025 17:21:03","V:NICOLAS","","","","","","","","","",""
"372306","28","0","","","","","","","","","","","","","","","","","","","TASSO.TOLEDO","","","","","","","","","","29/04/2025 17:21:03","V:NICOLAS","","","","","","","","","",""
"372307","28","0","","","","","","","","","","","","","","","","","","","TAYNARA.BACELAR","","","","","","","","","","29/04/2025 17:21:03","V:NICOLAS","","","","","","","","","",""
"372308","28","0","","","","","","","","","","","","","","","","","","","TESTE JUNO","","","","","","","","","","29/04/2025 17:21:03","V:NICOLAS","","","","","","","","","",""
"372309","28","0","","","","","","","","","","","","","","","","","","","TESTE.JUNO","","","","","","","","","","29/04/2025 17:21:03","V:NICOLAS","","","","","","","","","",""
"372310","28","0","","","","","","","","","","","","","","","","","","","VANDERLEI.JUNIOR","","","","","","","","","","29/04/2025 17:21:03","V:NICOLAS","","","","","","","","","",""
"372311","28","0","","","","","","","","","","","","","","","","","","","VANESSA.ALVES","","","","","","","","","","29/04/2025 17:21:03","V:NICOLAS","","","","","","","","","",""
"372312","28","0","","","","","","","","","","","","","","","","","","","VENDAS.RAO","","","","","","","","","","29/04/2025 17:21:03","V:NICOLAS","","","","","","","","","",""
"372313","28","0","","","","","","","","","","","","","","","","","","","VICTOR.FLORO","","","","","","","","","","29/04/2025 17:21:03","V:NICOLAS","","","","","","","","","",""
"372314","28","0","","","","","","","","","","","","","","","","","","","VICTOR.SILVA","","","","","","","","","","29/04/2025 17:21:03","V:NICOLAS","","","","","","","","","",""
"372315","28","0","","","","","","","","","","","","","","","","","","","VITOR CARRARA","","","","","","","","","","29/04/2025 17:21:03","V:NICOLAS","","","","","","","","","",""
"372316","28","0","","","","","","","","","","","","","","","","","","","WALTER.MORANDO","","","","","","","","","","29/04/2025 17:21:03","V:NICOLAS","","","","","","","","","",""
"372317","28","0","","","","","","","","","","","","","","","","","","","WANESSA FREITAS","","","","","","","","","","29/04/2025 17:21:03","V:NICOLAS","","","","","","","","","",""
"372318","28","0","","","","","","","","","","","","","","","","","","","WILLIAN ALVES","","","","","","","","","","29/04/2025 17:21:03","V:NICOLAS","","","","","","","","","",""
"372319","28","0","","","","","","","","","","","","","","","","","","","WILSON.SARTORI","","","","","","","","","","29/04/2025 17:21:03","V:NICOLAS","","","","","","","","","",""
"11130","9405","0","Oxbo","","","","","","","","","","","","","","","","","","3587970","","","","","","","","","","08/04/2020 15:00:00","DIEGO.MARQUES","1","","","","","","","","",""
"11131","9401","0","John Deere","","","","","","","","","","","","","","","","","","TR6115E 12X12","","","","","","","","","","17/05/2020 16:30:00","DIEGO.MARQUES","1","1","","","","","","","",""
"11132","9401","0","John Deere","","","","","","","","","","","","","","","","","","TR6190J","","","","","","","","","","17/05/2020 16:30:00","DIEGO.MARQUES","1","1","","","","","","","",""
"11133","9401","0","John Deere","","","","","","","","","","","","","","","","","","TR7230J PWQ16X16","","","","","","","","","","17/05/2020 16:31:00","DIEGO.MARQUES","1","1","","","","","","","",""
"11134","9401","0","John Deere","","","","","","","","","","","","","","","","","","X126","","","","","","","","","","16/04/2020 15:06:00","DIEGO.MARQUES","1","","","","","","","","",""
"11136","9400","0","","","","","","","","","","","","","","","","","","","Matao Equip Industrial","","","","","","","","","","24/04/2020 10:40:00","DIEGO.MARQUES","0","0","0","0","0","0","0","0","1","0"
"11138","10","0","","","","","","","","","","","","","","","","","","","PBM0062","","","","","","","","","","29/04/2020 16:26:00","DIEGO.MARQUES","","","","","","","","","",""
"11139","9406","0","John Deere","","","","","","","","","","","","","","","","","","PL 1109-9L","","","","","","","","","","06/03/2025 08:29:00","NETO.PRADO","1","","","","","","","","",""
"11142","9401","0","New Holland","","","","","","","","","","","","","","","","","","TL65","","","","","","","","","","18/05/2020 08:51:00","DIEGO.MARQUES","1","0","","","","","","","",""
"11147","10","0","","","","","","","","","","","","","","","","","","","PBM0060","","","","","","","","","","27/05/2020 09:43:00","DIEGO.MARQUES","","","","","","","","","",""
"11148","9400","0","","","","","","","","","","","","","","","","","","","Luma Implementos","","","","","","","","","","29/05/2020 07:53:00","GABRIEL.PILO","0","0","0","0","0","0","0","0","1","0"
"11151","9401","0","","","","","","","","","","","","","","","","","","","PEÇAS","","","","","","","","","","01/06/2020 10:32:00","DIEGO.MARQUES","0","0","","","","","","","",""
"11154","9400","1","","","","","","","","","","","","","","","","","","","TDI","","","","","","","","","","02/06/2020 10:18:00","DIEGO.MARQUES","0","1","0","0","0","0","0","0","1","0"
"11155","9400","0","","","","","","","","","","","","","","","","","","","Makreis","","","","","","","","","","02/06/2020 10:19:00","DIEGO.MARQUES","0","1","0","0","0","0","0","0","1","0"
"11158","10","0","","","","","","","","","","","","","","","","","","","PBM0059","","","","","","","","","","04/06/2020 15:33:00","DIEGO.MARQUES","","","","","","","","","",""
"11159","10","0","","","","","","","","","","","","","","","","","","","PCQ0075","","","","","","","","","","04/06/2020 17:20:00","DIEGO.MARQUES","","","","","","","","","",""
"11160","10","0","","","","","","","","","","","","","","","","","","","PCQ0079","","","","","","","","","","04/06/2020 17:20:00","DIEGO.MARQUES","","","","","","","","","",""
"11161","10","0","","","","","","","","","","","","","","","","","","","PNW0042","","","","","","","","","","04/06/2020 17:20:00","DIEGO.MARQUES","","","","","","","","","",""
"11163","10","0","","","","","","","","","","","","","","","","","","","PNW0041","","","","","","","","","","04/06/2020 17:20:00","DIEGO.MARQUES","","","","","","","","","",""
"11164","10","0","","","","","","","","","","","","","","","","","","","PNW0029","","","","","","","","","","04/06/2020 17:21:00","DIEGO.MARQUES","","","","","","","","","",""
"11166","9401","0","John Deere","","","","","","","","","","","","","","","","","","TR6135M","","","","","","","","","","06/03/2025 09:06:00","NETO.PRADO","1","0","","","","","","","",""
"11167","9401","0","John Deere","","","","","","","","","","","","","","","","","","TR6150M","","","","","","","","","","06/03/2025 09:07:00","NETO.PRADO","1","0","","","","","","","",""
"15995","9400","1","","","","","","","","","","","","","","","","","","","Triton","","","","","","","","","","04/10/2023 07:35:00","LIVIA.SILVA","0","0","0","0","0","0","0","0","1","0"
"15997","26","0","1) Monitoramento","","","","","","2134,00","","","","","","","","","","","","","","","","","","","","","","09/10/2023 10:18:00","VTCCONS","","","","","","","","","",""
"15998","26","0","1) Monitoramento","","","","","","2137,00","","","","","","","","","","","","","","","","","","","","","","09/10/2023 10:20:00","VTCCONS","","","","","","","","","",""
"15999","26","0","1) Monitoramento","","","","","","2136,00","","","","","","","","","","","","","","","","","","","","","","09/10/2023 10:20:00","VTCCONS","","","","","","","","","",""
"16000","26","0","1) Monitoramento","","","","","","2141,00","","","","","","","","","","","","","","","","","","","","","","09/10/2023 10:24:45","VTCCONS","","","","","","","","","",""
"16001","26","0","1) Monitoramento","","","","","","2143,00","","","","","","","","","","","","","","","","","","","","","","09/10/2023 10:24:57","VTCCONS","","","","","","","","","",""
"16002","26","0","1) Monitoramento","","","","","","2176,00","","","","","","","","","","","","","","","","","","","","","","09/10/2023 10:25:10","VTCCONS","","","","","","","","","",""
"16003","26","0","1) Monitoramento","","","","","","2140,00","","","","","","","","","","","","","","","","","","","","","","09/10/2023 10:25:21","VTCCONS","","","","","","","","","",""
"16004","26","0","1) Monitoramento","","","","","","2142,00","","","","","","","","","","","","","","","","","","","","","","09/10/2023 10:25:33","VTCCONS","","","","","","","","","",""
"16005","26","0","1) Monitoramento","","","","","","555,00","","","","","","","","","","","","","","","","","","","","","","09/10/2023 10:21:00","VTCCONS","","","","","","","","","",""
"16006","26","0","1) Monitoramento","","","","","","590,00","","","","","","","","","","","","","","","","","","","","","","09/10/2023 10:26:00","VTCCONS","","","","","","","","","",""
"16007","26","0","1) Monitoramento","","","","","","559,00","","","","","","","","","","","","","","","","","","","","","","09/10/2023 10:26:00","VTCCONS","","","","","","","","","",""
"16008","26","0","1) Monitoramento","","","","","","658,00","","","","","","","","","","","","","","","","","","","","","","09/10/2023 10:26:00","VTCCONS","","","","","","","","","",""
"16009","26","0","1) Monitoramento","","","","","","660,00","","","","","","","","","","","","","","","","","","","","","","09/10/2023 10:27:00","VTCCONS","","","","","","","","","",""
"16010","26","0","1) Monitoramento","","","","","","661,00","","","","","","","","","","","","","","","","","","","","","","09/10/2023 10:27:00","VTCCONS","","","","","","","","","",""
"16011","26","0","1) Monitoramento","","","","","","662,00","","","","","","","","","","","","","","","","","","","","","","09/10/2023 10:27:00","VTCCONS","","","","","","","","","",""
"16012","26","0","2) Prospecção","","","","","","1586,00","","","","","","","","","","","","","","","","","","","","","","09/10/2023 10:27:00","VTCCONS","","","","","","","","","",""
"16013","26","0","2) Prospecção","","","","","","1590,00","","","","","","","","","","","","","","","","","","","","","","09/10/2023 10:27:00","VTCCONS","","","","","","","","","",""
"16014","26","0","2) Prospecção","","","","","","1663,00","","","","","","","","","","","","","","","","","","","","","","09/10/2023 10:27:00","VTCCONS","","","","","","","","","",""
"16015","26","0","3) Oportunidade","","","","","","2201,00","","","","","","","","","","","","","","","","","","","","","","09/10/2023 10:28:00","VTCCONS","","","","","","","","","",""
"16016","26","0","3) Oportunidade","","","","","","2143,00","","","","","","","","","","","","","","","","","","","","","","09/10/2023 10:39:00","VTCCONS","","","","","","","","","",""
"16017","26","0","4) Pedido","","","","","","679,00","","","","","","","","","","","","","","","","","","","","","","09/10/2023 10:39:00","VTCCONS","","","","","","","","","",""
"16018","26","0","4) Pedido","","","","","","664,00","","","","","","","","","","","","","","","","","","","","","","09/10/2023 10:40:00","VTCCONS","","","","","","","","","",""
"16019","26","0","5) Faturado","","","","","","436,00","","","","","","","","","","","","","","","","","","","","","","09/10/2023 10:41:00","VTCCONS","","","","","","","","","",""
"16020","26","0","5) Faturado","","","","","","2127,00","","","","","","","","","","","","","","","","","","","","","","09/10/2023 10:41:00","VTCCONS","","","","","","","","","",""
"16021","26","0","7) Venda Perdida","","","","","","610,00","","","","","","","","","","","","","","","","","","","","","","09/10/2023 10:41:00","VTCCONS","","","","","","","","","",""
"16022","26","0","7) Venda Perdida","","","","","","1675,00","","","","","","","","","","","","","","","","","","","","","","09/10/2023 10:41:00","VTCCONS","","","","","","","","","",""
"16023","26","0","8) Venda Cancelada","","","","","","2153,00","","","","","","","","","","","","","","","","","","","","","","09/10/2023 10:41:00","VTCCONS","","","","","","","","","",""
"16024","25","0","GTM","","","","","","","","","","","","","","","","","","Podadeira","","","","","","","","","","09/10/2023 11:29:00","LIVIA.SILVA","0","","","","","","","","",""
"16026","9401","0","John Deere","","","","","","","","","","","","","","","","","","CA S760","","","","","","","","","","25/10/2023 11:14:00","LIVIA.SILVA","1","0","","","","","","","",""
"16027","9401","0","","","","","","","","","","","","","","","","","","","2080HS","","","","","","","","","","06/03/2025 08:42:00","NETO.PRADO","0","0","","","","","","","",""
"16028","9401","0","John Deere","","","","","","","","","","","","","","","","","","2080HS","","","","","","","","","","10/09/2025 08:04:00","MATHEUS.AUGUSTO","0","0","","","","","","","",""
"16029","9401","0","","","","","","","","","","","","","","","","","","","2080HS","","","","","","","","","","06/03/2025 08:43:00","NETO.PRADO","0","0","","","","","","","",""
"16030","9401","0","John Deere","","","","","","","","","","","","","","","","","","2000HS","","","","","","","","","","10/09/2025 07:59:00","MATHEUS.AUGUSTO","0","0","","","","","","","",""
"16031","26","0","3) Oportunidade","","","","","","2134,00","","","","","","","","","","","","","","","","","","","","","","13/11/2023 14:55:00","VTCCONS","","","","","","","","","",""
"16032","26","0","3) Oportunidade","","","","","","2176,00","","","","","","","","","","","","","","","","","","","","","","13/11/2023 14:56:00","VTCCONS","","","","","","","","","",""
"16033","26","0","3) Oportunidade","","","","","","555,00","","","","","","","","","","","","","","","","","","","","","","13/11/2023 14:58:00","VTCCONS","","","","","","","","","",""
"11203","9412","0","John Deere","Corte esteira","","","","","","","","","","","","","","","","","PC735FD","","","","","","","","","","10/09/2025 09:10:00","MATHEUS.AUGUSTO","1","0","","","","","","","",""
"11206","9401","0","John Deere","","","","","","","","","","","","","","","","","","TR6190M","","","","","","","","","","26/08/2020 09:25:00","DIEGO.MARQUES","1","0","","","","","","","",""
"11207","9412","0","John Deere","Corte molinete","","","","","","","","","","","","","","","","","PC630F","","","","","","","","","","10/09/2025 09:10:00","MATHEUS.AUGUSTO","1","","","","","","","","",""
"11209","9400","1","","","","","","","","","","","","","","","","","","","Comercial Olímpia","","","","","","","","","","10/09/2020 13:16:00","DIEGO.MARQUES","1","0","0","0","0","0","0","0","0","0"
"11210","9413","0","","","","","","","","","","","","","","","","","","","Comercial Olimpia","","","","","","","","","","11/09/2020 11:16:00","DIEGO.MARQUES","","","","","","","","","",""
"11211","9405","0","New Holland","","","","","","","","","","","","","","","","","","TC5090","","","","","","","","","","15/09/2020 09:03:00","DIEGO.MARQUES","1","","","","","","","","",""
"11216","9400","1","","","","","","","","","","","","","","","","","","","","","","","","","","","","","22/09/2020 13:28:00","DIEGO.MARQUES","0","0","0","0","0","0","0","0","1","0"
"11217","9400","0","","","","","","","","","","","","","","","","","","","","","","","","","","","","","22/09/2020 13:29:00","DIEGO.MARQUES","0","0","0","0","0","0","0","0","1","0"
"11218","9400","0","","","","","","","","","","","","","","","","","","","Geraldo","","","","","","","","","","22/09/2020 13:31:00","DIEGO.MARQUES","0","0","0","0","0","0","0","0","1","0"
"11220","9407","0","John Deere","","","","","","","","","","","","","","","","","","CH 950","","","","","","","","","","06/03/2025 08:18:00","NETO.PRADO","1","","","","","","","","",""
"11221","9408","0","John Deere","","","","","","","","","","","","","","","","","","0590NW","PILOTO AUTOMATICO AUTOTRAC CONTROLLER","","","","","","","","","06/03/2025 07:54:00","NETO.PRADO","0","","","","","","","","",""
"11222","9400","1","","","","","","","","","","","","","","","","","","","Finardi","","","","","","","","","","29/09/2020 13:22:00","DIEGO.MARQUES","0","0","0","0","0","0","0","0","1","0"
"11228","9407","0","Case","","","","","","","","","","","","","","","","","","Colhedora Cana 8800","","","","","","","","","","07/10/2020 13:11:00","DIEGO.MARQUES","1","","","","","","","","",""
"11229","9407","0","Case","","","","","","","","","","","","","","","","","","Colhedora Cana 9900","","","","","","","","","","07/10/2020 13:13:00","DIEGO.MARQUES","1","","","","","","","","",""
"11230","9400","0","","","","","","","","","","","","","","","","","","","KTRES","PODADEIRA LATERAL","","","","","","","","","09/10/2020 11:54:00","GUSTAVO.DIAS","0","0","0","0","0","0","0","0","1","0"
"11233","9401","0","Ford/NH","","","","","","","","","","","","","","","","","","TR8BR","","","","","","","","","","14/10/2020 09:16:00","DIEGO.MARQUES","1","0","","","","","","","",""
"11235","9400","1","","","","","","","","","","","","","","","","","","","SOFER","","","","","","","","","","21/10/2020 17:14:00","DIEGO.MARQUES","0","0","0","0","0","0","0","0","1","0"
"11241","8","0","","","","","","","","","","","","","","","","","","","RETAIL","PBM0066","","","","","","","","","12/11/2020 10:57:00","DIEGO.MARQUES","","","","","","","","","",""
"11242","8","0","","","","","","","","","","","","","","","","","","","RETAIL","PNW0047","","","","","","","","","12/11/2020 09:26:00","DIEGO.MARQUES","","","","","","","","","",""
"11243","10","0","","","","","","","","","","","","","","","","","","","PBM0066","","","","","","","","","","12/11/2020 10:57:00","DIEGO.MARQUES","","","","","","","","","",""
"11244","10","0","","","","","","","","","","","","","","","","","","","PNW0047","","","","","","","","","","12/11/2020 11:00:00","DIEGO.MARQUES","","","","","","","","","",""
"11247","9405","0","Jacto","","","","","","","","","","","","","","","","","","Colhedora Jacto","","","","","","","","","","20/11/2020 11:00:00","DIEGO.MARQUES","1","","","","","","","","",""
"11248","9401","0","Case","Potencia Variável","","","","","","","","","","","","","","","","","CS FARMALL 90","","","","","","","","","","26/11/2020 08:42:00","DIEGO.MARQUES","1","0","","","","","","","",""
"11249","9401","0","Case","","","","","","","","","","","","","","","","","","FARMALL 100","","","","","","","","","","26/11/2020 08:44:00","DIEGO.MARQUES","1","0","","","","","","","",""
"11250","9400","0","","","","","","","","","","","","","","","","","","","MARCHER","","","","","","","","","","26/11/2020 11:35:00","GUSTAVO.DIAS","0","0","0","0","0","0","0","0","0","0"
"11252","9408","0","John Deere","","","","","","","","","","","","","","","","","","MONITOR 4240","","","","","","","","","","06/03/2025 08:13:00","NETO.PRADO","1","0","","","","","","","",""
"11253","9401","0","John Deere","","","","","","","","","","","","","","","","","","Consorcio","","","","","","","","","","12/04/2022 13:50:00","DIEGO.MARQUES","1","0","","","","","","","",""
"11254","9400","1","","","","","","","","","","","","","","","","","","","Prado Marsilio","","","","","","","","","","16/12/2020 13:00:00","DIEGO.MARQUES","0","0","0","0","0","0","0","0","1","0"
"11263","9412","0","John Deere","Corte molinete","","","","","625,00","","","","","","","","","","","","PC625C","","","","","","","","","","10/09/2025 09:05:00","MATHEUS.AUGUSTO","0","0","","","","","","","",""
"11264","9412","0","John Deere","Corte molinete","","","","","","","","","","","","","","","","","PC620F","","","","","","","","","","04/02/2021 13:21:00","DIEGO.MARQUES","1","","","","","","","","",""
"11268","9400","0","Sollus","","","","","","","","","","","","","","","","","","PRO SOLUS","","","","","","","","","","11/03/2021 17:02:00","GUSTAVO.DIAS","0","0","0","0","0","0","0","0","1","0"
"273562","9400","2","","","","","","","","","","","","","","","","","","","HM AGRO","","","","","","","","","","13/08/2025 15:14:00","RICARDO.MORETTI","0","0","0","0","0","0","0","0","1","0"
"273566","9401","0","Valtra","i) de 130 a 139 CV","","","","","","","","","","","","","","","","","A130","","","","","","","","","","26/08/2025 08:33:00","MATHEUS.AUGUSTO","1","0","","","","","","","",""
"273567","9401","0","Ford/NH","f) de 90 a 99 CV","","","","","","","","","","","","","","","","","T5.90 CAB","","","","","","","","","","26/08/2025 08:35:00","MATHEUS.AUGUSTO","1","0","","","","","","","",""
"273568","9401","0","New Holland","","","","","","","","","","","","","","","","","","T7 194","","","","","","","","","","26/08/2025 08:35:00","MATHEUS.AUGUSTO","1","0","","","","","","","",""
"273569","9401","0","Valtra","j) de 160 a 179 CV","","","","","","","","","","","","","","","","","BT 170","","","","","","","","","","29/08/2025 15:59:00","MATHEUS.AUGUSTO","1","0","","","","","","","",""
"273572","9404","0","FM COPLING","","","","","","","","","","","","","","","","","","ATOMIZADOR FMC 2000L","ATOMIZADOR","","","","","","","","","15/06/2026 16:03:00","RICARDO.ANTONIO","1","0","","","","","","","",""
"273573","9413","0","","","","","","","","","","","","","","","","","","","Solomax","","","","","","","","","","09/09/2025 14:32:00","MATHEUS.AUGUSTO","0","0","0","0","0","0","0","0","0","0"
"273574","9406","0","Jacto","","","","","<2000","","","","","","","","","","","","","Jacto Meridia 200","Plantadeira","","","","","","","","","09/09/2025 14:48:00","MATHEUS.AUGUSTO","1","0","0","0","0","0","0","0","0","0"
"273575","9406","0","Jacto","","","","","<2000","","","","","","","","","","","","","Lumina 300","Plantadeira","","","","","","","","","09/09/2025 14:49:00","MATHEUS.AUGUSTO","1","0","0","0","0","0","0","0","0","0"
"273576","9406","0","John Deere","","","","","<2000","8,00","","","","","","","","","","","","PL 1209","Plantadeira","","","","","","","","","09/09/2025 16:41:00","MATHEUS.AUGUSTO","1","0","","","","","","","",""
"273579","28","0","","","","","","","","","","","","","","","","","","","ANDRE.LOPES","","","","","","","","","","22/09/2025 11:10:00","MATHEUS.AUGUSTO","","","","","","","","","",""
"273581","9404","0","Santa Izabel","","","","","","","","","","","","","","","","","","DISTRIBUIDOR DE NUTRIENTES 2500 DCSI","DISTRIBUIDOR","","","","","","","","","16/06/2026 08:18:00","RICARDO.ANTONIO","1","0","","","","","","","",""
"273582","28","0","","","","","","","","","","","","","","","","","","","DEIVIDE.ALFREDO","","","","","","","","","","01/10/2025 10:50:00","RICARDO.MORETTI","","","","","","","","","",""
"10622","9400","1","","","","","","","","","","","","","","","","","","","GTS","","","","","","","","","","02/04/2019 14:06:00","DIEGO.MARQUES","0","0","0","0","0","0","0","0","1","0"
"10625","9401","0","John Deere","","","","","","","","","","","","","","","","","","TR5080E CAB 9x3","","","","","","","","","","15/01/2025 15:19:00","NETO.PRADO","1","","","","","","","","",""
"10633","9401","0","John Deere","d) de 70 a 79 CV","","","","","","","","","","","","","","","","","5070E CAB","","","","","","","","","","10/09/2025 08:05:00","MATHEUS.AUGUSTO","0","","","","","","","","",""
"10635","9401","0","John Deere","","","","","","","","","","","","","","","","","","TR8400R","","","","","","","","","","06/03/2025 09:15:00","NETO.PRADO","1","","","","","","","","",""
"16072","9406","0","John Deere","","","","","","","","","","","","","","","","","","PL1113 12L - Ar","","","","","","","","","","06/03/2025 08:28:00","NETO.PRADO","0","0","","","","","","","",""
"16073","9400","1","","","","","","","","","","","","","","","","","","","São José Industrial","","","","","","","","","","15/05/2024 07:39:00","LIVIA.SILVA","0","0","0","0","0","0","0","0","1","0"
"16075","9400","0","","","","","","","","","","","","","","","","","","","Tatu Marchesan","","","","","","","","","","21/10/2025 08:43:00","MATHEUS.AUGUSTO","0","0","0","1","0","0","0","0","1","0"
"16077","9401","0","John Deere","","","","","","","","","","","","","","","","","","TR7M200 DUAL","","","","","","","","","","06/03/2025 09:12:00","NETO.PRADO","1","0","","","","","","","",""
"16078","9401","0","John Deere","","","","","","","","","","","","","","","","","","TR7M200 3M","","","","","","","","","","06/03/2025 09:11:00","NETO.PRADO","1","0","","","","","","","",""
"16079","9401","0","John Deere","","","","","","","","","","","","","","","","","","TR7M200 TLS","","","","","","","","","","06/03/2025 09:12:00","NETO.PRADO","1","0","","","","","","","",""
"16080","9401","0","John Deere","","","","","","","","","","","","","","","","","","TR7M230 3M","","","","","","","","","","06/03/2025 09:13:00","NETO.PRADO","1","0","","","","","","","",""
"16081","9401","0","John Deere","","","","","","","","","","","","","","","","","","TR7M230 DUAL","","","","","","","","","","06/03/2025 09:13:00","NETO.PRADO","1","0","","","","","","","",""
"16082","9401","0","John Deere","","","","","","","","","","","","","","","","","","TR7M230 TLS","","","","","","","","","","06/03/2025 09:14:00","NETO.PRADO","1","0","","","","","","","",""
"16084","9408","0","John Deere","","","","","","","","","","","","","","","","","","MODEM JDLINK","","","","","","","","","","06/03/2025 08:13:00","NETO.PRADO","1","0","","","","","","","",""
"16085","9401","0","John Deere","","","","","","","","","","","","","","","","","","TR6190J 3MT","","","","","","","","","","28/05/2024 12:35:00","MATHEUS.AUGUSTO","1","0","","","","","","","",""
"16086","9404","0","Green System","","","","","","","","","","","","","","","","","","PULVERIZADOR PV1006 DE BARRA","PULVERIZADOR E BARRA","","","","","","","","","18/06/2026 14:40:00","RICARDO.ANTONIO","1","0","","","","","","","",""
"16087","9400","2","","","","","","","","","","","","","","","","","","","Mtd Agricola","","","","","","","","","","04/06/2024 08:21:00","MATHEUS.AUGUSTO","0","0","0","0","0","0","0","0","1","0"
"16090","9408","0","John Deere","","","","","","","","","","","","","","","","","","RECEPTOR SF 7000","","","","","","","","","","06/03/2025 08:16:00","NETO.PRADO","1","","","","","","","","",""
"16091","9408","0","John Deere","","","","","","","","","","","","","","","","","","RECEPTOR SF 7500","","","","","","","","","","06/03/2025 08:16:00","NETO.PRADO","1","","","","","","","","",""
"16092","9408","0","John Deere","","","","","","","","","","","","","","","","","","MONITOR G5","","","","","","","","","","06/03/2025 08:14:00","NETO.PRADO","1","","","","","","","","",""
"16093","9408","0","John Deere","","","","","","","","","","","","","","","","","","MONITOR G5PLUS","","","","","","","","","","06/03/2025 08:14:00","NETO.PRADO","1","","","","","","","","",""
"16094","9408","0","John Deere","","","","","","","","","","","","","","","","","","7000","","","","","","","","","","06/03/2025 08:12:00","NETO.PRADO","0","","","","","","","","",""
"16095","9401","0","John Deere","","","","","","","","","","","","","","","","","","5078EMAR","","","","","","","","","","10/09/2025 08:07:00","MATHEUS.AUGUSTO","0","0","","","","","","","",""
"16096","9401","0","John Deere","","","","","","","","","","","","","","","","","","5078E MAR I","","","","","","","","","","10/09/2025 08:07:00","MATHEUS.AUGUSTO","0","0","","","","","","","",""
"16102","9401","0","John Deere","","","","","","","","","","","","","","","","","","TR5080EN CAB 12x12","","","","","","","","","","15/01/2025 15:17:00","NETO.PRADO","1","1","","","","","","","",""
"16103","9400","0","","","","","","","","","","","","","","","","","","","Fendt","","","","","","","","","","12/09/2024 08:07:00","MATHEUS.AUGUSTO","1","1","1","1","0","1","0","0","1","0"
"16104","9401","0","Fendt","l) de 200 a 219 CV","","","","","","","","","","","","","","","","","FENDT 728","","","","","","","","","","12/09/2024 08:12:00","MATHEUS.AUGUSTO","1","0","0","0","0","0","0","0","0","0"
"273472","9408","0","John Deere","","","","","","","","","","","","","","","","","","Taxa Variavel Sólida","","","","","","","","","","09/05/2025 08:28:00","MATHEUS.AUGUSTO","1","","","","","","","","",""
"273473","9408","0","John Deere","","","","","","","","","","","","","","","","","","Modem R","Modem R","","","","","","","","","09/05/2025 08:29:00","MATHEUS.AUGUSTO","1","","","","","","","","",""
"273474","9408","0","John Deere","","","","","","","","","","","","","","","","","","Modem M","Modem M","","","","","","","","","09/05/2025 08:30:00","MATHEUS.AUGUSTO","0","","","","","","","","",""
"273475","9408","0","John Deere","","","","","","","","","","","","","","","","","","INC Pro","INC Pro","","","","","","","","","09/05/2025 08:30:00","MATHEUS.AUGUSTO","1","","","","","","","","",""
"273476","9408","0","John Deere","","","","","","","","","","","","","","","","","","CH570","Cane Advisor","","","","","","","","","09/05/2025 08:32:00","MATHEUS.AUGUSTO","1","","","","","","","","",""
"273477","9408","0","John Deere","","","","","","","","","","","","","","","","","","CH950","Cane Advisor","","","","","","","","","09/05/2025 08:33:00","MATHEUS.AUGUSTO","1","","","","","","","","",""
"273478","9408","0","John Deere","","","","","","","","","","","","","","","","","","JD-Link Boost","JD-Link Boost","","","","","","","","","09/05/2025 08:33:00","MATHEUS.AUGUSTO","1","","","","","","","","",""
"273480","29","0","MAQ-PEÇAS","C","","","","","10,00","","","","","","","","","","","","","","","","","","","","","","12/05/2025 12:31:00","V:AMAURY","","","","","","","","","",""
"273482","9400","2","","","","","","","","","","","","","","","","","","","INDUTAR","","","","","","","","","","20/05/2025 17:15:00","NETO.PRADO","0","0","0","0","0","0","0","0","1","0"
"273483","9404","0","INDUTAR","","","","","","","","","","","","","","","","","","PLAINA NIVELADORA DE SOLO 585","PLIANA DE ARRASTO","","","","","","","","","15/06/2026 16:03:00","RICARDO.ANTONIO","1","0","0","0","0","0","0","0","0","0"
"273484","9401","0","Yanmar","b) de 50 a 59 CV","","","","","","","","","","","","","","","","","1155","","","","","","","","","","26/05/2025 09:37:00","MATHEUS.AUGUSTO","1","0","","","","","","","",""
"273485","9401","0","Yanmar","d) de 70 a 79 CV","","","","","","","","","","","","","","","","","1175","","","","","","","","","","28/05/2025 07:58:00","MATHEUS.AUGUSTO","1","0","","","","","","","",""
"273491","9401","0","Valtra","d) de 70 a 79 CV","","","","","","","","","","","","","","","","","A73F","","","","","","","","","","16/07/2025 10:05:00","MATHEUS.AUGUSTO","1","0","","","","","","","",""
"273492","9405","0","","","","","","","","","","","","","","","","","","","","","","","","","","","","","17/07/2025 09:47:00","V:NICOLAS","0","","","","","","","","",""
"273493","28","0","","","","","","","","","","","","","","","","","","","","","","","","","","","","","17/07/2025 11:12:00","V:NICOLAS","","","","","","","","","",""
"273495","30","0","","","","","","","","","","","","","","","","","","","2025","","","","","","","","","","17/07/2025 11:21:00","V:NICOLAS","","","","","","","","","",""
"273496","30","0","","","","","","","","","","","","","","","","","","","2024","","","","","","","","","","17/07/2025 11:21:00","V:NICOLAS","","","","","","","","","",""
"273497","30","0","","","","","","","","","","","","","","","","","","","2023","","","","","","","","","","17/07/2025 11:21:00","V:NICOLAS","","","","","","","","","",""
"273498","30","0","","","","","","","","","","","","","","","","","","","2022","","","","","","","","","","17/07/2025 11:21:00","V:NICOLAS","","","","","","","","","",""
"273499","30","0","","","","","","","","","","","","","","","","","","","2021","","","","","","","","","","17/07/2025 11:22:00","V:NICOLAS","","","","","","","","","",""
"273500","30","0","","","","","","","","","","","","","","","","","","","2020","","","","","","","","","","17/07/2025 11:22:00","V:NICOLAS","","","","","","","","","",""
"273501","30","0","","","","","","","","","","","","","","","","","","","2019","","","","","","","","","","17/07/2025 11:22:00","V:NICOLAS","","","","","","","","","",""
"273502","30","0","","","","","","","","","","","","","","","","","","","2018","","","","","","","","","","17/07/2025 11:22:00","V:NICOLAS","","","","","","","","","",""
"273503","30","0","","","","","","","","","","","","","","","","","","","2017","","","","","","","","","","17/07/2025 11:22:00","V:NICOLAS","","","","","","","","","",""
"273504","30","0","","","","","","","","","","","","","","","","","","","2016","","","","","","","","","","17/07/2025 11:22:00","V:NICOLAS","","","","","","","","","",""
"273505","30","0","","","","","","","","","","","","","","","","","","","2015","","","","","","","","","","17/07/2025 11:22:00","V:NICOLAS","","","","","","","","","",""
"273506","30","0","","","","","","","","","","","","","","","","","","","2014","","","","","","","","","","17/07/2025 11:22:00","V:NICOLAS","","","","","","","","","",""
"273507","30","0","","","","","","","","","","","","","","","","","","","2013","","","","","","","","","","17/07/2025 11:23:00","V:NICOLAS","","","","","","","","","",""
"273508","30","0","","","","","","","","","","","","","","","","","","","2012","","","","","","","","","","17/07/2025 11:23:00","V:NICOLAS","","","","","","","","","",""
"273509","30","0","","","","","","","","","","","","","","","","","","","2011","","","","","","","","","","17/07/2025 11:23:00","V:NICOLAS","","","","","","","","","",""
"273510","30","0","","","","","","","","","","","","","","","","","","","2010","","","","","","","","","","17/07/2025 11:23:00","V:NICOLAS","","","","","","","","","",""
"273396","27","0","Implementos","","","","","","","","","","","","","","","","","","","","","","","","","","","","14/01/2025 15:36:00","VTCCONS","","","","","","","","","",""
"273397","27","0","Colheitadeira grãos","","","","","","","","","","","","","","","","","","","","","","","","","","","","14/01/2025 15:36:00","VTCCONS","","","","","","","","","",""
"273398","27","0","Plantadeira","","","","","","","","","","","","","","","","","","","","","","","","","","","","14/01/2025 15:36:00","VTCCONS","","","","","","","","","",""
"273399","27","0","Colhedora de cana","","","","","","","","","","","","","","","","","","","","","","","","","","","","14/01/2025 15:37:00","VTCCONS","","","","","","","","","",""
"273401","27","0","Agricultura precisão","","","","","","","","","","","","","","","","","","","","","","","","","","","","14/01/2025 15:37:00","VTCCONS","","","","","","","","","",""
"273402","27","0","Pulverizador","","","","","","","","","","","","","","","","","","","","","","","","","","","","14/01/2025 15:37:00","VTCCONS","","","","","","","","","",""
"273403","27","0","Plataforma adicional","","","","","","","","","","","","","","","","","","","","","","","","","","","","14/01/2025 15:37:00","VTCCONS","","","","","","","","","",""
"273404","9404","0","IPACOL","","","","","","","","","","","","","","","","","","DISTRIBUIDOR - CHORUMEIRA","DISTRIBUIDOR","","","","","","","","","15/06/2026 16:03:00","RICARDO.ANTONIO","1","0","","","","","","","",""
"273407","9400","2","","","","","","","","","","","","","","","","","","","BS AGRO","","","","","","","","","","24/01/2025 08:12:00","MATHEUS.AUGUSTO","0","0","0","0","0","0","0","0","1","0"
"273411","9400","2","","","","","","","","","","","","","","","","","","","FM COPLING","","","","","","","","","","31/01/2025 08:02:00","MATHEUS.AUGUSTO","0","0","0","0","0","0","0","0","1","0"
"273414","9404","0","Fido","","","","","","","","","","","","","","","","","","CARRETA TANQUE D'AGUA","CARRETA","","","","","","","","","15/06/2026 16:03:00","RICARDO.ANTONIO","1","0","","","","","","","",""
"273415","9406","0","John Deere","","","","","","","","","","","","","","","","","","PL 2113-13L","Plantadeira John Deere Serie 2100 DE 9","","","","","","","","","06/03/2025 08:31:00","NETO.PRADO","1","0","","","","","","","",""
"273416","9406","0","John Deere","","","","","","","","","","","","","","","","","","PL 2115-14L","Plantadeira John Deere PL2115","","","","","","","","","06/03/2025 08:33:00","NETO.PRADO","1","0","","","","","","","",""
"273417","9406","0","John Deere","","","","","","","","","","","","","","","","","","PL 2115-15L","Plantadeira John Deere PL2115","","","","","","","","","06/03/2025 08:34:00","NETO.PRADO","1","0","","","","","","","",""
"273418","9401","0","John Deere","","","","","","","","","","","","","","","","","","TR6150M DUAL","","","","","","","","","","06/03/2025 09:07:00","NETO.PRADO","1","0","","","","","","","",""
"273419","9401","0","John Deere","","","","","","","","","","","","","","","","","","TR6190J DUAL","","","","","","","","","","06/03/2025 09:08:00","NETO.PRADO","1","0","","","","","","","",""
"273420","9401","0","John Deere","","","","","","","","","","","","","","","","","","TR7M215 DUAL","","","","","","","","","","06/03/2025 09:12:00","NETO.PRADO","1","0","","","","","","","",""
"273421","9412","0","Green System","Milho","","","","","12,00","","","","","","","","","","","","Plat. Milho Deluxe 12 Linhas","","","","","","","","","","14/03/2025 13:53:00","MATHEUS.AUGUSTO","1","","","","","","","","",""
"273427","7","0","","","","","","","","","","","","","","","","","","","Consórcio","","","","","","","","","","20/03/2025 10:38:00","NETO.PRADO","1","","","","","","","","",""
"273428","9401","0","John Deere","","","","","","","","","","","","","","","","","","Cota de Consórcio","","","","","","","","","","20/03/2025 10:45:00","NETO.PRADO","1","0","","","","","","","",""
"273429","9404","0","Piccin","","","","","","","","","","","","","","","","","","GUINCHO RODA LOUCA 2000 KG","GUINCHO","","","","","","","","","16/06/2026 08:18:00","RICARDO.ANTONIO","1","0","","","","","","","",""
"273430","9411","0","John Deere","","","","","","","","","","","","","","","","","","PV 230M","","","","","","","","","","26/03/2025 14:21:00","MATHEUS.AUGUSTO","1","0","","","","","","","",""
"273433","9407","0","Case","","","","","","","","","","","","","","","","","","A9900","","","","","","","","","","08/04/2025 08:52:00","MATHEUS.AUGUSTO","1","","","","","","","","",""
"273366","9411","0","Green System","","","","","","","","","","","","","","","","","","PV 1020 18F","","","","","","","","","","22/10/2024 16:01:00","NETO.PRADO","1","0","","","","","","","",""
"273367","9400","1","","","","","","","","","","","","","","","","","","","DRS","","","","","","","","","","30/10/2024 10:07:00","LIVIA.SILVA","0","0","0","0","0","1","0","0","0","0"
"273368","9411","0","DRS","","","","","","","","","","","","","","","","","","KIT CATAÇÃO DRS","","","","","","","","","","30/10/2024 10:08:00","LIVIA.SILVA","1","0","","","","","","","",""
"273369","9404","0","DRS","","","","","","","","","","","","","","","","","","KIT CATAÇÃO CANA DE AÇUCAR","CATAÇÃO","","","","","","","","","15/06/2026 16:03:00","RICARDO.ANTONIO","1","0","","","","","","","",""
"273370","9400","2","","","","","","","","","","","","","","","","","","","Minami","","","","","","","","","","04/11/2024 15:11:00","MATHEUS.AUGUSTO","0","0","0","0","0","0","0","0","1","0"
"273372","9401","0","John Deere","","","","","","","","","","","","","","","","","","TR5060EN CAB 12X12","","","","","","","","","","11/11/2024 08:33:00","MATHEUS.AUGUSTO","1","0","","","","","","","",""
"273373","9401","0","Massey","","","","","","","","","","","","","","","","","","MF 7318","","","","","","","","","","29/11/2024 08:35:00","MATHEUS.AUGUSTO","1","0","","","","","","","",""
"273374","9401","0","Massey","","","","","","","","","","","","","","","","","","MF 4408","","","","","","","","","","29/11/2024 08:36:00","MATHEUS.AUGUSTO","1","0","","","","","","","",""
"273375","9401","0","John Deere","","","","","","","","","","","","","","","","","","TR7M215","","","","","","","","","","06/03/2025 09:12:00","NETO.PRADO","1","0","","","","","","","",""
"273376","9408","0","John Deere","","","","","","","","","","","","","","","","","","MONITOR 4640","","","","","","","","","","06/03/2025 08:14:00","NETO.PRADO","1","","","","","","","","",""
"273380","9413","0","","","","","","","","","","","","","","","","","","","Disma","","","","","","","","","","09/01/2025 10:24:00","MATHEUS.AUGUSTO","","","","","","","","","",""
"273381","9413","0","","","","","","","","","","","","","","","","","","","Arakaki","","","","","","","","","","09/01/2025 10:27:00","MATHEUS.AUGUSTO","","","","","","","","","",""
"273382","9413","0","","","","","","","","","","","","","","","","","","","Mercadao","","","","","","","","","","09/01/2025 10:27:00","MATHEUS.AUGUSTO","","","","","","","","","",""
"273383","9413","0","","","","","","","","","","","","","","","","","","","Korea","","","","","","","","","","09/01/2025 10:27:00","MATHEUS.AUGUSTO","","","","","","","","","",""
"273384","9413","0","","","","","","","","","","","","","","","","","","","Nors","","","","","","","","","","09/01/2025 10:27:00","MATHEUS.AUGUSTO","","","","","","","","","",""
"273385","9413","0","","","","","","","","","","","","","","","","","","","Agrolider","","","","","","","","","","09/01/2025 10:27:00","MATHEUS.AUGUSTO","","","","","","","","","",""
"273386","9413","0","","","","","","","","","","","","","","","","","","","D Carvalho","","","","","","","","","","09/01/2025 10:27:00","MATHEUS.AUGUSTO","","","","","","","","","",""
"273387","9413","0","","","","","","","","","","","","","","","","","","","Vlc Maquinas","","","","","","","","","","09/01/2025 10:28:00","MATHEUS.AUGUSTO","","","","","","","","","",""
"273388","9413","0","","","","","","","","","","","","","","","","","","","Robusta","","","","","","","","","","09/01/2025 10:28:00","MATHEUS.AUGUSTO","","","","","","","","","",""
"273389","9401","0","Marispan","","","","","","","","","","","","","","","","","","PHD400","","","","","","","","","","09/01/2025 11:09:00","MATHEUS.AUGUSTO","1","0","","","","","","","",""
"273391","9400","2","","","","","","","","","","","","","","","","","","","Realmaq","","","","","","","","","","14/01/2025 11:54:00","MATHEUS.AUGUSTO","0","0","0","0","0","0","0","0","1","0"
"273393","27","0","Imp Green System","","","","","","","","","","","","","","","","","","","","","","","","","","","","14/01/2025 15:30:00","VTCCONS","","","","","","","","","",""
"273394","27","0","Consórcio","","","","","","","","","","","","","","","","","","","","","","","","","","","","14/01/2025 15:36:00","VTCCONS","","","","","","","","","",""
"273395","27","0","Tratores","","","","","","","","","","","","","","","","","","","","","","","","","","","","14/01/2025 15:36:00","VTCCONS","","","","","","","","","",""
"273511","30","0","","","","","","","","","","","","","","","","","","","2009","","","","","","","","","","17/07/2025 11:23:00","V:NICOLAS","","","","","","","","","",""
"273512","30","0","","","","","","","","","","","","","","","","","","","2008","","","","","","","","","","17/07/2025 11:23:00","V:NICOLAS","","","","","","","","","",""
"273513","30","0","","","","","","","","","","","","","","","","","","","2007","","","","","","","","","","17/07/2025 11:23:00","V:NICOLAS","","","","","","","","","",""
"273514","30","0","","","","","","","","","","","","","","","","","","","2006","","","","","","","","","","17/07/2025 11:23:00","V:NICOLAS","","","","","","","","","",""
"273515","30","0","","","","","","","","","","","","","","","","","","","2005","","","","","","","","","","17/07/2025 11:23:00","V:NICOLAS","","","","","","","","","",""
"273516","30","0","","","","","","","","","","","","","","","","","","","2004","","","","","","","","","","17/07/2025 11:23:00","V:NICOLAS","","","","","","","","","",""
"273517","30","0","","","","","","","","","","","","","","","","","","","2003","","","","","","","","","","17/07/2025 11:23:00","V:NICOLAS","","","","","","","","","",""
"273518","30","0","","","","","","","","","","","","","","","","","","","2002","","","","","","","","","","17/07/2025 11:23:00","V:NICOLAS","","","","","","","","","",""
"273519","30","0","","","","","","","","","","","","","","","","","","","2001","","","","","","","","","","17/07/2025 11:24:00","V:NICOLAS","","","","","","","","","",""
"273520","30","0","","","","","","","","","","","","","","","","","","","2000","","","","","","","","","","17/07/2025 11:24:00","V:NICOLAS","","","","","","","","","",""
"273521","30","0","","","","","","","","","","","","","","","","","","","<2000","","","","","","","","","","17/07/2025 11:24:00","V:NICOLAS","","","","","","","","","",""
"273522","31","0","","","","","","","","","","","","","","","","","","","Eucalipto","","","","","","","","","","17/07/2025 16:01:00","V:MATHEUS.PACIFICO","","","","","","","","","",""
"273523","31","0","","","","","","","","","","","","","","","","","","","Cebola","","","","","","","","","","17/07/2025 16:04:00","V:MATHEUS.PACIFICO","","","","","","","","","",""
"273524","31","0","","","","","","","","","","","","","","","","","","","Cana","","","","","","","","","","17/07/2025 16:05:00","V:MATHEUS.PACIFICO","","","","","","","","","",""
"273525","31","0","","","","","","","","","","","","","","","","","","","Café","","","","","","","","","","17/07/2025 16:05:00","V:MATHEUS.PACIFICO","","","","","","","","","",""
"273526","31","0","","","","","","","","","","","","","","","","","","","Banana","","","","","","","","","","17/07/2025 16:06:00","V:MATHEUS.PACIFICO","","","","","","","","","",""
"273527","31","0","","","","","","","","","","","","","","","","","","","Arroz","","","","","","","","","","17/07/2025 16:06:00","V:MATHEUS.PACIFICO","","","","","","","","","",""
"273528","31","0","","","","","","","","","","","","","","","","","","","Amendoim","","","","","","","","","","17/07/2025 16:07:00","V:MATHEUS.PACIFICO","","","","","","","","","",""
"273529","31","0","","","","","","","","","","","","","","","","","","","Algodão","","","","","","","","","","17/07/2025 16:07:00","V:MATHEUS.PACIFICO","","","","","","","","","",""
"273530","31","0","","","","","","","","","","","","","","","","","","","Abacaxi","","","","","","","","","","17/07/2025 16:07:00","V:MATHEUS.PACIFICO","","","","","","","","","",""
"273531","31","0","","","","","","","","","","","","","","","","","","","Gado de Corte","","","","","","","","","","17/07/2025 16:07:00","V:MATHEUS.PACIFICO","","","","","","","","","",""
"273532","31","0","","","","","","","","","","","","","","","","","","","Leite","","","","","","","","","","17/07/2025 16:07:00","V:MATHEUS.PACIFICO","","","","","","","","","",""
"273533","31","0","","","","","","","","","","","","","","","","","","","Goiaba","","","","","","","","","","17/07/2025 16:07:00","V:MATHEUS.PACIFICO","","","","","","","","","",""
"273534","31","0","","","","","","","","","","","","","","","","","","","Feijão","","","","","","","","","","17/07/2025 16:07:00","V:MATHEUS.PACIFICO","","","","","","","","","",""
"273535","31","0","","","","","","","","","","","","","","","","","","","Laranja","","","","","","","","","","17/07/2025 16:10:00","V:MATHEUS.PACIFICO","","","","","","","","","",""
"273536","31","0","","","","","","","","","","","","","","","","","","","Grãos","","","","","","","","","","17/07/2025 16:10:00","V:MATHEUS.PACIFICO","","","","","","","","","",""
"273537","31","0","","","","","","","","","","","","","","","","","","","Outros","","","","","","","","","","17/07/2025 16:10:00","V:MATHEUS.PACIFICO","","","","","","","","","",""
"273538","31","0","","","","","","","","","","","","","","","","","","","Fruticultura","","","","","","","","","","17/07/2025 16:10:00","V:MATHEUS.PACIFICO","","","","","","","","","",""
"273539","31","0","","","","","","","","","","","","","","","","","","","Silvicultura","","","","","","","","","","17/07/2025 16:10:00","V:MATHEUS.PACIFICO","","","","","","","","","",""
"273540","31","0","","","","","","","","","","","","","","","","","","","Outra Criação Animal","","","","","","","","","","17/07/2025 16:10:00","V:MATHEUS.PACIFICO","","","","","","","","","",""
"273541","31","0","","","","","","","","","","","","","","","","","","","Pecuária","","","","","","","","","","17/07/2025 16:11:00","V:MATHEUS.PACIFICO","","","","","","","","","",""
"273542","31","0","","","","","","","","","","","","","","","","","","","Horticultura","","","","","","","","","","17/07/2025 16:11:00","V:MATHEUS.PACIFICO","","","","","","","","","",""
"273543","31","0","","","","","","","","","","","","","","","","","","","Sucroalcooleiro","","","","","","","","","","17/07/2025 16:11:00","V:MATHEUS.PACIFICO","","","","","","","","","",""
"273544","31","0","","","","","","","","","","","","","","","","","","","Órgãos Públicos","","","","","","","","","","17/07/2025 16:11:00","V:MATHEUS.PACIFICO","","","","","","","","","",""
"273547","31","0","","","","","","","","","","","","","","","","","","","Org. Não Agrícola","","","","","","","","","","17/07/2025 16:12:00","V:MATHEUS.PACIFICO","","","","","","","","","",""
"273548","31","0","","","","","","","","","","","","","","","","","","","Arrendamento","","","","","","","","","","17/07/2025 16:13:00","V:MATHEUS.PACIFICO","","","","","","","","","",""
"273549","28","0","","","","","","","","","","","","","","","","","","","PEDRO.SALIONE","","","","","","","","","","17/07/2025 16:12:00","MATHEUS.AUGUSTO","","","","","","","","","",""
"273550","28","0","","","","","","","","","","","","","","","","","","","BRUNA.CUBAS","","","","","","","","","","17/07/2025 16:20:00","MATHEUS.AUGUSTO","","","","","","","","","",""
"273551","28","0","","","","","","","","","","","","","","","","","","","ARIEL.FILHO","","","","","","","","","","17/07/2025 16:20:00","MATHEUS.AUGUSTO","","","","","","","","","",""
"273434","9401","0","Valtra","","","","","","","","","","","","","","","","","","Q320","","","","","","","","","","08/04/2025 08:55:00","MATHEUS.AUGUSTO","1","0","","","","","","","",""
"273436","9401","0","Fendt","n) >= 250 CV","","","","","","","","","","","","","","","","","942 - Vario","","","","","","","","","","08/04/2025 10:51:00","MATHEUS.AUGUSTO","1","0","","","","","","","",""
"273439","9406","0","John Deere","","","","","","17,00","","","","","","","","","","","","PL 1211- 06L","Plantadeira 1200","","","","","","","","","28/04/2025 09:01:00","MATHEUS.AUGUSTO","1","0","","","","","","","",""
"273440","9406","0","John Deere","","","","","","17,00","","","","","","","","","","","","PL 1207-04L","Plantadeira 1200","","","","","","","","","28/04/2025 09:01:00","MATHEUS.AUGUSTO","1","0","","","","","","","",""
"273441","9406","0","John Deere","","","","","","17,00","","","","","","","","","","","","PL 1211-10L","Plantadeira 1200","","","","","","","","","28/04/2025 09:01:00","MATHEUS.AUGUSTO","1","0","","","","","","","",""
"273442","9406","0","John Deere","","","","","","17,00","","","","","","","","","","","","PL 1213-12L","Plantadeira 1200","","","","","","","","","28/04/2025 09:01:00","MATHEUS.AUGUSTO","1","0","","","","","","","",""
"273444","9415","0","","","","","","","","","","","","","","","","","","","Cresol","","","","","","","","","","28/04/2025 15:12:00","MATHEUS.AUGUSTO","","","","","","","","","",""
"273445","9404","0","FM COPLING","","","","","","","","","","","","","","","","","","ATOMIZADOR FMC 4000L","ATOMIZADOR","","","","","","","","","15/06/2026 16:03:00","RICARDO.ANTONIO","1","0","","","","","","","",""
"273446","28","0","","","","","","","","","","","","","","","","","","","MATEUS MIGUEL","","","","","","","","","","29/04/2025 16:52:00","V:NICOLAS","","","","","","","","","",""
"273447","28","0","","","","","","","","","","","","","","","","","","","HECTOR.RODRI","","","","","","","","","","29/04/2025 17:03:00","V:NICOLAS","","","","","","","","","",""
"273448","9406","0","John Deere","","","","","","17,00","","","","","","","","","","","","PL 1200-04L","Plantadeira 1200","","","","","","","","","29/04/2025 14:11:00","MATHEUS.AUGUSTO","1","0","","","","","","","",""
"273449","9404","0","GTM","","","","","","","","","","","","","","","","","","TRITURADOR FLORESTAL TFI- 1600","TRITURADOR","","","","","","","","","16/06/2026 15:32:00","RICARDO.ANTONIO","1","0","","","","","","","",""
"273454","9405","0","John Deere","","","","","","","","","","","","","","","","","","CA S5 500","","","","","","","","","","05/05/2025 14:02:00","MATHEUS.AUGUSTO","1","0","","","","","","","",""
"273455","9405","0","John Deere","","","","","","","","","","","","","","","","","","CA S7 600","","","","","","","","","","05/05/2025 14:04:00","MATHEUS.AUGUSTO","1","0","","","","","","","",""
"273456","9405","0","John Deere","","","","","","","","","","","","","","","","","","CA S7 700","","","","","","","","","","05/05/2025 14:03:00","MATHEUS.AUGUSTO","1","0","","","","","","","",""
"273457","9405","0","John Deere","","","","","","","","","","","","","","","","","","CA S7 800","","","","","","","","","","05/05/2025 14:03:00","MATHEUS.AUGUSTO","1","0","","","","","","","",""
"273458","9405","0","John Deere","","","","","","","","","","","","","","","","","","CA S7 900","","","","","","","","","","05/05/2025 14:04:00","MATHEUS.AUGUSTO","1","0","","","","","","","",""
"273463","9404","0","Green System","","","","","","","","","","","","","","","","","","PULVERIZADOR PV1008 DE BARRA","PULVERIZADOR DE BARRA","","","","","","","","","15/06/2026 16:03:00","RICARDO.ANTONIO","1","0","","","","","","","",""
"273465","9408","0","John Deere","","","","","","","","","","","","","","","","","","Row Command","Row Command","","","","","","","","","09/05/2025 08:18:00","MATHEUS.AUGUSTO","1","","","","","","","","",""
"273466","9408","0","John Deere","","","","","","","","","","","","","","","","","","Gen5 Modem M","Kit Essencial","","","","","","","","","09/05/2025 08:25:00","MATHEUS.AUGUSTO","1","","","","","","","","",""
"273467","9408","0","John Deere","","","","","","","","","","","","","","","","","","Gen5 Modem R","Kit Essencial","","","","","","","","","09/05/2025 08:26:00","MATHEUS.AUGUSTO","1","","","","","","","","",""
"273468","9408","0","John Deere","","","","","","","","","","","","","","","","","","Gen 5+ Modem M","Kit Essencial","","","","","","","","","09/05/2025 08:26:00","MATHEUS.AUGUSTO","1","","","","","","","","",""
"273469","9408","0","John Deere","","","","","","","","","","","","","","","","","","Gen5+ Modem R","Kit Essencial","","","","","","","","","09/05/2025 08:26:00","MATHEUS.AUGUSTO","1","","","","","","","","",""
"273470","9408","0","John Deere","","","","","","","","","","","","","","","","","","Kit Stand Alone","Kit Stand Alone","","","","","","","","","09/05/2025 08:27:00","MATHEUS.AUGUSTO","1","","","","","","","","",""
"273471","9408","0","John Deere","","","","","","","","","","","","","","","","","","Taxa Variavel Liquida","","","","","","","","","","09/05/2025 08:27:00","MATHEUS.AUGUSTO","1","","","","","","","","",""
"273623","9408","0","John Deere","","","","","","","","","","","","","","","","","","Licença 3 meses SF3","Licenças Receptor","","","","","","","","","12/02/2026 08:27:00","MATHEUS.AUGUSTO","1","0","0","0","0","0","0","0","0","0"
"273624","9408","0","John Deere","","","","","","","","","","","","","","","","","","Licença 6 meses SF3","Licenças Receptor","","","","","","","","","12/02/2026 08:28:00","MATHEUS.AUGUSTO","1","0","0","0","0","0","0","0","0","0"
"273625","9408","0","John Deere","","","","","","","","","","","","","","","","","","Licença 1 ano SF3","Licenças Receptor","","","","","","","","","12/02/2026 08:27:00","MATHEUS.AUGUSTO","1","0","0","0","0","0","0","0","0","0"
"273626","9408","0","John Deere","","","","","","","","","","","","","","","","","","Licença 2 anos SF3","Licenças Receptor","","","","","","","","","12/02/2026 08:27:00","MATHEUS.AUGUSTO","1","0","0","0","0","0","0","0","0","0"
"273627","9408","0","John Deere","","","","","","","","","","","","","","","","","","Licença 3 anos SF3","Licenças Receptor","","","","","","","","","12/02/2026 08:27:00","MATHEUS.AUGUSTO","1","0","0","0","0","0","0","0","0","0"
"273628","9408","0","John Deere","","","","","","","","","","","","","","","","","","Licença SF RTK 01 ANO","Licenças Receptor","","","","","","","","","12/02/2026 08:28:00","MATHEUS.AUGUSTO","1","0","0","0","0","0","0","0","0","0"
"273629","9408","0","John Deere","","","","","","","","","","","","","","","","","","Licença 1 ano Seção Controle 4240","Licenças Monitor","","","","","","","","","12/02/2026 08:29:00","MATHEUS.AUGUSTO","1","0","0","0","0","0","0","0","0","0"
"273630","9408","0","John Deere","","","","","","","","","","","","","","","","","","Licença 1 ano 4640/4600 Master 1.0","Licenças Monitor","","","","","","","","","12/02/2026 08:29:00","MATHEUS.AUGUSTO","1","0","0","0","0","0","0","0","0","0"
"273631","9408","0","John Deere","","","","","","","","","","","","","","","","","","Licença 1 ano 4640/4600 Premium 3.0","Licenças Monitor","","","","","","","","","12/02/2026 08:29:00","MATHEUS.AUGUSTO","1","0","0","0","0","0","0","0","0","0"
"273632","9408","0","John Deere","","","","","","","","","","","","","","","","","","Licença 1 ano 4640/4600 Automation 4","Licenças Monitor","","","","","","","","","12/02/2026 08:28:00","MATHEUS.AUGUSTO","1","0","0","0","0","0","0","0","0","0"
"273633","9408","0","John Deere","","","","","","","","","","","","","","","","","","G5 Advanced - Trator Série 7/8/9","Licenças Monitor","","","","","","","","","12/02/2026 08:30:00","MATHEUS.AUGUSTO","1","0","0","0","0","0","0","0","0","0"
"273634","9408","0","John Deere","","","","","","","","","","","","","","","","","","G5 Advanced - Colheita de Cana","Licenças Monitor","","","","","","","","","12/02/2026 08:30:00","MATHEUS.AUGUSTO","1","0","0","0","0","0","0","0","0","0"
"273635","9408","0","John Deere","","","","","","","","","","","","","","","","","","G5 Advanced - Colheitadeira","Licenças Monitor","","","","","","","","","12/02/2026 08:30:00","MATHEUS.AUGUSTO","1","0","0","0","0","0","0","0","0","0"
"273636","9408","0","John Deere","","","","","","","","","","","","","","","","","","G5 Advanced - Colheitadeira com SF-RTK","Licenças Monitor","","","","","","","","","12/02/2026 08:30:00","MATHEUS.AUGUSTO","1","0","0","0","0","0","0","0","0","0"
"273637","9408","0","John Deere","","","","","","","","","","","","","","","","","","G5 Advanced - Colheita de Algodão","Licenças Monitor","","","","","","","","","12/02/2026 08:29:00","MATHEUS.AUGUSTO","1","0","0","0","0","0","0","0","0","0"
"273638","9408","0","John Deere","","","","","","","","","","","","","","","","","","G5 Advanced - Pulverizador Autopropelido","Licenças Monitor","","","","","","","","","12/02/2026 08:30:00","MATHEUS.AUGUSTO","1","0","0","0","0","0","0","0","0","0"
"273639","9408","0","John Deere","","","","","","","","","","","","","","","","","","G5 Advanced - Forrageira Autopropelida","Licenças Monitor","","","","","","","","","12/02/2026 08:30:00","MATHEUS.AUGUSTO","1","0","0","0","0","0","0","0","0","0"
"273640","9408","0","John Deere","","","","","","","","","","","","","","","","","","G5 Advanced - Universal","Licenças Monitor","","","","","","","","","12/02/2026 08:30:00","MATHEUS.AUGUSTO","1","0","0","0","0","0","0","0","0","0"
"273641","9408","0","John Deere","","","","","","","","","","","","","","","","","","Controle de Seção Renovável","Licenças Monitor","","","","","","","","","12/02/2026 08:30:00","MATHEUS.AUGUSTO","1","0","0","0","0","0","0","0","0","0"
"273642","9408","0","John Deere","","","","","","","","","","","","","","","","","","AutoTrac RowSense Renovável","Licenças Monitor","","","","","","","","","12/02/2026 08:30:00","MATHEUS.AUGUSTO","1","0","0","0","0","0","0","0","0","0"
"273643","9408","0","John Deere","","","","","","","","","","","","","","","","","","Essencial Renovável","Licenças Monitor","","","","","","","","","12/02/2026 08:31:00","MATHEUS.AUGUSTO","1","0","0","0","0","0","0","0","0","0"
"273644","9408","0","John Deere","","","","","","","","","","","","","","","","","","Colheitadeira Premium S7/X9","Licenças Monitor","","","","","","","","","12/02/2026 08:31:00","MATHEUS.AUGUSTO","1","0","0","0","0","0","0","0","0","0"
"273645","9408","0","John Deere","","","","","","","","","","","","","","","","","","Colheitadeira Premium S7/X9 com SF-RTK","Licenças Monitor","","","","","","","","","12/02/2026 08:31:00","MATHEUS.AUGUSTO","1","0","0","0","0","0","0","0","0","0"
"273646","9408","0","John Deere","","","","","","","","","","","","","","","","","","Colheitadeira Ultimate S7/X9","Licenças Monitor","","","","","","","","","12/02/2026 08:31:00","MATHEUS.AUGUSTO","1","0","0","0","0","0","0","0","0","0"
"273647","9408","0","John Deere","","","","","","","","","","","","","","","","","","Colheitadeira Ultimate S7/X9 com SF-RTK","Licenças Monitor","","","","","","","","","12/02/2026 08:31:00","MATHEUS.AUGUSTO","1","0","0","0","0","0","0","0","0","0"
"273648","9408","0","John Deere","","","","","","","","","","","","","","","","","","Ativação SF2 READY - SF3000 - Vitálicia","Licenças Receptor","","","","","","","","","12/02/2026 08:31:00","MATHEUS.AUGUSTO","1","","","","","","","","",""
"273649","9408","0","John Deere","","","","","","","","","","","","","","","","","","Ativação RTK READY - SF3000 - Vitálicia","Licenças Receptor","","","","","","","","","12/02/2026 08:32:00","MATHEUS.AUGUSTO","1","","","","","","","","",""
"273650","9408","0","John Deere","","","","","","","","","","","","","","","","","","Ativação SF3 READY - SF6000 - Vitálicia","Licenças Receptor","","","","","","","","","12/02/2026 08:32:00","MATHEUS.AUGUSTO","1","","","","","","","","",""
"273651","9408","0","John Deere","","","","","","","","","","","","","","","","","","Ativação RTK READY - SF6000 - Vitálicia","Licenças Receptor","","","","","","","","","12/02/2026 08:33:00","MATHEUS.AUGUSTO","1","","","","","","","","",""
"273652","9408","0","John Deere","","","","","","","","","","","","","","","","","","Ativação RTK SF7000/7500 UNIVERSAL - Vitalicia","Licenças Receptor","","","","","","","","","12/02/2026 08:33:00","MATHEUS.AUGUSTO","1","","","","","","","","",""
"273653","9408","0","John Deere","","","","","","","","","","","","","","","","","","TRANSFERÊNCIA RTK SF3000 para SF7000","Licenças Receptor","","","","","","","","","12/02/2026 08:33:00","MATHEUS.AUGUSTO","1","","","","","","","","",""
"273654","9408","0","John Deere","","","","","","","","","","","","","","","","","","TRANSFERÊNCIA RTK SF6000 para SF7000","Licenças Receptor","","","","","","","","","12/02/2026 08:33:00","MATHEUS.AUGUSTO","1","","","","","","","","",""
"273655","9408","0","John Deere","","","","","","","","","","","","","","","","","","TRANSFERÊNCIA RTK SF3000 para SF7500","Licenças Receptor","","","","","","","","","12/02/2026 08:34:00","MATHEUS.AUGUSTO","1","","","","","","","","",""
"273656","9408","0","John Deere","","","","","","","","","","","","","","","","","","TRANSFERÊNCIA RTK SF6000 para SF7500","Licenças Receptor","","","","","","","","","12/02/2026 08:34:00","MATHEUS.AUGUSTO","1","","","","","","","","",""
"273657","9408","0","John Deere","","","","","","","","","","","","","","","","","","Non-John Deere Guidance - Trimble","Licenças Monitor","","","","","","","","","12/02/2026 08:34:00","MATHEUS.AUGUSTO","1","","","","","","","","",""
"273658","9408","0","John Deere","","","","","","","","","","","","","","","","","","Non-John Deere Guidance - Topcon","Licenças Monitor","","","","","","","","","12/02/2026 08:37:00","MATHEUS.AUGUSTO","1","","","","","","","","",""
"273659","9408","0","John Deere","","","","","","","","","","","","","","","","","","Ativação do AutoTrac - GS3","Licenças Monitor","","","","","","","","","12/02/2026 08:37:00","MATHEUS.AUGUSTO","1","","","","","","","","",""
"273660","9408","0","John Deere","","","","","","","","","","","","","","","","","","Ativação ""Controle de Seção GS3"" - Vitalícia","Licenças Monitor","","","","","","","","","12/02/2026 08:37:00","MATHEUS.AUGUSTO","1","","","","","","","","",""
"273661","9408","0","John Deere","","","","","","","","","","","","","","","","","","Ativação do AutoTracUniversal 4240 Geração 4","Licenças Monitor","","","","","","","","","12/02/2026 08:38:00","MATHEUS.AUGUSTO","1","","","","","","","","",""
"273662","9408","0","John Deere","","","","","","","","","","","","","","","","","","Ativação do AutoTracUniversal 4640 Geração 4","Licenças Monitor","","","","","","","","","12/02/2026 08:38:00","MATHEUS.AUGUSTO","1","","","","","","","","",""
"273663","9408","0","John Deere","","","","","","","","","","","","","","","","","","Ativação do CommandCenter Gen 4 AutoTrac","Licenças Monitor","","","","","","","","","12/02/2026 08:38:00","MATHEUS.AUGUSTO","1","","","","","","","","",""
"273664","9408","0","John Deere","","","","","","","","","","","","","","","","","","N/A","Licenças Monitor","","","","","","","","","12/02/2026 08:40:00","MATHEUS.AUGUSTO","1","","","","","","","","",""
"273665","9408","0","John Deere","","","","","","","","","","","","","","","","","","N/A","Licenças Receptor","","","","","","","","","12/02/2026 08:41:00","MATHEUS.AUGUSTO","1","","","","","","","","",""
"273669","9401","0","Massey","d) de 70 a 79 CV","","","","","","","","","","","","","","","","","Modelo 4307","","","","","","","","","","26/02/2026 08:26:00","RICARDO.MORETTI","1","0","","","","","","","",""
"273671","9404","0","Santa Izabel","","","","","","","","","","","","","","","","","","TRANSBORDO REBOQUE CAFEEIRO 4500","TRANSBORDO","","","","","","","","","16/06/2026 08:18:00","RICARDO.ANTONIO","1","0","","","","","","","",""
"273673","9404","0","Luma Implementos","","","","","","","","","","","","","","","","","","PODADEIRA CAFEEIRA","PODADEIRA","","","","","","","","","16/06/2026 08:18:00","RICARDO.ANTONIO","1","0","","","","","","","",""
"273674","9413","0","","","","","","","","","","","","","","","","","","","Maqnelson","","","","","","","","","","12/03/2026 08:41:00","RICARDO.MORETTI","","","","","","","","","",""
"273675","9408","0","Trimble","","","","","","","","","","","","","","","","","","NAV 780","","","","","","","","","","09/03/2026 18:18:00","MATHEUS.AUGUSTO","1","0","0","0","0","0","0","0","0","0"
"273676","9408","0","Trimble","","","","","","","","","","","","","","","","","","NAV 980","","","","","","","","","","12/03/2026 14:03:00","MATHEUS.AUGUSTO","1","0","0","0","0","0","0","0","0","0"
"273677","9404","0","HM AGRO","","","","","","","","","","","","","","","","","","HM GRADE PARA 3036EN","GRADE PARA 3036","","","","","","","","","23/03/2026 08:31:00","RICARDO.MORETTI","1","0","","","","","","","",""
"273680","9413","0","","","","","","","","","","","","","","","","","","","Höhl John Deere Goiânia","","","","","","","","","","27/03/2026 09:25:00","RICARDO.MORETTI","","","","","","","","","",""
"273682","28","0","","","","","","","","","","","","","","","","","","","NILSON.LIMA","","","","","","","","","","10/04/2026 17:48:00","MATHEUS.AUGUSTO","","","","","","","","","",""
"273683","9401","0","Massey","","","","","","","","","","","","","","","","","","MF 3407","","","","","","","","","","20/04/2026 08:24:00","MATHEUS.AUGUSTO","1","0","","","","","","","",""
"475019","32","0","AGRIC DE PRECISAO","Agricultura Precisão","","","","","","","","","","","","","","","","","","","","","","","","","","","29/10/2025 11:51:00","V:AMAURY","","","","","","","","","",""
"475020","32","0","AMS","Agricultura Precisão","","","","","","","","","","","","","","","","","","","","","","","","","","","29/10/2025 12:09:00","V:AMAURY","","","","","","","","","",""
"475021","32","0","ATIVACAO","Agricultura Precisão","","","","","","","","","","","","","","","","","","","","","","","","","","","29/10/2025 12:09:00","V:AMAURY","","","","","","","","","",""
"475022","32","0","CARRETA","Implemento","","","","","","","","","","","","","","","","","","","","","","","","","","","29/10/2025 12:14:00","V:AMAURY","","","","","","","","","",""
"475023","32","0","COLHEDORA DE ALGODAO","Colhedora de Cana","","","","","","","","","","","","","","","","","","","","","","","","","","","29/10/2025 12:14:00","V:AMAURY","","","","","","","","","",""
"475024","32","0","COLHEDORA DE CANA","Colhedora de Cana","","","","","","","","","","","","","","","","","","","","","","","","","","","29/10/2025 12:14:00","V:AMAURY","","","","","","","","","",""
"475025","32","0","COLHEITADEIRA","Colheitadeira Grãos","","","","","","","","","","","","","","","","","","","","","","","","","","","29/10/2025 12:14:00","V:AMAURY","","","","","","","","","",""
"475026","32","0","COLHEITADEIRA S","Colheitadeira Grãos","","","","","","","","","","","","","","","","","","","","","","","","","","","29/10/2025 12:15:00","V:AMAURY","","","","","","","","","",""
"475027","32","0","COLHEITADEIRA STS","Colheitadeira Grãos","","","","","","","","","","","","","","","","","","","","","","","","","","","29/10/2025 12:15:00","V:AMAURY","","","","","","","","","",""
"475028","32","0","FENO E FORRAGEM","Feno e Forragem","","","","","","","","","","","","","","","","","","","","","","","","","","","29/10/2025 12:15:00","V:AMAURY","","","","","","","","","",""
"475029","32","0","GATOR","Turf","","","","","","","","","","","","","","","","","","","","","","","","","","","29/10/2025 12:18:00","V:AMAURY","","","","","","","","","",""
"475030","32","0","PC HIDRAFLEX DRAPPER","Plataforma Adicional","","","","","","","","","","","","","","","","","","","","","","","","","","","29/10/2025 12:18:00","V:AMAURY","","","","","","","","","",""
"475031","32","0","PLANTADEIRA 1100","Plantadeira","","","","","","","","","","","","","","","","","","","","","","","","","","","29/10/2025 12:18:00","V:AMAURY","","","","","","","","","",""
"475032","32","0","PLANTADEIRA 1200","Plantadeira","","","","","","","","","","","","","","","","","","","","","","","","","","","29/10/2025 12:17:00","V:AMAURY","","","","","","","","","",""
"475033","32","0","PLATAFORMA DE CORTE","Plataforma Adicional","","","","","","","","","","","","","","","","","","","","","","","","","","","29/10/2025 12:17:00","V:AMAURY","","","","","","","","","",""
"475034","32","0","PLATAFORMA DE MILHO","Implemento","","","","","","","","","","","","","","","","","","","","","","","","","","","29/10/2025 12:17:00","V:AMAURY","","","","","","","","","",""
"475035","32","0","PULVERIZADOR","Pulverizador","","","","","","","","","","","","","","","","","","","","","","","","","","","29/10/2025 12:17:00","V:AMAURY","","","","","","","","","",""
"475036","32","0","PULVERIZADORES PLA","Pulverizador","","","","","","","","","","","","","","","","","","","","","","","","","","","29/10/2025 12:16:00","V:AMAURY","","","","","","","","","",""
"475037","32","0","TRATOR LINHA 3000","Trator","","","","","","","","","","","","","","","","","","","","","","","","","","","29/10/2025 12:16:00","V:AMAURY","","","","","","","","","",""
"475038","32","0","TRATOR LINHA 5000","Trator","","","","","","","","","","","","","","","","","","","","","","","","","","","29/10/2025 12:15:00","V:AMAURY","","","","","","","","","",""
"475039","32","0","TRATOR LINHA 6000","Trator","","","","","","","","","","","","","","","","","","","","","","","","","","","29/10/2025 12:15:00","V:AMAURY","","","","","","","","","",""
"475040","32","0","TRATOR LINHA 7000","Trator","","","","","","","","","","","","","","","","","","","","","","","","","","","29/10/2025 12:15:00","V:AMAURY","","","","","","","","","",""
"475041","32","0","TRATOR LINHA 8000","Trator","","","","","","","","","","","","","","","","","","","","","","","","","","","29/10/2025 12:15:00","V:AMAURY","","","","","","","","","",""
"273589","9406","0","Tatu Marchesan","","","","","","","","","","","","","","","","","","Mandui PST Amendoim","Plantadeira","","","","","","","","","21/10/2025 10:48:00","MATHEUS.AUGUSTO","1","0","0","1","0","0","0","0","1","0"
"273590","28","0","","","","","","","","","","","","","","","","","","","MURILO.NANETTI","","","","","","","","","","22/10/2025 16:00:00","RICARDO.MORETTI","","","","","","","","","",""
"273591","9401","0","Massey","","","","","","","","","","","","","","","","","","MF 6714R","","","","","","","","","","18/11/2025 10:42:00","MATHEUS.AUGUSTO","1","0","","","","","","","",""
"273593","9407","0","John Deere","","","","","","","","","","","","","","","","","","CH 750","","","","","","","","","","01/12/2025 15:42:00","MATHEUS.AUGUSTO","1","","","","","","","","",""
"273594","9411","0","Agroma","","","","","","4000,00","","","","","","","","","","","","Pulverizador 4000L Bilateral","","","","","","","","","","10/12/2025 09:01:00","MATHEUS.AUGUSTO","1","0","0","0","0","1","0","0","1","0"
"273595","9404","0","INDUTAR","","","","","","","","","","","","","","","","","","ROÇADEIRA GRAZE 1.8m","ROÇADEIRA","","","","","","","","","15/06/2026 16:03:00","RICARDO.ANTONIO","1","0","","","","","","","",""
"273596","28","0","","","","","","","","","","","","","","","","","","","MARCOS.FERRAZ","","","","","","","","","","12/12/2025 15:19:00","MATHEUS.AUGUSTO","","","","","","","","","",""
"273597","28","0","","","","","","","","","","","","","","","","","","","JULIA.NETA","","","","","","","","","","05/01/2026 09:51:00","MATHEUS.AUGUSTO","","","","","","","","","",""
"273598","28","0","","","","","","","","","","","","","","","","","","","TIAGO.BARBIERI","","","","","","","","","","09/01/2026 08:13:00","RICARDO.MORETTI","","","","","","","","","",""
"273599","28","0","","","","","","","","","","","","","","","","","","","JHENIFER.SANTOS","","","","","","","","","","09/01/2026 08:36:00","RICARDO.MORETTI","","","","","","","","","",""
"273600","9408","0","John Deere","","","","","","","","","","","","","","","","","","Licença","","","","","","","","","","22/01/2026 10:04:00","MATHEUS.AUGUSTO","1","","","","","","","","",""
"273601","9408","0","John Deere","","","","","","","","","","","","","","","","","","Ativação","","","","","","","","","","22/01/2026 10:14:00","MATHEUS.AUGUSTO","1","","","","","","","","",""
"273602","9408","0","John Deere","","","","","","","","","","","","","","","","","","Atualização","","","","","","","","","","22/01/2026 10:15:00","MATHEUS.AUGUSTO","1","","","","","","","","",""
"273603","9400","13","","","","","","","","","","","","","","","","","","","Trimble","","","","","","","","","","03/02/2026 08:26:00","MATHEUS.AUGUSTO","0","0","0","0","1","0","0","0","0","0"
"273604","9400","0","","","","","","","","","","","","","","","","","","","Raven","","","","","","","","","","03/02/2026 08:32:00","MATHEUS.AUGUSTO","0","0","0","0","1","0","0","0","0","0"
"273605","9400","0","","","","","","","","","","","","","","","","","","","Topcon","","","","","","","","","","03/02/2026 08:32:00","MATHEUS.AUGUSTO","0","0","0","0","1","0","0","0","0","0"
"273606","9400","0","","","","","","","","","","","","","","","","","","","Hexagon","","","","","","","","","","03/02/2026 08:32:00","MATHEUS.AUGUSTO","0","0","0","0","1","0","0","0","0","0"
"273607","9408","0","Trimble","","","","","","","","","","","","","","","","","","Piloto Automático","","","","","","","","","","03/02/2026 08:32:00","MATHEUS.AUGUSTO","1","0","0","0","0","0","0","0","0","0"
"273608","9408","0","Raven","","","","","","","","","","","","","","","","","","Piloto Automático","","","","","","","","","","03/02/2026 08:33:00","MATHEUS.AUGUSTO","1","0","0","0","0","0","0","0","0","0"
"273609","9408","0","Topcon","","","","","","","","","","","","","","","","","","Piloto Automático","","","","","","","","","","03/02/2026 08:33:00","MATHEUS.AUGUSTO","1","0","0","0","0","0","0","0","0","0"
"273610","9408","0","Hexagon","","","","","","","","","","","","","","","","","","Piloto Automático","","","","","","","","","","03/02/2026 08:33:00","MATHEUS.AUGUSTO","1","0","0","0","0","0","0","0","0","0"
"273611","9408","0","Trimble","","","","","","","","","","","","","","","","","","AMS","","","","","","","","","","03/02/2026 08:33:00","MATHEUS.AUGUSTO","1","0","0","0","0","0","0","0","0","0"
"273612","9408","0","Raven","","","","","","","","","","","","","","","","","","AMS","","","","","","","","","","03/02/2026 08:34:00","MATHEUS.AUGUSTO","1","0","0","0","0","0","0","0","0","0"
"273613","9408","0","Topcon","","","","","","","","","","","","","","","","","","AMS","","","","","","","","","","03/02/2026 08:34:00","MATHEUS.AUGUSTO","1","0","0","0","0","0","0","0","0","0"
"273614","9408","0","Hexagon","","","","","","","","","","","","","","","","","","AMS","","","","","","","","","","03/02/2026 08:35:00","MATHEUS.AUGUSTO","1","0","0","0","0","0","0","0","0","0"
"273615","9405","0","Fendt","","","","","","","","","","","","","","","","","","IDEAL 9","","","","","","","","","","04/02/2026 17:45:00","MATHEUS.AUGUSTO","1","","","","","","","","",""
"273616","9405","0","Fendt","","","","","","","","","","","","","","","","","","IDEAL 7","","","","","","","","","","04/02/2026 17:46:00","MATHEUS.AUGUSTO","1","","","","","","","","",""
"273617","9400","13","","","","","","","","","","","","","","","","","","","CLAAS","","","","","","","","","","04/02/2026 17:46:00","MATHEUS.AUGUSTO","0","0","0","0","0","0","0","0","1","0"
"273619","9401","0","New Holland","","","","","","","","","","","","","","","","","","TS120","","","","","","","","","","10/02/2026 08:09:00","MATHEUS.AUGUSTO","1","0","","","","","","","",""
"273620","9404","0","INDUTAR","","","","","","","","","","","","","","","","","","ROLO FACA AGRICOLA KATRINA","ROLO FACA","","","","","","","","","15/06/2026 16:03:00","RICARDO.ANTONIO","1","0","","","","","","","",""
"273621","9408","0","John Deere","","","","","","","","","","","","","","","","","","Licença 3 meses SF2","Licenças Receptor","","","","","","","","","12/02/2026 08:12:00","MATHEUS.AUGUSTO","1","0","0","0","0","0","0","0","0","0"
"273622","9408","0","John Deere","","","","","","","","","","","","","","","","","","Licença 6 meses SF2","Licenças Receptor","","","","","","","","","12/02/2026 08:27:00","MATHEUS.AUGUSTO","1","0","0","0","0","0","0","0","0","0"
"273947","9404","0","Vicon","","","","","","","","","","","","","","","","","","VACCA 2.6m HIDRAULICA","VACCA","","","","","","","","","22/06/2026 14:18:00","RICARDO.ANTONIO","1","0","","","","","","","",""
"273948","9404","0","Vicon","","","","","","","","","","","","","","","","","","ENXADA ROTATIVA SMART RS 125","ENXADA","","","","","","","","","22/06/2026 14:18:00","RICARDO.ANTONIO","1","0","","","","","","","",""
"273949","9404","0","Vicon","","","","","","","","","","","","","","","","","","ENXADA ROTATIVA SMART RS 160","ENXADA","","","","","","","","","22/06/2026 14:18:00","RICARDO.ANTONIO","1","0","","","","","","","",""
"273950","9404","0","Vicon","","","","","","","","","","","","","","","","","","CANTEIRADEIRA SMART BASE160m - TOPO110m","CANTEIRADEIRA","","","","","","","","","22/06/2026 14:18:00","RICARDO.ANTONIO","1","0","","","","","","","",""
"273951","9404","0","Vicon","","","","","","","","","","","","","","","","","","CANTEIRADEIRA SMART BASE160m - TOPO125m","CANTEIRADEIRA","","","","","","","","","22/06/2026 14:18:00","RICARDO.ANTONIO","1","0","","","","","","","",""
"273952","9404","0","Vicon","","","","","","","","","","","","","","","","","","CANTEIRADEIRA SMART BASE125m - TOPO 90cm","CANTEIRADEIRA","","","","","","","","","22/06/2026 14:18:00","RICARDO.ANTONIO","1","0","","","","","","","",""
"273953","9404","0","Vicon","","","","","","","","","","","","","","","","","","CANTEIRADEIRA SMART BASE125m - TOPO100m","CANTEIRADEIRA","","","","","","","","","02/07/2026 15:37:00","RICARDO.ANTONIO","1","0","","","","","","","",""
"273954","9404","0","Piccin","","","","","","","","","","","","","","","","","","DISTRIBUIDOR - MASTER DH BI S PRECISION 12.000 INOX","DISTRIBUIDOR","","","","","","","","","22/06/2026 14:18:00","RICARDO.ANTONIO","1","0","","","","","","","",""
"273955","9404","0","Lavrale","","","","","","","","","","","","","","","","","","ENXADA ROTATIVA LE 90","ENXADA","","","","","","","","","23/06/2026 09:10:00","RICARDO.ANTONIO","1","0","","","","","","","",""
"273956","9404","0","Lavrale","","","","","","","","","","","","","","","","","","ENXADA ROTATIVA RLE 90","ENXADA","","","","","","","","","23/06/2026 09:10:00","RICARDO.ANTONIO","1","0","","","","","","","",""
"273957","9404","0","Lavrale","","","","","","","","","","","","","","","","","","ENXADA ROTATIVA RLE 125","ENXADA","","","","","","","","","23/06/2026 09:10:00","RICARDO.ANTONIO","1","0","","","","","","","",""
"273958","9404","0","Lavrale","","","","","","","","","","","","","","","","","","CANTEIRADEIRA RFE BASE125m - TOPO110m","CANTEIRADEIRA","","","","","","","","","23/06/2026 09:10:00","RICARDO.ANTONIO","1","0","","","","","","","",""
"273959","9404","0","Casale","","","","","","","","","","","","","","","","","","VAGÃO MISTURADOR TOTALMIX 65 SC C/BALANÇA","VAGÃO MISTURADOR","","","","","","","","","02/07/2026 10:06:00","RICARDO.ANTONIO","1","0","","","","","","","",""
"273960","9404","0","Casale","","","","","","","","","","","","","","","","","","VAGÃO MISTURADOR VERTIMIX 35 C/BALANÇA","VAGÃO MISTURADOR","","","","","","","","","02/07/2026 10:06:00","RICARDO.ANTONIO","1","0","","","","","","","",""
"273961","9404","0","Acton","","","","","","","","","","","","","","","","","","CARRETA BASCULANTE METALICA 6m3","CARRETA","","","","","","","","","02/07/2026 15:37:00","RICARDO.ANTONIO","1","0","","","","","","","",""
"273962","9404","0","Acton","","","","","","","","","","","","","","","","","","CARRETA BASCULANTE METALICA 9m3","CARRETA","","","","","","","","","02/07/2026 15:37:00","RICARDO.ANTONIO","1","0","","","","","","","",""
"273963","9404","0","Acton","","","","","","","","","","","","","","","","","","CARRETA BASCULANTE METALICA 2m3 - 3036EN","CARRETA","","","","","","","","","02/07/2026 15:37:00","RICARDO.ANTONIO","1","0","","","","","","","",""
"273964","9404","0","Acton","","","","","","","","","","","","","","","","","","CARRETA MADEIRA CC4.500","CARRETA","","","","","","","","","02/07/2026 15:37:00","RICARDO.ANTONIO","1","0","","","","","","","",""
"273965","9404","0","Acton","","","","","","","","","","","","","","","","","","CARRETA MADEIRA CC6.000","CARRETA","","","","","","","","","02/07/2026 15:37:00","RICARDO.ANTONIO","1","0","","","","","","","",""
"273966","9404","0","Acton","","","","","","","","","","","","","","","","","","CARRETA MADEIRA CC10.000","CARRETA","","","","","","","","","02/07/2026 15:37:00","RICARDO.ANTONIO","1","0","","","","","","","",""
"273967","9404","0","Acton","","","","","","","","","","","","","","","","","","CARRETA DE TRANSPORTE 35PES - PLATAFORMA CORTE/MILHO","CARRETA","","","","","","","","","02/07/2026 15:37:00","RICARDO.ANTONIO","1","0","","","","","","","",""
"273968","9404","0","Alma","","","","","","","","","","","","","","","","","","BARRA FRONTAL DE HERBICIDA 1,50m","CATAÇÃO","","","","","","","","","02/07/2026 15:37:00","RICARDO.ANTONIO","1","0","","","","","","","",""
"273969","9404","0","Alma","","","","","","","","","","","","","","","","","","BARRA FRONTAL DE HERBICIDA 1,75m","CATAÇÃO","","","","","","","","","02/07/2026 15:37:00","RICARDO.ANTONIO","1","0","","","","","","","",""
"273970","9404","0","Alma","","","","","","","","","","","","","","","","","","BARRA FRONTAL HERBICIDA 2,10m","CATAÇÃO","","","","","","","","","02/07/2026 15:37:00","RICARDO.ANTONIO","1","0","","","","","","","",""
"273971","9404","0","D.A Engenharia","","","","","","","","","","","","","","","","","","VAGÃO MISTURADOR HID. MIXER SERIE III","VAGÃO MISTURADOR","","","","","","","","","02/07/2026 15:37:00","RICARDO.ANTONIO","1","0","","","","","","","",""
"273972","9404","0","D.A Engenharia","","","","","","","","","","","","","","","","","","VAGÃO MISTURADOR HID. DF 600","VAGÃO MISTURADOR","","","","","","","","","02/07/2026 15:37:00","RICARDO.ANTONIO","1","0","","","","","","","",""
"273973","9404","0","D.A Engenharia","","","","","","","","","","","","","","","","","","VAGÃO MISTURADOR HID. DF 800","VAGÃO MISTURADOR","","","","","","","","","02/07/2026 15:37:00","RICARDO.ANTONIO","1","0","","","","","","","",""
"273974","9400","13","","","","","","","","","","","","","","","","","","","Cadioli","","","","","","","","","","03/07/2026 08:02:00","MATHEUS.AUGUSTO","0","0","0","0","0","0","0","0","1","0"
"273975","9404","0","Cadioli","","","","","","","","","","","","","","","","","","ROÇADEIRA RCL 1.10m - 3036EN","ROÇADEIRA","","","","","","","","","03/07/2026 11:36:00","RICARDO.ANTONIO","1","0","","","","","","","",""
"273976","9404","0","Cadioli","","","","","","","","","","","","","","","","","","ROÇADEIRA RCL 1.30m - 3036EN","ROÇADEIRA","","","","","","","","","03/07/2026 11:36:00","RICARDO.ANTONIO","1","0","","","","","","","",""
"273977","9404","0","Cadioli","","","","","","","","","","","","","","","","","","PLAINA TRASEIRA 1.80m","PLAINA","","","","","","","","","03/07/2026 11:36:00","RICARDO.ANTONIO","1","0","","","","","","","",""
"273978","9404","0","Cadioli","","","","","","","","","","","","","","","","","","PLAINA TRASEIRA 2m","PLAINA","","","","","","","","","03/07/2026 11:36:00","RICARDO.ANTONIO","1","0","","","","","","","",""
"273688","9400","1","","","","","","","","","","","","","","","","","","","CREMASCO","","","","","","","","","","06/05/2026 13:17:00","RICARDO.MORETTI","0","0","0","0","0","0","0","0","1","0"
"273689","9400","0","","","","","","","","","","","","","","","","","","","RS","","","","","","","","","","06/05/2026 13:24:00","RICARDO.MORETTI","0","0","0","0","0","0","0","0","1","0"
"273690","9404","0","RS","","","","","","","","","","","","","","","","","","RS ENXADA ROTATIVA","ENXADA ROTATIVA ENCANTEIRADORA COM ADUBO","","","","","","","","","06/05/2026 13:24:00","RICARDO.MORETTI","1","0","0","0","0","0","0","0","0","0"
"273692","9408","0","John Deere","","","","","","","","","","","","","","","","","","ATU300 - Kit Essencial","Gen5+ Modem M","","","","","","","","","07/05/2026 11:49:00","RICARDO.MORETTI","1","","","","","","","","",""
"273693","9408","0","John Deere","","","","","","","","","","","","","","","","","","ATU300 - Kit Essencial","Gen5 Modem M","","","","","","","","","07/05/2026 11:59:00","RICARDO.MORETTI","1","","","","","","","","",""
"273694","9408","0","John Deere","","","","","","","","","","","","","","","","","","ATU300-Kit Essencial","Gen5 Modem R","","","","","","","","","07/05/2026 11:59:00","RICARDO.MORETTI","1","","","","","","","","",""
"273695","9408","0","John Deere","","","","","","","","","","","","","","","","","","ATU300-Kit Essencial","Gen5+ Modem R","","","","","","","","","07/05/2026 11:58:00","RICARDO.MORETTI","1","","","","","","","","",""
"273697","9408","0","John Deere","","","","","","","","","","","","","","","","","","Taxa Variavel Liquida","V3","","","","","","","","","14/05/2026 16:12:00","RICARDO.MORETTI","1","","","","","","","","",""
"273698","9404","0","MARCHER","","","","","","","","","","","","","","","","","","EMBOLSADORAS DE GRÃOS INGRAIN","EMBOLSADORA","","","","","","","","","16/06/2026 08:18:00","RICARDO.ANTONIO","1","0","","","","","","","",""
"273699","9400","1","","","","","","","","","","","","","","","","","","","Horse Machine","","","","","","","","","","29/05/2026 07:54:00","RICARDO.MORETTI","0","0","0","0","0","0","0","0","1","0"
"273700","9404","0","Horse Machine","","","","","","","","","","","","","","","","","","Cesto Aereo Agricola Hidraulico","Cesto Aereo de Sapata","","","","","","","","","29/05/2026 08:10:00","RICARDO.MORETTI","1","0","0","0","0","0","0","0","0","0"
"273701","9400","1","","","","","","","","","","","","","","","","","","","D.A Engenharia","","","","","","","","","","29/05/2026 15:03:00","RICARDO.MORETTI","0","0","0","0","0","0","0","0","1","0"
"273703","28","0","","","","","","","","","","","","","","","","","","","RICARDO.CSILVA","","","","","","","","","","09/06/2026 17:12:00","MATHEUS.AUGUSTO","","","","","","","","","",""
"273704","9404","0","Acton","","","","","","","","","","","","","","","","","","CARRETA BASCULANTE METALICA 4m3","CARRETA","","","","","","","","","02/07/2026 15:37:00","RICARDO.ANTONIO","1","0","","","","","","","",""
"273705","9404","0","Acton","","","","","","","","","","","","","","","","","","CARRETA TANQUE- C/BOMBA","CARRETA","","","","","","","","","15/06/2026 16:03:00","RICARDO.ANTONIO","1","0","","","","","","","",""
"273706","9404","0","Acton","","","","","","","","","","","","","","","","","","CARRETA TANQUE - C/BOMBA + KIT INCENDIO","CARRETA","","","","","","","","","16/06/2026 08:18:00","RICARDO.ANTONIO","1","0","","","","","","","",""
"273707","9404","0","Baldan","","","","","","","","","","","","","","","","","","GRADE ARADORA INTERMEDIARIA - CRI 14X28X270mm","GRADE","","","","","","","","","16/06/2026 08:18:00","RICARDO.ANTONIO","1","0","","","","","","","",""
"273708","9404","0","Baldan","","","","","","","","","","","","","","","","","","GRADE ARADORA - CRSG 14x28x230mm","GRADE","","","","","","","","","16/06/2026 08:18:00","RICARDO.ANTONIO","1","0","","","","","","","",""
"273709","9404","0","Baldan","","","","","","","","","","","","","","","","","","SUBSOLADOR - ASTH C/RODA DE FERRO 03 HASTES","SUBSOLADOR","","","","","","","","","22/06/2026 14:18:00","RICARDO.ANTONIO","1","0","","","","","","","",""
"273710","9404","0","Baldan","","","","","","","","","","","","","","","","","","ARADO REVERSÍVEL HIDRAULICO - ARH 3 BACIA","ARADO","","","","","","","","","22/06/2026 14:18:00","RICARDO.ANTONIO","1","0","","","","","","","",""
"273711","9404","0","Baldan","","","","","","","","","","","","","","","","","","SUBSOLADOR - ASDA C/DISCO E C/ROLO","SUBSOLADOR","","","","","","","","","15/06/2026 16:03:00","RICARDO.ANTONIO","1","0","","","","","","","",""
"273712","9404","0","Baldan","","","","","","","","","","","","","","","","","","GRADE HIDRAULICA - HI","GRADE 3036EN","","","","","","","","","15/06/2026 16:03:00","RICARDO.ANTONIO","1","0","","","","","","","",""
"273713","9404","0","Baldan","","","","","","","","","","","","","","","","","","GRADE NIVELADORA - SP","GRADE","","","","","","","","","15/06/2026 16:03:00","RICARDO.ANTONIO","1","0","","","","","","","",""
"273714","9404","0","Baldan","","","","","","","","","","","","","","","","","","GRADE NIVELADORA -SP C/PISTÃO DE ABERTURA","GRADE","","","","","","","","","15/06/2026 16:03:00","RICARDO.ANTONIO","1","0","","","","","","","",""
"273715","9404","0","Baldan","","","","","","","","","","","","","","","","","","GRADE NIVELADORA - NVCR CONTROLE REMOTO","GRADE","","","","","","","","","15/06/2026 16:03:00","RICARDO.ANTONIO","1","0","","","","","","","",""
"273716","9404","0","Baldan","","","","","","","","","","","","","","","","","","PLANTADEIRA - PLB HIDRAULICA","PLANTADEIRA","","","","","","","","","02/07/2026 15:37:00","RICARDO.ANTONIO","1","0","","","","","","","",""
"273979","9404","0","Cadioli","","","","","","","","","","","","","","","","","","PLAINA TRASEIRA 2.0m","PLAINA","","","","","","","","","06/07/2026 09:54:00","RICARDO.ANTONIO","1","0","","","","","","","",""
"273980","9404","0","Cadioli","","","","","","","","","","","","","","","","","","PÁ TRASEIRA MANUAL","PÁ","","","","","","","","","06/07/2026 09:54:00","RICARDO.ANTONIO","1","0","","","","","","","",""
"273981","9404","0","Cadioli","","","","","","","","","","","","","","","","","","PÁ TRASEIRA HIDRAULICA","PÁ","","","","","","","","","06/07/2026 09:54:00","RICARDO.ANTONIO","1","0","","","","","","","",""
"273982","9404","0","Cadioli","","","","","","","","","","","","","","","","","","PLAINA TRASEIRA HIDRAULICA 1.80m","PLAINA","","","","","","","","","06/07/2026 09:54:00","RICARDO.ANTONIO","1","0","","","","","","","",""
"273983","9404","0","Cadioli","","","","","","","","","","","","","","","","","","PLAINA TRASEIRA HIDRAULICA 2.0m","PLAINA","","","","","","","","","06/07/2026 09:54:00","RICARDO.ANTONIO","1","0","","","","","","","",""
"273984","9404","0","Cadioli","","","","","","","","","","","","","","","","","","PLAINA TRASEIRA HIDRAULICA 2.4m","PLAINA","","","","","","","","","06/07/2026 09:54:00","RICARDO.ANTONIO","1","0","","","","","","","",""
"273985","9404","0","JF","","","","","","","","","","","","","","","","","","VAGÃO MISTURADOR JFMIX 6000 PA C/BALANÇA","VAGÃO MISTURADOR","","","","","","","","","06/07/2026 09:54:00","RICARDO.ANTONIO","1","0","","","","","","","",""
"273986","9404","0","JF","","","","","","","","","","","","","","","","","","VAGÃO MISTURADOR JF MIX 7000 C/BALANÇA VERTICAL","VAGÃO MISTURADOR","","","","","","","","","10/07/2026 12:25:00","RICARDO.ANTONIO","1","0","","","","","","","",""
"273987","9404","0","JF","","","","","","","","","","","","","","","","","","VAGÃO MISTURADOR JF MIX 5.500 C/BALANÇA VERTICAL","VAGÃO MISTURADOR","","","","","","","","","10/07/2026 12:25:00","RICARDO.ANTONIO","1","0","","","","","","","",""
"273988","9404","0","Cadioli","","","","","","","","","","","","","","","","","","SULCADOR 1 LINHA HIDRAULICO LEVE ASA","SULCADOR","","","","","","","","","27/07/2026 10:19:00","RICARDO.ANTONIO","1","0","","","","","","","",""
"273989","9404","0","GTS","","","","","","","","","","","","","","","","","","DESCOMPACTADOR - TERRUS 06 HASTES","DESCOMPACTADOR","","","","","","","","","11/08/2026 14:47:00","RICARDO.ANTONIO","1","0","","","","","","","",""
"273990","9401","0","Massey","","","","","","","","","","","","","","","","","","7415","","","","","","","","","","13/08/2026 16:13:00","VANESSA.ALVES","1","0","","","","","","","",""
"273991","9404","0","Luma Implementos","","","","","","","","","","","","","","","","","","PODADEIRA RAPTOR 3000TT - TRASEIRA","PODADEIRA","","","","","","","","","20/08/2026 10:29:00","RICARDO.ANTONIO","1","0","","","","","","","",""
"273992","9404","0","Luma Implementos","","","","","","","","","","","","","","","","","","PODADEIRA RAPTOR 3500TT - TRASEIRA","PODADEIRA","","","","","","","","","20/08/2026 10:29:00","RICARDO.ANTONIO","1","0","","","","","","","",""
"273993","9404","0","Luma Implementos","","","","","","","","","","","","","","","","","","PODADEIRA RAPTOR 3000 - FRONTAL","PODADEIRA","","","","","","","","","20/08/2026 10:29:00","RICARDO.ANTONIO","1","0","","","","","","","",""
"273994","9404","0","Facchini","","","","","","","","","","","","","","","","","","CARRETA TANQUE - C/BOMBA","CARRETA","","","","","","","","","20/08/2026 10:29:00","RICARDO.ANTONIO","1","0","","","","","","","",""
"273995","9404","0","Facchini","","","","","","","","","","","","","","","","","","CARRETA TANQUE - C/BOMBA + KIT INCENDIO","CARRETA","","","","","","","","","20/08/2026 10:29:00","RICARDO.ANTONIO","1","0","","","","","","","",""
"273996","9404","0","Nogueira","","","","","","","","","","","","","","","","","","FORRAGEIRA 2300 AT","FORRAGEIRA","","","","","","","","","20/08/2026 10:46:00","RICARDO.ANTONIO","1","0","","","","","","","",""
"273997","9400","0","","","","","","","","","","","","","","","","","","","Safra Max","","","","","","","","","","31/08/2026 15:35:00","RICARDO.MORETTI","0","0","0","0","1","0","0","0","1","1"
"273998","9400","0","","","","","","","","","","","","","","","","","","","Tk Star","","","","","","","","","","31/08/2026 15:28:00","RICARDO.MORETTI","0","0","0","0","1","0","0","0","1","1"
"273999","9408","0","Safra Max","","","","","","","","","","","","","","","","","","SM4X","Row Command","","","","","","","","","31/08/2026 15:23:00","RICARDO.MORETTI","1","0","0","0","0","0","0","0","0","0"
"274000","9408","0","Tk Star","","","","","","","","","","","","","","","","","","Rastreador Veicular Sem Fio M2M","Gen5 Modem M","","","","","","","","","31/08/2026 15:51:00","RICARDO.MORETTI","1","0","0","0","0","0","0","0","0","0"
"273717","9404","0","Baldan","","","","","","","","","","","","","","","","","","DISTRIBUIDOR - DCFCO 3000","DISTRIBUIDOR","","","","","","","","","15/06/2026 16:03:00","RICARDO.ANTONIO","1","0","","","","","","","",""
"273718","9404","0","Baldan","","","","","","","","","","","","","","","","","","DISTRIBUIDOR - DCFCO 6000","DISTRIBUIDOR","","","","","","","","","15/06/2026 16:03:00","RICARDO.ANTONIO","1","0","","","","","","","",""
"273719","9404","0","Baldan","","","","","","","","","","","","","","","","","","DISTRIBUIDOR - DCFCO 8000","DISTRIBUIDOR","","","","","","","","","15/06/2026 16:03:00","RICARDO.ANTONIO","1","0","","","","","","","",""
"273720","9404","0","Baldan","","","","","","","","","","","","","","","","","","ROÇADEIRA - RD 1500 C/RODA","ROÇADEIRA","","","","","","","","","15/06/2026 16:03:00","RICARDO.ANTONIO","1","0","","","","","","","",""
"273721","9404","0","Baldan","","","","","","","","","","","","","","","","","","ROÇADEIRA - RD 1700 C/RODA","ROÇADEIRA","","","","","","","","","15/06/2026 16:03:00","RICARDO.ANTONIO","1","0","","","","","","","",""
"273722","9404","0","Baldan","","","","","","","","","","","","","","","","","","ROÇADEIRA - RD 1300 C/RODA","ROÇADEIRA","","","","","","","","","15/06/2026 16:03:00","RICARDO.ANTONIO","1","0","","","","","","","",""
"273723","9404","0","Baldan","","","","","","","","","","","","","","","","","","ROÇADEIRA - RD 2600","ROÇADEIRA","","","","","","","","","15/06/2026 16:03:00","RICARDO.ANTONIO","1","0","","","","","","","",""
"273724","9404","0","Baldan","","","","","","","","","","","","","","","","","","PERFURADOR DE SOLO PSH - BROCA 9"" 12""","PERFURADOR DE SOLO","","","","","","","","","15/06/2026 16:03:00","RICARDO.ANTONIO","1","0","","","","","","","",""
"273725","9404","0","Baldan","","","","","","","","","","","","","","","","","","PLAINA NIVELADORA - PNA DE ARRASTO 5M","PLAINA NIVELADORA","","","","","","","","","22/06/2026 14:18:00","RICARDO.ANTONIO","1","0","","","","","","","",""
"273726","9404","0","Civemasa","","","","","","","","","","","","","","","","","","ARADO DE PÁ REVERSIVEL - AACR2","ARADO","","","","","","","","","15/06/2026 16:03:00","RICARDO.ANTONIO","1","0","","","","","","","",""
"273727","9404","0","Civemasa","","","","","","","","","","","","","","","","","","GRADE ARADORA - SGAC ARADORA SUPER PESADA","GRADE","","","","","","","","","15/06/2026 16:03:00","RICARDO.ANTONIO","1","0","","","","","","","",""
"273728","9404","0","Civemasa","","","","","","","","","","","","","","","","","","GRADE NIVELADORA - SAC ARADORA INTERMEDIARIA","GRADE","","","","","","","","","15/06/2026 16:03:00","RICARDO.ANTONIO","1","0","","","","","","","",""
"273729","9404","0","Civemasa","","","","","","","","","","","","","","","","","","SUBSOLADO - STAC C/ROLO E C/DISCO","SUBSOLADOR CANAVIEIRO","","","","","","","","","15/06/2026 16:03:00","RICARDO.ANTONIO","1","0","","","","","","","",""
"273730","9404","0","Civemasa","","","","","","","","","","","","","","","","","","DISTRIBUIDOR LOCALIZADO - CIVEFLAX","DISTRIBUIDOR LOCALIZADO- CANA","","","","","","","","","15/06/2026 16:03:00","RICARDO.ANTONIO","1","0","","","","","","","",""
"273731","9404","0","DMB","","","","","","","","","","","","","","","","","","SULCADOR 2 LINHAS - CAIXA INDIVIDUAL","SULCADOR C/ADUBADEIRA","","","","","","","","","15/06/2026 16:03:00","RICARDO.ANTONIO","1","0","","","","","","","",""
"273732","9404","0","DMB","","","","","","","","","","","","","","","","","","SULCADOR 2 LINHAS - CAIXA UNICA 1.250 LITROS","SULCADOR C/ADUBADEIRA","","","","","","","","","15/06/2026 16:03:00","RICARDO.ANTONIO","1","0","","","","","","","",""
"273733","9404","0","DMB","","","","","","","","","","","","","","","","","","SULCADOR 2 LINHAS HIDRAULICO","SULCADOR","","","","","","","","","15/06/2026 16:03:00","RICARDO.ANTONIO","1","0","","","","","","","",""
"273734","9404","0","DMB","","","","","","","","","","","","","","","","","","SULCADOR 1 LINHA HIDRAULICO","SULCADOR","","","","","","","","","15/06/2026 16:03:00","RICARDO.ANTONIO","1","0","","","","","","","",""
"273735","9404","0","DMB","","","","","","","","","","","","","","","","","","COBRIDOR 2 LINHAS C/APLICADOR INSETICIDA","COBRIDOR DE CANA","","","","","","","","","15/06/2026 16:03:00","RICARDO.ANTONIO","1","0","","","","","","","",""
"273736","9404","0","DMB","","","","","","","","","","","","","","","","","","COBRIDOR 2 LINHAS - HIDRAULICO","COBRIDOR DE CANA","","","","","","","","","15/06/2026 16:03:00","RICARDO.ANTONIO","1","0","","","","","","","",""
"273737","9404","0","DMB","","","","","","","","","","","","","","","","","","ADUBADOR DE DISCO - 1250H","ADUBADOR DE CANA","","","","","","","","","15/06/2026 16:03:00","RICARDO.ANTONIO","1","0","","","","","","","",""
"273738","9404","0","DMB","","","","","","","","","","","","","","","","","","ADUBADOR DE SUPERFICIE","ADUBADOR DE CANA","","","","","","","","","15/06/2026 16:03:00","RICARDO.ANTONIO","1","0","","","","","","","",""
"273739","9404","0","DMB","","","","","","","","","","","","","","","","","","CULTIVADOR SÃO FRANCISCO C/HASTES","CULTIVADOR DE CANA","","","","","","","","","15/06/2026 16:03:00","RICARDO.ANTONIO","1","0","","","","","","","",""
"273740","9404","0","DMB","","","","","","","","","","","","","","","","","","CULTIVADOR QUEBRA- LOMBO","CULTIVADOR DE CANA","","","","","","","","","15/06/2026 16:03:00","RICARDO.ANTONIO","1","0","","","","","","","",""
"273741","9404","0","DMB","","","","","","","","","","","","","","","","","","CULTIVADOR QUEBRA LOMBO C/HERBICIDA","CULTIVADOR DE CANA","","","","","","","","","02/07/2026 15:37:00","RICARDO.ANTONIO","1","0","","","","","","","",""
"273742","9404","0","DMB","","","","","","","","","","","","","","","","","","CULTIVADOR QUEBRA LOMBO C/ADUBADOR E INSETICIDA","CULTIVADOR DE CANA","","","","","","","","","15/06/2026 16:03:00","RICARDO.ANTONIO","1","0","","","","","","","",""
"273743","9404","0","DMB","","","","","","","","","","","","","","","","","","CORTE DE SOQUEIRA","APLICADOR DE INSETICIDA","","","","","","","","","15/06/2026 16:03:00","RICARDO.ANTONIO","1","0","","","","","","","",""
"273744","9404","0","DMB","","","","","","","","","","","","","","","","","","ELIMINADOR DE SOQUEIRA","ELIMINADOR DE SOQUEIRA","","","","","","","","","15/06/2026 16:03:00","RICARDO.ANTONIO","1","0","","","","","","","",""
"273745","9404","0","Green System","","","","","","","","","","","","","","","","","","PULVERIZADOR PV1020 DE BARRA","PULVERIZADOR DE BARRA","","","","","","","","","15/06/2026 16:03:00","RICARDO.ANTONIO","1","0","","","","","","","",""
"273746","9404","0","GTM","","","","","","","","","","","","","","","","","","PODADEIRA PLT350TC","PODEIRA","","","","","","","","","15/06/2026 16:03:00","RICARDO.ANTONIO","1","0","","","","","","","",""
"273747","9404","0","GTM","","","","","","","","","","","","","","","","","","TRINCHA SERIE LEVE","TRINCHA","","","","","","","","","15/06/2026 16:03:00","RICARDO.ANTONIO","1","0","","","","","","","",""
"273748","9404","0","JF","","","","","","","","","","","","","","","","","","FORRAGEIRA C120 S3","FORRAGEIRA","","","","","","","","","15/06/2026 16:03:00","RICARDO.ANTONIO","1","0","","","","","","","",""
"273749","9404","0","JF","","","","","","","","","","","","","","","","","","FORRAGEIRA C120AT S5","FORRAGEIRA","","","","","","","","","15/06/2026 16:03:00","RICARDO.ANTONIO","1","0","","","","","","","",""
"273750","9404","0","JF","","","","","","","","","","","","","","","","","","FORRAGEIRA 1850 AT","FORRAGEIRA","","","","","","","","","15/06/2026 16:03:00","RICARDO.ANTONIO","1","0","","","","","","","",""
"273751","9404","0","JF","","","","","","","","","","","","","","","","","","FORRAGEIRA 2300 AT","FORRAGEIRA","","","","","","","","","15/06/2026 16:03:00","RICARDO.ANTONIO","1","0","","","","","","","",""
"273752","9404","0","JF","","","","","","","","","","","","","","","","","","FORRAGEIRA 1150 AT","FORRAGEIRA","","","","","","","","","15/06/2026 16:03:00","RICARDO.ANTONIO","1","0","","","","","","","",""
"273753","9404","0","JF","","","","","","","","","","","","","","","","","","FORRAGEIRA 1600 AT","FORRAGEIRA","","","","","","","","","15/06/2026 16:03:00","RICARDO.ANTONIO","1","0","","","","","","","",""
"273754","9404","0","JF","","","","","","","","","","","","","","","","","","FORRAGEIRA 2600 AT","FORRAGEIRA","","","","","","","","","15/06/2026 16:03:00","RICARDO.ANTONIO","1","0","","","","","","","",""
"273755","9404","0","JF","","","","","","","","","","","","","","","","","","FORRAGEIRA 3200 AT","FORRAGEIRA","","","","","","","","","15/06/2026 16:03:00","RICARDO.ANTONIO","1","0","","","","","","","",""
"273756","9404","0","JF","","","","","","","","","","","","","","","","","","PLATAFORMA DE CORTE P/ FORRAGEIRAS","FORRAGEIRA","","","","","","","","","15/06/2026 16:03:00","RICARDO.ANTONIO","1","0","","","","","","","",""
"273757","9404","0","JF","","","","","","","","","","","","","","","","","","ENSILADEIRAS JF","ENSILADEIRAS","","","","","","","","","15/06/2026 16:03:00","RICARDO.ANTONIO","1","0","","","","","","","",""
"273758","9404","0","JF","","","","","","","","","","","","","","","","","","VAGÃO MISTURADOR JFMIX 4000 PA C/BALANÇA","VAGÃO MISTURADOR","","","","","","","","","06/07/2026 09:54:00","RICARDO.ANTONIO","1","0","","","","","","","",""
"273760","9404","0","JF","","","","","","","","","","","","","","","","","","VAGÃO MISTURADOR AUTO CARREGAVEL","VAGÃO MISTURADOR","","","","","","","","","15/06/2026 16:03:00","RICARDO.ANTONIO","1","0","","","","","","","",""
"273761","9404","0","JZ","","","","","","","","","","","","","","","","","","PLAINA TRASEIRA 1.8","PLAINA","","","","","","","","","15/06/2026 16:03:00","RICARDO.ANTONIO","1","0","","","","","","","",""
"273762","9404","0","JZ","","","","","","","","","","","","","","","","","","PLAINA TRASEIRA 2.3","PLAINA","","","","","","","","","15/06/2026 16:03:00","RICARDO.ANTONIO","1","0","","","","","","","",""
"273763","9404","0","JZ","","","","","","","","","","","","","","","","","","ROÇADEIRA 1700 C/RODA","ROÇADEIRA","","","","","","","","","15/06/2026 16:03:00","RICARDO.ANTONIO","1","0","","","","","","","",""
"273764","9404","0","Kamaq","","","","","","","","","","","","","","","","","","ADUBADEIRA KOMANDER 36L CARDAN","DISTRIBUIDOR","","","","","","","","","16/06/2026 08:18:00","RICARDO.ANTONIO","1","0","","","","","","","",""
"273765","9404","0","Kamaq","","","","","","","","","","","","","","","","","","ADUBADEIRA KOMANDER 60L CARDAN","ADUBADEIRA","","","","","","","","","16/06/2026 08:18:00","RICARDO.ANTONIO","1","0","","","","","","","",""
"273766","9404","0","Kamaq","","","","","","","","","","","","","","","","","","ROÇADEIRA FRONTKOP 115 FLEX","ROÇADEIRA","","","","","","","","","16/06/2026 08:18:00","RICARDO.ANTONIO","1","0","","","","","","","",""
"273767","9404","0","Kamaq","","","","","","","","","","","","","","","","","","ROÇADEIRA KDD150S","ROÇADEIRA","","","","","","","","","16/06/2026 08:18:00","RICARDO.ANTONIO","1","0","","","","","","","",""
"273768","9404","0","Kamaq","","","","","","","","","","","","","","","","","","ROÇADEIRA KDD F230 FLEX","ROÇADEIRA","","","","","","","","","16/06/2026 08:18:00","RICARDO.ANTONIO","1","0","","","","","","","",""
"273769","9404","0","Kamaq","","","","","","","","","","","","","","","","","","ROÇADEIRA NINJA ECO 260 CRUISER","ROÇADEIRA","","","","","","","","","16/06/2026 08:18:00","RICARDO.ANTONIO","1","0","","","","","","","",""
"273770","9404","0","Kamaq","","","","","","","","","","","","","","","","","","ROÇADEIRA NINJA 260 FLAX","ROÇADEIRA","","","","","","","","","16/06/2026 08:18:00","RICARDO.ANTONIO","1","0","","","","","","","",""
"273771","9404","0","Kamaq","","","","","","","","","","","","","","","","","","ROÇADEIRA KDD 230 4 RODA","ROÇADEIRA","","","","","","","","","16/06/2026 08:18:00","RICARDO.ANTONIO","1","0","","","","","","","",""
"273772","9404","0","KBM","","","","","","","","","","","","","","","","","","ARRANCADOR AIA 2 LINHAS","ARRANCADOR","","","","","","","","","16/06/2026 08:18:00","RICARDO.ANTONIO","1","0","","","","","","","",""
"273773","9404","0","KBM","","","","","","","","","","","","","","","","","","ARRANCADOR AIA 4 LINHAS","ARRANCADOR","","","","","","","","","16/06/2026 08:18:00","RICARDO.ANTONIO","1","0","","","","","","","",""
"273774","9404","0","KBM","","","","","","","","","","","","","","","","","","ARRANCADOR AIA 6 LINHAS","ARRANCADOR","","","","","","","","","16/06/2026 08:18:00","RICARDO.ANTONIO","1","0","","","","","","","",""
"273775","9404","0","KBM","","","","","","","","","","","","","","","","","","TRANSBORDO AMENDOIM","TRANSBORDO","","","","","","","","","16/06/2026 08:18:00","RICARDO.ANTONIO","1","0","","","","","","","",""
"273776","9404","0","KBM","","","","","","","","","","","","","","","","","","RECOLHEDORA KBM","RECOLHEDORA","","","","","","","","","16/06/2026 08:18:00","RICARDO.ANTONIO","1","0","","","","","","","",""
"273777","9404","0","KBM","","","","","","","","","","","","","","","","","","LEVANTADOR DE LEIRA KBM","LEVANTADOR","","","","","","","","","16/06/2026 08:18:00","RICARDO.ANTONIO","1","0","","","","","","","",""
"273778","9404","0","Lavrale","","","","","","","","","","","","","","","","","","ROÇADEIRA DESLOCAVEL 3036EN","ROÇADEIRA","","","","","","","","","16/06/2026 08:18:00","RICARDO.ANTONIO","1","0","","","","","","","",""
"273779","9404","0","Lavrale","","","","","","","","","","","","","","","","","","ARADO DE DISCO AR 2 BACIA - 3036EN","ARADO","","","","","","","","","23/06/2026 09:10:00","RICARDO.ANTONIO","1","0","","","","","","","",""
"273782","9404","0","MARCHER","","","","","","","","","","","","","","","","","","EMBOLDADORA DE SILAGEM INGRAIN","EMBOLSADORA","","","","","","","","","16/06/2026 08:18:00","RICARDO.ANTONIO","1","0","","","","","","","",""
"273783","9404","0","MARCHER","","","","","","","","","","","","","","","","","","EMBOLSADORA AUTOMOTRIZ","EMBOLSADORA","","","","","","","","","16/06/2026 08:18:00","RICARDO.ANTONIO","1","0","","","","","","","",""
"273784","9404","0","MARCHER","","","","","","","","","","","","","","","","","","EXTRATORES OUTGRAIN","EXTRATORA","","","","","","","","","16/06/2026 08:18:00","RICARDO.ANTONIO","1","0","","","","","","","",""
"273785","9404","0","Marispan","","","","","","","","","","","","","","","","","","CONJUNTO AUTO NIVELANTE - M45","CONJUNTO FRONTAL","","","","","","","","","16/06/2026 08:18:00","RICARDO.ANTONIO","1","0","","","","","","","",""
"273786","9404","0","Marispan","","","","","","","","","","","","","","","","","","CONJUNTO AUTO NIVELANTE - M65","CONJUNTO FRONTAL","","","","","","","","","16/06/2026 08:18:00","RICARDO.ANTONIO","1","0","","","","","","","",""
"273787","9404","0","Marispan","","","","","","","","","","","","","","","","","","CONJUNTO AUTO NIVELANTE - M85","CONJUNTO FRONTAL","","","","","","","","","16/06/2026 08:18:00","RICARDO.ANTONIO","1","0","","","","","","","",""
"273788","9404","0","Marispan","","","","","","","","","","","","","","","","","","CONJUNTO AUTO NIVELANTE - M105","CONJUNTO FRONTAL","","","","","","","","","16/06/2026 08:18:00","RICARDO.ANTONIO","1","0","","","","","","","",""
"273789","9404","0","Marispan","","","","","","","","","","","","","","","","","","CONJUNTO AUTO NIVELANTE - M125","CONJUNTO FRONTAL","","","","","","","","","16/06/2026 08:18:00","RICARDO.ANTONIO","1","0","","","","","","","",""
"273790","9404","0","Marispan","","","","","","","","","","","","","","","","","","CONJUNTO AUTO NIVELANTE - M145","CONJUNTO FRONTAL","","","","","","","","","16/06/2026 08:18:00","RICARDO.ANTONIO","1","0","","","","","","","",""
"273791","9404","0","Marispan","","","","","","","","","","","","","","","","","","CONJUNTO T41","CONJUNTO FRONTAL","","","","","","","","","16/06/2026 08:18:00","RICARDO.ANTONIO","1","0","","","","","","","",""
"273792","9404","0","Marispan","","","","","","","","","","","","","","","","","","CONJUNTO T61","CONJUNTO FRONTAL","","","","","","","","","16/06/2026 08:18:00","RICARDO.ANTONIO","1","0","","","","","","","",""
"273793","9404","0","Marispan","","","","","","","","","","","","","","","","","","CONJUNTO T81","CONJUNTO FRONTAL","","","","","","","","","16/06/2026 08:18:00","RICARDO.ANTONIO","1","0","","","","","","","",""
"273794","9404","0","Marispan","","","","","","","","","","","","","","","","","","CONJUNTO T101","CONJUNTO FRONTAL","","","","","","","","","16/06/2026 08:18:00","RICARDO.ANTONIO","1","0","","","","","","","",""
"273795","9404","0","Marispan","","","","","","","","","","","","","","","","","","CONJUNTO T121","CONJUNTO FRONTAL","","","","","","","","","16/06/2026 08:18:00","RICARDO.ANTONIO","1","0","","","","","","","",""
"273796","9404","0","Marispan","","","","","","","","","","","","","","","","","","CONJUNTO PHD400","CONJUNTO FRONTAL","","","","","","","","","16/06/2026 08:18:00","RICARDO.ANTONIO","1","0","","","","","","","",""
"273797","9404","0","Marispan","","","","","","","","","","","","","","","","","","CONJUNTO PHD600","CONJUNTO FRONTAL","","","","","","","","","16/06/2026 08:18:00","RICARDO.ANTONIO","1","0","","","","","","","",""
"273798","9404","0","Marispan","","","","","","","","","","","","","","","","","","CONJUNTO - L15","CONJUNTO FRONTAL","","","","","","","","","16/06/2026 08:18:00","RICARDO.ANTONIO","1","0","","","","","","","",""
"273799","9404","0","Marispan","","","","","","","","","","","","","","","","","","PLAINA NIVELADORA 2M","ACESSORIO","","","","","","","","","16/06/2026 08:18:00","RICARDO.ANTONIO","1","0","","","","","","","",""
"273800","9404","0","Marispan","","","","","","","","","","","","","","","","","","GUINCHO BIG BAG","ACESSORIO","","","","","","","","","16/06/2026 08:18:00","RICARDO.ANTONIO","1","0","","","","","","","",""
"273801","9404","0","Marispan","","","","","","","","","","","","","","","","","","PALETEIRA","ACESSORIO","","","","","","","","","16/06/2026 08:18:00","RICARDO.ANTONIO","1","0","","","","","","","",""
"273802","9404","0","Menta Maquinas","","","","","","","","","","","","","","","","","","FORRAGEIRA ATM 1.2","FORRAGEIRA","","","","","","","","","16/06/2026 08:18:00","RICARDO.ANTONIO","1","0","","","","","","","",""
"273803","9404","0","Menta Maquinas","","","","","","","","","","","","","","","","","","FORRAGEIRA ATM 1.3","FORRAGEIRA","","","","","","","","","16/06/2026 08:18:00","RICARDO.ANTONIO","1","0","","","","","","","",""
"273804","9404","0","Menta Maquinas","","","","","","","","","","","","","","","","","","FORRAGEIRA 1 LINHA","FORRAGEIRA","","","","","","","","","16/06/2026 08:18:00","RICARDO.ANTONIO","1","0","","","","","","","",""
"273805","9404","0","Menta Maquinas","","","","","","","","","","","","","","","","","","VAGÃO MISTURADOR GIROMIX DUO","VAGÃO MISTURADOR","","","","","","","","","16/06/2026 08:18:00","RICARDO.ANTONIO","1","0","","","","","","","",""
"273806","9404","0","Menta Maquinas","","","","","","","","","","","","","","","","","","SILO PRENÇA SPM","SILAGEM","","","","","","","","","16/06/2026 08:18:00","RICARDO.ANTONIO","1","0","","","","","","","",""
"273807","9404","0","Minami","","","","","","","","","","","","","","","","","","DISTRIBUIDOR M535 B","DISTRIBUIDOR","","","","","","","","","16/06/2026 08:18:00","RICARDO.ANTONIO","1","0","","","","","","","",""
"273808","9404","0","Minami","","","","","","","","","","","","","","","","","","DISTRIBUIDOR M535 D R","DISTRIBUIDOR","","","","","","","","","16/06/2026 08:18:00","RICARDO.ANTONIO","1","0","","","","","","","",""
"273809","9404","0","Minami","","","","","","","","","","","","","","","","","","DISTRIBUIDOR M535 D TETRA","DISTRIBUIDOR","","","","","","","","","16/06/2026 08:18:00","RICARDO.ANTONIO","1","0","","","","","","","",""
"273810","9404","0","Green System","","","","","","","","","","","","","","","","","","CAIXA LONGITUDINAL DE SEMENTES","ACESSORIO","","","","","","","","","16/06/2026 08:18:00","RICARDO.ANTONIO","1","0","","","","","","","",""
"273811","9404","0","Realmaq","","","","","","","","","","","","","","","","","","VAGÃO VFR 3000","VAGÃO FORRAGEIRO","","","","","","","","","16/06/2026 08:18:00","RICARDO.ANTONIO","1","0","","","","","","","",""
"273812","9404","0","Realmaq","","","","","","","","","","","","","","","","","","VAGÃO VFR 5000","VAGÃO FORRAGEIRO","","","","","","","","","16/06/2026 08:18:00","RICARDO.ANTONIO","1","0","","","","","","","",""
"273813","9404","0","Realmaq","","","","","","","","","","","","","","","","","","VAGÃO VFR 8000","VAGÃO FORRAGEIRO","","","","","","","","","02/07/2026 15:37:00","RICARDO.ANTONIO","1","0","","","","","","","",""
"273814","9404","0","Realmaq","","","","","","","","","","","","","","","","","","VAGÃO VFR10000","VAGÃO FORRAGEIRO","","","","","","","","","02/07/2026 15:37:00","RICARDO.ANTONIO","1","0","","","","","","","",""
"273815","9404","0","Realmaq","","","","","","","","","","","","","","","","","","VAGÃO MISTURADOR MTR 6.0","VAGÃO MISTURADOR","","","","","","","","","16/06/2026 08:18:00","RICARDO.ANTONIO","1","0","","","","","","","",""
"273816","9404","0","Realmaq","","","","","","","","","","","","","","","","","","VAGÃO MISTURADOR MTR 8.0","VAGÃO MISTURADOR","","","","","","","","","16/06/2026 08:18:00","RICARDO.ANTONIO","1","0","","","","","","","",""
"273817","9404","0","Realmaq","","","","","","","","","","","","","","","","","","VAGÃO MISTURADOR MTR 10.0","VAGÃO MISTURADOR","","","","","","","","","16/06/2026 08:18:00","RICARDO.ANTONIO","1","0","","","","","","","",""
"273818","9404","0","Realmaq","","","","","","","","","","","","","","","","","","VAGÃO MISTURADOR MTR 4.0","VAGÃO MISTURADOR","","","","","","","","","16/06/2026 08:18:00","RICARDO.ANTONIO","1","0","","","","","","","",""
"273819","9404","0","Santa Izabel","","","","","","","","","","","","","","","","","","CARRETA CAFEEIRA 4000","CARRETA","","","","","","","","","24/06/2026 08:18:00","RICARDO.ANTONIO","1","0","","","","","","","",""
"273820","9404","0","Santa Izabel","","","","","","","","","","","","","","","","","","CARRETA CAFEEIRA 5000","CARRETA","","","","","","","","","16/06/2026 08:18:00","RICARDO.ANTONIO","1","0","","","","","","","",""
"273821","9404","0","Santa Izabel","","","","","","","","","","","","","","","","","","CARRETA FORRAGEIRA 9000","CARRETA","","","","","","","","","16/06/2026 08:18:00","RICARDO.ANTONIO","1","0","","","","","","","",""
"273822","9404","0","Santa Izabel","","","","","","","","","","","","","","","","","","TRANSBORDO 22 TON AMENDOIM","TRANSBORDO","","","","","","","","","16/06/2026 08:18:00","RICARDO.ANTONIO","1","0","","","","","","","",""
"273823","9404","0","Santa Izabel","","","","","","","","","","","","","","","","","","TRANSBORDO CANAVIEIRO 22TON","TRANSBORDO","","","","","","","","","16/06/2026 08:18:00","RICARDO.ANTONIO","1","0","","","","","","","",""
"273824","9404","0","Vicon","","","","","","","","","","","","","","","","","","ADUBADEIRA PSPP603","ADUBADEIRA","","","","","","","","","16/06/2026 08:18:00","RICARDO.ANTONIO","1","0","","","","","","","",""
"273825","9404","0","Vicon","","","","","","","","","","","","","","","","","","ADUBADEIRA GIRO 600","ADUBADEIRA","","","","","","","","","16/06/2026 08:18:00","RICARDO.ANTONIO","1","0","","","","","","","",""
"273826","9404","0","Vicon","","","","","","","","","","","","","","","","","","ADUBADEIRA VIBRAFLOW 1500","ADUBADEIRA","","","","","","","","","16/06/2026 08:18:00","RICARDO.ANTONIO","1","0","","","","","","","",""
"273830","9404","0","Tatu Marchesan","","","","","","","","","","","","","","","","","","DISTRIBUIDOR DCA2/DCCO 2500","DISTRIBUIDOR","","","","","","","","","16/06/2026 08:18:00","RICARDO.ANTONIO","1","0","","","","","","","",""
"273831","9404","0","Tatu Marchesan","","","","","","","","","","","","","","","","","","DISTRIBUIDOR DCA2/DCCO 5500","DISTRIBUIDOR","","","","","","","","","16/06/2026 08:18:00","RICARDO.ANTONIO","1","0","","","","","","","",""
"273832","9404","0","Tatu Marchesan","","","","","","","","","","","","","","","","","","DISTRIBUIDOR DCA2/DCCO 7500","DISTRIBUIDOR","","","","","","","","","16/06/2026 08:18:00","RICARDO.ANTONIO","1","0","","","","","","","",""
"273833","9404","0","Tatu Marchesan","","","","","","","","","","","","","","","","","","DISTRIBUIDOR DCA2/DCCO 10.500","DISTRIBUIDOR","","","","","","","","","16/06/2026 08:18:00","RICARDO.ANTONIO","1","0","","","","","","","",""
"273834","9404","0","Tatu Marchesan","","","","","","","","","","","","","","","","","","GRADE ARADORA INTERMEDIARIA GAICR","GRADE","","","","","","","","","16/06/2026 08:18:00","RICARDO.ANTONIO","1","0","","","","","","","",""
"273835","9404","0","Tatu Marchesan","","","","","","","","","","","","","","","","","","GRADE NIVELADORA - GN","GRADE","","","","","","","","","16/06/2026 08:18:00","RICARDO.ANTONIO","1","0","","","","","","","",""
"273836","9404","0","Tatu Marchesan","","","","","","","","","","","","","","","","","","GRADE NIVELADORA FLUTUANTE - GNF","GRADE","","","","","","","","","16/06/2026 08:18:00","RICARDO.ANTONIO","1","0","","","","","","","",""
"273837","9404","0","Tatu Marchesan","","","","","","","","","","","","","","","","","","ROÇADEIRA RC2 1200","ROÇADEIRA","","","","","","","","","16/06/2026 08:18:00","RICARDO.ANTONIO","1","0","","","","","","","",""
"273838","9404","0","Tatu Marchesan","","","","","","","","","","","","","","","","","","ROÇADEIRA RC2 1700","ROÇADEIRA","","","","","","","","","16/06/2026 08:18:00","RICARDO.ANTONIO","1","0","","","","","","","",""
"273839","9404","0","Tatu Marchesan","","","","","","","","","","","","","","","","","","ROÇADEIRA RC2 1500","ROÇADEIRA","","","","","","","","","16/06/2026 08:18:00","RICARDO.ANTONIO","1","0","","","","","","","",""
"273840","9404","0","Tatu Marchesan","","","","","","","","","","","","","","","","","","ROÇADEIRA ECOLOGICA RO2 - 2600","ROÇADEIRA","","","","","","","","","16/06/2026 08:18:00","RICARDO.ANTONIO","1","0","","","","","","","",""
"273841","9404","0","Piccin","","","","","","","","","","","","","","","","","","GRADE NIVELADORA FLUTUANTE - GANFPR","GRADE","","","","","","","","","16/06/2026 08:18:00","RICARDO.ANTONIO","1","0","","","","","","","",""
"273842","9404","0","Piccin","","","","","","","","","","","","","","","","","","DISTRIBUIDOR MASTER CAFEEIRA","DISTRIBUIDOR","","","","","","","","","16/06/2026 08:18:00","RICARDO.ANTONIO","1","0","","","","","","","",""
"273843","9404","0","Piccin","","","","","","","","","","","","","","","","","","DISTRIBUIDOR MASTER D 5500","DISTRIBUIDOR","","","","","","","","","16/06/2026 08:18:00","RICARDO.ANTONIO","1","0","","","","","","","",""
"273844","9404","0","Piccin","","","","","","","","","","","","","","","","","","DISTRIBUIDOR MASTER D 7500","DISTRIBUIDOR","","","","","","","","","16/06/2026 08:18:00","RICARDO.ANTONIO","1","0","","","","","","","",""
"273845","9404","0","Piccin","","","","","","","","","","","","","","","","","","GUINCHO RODA LOUCA 2000KG LANÇA AJUSTAVEL","GUINCHO","","","","","","","","","16/06/2026 08:18:00","RICARDO.ANTONIO","1","0","","","","","","","",""
"273846","9404","0","Piccin","","","","","","","","","","","","","","","","","","DISTRIBUIDOR MASTER DH 10.000","DISTRIBUIDOR","","","","","","","","","16/06/2026 08:18:00","RICARDO.ANTONIO","1","0","","","","","","","",""
"273847","9404","0","Piccin","","","","","","","","","","","","","","","","","","DESCONPACTADOR ADVANCED FLOW","DESCONPACTADOR","","","","","","","","","16/06/2026 08:18:00","RICARDO.ANTONIO","1","0","","","","","","","",""
"273848","9404","0","Sollus","","","","","","","","","","","","","","","","","","GUINCHO RODA LOUCA","GUINCHO","","","","","","","","","16/06/2026 08:18:00","RICARDO.ANTONIO","1","0","","","","","","","",""
"273849","9404","0","Sollus","","","","","","","","","","","","","","","","","","DISTRIBUIDOR DE ADUBO ORGANICO 8.0","DISTRIBUIDOR","","","","","","","","","16/06/2026 08:18:00","RICARDO.ANTONIO","1","0","","","","","","","",""
"273850","9404","0","Sollus","","","","","","","","","","","","","","","","","","DISTRIBUIDOR DE ADUBO ORGANICO CROSS 12.0","DISTRIBUIDOR","","","","","","","","","16/06/2026 08:18:00","RICARDO.ANTONIO","1","0","","","","","","","",""
"273851","9404","0","Sollus","","","","","","","","","","","","","","","","","","DISTRIBUIDOR DE ADUBO ORGANICO 6.0","DISTRIBUIDOR","","","","","","","","","16/06/2026 08:18:00","RICARDO.ANTONIO","1","0","","","","","","","",""
"273852","9404","0","Sollus","","","","","","","","","","","","","","","","","","GRANELEIRA BAZUCA 12.0","GRANELEIRA","","","","","","","","","16/06/2026 08:18:00","RICARDO.ANTONIO","1","0","","","","","","","",""
"273853","9404","0","Sollus","","","","","","","","","","","","","","","","","","GRANELEIRA BAZUCA 15.0","GRANELEIRA","","","","","","","","","16/06/2026 08:18:00","RICARDO.ANTONIO","1","0","","","","","","","",""
"273854","9404","0","Sollus","","","","","","","","","","","","","","","","","","GRANELEIRA BAZUCA 20.0","GRANELEIRA","","","","","","","","","16/06/2026 08:18:00","RICARDO.ANTONIO","1","0","","","","","","","",""
"273855","9404","0","Marispan","","","","","","","","","","","","","","","","","","FERTINOX 1200","DISTRIBUIDOR","","","","","","","","","16/06/2026 08:18:00","RICARDO.ANTONIO","1","0","","","","","","","",""
"273856","9404","0","Marispan","","","","","","","","","","","","","","","","","","FERTINOX HIDRAULICA 1500","DISTRIBUIDOR","","","","","","","","","16/06/2026 08:18:00","RICARDO.ANTONIO","1","0","","","","","","","",""
"273857","9404","0","Marispan","","","","","","","","","","","","","","","","","","FERTINOX CITROS 4500","DISTRIBUIDOR","","","","","","","","","16/06/2026 08:18:00","RICARDO.ANTONIO","1","0","","","","","","","",""
"273858","9404","0","GTM","","","","","","","","","","","","","","","","","","TRANSBORDO TC 7000 GTM","TRANSBORDO","","","","","","","","","16/06/2026 08:18:00","RICARDO.ANTONIO","1","0","","","","","","","",""
"273859","9404","0","Nogueira","","","","","","","","","","","","","","","","","","SEGADEIRA DE DISCO","FENAÇÃO","","","","","","","","","16/06/2026 08:18:00","RICARDO.ANTONIO","1","0","","","","","","","",""
"273860","9404","0","Nogueira","","","","","","","","","","","","","","","","","","ENLEIRADOR ANCINHO","FENAÇÃO","","","","","","","","","16/06/2026 08:18:00","RICARDO.ANTONIO","1","0","","","","","","","",""
"273861","9404","0","Nogueira","","","","","","","","","","","","","","","","","","ENSILADEIRAS","ENSILADEIRAS","","","","","","","","","16/06/2026 08:18:00","RICARDO.ANTONIO","1","0","","","","","","","",""
"273862","9404","0","Nogueira","","","","","","","","","","","","","","","","","","ENFARDADEIRA EXPRESS","FERNAÇÃO","","","","","","","","","16/06/2026 08:18:00","RICARDO.ANTONIO","1","0","","","","","","","",""
"273863","9404","0","Nogueira","","","","","","","","","","","","","","","","","","VAGÃO MISTURADOR PA","VAGÃO MISTURADOR","","","","","","","","","16/06/2026 08:18:00","RICARDO.ANTONIO","1","0","","","","","","","",""
"273864","9404","0","JZ","","","","","","","","","","","","","","","","","","PÁ TRASEIRA MANUAL 220L","PÁ","","","","","","","","","02/07/2026 15:37:00","RICARDO.ANTONIO","1","0","","","","","","","",""
"273865","9404","0","JZ","","","","","","","","","","","","","","","","","","PÁ TRASEIRA HIDRAULICA 220L","PÁ","","","","","","","","","16/06/2026 08:18:00","RICARDO.ANTONIO","1","0","","","","","","","",""
"273866","9404","0","JZ","","","","","","","","","","","","","","","","","","PLATAFORMA TRASEIRA DE HIDRAULICO","PLATAFORMA","","","","","","","","","16/06/2026 08:18:00","RICARDO.ANTONIO","1","0","","","","","","","",""
"273867","9404","0","Baldan","","","","","","","","","","","","","","","","","","GRADE ARADORA INTERMEDIARIA - CRI 16X28X270mm","GRADE","","","","","","","","","16/06/2026 08:18:00","RICARDO.ANTONIO","1","0","","","","","","","",""
"273868","9404","0","Baldan","","","","","","","","","","","","","","","","","","GRADE ARADORA INTERMEDIARIA - CRI 20X28X270mm","GRADE","","","","","","","","","16/06/2026 08:18:00","RICARDO.ANTONIO","1","0","","","","","","","",""
"273869","9404","0","Baldan","","","","","","","","","","","","","","","","","","GRADE ARADORA - CRSG 16X28X230mm","GRADE","","","","","","","","","16/06/2026 08:18:00","RICARDO.ANTONIO","1","0","","","","","","","",""
"273870","9404","0","Baldan","","","","","","","","","","","","","","","","","","GRADE ARADORA - CRSG 20X28X230mm","GRADE","","","","","","","","","16/06/2026 08:18:00","RICARDO.ANTONIO","1","0","","","","","","","",""
"273872","9404","0","São José Industrial","","","","","","","","","","","","","","","","","","GRANELEIRA GRAN SPEED 16.500","GRANELEIRA","","","","","","","","","16/06/2026 08:18:00","RICARDO.ANTONIO","1","0","","","","","","","",""
"273873","9404","0","São José Industrial","","","","","","","","","","","","","","","","","","GRANELEIRA GRAN SPEED 20.000","GRANELEIRA","","","","","","","","","16/06/2026 08:18:00","RICARDO.ANTONIO","1","0","","","","","","","",""
"273874","9404","0","São José Industrial","","","","","","","","","","","","","","","","","","GRANELEIRA MULTIUSO 14.000","GRANELEIRA","","","","","","","","","16/06/2026 08:18:00","RICARDO.ANTONIO","1","0","","","","","","","",""
"273875","9404","0","São José Industrial","","","","","","","","","","","","","","","","","","GRANELEIRA MULTIUSO 20.000","GRANELEIRA","","","","","","","","","16/06/2026 08:18:00","RICARDO.ANTONIO","1","0","","","","","","","",""
"273876","9404","0","São José Industrial","","","","","","","","","","","","","","","","","","CHORUMEIRA 4000L","DISTRIBUIDOR ORGANICO","","","","","","","","","16/06/2026 08:18:00","RICARDO.ANTONIO","1","0","","","","","","","",""
"273877","9404","0","São José Industrial","","","","","","","","","","","","","","","","","","CHORUMEIRA 6500L","DISTRIBUIDOR ORGANICO","","","","","","","","","16/06/2026 08:18:00","RICARDO.ANTONIO","1","0","","","","","","","",""
"273878","9404","0","Miac","","","","","","","","","","","","","","","","","","ARRANCADOR DE AMENDOIM - C200","ARRANCADOR","","","","","","","","","16/06/2026 08:18:00","RICARDO.ANTONIO","1","0","","","","","","","",""
"273879","9404","0","Miac","","","","","","","","","","","","","","","","","","ARRANCADOR DE AMENDOIM - C400","ARRANCADOR","","","","","","","","","16/06/2026 08:18:00","RICARDO.ANTONIO","1","0","","","","","","","",""
"273880","9404","0","Miac","","","","","","","","","","","","","","","","","","ARRANCADOR DE AMENDOIM - C600","ARRANCADOR","","","","","","","","","16/06/2026 08:18:00","RICARDO.ANTONIO","1","0","","","","","","","",""
"273881","9404","0","Miac","","","","","","","","","","","","","","","","","","MEXEDOR DE LEIRA","MEXEDOR","","","","","","","","","16/06/2026 08:18:00","RICARDO.ANTONIO","1","0","","","","","","","",""
"273882","9404","0","Miac","","","","","","","","","","","","","","","","","","RECOLHEDORA DE AMENDOIM TWIN MASTER II LINHAS","RECOLHEDORA","","","","","","","","","16/06/2026 08:18:00","RICARDO.ANTONIO","1","0","","","","","","","",""
"273883","9404","0","Miac","","","","","","","","","","","","","","","","","","RECOLHEDORA DE AMENDOIM - DOUBLE MASTER III","RECOLHEDORA","","","","","","","","","16/06/2026 08:18:00","RICARDO.ANTONIO","1","0","","","","","","","",""
"273884","9404","0","Miac","","","","","","","","","","","","","","","","","","RECOLHEDORA DE AMENDOIM - DOUBLE MASTER VI","RECOLHEDORA","","","","","","","","","16/06/2026 08:18:00","RICARDO.ANTONIO","1","0","","","","","","","",""
"273885","9404","0","Miac","","","","","","","","","","","","","","","","","","RECOLHEDORA MASTER CAFÉ 3E","RECOLHEDORA CAFÉ","","","","","","","","","16/06/2026 08:18:00","RICARDO.ANTONIO","1","0","","","","","","","",""
"273886","9404","0","Miac","","","","","","","","","","","","","","","","","","SOPRADOR DE CAFE ASM 1S","SOPRADOR","","","","","","","","","16/06/2026 08:18:00","RICARDO.ANTONIO","1","0","","","","","","","",""
"273887","9404","0","Miac","","","","","","","","","","","","","","","","","","SOPRADOR DE CAFE ASM 2S","SOPRADOR","","","","","","","","","16/06/2026 08:18:00","RICARDO.ANTONIO","1","0","","","","","","","",""
"273888","9404","0","Miac","","","","","","","","","","","","","","","","","","TRASNBORDO CAFÉ CTG4500","TRANSBORDO","","","","","","","","","16/06/2026 08:18:00","RICARDO.ANTONIO","1","0","","","","","","","",""
"273889","9404","0","Miac","","","","","","","","","","","","","","","","","","TRANSBORDO AMENDOIM CTA 6500","TRANSBORDO","","","","","","","","","16/06/2026 08:18:00","RICARDO.ANTONIO","1","0","","","","","","","",""
"273890","9404","0","KO","","","","","","","","","","","","","","","","","","ATOMIZADOR CA 400L","ATOMIZADOR","","","","","","","","","16/06/2026 08:18:00","RICARDO.ANTONIO","1","0","","","","","","","",""
"273891","9404","0","KO","","","","","","","","","","","","","","","","","","ATOMIZADOR DE ARRASTO CA 1000L","ATOMIZADOR","","","","","","","","","16/06/2026 08:18:00","RICARDO.ANTONIO","1","0","","","","","","","",""
"273892","9404","0","KO","","","","","","","","","","","","","","","","","","ATOMIZADOR DE ARRASTO SPEED JET 2000L","ATOMIZADOR","","","","","","","","","16/06/2026 08:18:00","RICARDO.ANTONIO","1","0","","","","","","","",""
"273893","9404","0","Agro-Leite","","","","","","","","","","","","","","","","","","CAPOTA FECHADA EN","CAPOTA","","","","","","","","","16/06/2026 11:05:00","RICARDO.ANTONIO","1","0","","","","","","","",""
"273895","9404","0","Green System","","","","","","","","","","","","","","","","","","PLATAFORMA DE MILHO","PLATAFORMA","","","","","","","","","16/06/2026 11:05:00","RICARDO.ANTONIO","1","0","","","","","","","",""
"273896","9404","0","Orion","","","","","","","","","","","","","","","","","","T300 (PLANTADEIRA DE 4 A 10 LINHAS)","TANQUE INOCULANTE","","","","","","","","","16/06/2026 11:05:00","RICARDO.ANTONIO","1","0","","","","","","","",""
"273897","9404","0","Orion","","","","","","","","","","","","","","","","","","T400 (PLANTADEIRA DE 9 A 13 LINHAS)","TANQUE INOCULANTE","","","","","","","","","16/06/2026 11:05:00","RICARDO.ANTONIO","1","0","","","","","","","",""
"273898","9404","0","Orion","","","","","","","","","","","","","","","","","","T600 (PLANTADEIRA DE 11 A 15 LINHAS)","TANQUE INOCULANTE","","","","","","","","","16/06/2026 11:05:00","RICARDO.ANTONIO","1","0","","","","","","","",""
"273899","9404","0","Orion","","","","","","","","","","","","","","","","","","CARRETA CALDA PRONTA RS3000","CARRETA","","","","","","","","","16/06/2026 11:05:00","RICARDO.ANTONIO","1","0","","","","","","","",""
"273900","9404","0","GTM","","","","","","","","","","","","","","","","","","PODADEIRA PLT 350 - 4 DISCOS","PODADEIRA","","","","","","","","","16/06/2026 15:32:00","RICARDO.ANTONIO","1","0","","","","","","","",""
"273901","9404","0","GTM","","","","","","","","","","","","","","","","","","PODEIRA CAFÉ - DECOTADEIRA 2 DISCOS","PODADEIRA","","","","","","","","","16/06/2026 15:32:00","RICARDO.ANTONIO","1","0","","","","","","","",""
"273902","9404","0","GTM","","","","","","","","","","","","","","","","","","PODADEIRA CAFÉ - PIRÂMIDE 2000 - 2 DISCOS","PODADEIRA","","","","","","","","","16/06/2026 15:32:00","RICARDO.ANTONIO","1","0","","","","","","","",""
"273903","9404","0","GTM","","","","","","","","","","","","","","","","","","PODADEIRA CAFÉ - PIRÂMIDE 3000 - 3 DISCOS","PODADEIRA","","","","","","","","","16/06/2026 15:32:00","RICARDO.ANTONIO","1","0","","","","","","","",""
"273904","9400","1","","","","","","","","","","","","","","","","","","","CIMAG","","","","","","","","","","17/06/2026 10:51:00","RICARDO.MORETTI","0","0","0","0","0","0","0","0","1","0"
"273905","9404","0","CIMAG","","","","","","","","","","","","","","","","","","ATOMIZADOR 250L - 3036EN","ATOMIZADOR 3036","","","","","","","","","30/06/2026 10:28:00","RICARDO.ANTONIO","1","0","","","","","","","",""
"273906","9404","0","Civemasa","","","","","","","","","","","","","","","","","","COMPOSTADOR DE RESIDUOS ORGANICOS CRO 2.0","COMPOSTADOR","","","","","","","","","18/06/2026 11:44:00","RICARDO.ANTONIO","1","0","","","","","","","",""
"273907","9404","0","Civemasa","","","","","","","","","","","","","","","","","","COMPOSTADOR DE RESIDUOS ORGANICOS CRO 4.0","COMPOSTADOR","","","","","","","","","18/06/2026 11:44:00","RICARDO.ANTONIO","1","0","","","","","","","",""
"273908","9404","0","Civemasa","","","","","","","","","","","","","","","","","","COMPOSTADOR DE RESIDUOS ORGANICOS CRO 5.0","COMPOSTADOR","","","","","","","","","18/06/2026 11:44:00","RICARDO.ANTONIO","1","0","","","","","","","",""
"273909","9404","0","Ikeda","","","","","","","","","","","","","","","","","","SEMEADORA MS","SEMEADORA","","","","","","","","","18/06/2026 14:40:00","RICARDO.ANTONIO","1","0","","","","","","","",""
"273910","9404","0","Ikeda","","","","","","","","","","","","","","","","","","ARADO FIXO H - COM RODA GUIA 2 HATES","ARADO","","","","","","","","","18/06/2026 14:40:00","RICARDO.ANTONIO","1","0","","","","","","","",""
"273911","9404","0","Ikeda","","","","","","","","","","","","","","","","","","ARADO FIXO H - COM RODA GUIA 3 HATES","ARADO","","","","","","","","","18/06/2026 14:40:00","RICARDO.ANTONIO","1","0","","","","","","","",""
"273912","9404","0","Ikeda","","","","","","","","","","","","","","","","","","ARADO FIXO H - COM RODA GUIA 4 HATES","ARADO","","","","","","","","","18/06/2026 14:40:00","RICARDO.ANTONIO","1","0","","","","","","","",""
"273913","9404","0","Ikeda","","","","","","","","","","","","","","","","","","ARADO FIXO H - COM RODA GUIA 5 HATES","ARADO","","","","","","","","","18/06/2026 14:40:00","RICARDO.ANTONIO","1","0","","","","","","","",""
"273914","9404","0","Ikeda","","","","","","","","","","","","","","","","","","ARADO REVERSIVEL MR - COM RODA GUIA 3 HASTES","ARADO","","","","","","","","","18/06/2026 14:40:00","RICARDO.ANTONIO","1","0","","","","","","","",""
"273915","9404","0","Ikeda","","","","","","","","","","","","","","","","","","ARADO REVERSIVEL MR - COM RODA GUIA 4 HASTES","ARADO","","","","","","","","","18/06/2026 14:40:00","RICARDO.ANTONIO","1","0","","","","","","","",""
"273917","9404","0","Turim","","","","","","","","","","","","","","","","","","GUINCHO RODA LOUCA 2.000KG 2T","GUINCHO","","","","","","","","","18/06/2026 14:40:00","RICARDO.ANTONIO","1","0","","","","","","","",""
"273918","9404","0","Acton","","","","","","","","","","","","","","","","","","CARRETA DE TRANSPORTE 30PES - PLATAFORMA CORTE/MILHO","CARRETA","","","","","","","","","02/07/2026 15:37:00","RICARDO.ANTONIO","1","0","","","","","","","",""
"273919","9404","0","Acton","","","","","","","","","","","","","","","","","","RESERVATORIO FIXO DE DIESEL","TANQUE","","","","","","","","","18/06/2026 14:40:00","RICARDO.ANTONIO","1","0","","","","","","","",""
"273920","9404","0","Herbicat","","","","","","","","","","","","","","","","","","KIT CATAÇÃO - CANA C/RODA","CATAÇÃO","","","","","","","","","18/06/2026 14:40:00","RICARDO.ANTONIO","1","0","","","","","","","",""
"273921","9404","0","Herbicat","","","","","","","","","","","","","","","","","","BARRA FRONTAL DE HERBICIDA 2,10m","CATAÇÃO","","","","","","","","","18/06/2026 14:40:00","RICARDO.ANTONIO","1","0","","","","","","","",""
"273922","9404","0","Herbicat","","","","","","","","","","","","","","","","","","BARRA FRONTAL DE HERBICIDA 1,75m","CATAÇÃO","","","","","","","","","18/06/2026 14:40:00","RICARDO.ANTONIO","1","0","","","","","","","",""
"273923","9404","0","Herbicat","","","","","","","","","","","","","","","","","","BARRA FRONTAL DE HERBICIDA 1,50m","CATAÇÃO","","","","","","","","","18/06/2026 14:40:00","RICARDO.ANTONIO","1","0","","","","","","","",""
"273924","9404","0","Tatu Marchesan","","","","","","","","","","","","","","","","","","PERFURADOR DE SOLO PS - BROCA 9 "" 12""","PERFURADOR DE SOLO","","","","","","","","","19/06/2026 08:07:00","RICARDO.ANTONIO","1","0","","","","","","","",""
"273925","9404","0","JZ","","","","","","","","","","","","","","","","","","PERFURADOR DE SOLO PST - BROCA 9"" 12""","PERFURADOR DE SOLO","","","","","","","","","19/06/2026 08:07:00","RICARDO.ANTONIO","1","0","","","","","","","",""
"273926","9404","0","Baldan","","","","","","","","","","","","","","","","","","GRADE ARADORA PESADA - CRIR 24X28 ESP 300mm","GRADE","","","","","","","","","22/06/2026 08:04:00","RICARDO.ANTONIO","1","0","","","","","","","",""
"273927","9404","0","Baldan","","","","","","","","","","","","","","","","","","GRADE ARADORA PESADA - CRIR 20X28 ESP300mm","GRADE","","","","","","","","","22/06/2026 08:04:00","RICARDO.ANTONIO","1","0","","","","","","","",""
"273928","9404","0","Baldan","","","","","","","","","","","","","","","","","","GRADE ARADORA PESADA - CRIR 22X28 ESP300mm","GRADE","","","","","","","","","22/06/2026 08:04:00","RICARDO.ANTONIO","1","0","","","","","","","",""
"273929","9404","0","Baldan","","","","","","","","","","","","","","","","","","TERRACEADOR - TACR 14X26 ESP 400mm","TERRACEADOR","","","","","","","","","22/06/2026 14:18:00","RICARDO.ANTONIO","1","0","","","","","","","",""
"273930","9404","0","Baldan","","","","","","","","","","","","","","","","","","TERRACEADOR - TACR 16X26 ESP 400mm","TERRACEADOR","","","","","","","","","22/06/2026 14:18:00","RICARDO.ANTONIO","1","0","","","","","","","",""
"273931","9404","0","Baldan","","","","","","","","","","","","","","","","","","TERRACEADOR - TACR 18X26 ESP 400mm","TERRACEADOR","","","","","","","","","22/06/2026 14:18:00","RICARDO.ANTONIO","1","0","","","","","","","",""
"273932","9404","0","Baldan","","","","","","","","","","","","","","","","","","PLAINA NIVELADORA - PNA DE ARRASTO 3M","PLAINA NIVELADORA","","","","","","","","","22/06/2026 14:18:00","RICARDO.ANTONIO","1","0","","","","","","","",""
"273933","9404","0","Baldan","","","","","","","","","","","","","","","","","","ARADO REVERSÍVEL HIDRAULICO - ARH 4 BACIA","ARADO","","","","","","","","","22/06/2026 14:18:00","RICARDO.ANTONIO","1","0","","","","","","","",""
"273934","9404","0","JZ","","","","","","","","","","","","","","","","","","SUBSOLADOR - AST C/RODA DE FERRO 03 HASTES","SUBSOLADOR","","","","","","","","","22/06/2026 14:18:00","RICARDO.ANTONIO","1","0","","","","","","","",""
"273935","9404","0","JZ","","","","","","","","","","","","","","","","","","SUBSOLADOR - AST C/RODA DE FERRO 05 HASTES","SUBSOLADOR","","","","","","","","","22/06/2026 14:18:00","RICARDO.ANTONIO","1","0","","","","","","","",""
"273936","9404","0","JZ","","","","","","","","","","","","","","","","","","SUBSOLADOR - AST C/RODA DE FERRO 07 HASTES","SUBSOLADOR","","","","","","","","","22/06/2026 14:18:00","RICARDO.ANTONIO","1","0","","","","","","","",""
"273937","9404","0","Baldan","","","","","","","","","","","","","","","","","","SUBSOLADOR - ASTH C/RODA DE FERRO 05 HASTES","SUBSOLADOR","","","","","","","","","22/06/2026 14:18:00","RICARDO.ANTONIO","1","0","","","","","","","",""
"273938","9404","0","Baldan","","","","","","","","","","","","","","","","","","SUBSOLADOR - ASTH C/RODA DE FERRO 07 HASTES","SUBSOLADOR","","","","","","","","","22/06/2026 14:18:00","RICARDO.ANTONIO","1","0","","","","","","","",""
"273939","9404","0","Tatu Marchesan","","","","","","","","","","","","","","","","","","SUBSOLADOR - AST C/RODA DE FERRO 03 HASTES","SUBSOLADOR","","","","","","","","","22/06/2026 14:18:00","RICARDO.ANTONIO","1","0","","","","","","","",""
"273940","9404","0","Tatu Marchesan","","","","","","","","","","","","","","","","","","SUBSOLADOR - AST C/RODA DE FERRO 05 HASTES","SUBSOLADOR","","","","","","","","","22/06/2026 14:18:00","RICARDO.ANTONIO","1","0","","","","","","","",""
"273941","9404","0","Tatu Marchesan","","","","","","","","","","","","","","","","","","SUBSOLADOR - AST C/RODA DE FERRO 07 HASTES","SUBSOLADOR","","","","","","","","","22/06/2026 14:18:00","RICARDO.ANTONIO","1","0","","","","","","","",""
"273942","9404","0","Vicon","","","","","","","","","","","","","","","","","","TRINCHA TRLS 90E - SUPER LEVE","TRINCHA","","","","","","","","","22/06/2026 14:18:00","RICARDO.ANTONIO","1","0","","","","","","","",""
"273943","9404","0","Vicon","","","","","","","","","","","","","","","","","","TRINCHA TRL 1,20m H","TRINCHA","","","","","","","","","22/06/2026 14:18:00","RICARDO.ANTONIO","1","0","","","","","","","",""
"273944","9404","0","Vicon","","","","","","","","","","","","","","","","","","TRINCHA TRL 1,40m H","TRINCHA","","","","","","","","","22/06/2026 14:18:00","RICARDO.ANTONIO","1","0","","","","","","","",""
"273945","9404","0","Vicon","","","","","","","","","","","","","","","","","","TRINCHA TRL 1,60m H","TRINCHA","","","","","","","","","22/06/2026 14:18:00","RICARDO.ANTONIO","1","0","","","","","","","",""
"273946","9404","0","Vicon","","","","","","","","","","","","","","","","","","VACCA 2.0m HIDRAULICA","VACCA","","","","","","","","","22/06/2026 14:18:00","RICARDO.ANTONIO","1","0","","","","","","","",""
