"SeqFormulario","Questao","Lista","ProximaQuestao","Ordem","Nomecoluna","Peso","EmUso"
"1","1","Indiferente","","110","Q001_INDIFERENTE","1,00","1"
"1","1","Insatisfeito","","100","Q001_INSATISFEITO","1,00","1"
"1","1","Satisfeito","","120","Q001_SATISFEITO","1,00","1"
"1","4","0","","100","Q004_0","1,00","1"
"1","4","1","","110","Q004_1","1,00","1"
"1","4","10","","200","Q004_10","1,00","1"
"1","4","2","","120","Q004_2","1,00","1"
"1","4","3","","130","Q004_3","1,00","1"
"1","4","4","","140","Q004_4","1,00","1"
"1","4","5","","150","Q004_5","1,00","1"
"1","4","6","","160","Q004_6","1,00","1"
"1","4","7","","170","Q004_7","1,00","1"
"1","4","8","","180","Q004_8","1,00","1"
"1","4","9","","190","Q004_9","1,00","1"
"1","6","Não","","20","","1,00",""
"1","6","Sim","","10","","1,00",""
"2","1","0","","100","Q001_ZERO","1,00","1"
"2","1","1","","110","Q001_UM","1,00","1"
"2","1","10","","200","Q001_DEZ","1,00","1"
"2","1","2","","120","Q001_DOIS","1,00","1"
"2","1","3","","130","Q001_TRES","1,00","1"
"2","1","4","","140","Q001_QUATRO","1,00","1"
"2","1","5","","150","Q001_CINCO","1,00","1"
"2","1","6","","160","Q001_SEIS","1,00","1"
"2","1","7","","170","Q001_SETE","1,00","1"
"2","1","8","","180","Q001_OITO","1,00","1"
"2","1","9","","190","Q001_NOVE","1,00","1"
"2","2","Indiferente","","110","Q002_INDIFERENTE","1,00","1"
"2","2","Insatisfeito","","100","Q002_INSATISFEITO","1,00","1"
"2","2","Satisfeito","","120","Q002_SATISFEITO","1,00","1"
"2","3","Indiferente","","110","Q003_INDIFERENTE","1,00","1"
"2","3","Insatisfeito","","100","Q003_INSATISFEITO","1,00","1"
"2","3","Satisfeito","","120","Q003_SATISFEITO","1,00","1"
"2","4","Indiferente","","110","Q004_INDIFERENTE","1,00","1"
"2","4","Insatisfeito","","100","Q004_INSATISFEITO","1,00","1"
"2","4","Satisfeito","","120","Q004_SATISFEITO","1,00","1"
"2","5","Não","","20","","1,00",""
"2","5","Sim","","10","","1,00",""
"2","6","Indiferente","","110","Q006_INDIFERENTE","1,00","1"
"2","6","Insatisfeito","","100","Q006_INSATISFEITO","1,00","1"
"2","6","Satisfeito","","120","Q006_SATISFEITO","1,00","1"
"2","7","Área de Peças","","130","Q007_AREA_DE_PECAS","1,00","1"
"2","7","Área de Serviços","","140","Q007_AREA_DE_SERVICO","1,00","1"
"2","7","Área de Vendas ","","120","Q007_AREA_DE_VENDAS","1,00","1"
"2","7","Espaço Físico","","160","Q007_ESPACO_FISICO","1,00","1"
"2","7","Estrutura","","100","Q007_ESTRUTURA","1,00","1"
"2","7","Organização","","150","Q007_ORGANIZACAO","1,00","1"
"3","1","0","","100","Q001_ZERO","1,00","1"
"3","1","1","","110","Q001_UM","1,00","1"
"3","1","10","","200","Q001_DEZ","1,00","1"
"3","1","2","","120","Q001_DOIS","1,00","1"
"3","1","3","","130","Q001_TRES","1,00","1"
"3","1","4","","140","Q001_QUATRO","1,00","1"
"3","1","5","","150","Q001_CINCO","1,00","1"
"3","1","6","","160","Q001_SEIS","1,00","1"
"3","1","7","","170","Q001_SETE","1,00","1"
"3","1","8","","180","Q001_OITO","1,00","1"
"3","1","9","","190","Q001_NOVE","1,00","1"
"3","2","Indiferente","","110","Q002_INDIFERENTE","1,00","1"
"3","2","Insatisfeito","","100","Q002_INSATISFEITO","1,00","1"
"3","2","Satisfeito","","120","Q002_SATISFEITO","1,00","1"
"3","3","Indiferente","","110","Q003_INDIFERENTE","1,00","1"
"3","3","Insatisfeito","","100","Q003_INSATISFEITO","1,00","1"
"3","3","Satisfeito","","120","Q003_SATISFEITO","1,00","1"
"3","4","Indiferente","","110","Q004_INDIFERENTE","1,00","1"
"3","4","Insatisfeito","","100","Q004_INSATISFEITO","1,00","1"
"3","4","Satisfeito","","120","Q004_SATISFEITO","1,00","1"
"3","5","Não","","20","","1,00",""
"3","5","Sim","","10","","1,00",""
"3","6","Indiferente","","110","Q006_INDIFERENTE","1,00","1"
"3","6","Insatisfeito","","100","Q006_INSATISFEITO","1,00","1"
"3","6","Satisfeito","","120","Q006_SATISFEITO","1,00","1"
"3","7","Áera de Peças","","120","Q007_AREA_PECAS","1,00","1"
"3","7","Área de Serviços","","130","Q007_AREA_SERVICO","1,00","1"
"3","7","Área de Vendas","","110","Q007_AREA_VENDAS","1,00","1"
"3","7","Espaço Físico","","150","Q007_ESPACO_FISICO","1,00","1"
"3","7","Estrutura","","100","Q007_ESTRUTURA","1,00","1"
"3","7","Organização","","140","Q007_ORGANIZACAO","1,00","1"
"4","1","Indiferente","","110","Q001_INDIFERENTE","1,00","1"
"4","1","Insatisfeito","","100","Q001_INSATISFEITO","1,00","1"
"4","1","Satisfeito","","120","Q001_SATISFEITO","1,00","1"
"6","12","Bom","","200","","1,00",""
"6","12","Otimo","","100","","1,00",""
"6","12","Pessimo","","500","","1,00",""
"6","12","Regular","","300","","1,00",""
"6","12","Ruim","","400","","1,00",""
"6","13","Com vazamento","","100","","1,00",""
"6","13","Sem Vazamento","","100","","1,00",""
"6","14","Com vazamento","","100","","1,00",""
"6","14","Sem vazamento","","100","","1,00",""
"6","15","Com vazamento","","100","","1,00",""
"6","15","Sem vazamento","","100","","1,00",""
"6","16","Bom","","200","","1,00",""
"6","16","Otimo","","100","","1,00",""
"6","16","Péssimo","","500","","1,00",""
"6","16","Regular","","300","","1,00",""
"6","16","Ruim","","400","","1,00",""
"6","17","Bom","","200","","1,00",""
"6","17","Otimo","","100","","1,00",""
"6","17","Péssimo","","500","","1,00",""
"6","17","Regular","","300","","1,00",""
"6","17","Ruim","","400","","1,00",""
"6","18","Avariado","","400","","1,00",""
"6","18","Não se Aplica","","500","","1,00",""
"6","18","Novos","","100","","1,00",""
"6","18","Recapados","","300","","1,00",""
"6","18","Usados","","200","","1,00",""
"6","19","Avariado","","400","","1,00",""
"6","19","Não se aplica","","500","","1,00",""
"6","19","Novos","","100","","1,00",""
"6","19","Recapados","","300","","1,00",""
"6","19","Usados","","200","","1,00",""
"6","20","Avariados","","400","","1,00",""
"6","20","Não se aplica","","500","","1,00",""
"6","20","Novos","","100","","1,00",""
"6","20","Recapados","","300","","1,00",""
"6","20","Usados","","200","","1,00",""
"6","21","Avariados","","400","","1,00",""
"6","21","Não se aplica","","500","","1,00",""
"6","21","Novos","","100","","1,00",""
"6","21","Recapados","","300","","1,00",""
"6","21","Usados","","200","","1,00",""
"6","23","Não","","20","","1,00",""
"6","23","Sim","","10","","1,00",""
"6","25","Antes entrega novo","","100","","1,00",""
"6","25","Depois entrega novo","","300","","1,00",""
"6","25","Durante entrega novo","","200","","1,00",""
"6","26","Antes entrega novo","","100","","1,00",""
"6","26","Apos entrega novo","","300","","1,00",""
"6","26","Cliente entrega","","400","","1,00",""
"6","26","Durante entrega novo","","200","","1,00",""
"6","27","Não","","20","","1,00",""
"6","27","Sim","","10","","1,00",""
"6","30","Bom","","200","","1,00",""
"6","30","Otimo","","100","","1,00",""
"6","30","Pessimo","","500","","1,00",""
"6","30","Regular","","300","","1,00",""
"6","30","Ruim","","400","","1,00",""
"6","31","Não","","20","","1,00",""
"6","31","Sim","","10","","1,00",""
"6","32","Bom ","","200","","1,00",""
"6","32","Otimo","","100","","1,00",""
"6","32","Pessimo","","500","","1,00",""
"6","32","Regular","","300","","1,00",""
"6","32","Ruim","","400","","1,00",""
"6","33","Bom","","200","","1,00",""
"6","33","Não se aplica","","600","","1,00",""
"6","33","Otimo","","100","","1,00",""
"6","33","Pessimo","","500","","1,00",""
"6","33","Regular","","300","","1,00",""
"6","33","Ruim","","400","","1,00",""
"6","34","Bom","","200","","1,00",""
"6","34","Não se aplica","","600","","1,00",""
"6","34","Otimo","","100","","1,00",""
"6","34","Pessimo","","500","","1,00",""
"6","34","Regular","","300","","1,00",""
"6","34","Ruim","","400","","1,00",""
"7","1","1 - Ótimo","","100","","1,00",""
"7","1","2 - Bom","","150","","1,00",""
"7","1","3 - Regular","","200","","1,00",""
"7","1","4 - Ruim","","250","","1,00",""
"7","1","5 - Péssimo","","300","","1,00",""
"7","2","1 - Ótimo","","100","","1,00",""
"7","2","2 - Bom","","150","","1,00",""
"7","2","3 - Regular","","200","","1,00",""
"7","2","4 - Ruim","","250","","1,00",""
"7","2","5 - Péssimo","","300","","1,00",""
"7","3","1 - Ótimo","","100","","1,00",""
"7","3","2 - Bom","","150","","1,00",""
"7","3","3 - Regular","","200","","1,00",""
"7","3","4 - Ruim","","250","","1,00",""
"7","3","5 - Péssimo","","300","","1,00",""
"7","4","1 - Ótimo","","100","","1,00",""
"7","4","2 - Bom","","150","","1,00",""
"7","4","3 - Regular","","200","","1,00",""
"7","4","4 - Ruim","","250","","1,00",""
"7","4","5 - Péssimo","","300","","1,00",""
"7","5","1 - Ótimo","","100","","1,00",""
"7","5","2 - Bom","","150","","1,00",""
"7","5","3 - Regular","","200","","1,00",""
"7","5","4 - Ruim","","250","","1,00",""
"7","5","5 - Péssimo","","300","","1,00",""
"7","6","1 - Ótimo","","100","","1,00",""
"7","6","2 - Bom","","150","","1,00",""
"7","6","3 - Regular","","200","","1,00",""
"7","6","4 - Ruim","","250","","1,00",""
"7","6","5 - Péssimo","","300","","1,00",""
"7","7","1 - Ótimo","","100","","1,00",""
"7","7","2 - Bom","","150","","1,00",""
"7","7","3 - Regular","","200","","1,00",""
"7","7","4 - Ruim","","250","","1,00",""
"7","7","5 - Péssimo","","300","","1,00",""
"7","8","1 - Ótimo","","100","","1,00",""
"7","8","2 - Bom","","150","","1,00",""
"7","8","3 - Regular","","200","","1,00",""
"7","8","4 - Ruim","","250","","1,00",""
"7","8","5 - Péssimo","","300","","1,00",""
"7","12","1 - Ótimo","","100","","1,00",""
"7","12","2 - Bom","","150","","1,00",""
"7","12","3 - Regular","","200","","1,00",""
"7","12","4 - Ruim","","250","","1,00",""
"7","12","5 - Péssimo","","300","","1,00",""
"7","14","1 - Ótimo","","100","","1,00",""
"7","14","2 - Bom","","150","","1,00",""
"7","14","3 - Regular","","200","","1,00",""
"7","14","4 - Ruim","","250","","1,00",""
"7","14","5 - Péssimo","","300","","1,00",""
"7","15","1 - Ótimo","","100","","1,00",""
"7","15","2 - Bom","","100","","1,00",""
"7","15","3 - Regular","","100","","1,00",""
"7","15","4 - Ruim","","100","","1,00",""
"7","15","5 - Péssimo","","100","","1,00",""
"7","16","1 - Ótimo","","100","","1,00",""
"7","16","2 - Bom","","150","","1,00",""
"7","16","3 - Regular","","200","","1,00",""
"7","16","4 - Ruim","","250","","1,00",""
"7","16","5 - Péssimo","","300","","1,00",""
"7","17","1 - Ótimo","","100","","1,00",""
"7","17","2 - Bom","","150","","1,00",""
"7","17","3 - Regular","","200","","1,00",""
"7","17","4 - Ruim","","250","","1,00",""
"7","17","5 - Péssimo","","300","","1,00",""
"7","18","1 - Ótimo","","100","","1,00",""
"7","18","2 - Bom","","150","","1,00",""
"7","18","3 - Regular","","200","","1,00",""
"7","18","4 - Ruim","","250","","1,00",""
"7","18","5 - Péssimo","","300","","1,00",""
"7","19","1 - Ótimo","","100","","1,00",""
"7","19","2 - Bom","","150","","1,00",""
"7","19","3 - Regular","","200","","1,00",""
"7","19","4 - Ruim","","250","","1,00",""
"7","19","5 - Péssimo","","300","","1,00",""
"7","20","1 - Ótimo","","100","","1,00",""
"7","20","2 - Bom","","150","","1,00",""
"7","20","3 - Regular","","200","","1,00",""
"7","20","4 - Ruim","","250","","1,00",""
"7","20","5 - Péssimo","","300","","1,00",""
"7","21","1 - Ótimo","","100","","1,00",""
"7","21","2 - Bom","","100","","1,00",""
"7","21","3 - Regular","","100","","1,00",""
"7","21","4 - Ruim","","100","","1,00",""
"7","21","5 - Péssimo","","100","","1,00",""
"7","22","1 - Ótimo","","100","","1,00",""
"7","22","2 - Bom","","150","","1,00",""
"7","22","3 - Regular","","200","","1,00",""
"7","22","4 - Ruim","","250","","1,00",""
"7","22","5 - Péssimo","","300","","1,00",""
"7","23","1 - Ótimo","","100","","1,00",""
"7","23","2 - Bom","","150","","1,00",""
"7","23","3 - Regular","","200","","1,00",""
"7","23","4 - Ruim","","250","","1,00",""
"7","23","5 - Péssimo","","300","","1,00",""
"7","24","Aberta","","100","","1,00",""
"7","24","Cabine","","100","","1,00",""
"7","24","Toldo","","100","","1,00",""
"7","25","0","","100","","1,00",""
"7","25","1","","150","","1,00",""
"7","25","10","","600","","1,00",""
"7","25","2","","200","","1,00",""
"7","25","3","","250","","1,00",""
"7","25","4","","300","","1,00",""
"7","25","5","","350","","1,00",""
"7","25","6","","400","","1,00",""
"7","25","7","","450","","1,00",""
"7","25","8","","500","","1,00",""
"7","25","9","","550","","1,00",""
"7","35","Novo","","100","","1,00",""
"7","35","Recapado","","200","","1,00",""
"7","35","Usado","","150","","1,00",""
"7","39","Novo","","100","","1,00",""
"7","39","Recapado","","200","","1,00",""
"7","39","Usado","","150","","1,00",""
"7","43","Novo","","100","","1,00",""
"7","43","Recapado","","200","","1,00",""
"7","43","Usado","","150","","1,00",""
"7","47","Novo","","100","","1,00",""
"7","47","Recapado","","200","","1,00",""
"7","47","Usado","","150","","1,00",""
"8","1","1 - Ótimo","","100","","1,00",""
"8","1","2 - Bom","","150","","1,00",""
"8","1","3 - Regular","","200","","1,00",""
"8","1","4 - Ruim","","250","","1,00",""
"8","1","5 - Péssimo","","300","","1,00",""
"8","2","1 - Ótimo","","100","","1,00",""
"8","2","2 - Bom","","150","","1,00",""
"8","2","3 - Regular","","200","","1,00",""
"8","2","4 - Ruim","","250","","1,00",""
"8","2","5 - Péssimo","","300","","1,00",""
"8","3","1 - Ótimo","","100","","1,00",""
"8","3","2 - Bom","","150","","1,00",""
"8","3","3 - Regular","","200","","1,00",""
"8","3","4 - Ruim","","250","","1,00",""
"8","3","5 - Péssimo","","300","","1,00",""
"8","4","1 - Ótimo","","100","","1,00",""
"8","4","2 - Bom","","150","","1,00",""
"8","4","3 - Regular","","200","","1,00",""
"8","4","4 - Ruim","","250","","1,00",""
"8","4","5 - Péssimo","","300","","1,00",""
"8","5","1 - Ótimo","","100","","1,00",""
"8","5","2 - Bom","","150","","1,00",""
"8","5","3 - Regular","","200","","1,00",""
"8","5","4 - Ruim","","250","","1,00",""
"8","5","5 - Péssimo","","300","","1,00",""
"8","6","1 - Ótimo","","100","","1,00",""
"8","6","2 - Bom","","150","","1,00",""
"8","6","3 - Regular","","200","","1,00",""
"8","6","4 - Ruim","","250","","1,00",""
"8","6","5 - Péssimo","","300","","1,00",""
"8","7","1 - Ótimo","","100","","1,00",""
"8","7","2 - Bom","","150","","1,00",""
"8","7","3 - Regular","","200","","1,00",""
"8","7","4 - Ruim","","250","","1,00",""
"8","7","5 - Péssimo","","300","","1,00",""
"8","8","1 - Ótimo","","100","","1,00",""
"8","8","2 - Bom","","150","","1,00",""
"8","8","3 - Regular","","200","","1,00",""
"8","8","4 - Ruim","","250","","1,00",""
"8","8","5 - Péssimo","","300","","1,00",""
"8","9","1 - Ótimo","","100","","1,00",""
"8","9","2 - Bom","","150","","1,00",""
"8","9","3 - Regular","","200","","1,00",""
"8","9","4 - Ruim","","250","","1,00",""
"8","9","5 - Péssimo","","300","","1,00",""
"8","10","1 - Ótimo","","100","","1,00",""
"8","10","2 - Bom","","150","","1,00",""
"8","10","3 - Regular","","200","","1,00",""
"8","10","4 - Ruim","","250","","1,00",""
"8","10","5 - Péssimo","","300","","1,00",""
"8","11","1 - Ótimo","","100","","1,00",""
"8","11","2 - Bom","","100","","1,00",""
"8","11","3 - Regular","","100","","1,00",""
"8","11","4 - Ruim","","100","","1,00",""
"8","11","5 - Péssimo","","100","","1,00",""
"8","12","1 - Ótimo","","100","","1,00",""
"8","12","2 - Bom","","150","","1,00",""
"8","12","3 - Regular","","200","","1,00",""
"8","12","4 - Ruim","","250","","1,00",""
"8","12","5 - Péssimo","","300","","1,00",""
"8","13","1 - Ótimo","","100","","1,00",""
"8","13","2 - Bom","","150","","1,00",""
"8","13","3 - Regular","","200","","1,00",""
"8","13","4 - Ruim","","250","","1,00",""
"8","13","5 - Péssimo","","300","","1,00",""
"8","14","1 - Ótimo","","100","","1,00",""
"8","14","2 - Bom","","150","","1,00",""
"8","14","3 - Regular","","200","","1,00",""
"8","14","4 - Ruim","","250","","1,00",""
"8","14","5 - Péssimo","","300","","1,00",""
"8","15","1 - Ótimo","","100","","1,00",""
"8","15","2 - Bom","","150","","1,00",""
"8","15","3 - Regular","","200","","1,00",""
"8","15","4 - Ruim","","250","","1,00",""
"8","15","5 - Péssimo","","300","","1,00",""
"8","16","1 - Ótimo","","100","","1,00",""
"8","16","2 - Bom","","150","","1,00",""
"8","16","3 - Regular","","200","","1,00",""
"8","16","4 - Ruim","","250","","1,00",""
"8","16","5 - Péssimo","","300","","1,00",""
"8","17","1 - Ótimo","","100","","1,00",""
"8","17","2 - Bom","","150","","1,00",""
"8","17","3 - Regular","","200","","1,00",""
"8","17","4 - Ruim","","250","","1,00",""
"8","17","5 - Péssimo","","300","","1,00",""
"8","18","1 - Ótimo","","100","","1,00",""
"8","18","2 - Bom","","150","","1,00",""
"8","18","3 - Regular","","200","","1,00",""
"8","18","4 - Ruim","","250","","1,00",""
"8","18","5 - Péssimo","","300","","1,00",""
"8","19","1 - Ótimo","","100","","1,00",""
"8","19","2 - Bom","","150","","1,00",""
"8","19","3 - Regular","","200","","1,00",""
"8","19","4 - Ruim","","250","","1,00",""
"8","19","5 - Péssimo","","300","","1,00",""
"8","20","1 - Ótimo","","100","","1,00",""
"8","20","2 - Bom","","150","","1,00",""
"8","20","3 - Regular","","200","","1,00",""
"8","20","4 - Ruim","","250","","1,00",""
"8","20","5 - Péssimo","","300","","1,00",""
"8","21","1 - Ótimo","","100","","1,00",""
"8","21","2 - Bom","","150","","1,00",""
"8","21","3 - Regular","","200","","1,00",""
"8","21","4 - Ruim","","250","","1,00",""
"8","21","5 - Péssimo","","300","","1,00",""
"8","22","0","","100","","1,00",""
"8","22","1","","150","","1,00",""
"8","22","10","","600","","1,00",""
"8","22","2","","200","","1,00",""
"8","22","3","","250","","1,00",""
"8","22","4","","300","","1,00",""
"8","22","5","","350","","1,00",""
"8","22","6","","400","","1,00",""
"8","22","7","","450","","1,00",""
"8","22","8","","500","","1,00",""
"8","22","9","","550","","1,00",""
"8","23","1 - Ótimo","","100","","1,00",""
"8","23","2 - Bom","","150","","1,00",""
"8","23","3 - Regular","","200","","1,00",""
"8","23","4 - Ruim","","250","","1,00",""
"8","23","5 - Péssimo","","300","","1,00",""
"8","24","1 - Ótimo","","100","","1,00",""
"8","24","2 - Bom","","150","","1,00",""
"8","24","3 - Regular","","200","","1,00",""
"8","24","4 - Ruim","","250","","1,00",""
"8","24","5 - Péssimo","","300","","1,00",""
"8","25","1 - Ótimo","","100","","1,00",""
"8","25","2 - Bom","","150","","1,00",""
"8","25","3 - Regular","","200","","1,00",""
"8","25","4 - Ruim","","250","","1,00",""
"8","25","5 - Péssimo","","300","","1,00",""
"8","26","1 - Ótimo","","100","","1,00",""
"8","26","2 - Bom","","150","","1,00",""
"8","26","3 - Regular","","200","","1,00",""
"8","26","4 - Ruim","","250","","1,00",""
"8","26","5 - Péssimo","","300","","1,00",""
"9","1","1 - Ótimo","","100","","1,00",""
"9","1","2 - Bom","","150","","1,00",""
"9","1","3 - Regular","","200","","1,00",""
"9","1","4 - Ruim","","250","","1,00",""
"9","1","5 - Péssimo","","300","","1,00",""
"9","3","1 - Ótimo","","100","","1,00",""
"9","3","2 - Bom","","150","","1,00",""
"9","3","3 - Regular","","200","","1,00",""
"9","3","4 - Ruim","","250","","1,00",""
"9","3","5 - Péssimo","","300","","1,00",""
"9","4","1 - Ótimo","","100","","1,00",""
"9","4","2 - Bom","","150","","1,00",""
"9","4","3 - Regular","","200","","1,00",""
"9","4","4 - Ruim","","250","","1,00",""
"9","4","5 - Péssimo","","300","","1,00",""
"9","5","1 - Ótimo","","100","","1,00",""
"9","5","2 - Bom","","150","","1,00",""
"9","5","3 - Regular","","200","","1,00",""
"9","5","4 - Ruim","","250","","1,00",""
"9","5","5 - Péssimo","","300","","1,00",""
"9","6","1 - Ótimo","","100","","1,00",""
"9","6","2 - Bom","","150","","1,00",""
"9","6","3 - Regular","","200","","1,00",""
"9","6","4 - Ruim","","250","","1,00",""
"9","6","5 - Péssimo","","300","","1,00",""
"9","7","1 - Ótimo","","100","","1,00",""
"9","7","2 - Bom","","150","","1,00",""
"9","7","3 - Regular","","200","","1,00",""
"9","7","4 - Ruim","","250","","1,00",""
"9","7","5 - Péssimo","","300","","1,00",""
"9","8","1 - Ótimo","","100","","1,00",""
"9","8","2 - Bom","","150","","1,00",""
"9","8","3 - Regular","","200","","1,00",""
"9","8","4 - Ruim","","250","","1,00",""
"9","8","5 - Péssimo","","300","","1,00",""
"9","9","1 - Ótimo","","100","","1,00",""
"9","9","2 - Bom","","150","","1,00",""
"9","9","3 - Regular","","200","","1,00",""
"9","9","4 - Ruim","","250","","1,00",""
"9","9","5 - Péssimo","","300","","1,00",""
"9","10","1 - Ótimo","","100","","1,00",""
"9","10","2 - Bom","","150","","1,00",""
"9","10","3 - Regular","","200","","1,00",""
"9","10","4 - Ruim","","250","","1,00",""
"9","10","5 - Péssimo","","300","","1,00",""
"9","11","1 - Ótimo","","100","","1,00",""
"9","11","2 - Bom","","100","","1,00",""
"9","11","3 - Regular","","100","","1,00",""
"9","11","4 - Ruim","","100","","1,00",""
"9","11","5 - Péssimo","","100","","1,00",""
"9","12","1 - Ótimo","","100","","1,00",""
"9","12","2 - Bom","","150","","1,00",""
"9","12","3 - Regular","","200","","1,00",""
"9","12","4 - Ruim","","250","","1,00",""
"9","12","5 - Péssimo","","300","","1,00",""
"9","13","1 - Ótimo","","100","","1,00",""
"9","13","2 - Bom","","150","","1,00",""
"9","13","3 - Regular","","200","","1,00",""
"9","13","4 - Ruim","","250","","1,00",""
"9","13","5 - Péssimo","","300","","1,00",""
"9","14","1 - Ótimo","","100","","1,00",""
"9","14","2 - Bom","","150","","1,00",""
"9","14","3 - Regular","","200","","1,00",""
"9","14","4 - Ruim","","250","","1,00",""
"9","14","5 - Péssimo","","300","","1,00",""
"9","15","1 - Ótimo","","100","","1,00",""
"9","15","2 - Bom","","150","","1,00",""
"9","15","3 - Regular","","200","","1,00",""
"9","15","4 - Ruim","","250","","1,00",""
"9","15","5 - Péssimo","","300","","1,00",""
"9","16","1 - Ótimo","","100","","1,00",""
"9","16","2 - Bom","","150","","1,00",""
"9","16","3 - Regular","","200","","1,00",""
"9","16","4 - Ruim","","250","","1,00",""
"9","16","5 - Péssimo","","300","","1,00",""
"9","17","1 - Ótimo","","100","","1,00",""
"9","17","2 - Bom","","150","","1,00",""
"9","17","3 - Regular","","200","","1,00",""
"9","17","4 - Ruim","","250","","1,00",""
"9","17","5 - Péssimo","","300","","1,00",""
"9","18","1 - Ótimo","","100","","1,00",""
"9","18","2 - Bom","","150","","1,00",""
"9","18","3 - Regular","","200","","1,00",""
"9","18","4 - Ruim","","250","","1,00",""
"9","18","5 - Péssimo","","300","","1,00",""
"9","19","1 - Ótimo","","100","","1,00",""
"9","19","2 - Bom","","150","","1,00",""
"9","19","3 - Regular","","200","","1,00",""
"9","19","4 - Ruim","","250","","1,00",""
"9","19","5 - Péssimo","","300","","1,00",""
"9","20","1 - Ótimo","","100","","1,00",""
"9","20","2 - Bom","","150","","1,00",""
"9","20","3 - Regular","","200","","1,00",""
"9","20","4 - Ruim","","250","","1,00",""
"9","20","5 - Péssimo","","300","","1,00",""
"9","21","1 - Ótimo","","100","","1,00",""
"9","21","2 - Bom","","150","","1,00",""
"9","21","3 - Regular","","200","","1,00",""
"9","21","4 - Ruim","","250","","1,00",""
"9","21","5 - Péssimo","","300","","1,00",""
"9","22","1 - Ótimo","","100","","1,00",""
"9","22","2 - Bom","","150","","1,00",""
"9","22","3 - Regular","","200","","1,00",""
"9","22","4 - Ruim","","250","","1,00",""
"9","22","5 - Péssimo","","300","","1,00",""
"9","23","1 - Ótimo","","100","","1,00",""
"9","23","2 - Bom","","150","","1,00",""
"9","23","3 - Regular","","200","","1,00",""
"9","23","4 - Ruim","","250","","1,00",""
"9","23","5 - Péssimo","","300","","1,00",""
"9","24","1 - Ótimo","","100","","1,00",""
"9","24","2 - Bom","","150","","1,00",""
"9","24","3 - Regular","","200","","1,00",""
"9","24","4 - Ruim","","250","","1,00",""
"9","24","5 - Péssimo","","300","","1,00",""
"9","25","1 - Ótimo","","100","","1,00",""
"9","25","2 - Bom","","100","","1,00",""
"9","25","3 - Regular","","100","","1,00",""
"9","25","4 - Ruim","","100","","1,00",""
"9","25","5 - Péssimo","","100","","1,00",""
"9","26","Aberta","","100","","1,00",""
"9","26","Cabine","","150","","1,00",""
"9","26","Toldo","","200","","1,00",""
"9","27","Não","","20","","1,00",""
"9","27","Sim","","10","","1,00",""
"9","32","0","","100","","1,00",""
"9","32","1","","150","","1,00",""
"9","32","10","","600","","1,00",""
"9","32","2","","200","","1,00",""
"9","32","3","","250","","1,00",""
"9","32","4","","300","","1,00",""
"9","32","5","","350","","1,00",""
"9","32","6","","400","","1,00",""
"9","32","7","","450","","1,00",""
"9","32","8","","500","","1,00",""
"9","32","9","","550","","1,00",""
"9","33","Novo","","100","","1,00",""
"9","33","Recapado","","200","","1,00",""
"9","33","Usado","","150","","1,00",""
"9","38","Novo","","100","","1,00",""
"9","38","Recapado","","200","","1,00",""
"9","38","Usado","","150","","1,00",""
"9","43","Novo","","100","","1,00",""
"9","43","Recapado","","200","","1,00",""
"9","43","Usado","","150","","1,00",""
"9","48","Novo","","100","","1,00",""
"9","48","Recapado","","200","","1,00",""
"9","48","Usado","","150","","1,00",""
"10","3","Banco John Deere","","30","","1,00",""
"10","3","Consórcio","","20","","1,00",""
"10","3","Dólares","","110","","1,00",""
"10","3","Finame","","120","","1,00",""
"10","3","MDA","","130","","1,00",""
"10","3","Moder Frota","","100","","1,00",""
"10","3","Parcelamento Interno","","40","","1,00",""
"10","3","Pró Implemento","","80","","1,00",""
"10","3","Pró Trator","","60","","1,00",""
"10","3","Proger","","90","","1,00",""
"10","3","Pronaf","","70","","1,00",""
"10","3","Pronamp","","50","","1,00",""
"10","3","Recursos Próprios","","10","","1,00",""
"10","3","RO","","100","","1,00",""
"10","20","Alta","","10","","1,00",""
"10","20","Baixa","","30","","1,00",""
"10","20","Média","","20","","1,00",""
"10","43","Não","","20","","1,00",""
"10","43","Sim","","10","","1,00",""
"10","45","Não","","20","","1,00",""
"10","45","Sim","","10","","1,00",""
"10","48","Novo","","100","","1,00",""
"10","48","Usado","","100","","1,00",""
"10","49","Não","","20","","1,00",""
"10","49","Sim","","10","","1,00",""
"10","50","Colorado Equipamento","","100","","1,00",""
"10","50","Colorado Maquinas","","100","","1,00",""
"11","6","Consórcio","","100","","1,00",""
"11","6","Finame","","100","","1,00",""
"11","6","ICMS","","100","","1,00",""
"11","6","Máquina Usada","","100","","1,00",""
"11","6","MDA","","100","","1,00",""
"11","6","Pró Trator","","100","","1,00",""
"11","6","Recurso Próprio","","100","","1,00",""
"11","7","Consórcio","","100","","1,00",""
"11","7","Finame","","100","","1,00",""
"11","7","ICMS","","100","","1,00",""
"11","7","Licitação","","100","","1,00",""
"11","7","Máquina Usada","","100","","1,00",""
"11","7","MDA","","100","","1,00",""
"11","7","Pró Trator","","100","","1,00",""
"11","7","Recursos Próprios","","100","","1,00",""
"11","20","Não","","20","","1,00",""
"11","20","Sim","","10","","1,00",""
"12","1","EQUIPAMENTO","","100","Q001_EQUIP","1,00","1"
"12","1","EVENTOS","","100","Q001_EVENTOS","1,00","1"
"12","1","FOLDER","","100","Q001_FOLD","1,00","1"
"12","1","VISITA CL REFERENCIA","","100","Q001_VIS_CL_RE","1,00","1"
"13","9","Chegou Tarde","","100","","1,00",""
"13","9","Condição Comercial","","100","","1,00",""
"13","9","Crédito Indefer. BJD","","100","","1,00",""
"13","9","Disponibilidade","","100","","1,00",""
"13","9","Preço","","100","","1,00",""
"13","9","Valor Não Percebido","","100","","1,00",""
"13","10","Não","","20","","1,00",""
"13","10","Sim","","10","","1,00",""
"13","11","Não","","20","","1,00",""
"13","11","Sim","","10","","1,00",""
"13","13","ADUBADEIRA","","10","","1,00",""
"13","13","ANCINHO","","20","","1,00",""
"13","13","APLICADOR","","30","","1,00",""
"13","13","ARADO","","40","","1,00",""
"13","13","ARRANCADOR","","50","","1,00",""
"13","13","ARRUADOR","","60","","1,00",""
"13","13","BARRA","","70","","1,00",""
"13","13","BOMBA","","80","","1,00",""
"13","13","CABINE","","90","","1,00",""
"13","13","CARREGADEIRA","","100","","1,00",""
"13","13","CARRETA","","110","","1,00",""
"13","13","COBRIDOR","","120","","1,00",""
"13","13","COLHEDORA","","130","","1,00",""
"13","13","CONCHA","","140","","1,00",""
"13","13","CULTIVADOR","","150","","1,00",""
"13","13","DESENLEIRADOR","","160","","1,00",""
"13","13","DISTRIBUIDOR","","170","","1,00",""
"13","13","ENFARDADEIRA","","180","","1,00",""
"13","13","ENLEIRADOR","","190","","1,00",""
"13","13","ENXADA","","200","","1,00",""
"13","13","ERBICIDA","","210","","1,00",""
"13","13","ESCARIFICADOR","","220","","1,00",""
"13","13","GRADE","","230","","1,00",""
"13","13","GREENSYSTEM","","240","","1,00",""
"13","13","GUINCHO","","250","","1,00",""
"13","13","HUNTER","","260","","1,00",""
"13","13","KIT 70/30","","270","","1,00",""
"13","13","KIT PÁ CARREGADEIRA","","280","","1,00",""
"13","13","KIT PARA PLATIO","","290","","1,00",""
"13","13","KIT TANQUE","","300","","1,00",""
"13","13","LAMINA","","310","","1,00",""
"13","13","LEVANTADOR","","320","","1,00",""
"13","13","MEXEDOR","","330","","1,00",""
"13","13","NIVELADORA","","340","","1,00",""
"13","13","PÁ CARREGADEIRA","","350","","1,00",""
"13","13","PÁ TRASEIRA","","360","","1,00",""
"13","13","PERFURADOR","","370","","1,00",""
"13","13","PLAINA","","380","","1,00",""
"13","13","PLANTADEIRA","","400","","1,00",""
"13","13","PLATAFORMA","","390","","1,00",""
"13","13","PULVERIZADOR","","410","","1,00",""
"13","13","RASTELO","","420","","1,00",""
"13","13","RECOLHEDORA","","430","","1,00",""
"13","13","RETROESCAVADEIRA","","440","","1,00",""
"13","13","ROÇADEIRA","","450","","1,00",""
"13","13","SEGADEIRA","","460","","1,00",""
"13","13","SERRA","","470","","1,00",""
"13","13","SUBSOLADOR","","480","","1,00",""
"13","13","SULCADOR","","490","","1,00",""
"13","13","SUPORTE BIG BAG","","500","","1,00",""
"13","13","TRANSBORDO","","510","","1,00",""
"13","13","TRINCHA","","520","","1,00",""
"13","13","TRITURADEIRA","","530","","1,00",""
"13","13","VAGÃO","","540","","1,00",""
"16","3","Banco John Deere","","20","","1,00",""
"16","3","Consórcio","","15","","1,00",""
"16","3","Dólares","","60","","1,00",""
"16","3","Finame","","65","","1,00",""
"16","3","Mda","","70","","1,00",""
"16","3","Parcelamento Interno","","25","","1,00",""
"16","3","Pró Implemento","","35","","1,00",""
"16","3","Pró Trator","","40","","1,00",""
"16","3","Proger","","50","","1,00",""
"16","3","Pronaf","","45","","1,00",""
"16","3","Pronamp","","30","","1,00",""
"16","3","Recurso Próprio","","10","","1,00",""
"16","3","RO","","55","","1,00",""
"16","20","Alta","","100","","1,00",""
"16","20","Baixa","","300","","1,00",""
"16","20","Média","","200","","1,00",""
"16","22","Concessionário","","100","","1,00",""
"16","22","Fábrica","","200","","1,00",""
"16","45","Não","","20","","1,00",""
"16","45","Sim","","10","","1,00",""
"17","1","Não","","20","","1,00",""
"17","1","Sim","","10","","1,00",""
"17","8","Externo","","200","","1,00",""
"17","8","Interno","","100","","1,00",""
"17","11","Externo","","200","","1,00",""
"17","11","Interno","","100","","1,00",""
"17","20","Não","","20","","1,00",""
"17","20","Sim","","10","","1,00",""
"17","21","Não","","20","","1,00",""
"17","21","Sim","","10","","1,00",""
"17","28","Banco John Deere","","20","","1,00",""
"17","28","BNDES Pronamp","","100","","1,00",""
"17","28","Consórcio","","15","","1,00",""
"17","28","Dólares","","60","","1,00",""
"17","28","Finame","","65","","1,00",""
"17","28","Inovagro","","105","","1,00",""
"17","28","MDA","","70","","1,00",""
"17","28","Moder Frota","","100","","1,00",""
"17","28","Parcelamento Interno","","25","","1,00",""
"17","28","Pró-Implemento","","35","","1,00",""
"17","28","Pró-Trator","","40","","1,00",""
"17","28","Proger","","50","","1,00",""
"17","28","Pronaf","","45","","1,00",""
"17","28","Pronamp","","30","","1,00",""
"17","28","Recurso Próprio","","10","","1,00",""
"17","28","RO","","55","","1,00",""
"17","37","Alta","","100","","1,00",""
"17","37","Baixa","","300","","1,00",""
"17","37","Média","","200","","1,00",""
"17","47","Concessionário","","100","","1,00",""
"17","47","Fábrica","","200","","1,00",""
"17","53","Não","","20","","1,00",""
"17","53","Sim","","10","","1,00",""
"17","57","Centro a centro","","100","","1,00",""
"17","57","Ponta a ponta","","200","","1,00",""
"17","58","Anti Rotação - PF90889 - Peça","","100","Q058_ROTACAO","1,00","1"
"17","58","Ativação RTK Ready","","400","Q058_ATIVACAO_RTK_RE","1,00","1"
"17","58","Ativação SF3 Ready","","400","Q058_ATIVACAO_SF3_RE","1,00","1"
"17","58","Autotrav SF3 - 049DPC - Peça","","100","Q058_AUTOTRAV_SF3","1,00","1"
"17","58","Chicote - PF90687 - Peça","","100","Q058_CHICOTE_PF906","1,00","1"
"17","58","Chicote ISO - BPF10139 - Peça","","100","Q058_CHICOTE_A","1,00","1"
"17","58","Kit Suporte - AL207195 - Peça","","1200","Q058_KIT_AL207195","1,00","1"
"17","58","Monitor Gen4 4240","","100","Q058_MONITOR_GEN4_42","1,00","1"
"17","58","Monitor Gen4 4640","","100","Q058_MONITOR_GEN4_46","1,00","1"
"17","58","Monitor GS3 2630 - 070pc - JD Config","","100","Q058_MONITOR_GS3_263","1,00","1"
"17","58","Radio 450 Mhz","","1000","Q058_RADIO_450_MHZ","1,00","1"
"17","58","Rádio 450Mhz - 7320PC - JD Config","","1100","Q058_RADIO_450MHZ","1,00","1"
"17","58","Radio 900 Mhz","","1000","Q058_RADIO_900_MHZ","1,00","1"
"17","58","Rádio 900Mhz - 7310PC - JD Config","","100","Q058_RADIO_900MHZ","1,00","1"
"17","58","Receptor SF 6000 - 0908PC - JD Config","","200","Q058_SF_600","1,00","1"
"17","58","Receptor SF6000","","200","Q058_RECEPTOR_SF6000","1,00","1"
"17","58","SF3 Ready - 090EPC - Peça","","100","Q058_READY","1,00","1"
"17","58","Suporte - PF90385 - Peça","","100","Q058_SUPORTEPF903","1,00","1"
"17","58","Volante ATU 200 - 0520PC - JD Config","","300","Q058_VOLANTE_200","1,00","1"
"17","58","Volante ATU 300","","300","Q058_ATU_300","1,00","1"
"17","62","Não","","20","","1,00",""
"17","62","Sim","","10","","1,00",""
"17","64","Não","","20","","1,00",""
"17","64","Sim","","10","","1,00",""
"17","66","Interno","","100","","1,00",""
"17","66","Terceiro","","100","","1,00",""
"17","69","Não","","20","","1,00",""
"17","69","Sim","","10","","1,00",""
"17","70","2630","","100","","1,00",""
"17","70","4240","","100","","1,00",""
"17","70","4600 ","","100","","1,00",""
"17","70","4640","","100","","1,00",""
"17","70","Não se aplica","","100","","1,00",""
"17","71","Não se aplica","","200","","1,00",""
"17","71","Starfire 6000","","100","","1,00",""
"17","72","450Mhz","","100","","1,00",""
"17","72","900Mhz","","200","","1,00",""
"17","72","Não se aplica","","300","","1,00",""
"17","73","ATC 260","","100","","1,00",""
"17","73","ATC 300","","100","","1,00",""
"17","73","ATU 300","","100","","1,00",""
"17","73","Não se aplica","","100","","1,00",""
"17","74","Não se aplica","","300","","1,00",""
"17","74","SF1","","100","","1,00",""
"17","74","SF3","","100","","1,00",""
"17","74","SF3 + RKT","","200","","1,00",""
"17","75","JDLink","","100","","1,00",""
"17","75","Não se aplica","","100","","1,00",""
"17","76","Não se aplica","","100","","1,00",""
"17","76","Redutor","","100","","1,00",""
"17","76","Super Redutor","","100","","1,00",""
"17","77","Não","","100","","1,00",""
"17","77","Sim","","100","","1,00",""
"17","78","Compra Externa","","100","","1,00",""
"17","78","Não se aplica","","100","","1,00",""
"17","78","Troca Interna","","100","","1,00",""
"17","79","Não","","100","","1,00",""
"17","79","Sim","","100","","1,00",""
"17","80","Cabine","","100","","1,00",""
"17","80","Capota","","100","","1,00",""
"17","80","Não se aplica","","100","","1,00",""
"17","81","Não","","100","","1,00",""
"17","81","Sim","","100","","1,00",""
"17","82","Não","","100","","1,00",""
"17","82","Sim","","100","","1,00",""
"20","6","Consórcio","","100","","1,00",""
"20","6","Finame","","100","","1,00",""
"20","6","ICMS","","100","","1,00",""
"20","6","Máquina Usada","","100","","1,00",""
"20","6","MDA","","100","","1,00",""
"20","6","Pró Trator","","100","","1,00",""
"20","6","Recurso Próprio","","100","","1,00",""
"20","7","Consórcio","","100","","1,00",""
"20","7","Finame","","100","","1,00",""
"20","7","ICMS","","100","","1,00",""
"20","7","Licitação","","100","","1,00",""
"20","7","Máquina Usada","","100","","1,00",""
"20","7","MDA","","100","","1,00",""
"20","7","Pró Trator","","100","","1,00",""
"20","7","Recurso Próprio","","100","","1,00",""
"20","20","Não","","20","","1,00",""
"20","20","Sim","","10","","1,00",""
"21","8","Aração","","100","","1,00",""
"21","8","Cultivo","","100","","1,00",""
"21","8","Forragem","","100","","1,00",""
"21","8","Gradagem","","100","","1,00",""
"21","8","Nenhum (Gator)","","100","","1,00",""
"21","8","Plantio","","100","","1,00",""
"21","8","Pulverização","","100","","1,00",""
"21","8","Reboque","","100","","1,00",""
"21","8","Roçar","","100","","1,00",""
"21","8","Silagem","","100","","1,00",""
"21","8","Subsolagem","","100","","1,00",""
"21","8","Sulcação","","100","","1,00",""
"21","8","Transbordo","","100","","1,00",""
"21","8","Transporte","","100","","1,00",""
"21","8","Transporte de Carga","","100","","1,00",""
"21","9","ACTION","","100","","1,00",""
"21","9","ANTONIOSI","","100","","1,00",""
"21","9","BALDAN","","100","","1,00",""
"21","9","CIVEMASA","","100","","1,00",""
"21","9","DMB","","100","","1,00",""
"21","9","DRIA","","100","","1,00",""
"21","9","FACCHINI","","100","","1,00",""
"21","9","FIDO","","100","","1,00",""
"21","9","FMC","","100","","1,00",""
"21","9","HERBICAT","","100","","1,00",""
"21","9","IKEDA","","100","","1,00",""
"21","9","JACTO","","100","","1,00",""
"21","9","JF","","100","","1,00",""
"21","9","JUMIL","","100","","1,00",""
"21","9","KAMAQ","","100","","1,00",""
"21","9","KO","","100","","1,00",""
"21","9","MARTIGNANI","","100","","1,00",""
"21","9","MIAC","","100","","1,00",""
"21","9","NATALY","","100","","1,00",""
"21","9","NENHUM (GATOR)","","100","","1,00",""
"21","9","NOGUEIRA","","100","","1,00",""
"21","9","PICCIN","","100","","1,00",""
"21","9","RANDON","","100","","1,00",""
"21","9","SANTA IZABEL","","100","","1,00",""
"21","9","SANTAL","","100","","1,00",""
"21","9","SERMAG","","100","","1,00",""
"21","9","STARA","","100","","1,00",""
"21","9","TATU","","100","","1,00",""
"21","10","Arado","","100","","1,00",""
"21","10","Atomizador","","100","","1,00",""
"21","10","Carreta","","100","","1,00",""
"21","10","Cultivador","","100","","1,00",""
"21","10","Ensiladeira","","100","","1,00",""
"21","10","Forrageira","","100","","1,00",""
"21","10","Grade Aradora","","100","","1,00",""
"21","10","Grade de Arrasto","","100","","1,00",""
"21","10","Grade Intermediária","","100","","1,00",""
"21","10","Grade Niveladora","","100","","1,00",""
"21","10","Nenhum (Gator)","","100","","1,00",""
"21","10","Plantadeira","","100","","1,00",""
"21","10","Pulverizador","","100","","1,00",""
"21","10","Reboque","","100","","1,00",""
"21","10","Roçadeira","","100","","1,00",""
"21","10","Subsolador","","100","","1,00",""
"21","10","Sulcador","","100","","1,00",""
"21","10","Transbordo","","100","","1,00",""
"21","41","Agric. de Precisão","","10","","1,00",""
"21","41","Colhed. de Cana","","20","","1,00",""
"21","41","Colheit. de Grãos","","30","","1,00",""
"21","41","Plantadeira","","40","","1,00",""
"21","41","Pulverizador","","50","","1,00",""
"21","41","Trator","","60","","1,00",""
"22","1","Não","","20","","1,00",""
"22","1","Sim","","10","","1,00",""
"22","2","Evento","","100","Q002_EVENT","1,00",""
"22","2","Folder","","100","Q002_FOLDE","1,00",""
"22","2","No Equipamento","","100","Q002_NO_EQUIPAMENT","1,00",""
"22","2","Visita a Cliente Referência","","100","Q002_VISITA_REF2","1,00",""
"23","9","Chegou Tarde","","100","","1,00",""
"23","9","Comparativo de performance","","100","","1,00",""
"23","9","Condição Comercial","","100","","1,00",""
"23","9","Crédito Indeferido BJD","","100","","1,00",""
"23","9","Crédito Indeferido Outros","","105","","1,00",""
"23","9","Disponibilidade","","110","","1,00",""
"23","9","Duplo Domicílio","","100","","1,00",""
"23","9","Fiel a Concorrência","","100","","1,00",""
"23","9","JD Não Possui Produto","","100","","1,00",""
"23","9","Locação","","100","","1,00",""
"23","9","Não Participamos ","","100","","1,00",""
"23","9","Optou por Usado","","100","","1,00",""
"23","9","Pós Venda","","100","","1,00",""
"23","9","Preço","","110","","1,00",""
"23","9","Valor não Percebido","","110","","1,00",""
"23","11","Não","","20","","1,00",""
"23","11","Sim","","10","","1,00",""
"23","12","Não","","20","","1,00",""
"23","12","Sim","","10","","1,00",""
"26","8","Aração","","100","","1,00",""
"26","8","Cultivo","","100","","1,00",""
"26","8","Forragem","","100","","1,00",""
"26","8","Gradagem","","100","","1,00",""
"26","8","Nenhum (Gator)","","100","","1,00",""
"26","8","Plantio","","100","","1,00",""
"26","8","Pulverização","","100","","1,00",""
"26","8","Reboque","","100","","1,00",""
"26","8","Roçar","","100","","1,00",""
"26","8","Silagem","","100","","1,00",""
"26","8","Subsolagem","","100","","1,00",""
"26","8","Sulcação","","100","","1,00",""
"26","8","Transbordo","","100","","1,00",""
"26","8","Transporte","","100","","1,00",""
"26","8","Transporte de Carga","","100","","1,00",""
"26","9","ACTION","","100","","1,00",""
"26","9","ANTONIOSI","","100","","1,00",""
"26","9","BALDAN","","100","","1,00",""
"26","9","CIVEMASA","","100","","1,00",""
"26","9","DMB","","100","","1,00",""
"26","9","DRIA","","100","","1,00",""
"26","9","FACCHINI","","100","","1,00",""
"26","9","FIDO","","100","","1,00",""
"26","9","FMC","","100","","1,00",""
"26","9","HERBICAT","","100","","1,00",""
"26","9","IKEDA","","100","","1,00",""
"26","9","JACTO","","100","","1,00",""
"26","9","JF","","100","","1,00",""
"26","9","JUMIL","","100","","1,00",""
"26","9","KAMAQ","","100","","1,00",""
"26","9","KO","","100","","1,00",""
"26","9","MARTIGNANI","","100","","1,00",""
"26","9","MIAC","","100","","1,00",""
"26","9","NATALY","","100","","1,00",""
"26","9","NENHUM (GATOR)","","100","","1,00",""
"26","9","NOGUEIRA","","100","","1,00",""
"26","9","PICCIN","","100","","1,00",""
"26","9","RANDON","","100","","1,00",""
"26","9","SANTA IZABEL","","100","","1,00",""
"26","9","SANTAL","","100","","1,00",""
"26","9","SERMAG","","100","","1,00",""
"26","9","STARA","","100","","1,00",""
"26","9","TATU","","100","","1,00",""
"26","10","Arado","","100","","1,00",""
"26","10","Atomizador","","100","","1,00",""
"26","10","Carreta","","100","","1,00",""
"26","10","Cultivador","","100","","1,00",""
"26","10","Ensiladeira","","100","","1,00",""
"26","10","Forrageira","","100","","1,00",""
"26","10","Grade Aradora","","100","","1,00",""
"26","10","Grade de Arrasto","","100","","1,00",""
"26","10","Grade Intermediária","","100","","1,00",""
"26","10","Grade Niveladora","","100","","1,00",""
"26","10","Nenhum (Gator)","","100","","1,00",""
"26","10","Plantadeira","","100","","1,00",""
"26","10","Pulverizador","","100","","1,00",""
"26","10","Reboque","","100","","1,00",""
"26","10","Roçadeira","","100","","1,00",""
"26","10","Subsolador","","100","","1,00",""
"26","10","Sulcador","","100","","1,00",""
"26","10","Transbordo","","100","","1,00",""
"27","7","Não","","20","","1,00",""
"27","7","Sim","","10","","1,00",""
"27","11","Parcelamento c/ Juros --> +3%","","200","","1,00",""
"27","11","Parcelamento s/ Juros --> 0%","","300","","1,00",""
"27","11","Sem Acelerador","","400","","1,00",""
"27","11","Sem Parcelamento --> +5%","","100","","1,00",""
"27","12","Lucro Operacional <11% --> 0%","","300","","1,00",""
"27","12","Lucro Operacional >ou= 13% --> +5%","","100","","1,00",""
"27","12","Lucro Operacional de 11% a 12,99% -->+3%","","200","","1,00",""
"27","12","Sem Acelerador","","400","","1,00",""
"27","13","Agricultura de Precisão","","100","Q013_AGRICULTURA_DE_","1,00","1"
"27","13","Contratos Peças,Serviços,Monitoramento","","100","Q013_CONTRATOS_DE_PE","1,00","1"
"27","13","Treinamento","","100","Q013_TREINAMENTO","1,00","1"
"27","13","Venda 1º Trator JD","","100","Q013_VENDA_1__TRATOR","1,00","1"
"27","14","Não","","100","","1,00",""
"27","14","Sim","","100","","1,00",""
"27","15","Margem abaixo 9% - 60% Comissão Normal","","300","","1,00",""
"27","15","Margem acima de 11% - Comissão Normal","","100","","1,00",""
"27","15","Margem acima de 9% até 10,99% - 80% C N ","","200","","1,00",""
"27","15","Sem Acelerador","","400","","1,00",""
"27","17","Não","","20","","1,00",""
"27","17","Sim","","10","","1,00",""
"27","18","Felipe Marques","","100","","1,00",""
"27","18","Miguel Calderoni","","100","","1,00",""
"27","18","Renato Pereira","","100","","1,00",""
"27","18","Roger Abud","","100","","1,00",""
"27","18","Tasso Toledo","","100","","1,00",""
"27","19","Estoque 0 = Moto 0","","200","","1,00",""
"27","19","Sem Campanha","","100","","1,00",""
"27","21","Não","","20","","1,00",""
"27","21","Sim","","10","","1,00",""
"27","22","Não","","20","","1,00",""
"27","22","Sim","","10","","1,00",""
"27","23","0","","100","","1,00",""
"27","23","500,00","","100","","1,00",""
"28","30","Não","","20","","1,00",""
"28","30","Sim","","10","","1,00",""
"28","106","Não","","20","","1,00",""
"28","106","Sim","","10","","1,00",""
"28","115","Não se aplica","","100","","1,00",""
"28","116","Não se aplica","","100","","1,00",""
"28","117","Não se aplica","","100","","1,00",""
"29","1","Não","","20","","1,00",""
"29","1","Sim","","10","","1,00",""
"29","2","Colhedoras","","100","Q002_COLHEDORAS","1,00","1"
"29","2","Colheitadeiras","","100","Q002_COLHEITADEIRAS","1,00","1"
"29","2","Pulverizadores","","100","Q002_PULVERIZADORES","1,00","1"
"29","2","Tratores","","100","Q002_TRATORES","1,00","1"
"29","16","KAM","","100","","1,00",""
"29","16","SAM","","200","","1,00",""
"30","1","Não","5","20","","1,00",""
"30","1","Sim","10","10","","1,00",""
"30","5","Assistência técnica","","40","","1,00",""
"30","5","Atendimento vendedor","","30","","1,00",""
"30","5","Disponibilidade","","20","","1,00",""
"30","5","Outros","","100","","1,00",""
"30","5","Preço","","10","","1,00",""
"30","10","0","15","60","","1,00",""
"30","10","1","15","55","","1,00",""
"30","10","10","16","10","","1,00",""
"30","10","2","15","50","","1,00",""
"30","10","3","15","45","","1,00",""
"30","10","4","15","40","","1,00",""
"30","10","5","15","35","","1,00",""
"30","10","6","15","30","","1,00",""
"30","10","7","15","25","","1,00",""
"30","10","8","15","20","","1,00",""
"30","10","9","16","15","","1,00",""
"33","1","Não","5","20","","1,00",""
"33","1","Sim","","10","","1,00",""
"33","5","Atendimento vendedor","","10","","1,00",""
"33","5","Configuração equip. errada","","30","","1,00",""
"33","5","Informação incorreta","","20","","1,00",""
"33","5","Não cumpriu prazo","","40","","1,00",""
"33","5","Outros","","100","","1,00",""
"33","5","Pós-venda","","60","","1,00",""
"33","5","Preço","","50","","1,00",""
"33","10","0","15","60","","1,00",""
"33","10","1","15","55","","1,00",""
"33","10","10","","10","","1,00",""
"33","10","2","15","50","","1,00",""
"33","10","3","15","45","","1,00",""
"33","10","4","15","40","","1,00",""
"33","10","5","15","35","","1,00",""
"33","10","6","15","30","","1,00",""
"33","10","7","15","25","","1,00",""
"33","10","8","15","20","","1,00",""
"33","10","9","15","15","","1,00",""
"34","1","Não","5","20","","1,00",""
"34","1","Sim","","10","","1,00",""
"34","5","Assistência técnica","","30","","1,00",""
"34","5","Atendimento técnico","","40","","1,00",""
"34","5","Demora para solucionar","","50","","1,00",""
"34","5","Disponibilidade","","20","","1,00",""
"34","5","Disponibilidade de técnicos","","70","","1,00",""
"34","5","Não cumpriu agenda","","60","","1,00",""
"34","5","Outros","","100","","1,00",""
"34","5","Preço","","10","","1,00",""
"34","10","0","15","60","","1,00",""
"34","10","1","15","55","","1,00",""
"34","10","10","","10","","1,00",""
"34","10","2","15","50","","1,00",""
"34","10","3","15","45","","1,00",""
"34","10","4","15","40","","1,00",""
"34","10","5","15","35","","1,00",""
"34","10","6","15","30","","1,00",""
"34","10","7","15","25","","1,00",""
"34","10","8","15","20","","1,00",""
"34","10","9","15","15","","1,00",""
"34","16","Não","","20","","1,00",""
"34","16","Sim","","10","","1,00",""
"37","1","Pessoa Física","4","300","","1,00",""
"37","1","Pessoa Jurídica","2","100","","1,00",""
"37","1","PJ/Produtor Rural","3","200","","1,00",""
"37","2","Comprovante endereço de cobrança","","500","Q002_COMPROV_END","1,00",""
"37","2","Contrato Social","","400","Q002_CONT_SOCIAL","1,00",""
"37","2","Cópia último balanço patrimonial","","100","Q002_COPIA_ULTIMO","1,00",""
"37","2","D.R.E. ( Demonstr Resultado Exercício)","","200","Q002_D_R_E_DEMONS","1,00",""
"37","2","Declaração de faturamento (12 meses )","","300","Q002_FATUR","1,00",""
"37","2","Email","","700","Q002_EMAIL7","1,00","0"
"37","2","Telefone","","600","Q002_TELEFONE","1,00",""
"37","2","Três referencias bancárias (Nome/Fone)","","900","Q002_REF_BANC","1,00",""
"37","2","Três referencias Comerciais (Nome/Fone)","","800","Q002_TRES_REFERENCIA","1,00",""
"37","3","Cópia comprovante de endereço cobrança","","500","Q003_COPIA_COMPROVA3","1,00",""
"37","3","Cópia CPF","","300","Q003_CPF3","1,00",""
"37","3","Cópia Deca","","100","Q003_DECA3","1,00",""
"37","3","Cópia RG","","400","Q003_RG3","1,00",""
"37","3","Declaração de IR (PF)","","200","Q003_IR3","1,00",""
"37","3","Email","","700","Q003_EMAIL3","1,00","0"
"37","3","Telefones","","600","Q003_FONE3","1,00",""
"37","3","Três Referências Bancárias (Nome/Fone)","","900","Q003_TRES_BANC3","1,00",""
"37","3","Três Referências Comerciais (Nome/Fone)","","800","Q003_TRES_COM3","1,00",""
"37","4","Cópia comprovante de endereço cobrança","","300","Q004_COPIA_COMPROVAN","1,00",""
"37","4","Cópia CPF","","100","Q004_CPF4","1,00",""
"37","4","Cópia do Holerite (Último)","","400","Q004_COPIA_DO_HOLERI","1,00",""
"37","4","Cópia RG","","200","Q004_RG4","1,00",""
"37","4","Email","","600","Q004_EMAIL4","1,00","0"
"37","4","Telefone","","500","Q004_FONE4","1,00",""
"37","4","Três referências bancárias (Nome/Fone)","","800","Q004_TRES_BANC4","1,00",""
"37","4","Três referências comerciais (Nome/Fone)","","700","Q004_TRES_COM4","1,00",""
"38","1","Não","","20","","1,00",""
"38","1","Sim","","10","","1,00",""
"38","2","Insatisfeito","","200","","1,00",""
"38","2","Satisfeito ","","100","","1,00",""
"38","3","1","4","1000","","1,00",""
"38","3","10","5","100","","1,00",""
"38","3","2","4","900","","1,00",""
"38","3","3","4","800","","1,00",""
"38","3","4","4","700","","1,00",""
"38","3","5","4","600","","1,00",""
"38","3","6","4","500","","1,00",""
"38","3","7","4","400","","1,00",""
"38","3","8","4","300","","1,00",""
"38","3","9","4","200","","1,00",""
"38","4","Assitência Técnica","","200","","1,00",""
"38","4","Financeiro","","500","","1,00",""
"38","4","Peças","","300","","1,00",""
"38","4","Pneus e Rodados","","600","","1,00",""
"38","4","Soluções Integradas","","400","","1,00",""
"38","4","Vendas","","100","","1,00",""
"38","5","1","6","1000","","1,00",""
"38","5","10","7","100","","1,00",""
"38","5","2","6","900","","1,00",""
"38","5","3","6","800","","1,00",""
"38","5","4","6","700","","1,00",""
"38","5","5","6","600","","1,00",""
"38","5","6","6","500","","1,00",""
"38","5","7","6","400","","1,00",""
"38","5","8","6","300","","1,00",""
"38","5","9","7","200","","1,00",""
"38","6","Não","","20","","1,00",""
"38","6","Sim","","10","","1,00",""
"39","1","1","","1000","","1,00",""
"39","1","10","","100","","1,00",""
"39","1","2","","900","","1,00",""
"39","1","3","","800","","1,00",""
"39","1","4","","700","","1,00",""
"39","1","5","","600","","1,00",""
"39","1","6","","500","","1,00",""
"39","1","7","","400","","1,00",""
"39","1","8","","300","","1,00",""
"39","1","9","","200","","1,00",""
"39","2","Assistência Técnica","","200","","1,00",""
"39","2","Financeiro","","500","","1,00",""
"39","2","Peças","","300","","1,00",""
"39","2","Pneus e Rodados","","600","","1,00",""
"39","2","Soluções Integradas","","400","","1,00",""
"39","2","Vendas","","100","","1,00",""
"39","3","Não","","200","","1,00",""
"39","3","Sim","","100","","1,00",""
"39","4","1","","1000","","1,00",""
"39","4","10","","100","","1,00",""
"39","4","2","","900","","1,00",""
"39","4","3","","800","","1,00",""
"39","4","4","","700","","1,00",""
"39","4","5","","600","","1,00",""
"39","4","6","","500","","1,00",""
"39","4","7","","400","","1,00",""
"39","4","8","","300","","1,00",""
"39","4","9","","200","","1,00",""
"39","5","Não","","20","","1,00",""
"39","5","Sim","","10","","1,00",""
"39","6","Não","","20","","1,00",""
"39","6","Sim","","10","","1,00",""
"39","7","Não","","20","","1,00",""
"39","7","Sim","","10","","1,00",""
"39","8","1","","1000","","1,00",""
"39","8","10","","100","","1,00",""
"39","8","2","","900","","1,00",""
"39","8","3","","800","","1,00",""
"39","8","4","","700","","1,00",""
"39","8","5","","600","","1,00",""
"39","8","6","","500","","1,00",""
"39","8","7","","400","","1,00",""
"39","8","8","","300","","1,00",""
"39","8","9","","200","","1,00",""
"39","12","Não","","20","","1,00",""
"39","12","Sim","","10","","1,00",""
"39","13","Não","","20","","1,00",""
"39","13","Sim","","10","","1,00",""
"39","14","Não","","20","","1,00",""
"39","14","Sim","","10","","1,00",""
"39","15","Não","","20","","1,00",""
"39","15","Sim","","10","","1,00",""
"39","16","Não","","20","","1,00",""
"39","16","Sim","","10","","1,00",""
"39","17","0","","100","","1,00",""
"39","17","1","","100","","1,00",""
"39","17","10","","1000","","1,00",""
"39","17","2","","100","","1,00",""
"39","17","3","","100","","1,00",""
"39","17","4","","100","","1,00",""
"39","17","5","","100","","1,00",""
"39","17","6","","100","","1,00",""
"39","17","7","","100","","1,00",""
"39","17","8","","100","","1,00",""
"39","17","9","","100","","1,00",""
"40","1","1","2","1000","","1,00",""
"40","1","10","3","100","","1,00",""
"40","1","2","2","900","","1,00",""
"40","1","3","2","800","","1,00",""
"40","1","4","2","700","","1,00",""
"40","1","5","2","600","","1,00",""
"40","1","6","2","500","","1,00",""
"40","1","7","2","400","","1,00",""
"40","1","8","2","300","","1,00",""
"40","1","9","3","200","","1,00",""
"40","2","Assistência Técnica","","200","","1,00",""
"40","2","Financeiro","","500","","1,00",""
"40","2","Peças","","300","","1,00",""
"40","2","Pneus e Rodados","","600","","1,00",""
"40","2","Soluções Integradas","","400","","1,00",""
"40","2","Vendas","","100","","1,00",""
"40","3","Não","","200","","1,00",""
"40","3","Sim","","100","","1,00",""
"40","4","Não","","200","","1,00",""
"40","4","Sim","","100","","1,00",""
"40","7","0","","100","","1,00",""
"40","7","1","","100","","1,00",""
"40","7","10","","200","","1,00",""
"40","7","2","","100","","1,00",""
"40","7","3","","100","","1,00",""
"40","7","4","","100","","1,00",""
"40","7","5","","100","","1,00",""
"40","7","6","","100","","1,00",""
"40","7","7","","100","","1,00",""
"40","7","8","","100","","1,00",""
"40","7","9","","100","","1,00",""
"40","8","Não","14","20","","1,00",""
"40","8","Sim","9","10","","1,00",""
"40","9","Não","","20","","1,00",""
"40","9","Sim","","10","","1,00",""
"40","10","Não","","20","","1,00",""
"40","10","Sim","","10","","1,00",""
"40","12","0","","99","","1,00",""
"40","12","1","","100","","1,00",""
"40","12","10","","1000","","1,00",""
"40","12","2","","200","","1,00",""
"40","12","3","","300","","1,00",""
"40","12","4","","400","","1,00",""
"40","12","5","","500","","1,00",""
"40","12","6","","600","","1,00",""
"40","12","7","","700","","1,00",""
"40","12","8","","800","","1,00",""
"40","12","9","","900","","1,00",""
"40","14","Disponibilidade","15","100","","1,00",""
"40","14","Outros","20","300","","1,00",""
"40","14","Preço","16","200","","1,00",""
"40","16","0","","0","","1,00",""
"40","16","1","","100","","1,00",""
"40","16","10","","1000","","1,00",""
"40","16","2","","200","","1,00",""
"40","16","3","","300","","1,00",""
"40","16","4","","400","","1,00",""
"40","16","5","","500","","1,00",""
"40","16","6","","600","","1,00",""
"40","16","7","","700","","1,00",""
"40","16","8","","800","","1,00",""
"40","16","9","","900","","1,00",""
"40","18","Não","","20","","1,00",""
"40","18","Sim","","10","","1,00",""
"40","19","Elétricos/Eletrônico","","300","","1,00",""
"40","19","Filtros","","200","","1,00",""
"40","19","Lubrificantes","","100","","1,00",""
"40","19","Outras Peças","","400","","1,00",""
"41","1","CAP","","400","","1,00",""
"41","1","Consultivo","","300","","1,00",""
"41","1","KAM","","200","","1,00",""
"41","1","SAM","","100","","1,00",""
"41","2","Não","","20","","1,00",""
"41","2","Sim","","10","","1,00",""
"41","15","Não","","20","","1,00",""
"41","15","Sim","","10","","1,00",""
"41","16","Não","","20","","1,00",""
"41","16","Sim","","10","","1,00",""
"41","21","Externo","","200","","1,00",""
"41","21","Interno","","100","","1,00",""
"41","24","Externo","","200","","1,00",""
"41","24","Interno","","100","","1,00",""
"41","48","Não","","20","","1,00",""
"41","48","Sim","","10","","1,00",""
"41","51","Não","","20","","1,00",""
"41","51","Sim","","10","","1,00",""
"41","54","Não","","20","","1,00",""
"41","54","Sim","","10","","1,00",""
"41","91","01","","100","","1,00",""
"41","91","02","","100","","1,00",""
"41","91","03","","100","","1,00",""
"41","91","04","","100","","1,00",""
"41","91","05","","100","","1,00",""
"41","91","06","","100","","1,00",""
"41","91","07","","100","","1,00",""
"41","91","08","","100","","1,00",""
"41","91","09","","100","","1,00",""
"41","91","10","","100","","1,00",""
"41","92","01","","100","","1,00",""
"41","92","02","","100","","1,00",""
"41","92","03","","100","","1,00",""
"41","92","04","","100","","1,00",""
"41","92","05","","100","","1,00",""
"41","92","06","","100","","1,00",""
"41","92","07","","100","","1,00",""
"41","92","08","","100","","1,00",""
"41","92","09","","100","","1,00",""
"41","92","10","","100","","1,00",""
"41","94","Crédito Pós Venda","","100","","1,00",""
"41","94","Desconto Financeiro","","100","","1,00",""
"41","94","Sem Bonificação","","100","","1,00",""
"42","4","Anti Rotação - PF80869 - Peça (Valtra)","","1400","Q004_ANTI_ROTACAO","1,00","1"
"42","4","Anti Rotação - PF90889 - Peça","","700","Q004_ANTI_PF90889","1,00","1"
"42","4","Ativação RTK - 7307PC - JD Config","","1500","Q004_ATIVACAO_RTK","1,00","1"
"42","4","Autotrac SF3 - 049DPC - Peça","","800","Q004_AUTOTRAC_049","1,00","1"
"42","4","Chicote - PF90687 - Peça","","400","Q004_CHICOTE_90687","1,00","1"
"42","4","Chicote ISO - BPF10139 - Peça","","600","Q004_CHICOTE_ISO","1,00","1"
"42","4","Kit Suporte - AL207195 - Peça","","1200","Q004_KIT_AL207195","1,00","1"
"42","4","Monitor GS3 2630 - 0706PC - JD Config","","100","Q004_MONITOR_GS3","1,00","1"
"42","4","Rádio 450Mhz - 7320PC - JD Config","","1100","Q004_450MHZ","1,00","1"
"42","4","Rádio 900 Mhz - 7310PC - JD Config","","1000","Q004_RADIO_900_MHZ","1,00","1"
"42","4","Receptor SF6000 - 0908PC - JD Config","","200","Q004_RECEPTOR_0908","1,00","1"
"42","4","RTK - 7307PC - JD Config","","1300","Q004_RTK_7307PC","1,00","1"
"42","4","SF3 Ready - 090EPC - Peça","","900","Q004_SF3_READY","1,00","1"
"42","4","Suporte - PF90385 - Peça","","500","Q004_SUPORTE_90385","1,00","1"
"42","4","Volante ATU 200 - 0520PC - JD Config","","300","Q004_VOLANTE_0520","1,00","1"
"42","5","Não","","20","","1,00",""
"42","5","Sim","","10","","1,00",""
"42","8","Active Implement Guidance - 0231PC","","100","","1,00",""
"42","8","Ativacao nao John Deere  - 0260PC","","100","","1,00",""
"42","8","Automation 1.0 - GSD4 - StellarSupport","","100","","1,00",""
"42","8","AutoTrac GS3 - 049DPC","","100","","1,00",""
"42","8","CBA3200 PLM WG - 2540HS","","100","","1,00",""
"42","8","CBA3200 WG - 2550HS","","100","","1,00",""
"42","8","Controle de Seções p/ Monitor GS3 - 0534","","100","","1,00",""
"42","8","Estacao Meteorologica - 2490HS","","100","","1,00",""
"42","8","Kit ATC Monitor 4240 c/ 1 ano SF3 - 2481","","100","","1,00",""
"42","8","Kit ATC Monitor 4240 RTK 450 - 2481HS","","100","","1,00",""
"42","8","Kit ATC Monitor 4240 RTK 900 - 2481HS","","100","","1,00",""
"42","8","Kit ATC Monitor 4640 c/ 1 ano SF3 - 2481","","100","","1,00",""
"42","8","Kit ATC Monitor 4640 RTK 450 - 2481HS","","100","","1,00",""
"42","8","Kit ATC Monitor 4640 RTK 900 - 2481HS","","100","","1,00",""
"42","8","Kit ATU 300 Monitor 4240 RTK 450 - 2471H","","100","","1,00",""
"42","8","Kit ATU 300 Monitor 4240 RTK 900 - 2471H","","100","","1,00",""
"42","8","Kit ATU 300 Monitor 4640 c/ 1 ano SF3 - ","","100","","1,00",""
"42","8","Kit ATU 300 Monitor 4640 RTK 450 - 2471H","","100","","1,00",""
"42","8","Kit ATU 300 Monitor 4640 RTK 900 - 2471H","","100","","1,00",""
"42","8","Kit ATU 300 Monitori 4240 c/ 1 ano SF3 ","","100","","1,00",""
"42","8","Kit Base RTK 450  - 2330HS","","100","","1,00",""
"42","8","Kit Base RTK 900 - 2330HS","","100","","1,00",""
"42","8","Kit JDlink MTG 4G - 2000HS","","100","","1,00",""
"42","8","Kit Monitor 4240 SF1 - 2471HS","","100","","1,00",""
"42","8","Kit Monitor 4640 SF1 - 2471HS","","100","","1,00",""
"42","8","Kit Monitor MPA2500 - 2600HS","","100","","1,00",""
"42","8","Kit Repetidora RTK 450 - 2330HS","","100","","1,00",""
"42","8","Kit Repetidora RTK 900 - 2330HS","","100","","1,00",""
"42","8","Kit Taxa Variavel Liquido - 2080HS","","100","","1,00",""
"42","8","Kit Taxa Variavel Solidos - 2081HS","","100","","1,00",""
"42","8","Licenca CEC  - Auteq","","100","","1,00",""
"42","8","Licenca DDT  - Auteq","","100","","1,00",""
"42","8","Licenca Portal GFexplorer  - Auteq","","100","","1,00",""
"42","8","Licenca Servidor Colorado  - Auteq","","100","","1,00",""
"42","8","Licenca USER GFexplorer - Auteq","","100","","1,00",""
"42","8","Master 1.0 - GSD4 - StellarSupport","","100","","1,00",""
"42","8","Monitor Gen 4240 - 0710HS","","100","","1,00",""
"42","8","Monitor Gen 4640 - 0700HS","","100","","1,00",""
"42","8","Monitor GS3 2630 - 2301HS","","100","","1,00",""
"42","8","Peças AMS  - SAP","","100","","1,00",""
"42","8","Peças AUTEQ - SAP","","100","","1,00",""
"42","8","Premium 3.0 - GSD4 - StellarSupport","","100","","1,00",""
"42","8","Radio RTK 450 MHz - 2450HS","","100","","1,00",""
"42","8","Radio RTK 900 MHz - 2440HS","","100","","1,00",""
"42","8","Receptor SF6000 C/ 1 Ano SF3 - 2330HS","","100","","1,00",""
"42","8","Receptor SF6000 RTK - 2330HS","","100","","1,00",""
"42","8","Receptor SF6000 SF1 - 2330HS","","100","","1,00",""
"42","8","Receptor SF6000 SF3 - 2330HS","","100","","1,00",""
"42","8","SF2 12 meses - StellarSupport","","100","","1,00",""
"42","8","SF2 24 meses - StellarSupport","","100","","1,00",""
"42","8","SF2 3 meses - StellarSupport","","100","","1,00",""
"42","8","SF2 36 meses - StellarSupport","","100","","1,00",""
"42","8","SF2 6 meses - StellarSupport","","100","","1,00",""
"42","8","SF3 12 meses - StellarSupport","","100","","1,00",""
"42","8","SF3 24 meses - StellarSupport","","100","","1,00",""
"42","8","SF3 3 meses - StellarSupport","","100","","1,00",""
"42","8","SF3 36 meses - StellarSupport","","100","","1,00",""
"42","8","SF3 6 meses - StellarSupport","","100","","1,00",""
"42","8","Software APEX - 0290PC","","100","","1,00",""
"42","8","StarFire 6000 RTK Ready - 7307PC","","100","","1,00",""
"42","8","StarFire 6000 SF3 Ready - 090EPC","","100","","1,00",""
"42","8","Suporte 24 X 7  - Auteq","","100","","1,00",""
"42","8","Upgrade SF3000 to SF6000 - 090GPC","","100","","1,00",""
"42","8","Volante ATU 300 - 2250HS","","100","","1,00",""
"42","8","Volante ATU 300 c/ Preparacao - 2250HS","","100","","1,00",""
"42","8","Volante Hidraulico ATC 260 CH - 05C0HS","","100","","1,00",""
"42","8","Volante Hidraulico ATC 300 - 0590HS","","100","","1,00",""
"42","13","Banco John Deere","","100","","1,00",""
"42","13","Consórcio","","100","","1,00",""
"42","13","Outros Bancos","","100","","1,00",""
"42","13","Parcelamento Interno","","100","","1,00",""
"42","13","Recurso Próprio","","100","","1,00",""
"42","26","Não","","20","","1,00",""
"42","26","Sim","","10","","1,00",""
"42","29","Não","","20","","1,00",""
"42","29","Sim","","10","","1,00",""
"42","34","SAP CONTA CHAVE","","100","","1,00",""
"42","34","SAP MAQUINAS ARA02","","100","","1,00",""
"42","34","SAP MAQUINAS BRT03","","100","","1,00",""
"42","34","SAP MAQUINAS FRA11","","100","","1,00",""
"42","34","SAP MAQUINAS ORL07","","100","","1,00",""
"42","34","SAP MAQUINAS RAO01","","100","","1,00",""
"42","34","SAP PEÇAS","","100","","1,00",""
"42","36","1","","100","","1,00",""
"42","36","2","","100","","2,00",""
"42","36","3","","100","","3,00",""
"42","36","4","","100","","4,00",""
"42","36","5","","100","","5,00",""
"42","36","6","","100","","6,00",""
"42","36","7","","100","","7,00",""
"42","36","8","","100","","8,00",""
"42","36","9","","100","","9,00",""
"42","47","Não","","20","","1,00",""
"42","47","Sim","","10","","1,00",""
"42","48","Não","","20","","1,00",""
"42","48","Sim","","10","","1,00",""
"43","21","Não","25","20","","1,00",""
"43","21","Sim","24","10","","1,00",""
"43","23","Banco Alfa","","100","","1,00",""
"43","23","Banco Bradesco","","100","","1,00",""
"43","23","Banco do Brasil","","100","","1,00",""
"43","23","Banco Itaú","","100","","1,00",""
"43","23","Banco John Deere","","100","","1,00",""
"43","23","Banco Ribeirão Preto","","100","","1,00",""
"43","23","Banco Safra","","100","","1,00",""
"43","23","Banco Santander","","100","","1,00",""
"43","23","Bc Caixa Econômica","","100","","1,00",""
"43","23","Colorado Equipamento","","100","","1,00",""
"43","23","Outro","","100","","1,00",""
"43","23","Recurso Próprio","","100","","1,00",""
"43","23","Sicoob","","100","","1,00",""
"43","31","0%","","100","","1,00",""
"43","31","100%","","100","","1,00",""
"43","31","25%","","100","","1,00",""
"43","31","50%","","100","","1,00",""
"43","31","75%","","100","","1,00",""
"43","31","90%","","100","","1,00",""
"44","1","Não","","20","","1,00",""
"44","1","Sim","","10","","1,00",""
"44","9","Chegou Tarde","","100","","1,00",""
"44","9","Condição Comercial","","100","","1,00",""
"44","9","Crédito Indeferido","","100","","1,00",""
"44","9","Disponibilidade","","200","","1,00",""
"44","9","Não Participamos","","300","","1,00",""
"44","9","Preço","","400","","1,00",""
"45","2","ARTUR GOBBI","","100","","1,00",""
"45","2","BENEDITO.FELICIO","","100","","1,00",""
"45","2","CARLOS ASSUMPCAO","","400","","1,00",""
"45","2","DAIANE.ANJOS","","100","","1,00",""
"45","2","DANI SILVA","","200","","1,00",""
"45","2","DANI.SILVA","","100","","1,00",""
"45","2","EDER DEROIDE","","100","","1,00",""
"45","2","FERNANDO.TEIXEIRA","","100","","1,00",""
"45","2","GUILHERME.BARBOSA","","100","","1,00",""
"45","2","JAIME.HIRAI","","100","","1,00",""
"45","2","JOAO VITOR","","100","","1,00",""
"45","2","JOSE MENDONCA","","200","","1,00",""
"45","2","LEANDRO RESENDE","","300","","1,00",""
"45","2","LEANDRO.REIAS","","100","","1,00",""
"45","2","LUIZ PIZZI","","400","","1,00",""
"45","2","MATEUS MIGUEL","","300","","1,00",""
"45","2","MURILO.REIS","","100","","1,00",""
"45","2","NIVALDO SOUZA","","400","","1,00",""
"45","2","PEDRO SPECHOTTO","","200","","1,00",""
"45","2","RICARDO ALEXANDRE","","100","","1,00",""
"45","2","RODOLFO.CRISPIM","","100","","1,00",""
"45","2","RODRIGO TITO","","200","","1,00",""
"45","2","RODRIGO.FREITAS","","100","","1,00",""
"45","2","SANDRO SILVA","","400","","1,00",""
"45","2","THIAGO.RAMOS","","100","","1,00",""
"45","2","TIAGO BEVILACQUA","","400","","1,00",""
"45","2","WALTER MORANDO","","400","","1,00",""
"45","3","ANDERSON.MOREIRA","","100","","1,00",""
"45","3","FELIPE MARQUES","","100","","1,00",""
"45","3","MIGUEL CALDERONI","","100","","1,00",""
"45","3","RENATO PEREIRA","","100","","1,00",""
"45","3","ROGER ABUD","","100","","1,00",""
"45","3","TASSO TOLEDO","","100","","1,00",""
"45","8","Não","","20","","1,00",""
"45","8","Sim","","10","","1,00",""
"45","14","Não","","20","","1,00",""
"45","14","Sim","","10","","1,00",""
"45","15","1","","100","","1,00",""
"45","16","1","","100","","1,00",""
"47","21","Não","25","20","","1,00",""
"47","21","Sim","24","10","","1,00",""
"47","23","Banco Alfa","","100","","1,00",""
"47","23","Banco Bradesco","","100","","1,00",""
"47","23","Banco do Brasil","","100","","1,00",""
"47","23","Banco Itaú","","100","","1,00",""
"47","23","Banco John Deere","","100","","1,00",""
"47","23","Banco Ribeirão Preto","","100","","1,00",""
"47","23","Banco Safra","","100","","1,00",""
"47","23","Banco Santander","","100","","1,00",""
"47","23","Bc Caixa Econômica","","100","","1,00",""
"47","23","Colorado Equipamento","","100","","1,00",""
"47","23","Outro","","100","","1,00",""
"47","23","Recurso Próprio","","100","","1,00",""
"47","23","Sicoob","","100","","1,00",""
"47","31","0%","","100","","1,00",""
"47","31","100%","","100","","1,00",""
"47","31","25%","","100","","1,00",""
"47","31","50%","","100","","1,00",""
"47","31","75%","","100","","1,00",""
"47","31","90%","","100","","1,00",""
"51","4","Assinatura SF2/SF3","","100","","1,00",""
"51","4","Assinaturas ISG","","100","","1,00",""
"51","4","Licença","","100","","1,00",""
"51","4","Serviço Agronomico","","100","","1,00",""
"51","4","Suporte Técnico","","100","","1,00",""
"52","1","Atendimento Remoto","","100","","1,00",""
"52","1","Ativação de Licença","","100","","1,00",""
"52","1","Direcionamento","","100","","1,00",""
"52","1","Licença","","100","","1,00",""
"52","1","Suporte Técnico","","100","","1,00",""
"52","1","Treinamento","","100","","1,00",""
"52","3","ANDERSON.MOREIRA","","100","","1,00",""
"52","3","JULIANO SIVIERO","","100","","1,00",""
"52","3","MAICON DEODATO","","100","","1,00",""
"52","3","MARCIO FONSECA","","100","","1,00",""
"52","3","ROGER ABUD","","100","","1,00",""
"52","3","TASSO TOLEDO","","100","","1,00",""
"52","9","ARTUR.GOBBI","","100","","1,00",""
"52","9","BENEDITO.FELICIO","","100","","1,00",""
"52","9","CARLOS.ASSUMPCAO","","400","","1,00",""
"52","9","DANI.SILVA","","200","","1,00",""
"52","9","DANIZETE.BRITO","","100","","1,00",""
"52","9","EDER.DEROIDE","","100","","1,00",""
"52","9","GUILHERME.BARBOSA","","100","","1,00",""
"52","9","HUGO.VELAZQUEZ","","100","","1,00",""
"52","9","JOAO.VITOR","","100","","1,00",""
"52","9","JOSE.MENDONCA","","200","","1,00",""
"52","9","LEANDRO.REIS","","100","","1,00",""
"52","9","LEANDRO.RESENDE","","200","","1,00",""
"52","9","LEONARDO.FURLAN","","100","","1,00",""
"52","9","LUIZ.PIZZI","","400","","1,00",""
"52","9","MATEUS.MIGUEL","","200","","1,00",""
"52","9","MURILO.REIS","","100","","1,00",""
"52","9","NIVALDO.SOUZA","","400","","1,00",""
"52","9","RENATO.BARALDI","","100","","1,00",""
"52","9","RICARDO.ALEXANDRE","","100","","1,00",""
"52","9","RODOLFO.CRISPIM","","100","","1,00",""
"52","9","RODRIGO.FREITAS","","100","","1,00",""
"52","9","RODRIGO.TITO","","100","","1,00",""
"52","9","SANDRO.SILVA","","400","","1,00",""
"52","9","SEM PARTICIPAÇÃO","","100","","1,00",""
"52","9","WALTER.MORANDO","","400","","1,00",""
"52","9","WILSON.TRISTAO","","100","","1,00",""
"52","9","WILTON.RIBEIRO","","100","","1,00",""
"52","12","1.5","","100","","1,00",""
"52","13","1.5","","100","","1,00",""
"52","14","Não","","20","","1,00",""
"52","14","Sim","","10","","1,00",""
"53","3","Extremamente Satisfeito","","100","","4,00",""
"53","3","Insatisfeito","","100","","1,00",""
"53","3","Parcialmente Satisfeito","","100","","2,00",""
"53","3","Satisfeito","","100","","3,00",""
"55","1","Não","","20","","1,00",""
"55","1","Sim","","10","","1,00",""
"55","2","Não","","20","","1,00",""
"55","2","Sim","","10","","1,00",""
"55","3","Nota 1","","100","","1,00",""
"55","3","Nota 10","","100","","1,00",""
"55","3","Nota 2","","100","","1,00",""
"55","3","Nota 3","","100","","1,00",""
"55","3","Nota 4","","100","","1,00",""
"55","3","Nota 5","","100","","1,00",""
"55","3","Nota 6","","100","","1,00",""
"55","3","Nota 7","","100","","1,00",""
"55","3","Nota 8","","100","","1,00",""
"55","3","Nota 9","","100","","1,00",""
"56","1","Não","","20","","1,00",""
"56","1","Sim","","10","","1,00",""
"56","2","Não","","20","","1,00",""
"56","2","Sim","","10","","1,00",""
"56","3","Não","","20","","1,00",""
"56","3","Sim","","10","","1,00",""
"56","4","Não","","20","","1,00",""
"56","4","Sim","","10","","1,00",""
"56","5","Não","","20","","1,00",""
"56","5","Sim","","10","","1,00",""
"57","1","Colorado Show","2","100","","1,00",""
"57","1","Dia De Campo","2","200","","1,00",""
"57","1","Feira Original","2","300","","1,00",""
"57","1","Hora Certa","2","400","","1,00",""
"57","1","Patrocinados","2","500","","1,00",""
"57","1","Precisão de Campo","2","600","","1,00",""
"57","1","Tratour","2","700","","1,00",""
"57","2","Não","3","20","","1,00",""
"57","2","Sim","3","10","","1,00",""
"57","3","Anuncios","","100","","1,00",""
"57","3","Email MKT","","200","","1,00",""
"57","3","Facebook","","300","","1,00",""
"57","3","Indicação","","400","","1,00",""
"57","3","Instagram","","500","","1,00",""
"57","3","Landing Page","","600","","1,00",""
"57","3","Radio","","700","","1,00",""
"57","3","Site","","800","","1,00",""
"57","3","SMS","","900","","1,00",""
"57","3","TV","","1000","","1,00",""
"57","3","Visita","","1010","","1,00",""
"57","3","Whatsapp","","1020","","1,00",""
"57","3","Youtube","","1030","","1,00",""
"57","5","Não","8","20","","1,00",""
"57","5","Sim","8","10","","1,00",""
"57","6","Não","","20","","1,00",""
"57","6","Sim","","10","","1,00",""
"57","7","Não","","20","","1,00",""
"57","7","Sim","","10","","1,00",""
"57","8","Não","","20","","1,00",""
"57","8","Sim","","10","","1,00",""
"57","9","Não","","20","","1,00",""
"57","9","Sim","","10","","1,00",""
"57","10","Não","","20","","1,00",""
"57","10","Sim","","10","","1,00",""
"57","11","1","","100","","1,00",""
"57","11","10","","900","","1,00",""
"57","11","2","","100","","1,00",""
"57","11","3","","100","","1,00",""
"57","11","4","","100","","1,00",""
"57","11","5","","100","","1,00",""
"57","11","6","","100","","1,00",""
"57","11","7","","100","","1,00",""
"57","11","8","","100","","1,00",""
"57","11","9","","100","","1,00",""
"60","6","Com Vazamento","","100","","1,00",""
"60","6","Não se aplica","","100","","1,00",""
"60","6","Sem Vazamento","","100","","1,00",""
"60","7","Com Vazamento","","100","","1,00",""
"60","7","Não se aplica","","100","","1,00",""
"60","7","Sem Vazamento","","100","","1,00",""
"60","8","Não","","20","","1,00",""
"60","8","Sim","","10","","1,00",""
"60","9","Não","","20","","1,00",""
"60","9","Sim","","10","","1,00",""
"60","10","Não","","20","","1,00",""
"60","10","Sim","","10","","1,00",""
"60","12","Com desgaste","","100","","1,00",""
"60","12","Não se aplica","","100","","1,00",""
"60","12","Sem desgaste","","100","","1,00",""
"60","12","Trincados","","100","","1,00",""
"60","14","Com desgaste","","100","","1,00",""
"60","14","Não se aplica","","100","","1,00",""
"60","14","Sem desgaste","","100","","1,00",""
"60","14","Trincadas","","100","","1,00",""
"60","15","Não","","20","","1,00",""
"60","15","Sim","","10","","1,00",""
"60","16","Com Vazamentos","","100","","1,00",""
"60","16","Não se aplica","","100","","1,00",""
"60","16","Sem Vazamentos","","100","","1,00",""
"60","17","Com Vazamentos","","100","","1,00",""
"60","17","Não se aplica","","100","","1,00",""
"60","17","Sem Vazamentos","","100","","1,00",""
"60","18","Bom ","","100","","1,00",""
"60","18","Não se aplica","","100","","1,00",""
"60","18","Pessimo","","100","","1,00",""
"60","18","Regular","","100","","1,00",""
"60","20","Não","","20","","1,00",""
"60","20","Sim","","10","","1,00",""
"60","21","Não","","20","","1,00",""
"60","21","Sim","","10","","1,00",""
"60","22","Não","","20","","1,00",""
"60","22","Sim","","10","","1,00",""
"60","23","Bom","","100","","1,00",""
"60","23","Não se aplica","","100","","1,00",""
"60","23","Pessimo","","100","","1,00",""
"60","23","Regular","","100","","1,00",""
"60","24","Com Trincas","","100","","1,00",""
"60","24","Não se aplica","","100","","1,00",""
"60","24","Sem Trincas","","100","","1,00",""
"60","25","Bom","","100","","1,00",""
"60","25","Não se aplica","","100","","1,00",""
"60","25","Pessimo","","100","","1,00",""
"60","25","Regular","","100","","1,00",""
"60","26","Com desgaste","","100","","1,00",""
"60","26","Não se aplica","","100","","1,00",""
"60","26","Sem desgaste","","100","","1,00",""
"60","27","Não","","20","","1,00",""
"60","27","Sim","","10","","1,00",""
"60","28","Não","","20","","1,00",""
"60","28","Sim","","10","","1,00",""
"60","29","Não","","20","","1,00",""
"60","29","Sim","","10","","1,00",""
"60","30","Bom ","","100","","1,00",""
"60","30","Não se aplica","","100","","1,00",""
"60","30","Pessimo","","100","","1,00",""
"60","30","Regular","","100","","1,00",""
"60","31","Não","","20","","1,00",""
"60","31","Sim","","10","","1,00",""
"60","32","Bom","","100","","1,00",""
"60","32","Não se aplica","","100","","1,00",""
"60","32","Pessimo","","100","","1,00",""
"60","32","Regular","","100","","1,00",""
"60","33","Não","","20","","1,00",""
"60","33","Sim","","10","","1,00",""
"60","34","Cliente Entrega","","100","","1,00",""
"60","34","Durante Entrega Novo","","100","","1,00",""
"61","2","ARTUR.GOBBI","","100","","1,00",""
"61","2","JOAO.VITOR","","100","","1,00",""
"61","4","Colhedoras","","200","Q004_COLHEDORAS","1,00","1"
"61","4","Colheitadeiras e Plataformas","","200","Q004_COLHEITADEIRAS_","1,00","1"
"61","4","Green System","","200","Q004_GREEN_SYSTEM","1,00","1"
"61","4","Plantadeiras","","200","Q004_PLANTADEIRAS","1,00","1"
"61","4","Pulverizadores","","200","Q004_PULVERIZADORES","1,00","1"
"61","4","Tratores Linha 5000","","100","Q004_TRATORES_LINHA5","1,00","1"
"61","4","Tratores Linha 6000","","100","Q004_TRATORES_LINHA6","1,00","1"
"61","4","Tratores Linha 7000","","100","Q004_TRATORES_LINHA7","1,00","1"
"61","4","Tratores Linha 8000","","100","Q004_TRATORES_LINHA8","1,00","1"
"61","6","Não","","20","","1,00",""
"61","6","Sim","","10","","1,00",""
"61","7","Não","","20","","1,00",""
"61","7","Sim","","10","","1,00",""
"61","8","JULIANO.SIVIERO","","100","","1,00",""
"61","8","SEM PARTICIPAÇÃO","","100","","1,00",""
"62","3","Demonstração","","100","","1,00",""
"62","3","Exposição","","100","","1,00",""
"62","6","Café","","400","","1,00",""
"62","6","Cana de açucar","","100","","1,00",""
"62","6","Citrus","","200","","1,00",""
"62","6","Fruticultura","","300","","1,00",""
"62","6","Grãos","","500","","1,00",""
"62","6","Olericultura","","700","","1,00",""
"62","6","Outros","","800","","1,00",""
"62","6","Pecuária","","600","","1,00",""
"62","8","Alto","","100","","1,00",""
"62","8","Baixo","","100","","1,00",""
"62","8","Medio","","100","","1,00",""
"62","18","CA 1175","","220","","1,00",""
"62","18","CA 1450","","200","","1,00",""
"62","18","CA 440","","210","","1,00",""
"62","18","CH3510","","60","","1,00",""
"62","18","CH3520","","70","","1,00",""
"62","18","CH3522","","80","","1,00",""
"62","18","CH570","","90","","1,00",""
"62","18","CH670","","100","","1,00",""
"62","18","CH950","","110","","1,00",""
"62","18","COLHEDORA CAFE OXB","","593","","1,00",""
"62","18","CS 9470","","230","","1,00",""
"62","18","CS 9570","","240","","1,00",""
"62","18","CS 9670","","250","","1,00",""
"62","18","CS 9770","","260","","1,00",""
"62","18","Kit AMS","","600","","1,00",""
"62","18","KO800HI 12","","100","","1,00",""
"62","18","PL1109 ","","120","","1,00",""
"62","18","PL1111","","130","","1,00",""
"62","18","PL1113","","140","","1,00",""
"62","18","PL2113","","150","","1,00",""
"62","18","PL2113A","","160","","1,00",""
"62","18","PL2115","","170","","1,00",""
"62","18","PL2117","","180","","1,00",""
"62","18","PL2130A","","190","","1,00",""
"62","18","PV N4025","","50","","1,00",""
"62","18","PV N4030","","40","","1,00",""
"62","18","PV4630","","30","","1,00",""
"62","18","PV4730","","20","","1,00",""
"62","18","PV4940","","10","","1,00",""
"62","18","S430","","270","","1,00",""
"62","18","S440","","280","","1,00",""
"62","18","S540","","290","","1,00",""
"62","18","S550","","300","","1,00",""
"62","18","S660","","310","","1,00",""
"62","18","S670","","320","","1,00",""
"62","18","S760","","330","","1,00",""
"62","18","TR5055E","","330","","1,00",""
"62","18","TR5060E","","340","","1,00",""
"62","18","TR5060E 12x12","","350","","1,00",""
"62","18","TR5060E CAB 12x12","","360","","1,00",""
"62","18","TR5060EN","","370","","1,00",""
"62","18","TR5065E","","380","","1,00",""
"62","18","TR5065EN CAB","","390","","1,00",""
"62","18","TR5070E 12X12","","400","","1,00",""
"62","18","TR5070E CAB AVANCADO","","410","","1,00",""
"62","18","TR5075E","","420","","1,00",""
"62","18","TR5078E","","430","","1,00",""
"62","18","TR5078E CAB ","","435","","1,00",""
"62","18","TR5080E 12X12","","440","","1,00",""
"62","18","TR5080EN","","100","","1,00",""
"62","18","TR5085E","","445","","1,00",""
"62","18","TR5090E","","450","","1,00",""
"62","18","TR6100E","","455","","1,00",""
"62","18","TR6110J","","460","","1,00",""
"62","18","TR6115J MAR I","","465","","1,00",""
"62","18","TR6120M MAR-I","","525","","1,00",""
"62","18","TR6125E MAR-I","","470","","1,00",""
"62","18","TR6125J MAR-I","","475","","1,00",""
"62","18","TR6130J","","480","","1,00",""
"62","18","TR6135J MAR- I","","485","","1,00",""
"62","18","TR6135M MAR-I","","490","","1,00",""
"62","18","TR6150J MAR-I","","495","","1,00",""
"62","18","TR6150M MAR-I","","500","","1,00",""
"62","18","TR6170J MAR-I","","505","","1,00",""
"62","18","TR6170M MAR-I","","510","","1,00",""
"62","18","TR6190J MAR-I","","515","","1,00",""
"62","18","TR6190M MAR-I","","520","","1,00",""
"62","18","TR7185J","","530","","1,00",""
"62","18","TR7200J MAR-I","","535","","1,00",""
"62","18","TR7205J","","540","","1,00",""
"62","18","TR7210J","","545","","1,00",""
"62","18","TR7215J MAR-I","","550","","1,00",""
"62","18","TR7230J MAR-I","","555","","1,00",""
"62","18","TR7715","","560","","1,00",""
"62","18","TR7815","","565","","1,00",""
"62","18","TR8230 MAR-I","","585","","1,00",""
"62","18","TR8245R","","570","","1,00",""
"62","18","TR8270R MAR-I","","575","","1,00",""
"62","18","TR8295R MAR-I","","580","","1,00",""
"62","18","TR8370 MAR-I","","590","","1,00",""
"63","1","Insatisfeito","","100","","1,00",""
"63","1","Pouco Satisfeito","","100","","1,00",""
"63","1","Satisfeito","","100","","1,00",""
"63","3","Cliente","","100","","1,00",""
"63","3","Colorado","","100","","1,00",""
"63","3","Estimado","","100","","1,00",""
"63","3","Não Medido","","100","","1,00",""
"63","3","Sistema","","100","","1,00",""
"64","1","Não","","20","","1,00",""
"64","1","Sim","","10","","1,00",""
"64","2","Não","","20","","1,00",""
"64","2","Sim","","10","","1,00",""
"64","3","Não","","20","","1,00",""
"64","3","Sim","","10","","1,00",""
"64","4","Não","","20","","1,00",""
"64","4","Sim","","10","","1,00",""
"64","5","1","","100","Q005_1","1,00","1"
"64","5","10","","1000","Q005_","1,00","1"
"64","5","2","","200","Q005_2","1,00","1"
"64","5","3","","300","Q005_3","1,00","1"
"64","5","4","","400","Q005_4","1,00","1"
"64","5","5","","500","Q005_5","1,00","1"
"64","5","6","","600","Q005_6","1,00","1"
"64","5","7","","700","Q005_7","1,00","1"
"64","5","8","","800","Q005_8","1,00","1"
"64","5","9","","900","Q005_9","1,00","1"
"64","6","0","","1","","1,00",""
"64","6","1","","2","","1,00",""
"64","6","10","","11","","1,00",""
"64","6","2","","3","","1,00",""
"64","6","3","","4","","1,00",""
"64","6","4","","5","","1,00",""
"64","6","5","","6","","1,00",""
"64","6","6","","7","","1,00",""
"64","6","7","","8","","1,00",""
"64","6","8","","9","","1,00",""
"64","6","9","","10","","1,00",""
"64","7","Não","","20","","1,00",""
"64","7","Sim","","10","","1,00",""
"65","1","Não","","20","","1,00",""
"65","1","Sim","","10","","1,00",""
"65","2","Não","","20","","1,00",""
"65","2","Sim","","10","","1,00",""
"65","3","Não","","20","","1,00",""
"65","3","Sim","","10","","1,00",""
"65","4","Não","","20","","1,00",""
"65","4","Sim","","10","","1,00",""
"65","5","0","","0","","1,00",""
"65","5","1","","1","","1,00",""
"65","5","10","","10","","1,00",""
"65","5","2","","2","","1,00",""
"65","5","3","","3","","1,00",""
"65","5","4","","4","","1,00",""
"65","5","5","","5","","1,00",""
"65","5","6","","6","","1,00",""
"65","5","7","","7","","1,00",""
"65","5","8","","8","","1,00",""
"65","5","9","","9","","1,00",""
"66","1","Não","2","20","","1,00",""
"66","1","Sim","7","10","","1,00",""
"66","2","Não","","20","","1,00",""
"66","2","Sim","","10","","1,00",""
"66","3","Não","","20","","1,00",""
"66","3","Sim","","10","","1,00",""
"66","4","Não","5","20","","1,00",""
"66","4","Sim","6","10","","1,00",""
"66","5","0","","0","","1,00",""
"66","5","1","","10","","1,00",""
"66","5","10","","100","","1,00",""
"66","5","2","","20","","1,00",""
"66","5","3","","30","","1,00",""
"66","5","4","","40","","1,00",""
"66","5","5","","50","","1,00",""
"66","5","6","","60","","1,00",""
"66","5","7","","70","","1,00",""
"66","5","8","","80","","1,00",""
"66","5","9","","90","","1,00",""
"66","6","Não","","20","","1,00",""
"66","6","Sim","","10","","1,00",""
"66","7","Não","","20","","1,00",""
"66","7","Sim","","10","","1,00",""
"67","1","Não","","20","","1,00",""
"67","1","Sim","","10","","1,00",""
"67","2","Não","","20","","1,00",""
"67","2","Sim","","10","","1,00",""
"67","3","Não","","20","","1,00",""
"67","3","Sim","","10","","1,00",""
"67","4","0","","0","","1,00",""
"67","4","1","","10","","1,00",""
"67","4","10","","100","","1,00",""
"67","4","2","","20","","1,00",""
"67","4","3","","30","","1,00",""
"67","4","4","","40","","1,00",""
"67","4","5","","50","","1,00",""
"67","4","6","","60","","1,00",""
"67","4","7","","70","","1,00",""
"67","4","8","","80","","1,00",""
"67","4","9","","90","","1,00",""
"67","5","0","","0","","1,00",""
"67","5","1","","10","","1,00",""
"67","5","10","","100","","1,00",""
"67","5","2","","20","","1,00",""
"67","5","3","","30","","1,00",""
"67","5","4","","40","","1,00",""
"67","5","5","","50","","1,00",""
"67","5","6","","60","","1,00",""
"67","5","7","","70","","1,00",""
"67","5","8","","80","","1,00",""
"67","5","9","","90","","1,00",""
"67","6","0","","0","","1,00",""
"67","6","1","","10","","1,00",""
"67","6","10","","100","","1,00",""
"67","6","2","","20","","1,00",""
"67","6","3","","30","","1,00",""
"67","6","4","","40","","1,00",""
"67","6","5","","50","","1,00",""
"67","6","6","","60","","1,00",""
"67","6","7","","70","","1,00",""
"67","6","8","","80","","1,00",""
"67","6","9","","90","","1,00",""
"67","7","0","","0","","1,00",""
"67","7","1","","10","","1,00",""
"67","7","10","","100","","1,00",""
"67","7","2","","20","","1,00",""
"67","7","3","","30","","1,00",""
"67","7","4","","40","","1,00",""
"67","7","5","","50","","1,00",""
"67","7","6","","60","","1,00",""
"67","7","7","","70","","1,00",""
"67","7","8","","80","","1,00",""
"67","7","9","","90","","1,00",""
"67","8","0","","100","","1,00",""
"67","8","1","","100","","1,00",""
"67","8","10","","100","","1,00",""
"67","8","2","","100","","1,00",""
"67","8","3","","100","","1,00",""
"67","8","4","","100","","1,00",""
"67","8","5","","100","","1,00",""
"67","8","6","","100","","1,00",""
"67","8","7","","100","","1,00",""
"67","8","8","","100","","1,00",""
"67","8","9","","100","","1,00",""
"67","9","0","","0","","1,00",""
"67","9","1","","10","","1,00",""
"67","9","10","","100","","1,00",""
"67","9","2","","20","","1,00",""
"67","9","3","","30","","1,00",""
"67","9","4","","40","","1,00",""
"67","9","5","","50","","1,00",""
"67","9","6","","60","","1,00",""
"67","9","7","","70","","1,00",""
"67","9","8","","80","","1,00",""
"67","9","9","","90","","1,00",""
"67","10","0","","0","","1,00",""
"67","10","1","","10","","1,00",""
"67","10","10","","100","","1,00",""
"67","10","2","","20","","1,00",""
"67","10","3","","30","","1,00",""
"67","10","4","","40","","1,00",""
"67","10","5","","50","","1,00",""
"67","10","6","","60","","1,00",""
"67","10","7","","70","","1,00",""
"67","10","8","","80","","1,00",""
"67","10","9","","90","","1,00",""
"67","11","Não","","20","","1,00",""
"67","11","Sim","","10","","1,00",""
"68","1","Não","","20","","1,00",""
"68","1","Sim","","10","","1,00",""
"68","2","Não","","20","","1,00",""
"68","2","Sim","","10","","1,00",""
"68","3","Não","","20","","1,00",""
"68","3","Sim","","10","","1,00",""
"68","4","Não","11","20","","1,00",""
"68","4","Sim","10","10","","1,00",""
"68","5","Não","","20","","1,00",""
"68","5","Sim","","10","","1,00",""
"68","6","Não","","20","","1,00",""
"68","6","Sim","","10","","1,00",""
"68","7","Não","8","20","","1,00",""
"68","7","Sim","9","10","","1,00",""
"68","8","0","","0","","1,00",""
"68","8","1","","10","","1,00",""
"68","8","10","","100","","1,00",""
"68","8","2","","20","","1,00",""
"68","8","3","","30","","1,00",""
"68","8","4","","40","","1,00",""
"68","8","5","","50","","1,00",""
"68","8","6","","60","","1,00",""
"68","8","7","","70","","1,00",""
"68","8","8","","80","","1,00",""
"68","8","9","","90","","1,00",""
"68","9","Não","","20","","1,00",""
"68","9","Sim","","10","","1,00",""
"68","10","0","","0","","1,00",""
"68","10","1","","10","","1,00",""
"68","10","10","","100","","1,00",""
"68","10","2","","20","","1,00",""
"68","10","3","","30","","1,00",""
"68","10","4","","40","","1,00",""
"68","10","5","","50","","1,00",""
"68","10","6","","60","","1,00",""
"68","10","7","","70","","1,00",""
"68","10","8","","80","","1,00",""
"68","10","9","","90","","1,00",""
"68","11","Não","","100","","1,00",""
"68","11","Não Utilizou","","100","","1,00",""
"68","11","Sim","","100","","1,00",""
"69","1","Não","","20","","1,00",""
"69","1","Sim","","10","","1,00",""
"69","2","Não","","20","","1,00",""
"69","2","Sim","","10","","1,00",""
"69","3","Não","","20","","1,00",""
"69","3","Sim","","10","","1,00",""
"69","4","Não","","20","","1,00",""
"69","4","Sim","","10","","1,00",""
"69","5","Não","","20","","1,00",""
"69","5","Sim","","10","","1,00",""
"69","6","Não","","20","","1,00",""
"69","6","Sim","","10","","1,00",""
"69","7","Não","","20","","1,00",""
"69","7","Sim","","10","","1,00",""
"69","8","0","","0","","1,00",""
"69","8","1","","1","","1,00",""
"69","8","10","","10","","1,00",""
"69","8","2","","2","","1,00",""
"69","8","3","","3","","1,00",""
"69","8","4","","4","","1,00",""
"69","8","5","","5","","1,00",""
"69","8","6","","6","","1,00",""
"69","8","7","","7","","1,00",""
"69","8","8","","8","","1,00",""
"69","8","9","","9","","1,00",""
"70","1","Não","","20","","1,00",""
"70","1","Sim","","10","","1,00",""
"70","2","Não","","20","","1,00",""
"70","2","Sim","","10","","1,00",""
"70","3","Não","","100","","1,00",""
"70","3","Não estou utilizando","","100","","1,00",""
"70","3","Sim","","100","","1,00",""
"70","4","Não","","20","","1,00",""
"70","4","Sim","","10","","1,00",""
"70","5","0","","0","","1,00",""
"70","5","1","","1","","1,00",""
"70","5","10","","10","","1,00",""
"70","5","2","","2","","1,00",""
"70","5","3","","3","","1,00",""
"70","5","4","","4","","1,00",""
"70","5","5","","5","","1,00",""
"70","5","6","","6","","1,00",""
"70","5","7","","7","","1,00",""
"70","5","8","","8","","1,00",""
"70","5","9","","9","","1,00",""
"71","1","Não","","20","","1,00",""
"71","1","Sim","","10","","1,00",""
"71","2","Não","","20","","1,00",""
"71","2","Sim","","10","","1,00",""
"71","3","Não","","20","","1,00",""
"71","3","Sim","","10","","1,00",""
"71","4","0","","0","","1,00",""
"71","4","1","","1","","1,00",""
"71","4","10","","10","","1,00",""
"71","4","2","","2","","1,00",""
"71","4","3","","3","","1,00",""
"71","4","4","","4","","1,00",""
"71","4","5","","5","","1,00",""
"71","4","6","","6","","1,00",""
"71","4","7","","7","","1,00",""
"71","4","8","","8","","1,00",""
"71","4","9","","9","","1,00",""
"71","5","0","","0","","1,00",""
"71","5","1","","1","","1,00",""
"71","5","10","","10","","1,00",""
"71","5","2","","2","","1,00",""
"71","5","3","","3","","1,00",""
"71","5","4","","4","","1,00",""
"71","5","5","","5","","1,00",""
"71","5","6","","6","","1,00",""
"71","5","7","","7","","1,00",""
"71","5","8","","8","","1,00",""
"71","5","9","","9","","1,00",""
"71","6","0","","0","","1,00",""
"71","6","1","","1","","1,00",""
"71","6","10","","10","","1,00",""
"71","6","2","","2","","1,00",""
"71","6","3","","3","","1,00",""
"71","6","4","","4","","1,00",""
"71","6","5","","5","","1,00",""
"71","6","6","","6","","1,00",""
"71","6","7","","7","","1,00",""
"71","6","8","","8","","1,00",""
"71","6","9","","9","","1,00",""
"71","7","0","","0","","1,00",""
"71","7","1","","1","","1,00",""
"71","7","10","","10","","1,00",""
"71","7","2","","2","","1,00",""
"71","7","3","","3","","1,00",""
"71","7","4","","4","","1,00",""
"71","7","5","","5","","1,00",""
"71","7","6","","6","","1,00",""
"71","7","7","","7","","1,00",""
"71","7","8","","8","","1,00",""
"71","7","9","","9","","1,00",""
"71","8","0","","0","","1,00",""
"71","8","1","","1","","1,00",""
"71","8","10","","10","","1,00",""
"71","8","2","","2","","1,00",""
"71","8","3","","3","","1,00",""
"71","8","4","","4","","1,00",""
"71","8","5","","5","","1,00",""
"71","8","6","","6","","1,00",""
"71","8","7","","7","","1,00",""
"71","8","8","","8","","1,00",""
"71","8","9","","9","","1,00",""
"71","9","0","","0","","1,00",""
"71","9","1","","1","","1,00",""
"71","9","10","","10","","1,00",""
"71","9","2","","2","","1,00",""
"71","9","3","","3","","1,00",""
"71","9","4","","4","","1,00",""
"71","9","5","","5","","1,00",""
"71","9","6","","6","","1,00",""
"71","9","7","","7","","1,00",""
"71","9","8","","8","","1,00",""
"71","9","9","","9","","1,00",""
"71","10","Não","","20","","1,00",""
"71","10","Sim","","10","","1,00",""
"71","11","0","","0","","1,00",""
"71","11","1","","1","","1,00",""
"71","11","10","","10","","1,00",""
"71","11","2","","2","","1,00",""
"71","11","3","","3","","1,00",""
"71","11","4","","4","","1,00",""
"71","11","5","","5","","1,00",""
"71","11","6","","6","","1,00",""
"71","11","7","","7","","1,00",""
"71","11","8","","8","","1,00",""
"71","11","9","","9","","1,00",""
"72","1","Não","","20","","1,00",""
"72","1","Sim","","10","","1,00",""
"72","2","Não","","20","","1,00",""
"72","2","Sim","","10","","1,00",""
"72","3","Não","","20","","1,00",""
"72","3","Sim","","10","","1,00",""
"72","4","Não","","20","","1,00",""
"72","4","Sim","","10","","1,00",""
"72","5","Não","","20","","1,00",""
"72","5","Sim","","10","","1,00",""
"72","6","Não","","100","","1,00",""
"72","6","Não Utilizou","","100","","1,00",""
"72","6","Sim","","100","","1,00",""
"72","7","Não","","20","","1,00",""
"72","7","Sim","","10","","1,00",""
"72","8","Não","10","20","","1,00",""
"72","8","Sim","9","10","","1,00",""
"72","9","Não","","20","","1,00",""
"72","9","Sim","","10","","1,00",""
"72","10","Não","12","20","","1,00",""
"72","10","Sim","11","10","","1,00",""
"72","11","Não","","20","","1,00",""
"72","11","Sim","","10","","1,00",""
"72","12","0","","0","","1,00",""
"72","12","1","","10","","1,00",""
"72","12","10","","100","","1,00",""
"72","12","2","","20","","1,00",""
"72","12","3","","30","","1,00",""
"72","12","4","","40","","1,00",""
"72","12","5","","50","","1,00",""
"72","12","6","","60","","1,00",""
"72","12","7","","70","","1,00",""
"72","12","8","","80","","1,00",""
"72","12","9","","90","","1,00",""
"73","3","Não","","20","","1,00",""
"73","3","Sim","","10","","1,00",""
"74","2","Auteq","","100","","1,00",""
"74","2","Monitor","","100","","1,00",""
"74","2","Radio RTK","","100","","1,00",""
"74","2","Receptor","","100","","1,00",""
"74","2","Volante","","100","","1,00",""
"75","1","Não","4","20","","1,00",""
"75","1","Sim","2","10","","1,00",""
"75","2","Não","","20","","1,00",""
"75","2","Sim","","10","","1,00",""
"75","3","Indiferente","","300","","1,00",""
"75","3","Insatisfeito","","200","","1,00",""
"75","3","Muito insatisfeito","","100","","1,00",""
"75","3","Muito satisfeito","","500","","1,00",""
"75","3","Satisfeito","","400","","1,00",""
"75","4","Não","","20","","1,00",""
"75","4","Sim","","10","","1,00",""
"75","5","Difícil","","200","","1,00",""
"75","5","Fácil","","400","","1,00",""
"75","5","Muito difícil","","100","","1,00",""
"75","5","Muito fácil","","500","","1,00",""
"75","5","Normal","","300","","1,00",""
"75","6","Alertas vermelhos que minha máq gerou","","100","","1,00",""
"75","6","Localização da minha máquina.","","100","","1,00",""
"75","6","Outros","","100","","1,00",""
"75","6","Sugestões de plano de manuntenção.","","100","","1,00",""
"75","6","Tempo da minha máquina parada.","","100","","1,00",""
"75","7","0","","1","","1,00",""
"75","7","1","","2","","1,00",""
"75","7","10","","11","","1,00",""
"75","7","2","","3","","1,00",""
"75","7","3","","4","","1,00",""
"75","7","4","","5","","1,00",""
"75","7","5","","6","","1,00",""
"75","7","6","","7","","1,00",""
"75","7","7","","8","","1,00",""
"75","7","8","","9","","1,00",""
"75","7","9","","10","","1,00",""
"76","3","Não","","20","","1,00",""
"76","3","Sim","","10","","1,00",""
"77","5","01","","100","","1,00",""
"77","5","02","","100","","1,00",""
"77","5","03","","100","","1,00",""
"77","5","04","","100","","1,00",""
"77","5","05","","100","","1,00",""
"77","5","06","","100","","1,00",""
"77","5","07","","100","","1,00",""
"77","5","08","","100","","1,00",""
"77","5","09","","100","","1,00",""
"77","5","10","","100","","1,00",""
"77","5","Cancelado","","200","","1,00",""
"77","6","Não se aplica","","10","","1,00",""
"77","6","Redutor","","30","","1,00",""
"77","6","Super Redutor","","20","","1,00",""
"77","7","Não","","20","","1,00",""
"77","7","Sim","","10","","1,00",""
"77","8","Compra externa","","20","","1,00",""
"77","8","Não se aplica","","10","","1,00",""
"77","8","Troca interna","","30","","1,00",""
"77","9","Não","","20","","1,00",""
"77","9","Sim","","10","","1,00",""
"77","11","Cabine","","20","","1,00",""
"77","11","Capota","","30","","1,00",""
"77","11","Nao se aplica","","10","","1,00",""
"77","12","Instrutor","","20","","1,00",""
"77","12","Nao se aplica","","10","","1,00",""
"77","12","Pneumatico","","30","","1,00",""
"77","13","Não","","20","","1,00",""
"77","13","Sim","","10","","1,00",""
"77","25","0","","5","","1,00",""
"77","25","10","","50","","1,00",""
"77","25","2","","10","","1,00",""
"77","25","4","","20","","1,00",""
"77","25","6","","30","","1,00",""
"77","25","8","","40","","1,00",""
"77","26","0","","10","","1,00",""
"77","26","205","","70","","1,00",""
"77","26","38,5","","20","","1,00",""
"77","26","43","","30","","1,00",""
"77","26","49","","40","","1,00",""
"77","26","55","","50","","1,00",""
"77","26","625","","80","","1,00",""
"77","26","72","","60","","1,00",""
"77","27","Externo","","100","","1,00",""
"77","27","Interno","","100","","1,00",""
"77","28","0","","5","","1,00",""
"77","28","10","","50","","1,00",""
"77","28","2","","10","","1,00",""
"77","28","4","","20","","1,00",""
"77","28","6","","30","","1,00",""
"77","28","8","","40","","1,00",""
"77","29","0","","100","","1,00",""
"77","29","205","","100","","1,00",""
"77","29","38,5","","100","","1,00",""
"77","29","43","","100","","1,00",""
"77","29","49","","100","","1,00",""
"77","29","55","","100","","1,00",""
"77","29","625","","100","","1,00",""
"77","29","72","","100","","1,00",""
"77","30","Externo","","100","","1,00",""
"77","30","Interno","","100","","1,00",""
"77","31","0","","5","","1,00",""
"77","31","10","","35","","1,00",""
"77","31","12","","40","","1,00",""
"77","31","14","","45","","1,00",""
"77","31","16","","50","","1,00",""
"77","31","2","","10","","1,00",""
"77","31","22","","55","","1,00",""
"77","31","3","","15","","1,00",""
"77","31","4","","20","","1,00",""
"77","31","6","","25","","1,00",""
"77","31","8","","30","","1,00",""
"77","32","0","","10","","1,00",""
"77","32","32","","20","","1,00",""
"77","32","40","","30","","1,00",""
"77","32","50","","40","","1,00",""
"77","33","0%","","10","","1,00",""
"77","33","40%","","20","","1,00",""
"77","33","50%","","30","","1,00",""
"77","33","60%","","35","","1,00",""
"77","33","75%","","40","","1,00",""
"77","34","0%","","10","","1,00",""
"77","34","40%","","20","","1,00",""
"77","34","50%","","30","","1,00",""
"77","34","60%","","40","","1,00",""
"77","34","75%","","50","","1,00",""
"77","37","0","","5","","1,00",""
"77","37","1","","10","","1,00",""
"77","37","2","","20","","1,00",""
"77","37","3","","30","","1,00",""
"77","37","4","","40","","1,00",""
"77","38","0","","5","","1,00",""
"77","38","1","","10","","1,00",""
"77","38","2","","20","","1,00",""
"77","38","3","","30","","1,00",""
"77","38","4","","40","","1,00",""
"77","38","5","","50","","1,00",""
"77","40","Centro a Centro","","100","","1,00",""
"77","40","Externo","","200","","1,00",""
"77","41","Não","","20","","1,00",""
"77","41","Sim","","10","","1,00",""
"77","42","Não se aplica","","100","","1,00",""
"77","42","Starfire 6000","","200","","1,00",""
"77","42","Starfire 7000","","300","","1,00",""
"77","43","450 Mhz","","200","","1,00",""
"77","43","900 Mhz","","300","","1,00",""
"77","43","Não se aplica","","100","","1,00",""
"77","44","Não se aplica","","100","","1,00",""
"77","44","RTK - Permanente","","100","","1,00",""
"77","44","SF-RTK","","100","","1,00",""
"77","44","SF1","","100","","1,00",""
"77","44","SF3","","100","","1,00",""
"77","44","SF3 + RTK","","100","","1,00",""
"77","45","2630","","20","","1,00",""
"77","45","4240","","30","","1,00",""
"77","45","4600","","40","","1,00",""
"77","45","4640","","50","","1,00",""
"77","45","G5Plus","","60","","1,00",""
"77","45","Não se aplica","","10","","1,00",""
"77","46","ATC 260","","20","","1,00",""
"77","46","ATC 300","","30","","1,00",""
"77","46","ATU 300","","40","","1,00",""
"77","46","Não se aplica","","10","","1,00",""
"77","47","JD Link","","200","","1,00",""
"77","47","Não se aplica","","100","","1,00",""
"77","53","Externo","","100","","1,00",""
"77","53","Interno","","100","","1,00",""
"77","58","Não","","20","","1,00",""
"77","58","Sim","","10","","1,00",""
"77","60","Não","","20","","1,00",""
"77","60","Sim","","10","","1,00",""
"77","64","Não","","20","","1,00",""
"77","64","Sim","","10","","1,00",""
"79","7","Não","","20","","1,00",""
"79","7","Sim","","10","","1,00",""
"79","10","01","","100","","1,00",""
"79","10","02","","100","","1,00",""
"79","10","03","","100","","1,00",""
"79","10","04","","100","","1,00",""
"79","10","05","","100","","1,00",""
"79","10","06","","100","","1,00",""
"79","10","07","","100","","1,00",""
"79","10","08","","100","","1,00",""
"79","10","09","","100","","1,00",""
"79","10","10","","100","","1,00",""
"79","10","Cancelado","","200","","1,00",""
"79","36","Cliente entrega","","100","","1,00",""
"79","36","Colorado retira ","","100","","1,00",""
"79","37","Não","","20","","1,00",""
"79","37","Sim","","10","","1,00",""
"79","76","Crédito Pós Venda","","100","","1,00",""
"79","76","Desconto Financeiro","","100","","1,00",""
"79","76","Sem Bonificação","","100","","1,00",""
"79","95","Bc John Deere","","100","","1,00",""
"79","95","BNDES Pronamp","","100","","1,00",""
"79","95","Consorcio","","100","","1,00",""
"79","95","Finame","","100","","1,00",""
"79","95","Inovagro","","100","","1,00",""
"79","95","MDA","","100","","1,00",""
"79","95","Moder Frota","","100","","1,00",""
"79","95","Parcelamento Interno","","100","","1,00",""
"79","95","Pró Implemento","","100","","1,00",""
"79","95","Pró Trator","","100","","1,00",""
"79","95","Proger","","100","","1,00",""
"79","95","Pronaf","","100","","1,00",""
"79","95","Pronamp","","100","","1,00",""
"79","95","Recurso Próprio","","100","","1,00",""
"79","100","Não","","20","","1,00",""
"79","100","Sim","","10","","1,00",""
"79","120","Não","","20","","1,00",""
"79","120","Sim","","10","","1,00",""
"79","128","Aguard Assinatura","","10","","1,00",""
"79","128","Aguard Documentacao","","20","","1,00",""
"79","128","Aguard JD Quote","","30","","1,00",""
"79","128","Aguard Linha Credito","","40","","1,00",""
"79","128","Enviado Analise","","50","","1,00",""
"79","130","Não","","20","","1,00",""
"79","130","Sim","","10","","1,00",""
"79","136","Aprovado","","20","","1,00",""
"79","136","Em Andamento","","10","","1,00",""
"79","136","Recusado","","30","","1,00",""
"79","139","Colorado Equipamentos","","100","","1,00",""
"79","139","Colorado Máquinas","","100","","1,00",""
"79","144","Aprovado","","20","","1,00",""
"79","144","Em Analise","","10","","1,00",""
"79","144","Recusado","","30","","1,00",""
"79","146","Aprovado","","20","","1,00",""
"79","146","Em Analise","","10","","1,00",""
"79","146","Recusado","","30","","1,00",""
"79","149","Aguard Analise Banco","","20","","1,00",""
"79","149","Aguard Aut. Faturar","","30","","1,00",""
"79","149","Aguard Documentação","","10","","1,00",""
"79","149","Analisado","","60","","1,00",""
"79","149","Em Analise","","50","","1,00",""
"79","149","Fatur Autorizado","","40","","1,00",""
"79","150","0%","","10","","1,00",""
"79","150","100%","","55","","1,00",""
"79","150","25%","","20","","1,00",""
"79","150","50%","","35","","1,00",""
"79","150","75%","","45","","1,00",""
"80","1","01","","100","","1,00",""
"80","1","02","","100","","1,00",""
"80","1","03","","100","","1,00",""
"80","1","04","","100","","1,00",""
"80","1","05","","100","","1,00",""
"80","1","06","","100","","1,00",""
"80","1","07","","100","","1,00",""
"80","1","08","","100","","1,00",""
"80","1","09","","100","","1,00",""
"80","1","10","","100","","1,00",""
"80","6","Amerelo","","100","","1,00",""
"80","6","Azul","","100","","1,00",""
"80","6","Branco","","100","","1,00",""
"80","6","Cinza","","100","","1,00",""
"80","6","Laranja","","100","","1,00",""
"80","6","Preto","","100","","1,00",""
"80","6","Verde","","100","","1,00",""
"80","6","Vermelho","","100","","1,00",""
"80","9","Novo","","100","","1,00",""
"80","9","Usado","","100","","1,00",""
"80","13","Novo","","100","","1,00",""
"80","13","Usado","","100","","1,00",""
"80","14","Não","","20","","1,00",""
"80","14","Sim","","10","","1,00",""
"81","12","Não","","20","","1,00",""
"81","12","Sim","","10","","1,00",""
"81","14","Não","","20","","1,00",""
"81","14","Sim","","10","","1,00",""
"81","15","Anderson Santos","","100","","1,00",""
"81","15","Juliano Siviero","","100","","1,00",""
"81","15","Maicon Deodato","","100","","1,00",""
"81","15","Marcio Fonseca","","100","","1,00",""
"81","15","Não se aplica","","100","","1,00",""
"81","15","Roger Abud","","100","","1,00",""
"81","15","Tasso Toledo","","100","","1,00",""
"81","16","Não","","20","","1,00",""
"81","16","Sim","","10","","1,00",""
"81","17","R$ 0,00","","100","","1,00",""
"81","17","R$ 500,00","","100","","1,00",""
"81","24","01","","100","","1,00",""
"81","24","02","","100","","1,00",""
"81","24","03","","100","","1,00",""
"81","24","04","","100","","1,00",""
"81","24","05","","100","","1,00",""
"81","24","06","","100","","1,00",""
"81","24","07","","100","","1,00",""
"81","24","08","","100","","1,00",""
"81","24","09","","100","","1,00",""
"81","24","10","","100","","1,00",""
"82","2","Ativacao nao John Deere - 0260PC","","100","","1,00",""
"82","2","Automation 1.0 - GSD4 StellarSupport","","100","","1,00",""
"82","2","AutoTrac GS3 - 049DPC","","100","","1,00",""
"82","2","BCA3200 PLM WG - 2540HS","","100","","1,00",""
"82","2","CBA3200 WG - 2550HS","","100","","1,00",""
"82","2","Controle de secoes p monitor GS3 - 0534","","100","","1,00",""
"82","2","Estacao metereologica - 2490HS","","100","","1,00",""
"82","2","Kit ATC Monitor 4240 c/ 1 ano SF3 - 2481","","100","","1,00",""
"82","2","Kit ATC Monitor 4240 RTK 450 - 2481HS","","100","","1,00",""
"82","2","Kit ATC Monitor 4240 RTK 900 - 2481HS","","100","","1,00",""
"82","2","Kit ATC Monitor 4640 c/ 1 ano SF3 - 2481","","100","","1,00",""
"82","2","Kit ATC Monitor 4640 RTK 450 - 2481HS","","100","","1,00",""
"82","2","Kit ATC Monitor 4640 RTK 900 - 2481HS","","100","","1,00",""
"82","2","Kit ATU 300 Monitor 4240 c/ 1 ano SF3","","100","","1,00",""
"82","2","Kit ATU 300 Monitor 4240 RTK 450 - 2471H","","100","","1,00",""
"82","2","Kit ATU 300 Monitor 4240 RTK 900 - 2471H","","100","","1,00",""
"82","2","Kit ATU 300 Monitor 4640 c/ 1 ano SF3","","100","","1,00",""
"82","2","Kit ATU 300 Monitor 4640 RTK 450 - 2471H","","100","","1,00",""
"82","2","Kit ATU 300 Monitor 4640 RTK 900 - 2471H","","100","","1,00",""
"82","2","Kit Base RTK 450 - 2330HS","","100","","1,00",""
"82","2","Kit Base RTK 900 - 2330HS","","100","","1,00",""
"82","2","Kit JDlink MTG 4G - 2000HS","","100","","1,00",""
"82","2","Kit Monitor 4240 SF1 - 2471HS","","100","","1,00",""
"82","2","Kit Monitor 4640 SF1 - 2471HS","","100","","1,00",""
"82","2","Kit Monitor MPA2500 - 2600HS","","100","","1,00",""
"82","2","Kit Repetidora RTK 450 - 2330HS","","100","","1,00",""
"82","2","Kit Repetidora RTK 900 - 2330HS","","100","","1,00",""
"82","2","Kit Taxa Variavel Liquido - 2080HS","","100","","1,00",""
"82","2","Kit Taxa Variavel Solido - 2081HS","","100","","1,00",""
"82","2","Licenca CEC - Auteq","","100","","1,00",""
"82","2","Licenca DDT - Auteq","","100","","1,00",""
"82","2","Licenca Portal GF explorer - Auteq","","100","","1,00",""
"82","2","Licenca Servidor Colorado - Auteq","","100","","1,00",""
"82","2","Licenca USER GF explorer - Auteq","","100","","1,00",""
"82","2","Master 1.0 GSD4 - StellarSupport","","100","","1,00",""
"82","2","Monitor Gen 4240 - 0710HS","","100","","1,00",""
"82","2","Monitor Gen 4640 - 0700HS","","100","","1,00",""
"82","2","Monitor GS3 2630 - 2301HS","","100","","1,00",""
"82","2","Peças AMS - SAP","","100","","1,00",""
"82","2","Peças AUTEQ - SAP","","100","","1,00",""
"82","2","Premium 3.0 GSD4 - StellarSupport","","100","","1,00",""
"82","2","Radio RTK 450 MHz - 2450HS","","100","","1,00",""
"82","2","Radio RTK 900 MHz - 2440HS","","100","","1,00",""
"82","2","Receptor SF6000 c/ 1 ano SF3 - 2330HS","","100","","1,00",""
"82","2","Receptor SF6000 RTK - 2330HS","","100","","1,00",""
"82","2","Receptor SF6000 SF1 - 2330HS","","100","","1,00",""
"82","2","Receptor SF6000 SF3 - 2330HS","","100","","1,00",""
"82","2","Receptor SF7000 SFRTK","","100","","1,00",""
"82","2","Receptor StarFire 3000 - 0907PC","","100","","1,00",""
"82","2","SF2 12 meses - StellarSupport","","100","","1,00",""
"82","2","SF2 24 meses - StellarSupport","","100","","1,00",""
"82","2","SF2 3 meses - StellarSupport","","100","","1,00",""
"82","2","SF2 36 meses - StellarSupport","","100","","1,00",""
"82","2","SF2 6 meses - StellarSupport","","100","","1,00",""
"82","2","SF3 12 meses - StellarSupport","","100","","1,00",""
"82","2","SF3 24 meses - StellarSupport","","100","","1,00",""
"82","2","SF3 3 meses - StellarSupport","","100","","1,00",""
"82","2","SF3 36 meses - StellarSupport","","100","","1,00",""
"82","2","SF3 6 meses - StellarSupport","","100","","1,00",""
"82","2","Software APEX - 0290PC","","100","","1,00",""
"82","2","Starfire 6000 RTK Ready - 7307PC","","100","","1,00",""
"82","2","Starfire 6000 SF3 Ready - 090EPC","","100","","1,00",""
"82","2","Suporte 24 x 7 - Auteq","","100","","1,00",""
"82","2","Upgrade SF3000 p/ SF6000 - 090GPC","","100","","1,00",""
"82","2","Volante ATU 300 - 2250HS","","100","","1,00",""
"82","2","Volante ATU 300 c preparacao - 2250HS","","100","","1,00",""
"82","2","Volante Hidraulico ATC 260 CH - 05C0HS","","100","","1,00",""
"82","2","Volante Hidraulico ATC 300 - 0590HS","","100","","1,00",""
"82","3","Não","","20","","1,00",""
"82","3","Sim","","10","","1,00",""
"82","7","1","","100","","1,00",""
"82","7","10","","200","","1,00",""
"82","7","2","","100","","1,00",""
"82","7","3","","100","","1,00",""
"82","7","4","","100","","1,00",""
"82","7","5","","100","","1,00",""
"82","7","6","","100","","1,00",""
"82","7","7","","100","","1,00",""
"82","7","8","","100","","1,00",""
"82","7","9","","100","","1,00",""
"82","19","Novo","","100","","1,00",""
"82","19","Usado","","100","","1,00",""
"82","20","01","","100","","1,00",""
"82","20","02","","100","","1,00",""
"82","20","03","","100","","1,00",""
"82","20","04","","100","","1,00",""
"82","20","05","","100","","1,00",""
"82","20","06","","100","","1,00",""
"82","20","07","","100","","1,00",""
"82","20","08","","100","","1,00",""
"82","20","09","","100","","1,00",""
"82","20","10","","100","","1,00",""
"82","22","Não","","20","","1,00",""
"82","22","Sim","","10","","1,00",""
"83","9","Condição comercial","","100","","1,00",""
"83","9","Crédito indeferido","","100","","1,00",""
"83","9","Disponibilidade","","100","","1,00",""
"83","9","Duplo domicílio","","100","","1,00",""
"83","9","Fiel a concorrência","","100","","1,00",""
"83","9","Jd ñ possui produto","","100","","1,00",""
"83","9","Locação","","100","","1,00",""
"83","9","Não participamos","","100","","1,00",""
"83","9","Optou por usado","","100","","1,00",""
"83","9","Pós venda","","100","","1,00",""
"83","9","Preço","","100","","1,00",""
"83","11","Não","","20","","1,00",""
"83","11","Sim","","10","","1,00",""
"83","14","Não","","20","","1,00",""
"83","14","Sim","","10","","1,00",""
"84","6","Cliente Entrega","","100","","1,00",""
"84","6","Retirado Colorado","","100","","1,00",""
"84","9","Colorado Equipamento","","100","","1,00",""
"84","9","Colorado Maquinas","","100","","1,00",""
"85","10","01","","100","","1,00",""
"85","10","02","","100","","1,00",""
"85","10","03","","100","","1,00",""
"85","10","04","","100","","1,00",""
"85","10","05","","100","","1,00",""
"85","10","06","","100","","1,00",""
"85","10","07","","100","","1,00",""
"85","10","08","","100","","1,00",""
"85","10","09","","100","","1,00",""
"85","10","10","","100","","1,00",""
"85","36","Cliente entrega","","100","","1,00",""
"85","36","Colorado retira ","","100","","1,00",""
"85","76","Crédito Pós Venda","","100","","1,00",""
"85","76","Desconto Financeiro","","100","","1,00",""
"85","76","Sem Bonificação","","100","","1,00",""
"85","95","Bc John Deere","","100","","1,00",""
"85","95","BNDES Pronamp","","100","","1,00",""
"85","95","Consorcio","","100","","1,00",""
"85","95","Finame","","100","","1,00",""
"85","95","Inovagro","","100","","1,00",""
"85","95","MDA","","100","","1,00",""
"85","95","Moder Frota","","100","","1,00",""
"85","95","Parcelamento Interno","","100","","1,00",""
"85","95","Pró Implemento","","100","","1,00",""
"85","95","Pró Trator","","100","","1,00",""
"85","95","Proger","","100","","1,00",""
"85","95","Pronaf","","100","","1,00",""
"85","95","Pronamp","","100","","1,00",""
"85","95","Recurso Próprio","","100","","1,00",""
"85","100","Não","","20","","1,00",""
"85","100","Sim","","10","","1,00",""
"85","120","Não","","20","","1,00",""
"85","120","Sim","","10","","1,00",""
"85","128","Aguard Assinatura","","10","","1,00",""
"85","128","Aguard Documentacao","","20","","1,00",""
"85","128","Aguard JD Quote","","30","","1,00",""
"85","128","Aguard Linha Credito","","40","","1,00",""
"85","128","Enviado Analise","","50","","1,00",""
"85","130","Não","","20","","1,00",""
"85","130","Sim","","10","","1,00",""
"85","136","Aprovado","","20","","1,00",""
"85","136","Em Andamento","","10","","1,00",""
"85","136","Recusado","","30","","1,00",""
"85","139","Colorado Equipamentos","","100","","1,00",""
"85","139","Colorado Máquinas","","100","","1,00",""
"85","144","Aprovado","","20","","1,00",""
"85","144","Em Analise","","10","","1,00",""
"85","144","Recusado","","30","","1,00",""
"85","146","Aprovado","","20","","1,00",""
"85","146","Em Analise","","10","","1,00",""
"85","146","Recusado","","30","","1,00",""
"85","149","Aguard Analise Banco","","20","","1,00",""
"85","149","Aguard Aut. Faturar","","30","","1,00",""
"85","149","Aguard Documentação","","10","","1,00",""
"85","149","Analisado","","60","","1,00",""
"85","149","Em analise","","50","","1,00",""
"85","149","Fatur Autorizado","","40","","1,00",""
"85","150","0%","","10","","1,00",""
"85","150","100%","","55","","1,00",""
"85","150","25%","","20","","1,00",""
"85","150","50%","","35","","1,00",""
"85","150","75%","","45","","1,00",""
"86","10","01","","100","","1,00",""
"86","10","02","","100","","1,00",""
"86","10","03","","100","","1,00",""
"86","10","04","","100","","1,00",""
"86","10","05","","100","","1,00",""
"86","10","06","","100","","1,00",""
"86","10","07","","100","","1,00",""
"86","10","08","","100","","1,00",""
"86","10","09","","100","","1,00",""
"86","10","10","","100","","1,00",""
"86","36","Cliente entrega","","100","","1,00",""
"86","36","Colorado retira ","","100","","1,00",""
"86","76","Crédito Pós Venda","","100","","1,00",""
"86","76","Desconto Financeiro","","100","","1,00",""
"86","76","Sem Bonificação","","100","","1,00",""
"86","95","Bc John Deere","","100","","1,00",""
"86","95","BNDES Pronamp","","100","","1,00",""
"86","95","Consorcio","","100","","1,00",""
"86","95","Finame","","100","","1,00",""
"86","95","Inovagro","","100","","1,00",""
"86","95","MDA","","100","","1,00",""
"86","95","Moder Frota","","100","","1,00",""
"86","95","Parcelamento Interno","","100","","1,00",""
"86","95","Pró Implemento","","100","","1,00",""
"86","95","Pró Trator","","100","","1,00",""
"86","95","Proger","","100","","1,00",""
"86","95","Pronaf","","100","","1,00",""
"86","95","Pronamp","","100","","1,00",""
"86","95","Recurso Próprio","","100","","1,00",""
"86","100","Não","","20","","1,00",""
"86","100","Sim","","10","","1,00",""
"86","120","Não","","20","","1,00",""
"86","120","Sim","","10","","1,00",""
"86","128","Aguard Assinatura","","10","","1,00",""
"86","128","Aguard Documentacao","","20","","1,00",""
"86","128","Aguard JD Quote","","30","","1,00",""
"86","128","Aguard Linha Credito","","40","","1,00",""
"86","128","Enviado Analise","","50","","1,00",""
"86","130","Não","","20","","1,00",""
"86","130","Sim","","10","","1,00",""
"86","136","Aprovado","","20","","1,00",""
"86","136","Em Andamento","","10","","1,00",""
"86","136","Recusado","","30","","1,00",""
"86","139","Colorado Equipamentos","","100","","1,00",""
"86","139","Colorado Máquinas","","100","","1,00",""
"86","144","Aprovado","","20","","1,00",""
"86","144","Em Analise","","10","","1,00",""
"86","144","Recusado","","30","","1,00",""
"86","146","Aprovado","","20","","1,00",""
"86","146","Em Analise","","10","","1,00",""
"86","146","Recusado","","30","","1,00",""
"86","149","Aguard Analise Banco","","20","","1,00",""
"86","149","Aguard Aut. Faturar","","30","","1,00",""
"86","149","Aguard Documentação","","10","","1,00",""
"86","149","Analisado","","60","","1,00",""
"86","149","Em Analise","","50","","1,00",""
"86","149","Fatur Autorizado","","40","","1,00",""
"86","150","0%","","10","","1,00",""
"86","150","100%","","55","","1,00",""
"86","150","25%","","20","","1,00",""
"86","150","50%","","35","","1,00",""
"86","150","75%","","45","","1,00",""
"89","3","Carro","","100","","1,00",""
"89","3","Linha Amarela","","100","","1,00",""
"89","3","Não Se aplica","","200","","1,00",""
"89","3","Onibus","","100","","1,00",""
"89","4","Allianz","","100","","1,00",""
"89","4","Bradesco","","100","","1,00",""
"89","4","Brasil","","100","","1,00",""
"89","4","Caixa Seguradora","","100","","1,00",""
"89","4","Libert","","100","","1,00",""
"89","4","Mapfre","","100","","1,00",""
"89","4","Porto Seguro","","100","","1,00",""
"89","4","Potencial","","100","","1,00",""
"89","4","Sompo","","100","","1,00",""
"89","4","Suhai","","100","","1,00",""
"89","4","Sul América","","100","","1,00",""
"89","7","Allianz","","100","","1,00",""
"89","7","Bradesco","","100","","1,00",""
"89","7","Mapfre","","100","","1,00",""
"89","7","Potencial","","100","","1,00",""
"89","7","Sompo","","100","","1,00",""
"89","7","Tokio","","100","","1,00",""
"89","10","Preço","","100","","1,00",""
"89","10","Relacionamento","","100","","1,00",""
"89","10","Sem aceitação client","","100","","1,00",""
"89","10","Sem aceitação produt","","100","","1,00",""
"89","11","10x c/ juros boleto","","100","","1,00",""
"89","11","10x s/ juros boleto","","100","","1,00",""
"89","11","10x s/ juros débito","","100","","1,00",""
"89","11","12x s/ juros credito","","100","","1,00",""
"89","11","5x s/ juros boleto","","100","","1,00",""
"89","12"," 5x s/ juros boleto","","100","","1,00",""
"89","12","10x c/ juros boleto","","100","","1,00",""
"89","12","10x s/ juros boleto","","100","","1,00",""
"89","12","10x s/ juros débito","","100","","1,00",""
"89","12","12x s/ juros credit","","100","","1,00",""
"90","1","Colorado Máquinas","","100","","1,00",""
"90","2","COL ARARAQUARA","","100","","1,00",""
"90","2","COL BARRETOS","","100","","1,00",""
"90","2","COL BEBEDOURO","","100","","1,00",""
"90","2","COL FRANCA","","100","","1,00",""
"90","2","COL GUAIRA","","100","","1,00",""
"90","2","COL ITAPOLIS","","100","","1,00",""
"90","2","COL ITUVERAVA","","100","","1,00",""
"90","2","COL MONTE ALTO","","100","","1,00",""
"90","2","COL ORLANDIA","","100","","1,00",""
"90","2","COL RIBEIRAO PRETO","","100","","1,00",""
"90","25","Colheita","","300","","1,00",""
"90","25","Plantio","","100","","1,00",""
"90","25","Preparo de Solo","","400","","1,00",""
"90","25","Tratos Culturais","","200","","1,00",""
"90","26","Não","","20","","1,00",""
"90","26","Sim","","10","","1,00",""
"90","27","Não","","20","","1,00",""
"90","27","Sim","","10","","1,00",""
"90","29","Não","","20","","1,00",""
"90","29","Nunca teve o produto","","30","","1,00",""
"90","29","Sim","","10","","1,00",""
"90","30","Não","","20","","1,00",""
"90","30","Sim","","10","","1,00",""
"90","32","1","","1","","1,00",""
"90","32","10","","10","","1,00",""
"90","32","11","","11","","1,00",""
"90","32","12","","12","","1,00",""
"90","32","13","","13","","1,00",""
"90","32","14","","14","","1,00",""
"90","32","15","","15","","1,00",""
"90","32","16","","16","","1,00",""
"90","32","17","","17","","1,00",""
"90","32","18","","18","","1,00",""
"90","32","19","","19","","1,00",""
"90","32","2","","2","","1,00",""
"90","32","20","","20","","1,00",""
"90","32","21","","21","","1,00",""
"90","32","22","","22","","1,00",""
"90","32","23","","23","","1,00",""
"90","32","24","","24","","1,00",""
"90","32","25","","25","","1,00",""
"90","32","3","","3","","1,00",""
"90","32","4","","4","","1,00",""
"90","32","5","","5","","1,00",""
"90","32","6","","6","","1,00",""
"90","32","7","","7","","1,00",""
"90","32","8","","8","","1,00",""
"90","32","9","","9","","1,00",""
"91","1","Café","","100","","1,00",""
"91","1","Cana","","100","","1,00",""
"91","1","Cereais","","100","","1,00",""
"91","1","Citros","","100","","1,00",""
"91","1","HF","","100","","1,00",""
"91","1","Pastagem","","100","","1,00",""
"91","4","Engenharia","","100","","1,00",""
"91","4","Entrega técnica","","100","","1,00",""
"91","4","Instalações","","100","","1,00",""
"91","4","Negociação","","100","","1,00",""
"91","4","Preliminar","","100","","1,00",""
"91","4","Proposta Comercial","","100","","1,00",""
"91","5","30%","","100","","1,00",""
"91","5","50%","","100","","1,00",""
"91","5","70%","","100","","1,00",""
"91","8","Anne.Ferreira","","900","","1,00",""
"91","8","Antonio.Aguilar","","900","","1,00",""
"91","8","Artur.Gobbi","","300","","1,00",""
"91","8","Carlos.Celestino","","200","","1,00",""
"91","8","Carlos.Santos","","900","","1,00",""
"91","8","Dair.Gandini","","900","","1,00",""
"91","8","Dani.Silva","","200","","1,00",""
"91","8","Daniela.Pinguelo","","900","","1,00",""
"91","8","Eder.Deroide","","200","","1,00",""
"91","8","Elias.SIlva","","900","","1,00",""
"91","8","Fernando.Santos","","900","","1,00",""
"91","8","Filipe.Rodrigues","","900","","1,00",""
"91","8","Guilherme.Barbosa","","11","","1,00",""
"91","8","Heitor.Martinez","","900","","1,00",""
"91","8","Jeferson.Flauzino","","100","","1,00",""
"91","8","Joao.Perussi","","900","","1,00",""
"91","8","João.Vitor","","200","","1,00",""
"91","8","Jose.Junior","","100","","1,00",""
"91","8","Jose.Mendonca","","300","","1,00",""
"91","8","Juarez.Junior","","900","","1,00",""
"91","8","Leandro.Resende","","11","","1,00",""
"91","8","Leonardo.Furlan","","200","","1,00",""
"91","8","Lucas.Souza","","900","","1,00",""
"91","8","Luis.Barruca","","11","","1,00",""
"91","8","Luiz.Contiero","","900","","1,00",""
"91","8","Luiz.Pizzi","","100","","1,00",""
"91","8","Marcio.Fonseca","","300","","1,00",""
"91","8","Mateus.Miguel","","11","","1,00",""
"91","8","Não Se Aplica","","100","","1,00",""
"91","8","Nivaldo.Souza","","100","","1,00",""
"91","8","Rafael.Alves","","900","","1,00",""
"91","8","Rafael.Silva","","900","","1,00",""
"91","8","Renato.Baraldi","","300","","1,00",""
"91","8","Ricardo.Alexandre","","300","","1,00",""
"91","8","Robson.Meneguetti","","900","","1,00",""
"91","8","Rodrigo.Freitas","","200","","1,00",""
"91","8","Rodrigo.Rosa","","300","","1,00",""
"91","8","Sandro.Silva","","100","","1,00",""
"91","8","Tasso.Toledo","","11","","1,00",""
"91","8","Vanderlei.Junior","","900","","1,00",""
"91","8","Wilson.Tristao","","300","","1,00",""
"92","1","Café","","100","","1,00",""
"92","1","Cana","","100","","1,00",""
"92","1","Cereais","","100","","1,00",""
"92","1","Citros","","100","","1,00",""
"92","1","HF","","100","","1,00",""
"92","1","Pastagem","","100","","1,00",""
"92","4","Crédito","","100","","1,00",""
"92","4","Energia","","100","","1,00",""
"92","4","Infraestrutura","","100","","1,00",""
"92","4","Outorga","","100","","1,00",""
"92","4","Viabilidade","","100","","1,00",""
"93","8","Concessionário","","100","","1,00",""
"93","8","Fábrica","","200","","1,00",""
"93","11","Banco do Brasil","","40","","1,00",""
"93","11","Banco John Deere","","20","","1,00",""
"93","11","Banco Votorantim","","30","","1,00",""
"93","11","BB Esteira","","10","","1,00",""
"93","11","Bradesco","","50","","1,00",""
"93","11","Caixa Econ. Federal","","60","","1,00",""
"93","11","Consórcio John Deere","","70","","1,00",""
"93","11","Coopecredi","","80","","1,00",""
"93","11","Credicitrus","","90","","1,00",""
"93","11","Cresol","","160","","1,00",""
"93","11","Itaú","","100","","1,00",""
"93","11","Não se aplica","","110","","1,00",""
"93","11","Rabobank","","120","","1,00",""
"93","11","Safra","","130","","1,00",""
"93","11","Santander","","140","","1,00",""
"93","11","Sicoob","","150","","1,00",""
"93","11","Sicredi","","170","","1,00",""
"93","13","Barter","","100","","1,00",""
"93","13","Consórcio","","100","","1,00",""
"93","13","Finame","","100","","1,00",""
"93","13","Moder Frota","","100","","1,00",""
"93","13","Pronaf","","100","","1,00",""
"93","13","Pronamp","","100","","1,00",""
"93","13","Recurso Próprio","","100","","1,00",""
"93","16","Não","","20","","1,00",""
"93","16","Sim","","10","","1,00",""
"93","17","Não","","20","","1,00",""
"93","17","Sim","","10","","1,00",""
"93","20","Novo","","100","","1,00",""
"93","20","Seminovo","","200","","1,00",""
"93","21","A Prazo","","200","","1,00",""
"93","21","A Vista","","100","","1,00",""
"93","21","Financiado","","300","","1,00",""
"94","13","Araraquara","","10","","1,00",""
"94","13","Barretos","","20","","1,00",""
"94","13","Bebedouro","","30","","1,00",""
"94","13","Catanduva","","40","","1,00",""
"94","13","Franca","","50","","1,00",""
"94","13","Itapolis","","60","","1,00",""
"94","13","Jales","","70","","1,00",""
"94","13","Marília","","80","","1,00",""
"94","13","Orlândia","","90","","1,00",""
"94","13","Ribeirão Preto","","100","","1,00",""
"94","13","São José do Rio Pret","","110","","1,00",""
"94","13","Tupã","","120","","1,00",""
"94","13","Voturanga","","130","","1,00",""
"95","9","CHEGOU TARDE","","100","","1,00",""
"95","9","CONDIÇÃO COMERCIAL","","100","","1,00",""
"95","9","CRÉDITO INDEFERIDO BJD","","100","","1,00",""
"95","9","DISPONIBILIDADE","","100","","1,00",""
"95","9","ESPECIFICAÇÃO TÉCNICA","","100","","1,00",""
"95","9","PREÇO","","100","","1,00",""
"95","9","VALOR NÃO PERCEBIDO","","100","","1,00",""
"96","9","BANCO JOHN DEERE","","30","","1,00",""
"96","9","CONSÓRCIO","","20","","1,00",""
"96","9","DÓLARES","","110","","1,00",""
"96","9","FINAME","","120","","1,00",""
"96","9","MDA","","130","","1,00",""
"96","9","PARCELAMENTO INTERNO","","40","","1,00",""
"96","9","PRO IMPLEMENTO","","60","","1,00",""
"96","9","PRO TRATOR","","70","","1,00",""
"96","9","PROGER","","90","","1,00",""
"96","9","PRONAF","","80","","1,00",""
"96","9","PRONAMP","","50","","1,00",""
"96","9","RECURSO PRÓPRIO","","10","","1,00",""
"96","9","RO","","100","","1,00",""
"98","1","Cota Consórcio","","10","","1,00",""
"99","2","Araraquara","","10","","1,00",""
"99","2","Barretos","","20","","1,00",""
"99","2","Bebedouro","","30","","1,00",""
"99","2","Catanduva","","40","","1,00",""
"99","2","Franca","","50","","1,00",""
"99","2","Itapolis","","60","","1,00",""
"99","2","Jales","","70","","1,00",""
"99","2","Marília","","80","","1,00",""
"99","2","Orlândia","","90","","1,00",""
"99","2","Ribeirão Preto","","100","","1,00",""
"99","2","São José do Rio Pret","","110","","1,00",""
"99","2","Tupã","","100","","1,00",""
"99","2","Voturanga","","120","","1,00",""
"101","1","Não","","20","","1,00",""
"101","1","Sim","","10","","1,00",""
"103","1","Concessionária","","5","","1,00",""
"103","1","Fábrica","","10","","1,00",""
"103","1","Filial","","15","","1,00",""
"103","1","Peça Indisponível","","20","","1,00",""
"109","10","Cortesia - EFP","","15","","1,00",""
"109","10","Garantia Bateria - FPB","","10","","1,00",""
"109","10","Garantia Normal - FGP","","5","","1,00",""
"109","10","Garantia Peça Balcão - FBP","","20","","1,00",""
"110","20","Assembly - PDI","","60","","1,00",""
"110","20","Cortesia - EFP","","50","","1,00",""
"110","20","Garantia Bateria - FPB","","30","","1,00",""
"110","20","Garantia Normal - FGP","","10","","1,00",""
"110","20","Garantia Peça Balcão - FBP","","20","","1,00",""
"110","20","Garantia PMP - FPP","","40","","1,00",""
"110","20","Revisão Obrigatória - RVF","","70","","1,00",""
"113","11","CHEGOU TARDE","","10","","1,00",""
"113","11","CONDIÇÃO COMERCIAL","","20","","1,00",""
"113","11","CRÉDITO INDEFERIDO B","","30","","1,00",""
"113","11","DISPONIBILIDADE","","40","","1,00",""
"113","11","ESPECIFICAÇÃO TÉCNIC","","50","","1,00",""
"113","11","PREÇO","","60","","1,00",""
"113","11","VALOR NÃO PERCEBIDO","","70","","1,00",""
"116","4","Agrega - AGP","","10","","1,00",""
"116","4","Bonificação","","100","","1,00",""
"117","1","Venda com Repasse de Seminovo","","40","","1,00",""
"117","1","Venda Com Seminovo na negociação","","20","","1,00",""
"117","1","Venda de Seminovo","","10","","1,00",""
"117","1","Venda Sem Seminovo na negociação","","30","","1,00",""
"117","20","100 a 199 cv","","20","","1,00",""
"117","20","50 a 99 cv","","15","","1,00",""
"117","20","acima de 200 cv","","25","","1,00",""
"117","20","até 49 cv","","10","","1,00",""
"117","20","Não se aplica","","5","","1,00",""
"121","16","Amassamento","","100","","1,00",""
"121","16","Arranhadura","","100","","1,00",""
"121","16","Colisão","","100","","1,00",""
"121","16","Falta","","100","","1,00",""
"121","16","Incêndio","","100","","1,00",""
"121","16","Rasgadura","","100","","1,00",""
"121","16","Tombamento","","100","","1,00",""
"121","17","Contato c/ Caminhão","","100","","1,00",""
"121","17","Contato c/ Equipamen","","100","","1,00",""
"121","17","Contato c/ Galhos","","100","","1,00",""
"121","17","Contato c/ Outros","","100","","1,00",""
"121","17","Contato c/ Rede Elét","","100","","1,00",""
"121","17","Má Colocação Slider","","100","","1,00",""
"121","17","Má Retirada Slider","","100","","1,00",""
"121","17","Problemas Amarração","","100","","1,00",""
"121","17","Quebra de Peça","","100","","1,00",""
"121","17","Roubo/Furto","","100","","1,00",""
"121","18","Carga","","100","","1,00",""
"121","18","Descarga","","100","","1,00",""
"121","18","Transporte","","100","","1,00",""
"122","2","Assistência Técnica","","2","","1,00",""
"122","2","Atualização de Softwre","","4","","1,00",""
"122","2","Cane Advisor","","6","","1,00",""
"122","2","ColheBem","","8","","1,00",""
"122","2","Combine Advisor","","10","","1,00",""
"122","2","Harvest Monitor","","12","","1,00",""
"122","2","Hectare Conectado","","14","","1,00",""
"122","2","Licenças e Ativações","","16","","1,00",""
"122","2","Modem MTG","","18","","1,00",""
"122","2","Operations Center","","20","","1,00",""
"122","2","Projetar","","22","","1,00",""
"122","2","Row Command","","24","","1,00",""
"122","2","Seed Star","","26","","1,00",""
"122","2","Smart Clean","","28","","1,00",""
"122","2","Solução Remota","","30","","1,00",""
"122","2","Taxa Variável Líquida","","32","","1,00",""
"122","2","Taxa Variável Sólida","","34","","1,00",""
"122","2","Verok","","36","","1,00",""
"122","11","Boleto Bancário","","10","","1,00",""
"122","11","Cartão Crédito","","20","","1,00",""
"122","11","Cartão Débito","","30","","1,00",""
"122","11","Financiamento","","40","","1,00",""
"122","11","PIX","","50","","1,00",""
"122","11","Recurso Próprio","","60","","1,00",""
"122","11","Transf. Bancária","","70","","1,00",""
"126","5","Boleto Bancário","","5","","1,00",""
"126","5","Cartão Crédito","","10","","1,00",""
"126","5","Cartão Débito","","15","","1,00",""
"126","5","Financiamento","","20","","1,00",""
"126","5","PIX","","25","","1,00",""
"126","5","Recurso Próprio","","30","","1,00",""
"126","5","Transf. Bancária","","35","","1,00",""
"126","7","Não","","20","","1,00",""
"126","7","Sim","","10","","1,00",""
"127","5","Allianz","","10","","1,00",""
"127","5","AXA Seguros","","15","","1,00",""
"127","5","Azul","","20","","1,00",""
"127","5","Banco do Brasil","","25","","1,00",""
"127","5","Bradesco","","30","","1,00",""
"127","5","HDI","","35","","1,00",""
"127","5","Indiana","","40","","1,00",""
"127","5","Itaú","","45","","1,00",""
"127","5","Mapfre","","50","","1,00",""
"127","5","Não Informada","","80","","1,00",""
"127","5","Porto Seguros","","65","","1,00",""
"127","5","Potencial Seguros","","60","","1,00",""
"127","5","Sompo","","55","","1,00",""
"127","5","Terra Fértil","","75","","1,00",""
"127","5","Tokio Marine","","70","","1,00",""
"127","15","Cobertura","","10","","1,00",""
"127","15","Financiamento","","50","","1,00",""
"127","15","Não Informado","","20","","1,00",""
"127","15","Negado pela Seguradora","","30","","1,00",""
"127","15","Preço","","40","","1,00",""
"128","1","Allianz","","10","","1,00",""
"128","1","AXA Seguros","","15","","1,00",""
"128","1","Azul","","20","","1,00",""
"128","1","Banco do Brasil","","25","","1,00",""
"128","1","Bradesco","","30","","1,00",""
"128","1","HDI","","35","","1,00",""
"128","1","Indiana","","40","","1,00",""
"128","1","Itaú","","45","","1,00",""
"128","1","Liberty","","75","","1,00",""
"128","1","Mapfre","","50","","1,00",""
"128","1","Não informado","","70","","1,00",""
"128","1","Porto Seguros","","65","","1,00",""
"128","1","Potencial Seguros","","60","","1,00",""
"128","1","Sompo","","55","","1,00",""
"128","2","JDT","","10","","1,00",""
"128","2","MacPonta","","15","","1,00",""
"128","2","Não Informado","","20","","1,00",""
"128","2","Terra Fértil","","35","","1,00",""
"128","2","Vencorr","","30","","1,00",""
"128","2","Zada","","25","","1,00",""
"128","13","Não","","20","","1,00",""
"128","13","Sim","","10","","1,00",""
"129","35","Aliro","","75","","1,00",""
"129","35","Allianz","","10","","1,00",""
"129","35","AXA Seguros","","15","","1,00",""
"129","35","Azul","","20","","1,00",""
"129","35","Banco do Brasil","","25","","1,00",""
"129","35","Bradesco","","30","","1,00",""
"129","35","HDI","","35","","1,00",""
"129","35","Indiana","","40","","1,00",""
"129","35","Itaú","","45","","1,00",""
"129","35","Liberty","","70","","1,00",""
"129","35","Mapfre","","50","","1,00",""
"129","35","Não Informado","","80","","1,00",""
"129","35","Porto Seguros","","65","","1,00",""
"129","35","Potencial Seguros","","60","","1,00",""
"129","35","Sompo","","55","","1,00",""
"129","40","JDT","","10","","1,00",""
"129","40","MacPonta","","20","","1,00",""
"129","40","Não Informado","","30","","1,00",""
"129","40","Terra Fértil","","60","","1,00",""
"129","40","Vencorr","","50","","1,00",""
"129","40","Zada","","40","","1,00",""
"129","95","Não","","20","","1,00",""
"129","95","Sim","","10","","1,00",""
"130","5","Allianz","","10","","1,00",""
"130","5","AXA Seguros","","15","","1,00",""
"130","5","Azul","","20","","1,00",""
"130","5","Banco do Brasil","","25","","1,00",""
"130","5","Bradesco","","30","","1,00",""
"130","5","HDI","","35","","1,00",""
"130","5","Indiana","","40","","1,00",""
"130","5","Itaú","","45","","1,00",""
"130","5","Mapfre","","50","","1,00",""
"130","5","Não Informado","","75","","1,00",""
"130","5","Porto Seguros","","70","","1,00",""
"130","5","Potencial Seguros","","65","","1,00",""
"130","5","Sompo","","55","","1,00",""
"130","5","Tokio Marine","","60","","1,00",""
"130","15","Cobertura","","10","","1,00",""
"130","15","Financiamento","","50","","1,00",""
"130","15","Não Informado","","20","","1,00",""
"130","15","Negado pela Seguradora","","30","","1,00",""
"130","15","Preço","","40","","1,00",""
"131","5","Allianz","","10","","1,00",""
"131","5","AXA Seguros","","15","","1,00",""
"131","5","Azul","","20","","1,00",""
"131","5","Banco do Brasil","","25","","1,00",""
"131","5","Bradesco","","30","","1,00",""
"131","5","HDI","","35","","1,00",""
"131","5","Indiana","","40","","1,00",""
"131","5","Itaú","","45","","1,00",""
"131","5","Mapfre","","50","","1,00",""
"131","5","Não informado","","100","","1,00",""
"131","5","Porto Seguros","","65","","1,00",""
"131","5","Potencial Seguros","","60","","1,00",""
"131","5","Sompo","","55","","1,00",""
"131","15","Cobertura","","10","","1,00",""
"131","15","Não informado","","20","","1,00",""
"131","15","Negado Pela Seguradora","","30","","1,00",""
"131","15","Preço","","40","","1,00",""
"131","15","Relacionamento","","50","","1,00",""
"133","11","1","","1","","1,00",""
"133","11","10","","10","","1,00",""
"133","11","11","","11","","1,00",""
"133","11","12","","12","","1,00",""
"133","11","13","","13","","1,00",""
"133","11","14","","14","","1,00",""
"133","11","15","","15","","1,00",""
"133","11","16","","16","","1,00",""
"133","11","17","","17","","1,00",""
"133","11","18","","18","","1,00",""
"133","11","19","","19","","1,00",""
"133","11","2","","2","","1,00",""
"133","11","20","","20","","1,00",""
"133","11","21","","21","","1,00",""
"133","11","22","","22","","1,00",""
"133","11","23","","23","","1,00",""
"133","11","24","","24","","1,00",""
"133","11","25","","25","","1,00",""
"133","11","26","","26","","1,00",""
"133","11","27","","27","","1,00",""
"133","11","28","","28","","1,00",""
"133","11","29","","29","","1,00",""
"133","11","3","","3","","1,00",""
"133","11","30","","30","","1,00",""
"133","11","4","","4","","1,00",""
"133","11","5","","5","","1,00",""
"133","11","6","","6","","1,00",""
"133","11","7","","7","","1,00",""
"133","11","8","","8","","1,00",""
"133","11","9","","9","","1,00",""
"133","13","0","","5","","1,00",""
"133","13","10","","35","","1,00",""
"133","13","12","","40","","1,00",""
"133","13","14","","45","","1,00",""
"133","13","16","","50","","1,00",""
"133","13","2","","10","","1,00",""
"133","13","22","","55","","1,00",""
"133","13","3","","15","","1,00",""
"133","13","4","","20","","1,00",""
"133","13","6","","25","","1,00",""
"133","13","8","","30","","1,00",""
"133","15","0","","5","","1,00",""
"133","15","32","","10","","1,00",""
"133","15","40","","15","","1,00",""
"133","15","50","","20","","1,00",""
"133","17","0","","10","","1,00",""
"133","17","10","","60","","1,00",""
"133","17","2","","20","","1,00",""
"133","17","4","","30","","1,00",""
"133","17","6","","40","","1,00",""
"133","17","8","","50","","1,00",""
"133","19","0","","10","","1,00",""
"133","19","205","","70","","1,00",""
"133","19","38,5","","20","","1,00",""
"133","19","43","","30","","1,00",""
"133","19","49","","40","","1,00",""
"133","19","55","","50","","1,00",""
"133","19","625","","80","","1,00",""
"133","19","72","","60","","1,00",""
"133","21","0%","","5","","1,00",""
"133","21","40%","","10","","1,00",""
"133","21","50%","","15","","1,00",""
"133","21","60%","","20","","1,00",""
"133","21","75%","","25","","1,00",""
"133","23","0%","","5","","1,00",""
"133","23","40%","","10","","1,00",""
"133","23","50%","","15","","1,00",""
"133","23","60%","","20","","1,00",""
"133","23","75%","","25","","1,00",""
"133","29","0","","5","","1,00",""
"133","29","1","","10","","1,00",""
"133","29","2","","15","","1,00",""
"133","29","3","","20","","1,00",""
"133","29","4","","25","","1,00",""
"133","31","0","","5","","1,00",""
"133","31","1","","10","","1,00",""
"133","31","2","","15","","1,00",""
"133","31","3","","20","","1,00",""
"133","31","4","","25","","1,00",""
"133","31","5","","30","","1,00",""
"133","35","Não se aplica","","5","","1,00",""
"133","35","Redutor","","15","","1,00",""
"133","35","Super Redutor","","10","","1,00",""
"133","37","Instalação de Cabine","","5","","1,00",""
"133","37","Instalação de Capota","","10","","1,00",""
"133","37","Sem Instalação","","15","","1,00",""
"133","39","Não","","20","","1,00",""
"133","39","Sim","","10","","1,00",""
"133","41","Não se aplica","","5","","1,00",""
"133","41","StarFire 6000","","10","","1,00",""
"133","41","StarFire 7000","","15","","1,00",""
"133","41","StarFire 7500","","20","","1,00",""
"133","43","Não se aplica","","5","","1,00",""
"133","43","RTK Permanente","","35","","1,00",""
"133","43","SF-RTK 1 ano","","10","","1,00",""
"133","43","SF-RTK 2 anos","","15","","1,00",""
"133","43","SF-RTK 3 anos","","20","","1,00",""
"133","43","SF-RTK 4 anos","","25","","1,00",""
"133","43","SF-RTK 5 anos","","30","","1,00",""
"133","45","2630","","10","","1,00",""
"133","45","4240","","15","","1,00",""
"133","45","4600","","20","","1,00",""
"133","45","4640","","25","","1,00",""
"133","45","G5 Plus","","30","","1,00",""
"133","45","Não se aplica","","5","","1,00",""
"133","47","ATC 260","","10","","1,00",""
"133","47","ATC 300","","15","","1,00",""
"133","47","ATU 300","","20","","1,00",""
"133","47","Não se aplica","","5","","1,00",""
"133","51","450 Mhz","","10","","1,00",""
"133","51","900 Mhz","","15","","1,00",""
"133","51","Não se aplica","","5","","1,00",""
"133","53","JD Link","","10","","1,00",""
"133","53","Não se aplica","","5","","1,00",""
"133","65","Boleto Bancário","","5","","1,00",""
"133","65","Cartão Crédito","","10","","1,00",""
"133","65","Cartãp Débito","","15","","1,00",""
"133","65","Financimaneto","","20","","1,00",""
"133","65","PIX","","25","","1,00",""
"133","65","Recurso Próprio","","30","","1,00",""
"133","65","Transferência Bancár","","35","","1,00",""
"133","67","Banco do Brasil","","15","","1,00",""
"133","67","Banco John Deere","","5","","1,00",""
"133","67","Banco Votorantim","","10","","1,00",""
"133","67","BB Esteira","","1","","1,00",""
"133","67","Bradesco","","20","","1,00",""
"133","67","Caixa Econ. Federal","","25","","1,00",""
"133","67","Consórcio John Deere","","30","","1,00",""
"133","67","Coopecredi","","35","","1,00",""
"133","67","Credicitrus","","40","","1,00",""
"133","67","Itaú","","45","","1,00",""
"133","67","Não se aplica","","50","","1,00",""
"133","67","Rabobank","","55","","1,00",""
"133","67","Safra","","60","","1,00",""
"133","67","Santander","","65","","1,00",""
"133","67","Sicoob","","70","","1,00",""
"134","40","Chegou Tarde","","5","","1,00",""
"134","40","Condição Comercial","","10","","1,00",""
"134","40","Crédito Indeferido Banco JD","","15","","1,00",""
"134","40","Disponibilidade","","20","","1,00",""
"134","40","Especificação Técnica","","25","","1,00",""
"134","40","Preço","","30","","1,00",""
"134","40","Valor Não Percebido","","35","","1,00",""
"141","5","Araraquara","","1","","1,00",""
"141","5","Barretos","","2","","1,00",""
"141","5","Bebedouro","","3","","1,00",""
"141","5","Catanduva","","4","","1,00",""
"141","5","Franca","","5","","1,00",""
"141","5","Guaíra","","6","","1,00",""
"141","5","Itápolis","","7","","1,00",""
"141","5","Ituverava","","8","","1,00",""
"141","5","Jales","","9","","1,00",""
"141","5","Marília","","10","","1,00",""
"141","5","Monte Alto","","11","","1,00",""
"141","5","Orlândia","","12","","1,00",""
"141","5","Ribeirão Preto","","13","","1,00",""
"141","5","São José do Rio Preto","","14","","1,00",""
"141","5","Tupã","","15","","1,00",""
"141","5","Votuporanga","","16","","1,00",""
"142","38","Não","","20","","1,00",""
"142","38","Sim","","10","","1,00",""
"142","40","Chegou tarde","","5","","1,00",""
"142","40","Condição comercial","","10","","1,00",""
"142","40","Crédito indeferido Banco JD","","15","","1,00",""
"142","40","Disponibilidade","","20","","1,00",""
"142","40","Especificação Técnica","","25","","1,00",""
"142","40","Preço","","30","","1,00",""
"142","40","Valor não percebido","","35","","1,00",""
"143","44","Boleto Bancário","","5","","1,00",""
"143","44","Cartão de Crédito","","10","","1,00",""
"143","44","Cartão Débito","","15","","1,00",""
"143","44","Cheque","","20","","1,00",""
"143","44","Dinheiro","","25","","1,00",""
"143","44","Financiado","","30","","1,00",""
"143","44","Pix","","35","","1,00",""
"143","44","Transferência bancária (TED/Doc)","","40","","1,00",""
"144","5","Allianz","","5","","1,00",""
"144","5","AXA Seguros","","10","","1,00",""
"144","5","Azul","","15","","1,00",""
"144","5","Banco do Brasil","","20","","1,00",""
"144","5","Bradesco","","25","","1,00",""
"144","5","HDI","","30","","1,00",""
"144","5","Indiana","","35","","1,00",""
"144","5","Itaú","","40","","1,00",""
"144","5","Mapfre","","45","","1,00",""
"144","5","Não Informado","","75","","1,00",""
"144","5","Porto Seguros","","60","","1,00",""
"144","5","Potencial Seguros","","55","","1,00",""
"144","5","Sompo","","50","","1,00",""
"144","5","Terra Fértil","","70","","1,00",""
"144","5","Tokio Marine","","65","","1,00",""
"144","15","Cobertura","","5","","1,00",""
"144","15","Financiamento","","25","","1,00",""
"144","15","Não Informado","","10","","1,00",""
"144","15","Negado pela Segurado","","15","","1,00",""
"144","15","Preço","","20","","1,00",""
"145","4","Equipamentos Novos","","5","","1,00",""
"145","4","Seminovos","","10","","1,00",""
"145","4","Serviços","","15","","1,00",""
"145","15","1","","1","","1,00",""
"145","15","10","","10","","1,00",""
"145","15","11","","11","","1,00",""
"145","15","12","","12","","1,00",""
"145","15","13","","13","","1,00",""
"145","15","14","","14","","1,00",""
"145","15","15","","15","","1,00",""
"145","15","16","","16","","1,00",""
"145","15","17","","17","","1,00",""
"145","15","18","","18","","1,00",""
"145","15","19","","19","","1,00",""
"145","15","2","","2","","1,00",""
"145","15","20","","20","","1,00",""
"145","15","21","","21","","1,00",""
"145","15","22","","22","","1,00",""
"145","15","23","","23","","1,00",""
"145","15","24","","24","","1,00",""
"145","15","25","","25","","1,00",""
"145","15","26","","26","","1,00",""
"145","15","27","","27","","1,00",""
"145","15","28","","28","","1,00",""
"145","15","29","","29","","1,00",""
"145","15","3","","3","","1,00",""
"145","15","30","","30","","1,00",""
"145","15","4","","4","","1,00",""
"145","15","5","","5","","1,00",""
"145","15","6","","6","","1,00",""
"145","15","7","","7","","1,00",""
"145","15","8","","8","","1,00",""
"145","15","9","","9","","1,00",""
"145","18","0%","","5","","1,00",""
"145","18","40%","","10","","1,00",""
"145","18","50%","","15","","1,00",""
"145","18","60%","","20","","1,00",""
"145","18","75%","","25","","1,00",""
"145","21","0%","","5","","1,00",""
"145","21","40%","","10","","1,00",""
"145","21","50%","","15","","1,00",""
"145","21","60%","","20","","1,00",""
"145","21","75%","","25","","1,00",""
"145","30","0","","5","","1,00",""
"145","30","1","","10","","1,00",""
"145","30","2","","15","","1,00",""
"145","30","3","","20","","1,00",""
"145","30","4","","25","","1,00",""
"145","33","0","","5","","1,00",""
"145","33","1","","10","","1,00",""
"145","33","2","","15","","1,00",""
"145","33","3","","20","","1,00",""
"145","33","4","","25","","1,00",""
"145","33","5","","30","","1,00",""
"145","39","Não se aplica","","5","","1,00",""
"145","39","Redutor","","10","","1,00",""
"145","39","Super Redutor","","15","","1,00",""
"145","42","Direto Fábrica","","20","","1,00",""
"145","42","Instalação de Cabine","","5","","1,00",""
"145","42","Instalação de Capota","","10","","1,00",""
"145","42","Sem instalação","","15","","1,00",""
"145","45","Não","","10","","1,00",""
"145","45","Sim","","5","","1,00",""
"145","48","Não se aplica","","10","","1,00",""
"145","48","StarFire 6000","","20","","1,00",""
"145","48","StarFire 7000","","30","","1,00",""
"145","48","StarFire 7500","","40","","1,00",""
"145","51","Não se aplica","","10","","1,00",""
"145","51","RTK Permanente","","70","","1,00",""
"145","51","SF-RTK 1 ano","","20","","1,00",""
"145","51","SF-RTK 2 anos","","30","","1,00",""
"145","51","SF-RTK 3 anos","","40","","1,00",""
"145","51","SF-RTK 4 anos","","50","","1,00",""
"145","51","SF-RTK 5 anos","","60","","1,00",""
"145","51","TRANSF SF3000>SF6000","","100","","1,00",""
"145","51","TRANSF SF3000>SF7500","","90","","1,00",""
"145","51","TRANSF SF600>SF7500","","80","","1,00",""
"145","54","2630","","20","","1,00",""
"145","54","4240","","30","","1,00",""
"145","54","4600","","40","","1,00",""
"145","54","4640","","50","","1,00",""
"145","54","G5 Plus","","60","","1,00",""
"145","54","G5 Universal","","70","","1,00",""
"145","54","Não se aplica","","10","","1,00",""
"145","57","ATC 260","","20","","1,00",""
"145","57","ATC 300","","30","","1,00",""
"145","57","ATU 300","","40","","1,00",""
"145","57","Não se aplica","","10","","1,00",""
"145","60","450 Mhz","","20","","1,00",""
"145","60","900 Mhz","","30","","1,00",""
"145","60","Não se aplica","","10","","1,00",""
"145","63","JD Link","","20","","1,00",""
"145","63","Não se aplica","","10","","1,00",""
"145","81","Boleto Bancário","","10","","1,00",""
"145","81","Cartão de Crédito","","20","","1,00",""
"145","81","Cartão de Débito","","30","","1,00",""
"145","81","Consórcio","","80","","1,00",""
"145","81","Financiamento","","40","","1,00",""
"145","81","PIX","","50","","1,00",""
"145","81","Recurso Próprio","","60","","1,00",""
"145","81","Transf. Bancária","","70","","1,00",""
"145","84","Banco do Brasil","","40","","1,00",""
"145","84","Banco John Deere","","20","","1,00",""
"145","84","Banco Votorantim","","30","","1,00",""
"145","84","BB Esteira","","10","","1,00",""
"145","84","Bradesco","","50","","1,00",""
"145","84","Caixa Econ. Federal","","60","","1,00",""
"145","84","Consórcio John Deere","","70","","1,00",""
"145","84","Coopecredi","","80","","1,00",""
"145","84","Credicitrus","","90","","1,00",""
"145","84","Cresol","","150","","1,00",""
"145","84","Itaú","","100","","1,00",""
"145","84","Não se aplica","","200","","1,00",""
"145","84","Rabobank","","110","","1,00",""
"145","84","Safra","","120","","1,00",""
"145","84","Santander","","130","","1,00",""
"145","84","Sicoob","","140","","1,00",""
"145","84","Sicredi","","160","","1,00",""
"145","85","Barter","","5","","1,00",""
"145","85","Consórcio","","10","","1,00",""
"145","85","Finame","","15","","1,00",""
"145","85","Moder Frota","","20","","1,00",""
"145","85","Pro-Trator","","40","","1,00",""
"145","85","Pronaf","","25","","1,00",""
"145","85","Pronamp","","30","","1,00",""
"145","85","Recurso Próprio","","35","","1,00",""
"145","85","TFBD","","45","","1,00",""
"145","90","Não","","20","","1,00",""
"145","90","Sim","","10","","1,00",""
"145","99","Não","","20","","1,00",""
"145","99","Sim","","10","","1,00",""
"145","100","Não","","20","","1,00",""
"145","100","Sim","","10","","1,00",""
"146","15","Cabinado","","10","","1,00",""
"146","15","Não se aplica","","15","","1,00",""
"146","15","Plataformado","","5","","1,00",""
"146","25","Não","","10","","1,00",""
"146","25","Não se aplica","","15","","1,00",""
"146","25","Sim","","5","","1,00",""
"147","12","Com esteira","","5","","1,00",""
"147","12","Não se aplica","","15","","1,00",""
"147","12","Sem esteira","","10","","1,00",""
"147","15","Não","","20","","1,00",""
"147","15","Sim","","10","","1,00",""
"148","15","Duplo","","10","","1,00",""
"148","15","Esteira","","15","","1,00",""
"148","15","Não se aplica","","20","","1,00",""
"148","15","Simples","","5","","1,00",""
"148","18","Não","","10","","1,00",""
"148","18","Não se aplica","","15","","1,00",""
"148","18","Sim","","5","","1,00",""
"149","12","Não","","10","","1,00",""
"149","12","Não se aplica","","15","","1,00",""
"149","12","Sim","","5","","1,00",""
"150","12","CCS","","5","","1,00",""
"150","12","CLS","","10","","1,00",""
"150","12","Individual","","15","","1,00",""
"150","12","Não se aplica","","20","","1,00",""
"150","15","Não","","20","","1,00",""
"150","15","Sim","","10","","1,00",""
"150","18","Não","","20","","1,00",""
"150","18","Sim","","10","","1,00",""
"150","21","Não","","20","","1,00",""
"150","21","Sim","","10","","1,00",""
"150","24","Não","","20","","1,00",""
"150","24","Sim","","10","","1,00",""
"152","5","Araraquara","","1","","1,00",""
"152","5","Barretos","","5","","1,00",""
"152","5","Bebedouro","","10","","1,00",""
"152","5","Catanduva","","15","","1,00",""
"152","5","Franca","","20","","1,00",""
"152","5","Guaíra","","25","","1,00",""
"152","5","Itápolis","","30","","1,00",""
"152","5","Ituverava","","35","","1,00",""
"152","5","Jales","","40","","1,00",""
"152","5","Marília","","45","","1,00",""
"152","5","Monte Alto","","50","","1,00",""
"152","5","Orlândia","","55","","1,00",""
"152","5","Ribeirão Preto","","60","","1,00",""
"152","5","S. J. do Rio Preto","","65","","1,00",""
"152","5","Tupã","","70","","1,00",""
"152","5","Votuporanga","","75","","1,00",""
"153","1","1 - Péssimo","","10","","1,00",""
"153","1","2 - Ruim","","20","","1,00",""
"153","1","3 - Regular","","30","","1,00",""
"153","1","4 - Bom","","40","","1,00",""
"153","1","5 - Excelente","","50","","1,00",""
"153","2","Não","","20","","1,00",""
"153","2","Sim","","10","","1,00",""
"153","3","Não","","20","","1,00",""
"153","3","Sim","","10","","1,00",""
"153","5","Não","","20","","1,00",""
"153","5","Sim","","10","","1,00",""
"153","7","Não","","20","","1,00",""
"153","7","Sim","","10","","1,00",""
"153","8","Não","","20","","1,00",""
"153","8","Sim","","10","","1,00",""
"153","9","Não","","20","","1,00",""
"153","9","Sim","","10","","1,00",""
"153","10","Não","","20","","1,00",""
"153","10","Sim","","10","","1,00",""
"153","11","Não","","20","","1,00",""
"153","11","Sim","","10","","1,00",""
"153","13","Abaixo","","100","","1,00",""
"153","13","Acima","","100","","1,00",""
"153","13","Dentro","","100","","1,00",""
"153","13","Parcialmente","","100","","1,00",""
"153","14","Abaixo","","100","","1,00",""
"153","14","Acima","","100","","1,00",""
"153","14","Dentro","","100","","1,00",""
"153","14","Parcialmente","","100","","1,00",""
"153","15","1","","1","","1,00",""
"153","15","10","","10","","1,00",""
"153","15","11","","11","","1,00",""
"153","15","12","","12","","1,00",""
"153","15","13","","13","","1,00",""
"153","15","14","","14","","1,00",""
"153","15","15","","15","","1,00",""
"153","15","16","","16","","1,00",""
"153","15","17","","17","","1,00",""
"153","15","18","","18","","1,00",""
"153","15","19","","19","","1,00",""
"153","15","2","","2","","1,00",""
"153","15","20","","20","","1,00",""
"153","15","3","","3","","1,00",""
"153","15","4","","4","","1,00",""
"153","15","5","","5","","1,00",""
"153","15","6","","6","","1,00",""
"153","15","7","","7","","1,00",""
"153","15","8","","8","","1,00",""
"153","15","9","","9","","1,00",""
"155","1","0","","0","","1,00",""
"155","1","1","","1","","1,00",""
"155","1","10","","10","","1,00",""
"155","1","2","","2","","1,00",""
"155","1","3","","3","","1,00",""
"155","1","4","","4","","1,00",""
"155","1","5","","5","","1,00",""
"155","1","6","","6","","1,00",""
"155","1","7","","7","","1,00",""
"155","1","8","","8","","1,00",""
"155","1","9","","9","","1,00",""
"156","20","1","","1","","1,00",""
"156","20","10","","10","","1,00",""
"156","20","11","","11","","1,00",""
"156","20","12","","12","","1,00",""
"156","20","13","","13","","1,00",""
"156","20","14","","14","","1,00",""
"156","20","15","","15","","1,00",""
"156","20","16","","16","","1,00",""
"156","20","17","","17","","1,00",""
"156","20","18","","18","","1,00",""
"156","20","19","","19","","1,00",""
"156","20","2","","2","","1,00",""
"156","20","20","","20","","1,00",""
"156","20","21","","21","","1,00",""
"156","20","22","","22","","1,00",""
"156","20","23","","23","","1,00",""
"156","20","24","","24","","1,00",""
"156","20","25","","25","","1,00",""
"156","20","26","","26","","1,00",""
"156","20","27","","27","","1,00",""
"156","20","28","","28","","1,00",""
"156","20","29","","29","","1,00",""
"156","20","3","","3","","1,00",""
"156","20","30","","30","","1,00",""
"156","20","31","","31","","1,00",""
"156","20","32","","32","","1,00",""
"156","20","33","","33","","1,00",""
"156","20","34","","34","","1,00",""
"156","20","35","","35","","1,00",""
"156","20","36","","36","","1,00",""
"156","20","37","","37","","1,00",""
"156","20","38","","38","","1,00",""
"156","20","39","","39","","1,00",""
"156","20","4","","4","","1,00",""
"156","20","40","","40","","1,00",""
"156","20","41","","41","","1,00",""
"156","20","42","","42","","1,00",""
"156","20","43","","43","","1,00",""
"156","20","44","","44","","1,00",""
"156","20","45","","45","","1,00",""
"156","20","46","","46","","1,00",""
"156","20","47","","47","","1,00",""
"156","20","48","","48","","1,00",""
"156","20","49","","49","","1,00",""
"156","20","5","","5","","1,00",""
"156","20","50","","50","","1,00",""
"156","20","51","","51","","1,00",""
"156","20","6","","6","","1,00",""
"156","20","7","","7","","1,00",""
"156","20","8","","8","","1,00",""
"156","20","9","","9","","1,00",""
"157","15","1","","1","","1,00",""
"157","15","2","","2","","1,00",""
"157","15","3","","3","","1,00",""
"157","15","4","","4","","1,00",""
"157","15","5","","5","","1,00",""
"157","35","Boleto Bancário","","10","","1,00",""
"157","35","Cartão de Crédito","","20","","1,00",""
"157","35","Cartão de Débito","","30","","1,00",""
"157","35","Consórcio","","80","","1,00",""
"157","35","Financiamento","","40","","1,00",""
"157","35","PIX","","50","","1,00",""
"157","35","Recurso Prórpio","","60","","1,00",""
"157","35","Transf. Bancária","","70","","1,00",""
"158","1","Boleto Bancário","","100","","1,00",""
"158","1","Cartão de Crédito","","100","","1,00",""
"158","1","Cartão de Débito","","100","","1,00",""
"158","1","Consórcio","","100","","1,00",""
"158","1","Financiamento","","100","","1,00",""
"158","1","PIX","","100","","1,00",""
"158","1","Recurso Próprio","","100","","1,00",""
"158","1","Transf. Bancária","","100","","1,00",""
"158","2","Banco do Brasil","","100","","1,00",""
"158","2","Banco John Deere","","100","","1,00",""
"158","2","Banco Votorantim","","100","","1,00",""
"158","2","BB Esteira","","100","","1,00",""
"158","2","Bradesco","","100","","1,00",""
"158","2","Caixa Econ. Federal","","100","","1,00",""
"158","2","Consórcio John Deere","","100","","1,00",""
"158","2","Coopecredi","","100","","1,00",""
"158","2","Credicitrus","","100","","1,00",""
"158","2","Cresol","","100","","1,00",""
"158","2","Itaú","","100","","1,00",""
"158","2","Não se aplica","","100","","1,00",""
"158","2","Rabobank","","100","","1,00",""
"158","2","Safra","","100","","1,00",""
"158","2","Santander","","100","","1,00",""
"158","2","Sicoob","","100","","1,00",""
"158","2","Sicredi","","100","","1,00",""
"159","2","1","","1","","1,00",""
"159","2","10","","10","","1,00",""
"159","2","11","","11","","1,00",""
"159","2","12","","12","","1,00",""
"159","2","13","","13","","1,00",""
"159","2","14","","14","","1,00",""
"159","2","15","","15","","1,00",""
"159","2","16","","16","","1,00",""
"159","2","17","","17","","1,00",""
"159","2","18","","18","","1,00",""
"159","2","19","","19","","1,00",""
"159","2","2","","2","","1,00",""
"159","2","20","","20","","1,00",""
"159","2","21","","21","","1,00",""
"159","2","22","","22","","1,00",""
"159","2","23","","23","","1,00",""
"159","2","24","","24","","1,00",""
"159","2","25","","25","","1,00",""
"159","2","26","","26","","1,00",""
"159","2","27","","27","","1,00",""
"159","2","28","","28","","1,00",""
"159","2","29","","29","","1,00",""
"159","2","3","","3","","1,00",""
"159","2","30","","30","","1,00",""
"159","2","4","","4","","1,00",""
"159","2","5","","5","","1,00",""
"159","2","6","","6","","1,00",""
"159","2","7","","7","","1,00",""
"159","2","8","","8","","1,00",""
"159","2","9","","9","","1,00",""
"159","25","Equipamentos Novos","","100","","1,00",""
"160","2","1","","1","","1,00",""
"160","2","10","","10","","1,00",""
"160","2","11","","11","","1,00",""
"160","2","12","","12","","1,00",""
"160","2","13","","13","","1,00",""
"160","2","14","","14","","1,00",""
"160","2","15","","15","","1,00",""
"160","2","16","","16","","1,00",""
"160","2","17","","17","","1,00",""
"160","2","18","","18","","1,00",""
"160","2","19","","19","","1,00",""
"160","2","2","","2","","1,00",""
"160","2","20","","20","","1,00",""
"160","2","21","","21","","1,00",""
"160","2","22","","22","","1,00",""
"160","2","23","","23","","1,00",""
"160","2","24","","24","","1,00",""
"160","2","25","","25","","1,00",""
"160","2","26","","26","","1,00",""
"160","2","27","","27","","1,00",""
"160","2","28","","28","","1,00",""
"160","2","29","","29","","1,00",""
"160","2","3","","3","","1,00",""
"160","2","30","","30","","1,00",""
"160","2","4","","4","","1,00",""
"160","2","5","","5","","1,00",""
"160","2","6","","6","","1,00",""
"160","2","7","","7","","1,00",""
"160","2","8","","8","","1,00",""
"160","2","9","","9","","1,00",""
"160","16","Equipamentos Novos","","100","","1,00",""
"162","30","Não","","20","","1,00",""
"162","30","Sim","","10","","1,00",""
"162","45","Não","","20","","1,00",""
"162","45","Sim","","10","","1,00",""
"163","3","Pirelli","","100","","1,00",""
"163","3","Titan-Goodyear","","100","","1,00",""
"163","3","Trelleborg","","100","","1,00",""
"163","5","28 dias","","100","","1,00",""
"163","5","28/56","","100","","1,00",""
"163","5","28/56/84","","100","","1,00",""
"163","5","28/56/84/112","","100","","1,00",""
"163","5","A vista","","100","","1,00",""
"163","5","Cartão de Crédito","","100","","1,00",""
"163","5","Cartão de Debito","","100","","1,00",""
"163","5","Pix","","100","","1,00",""
"164","2","Pirelli","","100","","1,00",""
"164","2","Titan-Goodyear","","100","","1,00",""
"164","2","Trelleborg","","100","","1,00",""
"165","1","Araraquara","","1","","1,00",""
"165","1","Barretos","","2","","1,00",""
"165","1","Bebedouro","","3","","1,00",""
"165","1","Catanduva","","4","","1,00",""
"165","1","Franca","","5","","1,00",""
"165","1","Guaira","","6","","1,00",""
"165","1","Itapolis","","7","","1,00",""
"165","1","Ituverava","","8","","1,00",""
"165","1","Jales","","9","","1,00",""
"165","1","Marilia","","10","","1,00",""
"165","1","Monte Alto","","11","","1,00",""
"165","1","Orlandia","","12","","1,00",""
"165","1","Ribeirao Preto","","13","","1,00",""
"165","1","Sao Jose do Rio Preto","","14","","1,00",""
"165","1","Tupa","","15","","1,00",""
"165","1","Votuporanga","","16","","1,00",""
"168","9","Boleto Bancário","","100","","1,00",""
"168","9","Cartão de Crédito","","100","","1,00",""
"168","9","Cartão de Débito","","100","","1,00",""
"168","9","Consórcio","","100","","1,00",""
"168","9","Financiamento","","100","","1,00",""
"168","9","Pix","","100","","1,00",""
"168","9","Recurso Próprio","","100","","1,00",""
"168","9","Transf. Bancária","","100","","1,00",""
"169","11","Boleto Bancário","","100","","1,00",""
"169","11","Cartão de Crédito","","100","","1,00",""
"169","11","Cartão de Débito","","100","","1,00",""
"169","11","Consórcio","","100","","1,00",""
"169","11","Financiamento","","100","","1,00",""
"169","11","Pix","","100","","1,00",""
"169","11","Recurso Próprio","","100","","1,00",""
"169","11","Transf. Bancária","","100","","1,00",""
"170","5","Não","","20","","1,00",""
"170","5","Sim","","10","","1,00",""
"170","10","Não.","","20","","1,00",""
"170","10","Nunca teve o produto","","30","","1,00",""
"170","10","Sim.","","10","","1,00",""
"170","15","Não","","20","","1,00",""
"170","15","Sim","","10","","1,00",""
"170","30","1","","1","","1,00",""
"170","30","10","","10","","1,00",""
"170","30","11","","11","","1,00",""
"170","30","12","","12","","1,00",""
"170","30","13","","13","","1,00",""
"170","30","14","","14","","1,00",""
"170","30","15","","15","","1,00",""
"170","30","16","","16","","1,00",""
"170","30","17","","17","","1,00",""
"170","30","18","","18","","1,00",""
"170","30","19","","19","","1,00",""
"170","30","2","","2","","1,00",""
"170","30","20","","20","","1,00",""
"170","30","21","","21","","1,00",""
"170","30","22","","22","","1,00",""
"170","30","23","","23","","1,00",""
"170","30","24","","24","","1,00",""
"170","30","25","","25","","1,00",""
"170","30","3","","3","","1,00",""
"170","30","4","","4","","1,00",""
"170","30","5","","5","","1,00",""
"170","30","6","","6","","1,00",""
"170","30","7","","7","","1,00",""
"170","30","8","","8","","1,00",""
"170","30","9","","9","","1,00",""
"170","70","Colheita","","30","","1,00",""
"170","70","Plantio","","10","","1,00",""
"170","70","Preparo de Solo","","40","","1,00",""
"170","70","Tratores Culturais","","20","","1,00",""
"172","5","Equipamentos Novos","","5","","1,00",""
"172","5","Seminovos","","10","","1,00",""
"172","25","Investimento Futuro","","15","","1,00",""
"172","25","Prazo de entrega","","10","","1,00",""
"172","25","Preço","","5","","1,00",""
"172","25","Quis Apenas Orçar","","20","","1,00",""
"172","30","Alto","","5","","1,00",""
"172","30","Baixo","","15","","1,00",""
"172","30","Médio","","10","","1,00",""
"172","30","Muito Baixo","","20","","1,00",""
"172","35","Boa condição de pgto","","10","","1,00",""
"172","35","Entrega rápida","","15","","1,00",""
"172","35","Facilidade de compra","","25","","1,00",""
"172","35","Garantia/segurança","","35","","1,00",""
"172","35","Preço competitivo","","5","","1,00",""
"172","35","Promoção/desconto","","30","","1,00",""
"172","35","Qualidade percebida","","20","","1,00",""
"94000000","1","Abacaxi","","100","","1,00",""
"94000000","1","Algodão","","100","","1,00",""
"94000000","1","Amendoim","","100","","1,00",""
"94000000","1","Arroz","","100","","1,00",""
"94000000","1","Banana","","100","","1,00",""
"94000000","1","Café","","100","","1,00",""
"94000000","1","Cana","","100","","1,00",""
"94000000","1","Cebola","","100","","1,00",""
"94000000","1","Citrus","","100","","1,00",""
"94000000","1","Construção Pesada","","100","","1,00",""
"94000000","1","Eucalipto","","100","","1,00",""
"94000000","1","Feijão","","100","","1,00",""
"94000000","1","Gado de Corte","","100","","1,00",""
"94000000","1","Goiaba","","100","","1,00",""
"94000000","1","Grãos","","100","","1,00",""
"94000000","1","Leite","","100","","1,00",""
"94000002","6","Consórcio","","100","","1,00",""
"94000002","6","Finame","","100","","1,00",""
"94000002","6","ICMS","","100","","1,00",""
"94000002","6","Máquina Usada","","100","","1,00",""
"94000002","6","MDA","","100","","1,00",""
"94000002","6","Pró Trator","","100","","1,00",""
"94000002","6","Recurso Próprio","","100","","1,00",""
"94000002","7","Consórcio","","100","","1,00",""
"94000002","7","Finame","","100","","1,00",""
"94000002","7","ICMS","","100","","1,00",""
"94000002","7","Licitação","","100","","1,00",""
"94000002","7","Máquina Usada","","100","","1,00",""
"94000002","7","MDA","","100","","1,00",""
"94000002","7","Pró Trator","","100","","1,00",""
"94000002","7","Recurso Próprio","","100","","1,00",""
"94000002","20","Não","","20","","1,00",""
"94000002","20","Sim","","10","","1,00",""
"94000003","3","Banco John Deere","","20","","1,00",""
"94000003","3","Consórcio","","15","","1,00",""
"94000003","3","Dólares","","60","","1,00",""
"94000003","3","Finame","","65","","1,00",""
"94000003","3","Mda","","70","","1,00",""
"94000003","3","Parcelamento Interno","","25","","1,00",""
"94000003","3","Pró Implemento","","35","","1,00",""
"94000003","3","Pró Trator","","40","","1,00",""
"94000003","3","Proger","","50","","1,00",""
"94000003","3","Pronaf","","45","","1,00",""
"94000003","3","Pronamp","","30","","1,00",""
"94000003","3","Recurso Próprio","","10","","1,00",""
"94000003","3","RO","","55","","1,00",""
"94000003","20","Alta","","100","","1,00",""
"94000003","20","Baixa","","300","","1,00",""
"94000003","20","Média","","200","","1,00",""
"94000003","22","Concessionário","","100","","1,00",""
"94000003","22","Fábrica","","200","","1,00",""
"94000003","45","Não","","20","","1,00",""
"94000003","45","Sim","","10","","1,00",""
"94000003","47","Não","","20","","1,00",""
"94000003","47","Sim","","10","","1,00",""
"94000003","52","Não","","20","","1,00",""
"94000003","52","Sim","","10","","1,00",""
"94000005","8","Aração","","100","","1,00",""
"94000005","8","Cultivo","","100","","1,00",""
"94000005","8","Forragem","","100","","1,00",""
"94000005","8","Gradagem","","100","","1,00",""
"94000005","8","Nenhum (Gator)","","100","","1,00",""
"94000005","8","Plantio","","100","","1,00",""
"94000005","8","Pulverização","","100","","1,00",""
"94000005","8","Reboque","","100","","1,00",""
"94000005","8","Roçar","","100","","1,00",""
"94000005","8","Silagem","","100","","1,00",""
"94000005","8","Subsolagem","","100","","1,00",""
"94000005","8","Sulcação","","100","","1,00",""
"94000005","8","Transbordo","","100","","1,00",""
"94000005","8","Transporte","","100","","1,00",""
"94000005","8","Transporte de Carga","","100","","1,00",""
"94000005","9","ACTION","","100","","1,00",""
"94000005","9","ANTONIOSI","","100","","1,00",""
"94000005","9","BALDAN","","100","","1,00",""
"94000005","9","CIVEMASA","","100","","1,00",""
"94000005","9","DMB","","100","","1,00",""
"94000005","9","DRIA","","100","","1,00",""
"94000005","9","FACCHINI","","100","","1,00",""
"94000005","9","FIDO","","100","","1,00",""
"94000005","9","FMC","","100","","1,00",""
"94000005","9","HERBICAT","","100","","1,00",""
"94000005","9","IKEDA","","100","","1,00",""
"94000005","9","JACTO","","100","","1,00",""
"94000005","9","JF","","100","","1,00",""
"94000005","9","JUMIL","","100","","1,00",""
"94000005","9","KAMAQ","","100","","1,00",""
"94000005","9","KO","","100","","1,00",""
"94000005","9","MARTIGNANI","","100","","1,00",""
"94000005","9","MIAC","","100","","1,00",""
"94000005","9","NATALY","","100","","1,00",""
"94000005","9","NENHUM (GATOR)","","100","","1,00",""
"94000005","9","NOGUEIRA","","100","","1,00",""
"94000005","9","PICCIN","","100","","1,00",""
"94000005","9","RANDON","","100","","1,00",""
"94000005","9","SANTA IZABEL","","100","","1,00",""
"94000005","9","SANTAL","","100","","1,00",""
"94000005","9","SERMAG","","100","","1,00",""
"94000005","9","STARA","","100","","1,00",""
"94000005","9","TATU","","100","","1,00",""
"94000005","10","Arado","","100","","1,00",""
"94000005","10","Atomizador","","100","","1,00",""
"94000005","10","Carreta","","100","","1,00",""
"94000005","10","Cultivador","","100","","1,00",""
"94000005","10","Ensiladeira","","100","","1,00",""
"94000005","10","Forrageira","","100","","1,00",""
"94000005","10","Grade Aradora","","100","","1,00",""
"94000005","10","Grade de Arrasto","","100","","1,00",""
"94000005","10","Grade Intermediária","","100","","1,00",""
"94000005","10","Grade Niveladora","","100","","1,00",""
"94000005","10","Nenhum (Gator)","","100","","1,00",""
"94000005","10","Plantadeira","","100","","1,00",""
"94000005","10","Pulverizador","","100","","1,00",""
"94000005","10","Reboque","","100","","1,00",""
"94000005","10","Roçadeira","","100","","1,00",""
"94000005","10","Subsolador","","100","","1,00",""
"94000005","10","Sulcador","","100","","1,00",""
"94000005","10","Transbordo","","100","","1,00",""
"94000007","1","Não","","20","","1,00",""
"94000007","1","Sim","","10","","1,00",""
"94000007","2","Evento","","100","Q002_EVENT","1,00",""
"94000007","2","Folder","","100","Q002_FOLDE","1,00",""
"94000007","2","No Equipamento","","100","Q002_NO_EQUIPAMENT","1,00",""
"94000007","2","Visita a Cliente Referência","","100","Q002_VISITA_REF2","1,00",""
"94000008","9","Chegou Tarde","","100","","1,00",""
"94000008","9","Condição Comercial","","100","","1,00",""
"94000008","9","Crédito Indeferido BJD","","100","","1,00",""
"94000008","9","Crédito Indeferido Outros","","105","","1,00",""
"94000008","9","Disponibilidade","","110","","1,00",""
"94000008","9","Preço","","110","","1,00",""
"94000008","9","Valor não Percebido","","110","","1,00",""
"94000009","9","Chegou Tarde","","100","","1,00",""
"94000009","9","Condição Comercial","","100","","1,00",""
"94000009","9","Disponibilidade","","100","","1,00",""
"94000009","9","Preço","","100","","1,00",""
"94000009","9","Valor não Percebido","","100","","1,00",""
"94000010","20","Algodão","","100","","1,00",""
"94000010","20","Milho","","100","","1,00",""
"94000010","20","Soja","","100","","1,00",""
"94000010","20","Sorgo","","100","","1,00",""
"94000012","1","0","","100","Q001_ZERO","1,00",""
"94000012","1","1","","110","Q001_UM","1,00",""
"94000012","1","10","","200","Q001_DEZ","1,00",""
"94000012","1","2","","120","Q001_DOIS","1,00",""
"94000012","1","3","","130","Q001_TRES","1,00",""
"94000012","1","4","","140","Q001_QUATRO","1,00",""
"94000012","1","5","","150","Q001_CINCO","1,00",""
"94000012","1","6","","160","Q001_SEIS","1,00",""
"94000012","1","7","","170","Q001_SETE","1,00",""
"94000012","1","8","","180","Q001_OITO","1,00",""
"94000012","1","9","","190","Q001_NOVE","1,00",""
"94000012","2","Indiferente","","110","Q002_INDIFERENTE","1,00",""
"94000012","2","Insatisfeito","","100","Q002_INSATISFEITO","1,00",""
"94000012","2","Satisfeito","","120","Q002_SATISFEITO","1,00",""
"94000012","5","Não","","20","","1,00",""
"94000012","5","Sim","","10","","1,00",""
"94000012","6","Indiferente","","110","Q006_INDIFERENTE","1,00",""
"94000012","6","Insatisfeito","","100","Q006_INSATISFEITO","1,00",""
"94000012","6","Satisfeito","","120","Q006_SATISFEITO","1,00",""
"94000012","7","Áera de Peças","","120","Q007_AREA_PECAS","1,00",""
"94000012","7","Área de Serviços","","130","Q007_AREA_SERVICO","1,00",""
"94000012","7","Área de Vendas","","110","Q007_AREA_VENDAS","1,00",""
"94000012","7","Espaço Físico","","150","Q007_ESPACO_FISICO","1,00",""
"94000012","7","Estrutura","","100","Q007_ESTRUTURA","1,00",""
"94000012","7","Organização","","140","Q007_ORGANIZACAO","1,00",""
