"SeqResMsgPapel","Resultado","AtitudeUsr","NroEmpresa","ResultadoCmpl","Grupo","Ordem","TipoDest","Papel","Canal","SeqTxtPadrao","Template","Remetente","DtaInclusao","UsuInclusao","DtaAlteracao","UsuAlteracao","PesFormulario","PesResultado","QTDEDIAS","QTDEHU","SEQCONTAENVIO","TIPOPREFENVIO","INDENVIAQLQERHORA","EMUSO","PRIORIDADE","DESCRICAOMENSAGEM","OBJETIVOMSG"
"7","940094"," ","2","","","","USR","321","EML","1","","","16/02/2012 16:48:02","VTCCONS","30/11/2017 17:35:50","VANESSA.ALVES","","","","","","","","1","5","",""
"8","940094"," ","3","","","","USR","323","EML","1","","","16/02/2012 16:49:11","VTCCONS","30/11/2017 17:35:50","VANESSA.ALVES","","","","","","","","1","5","",""
"9","940094"," ","6","","","","USR","324","EML","1","","","16/02/2012 16:49:30","VTCCONS","30/11/2017 17:35:50","VANESSA.ALVES","","","","","","","","1","5","",""
"10","940094"," ","4","","","","USR","322","EML","1","","","16/02/2012 16:49:49","VTCCONS","30/11/2017 17:35:50","VANESSA.ALVES","","","","","","","","1","5","",""
"11","940094"," ","5","","","","USR","320","EML","1","","","16/02/2012 16:51:24","VTCCONS","30/11/2017 17:35:50","VANESSA.ALVES","","","","","","","","1","5","",""
"12","940094"," ","1","","","","USR","319","EML","1","","","16/02/2012 16:51:41","VTCCONS","30/11/2017 17:35:50","VANESSA.ALVES","","","","","","","","1","5","",""
"13","940095"," ","2","","","","USR","321","EML","1","","#ATD","16/02/2012 16:53:00","VTCCONS","16/02/2012 16:53:16","VTCCONS","","","","","","","","1","5","",""
"14","940095"," ","3","","","","USR","323","EML","1","","#ATD","16/02/2012 16:53:17","VTCCONS","16/02/2012 16:53:37","VTCCONS","","","","","","","","1","5","",""
"15","940095"," ","6","","","","USR","324","EML","1","","#ATD","16/02/2012 16:53:39","VTCCONS","16/02/2012 16:53:57","VTCCONS","","","","","","","","1","5","",""
"16","940095"," ","4","","","","USR","320","EML","1","","#ATD","16/02/2012 16:53:58","VTCCONS","16/02/2012 16:54:18","VTCCONS","","","","","","","","1","5","",""
"17","940095"," ","5","","","","USR","320","EML","1","","#ATD","16/02/2012 16:54:20","VTCCONS","16/02/2012 16:54:38","VTCCONS","","","","","","","","1","5","",""
"18","940095"," ","1","","","","USR","319","EML","1","","#ATD","16/02/2012 16:54:40","VTCCONS","16/02/2012 16:54:57","VTCCONS","","","","","","","","1","5","",""
"19","940186"," ","2","","","","USR","321","EML","1","","","16/02/2012 16:58:34","VTCCONS","11/12/2017 17:11:07","VANESSA.ALVES","","","","","","","","1","5","",""
"20","940186"," ","3","","","","USR","323","EML","1","","","16/02/2012 16:58:50","VTCCONS","11/12/2017 17:11:07","VANESSA.ALVES","","","","","","","","1","5","",""
"21","940186"," ","6","","","","USR","324","EML","1","","","16/02/2012 16:59:24","VTCCONS","11/12/2017 17:11:07","VANESSA.ALVES","","","","","","","","1","5","",""
"22","940186"," ","4","","","","USR","321","EML","1","","","16/02/2012 16:59:44","VTCCONS","11/12/2017 17:11:07","VANESSA.ALVES","","","","","","","","1","5","",""
"23","940186"," ","5","","","","USR","320","EML","1","","","16/02/2012 17:00:14","VTCCONS","11/12/2017 17:11:07","VANESSA.ALVES","","","","","","","","1","5","",""
"24","940186"," ","1","","","","USR","319","EML","1","","","16/02/2012 17:00:38","VTCCONS","11/12/2017 17:11:07","VANESSA.ALVES","","","","","","","","1","5","",""
"77","31"," ","","","","","USR","-7","EML","14","","","08/02/2013 14:18:11","MARCELO.EDER","30/11/2017 16:40:11","VANESSA.ALVES","","","","","","","","1","5","",""
"78","42"," ","","","","","USR","-7","EML","14","","","08/02/2013 14:19:52","MARCELO.EDER","30/11/2017 16:39:56","VANESSA.ALVES","","","","","","","","1","5","",""
"106","189"," ","","Insatisfeito","","","USR","329","EML","15","","#ATD","27/06/2014 14:18:39","JULIANA.PLACIDI","","","","","","","","","","1","5","",""
"117","295"," ","","","1","1","USR","392","EML","18","","crm@colorado.com.br","12/01/2015 16:19:52","VTCCONS","12/01/2015 16:33:47","VTCCONS","","","","","","","","1","5","",""
"118","295"," ","","","1","1","USR","3","EML","18","","crm@colorado.com.br","12/01/2015 16:39:39","VTCCONS","","","","","","","","","","1","5","",""
"122","349"," ","","","1","1","USR","-5","EML","17","","","13/01/2015 17:29:18","VTCCONS","11/12/2017 17:21:09","VANESSA.ALVES","","","","","","","","1","5","",""
"125","296"," ","","","1","1","USR","-5","EML","21","","","13/01/2015 17:50:03","VTCCONS","30/11/2017 17:23:33","VANESSA.ALVES","","","","","","","","1","5","",""
"126","231"," ","","","1","1","USR","-5","EML","22","","","13/01/2015 17:52:04","VTCCONS","30/11/2017 16:49:03","VANESSA.ALVES","","","","","","","","1","5","",""
"135","271"," ","","","1","1","USR","-5","EML","31","","","14/01/2015 11:40:02","VTCCONS","30/11/2017 16:43:17","VANESSA.ALVES","","","","","","","","1","5","",""
"136","342"," ","","","1","1","USR","-5","EML","31","","","14/01/2015 15:06:52","VTCCONS","11/12/2017 17:15:00","VANESSA.ALVES","","","","","","","","1","5","",""
"138","335"," ","","","","1","USR","-5","EML","32","","","23/01/2015 09:02:11","VTCCONS","30/11/2017 17:31:34","VANESSA.ALVES","","","","","","","","1","5","",""
"139","330"," ","","","1","1","USR","-5","EML","66","","","23/01/2015 09:06:02","VTCCONS","30/11/2017 17:28:07","VANESSA.ALVES","","","","","","","","1","5","",""
"140","317"," ","","","1","1","USR","-5","EML","18","","","23/01/2015 09:06:54","VTCCONS","30/11/2017 17:30:42","VANESSA.ALVES","","","","","","","","1","5","",""
"146","306"," ","","","1","1","USR","412","EML","23","","","23/01/2015 09:13:45","VTCCONS","30/11/2017 17:24:56","VANESSA.ALVES","","","","","","","","1","5","",""
"153","343"," ","","","","","USR","406","EML","34","","","16/02/2015 07:20:30","JACQUELINE.DUARTE","11/12/2017 17:15:36","VANESSA.ALVES","","","","","","","","1","5","",""
"155","343"," ","","","","","USR","-5","EML","34","","","16/02/2015 07:27:25","JACQUELINE.DUARTE","11/12/2017 17:15:36","VANESSA.ALVES","","","","","","","","1","5","",""
"156","343"," ","","","","","USR","290","EML","34","","","16/02/2015 07:26:57","JACQUELINE.DUARTE","11/12/2017 17:15:36","VANESSA.ALVES","","","","","","","","1","5","",""
"157","343"," ","","","","","USR","412","EML","34","","","16/02/2015 07:29:41","JACQUELINE.DUARTE","11/12/2017 17:15:36","VANESSA.ALVES","","","","","","","","1","5","",""
"158","235"," ","","","","","USR","-5","EML","34","","","16/02/2015 07:31:31","JACQUELINE.DUARTE","30/11/2017 16:52:23","VANESSA.ALVES","","","","","","","","1","5","",""
"160","235"," ","","","","","USR","290","EML","34","","","16/02/2015 07:32:11","JACQUELINE.DUARTE","30/11/2017 16:52:23","VANESSA.ALVES","","","","","","","","1","5","",""
"162","235"," ","","","","","USR","448","EML","34","","","16/02/2015 07:32:47","JACQUELINE.DUARTE","30/11/2017 16:52:23","VANESSA.ALVES","","","","","","","","1","5","",""
"180","330"," ","","","1","1","USR","412","EML","66","","","16/02/2015 11:48:29","JACQUELINE.DUARTE","30/11/2017 17:28:07","VANESSA.ALVES","","","","","","","","1","5","",""
"181","330"," ","","","1","1","USR","290","EML","66","","","16/02/2015 11:49:06","JACQUELINE.DUARTE","30/11/2017 17:28:07","VANESSA.ALVES","","","","","","","","1","5","",""
"185","274"," ","","","1","1","USR","577","EML","36","","","16/02/2015 15:20:40","JACQUELINE.DUARTE","30/11/2017 17:11:50","VANESSA.ALVES","","","","","","","","1","5","",""
"186","274"," ","","","1","1","USR","290","EML","36","","","16/02/2015 15:26:19","JACQUELINE.DUARTE","30/11/2017 17:11:50","VANESSA.ALVES","","","","","","","","1","5","",""
"189","228"," ","","","1","1","USR","406","EML","37","","","18/02/2015 08:02:07","JACQUELINE.DUARTE","30/11/2017 17:10:59","VANESSA.ALVES","","","","","","","","1","5","",""
"208","228"," ","","","1","1","USR","-5","EML","37","","","18/02/2015 08:38:13","JACQUELINE.DUARTE","30/11/2017 17:10:59","VANESSA.ALVES","","","","","","","","1","5","",""
"216","365"," ","","","1","1","USR","412","EML","41","","","19/02/2015 17:35:17","JACQUELINE.DUARTE","11/12/2017 17:22:31","VANESSA.ALVES","","","","","","","","1","5","",""
"217","365"," ","","","1","1","USR","290","EML","41","","","19/02/2015 17:35:17","JACQUELINE.DUARTE","11/12/2017 17:22:31","VANESSA.ALVES","","","","","","","","1","5","",""
"227","127"," ","","Insatisfeito Serviço","1","1","USR","354","EML","42","","","19/02/2015 17:50:28","JACQUELINE.DUARTE","13/12/2018 14:19:23","VANESSA.ALVES","","","","0,00","","","","1","5","",""
"229","127"," ","6","Insatisfeito Peças","1","1","USR","276","EML","42","","","19/02/2015 17:56:18","JACQUELINE.DUARTE","13/12/2018 14:19:23","VANESSA.ALVES","","","","0,00","","","","1","5","",""
"230","127"," ","6","Insatisfeito Serviço","1","1","USR","12","EML","42","","","19/02/2015 17:56:18","JACQUELINE.DUARTE","13/12/2018 14:19:23","VANESSA.ALVES","","","","0,00","","","","1","5","",""
"231","127"," ","6","Insatisfeito Vendas","1","1","USR","245","EML","42","","","19/02/2015 17:56:18","JACQUELINE.DUARTE","13/12/2018 14:19:23","VANESSA.ALVES","","","","0,00","","","","1","5","",""
"232","127"," ","4","Insatisfeito Peças","1","1","USR","275","EML","42","","","19/02/2015 17:56:18","JACQUELINE.DUARTE","13/12/2018 14:19:23","VANESSA.ALVES","","","","0,00","","","","1","5","",""
"233","127"," ","4","Insatisfeito Serviço","1","1","USR","10","EML","42","","","19/02/2015 17:56:18","JACQUELINE.DUARTE","13/12/2018 14:19:23","VANESSA.ALVES","","","","0,00","","","","1","5","",""
"234","127"," ","4","Insatisfeito Vendas","1","1","USR","246","EML","42","","","19/02/2015 17:56:17","JACQUELINE.DUARTE","13/12/2018 14:19:23","VANESSA.ALVES","","","","0,00","","","","1","5","",""
"235","127"," ","5","Insatisfeito Peças","1","1","USR","272","EML","42","","","19/02/2015 17:56:17","JACQUELINE.DUARTE","13/12/2018 14:19:23","VANESSA.ALVES","","","","0,00","","","","1","5","",""
"236","127"," ","5","Insatisfeito Serviço","1","1","USR","9","EML","42","","","19/02/2015 17:56:17","JACQUELINE.DUARTE","13/12/2018 14:19:23","VANESSA.ALVES","","","","0,00","","","","1","5","",""
"237","127"," ","1","Insatisfeito Serviço","1","1","USR","8","EML","42","","","19/02/2015 17:56:17","JACQUELINE.DUARTE","13/12/2018 14:19:23","VANESSA.ALVES","","","","0,00","","","","1","5","",""
"238","127"," ","1","Insatisfeito Vendas","1","1","USR","242","EML","42","","","19/02/2015 17:56:15","JACQUELINE.DUARTE","13/12/2018 14:19:23","VANESSA.ALVES","","","","0,00","","","","1","5","",""
"239","127"," ","2","Insatisfeito Peças","1","1","USR","273","EML","42","","","19/02/2015 17:54:16","JACQUELINE.DUARTE","13/12/2018 14:19:23","VANESSA.ALVES","","","","0,00","","","","1","5","",""
"240","127"," ","2","Insatisfeito Serviço","1","1","USR","13","EML","42","","","19/02/2015 17:54:16","JACQUELINE.DUARTE","13/12/2018 14:19:23","VANESSA.ALVES","","","","0,00","","","","1","5","",""
"241","127"," ","2","Insatisfeito Vendas","1","1","USR","244","EML","42","","","19/02/2015 17:54:15","JACQUELINE.DUARTE","13/12/2018 14:19:23","VANESSA.ALVES","","","","0,00","","","","1","5","",""
"242","127"," ","3","Insatisfeito Peças","1","1","USR","274","EML","42","","","19/02/2015 17:54:15","JACQUELINE.DUARTE","13/12/2018 14:19:23","VANESSA.ALVES","","","","0,00","","","","1","5","",""
"243","127"," ","3","Insatisfeito Serviço","1","1","USR","11","EML","42","","","19/02/2015 17:54:15","JACQUELINE.DUARTE","13/12/2018 14:19:23","VANESSA.ALVES","","","","0,00","","","","1","5","",""
"244","127"," ","3","Insatisfeito Vendas","1","1","USR","243","EML","42","","","19/02/2015 17:54:15","JACQUELINE.DUARTE","13/12/2018 14:19:23","VANESSA.ALVES","","","","0,00","","","","1","5","",""
"247","127"," ","","Insatisfeito Vendas","1","1","USR","127","EML","42","","","19/02/2015 18:01:39","JACQUELINE.DUARTE","13/12/2018 14:19:23","VANESSA.ALVES","","","","0,00","","","","1","5","",""
"254","228"," ","","","1","1","USR","290","EML","37","","","18/03/2015 10:50:17","JACQUELINE.DUARTE","30/11/2017 17:10:59","VANESSA.ALVES","","","","","","","","1","5","",""
"259","206"," ","","","1","1","USR","290","EML","46","","","20/05/2015 12:37:59","JULIANA.PLACIDI","30/11/2017 16:42:04","VANESSA.ALVES","","","","","","","","1","5","",""
"260","206"," ","","","1","1","USR","467","EML","46","","","20/05/2015 13:11:20","JULIANA.PLACIDI","30/11/2017 16:42:04","VANESSA.ALVES","","","","","","","","1","5","",""
"262","316"," ","","","1","1","USR","-5","EML","47","","","25/06/2015 10:53:36","JULIANA.PLACIDI","","","","","","","","","","1","5","",""
"263","316"," ","","","1","2","USR","-8","EML","47","","","25/06/2015 10:58:52","JULIANA.PLACIDI","25/06/2015 10:59:47","JULIANA.PLACIDI","","","","","","","","1","5","",""
"268","436"," ","","","1","1","USR","446","EML","50","","","02/10/2015 17:46:31","VTCCONS","11/12/2017 17:26:45","VANESSA.ALVES","","","","","","","","1","5","",""
"277","189"," ","","Insatisfeito","","","USR","354","EML","15","","#ATD","15/01/2016 17:22:58","JULIANA.PLACIDI","","","","","","","","","","1","5","",""
"307","485"," ","","","1","1","USR","447","EML","51","","","13/04/2016 09:56:20","JULIANA.PLACIDI","11/12/2017 17:35:51","VANESSA.ALVES","","","","","","","","1","5","",""
"308","485"," ","","","1","1","USR","290","EML","51","","","13/04/2016 10:22:39","JULIANA.PLACIDI","11/12/2017 17:35:51","VANESSA.ALVES","","","","","","","","1","5","",""
"318","444"," ","","","1","1","USR","290","EML","53","","","10/05/2016 11:59:13","JULIANA.PLACIDI","11/12/2017 17:28:26","VANESSA.ALVES","","","","","","","","1","5","",""
"321","444"," ","","Regional Ribeirão","1","1","USR","242","EML","53","","","10/05/2016 12:07:26","JULIANA.PLACIDI","11/12/2017 17:28:26","VANESSA.ALVES","","","","","","","","1","5","",""
"322","444"," ","","Regional Franca","1","1","USR","245","EML","53","","","10/05/2016 12:05:47","JULIANA.PLACIDI","11/12/2017 17:28:26","VANESSA.ALVES","","","","","","","","1","5","",""
"323","444"," ","","Regional Barretos","1","1","USR","243","EML","53","","","10/05/2016 12:04:34","JULIANA.PLACIDI","11/12/2017 17:28:26","VANESSA.ALVES","","","","","","","","1","5","",""
"324","444"," ","","Regional Araraquara","1","1","USR","244","EML","53","","","10/05/2016 12:03:55","JULIANA.PLACIDI","11/12/2017 17:28:26","VANESSA.ALVES","","","","","","","","1","5","",""
"331","258"," ","","","1","1","USR","-3","EML","55","","","18/05/2016 09:54:06","JULIANA.PLACIDI","30/11/2017 17:09:17","VANESSA.ALVES","","","","","","","","1","5","",""
"332","258"," ","","","1","1","USR","656","EML","55","","","18/05/2016 09:53:26","JULIANA.PLACIDI","30/09/2020 17:03:24","DIEGO.MARQUES","","","","0,00","","","","1","5","",""
"341","39"," ","3","","1","1","USR","243","EML","57","","crm@colorado.com.br","31/05/2016 15:38:47","BRUNA.FELICIO","21/08/2022 14:24:25","VTCCONS","","","","0,00","","","","1","5","",""
"343","39"," ","1","","1","1","USR","127","EML","57","","crm@colorado.com.br","31/05/2016 15:42:31","BRUNA.FELICIO","","","","","","","","","","1","5","",""
"364","539"," ","","","1","1","USR","522","EML","61","","","04/08/2016 16:32:54","VANESSA.ALVES","11/12/2017 17:32:37","VANESSA.ALVES","","","","","","","","1","5","",""
"365","539"," ","","","1","1","USR","290","EML","61","","","04/08/2016 16:56:11","VANESSA.ALVES","11/12/2017 17:32:37","VANESSA.ALVES","","","","","","","","1","5","",""
"370","562"," ","","","1","1","USR","290","EML","63","","","12/08/2016 11:56:19","VANESSA.ALVES","11/12/2017 17:32:11","VANESSA.ALVES","","","","","","","","1","5","",""
"372","562"," ","","Vendas","1","1","USR","-5","EML","63","","","12/08/2016 11:56:17","VANESSA.ALVES","11/12/2017 17:32:11","VANESSA.ALVES","","","","","","","","1","5","",""
"373","562"," ","","Serviços","1","1","USR","819","EML","63","","","12/08/2016 11:56:17","VANESSA.ALVES","18/11/2024 14:47:21","MATHEUS.AUGUSTO","","","","0,00","","","","1","5","",""
"374","562"," ","","Serviços","1","1","USR","354","EML","63","","","12/08/2016 11:56:16","VANESSA.ALVES","11/12/2017 17:32:11","VANESSA.ALVES","","","","","","","","1","5","",""
"375","562"," ","","Financeiro","1","1","USR","520","EML","63","","","12/08/2016 11:56:15","VANESSA.ALVES","11/12/2017 17:32:11","VANESSA.ALVES","","","","","","","","1","5","",""
"377","562"," ","","Contabilidade","1","1","USR","441","EML","63","","","12/08/2016 11:56:14","VANESSA.ALVES","11/12/2017 17:32:11","VANESSA.ALVES","","","","","","","","1","5","",""
"378","562"," ","","Contabilidade","1","1","USR","-3","EML","63","","","12/08/2016 11:56:13","VANESSA.ALVES","01/08/2024 09:18:16","MATHEUS.AUGUSTO","","","","0,00","","","","0","5","",""
"380","457"," ","","","1","1","USR","290","EML","64","","","12/08/2016 12:59:00","VANESSA.ALVES","11/12/2017 17:36:44","VANESSA.ALVES","","","","","","","","1","5","",""
"381","457"," ","","","1","1","USR","-5","EML","64","","","12/08/2016 12:58:59","VANESSA.ALVES","11/12/2017 17:36:44","VANESSA.ALVES","","","","","","","","1","5","",""
"382","127"," ","","Insatisfeito AMS","1","1","USR","290","EML","42","","","12/08/2016 15:50:21","VANESSA.ALVES","13/12/2018 14:19:23","VANESSA.ALVES","","","","0,00","","","","1","5","",""
"390","206"," ","1","À Vista","1","1","USR","127","EML","65","","","30/08/2016 15:02:14","VANESSA.ALVES","30/11/2017 16:42:04","VANESSA.ALVES","","","","","","","","1","5","",""
"391","206"," ","6","À Vista","1","1","USR","127","EML","65","","","30/08/2016 15:02:13","VANESSA.ALVES","30/11/2017 16:42:04","VANESSA.ALVES","","","","","","","","1","5","",""
"392","206"," ","","À Vista","1","1","USR","520","EML","65","","","30/08/2016 14:38:54","VANESSA.ALVES","30/11/2017 16:42:04","VANESSA.ALVES","","","","","","","","1","5","",""
"393","206"," ","","À Vista","1","1","USR","441","EML","65","","","30/08/2016 14:38:52","VANESSA.ALVES","30/11/2017 16:42:04","VANESSA.ALVES","","","","","","","","1","5","",""
"396","206"," ","","À Vista","1","1","USR","290","EML","65","","","30/08/2016 14:38:43","VANESSA.ALVES","30/11/2017 16:42:04","VANESSA.ALVES","","","","","","","","1","5","",""
"397","206"," ","","À Vista","1","1","USR","449","EML","65","","","30/08/2016 15:10:10","VANESSA.ALVES","30/11/2017 16:42:04","VANESSA.ALVES","","","","","","","","1","5","",""
"399","206"," ","","À Vista","1","1","USR","-3","EML","65","","","30/08/2016 15:41:15","VANESSA.ALVES","01/08/2024 09:17:11","MATHEUS.AUGUSTO","","","","0,00","","","","0","5","",""
"416","330"," ","","","1","1","USR","231","EML","66","","","20/09/2016 17:04:12","VANESSA.ALVES","30/01/2018 10:05:53","VANESSA.ALVES","","","","","","","","1","5","",""
"419","330"," ","","","1","1","USR","239","EML","66","","","20/09/2016 17:00:48","VANESSA.ALVES","30/01/2018 10:05:53","VANESSA.ALVES","","","","","","","","1","5","",""
"422","330"," ","","","1","1","USR","577","EML","66","","","20/09/2016 17:00:47","VANESSA.ALVES","30/01/2018 10:05:53","VANESSA.ALVES","","","","","","","","1","5","",""
"426","127"," ","","Insatisfeito Vendas","1","1","USR","290","EML","42","","","18/10/2016 15:24:53","VANESSA.ALVES","13/12/2018 14:19:23","VANESSA.ALVES","","","","0,00","","","","1","5","",""
"427","127"," ","","Insatisfeito Serviço","1","1","USR","290","EML","42","","","18/10/2016 15:24:52","VANESSA.ALVES","13/12/2018 14:19:23","VANESSA.ALVES","","","","0,00","","","","1","5","",""
"428","127"," ","","Insatisfeito Peças","1","1","USR","290","EML","42","","","18/10/2016 15:24:46","VANESSA.ALVES","13/12/2018 14:19:23","VANESSA.ALVES","","","","0,00","","","","1","5","",""
"429","127"," ","","Insatisfeito AMS","1","1","USR","875","EML","42","","","18/10/2016 15:30:36","VANESSA.ALVES","11/03/2024 15:49:40","LIVIA.SILVA","","","","0,00","","","","1","5","",""
"431","436"," ","","","1","1","USR","656","EML","50","","","06/12/2016 11:38:18","VANESSA.ALVES","08/10/2020 15:04:32","DIEGO.MARQUES","","","","0,00","","","","1","5","",""
"432","444"," ","","","1","1","USR","656","EML","53","","","01/02/2017 16:00:58","VANESSA.ALVES","14/03/2022 08:36:08","DIEGO.MARQUES","","","","0,00","","","","1","5","",""
"435","206"," ","","","1","1","USR","290","EML","68","","","15/02/2017 15:51:41","VANESSA.ALVES","30/11/2017 16:42:04","VANESSA.ALVES","","","","","","","","1","5","",""
"437","206"," ","","","1","1","USR","516","EML","68","","","16/02/2017 08:18:04","VANESSA.ALVES","30/11/2017 16:42:04","VANESSA.ALVES","","","","","","","","1","5","",""
"439","330"," ","","","1","1","USR","448","EML","66","","","03/03/2017 16:31:20","VANESSA.ALVES","30/01/2018 10:03:40","VANESSA.ALVES","","","","","","","","1","5","",""
"440","731"," ","1","","1","1","USR","127","EML","69","","","03/03/2017 16:45:58","VANESSA.ALVES","10/04/2018 13:01:55","DIEGO.MARQUES","","","","0,00","","","","1","5","",""
"441","731"," ","7","","1","1","USR","782","EML","69","","","03/03/2017 16:45:48","VANESSA.ALVES","12/03/2024 08:22:22","LIVIA.SILVA","","","","0,00","","","","1","5","",""
"443","731"," ","2","","1","1","USR","747","EML","69","","","03/03/2017 16:45:01","VANESSA.ALVES","15/03/2022 08:19:31","DIEGO.MARQUES","","","","0,00","","","","1","5","",""
"445","731"," ","11","","1","1","USR","127","EML","69","","","03/03/2017 16:44:43","VANESSA.ALVES","11/12/2017 17:29:55","VANESSA.ALVES","","","","","","","","1","5","",""
"446","731"," ","","","1","1","USR","449","EML","69","","","03/03/2017 16:44:01","VANESSA.ALVES","11/12/2017 17:29:55","VANESSA.ALVES","","","","","","","","1","5","",""
"447","731"," ","","","1","1","USR","290","EML","69","","","03/03/2017 16:35:12","VANESSA.ALVES","11/12/2017 17:29:55","VANESSA.ALVES","","","","","","","","1","5","",""
"448","731"," ","","","1","1","USR","-5","EML","69","","","03/03/2017 16:35:12","VANESSA.ALVES","11/12/2017 17:29:55","VANESSA.ALVES","","","","","","","","1","5","",""
"449","731"," ","","","1","1","USR","520","EML","69","","","03/03/2017 16:35:11","VANESSA.ALVES","11/12/2017 17:29:55","VANESSA.ALVES","","","","","","","","1","5","",""
"454","731"," ","","","1","1","USR","441","EML","69","","","03/03/2017 16:35:08","VANESSA.ALVES","11/12/2017 17:29:55","VANESSA.ALVES","","","","","","","","1","5","",""
"2637","2515"," ","9","","1","1","USR","957","EML","207","","","22/01/2025 07:41:16","MATHEUS.AUGUSTO","","","","","0","0,00","","","","1","5","",""
"2638","2515"," ","14","","1","1","USR","962","EML","207","","","22/01/2025 07:41:16","MATHEUS.AUGUSTO","","","","","0","0,00","","","","1","5","",""
"2639","2515"," ","11","","1","1","USR","959","EML","207","","","22/01/2025 07:41:17","MATHEUS.AUGUSTO","","","","","0","0,00","","","","1","5","",""
"2640","2515"," ","4","","1","1","USR","954","EML","207","","","22/01/2025 07:41:18","MATHEUS.AUGUSTO","","","","","0","0,00","","","","1","5","",""
"2641","2515"," ","12","","1","1","USR","960","EML","207","","","22/01/2025 07:41:19","MATHEUS.AUGUSTO","","","","","0","0,00","","","","1","5","",""
"2642","2515"," ","5","","1","1","USR","955","EML","207","","","22/01/2025 07:41:19","MATHEUS.AUGUSTO","","","","","0","0,00","","","","1","5","",""
"2643","2515"," ","15","","1","1","USR","963","EML","207","","","22/01/2025 07:41:19","MATHEUS.AUGUSTO","","","","","0","0,00","","","","1","5","",""
"2644","2515"," ","10","","1","1","USR","958","EML","207","","","22/01/2025 07:41:19","MATHEUS.AUGUSTO","","","","","0","0,00","","","","1","5","",""
"2645","2515"," ","18","","1","1","USR","966","EML","207","","","22/01/2025 07:41:20","MATHEUS.AUGUSTO","","","","","0","0,00","","","","1","5","",""
"2646","2515"," ","7","","1","1","USR","956","EML","207","","","22/01/2025 07:41:20","MATHEUS.AUGUSTO","","","","","0","0,00","","","","1","5","",""
"2647","2515"," ","1","","1","1","USR","951","EML","207","","","22/01/2025 07:41:21","MATHEUS.AUGUSTO","","","","","0","0,00","","","","1","5","",""
"2648","2515"," ","13","","1","1","USR","961","EML","207","","","22/01/2025 07:41:21","MATHEUS.AUGUSTO","","","","","0","0,00","","","","1","5","",""
"2649","2515"," ","17","","1","1","USR","965","EML","207","","","22/01/2025 07:41:21","MATHEUS.AUGUSTO","","","","","0","0,00","","","","1","5","",""
"2650","2515"," ","16","","1","1","USR","964","EML","207","","","22/01/2025 07:41:22","MATHEUS.AUGUSTO","","","","","0","0,00","","","","1","5","",""
"2651","2515"," ","","","1","1","USR","255","EML","207","","","22/01/2025 07:46:07","MATHEUS.AUGUSTO","22/01/2025 08:27:42","MATHEUS.AUGUSTO","","","0","0,00","","","","0","5","",""
"2652","2582"," ","13","","","","USR","961","EML","202","","","11/02/2025 07:46:38","MATHEUS.AUGUSTO","","","","","0","0,00","","","","1","5","",""
"2653","2582"," ","","","","","USR","862","EML","202","","","11/02/2025 14:11:47","NETO.PRADO","13/02/2025 08:17:47","NETO.PRADO","","","0","0,00","","","","0","5","",""
"2654","3306"," ","2","","1","1","USR","952","EML","207","","","28/02/2025 15:33:28","NETO.PRADO","","","","","0","0,00","","","","1","5","",""
"2655","3306"," ","2","","1","1","USR","1126","EML","207","","","28/02/2025 15:33:38","NETO.PRADO","","","","","0","0,00","","","","1","5","",""
"2656","3306"," ","3","","´1","1","USR","953","EML","207","","","28/02/2025 15:34:50","NETO.PRADO","","","","","0","0,00","","","","1","5","",""
"2657","3306"," ","3","","1","1","USR","1124","EML","207","","","28/02/2025 15:34:54","NETO.PRADO","","","","","0","0,00","","","","1","5","",""
"2658","3306"," ","9","","1","1","USR","957","EML","207","","","28/02/2025 15:35:39","NETO.PRADO","","","","","0","0,00","","","","1","5","",""
"2659","3306"," ","9","","1","1","USR","1123","EML","207","","","28/02/2025 15:35:39","NETO.PRADO","","","","","0","0,00","","","","1","5","",""
"2660","3306"," ","14","","1","1","USR","962","EML","207","","","28/02/2025 15:36:36","NETO.PRADO","","","","","0","0,00","","","","1","5","",""
"2661","3306"," ","14","","1","1","USR","1256","EML","207","","","28/02/2025 15:36:36","NETO.PRADO","","","","","0","0,00","","","","1","5","",""
"2662","3306"," ","11","","1","1","USR","959","EML","207","","","28/02/2025 15:37:11","NETO.PRADO","","","","","0","0,00","","","","1","5","",""
"2663","3306"," ","11","","1","1","USR","1125","EML","207","","","28/02/2025 15:37:12","NETO.PRADO","","","","","0","0,00","","","","1","5","",""
"2664","3306"," ","4","","1","1","USR","954","EML","207","","","28/02/2025 15:37:57","NETO.PRADO","","","","","0","0,00","","","","1","5","",""
"2665","3306"," ","4","","1","1","USR","1158","EML","207","","","28/02/2025 15:37:57","NETO.PRADO","","","","","0","0,00","","","","1","5","",""
"2666","3306"," ","12","","1","1","USR","960","EML","207","","","28/02/2025 15:38:44","NETO.PRADO","","","","","0","0,00","","","","1","5","",""
"2667","3306"," ","12","","1","1","USR","1127","EML","207","","","28/02/2025 15:38:44","NETO.PRADO","","","","","0","0,00","","","","1","5","",""
"2668","3306"," ","5","","1","1","USR","955","EML","207","","","28/02/2025 15:39:26","NETO.PRADO","","","","","0","0,00","","","","1","5","",""
"2669","3306"," ","5","","1","1","USR","1159","EML","207","","","28/02/2025 15:39:26","NETO.PRADO","","","","","0","0,00","","","","1","5","",""
"2670","3306"," ","15","","1","1","USR","963","EML","207","","","28/02/2025 15:40:01","NETO.PRADO","","","","","0","0,00","","","","1","5","",""
"2671","3306"," ","15","","1","1","USR","1257","EML","207","","","28/02/2025 15:40:02","NETO.PRADO","","","","","0","0,00","","","","1","5","",""
"2672","3306"," ","10","","1","1","USR","958","EML","207","","","28/02/2025 15:40:41","NETO.PRADO","","","","","0","0,00","","","","1","5","",""
"2673","3306"," ","10","","1","1","USR","1160","EML","207","","","28/02/2025 15:40:41","NETO.PRADO","","","","","0","0,00","","","","1","5","",""
"2674","3306"," ","18","","1","1","USR","966","EML","207","","","28/02/2025 15:41:30","NETO.PRADO","","","","","0","0,00","","","","1","5","",""
"2675","3306"," ","18","","1","1","USR","1260","EML","207","","","28/02/2025 15:41:30","NETO.PRADO","","","","","0","0,00","","","","1","5","",""
"2676","3306"," ","7","","1","1","USR","956","EML","207","","","28/02/2025 15:42:04","NETO.PRADO","","","","","0","0,00","","","","1","5","",""
"2677","3306"," ","7","","1","1","USR","1122","EML","207","","","28/02/2025 15:42:05","NETO.PRADO","","","","","0","0,00","","","","1","5","",""
"2678","3306"," ","1","","1","1","USR","951","EML","207","","","28/02/2025 15:42:43","NETO.PRADO","","","","","0","0,00","","","","1","5","",""
"2679","3306"," ","1","","1","1","USR","1121","EML","207","","","28/02/2025 15:42:43","NETO.PRADO","","","","","0","0,00","","","","1","5","",""
"2680","3306"," ","13","","1","1","USR","961","EML","207","","","28/02/2025 15:43:16","NETO.PRADO","","","","","0","0,00","","","","1","5","",""
"2681","3306"," ","13","","1","1","USR","1255","EML","207","","","28/02/2025 15:43:16","NETO.PRADO","","","","","0","0,00","","","","1","5","",""
"2682","3306"," ","17","","1","1","USR","965","EML","207","","","28/02/2025 15:43:48","NETO.PRADO","","","","","0","0,00","","","","1","5","",""
"2683","3306"," ","17","","1","1","USR","1259","EML","207","","","28/02/2025 15:43:49","NETO.PRADO","","","","","0","0,00","","","","1","5","",""
"2684","3306"," ","16","","1","1","USR","964","EML","207","","","28/02/2025 15:44:20","NETO.PRADO","","","","","0","0,00","","","","1","5","",""
"2685","3306"," ","16","","1","1","USR","1258","EML","207","","","28/02/2025 15:44:20","NETO.PRADO","","","","","0","0,00","","","","1","5","",""
"2686","2578"," ","14","","1","1","USR","962","EML","198","","","05/03/2025 16:52:30","MATHEUS.AUGUSTO","","","","","0","0,00","","","","1","5","",""
"2687","2579"," ","14","","1","1","USR","962","EML","199","","","05/03/2025 16:54:13","MATHEUS.AUGUSTO","","","","","0","0,00","","","","1","5","",""
"2688","2581"," ","14","","1","1","USR","962","EML","201","","","05/03/2025 16:55:59","MATHEUS.AUGUSTO","","","","","0","0,00","","","","1","5","",""
"2689","2582"," ","14","","1","1","USR","962","EML","202","","","05/03/2025 16:56:52","MATHEUS.AUGUSTO","","","","","0","0,00","","","","1","5","",""
"2690","2587"," ","14","","1","1","USR","962","EML","206","","","05/03/2025 16:58:10","MATHEUS.AUGUSTO","","","","","0","0,00","","","","1","5","",""
"2691","2678"," ","","","1","1","USR","862","EML","207","","","14/03/2025 09:59:57","NETO.PRADO","","","","","0","0,00","","","","1","5","",""
"2692","2581"," ","","","1","1","USR","879","EML","201","","","26/03/2025 10:02:32","MATHEUS.AUGUSTO","27/03/2025 12:13:54","MATHEUS.AUGUSTO","","","0","0,00","","","","0","5","",""
"2693","3488"," ","2","","1","1","USR","1126","EML","213","","","11/04/2025 10:23:17","NETO.PRADO","","","","","0","0,00","","","","1","5","",""
"2694","3488"," ","3","","1","1","USR","1124","EML","213","","","11/04/2025 10:23:18","NETO.PRADO","","","","","0","0,00","","","","1","5","",""
"2695","3488"," ","9","","1","1","USR","1123","EML","213","","","11/04/2025 10:23:18","NETO.PRADO","","","","","0","0,00","","","","1","5","",""
"2696","3488"," ","14","","1","1","USR","1256","EML","213","","","11/04/2025 10:23:18","NETO.PRADO","","","","","0","0,00","","","","1","5","",""
"2697","3488"," ","11","","1","1","USR","1125","EML","213","","","11/04/2025 10:23:18","NETO.PRADO","","","","","0","0,00","","","","1","5","",""
"2698","3488"," ","4","","1","1","USR","1158","EML","213","","","11/04/2025 10:23:19","NETO.PRADO","","","","","0","0,00","","","","1","5","",""
"2699","3488"," ","12","","1","1","USR","1127","EML","213","","","11/04/2025 10:23:19","NETO.PRADO","","","","","0","0,00","","","","1","5","",""
"2700","3488"," ","5","","1","1","USR","1159","EML","213","","","11/04/2025 10:23:19","NETO.PRADO","","","","","0","0,00","","","","1","5","",""
"2701","3488"," ","15","","1","1","USR","1257","EML","213","","","11/04/2025 10:23:19","NETO.PRADO","","","","","0","0,00","","","","1","5","",""
"2702","3488"," ","10","","1","1","USR","1160","EML","213","","","11/04/2025 10:23:20","NETO.PRADO","","","","","0","0,00","","","","1","5","",""
"2703","3488"," ","18","","1","1","USR","1260","EML","213","","","11/04/2025 10:23:20","NETO.PRADO","","","","","0","0,00","","","","1","5","",""
"2704","3488"," ","7","","1","1","USR","1122","EML","213","","","11/04/2025 10:23:20","NETO.PRADO","","","","","0","0,00","","","","1","5","",""
"2705","3488"," ","1","","1","1","USR","1121","EML","213","","","11/04/2025 10:23:21","NETO.PRADO","","","","","0","0,00","","","","1","5","",""
"2706","3488"," ","13","","1","1","USR","1255","EML","213","","","11/04/2025 10:23:21","NETO.PRADO","","","","","0","0,00","","","","1","5","",""
"2707","3488"," ","17","","1","1","USR","1259","EML","213","","","11/04/2025 10:23:21","NETO.PRADO","","","","","0","0,00","","","","1","5","",""
"2708","3488"," ","16","","1","1","USR","1258","EML","213","","","11/04/2025 10:23:21","NETO.PRADO","","","","","0","0,00","","","","1","5","",""
"2709","3433"," ","2","","1","1","USR","952","EML","","","","14/04/2025 11:21:18","NETO.PRADO","","","","","0","0,00","","","","1","5","",""
"2710","3433"," ","3","","1","1","USR","953","EML","","","","14/04/2025 11:21:19","NETO.PRADO","","","","","0","0,00","","","","1","5","",""
"2711","3433"," ","9","","1","1","USR","957","EML","207","","","14/04/2025 11:21:19","NETO.PRADO","","","","","0","0,00","","","","1","5","",""
"2712","3433"," ","14","","1","1","USR","962","EML","","","","14/04/2025 11:21:20","NETO.PRADO","","","","","0","0,00","","","","1","5","",""
"2713","3433"," ","11","","1","1","USR","959","EML","","","","14/04/2025 11:21:20","NETO.PRADO","","","","","0","0,00","","","","1","5","",""
"2714","3433"," ","4","","1","1","USR","954","EML","","","","14/04/2025 11:21:20","NETO.PRADO","","","","","0","0,00","","","","1","5","",""
"2715","3433"," ","12","","1","1","USR","960","EML","","","","14/04/2025 11:21:21","NETO.PRADO","","","","","0","0,00","","","","1","5","",""
"2716","3433"," ","5","","1","1","USR","955","EML","","","","14/04/2025 11:21:21","NETO.PRADO","","","","","0","0,00","","","","1","5","",""
"2717","3433"," ","15","","1","1","USR","963","EML","","","","14/04/2025 11:21:21","NETO.PRADO","","","","","0","0,00","","","","1","5","",""
"2718","3433"," ","10","","1","1","USR","958","EML","","","","14/04/2025 11:21:22","NETO.PRADO","","","","","0","0,00","","","","1","5","",""
"2786","2570","","","","01","1","USR","879","EML","207","","","18/06/2025 08:04:00","MATHEUS.AUGUSTO","18/06/2025 08:04:00","MATHEUS.AUGUSTO","","","0","0,00","","","0","0","0","Teste Matheus","MsCtr_Andamento_EML"
"2787","2529","","0","","01","","USR","879","EML","207","","","18/06/2025 08:12:00","MATHEUS.AUGUSTO","18/06/2025 08:12:00","MATHEUS.AUGUSTO","","","0","0,00","","","0","0","0","Teste Matheus","MsCtr_Andamento_EML"
"2788","3599","","","","1","1","USR","1365","EML","207","","","30/06/2025 16:15:00","MATHEUS.AUGUSTO","01/07/2025 07:59:02","MATHEUS.AUGUSTO","","","0","0,00","","","0","1","0","adm vendas","MsCtr_Andamento_EML"
"2789","3599","","","Araraquara","1","1","USR","1126","EML","207","","","01/07/2025 07:46:00","MATHEUS.AUGUSTO","03/07/2025 12:03:00","MATHEUS.AUGUSTO","","","0","0,00","","","0","1","0","assist ven","MsCtr_Andamento_EML"
"2790","3599","","","Barretos","1","1","USR","1124","EML","207","","","01/07/2025 07:51:00","MATHEUS.AUGUSTO","03/07/2025 12:03:32","MATHEUS.AUGUSTO","","","0","0,00","","","0","1","0","assist ven","MsCtr_Andamento_EML"
"2791","3599","","","Bebedouro","1","1","USR","1123","EML","207","","","01/07/2025 07:51:00","MATHEUS.AUGUSTO","03/07/2025 12:03:47","MATHEUS.AUGUSTO","","","0","0,00","","","0","1","0","assist ven","MsCtr_Andamento_EML"
"2792","3599","","","Catanduva","1","1","USR","1256","EML","207","","","01/07/2025 07:51:00","MATHEUS.AUGUSTO","03/07/2025 12:03:55","MATHEUS.AUGUSTO","","","0","0,00","","","0","1","0","assist ven","MsCtr_Andamento_EML"
"2793","3599","","","Franca","1","1","USR","1125","EML","207","","","01/07/2025 07:52:00","MATHEUS.AUGUSTO","03/07/2025 12:04:03","MATHEUS.AUGUSTO","","","0","0,00","","","0","1","0","assist ven","MsCtr_Andamento_EML"
"2794","3599","","","Guaira","1","1","USR","1158","EML","207","","","01/07/2025 07:52:00","MATHEUS.AUGUSTO","03/07/2025 12:04:14","MATHEUS.AUGUSTO","","","0","0,00","","","0","1","0","assist ven","MsCtr_Andamento_EML"
"2795","3599","","","Itapolis","1","1","USR","1127","EML","207","","","01/07/2025 07:52:00","MATHEUS.AUGUSTO","03/07/2025 12:04:25","MATHEUS.AUGUSTO","","","0","0,00","","","0","1","0","assist ven","MsCtr_Andamento_EML"
"2796","3599","","","Ituverava","1","1","USR","1159","EML","207","","","01/07/2025 07:52:00","MATHEUS.AUGUSTO","03/07/2025 12:04:34","MATHEUS.AUGUSTO","","","0","0,00","","","0","1","0","assist ven","MsCtr_Andamento_EML"
"2797","3599","","","Jales","1","1","USR","1257","EML","207","","","01/07/2025 07:53:00","MATHEUS.AUGUSTO","03/07/2025 12:04:42","MATHEUS.AUGUSTO","","","0","0,00","","","0","1","0","assist ven","MsCtr_Andamento_EML"
"2798","3599","","","Marilia","1","1","USR","1260","EML","207","","","01/07/2025 07:54:00","MATHEUS.AUGUSTO","03/07/2025 12:04:52","MATHEUS.AUGUSTO","","","0","0,00","","","0","1","0","assist ven","MsCtr_Andamento_EML"
"2799","3599","","","Monte Alto","1","1","USR","1160","EML","207","","","01/07/2025 07:54:00","MATHEUS.AUGUSTO","03/07/2025 12:04:59","MATHEUS.AUGUSTO","","","0","0,00","","","0","1","0","assist ven","MsCtr_Andamento_EML"
"2800","3599","","","Orlandia","1","1","USR","1122","EML","207","","","01/07/2025 07:55:00","MATHEUS.AUGUSTO","03/07/2025 12:05:07","MATHEUS.AUGUSTO","","","0","0,00","","","0","1","0","assist ven","MsCtr_Andamento_EML"
"2801","3599","","","Ribeirão Preto","1","1","USR","1121","EML","207","","","01/07/2025 07:55:00","MATHEUS.AUGUSTO","03/07/2025 12:05:18","MATHEUS.AUGUSTO","","","0","0,00","","","0","1","0","assist ven","MsCtr_Andamento_EML"
"2802","3599","","","São José do Rio Preto","1","1","USR","1255","EML","207","","","01/07/2025 07:55:00","MATHEUS.AUGUSTO","03/07/2025 12:05:26","MATHEUS.AUGUSTO","","","0","0,00","","","0","1","0","assist ven","MsCtr_Andamento_EML"
"2803","3599","","","Tupa","1","1","USR","1259","EML","207","","","01/07/2025 07:56:00","MATHEUS.AUGUSTO","03/07/2025 12:05:35","MATHEUS.AUGUSTO","","","0","0,00","","","0","1","0","assist ven","MsCtr_Andamento_EML"
"2804","3599","","","Votuporanga","1","1","USR","1258","EML","207","","","01/07/2025 07:56:00","MATHEUS.AUGUSTO","03/07/2025 12:05:44","MATHEUS.AUGUSTO","","","0","0,00","","","0","1","0","assist ven","MsCtr_Andamento_EML"
"2826","2436","","4","","1","1","USR","954","EML","207","","","03/07/2025 08:22:47","MATHEUS.AUGUSTO","03/07/2025 08:22:47","MATHEUS.AUGUSTO","","","0","0,00","","","0","1","0","ger maq","MsCtr_Andamento_EML"
"2827","2436","","12","","1","1","USR","960","EML","207","","","03/07/2025 08:23:04","MATHEUS.AUGUSTO","03/07/2025 08:23:04","MATHEUS.AUGUSTO","","","0","0,00","","","0","1","0","ger maq","MsCtr_Andamento_EML"
"2828","2436","","5","","1","1","USR","955","EML","207","","","03/07/2025 08:23:23","MATHEUS.AUGUSTO","03/07/2025 08:23:23","MATHEUS.AUGUSTO","","","0","0,00","","","0","1","0","ger maq","MsCtr_Andamento_EML"
"2829","2436","","15","","1","1","USR","963","EML","207","","","03/07/2025 08:23:39","MATHEUS.AUGUSTO","03/07/2025 08:23:39","MATHEUS.AUGUSTO","","","0","0,00","","","0","1","0","ger maq","MsCtr_Andamento_EML"
"2830","2436","","10","","1","1","USR","958","EML","207","","","03/07/2025 08:23:58","MATHEUS.AUGUSTO","03/07/2025 08:23:58","MATHEUS.AUGUSTO","","","0","0,00","","","0","1","0","ger maq","MsCtr_Andamento_EML"
"2831","2436","","18","","1","1","USR","966","EML","207","","","03/07/2025 08:24:14","MATHEUS.AUGUSTO","03/07/2025 08:24:14","MATHEUS.AUGUSTO","","","0","0,00","","","0","1","0","ger maq","MsCtr_Andamento_EML"
"2832","2436","","7","","1","1","USR","956","EML","207","","","03/07/2025 08:24:32","MATHEUS.AUGUSTO","03/07/2025 08:24:32","MATHEUS.AUGUSTO","","","0","0,00","","","0","1","0","ger maq","MsCtr_Andamento_EML"
"2833","2436","","1","","1","1","USR","951","EML","207","","","03/07/2025 08:24:48","MATHEUS.AUGUSTO","03/07/2025 08:24:48","MATHEUS.AUGUSTO","","","0","0,00","","","0","1","0","ger maq","MsCtr_Andamento_EML"
"2834","2436","","13","","1","1","USR","961","EML","207","","","03/07/2025 08:25:14","MATHEUS.AUGUSTO","03/07/2025 08:25:14","MATHEUS.AUGUSTO","","","0","0,00","","","0","1","0","ger maq","MsCtr_Andamento_EML"
"2835","2436","","17","","1","1","USR","965","EML","207","","","03/07/2025 08:25:34","MATHEUS.AUGUSTO","03/07/2025 08:25:34","MATHEUS.AUGUSTO","","","0","0,00","","","0","1","0","ger maq","MsCtr_Andamento_EML"
"2836","2436","","16","","1","1","USR","964","EML","207","","","03/07/2025 08:25:54","MATHEUS.AUGUSTO","03/07/2025 08:25:54","MATHEUS.AUGUSTO","","","0","0,00","","","0","1","0","ger maq","MsCtr_Andamento_EML"
"2837","3599","","","","1","1","USR","879","EML","207","","","03/07/2025 11:27:00","MATHEUS.AUGUSTO","03/07/2025 11:27:00","MATHEUS.AUGUSTO","","","0","0,00","","","0","0","0","teste","MsCtr_Andamento_EML"
"2838","2431","","","","1","1","USR","-12","EML","207","","","03/07/2025 16:06:27","MATHEUS.AUGUSTO","03/07/2025 16:06:27","MATHEUS.AUGUSTO","","","0","0,00","","","0","1","0","Resp Carteira","MsCtr_Andamento_EML"
"2839","2529","","","","1","1","USR","863","EML","207","","","04/07/2025 07:46:01","MATHEUS.AUGUSTO","04/07/2025 07:46:01","MATHEUS.AUGUSTO","","","0","0,00","","","0","1","0","Lorelaine","MsCtr_Andamento_EML"
"2840","2529","","11","","1","1","USR","1125","EML","207","","","14/07/2025 16:21:27","MATHEUS.AUGUSTO","14/07/2025 16:21:27","MATHEUS.AUGUSTO","","","0","0,00","","","0","1","0","assist","MsCtr_Andamento_EML"
"2841","3440","","11","","1","1","USR","1125","EML","207","","","14/07/2025 16:35:08","MATHEUS.AUGUSTO","14/07/2025 16:35:08","MATHEUS.AUGUSTO","","","0","0,00","","","0","1","0","assist","MsCtr_Andamento_EML"
"2842","3231","","","","1","1","USR","-3","EML","207","","","17/07/2025 16:23:00","MATHEUS.AUGUSTO","17/07/2025 16:23:00","MATHEUS.AUGUSTO","","","0","0,00","","","0","1","0","Gerentes","MsCtr_Andamento_EML"
"2844","3427","","","","1","1","USR","522","EML","207","","","29/07/2025 14:05:05","MATHEUS.AUGUSTO","29/07/2025 14:05:05","MATHEUS.AUGUSTO","","","0","0,00","","","0","1","0","Financeiro","MsCtr_Andamento_EML"
"2845","3614","","","","1","1","USR","522","EML","207","","","29/07/2025 14:06:27","MATHEUS.AUGUSTO","29/07/2025 14:06:27","MATHEUS.AUGUSTO","","","0","0,00","","","0","1","0","Financeiro","MsCtr_Andamento_EML"
"2846","3619","","","","1","1","USR","522","EML","207","","","29/07/2025 14:07:39","MATHEUS.AUGUSTO","29/07/2025 14:07:39","MATHEUS.AUGUSTO","","","0","0,00","","","0","1","0","Financeiro","MsCtr_Andamento_EML"
"2847","3632","","","","1","1","USR","522","EML","207","","","29/07/2025 14:09:30","MATHEUS.AUGUSTO","29/07/2025 14:09:30","MATHEUS.AUGUSTO","","","0","0,00","","","0","1","0","Financeiro","MsCtr_Andamento_EML"
"2848","3631","","","","1","1","USR","522","EML","207","","","29/07/2025 14:10:00","MATHEUS.AUGUSTO","29/07/2025 14:10:00","MATHEUS.AUGUSTO","","","0","0,00","","","0","1","0","Financeiro","MsCtr_Andamento_EML"
"2849","2578","","15","","1","1","USR","1257","EML","207","","","05/08/2025 08:44:21","MATHEUS.AUGUSTO","05/08/2025 08:44:21","MATHEUS.AUGUSTO","","","0","0,00","","","0","1","0","Assist jales","MsCtr_Andamento_EML"
"2850","2578","","15","","1","1","USR","963","EML","207","","","05/08/2025 08:48:54","MATHEUS.AUGUSTO","05/08/2025 08:48:54","MATHEUS.AUGUSTO","","","0","0,00","","","0","1","0","ger jales","MsCtr_Andamento_EML"
"2851","2578","","5","","1","1","USR","1159","EML","207","","","05/08/2025 08:49:18","MATHEUS.AUGUSTO","05/08/2025 08:49:18","MATHEUS.AUGUSTO","","","0","0,00","","","0","1","0","assist ven","MsCtr_Andamento_EML"
"2852","2578","","10","","1","1","USR","1160","EML","207","","","05/08/2025 09:01:38","MATHEUS.AUGUSTO","05/08/2025 09:01:38","MATHEUS.AUGUSTO","","","0","0,00","","","0","1","0","assist ven","MsCtr_Andamento_EML"
"2853","2578","","18","","1","1","USR","1260","EML","207","","","05/08/2025 09:01:59","MATHEUS.AUGUSTO","05/08/2025 09:01:59","MATHEUS.AUGUSTO","","","0","0,00","","","0","1","0","assist ven","MsCtr_Andamento_EML"
"2854","2578","","13","","1","1","USR","1255","EML","207","","","05/08/2025 09:02:00","MATHEUS.AUGUSTO","05/08/2025 09:02:00","MATHEUS.AUGUSTO","","","0","0,00","","","0","1","0","assist ven","MsCtr_Andamento_EML"
"2855","2578","","17","","1","1","USR","1259","EML","207","","","05/08/2025 09:03:44","MATHEUS.AUGUSTO","05/08/2025 09:03:44","MATHEUS.AUGUSTO","","","0","0,00","","","0","1","0","assist ven","MsCtr_Andamento_EML"
"2856","2578","","16","","1","1","USR","1258","EML","207","","","05/08/2025 09:04:11","MATHEUS.AUGUSTO","05/08/2025 09:04:11","MATHEUS.AUGUSTO","","","0","0,00","","","0","1","0","assist ven","MsCtr_Andamento_EML"
"2857","2578","","2","","1","1","USR","952","EML","207","","","05/08/2025 11:38:04","MATHEUS.AUGUSTO","05/08/2025 11:38:04","MATHEUS.AUGUSTO","","","0","0,00","","","0","1","0","ger","MsCtr_Andamento_EML"
"2858","2578","","3","","1","1","USR","953","EML","207","","","05/08/2025 11:53:54","MATHEUS.AUGUSTO","05/08/2025 11:53:54","MATHEUS.AUGUSTO","","","0","0,00","","","0","1","0","ger","MsCtr_Andamento_EML"
"2859","2578","","9","","1","1","USR","957","EML","207","","","05/08/2025 11:54:11","MATHEUS.AUGUSTO","05/08/2025 11:54:11","MATHEUS.AUGUSTO","","","0","0,00","","","0","1","0","ger","MsCtr_Andamento_EML"
"2860","2578","","11","","1","1","USR","959","EML","207","","","05/08/2025 11:54:30","MATHEUS.AUGUSTO","05/08/2025 11:54:30","MATHEUS.AUGUSTO","","","0","0,00","","","0","1","0","ger","MsCtr_Andamento_EML"
"2861","2578","","4","","1","1","USR","954","EML","207","","","05/08/2025 11:55:36","MATHEUS.AUGUSTO","05/08/2025 11:55:36","MATHEUS.AUGUSTO","","","0","0,00","","","0","1","0","ger","MsCtr_Andamento_EML"
"2862","2578","","12","","1","1","USR","960","EML","207","","","05/08/2025 11:55:57","MATHEUS.AUGUSTO","05/08/2025 11:55:57","MATHEUS.AUGUSTO","","","0","0,00","","","0","1","0","ger","MsCtr_Andamento_EML"
"2863","2578","","5","","1","1","USR","955","EML","207","","","05/08/2025 14:05:25","MATHEUS.AUGUSTO","05/08/2025 14:05:25","MATHEUS.AUGUSTO","","","0","0,00","","","0","1","0","ger","MsCtr_Andamento_EML"
"2864","2578","","10","","1","1","USR","958","EML","207","","","05/08/2025 14:26:26","MATHEUS.AUGUSTO","05/08/2025 14:26:26","MATHEUS.AUGUSTO","","","0","0,00","","","0","1","0","ger","MsCtr_Andamento_EML"
"2865","2578","","18","","1","1","USR","966","EML","207","","","05/08/2025 14:26:48","MATHEUS.AUGUSTO","05/08/2025 14:26:48","MATHEUS.AUGUSTO","","","0","0,00","","","0","1","0","ger","MsCtr_Andamento_EML"
"2805","3599","","","Araraquara","1","1","USR","952","EML","207","","","01/07/2025 08:00:00","MATHEUS.AUGUSTO","01/07/2025 08:00:00","MATHEUS.AUGUSTO","","","0","0,00","","","0","1","0","ger maq","MsCtr_Andamento_EML"
"2806","3599","","","Barretos","1","1","USR","953","EML","207","","","01/07/2025 08:02:00","MATHEUS.AUGUSTO","01/07/2025 08:02:00","MATHEUS.AUGUSTO","","","0","0,00","","","0","1","0","ger maq","MsCtr_Andamento_EML"
"2807","3599","","","Bebedouro","1","1","USR","957","EML","207","","","01/07/2025 08:02:00","MATHEUS.AUGUSTO","01/07/2025 08:02:00","MATHEUS.AUGUSTO","","","0","0,00","","","0","1","0","ger maq","MsCtr_Andamento_EML"
"2808","3599","","","Catanduva","1","1","USR","962","EML","207","","","01/07/2025 08:02:00","MATHEUS.AUGUSTO","01/07/2025 08:02:00","MATHEUS.AUGUSTO","","","0","0,00","","","0","1","0","ger maq","MsCtr_Andamento_EML"
"2809","3599","","","Franca","1","1","USR","959","EML","207","","","01/07/2025 08:10:00","MATHEUS.AUGUSTO","01/07/2025 08:10:00","MATHEUS.AUGUSTO","","","0","0,00","","","0","1","0","ger maq","MsCtr_Andamento_EML"
"2810","3599","","","Guaira","1","1","USR","954","EML","207","","","01/07/2025 08:11:00","MATHEUS.AUGUSTO","01/07/2025 08:11:00","MATHEUS.AUGUSTO","","","0","0,00","","","0","1","0","ger maq","MsCtr_Andamento_EML"
"2811","3599","","","Itapolis","1","1","USR","960","EML","207","","","01/07/2025 08:11:00","MATHEUS.AUGUSTO","03/07/2025 12:07:00","MATHEUS.AUGUSTO","","","0","0,00","","","0","1","0","ger maq","MsCtr_Andamento_EML"
"2812","3599","","","Ituverava","1","1","USR","955","EML","207","","","01/07/2025 08:12:00","MATHEUS.AUGUSTO","01/07/2025 08:12:00","MATHEUS.AUGUSTO","","","0","0,00","","","0","1","0","ger maq","MsCtr_Andamento_EML"
"2813","3599","","","Jales","1","1","USR","963","EML","207","","","01/07/2025 08:12:00","MATHEUS.AUGUSTO","01/07/2025 08:12:00","MATHEUS.AUGUSTO","","","0","0,00","","","0","1","0","ger maq","MsCtr_Andamento_EML"
"2814","3599","","","Monte Alto","1","1","USR","958","EML","207","","","01/07/2025 08:13:00","MATHEUS.AUGUSTO","01/07/2025 08:13:00","MATHEUS.AUGUSTO","","","0","0,00","","","0","1","0","ger maq","MsCtr_Andamento_EML"
"2815","3599","","","Marilia","1","1","USR","966","EML","207","","","01/07/2025 08:13:00","MATHEUS.AUGUSTO","01/07/2025 08:13:00","MATHEUS.AUGUSTO","","","0","0,00","","","0","1","0","ger maq","MsCtr_Andamento_EML"
"2816","3599","","","Orlandia","1","1","USR","956","EML","207","","","01/07/2025 08:14:00","MATHEUS.AUGUSTO","01/07/2025 08:14:00","MATHEUS.AUGUSTO","","","0","0,00","","","0","1","0","ger maq","MsCtr_Andamento_EML"
"2817","3599","","","Ribeirão Preto","1","1","USR","951","EML","207","","","01/07/2025 08:14:00","MATHEUS.AUGUSTO","01/07/2025 08:14:00","MATHEUS.AUGUSTO","","","0","0,00","","","0","1","0","ger maq","MsCtr_Andamento_EML"
"2818","3599","","","São José do Rio Preto","1","1","USR","961","EML","207","","","01/07/2025 08:14:00","MATHEUS.AUGUSTO","01/07/2025 08:14:00","MATHEUS.AUGUSTO","","","0","0,00","","","0","1","0","ger maq","MsCtr_Andamento_EML"
"2819","3599","","","Tupa","1","1","USR","965","EML","207","","","01/07/2025 08:14:00","MATHEUS.AUGUSTO","01/07/2025 08:14:00","MATHEUS.AUGUSTO","","","0","0,00","","","0","1","0","ger maq","MsCtr_Andamento_EML"
"2820","3599","","","Votuporanga","1","1","USR","964","EML","207","","","01/07/2025 08:15:00","MATHEUS.AUGUSTO","01/07/2025 08:15:00","MATHEUS.AUGUSTO","","","0","0,00","","","0","1","0","ger maq","MsCtr_Andamento_EML"
"2821","2436","","2","","1","1","USR","952","EML","207","","","03/07/2025 08:20:51","MATHEUS.AUGUSTO","03/07/2025 08:20:51","MATHEUS.AUGUSTO","","","0","0,00","","","0","1","0","ger maq","MsCtr_Andamento_EML"
"2822","2436","","3","","1","1","USR","953","EML","207","","","03/07/2025 08:21:00","MATHEUS.AUGUSTO","03/07/2025 08:21:00","MATHEUS.AUGUSTO","","","0","0,00","","","0","1","0","ger maq","MsCtr_Andamento_EML"
"2823","2436","","9","","1","1","USR","957","EML","207","","","03/07/2025 08:21:55","MATHEUS.AUGUSTO","03/07/2025 08:21:55","MATHEUS.AUGUSTO","","","0","0,00","","","0","1","0","ger maq","MsCtr_Andamento_EML"
"2824","2436","","14","","1","1","USR","962","EML","207","","","03/07/2025 08:22:10","MATHEUS.AUGUSTO","03/07/2025 08:22:10","MATHEUS.AUGUSTO","","","0","0,00","","","0","1","0","ger maq","MsCtr_Andamento_EML"
"2825","2436","","11","","1","1","USR","959","EML","207","","","03/07/2025 08:22:26","MATHEUS.AUGUSTO","03/07/2025 08:22:26","MATHEUS.AUGUSTO","","","0","0,00","","","0","1","0","ger maq","MsCtr_Andamento_EML"
"1698","1297"," ","2","Outros","","","USR","0","EML","166","","","26/01/2023 11:15:22","LIVIA.SILVA","23/01/2025 08:05:38","NETO.PRADO","","","0","0,00","","","","1","5","",""
"1699","1297"," ","2","Expert Alerts","","","USR","0","EML","166","","","26/01/2023 11:15:20","LIVIA.SILVA","23/01/2025 08:05:38","NETO.PRADO","","","0","0,00","","","","1","5","",""
"1700","1297"," ","2","Chip","","","USR","0","EML","166","","","26/01/2023 11:15:19","LIVIA.SILVA","23/01/2025 08:05:38","NETO.PRADO","","","0","0,00","","","","1","5","",""
"1701","1297"," ","2","AMS","","","USR","0","EML","166","","","26/01/2023 11:12:08","LIVIA.SILVA","23/01/2025 08:05:38","NETO.PRADO","","","0","0,00","","","","1","5","",""
"1702","1297"," ","2","Alertas","","","USR","0","EML","166","","","26/01/2023 11:12:08","LIVIA.SILVA","23/01/2025 08:05:38","NETO.PRADO","","","0","0,00","","","","1","5","",""
"1703","1297"," ","1","Outros","","","USR","819","EML","166","","","26/01/2023 11:12:08","LIVIA.SILVA","18/11/2024 14:35:34","MATHEUS.AUGUSTO","","","0","0,00","","","","1","5","",""
"1704","1297"," ","1","Expert Alerts","","","USR","819","EML","166","","","26/01/2023 11:12:07","LIVIA.SILVA","18/11/2024 14:35:34","MATHEUS.AUGUSTO","","","0","0,00","","","","1","5","",""
"1705","1297"," ","1","Chip","","","USR","819","EML","166","","","26/01/2023 11:12:06","LIVIA.SILVA","18/11/2024 14:35:34","MATHEUS.AUGUSTO","","","0","0,00","","","","1","5","",""
"1706","1297"," ","1","AMS","","","USR","819","EML","166","","","26/01/2023 11:12:06","LIVIA.SILVA","18/11/2024 14:35:34","MATHEUS.AUGUSTO","","","0","0,00","","","","1","5","",""
"1707","1297"," ","1","Alertas","","","USR","819","EML","166","","","26/01/2023 11:11:35","LIVIA.SILVA","18/11/2024 14:35:34","MATHEUS.AUGUSTO","","","0","0,00","","","","1","5","",""
"1708","1297"," ","3","Outros","","","USR","825","EML","166","","","26/01/2023 12:29:53","LIVIA.SILVA","04/08/2023 13:14:00","LIVIA.SILVA","","","0","0,00","","","","1","5","",""
"1709","1297"," ","3","Expert Alerts","","","USR","825","EML","166","","","26/01/2023 12:29:53","LIVIA.SILVA","04/08/2023 13:13:08","LIVIA.SILVA","","","0","0,00","","","","1","5","",""
"1710","1297"," ","3","Chip","","","USR","825","EML","166","","","26/01/2023 12:29:52","LIVIA.SILVA","04/08/2023 13:13:00","LIVIA.SILVA","","","0","0,00","","","","1","5","",""
"1711","1297"," ","3","AMS","","","USR","825","EML","166","","","26/01/2023 12:29:52","LIVIA.SILVA","04/08/2023 13:13:00","LIVIA.SILVA","","","0","0,00","","","","1","5","",""
"1712","1297"," ","3","Alertas","","","USR","825","EML","166","","","26/01/2023 12:29:51","LIVIA.SILVA","04/08/2023 13:13:00","LIVIA.SILVA","","","0","0,00","","","","1","5","",""
"1713","1297"," ","4","Alertas","","","USR","825","EML","166","","","26/01/2023 12:31:41","LIVIA.SILVA","04/08/2023 13:13:00","LIVIA.SILVA","","","0","0,00","","","","1","5","",""
"1714","1297"," ","4","AMS","","","USR","825","EML","166","","","26/01/2023 12:31:40","LIVIA.SILVA","04/08/2023 13:13:00","LIVIA.SILVA","","","0","0,00","","","","1","5","",""
"1715","1297"," ","4","Chip","","","USR","825","EML","166","","","26/01/2023 12:31:40","LIVIA.SILVA","04/08/2023 13:13:00","LIVIA.SILVA","","","0","0,00","","","","1","5","",""
"1929","1368"," ","","","","","USR","516","EML","170","","","17/04/2023 11:07:27","VANESSA.ALVES","","","","","0","0,00","","","","1","5","",""
"1930","1368"," ","","","","","USR","779","EML","170","","","17/04/2023 11:04:47","VANESSA.ALVES","04/11/2024 13:39:02","NETO.PRADO","","","0","0,00","","","","1","5","",""
"1937","2371"," ","3","","","","USR","591","EML","170","","","20/04/2023 10:33:48","LIVIA.SILVA","06/09/2023 12:05:00","LIVIA.SILVA","","","0","0,00","","","","1","5","",""
"1938","2371"," ","1","","","","USR","127","EML","170","","","20/04/2023 10:33:48","LIVIA.SILVA","","","","","0","0,00","","","","1","5","",""
"1941","2371"," ","","","","","USR","516","EML","170","","","20/04/2023 10:33:45","LIVIA.SILVA","","","","","0","0,00","","","","1","5","",""
"1943","2371"," ","7","","","","USR","782","EML","170","","","20/04/2023 10:33:44","LIVIA.SILVA","12/03/2024 08:09:36","LIVIA.SILVA","","","0","0,00","","","","1","5","",""
"1944","2371"," ","","","","","USR","686","EML","170","","","20/04/2023 10:33:43","LIVIA.SILVA","","","","","0","0,00","","","","1","5","",""
"1949","2378"," ","3","","","","USR","591","EML","170","","","20/04/2023 10:41:49","LIVIA.SILVA","06/09/2023 12:09:00","LIVIA.SILVA","","","0","0,00","","","","1","5","",""
"1950","2378"," ","1","","","","USR","127","EML","170","","","20/04/2023 10:41:49","LIVIA.SILVA","","","","","0","0,00","","","","1","5","",""
"1951","2378"," ","2","","","","USR","747","EML","170","","","20/04/2023 10:41:49","LIVIA.SILVA","06/09/2023 12:09:00","LIVIA.SILVA","","","0","0,00","","","","1","5","",""
"1953","2378"," ","","","","","USR","516","EML","170","","","20/04/2023 10:41:48","LIVIA.SILVA","","","","","0","0,00","","","","1","5","",""
"1955","2378"," ","7","","","","USR","782","EML","170","","","20/04/2023 10:41:48","LIVIA.SILVA","12/03/2024 08:10:57","LIVIA.SILVA","","","0","0,00","","","","1","5","",""
"1956","2378"," ","","","","","USR","686","EML","170","","","20/04/2023 10:41:43","LIVIA.SILVA","","","","","0","0,00","","","","1","5","",""
"1958","2132"," ","","","","1","USR","782","EML","178","","","26/04/2023 09:28:33","LIVIA.SILVA","14/07/2023 14:48:00","VTCCONS","","","0","0,00","","","","1","5","",""
"1959","2117"," ","7","","","","USR","652","EML","158","","","17/05/2023 11:33:01","DIEGO.MARQUES","","","","","0","0,00","","","","1","5","",""
"1960","2127"," ","","","","","USR","167","EML","16","","","19/05/2023 10:08:44","DIEGO.MARQUES","09/11/2023 17:13:00","DIEGO.MARQUES","","","0","0,00","","","","1","5","",""
"1961","2428"," ","","","","","USR","354","EML","181","","","07/06/2023 09:49:00","DIEGO.MARQUES","","","","","0","0,00","","","","1","5","",""
"1965","2458"," ","1","Máquinas","","","USR","127","EML","182","","","14/06/2023 12:18:00","LIVIA.SILVA","","","","","0","0,00","","","","1","5","",""
"1966","2458"," ","1","Peças","","","USR","606","EML","182","","","14/06/2023 12:18:00","LIVIA.SILVA","10/05/2024 08:04:56","LIVIA.SILVA","","","0","0,00","","","","1","5","",""
"1967","2458"," ","1","","","","USR","1157","EML","182","","","14/06/2023 12:18:00","LIVIA.SILVA","13/06/2024 15:41:00","NETO.PRADO","","","0","0,00","","","0","1","5","Envio EML para coord srvs rib preto",""
"1968","2458"," ","2","Implementos","","","USR","747","EML","182","","","14/06/2023 12:18:00","LIVIA.SILVA","","","","","0","0,00","","","","1","5","",""
"1969","2458"," ","2","Máquinas","","","USR","747","EML","182","","","14/06/2023 12:18:00","LIVIA.SILVA","","","","","0","0,00","","","","1","5","",""
"1970","2458"," ","2","Peças","","","USR","421","EML","182","","","14/06/2023 12:18:00","LIVIA.SILVA","","","","","0","0,00","","","","1","5","",""
"1971","2458"," ","2","Serviços","","","USR","421","EML","182","","","14/06/2023 12:18:00","LIVIA.SILVA","","","","","0","0,00","","","","1","5","",""
"1972","2458"," ","3","Implementos","","","USR","591","EML","182","","","14/06/2023 12:18:00","LIVIA.SILVA","","","","","0","0,00","","","","1","5","",""
"1973","2458"," ","3","Máquinas","","","USR","591","EML","182","","","14/06/2023 12:18:00","LIVIA.SILVA","","","","","0","0,00","","","","1","5","",""
"1974","2458"," ","3","Peças","","","USR","50","EML","182","","","14/06/2023 12:18:00","LIVIA.SILVA","06/09/2023 11:26:00","LIVIA.SILVA","","","0","0,00","","","","1","5","",""
"1975","2458"," ","3","Serviços","","","USR","593","EML","182","","","14/06/2023 12:18:00","LIVIA.SILVA","06/09/2023 11:26:00","LIVIA.SILVA","","","0","0,00","","","","1","5","",""
"1976","2458"," ","4","Peças","","","USR","326","EML","182","","","14/06/2023 12:27:59","LIVIA.SILVA","08/05/2024 09:05:23","LIVIA.SILVA","","","0","0,00","","","","1","5","",""
"1977","2458"," ","4","Serviços","","","USR","593","EML","182","","","14/06/2023 12:28:00","LIVIA.SILVA","06/09/2023 11:26:00","LIVIA.SILVA","","","0","0,00","","","","1","5","",""
"1978","2458"," ","5","Peças","","","USR","326","EML","182","","","14/06/2023 12:28:00","LIVIA.SILVA","","","","","0","0,00","","","","1","5","",""
"1979","2458"," ","7","Implementos","","","USR","782","EML","182","","","14/06/2023 12:28:00","LIVIA.SILVA","12/03/2024 07:56:39","LIVIA.SILVA","","","0","0,00","","","","1","5","",""
"1980","2458"," ","7","Máquinas","","","USR","782","EML","182","","","14/06/2023 12:28:00","LIVIA.SILVA","12/03/2024 07:56:39","LIVIA.SILVA","","","0","0,00","","","","1","5","",""
"1981","2458"," ","7","Peças","","","USR","326","EML","182","","","14/06/2023 12:28:00","LIVIA.SILVA","08/05/2024 09:05:23","LIVIA.SILVA","","","0","0,00","","","","1","5","",""
"1982","2458"," ","7","Serviços","","","USR","593","EML","182","","","14/06/2023 12:28:00","LIVIA.SILVA","","","","","0","0,00","","","","1","5","",""
"1983","2458"," ","9","Peças","","","USR","50","EML","182","","","14/06/2023 12:28:00","LIVIA.SILVA","06/09/2023 11:26:00","LIVIA.SILVA","","","0","0,00","","","","1","5","",""
"1984","2458"," ","9","Serviços","","","USR","593","EML","182","","","14/06/2023 12:28:00","LIVIA.SILVA","06/09/2023 11:26:00","LIVIA.SILVA","","","0","0,00","","","","1","5","",""
"1894","2224"," ","","","","","USR","489","EML","174","","","09/03/2023 10:05:58","LIVIA.SILVA","","","","","0","0,00","","","","1","5","",""
"1896","2224"," ","","","","","USR","167","EML","174","","","09/03/2023 10:05:06","LIVIA.SILVA","","","","","0","0,00","","","","1","5","",""
"1899","2182"," ","","","","","USR","782","EML","175","","","14/03/2023 11:05:52","LIVIA.SILVA","","","","","0","0,00","","","","1","5","",""
"1900","2181"," ","","","","","USR","782","EML","176","","","14/03/2023 11:12:10","LIVIA.SILVA","","","","","0","0,00","","","","1","5","",""
"1902","2181"," ","","","","","USR","167","EML","176","","","14/03/2023 11:26:36","LIVIA.SILVA","","","","","0","0,00","","","","1","5","",""
"1904","2181"," ","","","","","USR","489","EML","176","","","14/03/2023 11:26:27","LIVIA.SILVA","","","","","0","0,00","","","","1","5","",""
"1906","2182"," ","","","","","USR","167","EML","175","","","14/03/2023 11:27:49","LIVIA.SILVA","","","","","0","0,00","","","","1","5","",""
"1908","2182"," ","","","","","USR","489","EML","175","","","14/03/2023 11:27:48","LIVIA.SILVA","","","","","0","0,00","","","","1","5","",""
"1909","2127"," ","","","","","USR","692","EML","16","","","14/03/2023 11:58:06","LIVIA.SILVA","","","","","0","0,00","","","","1","5","",""
"1914","2132"," ","","","","1","USR","3","EML","178","","","20/03/2023 10:41:51","LIVIA.SILVA","14/07/2023 14:48:00","VTCCONS","","","0","0,00","290","","","1","5","",""
"1927","2114"," ","","","","","USR","167","EML","133","","","24/03/2023 09:11:21","LIVIA.SILVA","","","","","0","0,00","","","","1","5","",""
"1776","940415"," ","","","","","USR","686","EML","170","","","08/02/2023 11:48:25","LIVIA.SILVA","20/04/2023 10:27:33","LIVIA.SILVA","","","0","0,00","","","","1","5","",""
"1777","940415"," ","","","","","USR","354","EML","170","","","08/02/2023 11:44:24","LIVIA.SILVA","20/04/2023 10:27:33","LIVIA.SILVA","","","0","0,00","","","","1","5","",""
"1782","940415"," ","11","","","","USR","593","EML","170","","","08/02/2023 11:44:22","LIVIA.SILVA","20/04/2023 10:27:33","LIVIA.SILVA","","","0","0,00","","","","1","5","",""
"1783","940415"," ","1","","","","USR","1157","EML","170","","","08/02/2023 11:44:00","LIVIA.SILVA","13/06/2024 15:40:00","NETO.PRADO","","","0","0,00","","","0","1","5","Envio EML para coord srvs rib preto",""
"1784","940415"," ","9","","","","USR","593","EML","170","","","08/02/2023 11:44:21","LIVIA.SILVA","06/09/2023 11:55:00","LIVIA.SILVA","","","0","0,00","","","","1","5","",""
"1785","940415"," ","4","","","","USR","593","EML","170","","","08/02/2023 11:44:21","LIVIA.SILVA","22/08/2023 11:37:00","LIVIA.SILVA","","","0","0,00","","","","1","5","",""
"1786","940415"," ","3","","","","USR","593","EML","170","","","08/02/2023 11:44:21","LIVIA.SILVA","22/08/2023 11:37:00","LIVIA.SILVA","","","0","0,00","","","","1","5","",""
"1787","940415"," ","10","","","","USR","421","EML","170","","","08/02/2023 11:44:21","LIVIA.SILVA","20/04/2023 10:27:33","LIVIA.SILVA","","","0","0,00","","","","1","5","",""
"1789","940415"," ","2","","","","USR","421","EML","170","","","08/02/2023 11:44:21","LIVIA.SILVA","20/04/2023 10:27:33","LIVIA.SILVA","","","0","0,00","","","","1","5","",""
"1790","940415"," ","7","","","","USR","593","EML","170","","","08/02/2023 11:44:20","LIVIA.SILVA","20/04/2023 10:27:33","LIVIA.SILVA","","","0","0,00","","","","1","5","",""
"1791","940415"," ","","","","","USR","516","EML","170","","","08/02/2023 11:44:20","LIVIA.SILVA","20/04/2023 10:27:33","LIVIA.SILVA","","","0","0,00","","","","1","5","",""
"1803","2355"," ","","","","","USR","686","EML","170","","","08/02/2023 12:46:57","LIVIA.SILVA","20/04/2023 10:28:55","LIVIA.SILVA","","","0","0,00","","","","1","5","",""
"1805","2288"," ","","","","","USR","782","EML","168","","","23/02/2023 15:11:43","LIVIA.SILVA","","","","","0","0,00","","","","1","5","",""
"1836","1818"," ","","","","","USR","796","EML","11","","","07/03/2023 22:09:46","VANESSA.ALVES","20/04/2023 10:59:31","LIVIA.SILVA","","","0","0,00","","","","1","5","",""
"1837","1818"," ","","","","","USR","516","EML","11","","","07/03/2023 22:09:46","VANESSA.ALVES","20/04/2023 10:59:31","LIVIA.SILVA","","","0","0,00","","","","1","5","",""
"1842","940122"," ","","","","","USR","796","EML","11","","","07/03/2023 22:12:06","VANESSA.ALVES","20/04/2023 10:57:27","LIVIA.SILVA","","","0","0,00","","","","1","5","",""
"1843","940122"," ","","","","","USR","516","EML","11","","","07/03/2023 22:12:03","VANESSA.ALVES","20/04/2023 10:57:27","LIVIA.SILVA","","","0","0,00","","","","1","5","",""
"1844","940123"," ","","","","","USR","796","EML","11","","","07/03/2023 22:13:12","VANESSA.ALVES","20/04/2023 10:58:04","LIVIA.SILVA","","","0","0,00","","","","1","5","",""
"1845","940123"," ","","","","","USR","516","EML","11","","","07/03/2023 22:13:11","VANESSA.ALVES","20/04/2023 10:58:04","LIVIA.SILVA","","","0","0,00","","","","1","5","",""
"1846","1875"," ","","","","","USR","796","EML","11","","","07/03/2023 22:14:57","VANESSA.ALVES","20/04/2023 10:53:52","LIVIA.SILVA","","","0","0,00","","","","1","5","",""
"1853","1876"," ","","","","","USR","796","EML","11","","","07/03/2023 22:17:55","VANESSA.ALVES","20/04/2023 10:54:29","LIVIA.SILVA","","","0","0,00","","","","1","5","",""
"1862","1713"," ","","","","","USR","796","EML","11","","","07/03/2023 22:20:28","VANESSA.ALVES","20/04/2023 10:50:00","LIVIA.SILVA","","","0","0,00","","","","1","5","",""
"1864","1713"," ","","","","","USR","516","EML","11","","","07/03/2023 22:20:22","VANESSA.ALVES","20/04/2023 10:50:00","LIVIA.SILVA","","","0","0,00","","","","1","5","",""
"808","1306"," ","","Pesquisa Realizada","","","USR","516","EML","94","","#ATD","21/08/2018 10:31:05","BRUNA.FELICIO","12/11/2018 13:14:51","DIEGO.MARQUES","","","0","0,00","","","","1","5","",""
"810","1306"," ","","Pesquisa Realizada","","","USR","241","EML","94","","#ATD","27/08/2018 10:04:34","BRUNA.FELICIO","27/08/2018 10:10:41","BRUNA.FELICIO","","","0","0,00","","","","1","5","",""
"812","1306"," ","","Pesquisa Realizada","","","USR","354","EML","94","","#ATD","27/08/2018 10:04:33","BRUNA.FELICIO","27/08/2018 10:10:41","BRUNA.FELICIO","","","0","0,00","","","","1","5","",""
"815","1278"," ","","Mkt","","","USR","629","EML","91","","","24/09/2018 09:37:44","VANESSA.ALVES","22/08/2020 20:32:46","DIEGO.MARQUES","","","0","0,00","","","","1","5","",""
"816","1278"," ","","Nulo","","","USR","516","EML","91","","","24/09/2018 09:37:42","VANESSA.ALVES","22/08/2020 20:32:46","DIEGO.MARQUES","","","0","0,00","","","","1","5","",""
"835","1378"," ","","","1","","USR","-5","EML","97","","#ATD","15/03/2019 10:15:35","DIEGO.MARQUES","26/03/2019 13:28:58","DIEGO.MARQUES","","","0","0,00","","","","1","5","",""
"837","1384"," ","","","","","USR","656","EML","98","","#ATD","18/03/2019 10:30:54","DIEGO.MARQUES","08/10/2020 15:11:26","DIEGO.MARQUES","","","0","0,00","","","","1","5","",""
"839","1403"," ","","","","","USR","656","EML","99","","#ATD","22/03/2019 14:12:15","DIEGO.MARQUES","08/10/2020 15:08:28","DIEGO.MARQUES","","","0","0,00","","","","1","5","",""
"843","1378"," ","","","1","","USR","354","EML","97","","#ATD","26/03/2019 13:28:17","DIEGO.MARQUES","","","","","0","0,00","","","","1","5","",""
"844","1378"," ","","","1","","USR","656","EML","97","","#ATD","26/03/2019 13:27:54","DIEGO.MARQUES","08/10/2020 15:09:21","DIEGO.MARQUES","","","0","0,00","","","","1","5","",""
"845","1378"," ","1","","1","","USR","127","EML","97","","#ATD","26/03/2019 13:27:18","DIEGO.MARQUES","","","","","0","0,00","","","","1","5","",""
"877","1433"," ","","","","","USR","656","EML","103","","","27/05/2019 14:02:57","DIEGO.MARQUES","08/10/2020 14:45:26","DIEGO.MARQUES","","","0","0,00","","","","1","5","",""
"879","1433"," ","1","","","","USR","594","EML","103","","","27/05/2019 14:09:20","DIEGO.MARQUES","","","","","0","0,00","","","","1","5","",""
"880","1433"," ","11","","","","USR","827","EML","103","","","27/05/2019 14:08:57","DIEGO.MARQUES","10/05/2023 10:12:55","LIVIA.SILVA","","","0","0,00","","","","1","5","",""
"881","1433"," ","11","","","","USR","594","EML","103","","","27/05/2019 14:08:22","DIEGO.MARQUES","","","","","0","0,00","","","","1","5","",""
"882","1433"," ","3","","","","USR","593","EML","103","","","27/05/2019 14:07:52","DIEGO.MARQUES","21/08/2023 13:16:00","LIVIA.SILVA","","","0","0,00","","","","1","5","",""
"883","1433"," ","3","","","","USR","765","EML","103","","","27/05/2019 14:07:30","DIEGO.MARQUES","01/06/2022 14:30:46","DIEGO.MARQUES","","","0","0,00","","","","1","5","",""
"884","1433"," ","2","","","","USR","594","EML","103","","","27/05/2019 14:07:03","DIEGO.MARQUES","","","","","0","0,00","","","","1","5","",""
"887","1433"," ","","","","","USR","819","EML","103","","","27/05/2019 14:05:00","DIEGO.MARQUES","18/11/2024 14:46:18","MATHEUS.AUGUSTO","","","0","0,00","","","","1","5","",""
"888","1433"," ","","","","","USR","576","EML","103","","","27/05/2019 14:04:31","DIEGO.MARQUES","","","","","0","0,00","","","","1","5","",""
"889","1433"," ","","","","","USR","577","EML","103","","","27/05/2019 14:04:11","DIEGO.MARQUES","","","","","0","0,00","","","","1","5","",""
"890","1388"," ","1","","","","USR","127","EML","86","","","27/05/2019 14:23:19","DIEGO.MARQUES","","","","","0","0,00","","","","1","5","",""
"891","1388"," ","4","","","","USR","243","EML","86","","","27/05/2019 14:23:00","DIEGO.MARQUES","21/08/2022 14:33:03","VTCCONS","","","0","0,00","","","","1","5","",""
"892","1388"," ","11","","","","USR","782","EML","86","","","27/05/2019 14:22:26","DIEGO.MARQUES","12/03/2024 08:22:46","LIVIA.SILVA","","","0","0,00","","","","1","5","",""
"893","1388"," ","3","","","","USR","243","EML","86","","","27/05/2019 14:22:00","DIEGO.MARQUES","21/08/2022 14:33:03","VTCCONS","","","0","0,00","","","","1","5","",""
"895","1388"," ","","","","","USR","239","EML","86","","","27/05/2019 14:21:17","DIEGO.MARQUES","","","","","0","0,00","","","","1","5","",""
"897","1388"," ","","","","","USR","431","EML","86","","","27/05/2019 14:20:23","DIEGO.MARQUES","","","","","0","0,00","","","","1","5","",""
"901","1388"," ","","","","","USR","577","EML","86","","","27/05/2019 14:18:17","DIEGO.MARQUES","","","","","0","0,00","","","","1","5","",""
"1030","1555"," ","","","","","USR","577","EML","119","","","01/12/2019 19:46:01","DIEGO.MARQUES","","","","","0","0,00","","","","1","5","",""
"1031","1555"," ","","","","","USR","-5","EML","119","","","01/12/2019 19:45:23","DIEGO.MARQUES","","","","","0","0,00","","","","1","5","",""
"1032","1517"," ","","","","","USR","577","EML","120","","","17/12/2019 16:22:25","DIEGO.MARQUES","","","","","0","0,00","","","","1","5","",""
"1039","258"," ","","","1","1","USR","516","EML","","","#ATD","09/02/2020 19:45:12","DIEGO.MARQUES","","","","","","0,00","","","","1","5","",""
"1044","221"," ","","","1","1","USR","516","EML","55","","","09/02/2020 19:53:04","DIEGO.MARQUES","","","","","","0,00","","","","1","5","",""
"1047","1623"," ","","","","","USR","656","EML","123","","","25/02/2020 21:06:20","DIEGO.MARQUES","30/09/2020 16:52:33","DIEGO.MARQUES","","","0","0,00","","","","1","5","",""
"1059","1586"," ","","","","","USR","516","EML","124","","","28/02/2020 08:33:29","DIEGO.MARQUES","12/03/2020 10:36:16","DIEGO.MARQUES","","","0","0,00","","","","1","5","",""
"1061","1586"," ","1","","","","USR","127","EML","124","","","28/02/2020 08:32:35","DIEGO.MARQUES","","","","","0","0,00","","","","1","5","",""
"1062","1586"," ","7","","","","USR","782","EML","124","","","28/02/2020 08:32:08","DIEGO.MARQUES","12/03/2024 08:18:43","LIVIA.SILVA","","","0","0,00","","","","1","5","",""
"1071","285"," ","","","","","USR","516","EML","4","","","05/03/2020 12:44:02","DIEGO.MARQUES","","","","","","0,00","","","","1","5","",""
"1073","450"," ","7","","1","1","USR","782","EML","77","","","05/03/2020 12:46:22","DIEGO.MARQUES","12/03/2024 08:20:26","LIVIA.SILVA","","","","0,00","","","","1","5","",""
"1075","285"," ","7","","","","USR","782","EML","4","","","05/03/2020 12:49:51","DIEGO.MARQUES","12/03/2024 08:20:06","LIVIA.SILVA","","","","0,00","","","","1","5","",""
"1078","940390"," ","","","1","1","USR","516","EML","78","","","05/03/2020 12:55:15","DIEGO.MARQUES","","","","","","0,00","","","","1","5","",""
"1081","1680"," ","","","","","USR","686","EML","125","","","30/04/2020 15:19:14","DIEGO.MARQUES","08/09/2022 13:36:01","LIVIA.SILVA","","","0","0,00","","","","1","5","",""
"997","1278"," ","","Financeiro","","","USR","-3","EML","91","","","06/09/2019 09:56:52","VANESSA.ALVES","01/08/2024 09:11:39","MATHEUS.AUGUSTO","","","0","0,00","","","","0","5","",""
"999","1278"," ","","Outros","","","USR","516","EML","91","","","06/09/2019 09:58:01","VANESSA.ALVES","22/08/2020 20:32:46","DIEGO.MARQUES","","","0","0,00","","","","1","5","",""
"1011","1178"," ","","Licença","1","1","USR","489","EML","117","","","11/10/2019 12:13:53","DIEGO.MARQUES","14/10/2019 14:36:20","DIEGO.MARQUES","","","","0,00","","","","1","5","",""
"1012","1178"," ","","Ativação de Licença","1","1","USR","489","EML","117","","","11/10/2019 12:18:23","DIEGO.MARQUES","14/10/2019 14:36:20","DIEGO.MARQUES","","","","0,00","","","","1","5","",""
"1019","1494"," ","","","","","USR","167","EML","69","","","21/10/2019 15:01:41","DIEGO.MARQUES","","","","","0","0,00","","","","1","5","",""
"1020","1494"," ","","","","","USR","875","EML","69","","","21/10/2019 15:01:19","DIEGO.MARQUES","11/03/2024 15:52:09","LIVIA.SILVA","","","0","0,00","","","","1","5","",""
"1022","737"," ","","","","","USR","167","EML","118","","","29/10/2019 16:42:19","DIEGO.MARQUES","","","","","0","0,00","","","","1","5","",""
"1025","741"," ","","","","","USR","167","EML","118","","","29/10/2019 16:44:00","DIEGO.MARQUES","","","","","0","0,00","","","","1","5","",""
"1098","1707"," ","5","","","","USR","326","EML","3","","","11/05/2020 21:58:08","DIEGO.MARQUES","","","","","0","0,00","","","","1","5","",""
"1099","1707"," ","12","","","","USR","421","EML","3","","","11/05/2020 21:57:23","DIEGO.MARQUES","","","","","0","0,00","","","","1","5","",""
"1101","1707"," ","11","","","","USR","326","EML","3","","","11/05/2020 21:52:00","DIEGO.MARQUES","","","","","0","0,00","","","","1","5","",""
"1104","1707"," ","2","","","","USR","421","EML","3","","","11/05/2020 21:46:14","DIEGO.MARQUES","","","","","0","0,00","","","","1","5","",""
"1106","1707"," ","","","","","USR","290","EML","3","","","11/05/2020 21:44:40","DIEGO.MARQUES","","","","","0","0,00","","","","1","5","",""
"1119","1715"," ","","","","","PAPEL","Resp Pesq Satisfação","EML","129","","","14/05/2020 14:24:45","DIEGO.MARQUES","26/05/2020 08:44:19","DIEGO.MARQUES","64","1716","0","0,00","290","","","1","5","",""
"1126","1724"," ","","","","","PAPEL","Resp Pesq Satisfação","EML","95","","","17/06/2020 22:37:26","DIEGO.MARQUES","14/04/2021 16:58:15","DIEGO.MARQUES","65","1725","0","0,00","290","","","1","5","",""
"1132","1779"," ","","","","","PAPEL","Resp Pesq Satisfação","EML","132","","","26/07/2020 10:43:56","DIEGO.MARQUES","26/07/2020 10:48:34","DIEGO.MARQUES","69","1780","30","0,00","290","","","1","5","",""
"1140","484"," ","2","Com Contrato","","","USR","756","EML","133","","","11/08/2020 21:52:24","DIEGO.MARQUES","09/03/2022 08:12:02","DIEGO.MARQUES","","","","0,00","","","","1","5","",""
"1141","484"," ","","Com Contrato","","","USR","577","EML","133","","","11/08/2020 21:51:56","DIEGO.MARQUES","","","","","","0,00","","","","1","5","",""
"1144","484"," ","1","Com Contrato","","","USR","594","EML","133","","","12/08/2020 07:56:24","DIEGO.MARQUES","","","","","","0,00","","","","1","5","",""
"1327","1964"," ","","","","","USR","692","EML","136","","","19/05/2021 10:10:07","DIEGO.MARQUES","28/03/2023 09:15:01","LIVIA.SILVA","","","0","0,00","","","","1","5","",""
"1330","1964"," ","11","","","","USR","326","EML","136","","","19/05/2021 10:05:04","DIEGO.MARQUES","","","","","0","0,00","","","","1","5","",""
"1331","1964"," ","4","","","","USR","326","EML","136","","","19/05/2021 10:05:02","DIEGO.MARQUES","08/05/2024 09:09:40","LIVIA.SILVA","","","0","0,00","","","","1","5","",""
"1332","1964"," ","12","","","","USR","421","EML","136","","","19/05/2021 10:00:46","DIEGO.MARQUES","","","","","0","0,00","","","","1","5","",""
"1333","1964"," ","5","","","","USR","326","EML","136","","","19/05/2021 10:09:21","DIEGO.MARQUES","","","","","0","0,00","","","","1","5","",""
"1334","1964"," ","10","","","","USR","421","EML","136","","","19/05/2021 10:09:26","DIEGO.MARQUES","","","","","0","0,00","","","","1","5","",""
"1335","1964"," ","7","","","","USR","326","EML","136","","","19/05/2021 10:09:31","DIEGO.MARQUES","08/05/2024 09:09:40","LIVIA.SILVA","","","0","0,00","","","","1","5","",""
"1336","1964"," ","1","","","","USR","606","EML","136","","","19/05/2021 10:09:36","DIEGO.MARQUES","10/05/2024 08:19:54","LIVIA.SILVA","","","0","0,00","","","","1","5","",""
"1342","2010"," ","1","","","","USR","127","EML","146","","","29/05/2021 18:22:35","DIEGO.MARQUES","","","","","0","0,00","","","","1","5","",""
"1347","2010"," ","","","","","USR","516","EML","146","","","29/05/2021 18:20:35","DIEGO.MARQUES","","","","","0","0,00","","","","1","5","",""
"1354","2036"," ","","","","","USR","516","EML","146","","","30/05/2021 21:44:01","DIEGO.MARQUES","","","","","0","0,00","","","","1","5","",""
"1298","1776"," ","4","","","","USR","593","EML","138","","","02/03/2021 11:07:31","VANESSA.ALVES","06/01/2022 22:48:25","DIEGO.MARQUES","","","0","0,00","","","","1","5","",""
"1300","1641"," ","4","","","","USR","326","EML","136","","","02/03/2021 11:10:38","VANESSA.ALVES","08/05/2024 09:10:10","LIVIA.SILVA","","","","0,00","","","","1","5","",""
"1302","484"," ","","Com Contrato","","","USR","-3","EML","133","","","05/03/2021 10:27:06","DIEGO.MARQUES","01/08/2024 09:19:09","MATHEUS.AUGUSTO","","","","0,00","","","","0","5","",""
"1309","1942"," ","1","","","","USR","1157","EML","138","","","21/03/2021 20:20:00","DIEGO.MARQUES","13/06/2024 15:45:00","NETO.PRADO","","","0","0,00","","","0","1","5","Envio EML para coord srvs rib preto",""
"1310","1942"," ","7","","","","USR","593","EML","138","","","21/03/2021 20:19:40","DIEGO.MARQUES","","","","","0","0,00","","","","1","5","",""
"1311","1942"," ","10","","","","USR","421","EML","138","","","21/03/2021 20:19:17","DIEGO.MARQUES","","","","","0","0,00","","","","1","5","",""
"1312","1942"," ","4","","","","USR","593","EML","138","","","21/03/2021 20:18:54","DIEGO.MARQUES","21/08/2023 13:28:00","LIVIA.SILVA","","","0","0,00","","","","1","5","",""
"1313","1942"," ","11","","","","USR","827","EML","138","","","21/03/2021 20:18:28","DIEGO.MARQUES","10/05/2023 10:15:14","LIVIA.SILVA","","","0","0,00","","","","1","5","",""
"1314","1942"," ","3","","","","USR","593","EML","138","","","21/03/2021 20:18:04","DIEGO.MARQUES","06/01/2022 22:47:30","DIEGO.MARQUES","","","0","0,00","","","","1","5","",""
"1315","1942"," ","2","","","","USR","421","EML","138","","","21/03/2021 20:17:41","DIEGO.MARQUES","","","","","0","0,00","","","","1","5","",""
"1316","1942"," ","","","","","USR","354","EML","138","","","21/03/2021 20:17:15","DIEGO.MARQUES","","","","","0","0,00","","","","1","5","",""
"1317","1942"," ","","","","","USR","516","EML","138","","","21/03/2021 20:16:41","DIEGO.MARQUES","","","","","0","0,00","","","","1","5","",""
"1319","1985"," ","","","","","PAPEL","Comprador de Máquina","EML","95","","","14/04/2021 22:22:11","DIEGO.MARQUES","14/04/2021 22:25:57","DIEGO.MARQUES","","","0","0,00","290","","","1","5","",""
"1320","1335"," ","","","","","USR","520","EML","145","","","19/04/2021 13:23:10","DIEGO.MARQUES","","","","","0","0,00","","","","1","5","",""
"1322","1776"," ","","","","","USR","516","EML","138","","","19/05/2021 09:48:31","DIEGO.MARQUES","","","","","0","0,00","","","","1","5","",""
"1326","1964"," ","","","","","USR","516","EML","136","","","19/05/2021 10:10:08","DIEGO.MARQUES","","","","","0","0,00","","","","1","5","",""
"1443","2143"," ","2","","","","USR","747","EML","74","","","15/04/2022 22:01:38","DIEGO.MARQUES","","","","","0","0,00","","","","1","5","",""
"1444","2143"," ","","","","","USR","516","EML","74","","","15/04/2022 22:01:37","DIEGO.MARQUES","","","","","0","0,00","","","","1","5","",""
"1445","2176"," ","","","","","USR","255","EML","74","","","15/04/2022 22:23:14","DIEGO.MARQUES","","","","","0","0,00","","","","1","5","",""
"1446","2176"," ","","","","","USR","516","EML","74","","","15/04/2022 22:21:32","DIEGO.MARQUES","","","","","0","0,00","","","","1","5","",""
"1447","2176"," ","2","","","","USR","747","EML","74","","","15/04/2022 22:21:32","DIEGO.MARQUES","","","","","0","0,00","","","","1","5","",""
"1451","2176"," ","1","","","","USR","127","EML","74","","","15/04/2022 22:21:32","DIEGO.MARQUES","","","","","0","0,00","","","","1","5","",""
"1461","2145"," ","","","","","USR","748","EML","68","","","15/04/2022 22:52:30","DIEGO.MARQUES","","","","","0","0,00","","","","1","5","",""
"1462","2145"," ","","","","","USR","255","EML","68","","","15/04/2022 22:45:58","DIEGO.MARQUES","","","","","0","0,00","","","","1","5","",""
"1463","2145"," ","","","","","USR","516","EML","68","","","15/04/2022 22:45:58","DIEGO.MARQUES","","","","","0","0,00","","","","1","5","",""
"1466","2145"," ","","","","","USR","-3","EML","68","","","15/04/2022 22:45:58","DIEGO.MARQUES","01/08/2024 09:17:44","MATHEUS.AUGUSTO","","","0","0,00","","","","0","5","",""
"1467","2145"," ","","","","","USR","577","EML","68","","","15/04/2022 22:45:58","DIEGO.MARQUES","","","","","0","0,00","","","","1","5","",""
"1469","2145"," ","3","","","","USR","652","EML","68","","","15/04/2022 22:45:57","DIEGO.MARQUES","19/12/2022 16:32:05","DIEGO.MARQUES","","","0","0,00","","","","1","5","",""
"1470","2145"," ","7","","","","USR","594","EML","68","","","15/04/2022 22:45:57","DIEGO.MARQUES","17/07/2023 11:38:00","LIVIA.SILVA","","","0","0,00","","","","1","5","",""
"468","731"," ","","","1","1","USR","467","EML","69","","","24/03/2017 16:44:25","VANESSA.ALVES","11/12/2017 17:29:55","VANESSA.ALVES","","","","","","","","1","5","",""
"470","330"," ","2","","1","1","USR","244","EML","66","","","25/04/2017 15:22:38","VANESSA.ALVES","30/01/2018 10:07:07","VANESSA.ALVES","","","","","","","","1","5","",""
"471","731"," ","","","1","1","USR","241","EML","69","","","25/04/2017 15:45:13","VANESSA.ALVES","11/12/2017 17:29:55","VANESSA.ALVES","","","","","","","","1","5","",""
"472","305"," ","","","1","1","USR","290","EML","23","","","28/04/2017 08:44:34","VANESSA.ALVES","30/11/2017 17:25:05","VANESSA.ALVES","","","","","","","","1","5","",""
"478","206"," ","","","1","1","USR","441","EML","72","","","12/06/2017 12:43:56","VANESSA.ALVES","30/11/2017 16:42:04","VANESSA.ALVES","","","","","","","","1","5","",""
"481","206"," ","","","1","1","USR","448","EML","72","","","12/06/2017 12:41:44","VANESSA.ALVES","30/11/2017 16:42:04","VANESSA.ALVES","","","","","","","","1","5","",""
"482","206"," ","","Financ. Colorado","1","1","USR","520","EML","72","","","12/06/2017 12:40:59","VANESSA.ALVES","30/11/2017 16:42:04","VANESSA.ALVES","","","","","","","","1","5","",""
"483","206"," ","1","Financ. Colorado","1","1","USR","127","EML","72","","","12/06/2017 12:39:49","VANESSA.ALVES","30/11/2017 16:42:04","VANESSA.ALVES","","","","","","","","1","5","",""
"484","206"," ","11","Financ. Colorado","1","1","USR","127","EML","72","","","12/06/2017 12:39:48","VANESSA.ALVES","30/11/2017 16:42:04","VANESSA.ALVES","","","","","","","","1","5","",""
"572","285"," ","3","","","","USR","243","EML","4","","","27/06/2017 11:08:41","BRUNA.FELICIO","21/08/2022 14:18:59","VTCCONS","","","","0,00","","","","1","5","",""
"573","285"," ","1","","","","USR","127","EML","4","","","27/06/2017 11:08:40","BRUNA.FELICIO","05/03/2020 12:51:01","DIEGO.MARQUES","","","","0,00","","","","1","5","",""
"610","334"," ","","","","1","USR","448","EML","76","","","27/09/2017 09:12:54","VANESSA.ALVES","30/11/2017 17:31:43","VANESSA.ALVES","","","","","","","","1","5","",""
"622","450"," ","1","","1","1","USR","127","EML","77","","","06/11/2017 15:50:50","BRUNA.FELICIO","11/12/2017 17:27:40","VANESSA.ALVES","","","","","","","","1","5","",""
"626","450"," ","4","","1","1","USR","243","EML","77","","","07/11/2017 10:19:15","BRUNA.FELICIO","21/08/2022 14:25:35","VTCCONS","","","","0,00","","","","1","5","",""
"627","450"," ","5","","1","1","USR","782","EML","77","","","07/11/2017 10:19:14","BRUNA.FELICIO","12/03/2024 08:20:26","LIVIA.SILVA","","","","0,00","","","","1","5","",""
"628","450"," ","3","","1","1","USR","243","EML","77","","","07/11/2017 10:19:13","BRUNA.FELICIO","21/08/2022 14:25:35","VTCCONS","","","","0,00","","","","1","5","",""
"636","940390"," ","3","","1","1","USR","50","EML","78","","","07/11/2017 11:05:59","BRUNA.FELICIO","21/08/2022 14:58:45","VTCCONS","","","","0,00","","","","1","5","",""
"637","940390"," ","9","","1","1","USR","50","EML","78","","","07/11/2017 11:05:59","BRUNA.FELICIO","21/08/2022 14:58:45","VTCCONS","","","","0,00","","","","1","5","",""
"639","940390"," ","2","","1","1","USR","421","EML","78","","","07/11/2017 11:05:58","BRUNA.FELICIO","11/12/2017 17:08:16","VANESSA.ALVES","","","","","","","","1","5","",""
"640","940390"," ","12","","1","1","USR","421","EML","78","","","07/11/2017 11:05:57","BRUNA.FELICIO","11/12/2017 17:08:17","VANESSA.ALVES","","","","","","","","1","5","",""
"641","940390"," ","11","","1","1","USR","326","EML","78","","","07/11/2017 11:05:57","BRUNA.FELICIO","05/03/2020 12:56:26","DIEGO.MARQUES","","","","0,00","","","","1","5","",""
"642","940390"," ","5","","1","1","USR","326","EML","78","","","07/11/2017 11:05:56","BRUNA.FELICIO","05/03/2020 12:56:26","DIEGO.MARQUES","","","","0,00","","","","1","5","",""
"679","1136"," ","","","1","1","USR","231","EML","84","","","30/01/2018 09:52:23","DIEGO.MARQUES","","","","","","","","","","1","5","",""
"680","1136"," ","","","1","1","USR","577","EML","84","","","30/01/2018 09:51:37","DIEGO.MARQUES","","","","","","","","","","1","5","",""
"681","1136"," ","","","1","1","USR","239","EML","84","","","30/01/2018 09:51:13","DIEGO.MARQUES","","","","","","","","","","1","5","",""
"682","1136"," ","1","","1","1","USR","242","EML","84","","","30/01/2018 09:50:40","DIEGO.MARQUES","","","","","","","","","","1","5","",""
"683","1136"," ","11","","1","1","USR","245","EML","84","","","30/01/2018 09:50:05","DIEGO.MARQUES","","","","","","","","","","1","5","",""
"684","1136"," ","3","","1","1","USR","243","EML","84","","","30/01/2018 09:49:36","DIEGO.MARQUES","","","","","","","","","","1","5","",""
"685","1136"," ","2","","1","1","USR","244","EML","84","","","30/01/2018 09:49:02","DIEGO.MARQUES","","","","","","","","","","1","5","",""
"687","1136"," ","","","1","1","USR","412","EML","84","","","30/01/2018 09:46:43","DIEGO.MARQUES","","","","","","","","","","1","5","",""
"688","1136"," ","","","1","1","USR","-5","EML","84","","","30/01/2018 09:44:37","DIEGO.MARQUES","","","","","","","","","","1","5","",""
"689","330"," ","7","","1","1","USR","247","EML","66","","","30/01/2018 10:07:54","VANESSA.ALVES","","","","","","","","","","1","5","",""
"690","330"," ","1","","1","1","USR","242","EML","66","","","30/01/2018 10:07:48","VANESSA.ALVES","","","","","","","","","","1","5","",""
"691","330"," ","11","","1","1","USR","245","EML","66","","","30/01/2018 10:07:10","VANESSA.ALVES","","","","","","","","","","1","5","",""
"692","918"," ","","","1","1","USR","231","EML","85","","","30/01/2018 10:10:31","DIEGO.MARQUES","","","","","","","","","","1","5","",""
"693","918"," ","","","1","1","USR","577","EML","85","","","30/01/2018 10:10:06","DIEGO.MARQUES","","","","","","","","","","1","5","",""
"694","918"," ","1","","1","1","USR","242","EML","85","","","30/01/2018 10:09:18","DIEGO.MARQUES","","","","","","","","","","1","5","",""
"695","918"," ","","","1","1","USR","290","EML","85","","","30/01/2018 10:05:26","DIEGO.MARQUES","","","","","","","","","","1","5","",""
"696","918"," ","","","1","1","USR","-5","EML","85","","","30/01/2018 10:04:35","DIEGO.MARQUES","","","","","","","","","","1","5","",""
"697","918"," ","","","1","1","USR","239","EML","85","","","30/01/2018 10:03:15","DIEGO.MARQUES","","","","","","","","","","1","5","",""
"699","918"," ","2","","1","1","USR","244","EML","85","","","30/01/2018 10:07:11","DIEGO.MARQUES","","","","","","","","","","1","5","",""
"700","918"," ","3","","1","1","USR","243","EML","85","","","30/01/2018 10:08:06","DIEGO.MARQUES","","","","","","","","","","1","5","",""
"701","918"," ","11","","1","1","USR","245","EML","85","","","30/01/2018 10:08:36","DIEGO.MARQUES","","","","","","","","","","1","5","",""
"703","1136"," ","","","1","1","USR","290","EML","84","","","30/01/2018 10:11:27","DIEGO.MARQUES","","","","","","","","","","1","5","",""
"707","1192"," ","1","","1","1","USR","127","EML","86","","","30/01/2018 16:04:29","DIEGO.MARQUES","","","","","","","","","","1","5","",""
"708","1192"," ","11","","1","1","USR","127","EML","86","","","30/01/2018 16:04:03","DIEGO.MARQUES","","","","","","","","","","1","5","",""
"713","1192"," ","","","1","1","USR","239","EML","86","","","30/01/2018 15:55:02","DIEGO.MARQUES","","","","","","","","","","1","5","",""
"714","1192"," ","","","1","1","USR","431","EML","86","","","30/01/2018 15:52:44","DIEGO.MARQUES","","","","","","","","","","1","5","",""
"715","1192"," ","","","1","1","USR","290","EML","86","","","30/01/2018 15:51:50","DIEGO.MARQUES","","","","","","","","","","1","5","",""
"716","1192"," ","","","1","1","USR","577","EML","86","","","30/01/2018 16:05:08","DIEGO.MARQUES","","","","","","","","","","1","5","",""
"725","1178"," ","","","1","1","USR","875","EML","74","","","01/03/2018 09:24:17","DIEGO.MARQUES","11/03/2024 15:53:33","LIVIA.SILVA","","","","0,00","","","","1","5","",""
"740","731"," ","2","","1","1","USR","756","EML","69","","","09/04/2018 15:36:13","DIEGO.MARQUES","09/03/2022 08:07:09","DIEGO.MARQUES","","","","0,00","","","","1","5","",""
"746","330"," ","2","","1","1","USR","756","EML","66","","","09/04/2018 15:39:43","DIEGO.MARQUES","09/03/2022 08:08:19","DIEGO.MARQUES","","","","0,00","","","","1","5","",""
"751","330"," ","1","","1","1","USR","594","EML","66","","","10/04/2018 12:59:30","DIEGO.MARQUES","28/03/2019 09:21:32","DIEGO.MARQUES","","","","0,00","","","","1","5","",""
"753","731"," ","1","","1","1","USR","594","EML","69","","","10/04/2018 13:00:25","DIEGO.MARQUES","","","","","","0,00","","","","1","5","",""
"756","68"," ","","","","1","PAPEL","::Contato do histórico","EML","67","","","07/05/2018 11:59:46","VANESSA.ALVES","","","","","1","0,00","","","","1","5","",""
"763","819"," ","","Dia de Campo","1","1","PAPEL","::Pessoa principal (Fís)","EML","89","","","04/06/2018 16:01:31","VANESSA.ALVES","04/06/2018 16:08:55","VANESSA.ALVES","","","0","0,00","","","","1","5","",""
"764","819"," ","","Feira Original","1","1","PAPEL","::Pessoa principal (Fís)","EML","92","","","04/06/2018 16:01:30","VANESSA.ALVES","04/06/2018 16:08:55","VANESSA.ALVES","","","0","0,00","","","","1","5","",""
"765","819"," ","","Hora Certa","1","1","PAPEL","::Pessoa principal (Fís)","EML","90","","","04/06/2018 16:01:28","VANESSA.ALVES","04/06/2018 16:08:55","VANESSA.ALVES","","","0","0,00","","","","1","5","",""
"766","819"," ","","Precisão em Campo","1","1","PAPEL","::Pessoa principal (Fís)","EML","93","","","04/06/2018 16:01:27","VANESSA.ALVES","04/06/2018 16:08:55","VANESSA.ALVES","","","0","0,00","","","","1","5","",""
"767","819"," ","","Dia de Campo","1","1","PAPEL","::Contato do histórico","EML","89","","","04/06/2018 16:09:00","VANESSA.ALVES","","","","","0","0,00","","","","1","5","",""
"768","819"," ","","Feira Original","1","1","PAPEL","::Contato do histórico","EML","92","","","04/06/2018 16:08:59","VANESSA.ALVES","","","","","0","0,00","","","","1","5","",""
"769","819"," ","","Hora Certa","1","1","PAPEL","::Contato do histórico","EML","90","","","04/06/2018 16:08:58","VANESSA.ALVES","","","","","0","0,00","","","","1","5","",""
"770","819"," ","","Precisão em Campo","1","1","PAPEL","::Contato do histórico","EML","93","","","04/06/2018 16:08:57","VANESSA.ALVES","","","","","0","0,00","","","","1","5","",""
"771","1278"," ","","RH","","","USR","767","EML","91","","","04/06/2018 21:59:34","DIEGO.MARQUES","21/08/2022 15:23:01","VTCCONS","","","0","0,00","","","","1","5","",""
"1567","2127"," ","3","","","","USR","50","EML","16","","","19/07/2022 17:21:25","VANESSA.ALVES","","","","","0","0,00","","","","1","5","",""
"1568","2127"," ","3","","","","USR","326","EML","16","","","19/07/2022 17:21:19","VANESSA.ALVES","08/05/2024 09:10:40","LIVIA.SILVA","","","0","0,00","","","","1","5","",""
"1569","2127"," ","1","","","","USR","606","EML","16","","","19/07/2022 17:23:48","VANESSA.ALVES","10/05/2024 08:25:07","LIVIA.SILVA","","","0","0,00","","","","1","5","",""
"1570","2127"," ","7","","","","USR","326","EML","16","","","19/07/2022 17:22:29","VANESSA.ALVES","08/05/2024 09:10:40","LIVIA.SILVA","","","0","0,00","","","","1","5","",""
"1571","2127"," ","7","","","","USR","326","EML","16","","","19/07/2022 17:22:22","VANESSA.ALVES","","","","","0","0,00","","","","1","5","",""
"1572","2127"," ","2","","","","USR","747","EML","16","","","21/07/2022 10:50:49","DIEGO.MARQUES","","","","","0","0,00","","","","1","5","",""
"1573","2208"," ","","","","","USR","-5","EML","159","","","26/07/2022 11:17:28","VANESSA.ALVES","","","","","0","0,00","","","","1","5","",""
"1576","2157"," ","7","","","","USR","679","EML","27","","","27/07/2022 11:00:14","VANESSA.ALVES","","","","","0","0,00","","","","1","5","",""
"1578","2158"," ","7","","","","USR","679","EML","27","","","27/07/2022 11:05:37","VANESSA.ALVES","30/09/2022 11:55:35","LIVIA.SILVA","","","0","0,00","","","","1","5","",""
"1580","2127"," ","11","","","","USR","827","EML","16","","","08/08/2022 08:41:52","DIEGO.MARQUES","10/05/2023 10:13:56","LIVIA.SILVA","","","0","0,00","","","","1","5","",""
"1581","2231"," ","","","","","USR","692","EML","136","","","16/08/2022 11:43:31","VANESSA.ALVES","29/03/2023 09:20:36","LIVIA.SILVA","","","0","0,00","","","","1","5","",""
"1582","2231"," ","","","","","USR","516","EML","136","","","16/08/2022 11:43:30","VANESSA.ALVES","","","","","0","0,00","","","","1","5","",""
"1585","2127"," ","","","","","USR","679","EML","16","","","26/08/2022 18:48:28","VANESSA.ALVES","","","","","0","0,00","","","","1","5","",""
"1587","2117"," ","1","","","","USR","652","EML","158","","","01/09/2022 08:22:26","DIEGO.MARQUES","","","","","0","0,00","","","","1","5","",""
"1589","2158"," ","1","","","","USR","594","EML","27","","","01/09/2022 08:27:22","DIEGO.MARQUES","03/03/2023 14:16:13","LIVIA.SILVA","","","0","0,00","","","","1","5","",""
"1628","1297"," ","4","Visita Consultoras","","","USR","787","EML","165","","","28/12/2022 15:44:04","LIVIA.SILVA","25/01/2023 15:47:17","LIVIA.SILVA","","","0","0,00","","","","1","5","",""
"1629","1297"," ","3","Visita Consultoras","","","USR","787","EML","165","","","28/12/2022 15:43:43","LIVIA.SILVA","25/01/2023 15:47:17","LIVIA.SILVA","","","0","0,00","","","","1","5","",""
"1630","2127"," ","","","","","USR","782","EML","16","","","04/01/2023 15:41:46","LIVIA.SILVA","","","","","0","0,00","","","","1","5","",""
"2359","2120"," ","","","","","USR","516","EML","104","","","03/10/2023 17:52:00","VANESSA.ALVES","","","","","0","0,00","","","","1","5","",""
"2360","2145"," ","","","","","USR","838","EML","68","","","03/10/2023 17:53:00","VANESSA.ALVES","","","","","0","0,00","","","","1","5","",""
"2361","1912"," ","","","","","USR","577","EML","16","","","05/10/2023 08:38:10","LIVIA.SILVA","","","","","0","0,00","","","","1","5","",""
"2362","1912"," ","","","","","USR","231","EML","16","","","05/10/2023 08:38:00","LIVIA.SILVA","","","","","0","0,00","","","","1","5","",""
"2363","1912"," ","","","","","USR","748","EML","16","","","05/10/2023 08:38:00","LIVIA.SILVA","","","","","0","0,00","","","","1","5","",""
"2364","1912"," ","","","","","USR","617","EML","16","","","05/10/2023 08:38:00","LIVIA.SILVA","","","","","0","0,00","","","","1","5","",""
"2365","1912"," ","","","","","USR","819","EML","16","","","05/10/2023 08:39:00","LIVIA.SILVA","18/11/2024 14:46:37","MATHEUS.AUGUSTO","","","0","0,00","","","","1","5","",""
"2366","1912"," ","","","","","USR","782","EML","16","","","05/10/2023 08:39:00","LIVIA.SILVA","","","","","0","0,00","","","","1","5","",""
"2367","1187"," ","","","","","USR","748","EML","187","","","17/10/2023 15:04:00","LIVIA.SILVA","","","","","0","0,00","","","","1","5","",""
"2368","2126"," ","","","","","USR","838","EML","16","","#ATD","18/10/2023 17:29:18","VANESSA.ALVES","18/10/2023 17:32:00","VANESSA.ALVES","","","0","0,00","","","","1","5","",""
"2369","2126"," ","","","","","USR","516","EML","16","","#ATD","18/10/2023 17:31:00","VANESSA.ALVES","18/10/2023 17:33:00","VANESSA.ALVES","","","0","0,00","","","","1","5","",""
"2370","2127"," ","","","","","USR","489","EML","16","","","09/11/2023 17:13:00","DIEGO.MARQUES","10/11/2023 09:47:36","DIEGO.MARQUES","","","0","0,00","","","","1","5","",""
"2372","2115"," ","","","","1","USR","838","EML","185","","","30/11/2023 14:58:00","VANESSA.ALVES","","","","","0","0,00","","","","1","5","",""
"2396","2127"," ","","","","","USR","796","EML","16","","","05/01/2024 15:48:57","LIVIA.SILVA","","","","","0","0,00","","","","1","5","",""
"2398","2548"," ","","","1","1","USR","863","EML","207","","","29/01/2024 14:19:00","NETO.PRADO","08/03/2024 15:29:30","NETO.PRADO","","","0","0,00","","","","1","5","",""
"2399","2507"," ","","","1","","USR","867","EML","193","","","31/01/2024 16:07:00","NETO.PRADO","08/03/2024 15:31:06","NETO.PRADO","","","0","0,00","","","","1","5","",""
"2400","2504"," ","","","1","","USR","867","EML","193","","","31/01/2024 16:24:45","NETO.PRADO","08/03/2024 15:31:25","NETO.PRADO","","","0","0,00","","","","1","5","",""
"2402","2505"," ","","","","","USR","853","EML","194","","","31/01/2024 16:36:00","NETO.PRADO","08/03/2024 15:27:34","NETO.PRADO","","","0","0,00","","","","1","5","",""
"2403","2531"," ","","","1","","USR","861","EML","195","","#ATD","31/01/2024 17:04:00","NETO.PRADO","","","","","0","0,00","","","","1","5","",""
"2404","2536"," ","","","1","","USR","861","EML","196","","#ATD","31/01/2024 17:29:00","NETO.PRADO","","","","","0","0,00","","","","1","5","",""
"2405","2525"," ","","","'","","USR","867","EML","193","","#ATD","01/02/2024 08:21:00","NETO.PRADO","","","","","0","0,00","","","","1","5","",""
"2406","2510"," ","","","1","","USR","868","EML","197","","#ATD","01/02/2024 09:16:00","NETO.PRADO","","","","","0","0,00","","","","1","5","",""
"2409","2578"," ","","","1","1","USR","867","EML","193","","","01/02/2024 09:48:00","NETO.PRADO","08/03/2024 15:32:23","NETO.PRADO","","","0","0,00","","","","1","5","",""
"2412","2579"," ","","","1","1","USR","-12","EML","199","","","01/02/2024 09:56:00","NETO.PRADO","08/03/2024 15:32:36","NETO.PRADO","","","0","0,00","","","","1","5","",""
"2413","2580"," ","","","1","1","USR","863","EML","200","","","01/02/2024 10:01:00","NETO.PRADO","08/03/2024 15:32:54","NETO.PRADO","","","0","0,00","","","","1","5","",""
"2415","2580"," ","","","1","1","USR","-12","EML","200","","","01/02/2024 10:02:00","NETO.PRADO","08/03/2024 15:32:54","NETO.PRADO","","","0","0,00","","","","1","5","",""
"2418","2581"," ","","","1","1","USR","-12","EML","201","","","01/02/2024 10:09:00","NETO.PRADO","08/03/2024 15:28:27","NETO.PRADO","","","0","0,00","","","","1","5","",""
"2421","2582"," ","","","1","1","USR","-12","EML","202","","","01/02/2024 10:16:00","NETO.PRADO","08/03/2024 15:33:08","NETO.PRADO","","","0","0,00","","","","1","5","",""
"2423","2585"," ","","","1","1","USR","-12","EML","204","","","01/02/2024 10:43:00","NETO.PRADO","08/03/2024 15:33:27","NETO.PRADO","","","0","0,00","","","","1","5","",""
"2426","2586"," ","","","1","1","USR","-12","EML","205","","","01/02/2024 10:52:00","NETO.PRADO","08/03/2024 15:33:36","NETO.PRADO","","","0","0,00","","","","1","5","",""
"2428","2587"," ","","","1","1","USR","-12","EML","206","","","01/02/2024 11:00:00","NETO.PRADO","08/03/2024 15:33:44","NETO.PRADO","","","0","0,00","","","","1","5","",""
"2429","2588"," ","","","1","1","USR","869","EML","207","","#ATD","06/02/2024 10:17:11","NETO.PRADO","","","","","0","0,00","","","","1","5","",""
"2430","2603"," ","","","1","1","USR","869","EML","207","","#ATD","06/02/2024 10:18:33","NETO.PRADO","","","","","0","0,00","","","","1","5","",""
"2431","2512"," ","","","1","1","USR","869","EML","207","","#ATD","06/02/2024 10:19:31","NETO.PRADO","","","","","0","0,00","","","","1","5","",""
"2432","2511"," ","","","1","1","USR","869","EML","207","","#ATD","06/02/2024 10:20:22","NETO.PRADO","","","","","0","0,00","","","","1","5","",""
"2433","2532"," ","","","1","1","USR","869","EML","207","","#ATD","06/02/2024 10:21:12","NETO.PRADO","","","","","0","0,00","","","","1","5","",""
"2435","2517"," ","","","1","","USR","869","EML","207","","#ATD","06/02/2024 10:23:00","NETO.PRADO","","","","","0","0,00","","","","1","5","",""
"2436","2515"," ","","","1","1","USR","869","EML","207","","","06/02/2024 10:23:00","NETO.PRADO","22/01/2025 07:47:00","MATHEUS.AUGUSTO","","","0","0,00","","","0","0","5","Envio EML para adm_vendas_apv",""
"2437","2594"," ","","","1","1","USR","869","EML","207","","#ATD","06/02/2024 10:28:36","NETO.PRADO","","","","","0","0,00","","","","1","5","",""
"2438","2585"," ","","","1","1","USR","869","EML","207","","","06/02/2024 10:34:44","NETO.PRADO","08/03/2024 15:33:27","NETO.PRADO","","","0","0,00","","","","1","5","",""
"2439","2571"," ","","","1","1","USR","869","EML","207","","#ATD","06/02/2024 10:35:29","NETO.PRADO","","","","","0","0,00","","","","1","5","",""
"2440","2548"," ","","","1","1","USR","869","EML","207","","","06/02/2024 10:37:16","NETO.PRADO","08/03/2024 15:29:30","NETO.PRADO","","","0","0,00","","","","1","5","",""
"2441","2523"," ","","","1","1","USR","869","EML","207","","#ATD","06/02/2024 10:38:05","NETO.PRADO","","","","","0","0,00","","","","1","5","",""
"2443","2578"," ","1","","1","1","USR","1121","EML","198","","","07/03/2024 10:13:04","NETO.PRADO","17/03/2025 13:40:26","NETO.PRADO","","","0","0,00","","","","1","5","",""
"2444","2529"," ","","","1","1","USR","853","EML","207","","","07/03/2024 11:11:46","NETO.PRADO","20/09/2024 15:15:40","VTCCONS","","","0","0,00","368","","","1","5","",""
"2445","2529"," ","","","1","1","USR","852","EML","207","","","07/03/2024 11:12:16","NETO.PRADO","08/03/2024 15:28:00","NETO.PRADO","","","0","0,00","","","","1","5","",""
"913","334"," ","1","","","","USR","594","EML","105","","","27/05/2019 14:37:40","DIEGO.MARQUES","","","","","0","0,00","","","","1","5","",""
"914","334"," ","11","","","","USR","594","EML","105","","","27/05/2019 14:37:19","DIEGO.MARQUES","","","","","0","0,00","","","","1","5","",""
"917","334"," ","2","","","","USR","756","EML","105","","","27/05/2019 14:36:11","DIEGO.MARQUES","09/03/2022 08:00:43","DIEGO.MARQUES","","","0","0,00","","","","1","5","",""
"919","334"," ","","","","","USR","576","EML","105","","","27/05/2019 14:35:26","DIEGO.MARQUES","","","","","0","0,00","","","","1","5","",""
"921","334"," ","","","","","USR","577","EML","105","","","27/05/2019 14:34:43","DIEGO.MARQUES","","","","","0","0,00","","","","1","5","",""
"924","334"," ","","","","","USR","819","EML","105","","","27/05/2019 14:38:08","DIEGO.MARQUES","18/11/2024 14:48:08","MATHEUS.AUGUSTO","","","0","0,00","","","","1","5","",""
"930","258"," ","2","","1","1","USR","756","EML","55","","","12/07/2019 14:45:58","VANESSA.ALVES","09/03/2022 08:04:37","DIEGO.MARQUES","","","","0,00","","","","1","5","",""
"932","258"," ","11","","1","1","USR","594","EML","55","","","12/07/2019 14:45:56","VANESSA.ALVES","","","","","","0,00","","","","1","5","",""
"933","258"," ","11","","1","1","USR","594","EML","55","","","12/07/2019 14:45:55","VANESSA.ALVES","","","","","","0,00","","","","1","5","",""
"936","221"," ","","","1","1","USR","-3","EML","55","","","12/07/2019 15:25:08","DIEGO.MARQUES","","","","","","0,00","","","","1","5","",""
"938","221"," ","","","1","1","USR","656","EML","55","","","12/07/2019 15:23:55","DIEGO.MARQUES","30/09/2020 16:54:22","DIEGO.MARQUES","","","","0,00","","","","1","5","",""
"939","221"," ","1","","1","1","USR","594","EML","55","","","12/07/2019 15:22:57","DIEGO.MARQUES","","","","","","0,00","","","","1","5","",""
"941","221"," ","11","","1","1","USR","594","EML","55","","","12/07/2019 15:21:44","DIEGO.MARQUES","","","","","","0,00","","","","1","5","",""
"943","221"," ","2","","1","1","USR","756","EML","55","","","12/07/2019 15:03:56","DIEGO.MARQUES","09/03/2022 08:17:48","DIEGO.MARQUES","","","","0,00","","","","1","5","",""
"944","610"," ","1","","1","1","USR","594","EML","55","","","12/07/2019 15:32:29","DIEGO.MARQUES","","","","","","0,00","","","","1","5","",""
"945","610"," ","4","","1","1","USR","765","EML","55","","","12/07/2019 15:31:47","DIEGO.MARQUES","02/06/2022 08:15:22","DIEGO.MARQUES","","","","0,00","","","","1","5","",""
"946","610"," ","11","","1","1","USR","594","EML","55","","","12/07/2019 15:31:19","DIEGO.MARQUES","","","","","","0,00","","","","1","5","",""
"947","610"," ","3","","1","1","USR","765","EML","55","","","12/07/2019 15:30:46","DIEGO.MARQUES","02/06/2022 08:14:26","DIEGO.MARQUES","","","","0,00","","","","1","5","",""
"948","610"," ","2","","1","1","USR","756","EML","55","","","12/07/2019 15:30:20","DIEGO.MARQUES","09/03/2022 08:18:44","DIEGO.MARQUES","","","","0,00","","","","1","5","",""
"950","610"," ","","","1","1","USR","290","EML","55","","","12/07/2019 15:28:27","DIEGO.MARQUES","","","","","","0,00","","","","1","5","",""
"951","610"," ","","","1","1","USR","-3","EML","55","","","12/07/2019 15:27:07","DIEGO.MARQUES","","","","","","0,00","","","","1","5","",""
"954","1435"," ","","","","","USR","875","EML","113","","","31/07/2019 22:22:56","DIEGO.MARQUES","11/03/2024 15:53:07","LIVIA.SILVA","","","0","0,00","","","","1","5","",""
"959","1384"," ","1","","","","USR","594","EML","98","","#ATD","05/08/2019 14:52:19","DIEGO.MARQUES","","","","","0","0,00","","","","1","5","",""
"960","1384"," ","11","","","","USR","594","EML","98","","#ATD","05/08/2019 14:52:00","DIEGO.MARQUES","","","","","0","0,00","","","","1","5","",""
"962","1384"," ","2","","","","USR","756","EML","98","","#ATD","05/08/2019 14:51:21","DIEGO.MARQUES","09/03/2022 08:18:23","DIEGO.MARQUES","","","0","0,00","","","","1","5","",""
"963","1384"," ","1","","","","USR","127","EML","98","","#ATD","05/08/2019 14:50:59","DIEGO.MARQUES","","","","","0","0,00","","","","1","5","",""
"968","1384"," ","","","","","USR","577","EML","98","","#ATD","05/08/2019 14:46:35","DIEGO.MARQUES","","","","","0","0,00","","","","1","5","",""
"1608","1308"," ","","","","","USR","594","EML","160","","","20/10/2022 09:31:01","LIVIA.SILVA","","","","","0","0,00","","","","1","5","",""
"1611","1308"," ","","","","","USR","652","EML","160","","","20/10/2022 09:30:09","LIVIA.SILVA","","","","","0","0,00","","","","1","5","",""
"1616","1641"," ","5","","","","USR","627","EML","136","","","27/10/2022 11:31:47","VANESSA.ALVES","","","","","","0,00","","","","1","5","",""
"1617","1641"," ","11","","","","USR","459","EML","136","","","27/10/2022 11:31:35","VANESSA.ALVES","","","","","","0,00","","","","1","5","",""
"1618","2127"," ","","","","","USR","652","EML","16","","","28/10/2022 15:55:21","LIVIA.SILVA","","","","","0","0,00","","","","1","5","",""
"1619","2253"," ","","","","","USR","577","EML","163","","","08/11/2022 10:56:25","LIVIA.SILVA","","","","","0","0,00","","","","1","5","",""
"1620","2283"," ","","","","","USR","577","EML","164","","","26/12/2022 15:47:07","LIVIA.SILVA","27/12/2022 09:19:14","LIVIA.SILVA","","","0","0,00","","","","1","5","",""
"1621","2283"," ","","","","","USR","617","EML","164","","","27/12/2022 09:17:33","LIVIA.SILVA","27/12/2022 09:18:54","LIVIA.SILVA","","","0","0,00","","","","1","5","",""
"1622","2283"," ","","","","","USR","748","EML","164","","","27/12/2022 09:17:07","LIVIA.SILVA","","","","","0","0,00","","","","1","5","",""
"1623","1603"," ","","","","","USR","-5","EML","136","","","28/12/2022 09:17:48","LIVIA.SILVA","","","","","0","0,00","","","","1","5","",""
"1624","1297"," ","9","Visita Consultoras","","","USR","787","EML","165","","","28/12/2022 15:42:08","LIVIA.SILVA","25/01/2023 15:47:17","LIVIA.SILVA","","","0","0,00","","","","1","5","",""
"1625","1297"," ","7","Visita Consultoras","","","USR","742","EML","165","","","28/12/2022 15:44:35","LIVIA.SILVA","25/01/2023 15:47:17","LIVIA.SILVA","","","0","0,00","","","","1","5","",""
"1626","1297"," ","2","Visita Consultoras","","","USR","742","EML","165","","","28/12/2022 15:44:34","LIVIA.SILVA","25/01/2023 15:47:17","LIVIA.SILVA","","","0","0,00","","","","1","5","",""
"1627","1297"," ","1","Visita Consultoras","","","USR","742","EML","165","","","28/12/2022 15:44:29","LIVIA.SILVA","25/01/2023 15:47:17","LIVIA.SILVA","","","0","0,00","","","","1","5","",""
"2264","2475"," ","","","","","USR","796","EML","11","","","15/09/2023 15:16:00","LIVIA.SILVA","","","","","0","0,00","","","","1","5","",""
"2270","2474"," ","","","","","USR","796","EML","11","","","15/09/2023 15:21:00","LIVIA.SILVA","","","","","0","0,00","","","","1","5","",""
"2271","2474"," ","","","","","USR","516","EML","11","","","15/09/2023 15:21:00","LIVIA.SILVA","","","","","0","0,00","","","","1","5","",""
"1716","1297"," ","4","Expert Alerts","","","USR","825","EML","166","","","26/01/2023 12:31:38","LIVIA.SILVA","04/08/2023 13:13:00","LIVIA.SILVA","","","0","0,00","","","","1","5","",""
"1717","1297"," ","4","Outros","","","USR","825","EML","166","","","26/01/2023 12:31:38","LIVIA.SILVA","04/08/2023 13:13:00","LIVIA.SILVA","","","0","0,00","","","","1","5","",""
"1718","1297"," ","11","Outros","","","USR","827","EML","166","","","26/01/2023 12:33:41","LIVIA.SILVA","10/05/2023 10:13:33","LIVIA.SILVA","","","0","0,00","","","","1","5","",""
"1719","1297"," ","11","Expert Alerts","","","USR","827","EML","166","","","26/01/2023 12:33:41","LIVIA.SILVA","10/05/2023 10:13:33","LIVIA.SILVA","","","0","0,00","","","","1","5","",""
"1720","1297"," ","11","Chip","","","USR","827","EML","166","","","26/01/2023 12:33:40","LIVIA.SILVA","10/05/2023 10:13:33","LIVIA.SILVA","","","0","0,00","","","","1","5","",""
"1721","1297"," ","11","AMS","","","USR","827","EML","166","","","26/01/2023 12:33:40","LIVIA.SILVA","10/05/2023 10:13:33","LIVIA.SILVA","","","0","0,00","","","","1","5","",""
"1722","1297"," ","11","Alertas","","","USR","827","EML","166","","","26/01/2023 12:33:39","LIVIA.SILVA","10/05/2023 10:13:33","LIVIA.SILVA","","","0","0,00","","","","1","5","",""
"1723","1297"," ","10","Alertas","","","USR","774","EML","166","","","26/01/2023 12:35:44","LIVIA.SILVA","","","","","0","0,00","","","","1","5","",""
"1724","1297"," ","10","AMS","","","USR","774","EML","166","","","26/01/2023 12:35:43","LIVIA.SILVA","","","","","0","0,00","","","","1","5","",""
"1725","1297"," ","10","Chip","","","USR","774","EML","166","","","26/01/2023 12:35:43","LIVIA.SILVA","","","","","0","0,00","","","","1","5","",""
"1726","1297"," ","10","Expert Alerts","","","USR","774","EML","166","","","26/01/2023 12:35:42","LIVIA.SILVA","","","","","0","0,00","","","","1","5","",""
"1727","1297"," ","10","Outros","","","USR","774","EML","166","","","26/01/2023 12:35:42","LIVIA.SILVA","","","","","0","0,00","","","","1","5","",""
"1728","1297"," ","7","Alertas","","","USR","694","EML","166","","","26/01/2023 12:37:32","LIVIA.SILVA","","","","","0","0,00","","","","1","5","",""
"1729","1297"," ","7","AMS","","","USR","694","EML","166","","","26/01/2023 12:37:30","LIVIA.SILVA","","","","","0","0,00","","","","1","5","",""
"1730","1297"," ","7","Chip","","","USR","694","EML","166","","","26/01/2023 12:37:29","LIVIA.SILVA","","","","","0","0,00","","","","1","5","",""
"1731","1297"," ","7","Outros","","","USR","694","EML","166","","","26/01/2023 12:37:29","LIVIA.SILVA","","","","","0","0,00","","","","1","5","",""
"1732","1297"," ","7","Expert Alerts","","","USR","694","EML","166","","","26/01/2023 12:37:28","LIVIA.SILVA","","","","","0","0,00","","","","1","5","",""
"1809","2288"," ","7","","","","USR","594","EML","168","","","23/02/2023 15:57:44","LIVIA.SILVA","24/07/2023 15:40:00","LIVIA.SILVA","","","0","0,00","","","","1","5","",""
"1810","2288"," ","3","","","","USR","652","EML","168","","","23/02/2023 15:57:18","LIVIA.SILVA","","","","","0","0,00","","","","1","5","",""
"1811","2288"," ","","","","","USR","167","EML","168","","","24/02/2023 15:03:22","LIVIA.SILVA","","","","","0","0,00","","","","1","5","",""
"1815","940129"," ","","","","","USR","796","EML","11","","","07/03/2023 21:54:19","VANESSA.ALVES","20/04/2023 10:56:07","LIVIA.SILVA","","","0","0,00","","","","1","5","",""
"1817","940130"," ","","","","","USR","796","EML","11","","","07/03/2023 21:55:54","VANESSA.ALVES","20/04/2023 10:56:42","LIVIA.SILVA","","","0","0,00","","","","1","5","",""
"1818","1425"," ","","","","","USR","796","EML","11","","","07/03/2023 21:58:50","VANESSA.ALVES","20/04/2023 10:52:52","LIVIA.SILVA","","","0","0,00","","","","1","5","",""
"1825","1424"," ","","","","","USR","796","EML","11","","","07/03/2023 22:03:09","VANESSA.ALVES","20/04/2023 10:52:14","LIVIA.SILVA","","","0","0,00","","","","1","5","",""
"1828","940136"," ","","","","","USR","796","EML","11","","","07/03/2023 22:04:54","VANESSA.ALVES","20/04/2023 10:55:13","LIVIA.SILVA","","","0","0,00","","","","1","5","",""
"1830","1817"," ","","","","","USR","796","EML","11","","","07/03/2023 22:07:25","VANESSA.ALVES","20/04/2023 10:58:58","LIVIA.SILVA","","","0","0,00","","","","1","5","",""
"1832","1817"," ","","","","","USR","516","EML","11","","","07/03/2023 22:07:23","VANESSA.ALVES","20/04/2023 10:58:58","LIVIA.SILVA","","","0","0,00","","","","1","5","",""
"1866","1714"," ","","","","","USR","796","EML","11","","","07/03/2023 22:23:18","VANESSA.ALVES","20/04/2023 10:50:38","LIVIA.SILVA","","","0","0,00","","","","1","5","",""
"1868","1714"," ","","","","","USR","516","EML","11","","","07/03/2023 22:23:17","VANESSA.ALVES","20/04/2023 10:50:38","LIVIA.SILVA","","","0","0,00","","","","1","5","",""
"1885","2224"," ","","","","","USR","782","EML","174","","","08/03/2023 14:57:18","LIVIA.SILVA","","","","","0","0,00","","","","1","5","",""
"1888","2224"," ","","","","","USR","656","EML","174","","","09/03/2023 10:12:06","LIVIA.SILVA","","","","","0","0,00","","","","1","5","",""
"1889","2224"," ","","","","","USR","802","EML","174","","","09/03/2023 10:11:17","LIVIA.SILVA","","","","","0","0,00","","","","1","5","",""
"1892","2224"," ","","","","","USR","819","EML","174","","","09/03/2023 10:06:53","LIVIA.SILVA","18/11/2024 14:47:43","MATHEUS.AUGUSTO","","","0","0,00","","","","1","5","",""
"1893","2224"," ","","","","","USR","576","EML","174","","","09/03/2023 10:06:13","LIVIA.SILVA","","","","","0","0,00","","","","1","5","",""
"1169","1641"," ","","","","","USR","692","EML","136","","","20/08/2020 22:48:09","DIEGO.MARQUES","28/03/2023 09:14:18","LIVIA.SILVA","","","","0,00","","","","1","5","",""
"1170","1641"," ","2","","","","USR","421","EML","136","","","20/08/2020 22:36:55","DIEGO.MARQUES","","","","","","0,00","","","","1","5","",""
"1173","1641"," ","11","","","","USR","326","EML","136","","","20/08/2020 22:43:11","DIEGO.MARQUES","","","","","","0,00","","","","1","5","",""
"1175","1641"," ","12","","","","USR","421","EML","136","","","20/08/2020 22:45:12","DIEGO.MARQUES","","","","","","0,00","","","","1","5","",""
"1176","1641"," ","5","","","","USR","326","EML","136","","","20/08/2020 22:45:48","DIEGO.MARQUES","","","","","","0,00","","","","1","5","",""
"1177","1641"," ","10","","","","USR","421","EML","136","","","20/08/2020 22:46:43","DIEGO.MARQUES","02/03/2021 11:02:20","VANESSA.ALVES","","","","0,00","","","","1","5","",""
"1178","1641"," ","7","","","","USR","326","EML","136","","","20/08/2020 22:47:12","DIEGO.MARQUES","08/05/2024 09:10:10","LIVIA.SILVA","","","","0,00","","","","1","5","",""
"1179","1641"," ","1","","","","USR","606","EML","136","","","20/08/2020 22:47:42","DIEGO.MARQUES","10/05/2024 08:24:34","LIVIA.SILVA","","","","0,00","","","","1","5","",""
"1225","1435"," ","9","Com Contrato","","","USR","594","EML","133","","","22/10/2020 13:24:17","DIEGO.MARQUES","","","","","0","0,00","","","","1","5","",""
"1227","1435"," ","2","Com Contrato","","","USR","756","EML","133","","","22/10/2020 13:23:14","DIEGO.MARQUES","09/03/2022 08:11:15","DIEGO.MARQUES","","","0","0,00","","","","1","5","",""
"1230","1435"," ","","Com Contrato","","","USR","577","EML","133","","","27/10/2020 07:35:55","DIEGO.MARQUES","28/10/2020 11:05:26","DIEGO.MARQUES","","","0","0,00","","","","1","5","",""
"1231","450"," ","","","1","1","USR","516","EML","77","","","28/10/2020 08:49:20","DIEGO.MARQUES","","","","","","0,00","","","","1","5","",""
"1243","1806"," ","","","","","USR","516","EML","170","","","28/10/2020 09:02:35","DIEGO.MARQUES","20/04/2023 10:30:07","LIVIA.SILVA","","","0","0,00","","","","1","5","",""
"1251","673"," ","","Com Problemas","","","USR","516","EML","4","","","28/10/2020 09:22:43","DIEGO.MARQUES","","","","","0","0,00","","","","1","5","",""
"1252","673"," ","1","Com Problemas","","","USR","127","EML","4","","","28/10/2020 09:22:09","DIEGO.MARQUES","","","","","0","0,00","","","","1","5","",""
"1253","673"," ","7","Com Problemas","","","USR","782","EML","4","","","28/10/2020 09:21:33","DIEGO.MARQUES","12/03/2024 08:09:59","LIVIA.SILVA","","","0","0,00","","","","1","5","",""
"1256","673"," ","3","Com Problemas","","","USR","591","EML","4","","","28/10/2020 09:20:10","DIEGO.MARQUES","06/09/2023 12:02:00","LIVIA.SILVA","","","0","0,00","","","","1","5","",""
"1257","673"," ","2","Com Problemas","","","USR","747","EML","4","","","28/10/2020 09:19:41","DIEGO.MARQUES","06/09/2023 12:03:56","LIVIA.SILVA","","","0","0,00","","","","1","5","",""
"1259","675"," ","1","Com Problemas","","","USR","127","EML","4","","","28/10/2020 09:29:58","DIEGO.MARQUES","","","","","0","0,00","","","","1","5","",""
"1260","675"," ","7","Com Problemas","","","USR","782","EML","4","","","28/10/2020 09:29:29","DIEGO.MARQUES","12/03/2024 08:10:35","LIVIA.SILVA","","","0","0,00","","","","1","5","",""
"1263","675"," ","3","Com Problemas","","","USR","591","EML","4","","","28/10/2020 09:28:16","DIEGO.MARQUES","06/09/2023 12:12:00","LIVIA.SILVA","","","0","0,00","","","","1","5","",""
"1264","675"," ","2","Com Problemas","","","USR","747","EML","4","","","28/10/2020 09:27:50","DIEGO.MARQUES","06/09/2023 12:12:00","LIVIA.SILVA","","","0","0,00","","","","1","5","",""
"1180","1641"," ","","","","","USR","516","EML","136","","","20/08/2020 23:18:47","DIEGO.MARQUES","12/11/2020 15:16:28","DIEGO.MARQUES","","","","0,00","","","","1","5","",""
"1194","1586"," ","","","","","USR","-5","EML","124","","","28/08/2020 08:35:55","DIEGO.MARQUES","","","","","0","0,00","","","","1","5","",""
"1196","1776"," ","3","","","","USR","593","EML","138","","","14/09/2020 14:07:17","DIEGO.MARQUES","21/08/2023 13:28:00","LIVIA.SILVA","","","0","0,00","","","","1","5","",""
"1197","1776"," ","2","","","","USR","421","EML","138","","","14/09/2020 14:06:11","DIEGO.MARQUES","","","","","0","0,00","","","","1","5","",""
"1198","1776"," ","","","","","USR","255","EML","138","","","14/09/2020 14:05:32","DIEGO.MARQUES","","","","","0","0,00","","","","1","5","",""
"1199","1776"," ","1","","","","USR","1157","EML","138","","","16/09/2020 09:19:00","DIEGO.MARQUES","13/06/2024 15:46:00","NETO.PRADO","","","0","0,00","","","0","1","5","Envio EML para coord srvs rib preto",""
"1200","1776"," ","7","","","","USR","593","EML","138","","","16/09/2020 09:18:40","DIEGO.MARQUES","","","","","0","0,00","","","","1","5","",""
"1201","1776"," ","11","","","","USR","827","EML","138","","","16/09/2020 09:18:07","DIEGO.MARQUES","10/05/2023 10:14:52","LIVIA.SILVA","","","0","0,00","","","","1","5","",""
"1203","610"," ","","","1","1","USR","656","EML","55","","","30/09/2020 16:44:36","DIEGO.MARQUES","","","","","","0,00","","","","1","5","",""
"1206","484"," ","","Com Contrato","","","USR","656","EML","133","","","30/09/2020 17:01:11","DIEGO.MARQUES","","","","","","0,00","","","","1","5","",""
"1269","675"," ","","Com Problemas","","","USR","516","EML","4","","","28/10/2020 09:25:26","DIEGO.MARQUES","","","","","0","0,00","","","","1","5","",""
"1271","675"," ","","Com Problemas","","","USR","686","EML","4","","","28/10/2020 09:23:29","DIEGO.MARQUES","08/09/2022 13:35:34","LIVIA.SILVA","","","0","0,00","","","","1","5","",""
"1278","1278"," ","","TI","","","USR","255","EML","91","","","20/11/2020 10:42:00","DIEGO.MARQUES","","","","","0","0,00","","","","1","5","",""
"1282","1776"," ","10","","","","USR","421","EML","138","","","14/02/2021 14:10:05","DIEGO.MARQUES","","","","","0","0,00","","","","1","5","",""
"2747","3499"," ","12","","","","USR","1127","EML","207","","","14/04/2025 15:42:00","NETO.PRADO","02/06/2025 09:25:33","NETO.PRADO","","","0","0,00","","","0","1","5","Cadastro Realizado.",""
"2748","3499"," ","5","","","","USR","1159","EML","207","","","14/04/2025 15:42:00","NETO.PRADO","02/06/2025 09:25:37","NETO.PRADO","","","0","0,00","","","0","1","5","Cadastro Realizado.",""
"2749","3499"," ","15","","","","USR","1257","EML","207","","","14/04/2025 15:42:00","NETO.PRADO","02/06/2025 09:25:40","NETO.PRADO","","","0","0,00","","","0","1","5","Cadastro Realizado.",""
"2750","3499"," ","10","","","","USR","1160","EML","207","","","14/04/2025 15:42:00","NETO.PRADO","02/06/2025 09:25:44","NETO.PRADO","","","0","0,00","","","0","1","5","Cadastro Realizado.",""
"2751","3499"," ","18","","","","USR","1260","EML","207","","","14/04/2025 15:42:00","NETO.PRADO","02/06/2025 09:25:50","NETO.PRADO","","","0","0,00","","","0","1","5","Cadastro Realizado.",""
"2752","3499"," ","7","","","","USR","1122","EML","207","","","14/04/2025 15:42:00","NETO.PRADO","02/06/2025 09:25:54","NETO.PRADO","","","0","0,00","","","0","1","5","Cadastro Realizado.",""
"2753","3499"," ","1","","","","USR","1121","EML","207","","","14/04/2025 15:42:00","NETO.PRADO","02/06/2025 09:25:57","NETO.PRADO","","","0","0,00","","","0","1","5","Cadastro Realizado.",""
"2754","3499"," ","13","","","","USR","1255","EML","207","","","14/04/2025 15:42:00","NETO.PRADO","02/06/2025 09:26:01","NETO.PRADO","","","0","0,00","","","0","1","5","Cadastro Realizado.",""
"2755","3499"," ","17","","","","USR","1259","EML","207","","","14/04/2025 15:42:00","NETO.PRADO","02/06/2025 09:26:05","NETO.PRADO","","","0","0,00","","","0","1","5","Cadastro Realizado.",""
"2756","3499"," ","16","","","","USR","1258","EML","207","","","14/04/2025 15:42:00","NETO.PRADO","02/06/2025 09:26:09","NETO.PRADO","","","0","0,00","","","0","1","5","Cadastro Realizado.",""
"2757","3249","","0","","","","USR","952","EML","207","","","15/05/2025 11:35:00","NETO.PRADO","27/05/2025 11:05:00","NETO.PRADO","","","0","0,00","","","0","1","0","Compra Não Aprovada","MsCtr_Andamento_EML"
"2758","2677","","","","","","USR","862","EML","207","","","19/05/2025 08:13:02","NETO.PRADO","19/05/2025 08:13:02","NETO.PRADO","","","0","0,00","","","0","1","0","Centro de mensagens","MsCtr_Andamento_EML"
"2759","2548","","","","1","1","USR","852","EML","207","","","26/05/2025 11:45:00","RICARDO.MORETTI","26/05/2025 11:45:00","RICARDO.MORETTI","","","0","0,00","","","0","1","0",".","MsCtr_Andamento_EML"
"2761","2548","","","","1","1","USR","652","EML","207","","","30/05/2025 14:59:09","MATHEUS.AUGUSTO","30/05/2025 14:59:09","MATHEUS.AUGUSTO","","","0","0,00","","","0","1","0","Fran","MsCtr_Andamento_EML"
"2763","2570","","14","","01","","USR","923","EML","207","","","12/06/2025 08:32:59","MATHEUS.AUGUSTO","12/06/2025 08:32:59","MATHEUS.AUGUSTO","","","0","0,00","","","0","1","0","Gerente de Vendas CATANDUVA","MsCtr_Andamento_EML"
"2764","2570","","15","","","","USR","927","EML","207","","","12/06/2025 08:33:00","MATHEUS.AUGUSTO","12/06/2025 08:33:00","MATHEUS.AUGUSTO","","","0","0,00","","","0","1","0","Gerente de Vendas JALES","MsCtr_Andamento_EML"
"2765","2570","","16","","","","USR","931","EML","207","","","12/06/2025 08:34:57","MATHEUS.AUGUSTO","12/06/2025 08:34:57","MATHEUS.AUGUSTO","","","0","0,00","","","0","1","0","Gerente de Vendas VOTUPORANGA","MsCtr_Andamento_EML"
"2766","2570","","17","","","","USR","934","EML","207","","","12/06/2025 08:35:29","MATHEUS.AUGUSTO","12/06/2025 08:35:29","MATHEUS.AUGUSTO","","","0","0,00","","","0","1","0","Gerente de Vendas TUPA","MsCtr_Andamento_EML"
"2767","2570","","18","","","","USR","934","EML","207","","","12/06/2025 08:35:54","MATHEUS.AUGUSTO","12/06/2025 08:35:54","MATHEUS.AUGUSTO","","","0","0,00","","","0","1","0","Gerente de Vendas MARILIA","MsCtr_Andamento_EML"
"2768","2570","","2","","","","USR","887","EML","207","","","12/06/2025 08:36:20","MATHEUS.AUGUSTO","12/06/2025 08:36:20","MATHEUS.AUGUSTO","","","0","0,00","","","0","1","0","Gerente de Vendas ARARAQUARA","MsCtr_Andamento_EML"
"2769","2570","","9","","","","USR","894","EML","207","","","12/06/2025 08:37:05","MATHEUS.AUGUSTO","12/06/2025 08:37:05","MATHEUS.AUGUSTO","","","0","0,00","","","0","1","0","Gerente de Vendas BEBEDOURO","MsCtr_Andamento_EML"
"2770","2570","","3","","","","USR","591","EML","207","","","12/06/2025 08:37:33","MATHEUS.AUGUSTO","12/06/2025 08:37:33","MATHEUS.AUGUSTO","","","0","0,00","","","0","1","0","Gerente de Vendas BARRETOS","MsCtr_Andamento_EML"
"2771","2570","","11","","","","USR","897","EML","207","","","12/06/2025 08:37:58","MATHEUS.AUGUSTO","12/06/2025 08:37:58","MATHEUS.AUGUSTO","","","0","0,00","","","0","1","0","Gerente de Vendas FRANCA","MsCtr_Andamento_EML"
"2772","2570","","12","","","","USR","887","EML","207","","","12/06/2025 08:38:19","MATHEUS.AUGUSTO","12/06/2025 08:38:19","MATHEUS.AUGUSTO","","","0","0,00","","","0","1","0","Gerente de Vendas ITAPOLIS","MsCtr_Andamento_EML"
"2773","2570","","1","","","","USR","127","EML","207","","","12/06/2025 08:39:04","MATHEUS.AUGUSTO","12/06/2025 08:39:04","MATHEUS.AUGUSTO","","","0","0,00","","","0","1","0","Gerente de Vendas RIBEIRAO","MsCtr_Andamento_EML"
"2774","2529","","2","","","","USR","887","EML","207","","","12/06/2025 08:40:01","MATHEUS.AUGUSTO","12/06/2025 08:40:01","MATHEUS.AUGUSTO","","","0","0,00","","","0","1","0","Gerente de Vendas Araraquara","MsCtr_Andamento_EML"
"2775","2529","","9","","","","USR","894","EML","207","","","12/06/2025 08:45:55","MATHEUS.AUGUSTO","12/06/2025 08:45:55","MATHEUS.AUGUSTO","","","0","0,00","","","0","1","0","Gerente de Vendas Bebedouro","MsCtr_Andamento_EML"
"2776","2529","","3","","","","USR","591","EML","207","","","12/06/2025 08:47:01","MATHEUS.AUGUSTO","12/06/2025 08:47:01","MATHEUS.AUGUSTO","","","0","0,00","","","0","1","0","Gerente de Vendas Barretos","MsCtr_Andamento_EML"
"2777","2529","","12","","","","USR","887","EML","207","","","12/06/2025 08:47:27","MATHEUS.AUGUSTO","12/06/2025 08:47:27","MATHEUS.AUGUSTO","","","0","0,00","","","0","1","0","Gerente de Vendas Itapolis","MsCtr_Andamento_EML"
"2778","2529","","1","","","","USR","127","EML","207","","","12/06/2025 08:47:53","MATHEUS.AUGUSTO","12/06/2025 08:47:53","MATHEUS.AUGUSTO","","","0","0,00","","","0","1","0","Gerente de Vendas Ribeirão","MsCtr_Andamento_EML"
"2780","2529","","14","","","","USR","923","EML","207","","","12/06/2025 08:48:37","MATHEUS.AUGUSTO","12/06/2025 08:48:37","MATHEUS.AUGUSTO","","","0","0,00","","","0","1","0","Gerente de Vendas Catanduva","MsCtr_Andamento_EML"
"2781","2529","","15","","","","USR","927","EML","207","","","12/06/2025 08:48:59","MATHEUS.AUGUSTO","12/06/2025 08:48:59","MATHEUS.AUGUSTO","","","0","0,00","","","0","1","0","Gerente de Vendas Jales","MsCtr_Andamento_EML"
"2782","2529","","16","","","","USR","931","EML","207","","","12/06/2025 08:49:25","MATHEUS.AUGUSTO","12/06/2025 08:49:25","MATHEUS.AUGUSTO","","","0","0,00","","","0","1","0","Gerente de Vendas Votuporanga","MsCtr_Andamento_EML"
"2783","2529","","17","","","","USR","934","EML","207","","","12/06/2025 08:50:23","MATHEUS.AUGUSTO","12/06/2025 08:50:23","MATHEUS.AUGUSTO","","","0","0,00","","","0","1","0","Gerente de Vendas Tupa","MsCtr_Andamento_EML"
"2784","2529","","18","","","","USR","934","EML","207","","","12/06/2025 08:50:54","MATHEUS.AUGUSTO","12/06/2025 08:50:54","MATHEUS.AUGUSTO","","","0","0,00","","","0","1","0","Gerente de Vendas Marilia","MsCtr_Andamento_EML"
"2785","2582","","15","","","","USR","963","EML","207","","","12/06/2025 08:51:37","MATHEUS.AUGUSTO","12/06/2025 08:51:37","MATHEUS.AUGUSTO","","","0","0,00","","","0","1","0","Gerente de Vendas Jales","MsCtr_Andamento_EML"
"2719","3433"," ","18","","1","1","USR","966","EML","","","","14/04/2025 11:21:22","NETO.PRADO","","","","","0","0,00","","","","1","5","",""
"2720","3433"," ","7","","1","1","USR","956","EML","","","","14/04/2025 11:21:22","NETO.PRADO","","","","","0","0,00","","","","1","5","",""
"2721","3433"," ","1","","1","1","USR","951","EML","","","","14/04/2025 11:21:23","NETO.PRADO","","","","","0","0,00","","","","1","5","",""
"2722","3433"," ","13","","1","1","USR","961","EML","","","","14/04/2025 11:21:23","NETO.PRADO","","","","","0","0,00","","","","1","5","",""
"2723","3433"," ","17","","1","1","USR","965","EML","","","","14/04/2025 11:21:24","NETO.PRADO","","","","","0","0,00","","","","1","5","",""
"2724","3433"," ","16","","1","1","USR","964","EML","","","","14/04/2025 11:21:24","NETO.PRADO","","","","","0","0,00","","","","1","5","",""
"2725","3498"," ","2","","1","1","USR","1126","EML","207","","","14/04/2025 15:20:00","NETO.PRADO","02/06/2025 09:21:50","NETO.PRADO","","","0","0,00","","","0","1","5","Cadastro Atualizado",""
"2726","3498"," ","3","","1","1","USR","1124","EML","207","","","14/04/2025 15:20:00","NETO.PRADO","02/06/2025 09:22:18","NETO.PRADO","","","0","0,00","","","0","1","5","Cadastro Atualizado",""
"2727","3498"," ","9","","1","1","USR","1123","EML","207","","","14/04/2025 15:20:00","NETO.PRADO","02/06/2025 09:22:25","NETO.PRADO","","","0","0,00","","","0","1","5","Cadastro Atualizado",""
"2728","3498"," ","14","","1","1","USR","1256","EML","207","","","14/04/2025 15:20:00","NETO.PRADO","02/06/2025 09:22:35","NETO.PRADO","","","0","0,00","","","0","1","5","Cadastro Atualizado",""
"2729","3498"," ","11","","1","1","USR","1125","EML","207","","","14/04/2025 15:20:00","NETO.PRADO","02/06/2025 09:22:39","NETO.PRADO","","","0","0,00","","","0","1","5","Cadastro Atualizado",""
"2730","3498"," ","4","","1","1","USR","1158","EML","207","","","14/04/2025 15:20:00","NETO.PRADO","02/06/2025 09:22:44","NETO.PRADO","","","0","0,00","","","0","1","5","Cadastro Atualizado",""
"2731","3498"," ","12","","1","1","USR","1127","EML","207","","","14/04/2025 15:20:00","NETO.PRADO","02/06/2025 09:23:07","NETO.PRADO","","","0","0,00","","","0","1","5","Cadastro Atualizado",""
"2732","3498"," ","5","","1","1","USR","1159","EML","207","","","14/04/2025 15:20:00","NETO.PRADO","02/06/2025 09:23:13","NETO.PRADO","","","0","0,00","","","0","1","5","Cadastro Atualizado",""
"2733","3498"," ","15","","1","1","USR","1257","EML","207","","","14/04/2025 15:20:00","NETO.PRADO","02/06/2025 09:23:18","NETO.PRADO","","","0","0,00","","","0","1","5","Cadastro Atualizado",""
"2734","3498"," ","10","","1","1","USR","1160","EML","207","","","14/04/2025 15:20:00","NETO.PRADO","02/06/2025 09:23:22","NETO.PRADO","","","0","0,00","","","0","1","5","Cadastro Atualizado",""
"2735","3498"," ","18","","1","1","USR","1260","EML","207","","","14/04/2025 15:20:00","NETO.PRADO","02/06/2025 09:23:26","NETO.PRADO","","","0","0,00","","","0","1","5","Cadastro Atualizado",""
"2736","3498"," ","7","","1","1","USR","1122","EML","207","","","14/04/2025 15:20:00","NETO.PRADO","02/06/2025 09:23:30","NETO.PRADO","","","0","0,00","","","0","1","5","Cadastro Atualizado",""
"2737","3498"," ","1","","1","1","USR","1121","EML","207","","","14/04/2025 15:20:00","NETO.PRADO","02/06/2025 09:23:34","NETO.PRADO","","","0","0,00","","","0","1","5","Cadastro Atualizado",""
"2738","3498"," ","13","","1","1","USR","1255","EML","207","","","14/04/2025 15:20:00","NETO.PRADO","02/06/2025 09:23:38","NETO.PRADO","","","0","0,00","","","0","1","5","Cadastro Atualizado",""
"2739","3498"," ","17","","1","1","USR","1259","EML","207","","","14/04/2025 15:20:00","NETO.PRADO","02/06/2025 09:23:42","NETO.PRADO","","","0","0,00","","","0","1","5","Cadastro Atualizado",""
"2740","3498"," ","16","","1","1","USR","1258","EML","207","","","14/04/2025 15:20:00","NETO.PRADO","02/06/2025 09:23:45","NETO.PRADO","","","0","0,00","","","0","1","5","Cadastro Atualizado",""
"2741","3499"," ","2","","","","USR","1126","EML","207","","","14/04/2025 15:42:00","NETO.PRADO","02/06/2025 09:24:51","NETO.PRADO","","","0","0,00","","","0","1","5","Cadastro Realizado.",""
"2742","3499"," ","3","","","","USR","1124","EML","207","","","14/04/2025 15:42:00","NETO.PRADO","02/06/2025 09:25:15","NETO.PRADO","","","0","0,00","","","0","1","5","Cadastro Realizado.",""
"2743","3499"," ","9","","","","USR","1123","EML","207","","","14/04/2025 15:42:00","NETO.PRADO","02/06/2025 09:25:18","NETO.PRADO","","","0","0,00","","","0","1","5","Cadastro Realizado.",""
"2744","3499"," ","14","","","","USR","1256","EML","207","","","14/04/2025 15:42:00","NETO.PRADO","02/06/2025 09:25:22","NETO.PRADO","","","0","0,00","","","0","1","5","Cadastro Realizado.",""
"2745","3499"," ","11","","","","USR","1125","EML","207","","","14/04/2025 15:42:00","NETO.PRADO","02/06/2025 09:25:26","NETO.PRADO","","","0","0,00","","","0","1","5","Cadastro Realizado.",""
"2746","3499"," ","4","","","","USR","1158","EML","207","","","14/04/2025 15:42:00","NETO.PRADO","02/06/2025 09:25:30","NETO.PRADO","","","0","0,00","","","0","1","5","Cadastro Realizado.",""
"1388","731"," ","","","1","1","USR","748","EML","69","","","07/01/2022 16:09:08","DIEGO.MARQUES","","","","","","0,00","","","","1","5","",""
"1389","1494"," ","","","","","USR","748","EML","69","","","07/01/2022 16:09:58","DIEGO.MARQUES","","","","","0","0,00","","","","1","5","",""
"1390","1388"," ","","","","","USR","748","EML","86","","#ATD","07/01/2022 16:10:46","DIEGO.MARQUES","","","","","0","0,00","","","","1","5","",""
"1402","2096"," ","","","","","USR","753","EML","153","","","03/02/2022 10:31:18","DIEGO.MARQUES","","","","","0","0,00","","","","1","5","",""
"1430","1027"," ","","","","","USR","577","EML","156","","","10/02/2022 15:40:57","DIEGO.MARQUES","","","","","0","0,00","","","","1","5","",""
"1431","245"," ","","","","","USR","577","EML","104","","","10/02/2022 15:42:01","DIEGO.MARQUES","","","","","0","0,00","","","","1","5","",""
"1432","715"," ","1","","1","1","USR","127","EML","74","","","28/02/2022 11:21:17","DIEGO.MARQUES","","","","","","0,00","","","","1","5","",""
"1434","715"," ","2","","1","1","USR","747","EML","74","","","28/02/2022 11:19:59","DIEGO.MARQUES","","","","","","0,00","","","","1","5","",""
"1435","1992"," ","","","","","USR","516","EML","148","","","01/03/2022 13:04:06","DIEGO.MARQUES","","","","","0","0,00","","","","1","5","",""
"1437","731"," ","2","","1","1","USR","756","EML","69","","","15/03/2022 08:18:19","DIEGO.MARQUES","","","","","","0,00","","","","1","5","",""
"1438","2143"," ","","","","","USR","255","EML","74","","","15/04/2022 22:01:39","DIEGO.MARQUES","","","","","0","0,00","","","","1","5","",""
"1439","2143"," ","1","","","","USR","127","EML","74","","","15/04/2022 22:01:39","DIEGO.MARQUES","","","","","0","0,00","","","","1","5","",""
"1364","1775"," ","","","","","USR","516","EML","148","","","27/06/2021 19:35:43","DIEGO.MARQUES","","","","","0","0,00","","","","1","5","",""
"1374","1641"," ","","","","","USR","-5","EML","136","","","03/12/2021 09:11:43","DIEGO.MARQUES","","","","","","0,00","","","","1","5","",""
"1474","2145"," ","","","","","USR","-5","EML","68","","","15/04/2022 22:53:40","DIEGO.MARQUES","","","","","0","0,00","","","","1","5","",""
"1475","2120"," ","","","","","USR","577","EML","104","","","17/04/2022 09:55:56","DIEGO.MARQUES","","","","","0","0,00","","","","1","5","",""
"1480","2114"," ","7","","","","USR","594","EML","133","","","24/04/2022 21:22:16","DIEGO.MARQUES","17/07/2023 11:38:00","LIVIA.SILVA","","","0","0,00","","","","1","5","",""
"1481","2114"," ","9","","","","USR","617","EML","133","","","24/04/2022 21:22:16","DIEGO.MARQUES","","","","","0","0,00","","","","1","5","",""
"1482","2114"," ","3","","","","USR","652","EML","133","","","24/04/2022 21:22:16","DIEGO.MARQUES","19/12/2022 16:33:13","DIEGO.MARQUES","","","0","0,00","","","","1","5","",""
"1488","2127"," ","","","","","USR","516","EML","16","","","26/04/2022 12:56:09","DIEGO.MARQUES","","","","","0","0,00","","","","1","5","",""
"1489","2127"," ","","","","","USR","748","EML","16","","","26/04/2022 12:56:09","DIEGO.MARQUES","","","","","0","0,00","","","","1","5","",""
"1491","2127"," ","3","","","","USR","765","EML","16","","","26/04/2022 12:56:09","DIEGO.MARQUES","02/06/2022 08:18:23","DIEGO.MARQUES","","","0","0,00","","","","1","5","",""
"1492","2127"," ","9","","","","USR","617","EML","16","","","26/04/2022 12:56:09","DIEGO.MARQUES","","","","","0","0,00","","","","1","5","",""
"1494","2157"," ","","","","","USR","577","EML","27","","","28/04/2022 07:58:03","DIEGO.MARQUES","","","","","0","0,00","","","","1","5","",""
"1495","2157"," ","","","","","USR","748","EML","27","","","28/04/2022 07:58:03","DIEGO.MARQUES","","","","","0","0,00","","","","1","5","",""
"1496","2157"," ","","","","","USR","255","EML","27","","","28/04/2022 07:58:03","DIEGO.MARQUES","","","","","0","0,00","","","","1","5","",""
"1497","2157"," ","","","","","USR","516","EML","27","","","28/04/2022 07:58:02","DIEGO.MARQUES","","","","","0","0,00","","","","1","5","",""
"1498","2158"," ","","","","","USR","577","EML","27","","","28/04/2022 08:23:17","DIEGO.MARQUES","30/09/2022 11:55:35","LIVIA.SILVA","","","0","0,00","","","","1","5","",""
"1499","2158"," ","","","","","USR","255","EML","27","","","28/04/2022 08:23:17","DIEGO.MARQUES","30/09/2022 11:55:35","LIVIA.SILVA","","","0","0,00","","","","1","5","",""
"1500","2158"," ","","","","","USR","748","EML","27","","","28/04/2022 08:23:16","DIEGO.MARQUES","30/09/2022 11:55:35","LIVIA.SILVA","","","0","0,00","","","","1","5","",""
"1501","2158"," ","","","","","USR","516","EML","27","","","28/04/2022 08:23:16","DIEGO.MARQUES","30/09/2022 11:55:35","LIVIA.SILVA","","","0","0,00","","","","1","5","",""
"1502","2157"," ","1","","","","USR","594","EML","27","","","28/04/2022 08:37:01","DIEGO.MARQUES","","","","","0","0,00","","","","1","5","",""
"1985","2458"," ","10","Peças","","","USR","606","EML","182","","","14/06/2023 12:32:00","LIVIA.SILVA","10/05/2024 08:04:56","LIVIA.SILVA","","","0","0,00","","","","1","5","",""
"1986","2458"," ","10","Serviços","","","USR","421","EML","182","","","14/06/2023 12:32:00","LIVIA.SILVA","","","","","0","0,00","","","","1","5","",""
"1987","2458"," ","11","Peças","","","USR","326","EML","182","","","14/06/2023 12:32:00","LIVIA.SILVA","","","","","0","0,00","","","","1","5","",""
"1988","2458"," ","11","Serviços","","","USR","593","EML","182","","","14/06/2023 12:32:00","LIVIA.SILVA","","","","","0","0,00","","","","1","5","",""
"1989","2458"," ","12","Peças","","","USR","421","EML","182","","","14/06/2023 12:32:00","LIVIA.SILVA","06/09/2023 11:26:00","LIVIA.SILVA","","","0","0,00","","","","1","5","",""
"1990","2458"," ","","","","","USR","796","EML","182","","","20/06/2023 09:20:41","LIVIA.SILVA","06/09/2023 11:27:00","LIVIA.SILVA","","","0","0,00","","","","1","5","",""
"1998","122"," ","","","","","USR","782","EML","172","","#ATD","14/07/2023 14:48:00","VTCCONS","14/07/2023 15:02:40","VTCCONS","","","0","0,00","","","","1","5","",""
"1999","122"," ","","","","","USR","4","EML","178","","#ATD","14/07/2023 14:49:00","VTCCONS","14/07/2023 15:07:00","VTCCONS","","","0","0,00","","","","1","5","",""
"2001","2127"," ","","","","","USR","576","EML","16","","","28/07/2023 08:28:16","LIVIA.SILVA","","","","","0","0,00","","","","1","5","",""
"2007","2194"," ","","","","","USR","782","EML","183","","","01/08/2023 10:25:00","LIVIA.SILVA","","","","","0","0,00","","","","1","5","",""
"2008","2127"," ","7","","","","USR","594","EML","16","","","03/08/2023 09:08:00","LIVIA.SILVA","","","","","0","0,00","","","","1","5","",""
"2009","2194"," ","","","","","USR","656","EML","183","","","10/08/2023 13:12:00","LIVIA.SILVA","","","","","0","0,00","","","","1","5","",""
"2010","2194"," ","","","","","USR","802","EML","183","","","10/08/2023 13:12:00","LIVIA.SILVA","","","","","0","0,00","","","","1","5","",""
"2042","2371"," ","2","","","","USR","782","EML","170","","","06/09/2023 12:05:00","LIVIA.SILVA","12/03/2024 08:20:55","LIVIA.SILVA","","","0","0,00","","","","1","5","",""
"2059","2318"," ","","","","","USR","796","EML","11","","","14/09/2023 15:06:00","LIVIA.SILVA","","","","","0","0,00","","","","1","5","",""
"2073","2319"," ","","","","","USR","796","EML","11","","","14/09/2023 15:11:00","LIVIA.SILVA","","","","","0","0,00","","","","1","5","",""
"2086","2470"," ","","","","","USR","796","EML","11","","","14/09/2023 15:17:00","LIVIA.SILVA","","","","","0","0,00","","","","1","5","",""
"2100","2311"," ","","","","","USR","796","EML","11","","","14/09/2023 15:22:00","LIVIA.SILVA","","","","","0","0,00","","","","1","5","",""
"2112","2312"," ","","","","","USR","796","EML","11","","","14/09/2023 15:29:00","LIVIA.SILVA","","","","","0","0,00","","","","1","5","",""
"2124","2314"," ","","","","","USR","796","EML","11","","","14/09/2023 15:33:00","LIVIA.SILVA","","","","","0","0,00","","","","1","5","",""
"2136","2471"," ","","","","","USR","796","EML","11","","","14/09/2023 15:39:00","LIVIA.SILVA","","","","","0","0,00","","","","1","5","",""
"2148","2306"," ","","","","","USR","796","EML","11","","","14/09/2023 15:43:00","LIVIA.SILVA","","","","","0","0,00","","","","1","5","",""
"2179","2472"," ","2","","","","USR","747","EML","11","","","14/09/2023 15:59:00","LIVIA.SILVA","","","","","0","0,00","","","","1","5","",""
"2184","2477"," ","","","","","USR","796","EML","11","","","14/09/2023 16:07:00","LIVIA.SILVA","","","","","0","0,00","","","","1","5","",""
"2198","2478"," ","","","","","USR","796","EML","11","","","14/09/2023 16:12:00","LIVIA.SILVA","","","","","0","0,00","","","","1","5","",""
"2237","2365"," ","","","","","USR","796","EML","11","","","14/09/2023 16:39:00","LIVIA.SILVA","","","","","0","0,00","","","","1","5","",""
"2238","2365"," ","","","","","USR","516","EML","11","","","14/09/2023 16:39:00","LIVIA.SILVA","","","","","0","0,00","","","","1","5","",""
"2240","2365"," ","1","","","","USR","127","EML","11","","","14/09/2023 16:39:00","LIVIA.SILVA","","","","","0","0,00","","","","1","5","",""
"2241","2365"," ","2","","","","USR","747","EML","11","","","14/09/2023 16:39:00","LIVIA.SILVA","","","","","0","0,00","","","","1","5","",""
"2242","2365"," ","3","","","","USR","591","EML","11","","","14/09/2023 16:39:00","LIVIA.SILVA","","","","","0","0,00","","","","1","5","",""
"2243","2365"," ","7","","","","USR","782","EML","11","","","14/09/2023 16:39:00","LIVIA.SILVA","12/03/2024 08:23:45","LIVIA.SILVA","","","0","0,00","","","","1","5","",""
"2246","2366"," ","","","","","USR","796","EML","11","","","14/09/2023 16:43:00","LIVIA.SILVA","","","","","0","0,00","","","","1","5","",""
"2247","2366"," ","","","","","USR","516","EML","11","","","14/09/2023 16:43:00","LIVIA.SILVA","","","","","0","0,00","","","","1","5","",""
"2249","2366"," ","1","","","","USR","127","EML","11","","","14/09/2023 16:43:00","LIVIA.SILVA","","","","","0","0,00","","","","1","5","",""
"2250","2366"," ","2","","","","USR","747","EML","11","","","14/09/2023 16:43:00","LIVIA.SILVA","","","","","0","0,00","","","","1","5","",""
"2251","2366"," ","3","","","","USR","591","EML","11","","","14/09/2023 16:43:00","LIVIA.SILVA","","","","","0","0,00","","","","1","5","",""
"2252","2366"," ","7","","","","USR","782","EML","11","","","14/09/2023 16:43:00","LIVIA.SILVA","12/03/2024 08:23:34","LIVIA.SILVA","","","0","0,00","","","","1","5","",""
"2255","2469"," ","","","","","USR","796","EML","11","","","14/09/2023 16:46:00","LIVIA.SILVA","","","","","0","0,00","","","","1","5","",""
"2256","2469"," ","","","","","USR","516","EML","11","","","14/09/2023 16:46:00","LIVIA.SILVA","","","","","0","0,00","","","","1","5","",""
"2258","2469"," ","1","","","","USR","127","EML","11","","","14/09/2023 16:46:00","LIVIA.SILVA","","","","","0","0,00","","","","1","5","",""
"2259","2469"," ","2","","","","USR","747","EML","11","","","14/09/2023 16:46:00","LIVIA.SILVA","","","","","0","0,00","","","","1","5","",""
"2260","2469"," ","3","","","","USR","591","EML","11","","","14/09/2023 16:46:00","LIVIA.SILVA","","","","","0","0,00","","","","1","5","",""
"2261","2469"," ","7","","","","USR","782","EML","11","","","14/09/2023 16:46:00","LIVIA.SILVA","12/03/2024 08:23:57","LIVIA.SILVA","","","0","0,00","","","","1","5","",""
"2297","2476"," ","","","","","USR","796","EML","11","","","15/09/2023 15:49:00","LIVIA.SILVA","","","","","0","0,00","","","","1","5","",""
"2301","2322"," ","","","","","USR","796","EML","11","","","15/09/2023 15:53:00","LIVIA.SILVA","","","","","0","0,00","","","","1","5","",""
"2307","2323"," ","","","","","USR","796","EML","11","","","15/09/2023 15:55:00","LIVIA.SILVA","","","","","0","0,00","","","","1","5","",""
"2311","2324"," ","","","","","USR","796","EML","11","","","15/09/2023 15:57:00","LIVIA.SILVA","","","","","0","0,00","","","","1","5","",""
"2315","2473"," ","","","","","USR","796","EML","11","","","15/09/2023 15:59:00","LIVIA.SILVA","","","","","0","0,00","","","","1","5","",""
"2320","2474"," ","","","","","USR","354","EML","11","","","15/09/2023 16:47:00","LIVIA.SILVA","","","","","0","0,00","","","","1","5","",""
"2321","2004"," ","","SEGUROS","","","USR","838","EML","185","","","28/09/2023 14:52:00","VANESSA.ALVES","28/09/2023 15:21:05","VANESSA.ALVES","","","","0,00","","","","1","5","",""
"2322","2004"," ","","SEGUROS","","","USR","516","EML","185","","","28/09/2023 14:57:00","VANESSA.ALVES","28/09/2023 15:21:00","VANESSA.ALVES","","","","0,00","","","","1","5","",""
"2323","2121"," ","","","","","USR","782","EML","186","","","28/09/2023 16:08:00","LIVIA.SILVA","","","","","0","0,00","","","","1","5","",""
"2330","2154"," ","","","","","USR","782","EML","186","","","29/09/2023 15:24:00","LIVIA.SILVA","","","","","0","0,00","","","","1","5","",""
"2331","2154"," ","","","","","USR","656","EML","186","","","29/09/2023 15:24:00","LIVIA.SILVA","","","","","0","0,00","","","","1","5","",""
"2332","2154"," ","1","","","","USR","802","EML","186","","","29/09/2023 15:24:00","LIVIA.SILVA","09/04/2024 16:00:33","LIVIA.SILVA","","","0","0,00","","","","1","5","",""
"2333","2154"," ","7","","","","USR","802","EML","186","","","29/09/2023 15:24:00","LIVIA.SILVA","09/04/2024 16:00:33","LIVIA.SILVA","","","0","0,00","","","","1","5","",""
"2334","2154"," ","9","","","","USR","802","EML","186","","","29/09/2023 15:24:00","LIVIA.SILVA","09/04/2024 16:00:33","LIVIA.SILVA","","","0","0,00","","","","1","5","",""
"2337","2154"," ","2","","","","USR","802","EML","186","","","29/09/2023 15:28:00","LIVIA.SILVA","","","","","0","0,00","","","","1","5","",""
"2338","2154"," ","3","","","","USR","802","EML","186","","","29/09/2023 15:28:00","LIVIA.SILVA","","","","","0","0,00","","","","1","5","",""
"2342","2156"," ","","","","","USR","782","EML","161","","","29/09/2023 15:35:00","LIVIA.SILVA","","","","","0","0,00","","","","1","5","",""
"2343","2156"," ","","","","","USR","167","EML","161","","","29/09/2023 15:35:00","LIVIA.SILVA","","","","","0","0,00","","","","1","5","",""
"2344","2121"," ","","","","","USR","656","EML","186","","","29/09/2023 15:42:00","LIVIA.SILVA","","","","","0","0,00","","","","1","5","",""
"2345","2121"," ","1","","","","USR","802","EML","186","","","29/09/2023 15:42:00","LIVIA.SILVA","09/04/2024 16:00:13","LIVIA.SILVA","","","0","0,00","","","","1","5","",""
"2346","2121"," ","7","","","","USR","802","EML","186","","","29/09/2023 15:42:00","LIVIA.SILVA","09/04/2024 16:00:13","LIVIA.SILVA","","","0","0,00","","","","1","5","",""
"2347","2121"," ","9","","","","USR","802","EML","186","","","29/09/2023 15:42:00","LIVIA.SILVA","09/04/2024 16:00:13","LIVIA.SILVA","","","0","0,00","","","","1","5","",""
"2348","2121"," ","2","","","","USR","802","EML","186","","","29/09/2023 15:42:00","LIVIA.SILVA","","","","","0","0,00","","","","1","5","",""
"2349","2121"," ","3","","","","USR","802","EML","186","","","29/09/2023 15:42:00","LIVIA.SILVA","","","","","0","0,00","","","","1","5","",""
"2350","2156"," ","","","","","USR","782","EML","186","","","29/09/2023 15:44:00","LIVIA.SILVA","","","","","0","0,00","","","","1","5","",""
"2351","2156"," ","","","","","USR","656","EML","186","","","29/09/2023 15:44:00","LIVIA.SILVA","","","","","0","0,00","","","","1","5","",""
"2352","2156"," ","1","","","","USR","802","EML","186","","","29/09/2023 15:44:00","LIVIA.SILVA","09/04/2024 16:00:58","LIVIA.SILVA","","","0","0,00","","","","1","5","",""
"2353","2156"," ","7","","","","USR","802","EML","186","","","29/09/2023 15:44:00","LIVIA.SILVA","09/04/2024 16:00:58","LIVIA.SILVA","","","0","0,00","","","","1","5","",""
"2354","2156"," ","9","","","","USR","802","EML","186","","","29/09/2023 15:44:00","LIVIA.SILVA","09/04/2024 16:00:58","LIVIA.SILVA","","","0","0,00","","","","1","5","",""
"2355","2156"," ","2","","","","USR","802","EML","186","","","29/09/2023 15:45:00","LIVIA.SILVA","","","","","0","0,00","","","","1","5","",""
"2356","2156"," ","3","","","","USR","802","EML","186","","","29/09/2023 15:45:00","LIVIA.SILVA","","","","","0","0,00","","","","1","5","",""
"2357","2127"," ","","","","","USR","838","EML","16","","","03/10/2023 17:49:27","VANESSA.ALVES","","","","","0","0,00","","","","1","5","",""
"2358","2120"," ","","","","","USR","838","EML","104","","","03/10/2023 17:51:00","VANESSA.ALVES","","","","","0","0,00","","","","1","5","",""
"1504","2157"," ","9","","","","USR","617","EML","27","","","28/04/2022 08:37:01","DIEGO.MARQUES","","","","","0","0,00","","","","1","5","",""
"1505","2157"," ","3","","","","USR","765","EML","27","","","28/04/2022 08:37:00","DIEGO.MARQUES","02/06/2022 08:19:08","DIEGO.MARQUES","","","0","0,00","","","","1","5","",""
"1509","2158"," ","9","","","","USR","617","EML","27","","","28/04/2022 08:39:41","DIEGO.MARQUES","30/09/2022 11:55:35","LIVIA.SILVA","","","0","0,00","","","","1","5","",""
"1510","2158"," ","3","","","","USR","765","EML","27","","","28/04/2022 08:39:41","DIEGO.MARQUES","30/09/2022 11:55:35","LIVIA.SILVA","","","0","0,00","","","","1","5","",""
"1517","2093"," ","","","","","USR","516","EML","138","","","11/05/2022 12:44:29","VANESSA.ALVES","","","","","0","0,00","","","","1","5","",""
"1519","940133"," ","","","1","1","USR","686","EML","170","","","25/05/2022 12:56:17","DIEGO.MARQUES","20/04/2023 10:25:41","LIVIA.SILVA","","","","0,00","","","","1","5","",""
"1520","940390"," ","","","1","1","USR","686","EML","78","","","25/05/2022 12:57:04","DIEGO.MARQUES","08/09/2022 13:33:12","LIVIA.SILVA","","","","0,00","","","","1","5","",""
"1524","285"," ","","","","","USR","686","EML","4","","","25/05/2022 13:00:57","DIEGO.MARQUES","08/09/2022 13:34:31","LIVIA.SILVA","","","","0,00","","","","1","5","",""
"1525","450"," ","","","1","1","USR","686","EML","77","","","25/05/2022 13:01:33","DIEGO.MARQUES","08/09/2022 13:34:52","LIVIA.SILVA","","","","0,00","","","","1","5","",""
"1526","2173"," ","","","","","USR","577","EML","85","","","30/05/2022 07:53:02","DIEGO.MARQUES","","","","","0","0,00","","","","1","5","",""
"1528","2173"," ","","","","","USR","748","EML","85","","","30/05/2022 07:53:01","DIEGO.MARQUES","","","","","0","0,00","","","","1","5","",""
"1529","2173"," ","","","","","USR","516","EML","85","","","30/05/2022 07:53:01","DIEGO.MARQUES","","","","","0","0,00","","","","1","5","",""
"1531","2173"," ","2","","","","USR","747","EML","85","","","30/05/2022 07:53:01","DIEGO.MARQUES","","","","","0","0,00","","","","1","5","",""
"1534","2173"," ","7","","","","USR","782","EML","85","","","30/05/2022 07:53:01","DIEGO.MARQUES","12/03/2024 08:25:14","LIVIA.SILVA","","","0","0,00","","","","1","5","",""
"1535","2173"," ","1","","","","USR","127","EML","85","","","30/05/2022 07:53:01","DIEGO.MARQUES","","","","","0","0,00","","","","1","5","",""
"1536","2211"," ","","","","","USR","748","EML","157","","#ATD","02/06/2022 10:17:13","VANESSA.ALVES","","","","","0","0,00","","","","1","5","",""
"1539","2211"," ","","","","","USR","-3","EML","157","","#ATD","02/06/2022 10:48:00","VANESSA.ALVES","","","","","0","0,00","","","","1","5","",""
"1541","37"," ","","","1","1","USR","1048","EML","170","","","21/06/2022 17:02:00","DIEGO.MARQUES","27/02/2023 11:58:00","MATHEUS.AUGUSTO","","","0","0,00","","","0","1","5","Envio EML para experiencia cliente",""
"1543","2149"," ","","","","","USR","577","EML","158","","","26/06/2022 23:30:36","DIEGO.MARQUES","","","","","0","0,00","","","","1","5","",""
"1544","2149"," ","2","","","","USR","747","EML","158","","","26/06/2022 23:30:36","DIEGO.MARQUES","","","","","0","0,00","","","","1","5","",""
"1546","2149"," ","7","","","","USR","782","EML","158","","","26/06/2022 23:30:36","DIEGO.MARQUES","12/03/2024 08:25:41","LIVIA.SILVA","","","0","0,00","","","","1","5","",""
"1547","2149"," ","1","","","","USR","127","EML","158","","","26/06/2022 23:30:36","DIEGO.MARQUES","","","","","0","0,00","","","","1","5","",""
"1549","2149"," ","","","","","USR","748","EML","158","","","26/06/2022 23:30:35","DIEGO.MARQUES","","","","","0","0,00","","","","1","5","",""
"1551","2117"," ","","","","","USR","748","EML","158","","","26/06/2022 23:33:27","DIEGO.MARQUES","","","","","0","0,00","","","","1","5","",""
"1552","2117"," ","2","","","","USR","747","EML","158","","","26/06/2022 23:33:27","DIEGO.MARQUES","","","","","0","0,00","","","","1","5","",""
"1555","2117"," ","1","","","","USR","127","EML","158","","","26/06/2022 23:33:26","DIEGO.MARQUES","","","","","0","0,00","","","","1","5","",""
"1556","2117"," ","7","","","","USR","782","EML","158","","","26/06/2022 23:33:26","DIEGO.MARQUES","12/03/2024 08:11:48","LIVIA.SILVA","","","0","0,00","","","","1","5","",""
"1557","2117"," ","1","","","","USR","594","EML","158","","","29/06/2022 22:19:15","DIEGO.MARQUES","","","","","0","0,00","","","","1","5","",""
"1560","2117"," ","3","","","","USR","765","EML","158","","","29/06/2022 22:19:14","DIEGO.MARQUES","","","","","0","0,00","","","","1","5","",""
"1562","2158"," ","2","","","","USR","679","EML","27","","","19/07/2022 09:28:48","DIEGO.MARQUES","30/09/2022 11:55:35","LIVIA.SILVA","","","0","0,00","","","","1","5","",""
"1564","2127"," ","","","","","USR","-5","EML","16","","","19/07/2022 09:43:18","DIEGO.MARQUES","","","","","0","0,00","","","","1","5","",""
"1566","2127"," ","2","","","","USR","421","EML","16","","","19/07/2022 17:20:42","VANESSA.ALVES","","","","","0","0,00","","","","1","5","",""
"2210","2480"," ","","","","","USR","796","EML","11","","","14/09/2023 16:21:00","LIVIA.SILVA","","","","","0","0,00","","","","1","5","",""
"2211","2480"," ","","","","","USR","516","EML","11","","","14/09/2023 16:21:00","LIVIA.SILVA","","","","","0","0,00","","","","1","5","",""
"2213","2480"," ","1","","","","USR","127","EML","11","","","14/09/2023 16:21:00","LIVIA.SILVA","","","","","0","0,00","","","","1","5","",""
"2214","2480"," ","2","","","","USR","747","EML","11","","","14/09/2023 16:21:00","LIVIA.SILVA","","","","","0","0,00","","","","1","5","",""
"2215","2480"," ","3","","","","USR","591","EML","11","","","14/09/2023 16:21:00","LIVIA.SILVA","","","","","0","0,00","","","","1","5","",""
"2216","2480"," ","7","","","","USR","782","EML","11","","","14/09/2023 16:21:00","LIVIA.SILVA","12/03/2024 08:21:23","LIVIA.SILVA","","","0","0,00","","","","1","5","",""
"2219","2479"," ","","","","","USR","796","EML","11","","","14/09/2023 16:33:00","LIVIA.SILVA","","","","","0","0,00","","","","1","5","",""
"2220","2479"," ","","","","","USR","516","EML","11","","","14/09/2023 16:33:00","LIVIA.SILVA","","","","","0","0,00","","","","1","5","",""
"2222","2479"," ","1","","","","USR","127","EML","11","","","14/09/2023 16:33:00","LIVIA.SILVA","","","","","0","0,00","","","","1","5","",""
"2223","2479"," ","2","","","","USR","747","EML","11","","","14/09/2023 16:34:00","LIVIA.SILVA","","","","","0","0,00","","","","1","5","",""
"2224","2479"," ","3","","","","USR","591","EML","11","","","14/09/2023 16:34:00","LIVIA.SILVA","","","","","0","0,00","","","","1","5","",""
"2225","2479"," ","7","","","","USR","782","EML","11","","","14/09/2023 16:34:00","LIVIA.SILVA","12/03/2024 08:21:45","LIVIA.SILVA","","","0","0,00","","","","1","5","",""
"2228","2364"," ","","","","","USR","796","EML","11","","","14/09/2023 16:37:00","LIVIA.SILVA","","","","","0","0,00","","","","1","5","",""
"2229","2364"," ","","","","","USR","516","EML","11","","","14/09/2023 16:37:00","LIVIA.SILVA","","","","","0","0,00","","","","1","5","",""
"2231","2364"," ","1","","","","USR","127","EML","11","","","14/09/2023 16:37:00","LIVIA.SILVA","","","","","0","0,00","","","","1","5","",""
"2232","2364"," ","2","","","","USR","747","EML","11","","","14/09/2023 16:37:00","LIVIA.SILVA","","","","","0","0,00","","","","1","5","",""
"2233","2364"," ","3","","","","USR","591","EML","11","","","14/09/2023 16:37:00","LIVIA.SILVA","","","","","0","0,00","","","","1","5","",""
"2234","2364"," ","7","","","","USR","782","EML","11","","","14/09/2023 16:37:00","LIVIA.SILVA","12/03/2024 08:06:33","LIVIA.SILVA","","","0","0,00","","","","1","5","",""
"2152","2306"," ","2","","","","USR","747","EML","11","","","14/09/2023 15:43:00","LIVIA.SILVA","","","","","0","0,00","","","","1","5","",""
"2157","2307"," ","","","","","USR","796","EML","11","","","14/09/2023 15:48:00","LIVIA.SILVA","","","","","0","0,00","","","","1","5","",""
"2161","2307"," ","2","","","","USR","747","EML","11","","","14/09/2023 15:48:00","LIVIA.SILVA","","","","","0","0,00","","","","1","5","",""
"2166","2308"," ","","","","","USR","796","EML","11","","","14/09/2023 15:56:00","LIVIA.SILVA","","","","","0","0,00","","","","1","5","",""
"2170","2308"," ","2","","","","USR","747","EML","11","","","14/09/2023 15:56:00","LIVIA.SILVA","","","","","0","0,00","","","","1","5","",""
"2175","2472"," ","","","","","USR","796","EML","11","","","14/09/2023 15:59:00","LIVIA.SILVA","","","","","0","0,00","","","","1","5","",""
"2476","2158"," ","","","","","USR","1048","EML","207","","","12/06/2024 11:15:25","NETO.PRADO","","","","","0","0,00","","","","1","5","",""
"2477","2582"," ","2","","","","USR","952","EML","202","","","15/07/2024 13:27:28","LIVIA.SILVA","01/10/2024 09:45:15","NETO.PRADO","","","0","0,00","","","","1","5","",""
"2478","2582"," ","9","","","","USR","957","EML","202","","","15/07/2024 13:27:52","LIVIA.SILVA","01/10/2024 09:45:15","NETO.PRADO","","","0","0,00","","","","1","5","",""
"2479","2582"," ","3","","","","USR","953","EML","202","","","15/07/2024 13:28:11","LIVIA.SILVA","01/10/2024 09:45:15","NETO.PRADO","","","0","0,00","","","","1","5","",""
"2480","2582"," ","11","","","","USR","959","EML","202","","","15/07/2024 13:28:29","LIVIA.SILVA","01/10/2024 09:45:15","NETO.PRADO","","","0","0,00","","","","1","5","",""
"2481","2582"," ","12","","","","USR","960","EML","202","","","15/07/2024 13:28:46","LIVIA.SILVA","01/10/2024 09:45:15","NETO.PRADO","","","0","0,00","","","","1","5","",""
"2482","2582"," ","7","","","","USR","956","EML","202","","","15/07/2024 13:29:01","LIVIA.SILVA","25/09/2024 16:31:42","NETO.PRADO","","","0","0,00","","","","1","5","",""
"2483","2582"," ","1","","","","USR","951","EML","202","","","15/07/2024 13:29:18","LIVIA.SILVA","01/10/2024 09:45:15","NETO.PRADO","","","0","0,00","","","","1","5","",""
"2484","2581"," ","2","","","","USR","952","EML","201","","","15/07/2024 13:31:15","LIVIA.SILVA","01/10/2024 09:46:42","NETO.PRADO","","","0","0,00","","","","1","5","",""
"2485","2581"," ","9","","","","USR","957","EML","201","","","15/07/2024 13:31:16","LIVIA.SILVA","01/10/2024 09:46:42","NETO.PRADO","","","0","0,00","","","","1","5","",""
"2486","2581"," ","3","","","","USR","953","EML","201","","","15/07/2024 13:31:16","LIVIA.SILVA","01/10/2024 09:47:22","NETO.PRADO","","","0","0,00","","","","1","5","",""
"2487","2581"," ","11","","","","USR","959","EML","201","","","15/07/2024 13:31:17","LIVIA.SILVA","01/10/2024 09:46:42","NETO.PRADO","","","0","0,00","","","","1","5","",""
"2488","2581"," ","12","","","","USR","960","EML","201","","","15/07/2024 13:31:17","LIVIA.SILVA","01/10/2024 09:46:42","NETO.PRADO","","","0","0,00","","","","1","5","",""
"2489","2581"," ","7","","","","USR","956","EML","201","","","15/07/2024 13:31:18","LIVIA.SILVA","25/09/2024 16:32:17","NETO.PRADO","","","0","0,00","","","","1","5","",""
"2490","2581"," ","1","","","","USR","951","EML","201","","","15/07/2024 13:31:18","LIVIA.SILVA","01/10/2024 09:46:42","NETO.PRADO","","","0","0,00","","","","1","5","",""
"2491","2587"," ","2","","","","USR","747","EML","206","","","15/07/2024 13:34:09","LIVIA.SILVA","","","","","0","0,00","","","","1","5","",""
"2492","2587"," ","9","","","","USR","894","EML","206","","","15/07/2024 13:34:10","LIVIA.SILVA","","","","","0","0,00","","","","1","5","",""
"2493","2587"," ","3","","","","USR","591","EML","206","","","15/07/2024 13:34:10","LIVIA.SILVA","","","","","0","0,00","","","","1","5","",""
"2494","2587"," ","11","","","","USR","897","EML","206","","","15/07/2024 13:34:11","LIVIA.SILVA","","","","","0","0,00","","","","1","5","",""
"2495","2587"," ","12","","","","USR","887","EML","206","","","15/07/2024 13:34:11","LIVIA.SILVA","","","","","0","0,00","","","","1","5","",""
"2496","2587"," ","7","","","","USR","956","EML","206","","","15/07/2024 13:34:12","LIVIA.SILVA","25/09/2024 16:31:07","NETO.PRADO","","","0","0,00","","","","1","5","",""
"2497","2587"," ","1","","","","USR","127","EML","206","","","15/07/2024 13:34:12","LIVIA.SILVA","08/08/2024 09:50:21","MATHEUS.AUGUSTO","","","0","0,00","","","","1","5","",""
"2498","2578"," ","7","","1","1","USR","1122","EML","198","","","08/08/2024 09:28:50","MATHEUS.AUGUSTO","17/03/2025 13:40:26","NETO.PRADO","","","0","0,00","","","","1","5","",""
"2499","2578"," ","9","","1","1","USR","1123","EML","198","","","08/08/2024 09:30:46","MATHEUS.AUGUSTO","17/03/2025 13:40:26","NETO.PRADO","","","0","0,00","","","","1","5","",""
"2500","2578"," ","11","","1","1","USR","1125","EML","198","","","08/08/2024 09:31:58","MATHEUS.AUGUSTO","17/03/2025 13:40:26","NETO.PRADO","","","0","0,00","","","","1","5","",""
"2501","2578"," ","12","","1","1","USR","1127","EML","198","","","08/08/2024 09:31:59","MATHEUS.AUGUSTO","17/03/2025 13:40:26","NETO.PRADO","","","0","0,00","","","","1","5","",""
"2502","2578"," ","2","","1","1","USR","1126","EML","198","","","08/08/2024 09:31:59","MATHEUS.AUGUSTO","17/03/2025 13:40:26","NETO.PRADO","","","0","0,00","","","","1","5","",""
"2446","2581"," ","","","1","1","USR","853","EML","201","","","07/03/2024 11:13:22","NETO.PRADO","08/03/2024 15:28:27","NETO.PRADO","","","0","0,00","","","","1","5","",""
"2448","2507"," ","","","1","","USR","865","EML","207","","","05/04/2024 16:02:12","NETO.PRADO","","","","","0","0,00","","","","1","5","",""
"2449","2507"," ","","","1","","USR","866","EML","207","","","05/04/2024 16:03:03","NETO.PRADO","","","","","0","0,00","","","","1","5","",""
"2452","1578"," ","2","","1","1","USR","747","EML","209","","","09/04/2024 16:31:23","NETO.PRADO","26/06/2024 17:14:17","LIVIA.SILVA","","","0","0,00","","","","1","5","",""
"2453","1578"," ","3","","1","1","USR","591","EML","209","","","09/04/2024 16:32:36","NETO.PRADO","","","","","0","0,00","","","","1","5","",""
"2454","1578"," ","1","","1","1","USR","127","EML","209","","","09/04/2024 16:33:10","NETO.PRADO","","","","","0","0,00","","","","1","5","",""
"2455","1578"," ","7","","1","1","USR","-7","EML","209","","","09/04/2024 16:33:44","NETO.PRADO","","","","","0","0,00","","","","1","5","",""
"2456","2548"," ","","","1","1","USR","902","EML","208","","","16/04/2024 11:07:58","NETO.PRADO","","","","","0","0,00","","","","1","5","",""
"2457","2578"," ","3","","1","1","USR","1124","EML","198","","","16/05/2024 12:37:06","LIVIA.SILVA","17/03/2025 13:40:26","NETO.PRADO","","","0","0,00","","","","1","5","",""
"2458","2587"," ","1","","","","USR","594","EML","206","","","16/05/2024 12:40:50","LIVIA.SILVA","08/08/2024 09:50:20","MATHEUS.AUGUSTO","","","0","0,00","","","","1","5","",""
"2459","2587"," ","7","","","","USR","594","EML","206","","","16/05/2024 12:40:52","LIVIA.SILVA","08/08/2024 09:50:21","MATHEUS.AUGUSTO","","","0","0,00","","","","1","5","",""
"2460","2582"," ","1","","","","USR","1121","EML","202","","","16/05/2024 12:42:19","LIVIA.SILVA","04/12/2024 09:11:19","NETO.PRADO","","","0","0,00","","","","1","5","",""
"2461","2582"," ","7","","","","USR","1122","EML","202","","","16/05/2024 12:42:20","LIVIA.SILVA","04/12/2024 09:11:19","NETO.PRADO","","","0","0,00","","","","1","5","",""
"2462","2529"," ","1","","1","1","USR","606","EML","207","","","24/05/2024 15:41:19","NETO.PRADO","","","","","0","0,00","","","","1","5","",""
"2463","2529"," ","2","","1","1","USR","421","EML","207","","","24/05/2024 15:43:08","NETO.PRADO","","","","","0","0,00","","","","1","5","",""
"2464","2529"," ","10","","1","1","USR","421","EML","207","","","24/05/2024 15:44:21","NETO.PRADO","","","","","0","0,00","","","","1","5","",""
"2465","2529"," ","12","","1","1","USR","421","EML","207","","","24/05/2024 15:44:21","NETO.PRADO","","","","","0","0,00","","","","1","5","",""
"2466","2529"," ","3","","1","1","USR","50","EML","207","","","24/05/2024 15:45:56","NETO.PRADO","","","","","0","0,00","","","","1","5","",""
"2467","2529"," ","9","","1","1","USR","50","EML","207","","","24/05/2024 15:45:57","NETO.PRADO","","","","","0","0,00","","","","1","5","",""
"2468","2529"," ","4","","1","1","USR","50","EML","207","","","24/05/2024 15:45:58","NETO.PRADO","","","","","0","0,00","","","","1","5","",""
"2469","2529"," ","7","","1","1","USR","326","EML","207","","","24/05/2024 15:47:13","NETO.PRADO","24/05/2024 15:54:14","NETO.PRADO","","","0","0,00","","","","1","5","",""
"2470","2529"," ","5","","1","1","USR","326","EML","207","","","24/05/2024 15:47:13","NETO.PRADO","24/05/2024 15:54:14","NETO.PRADO","","","0","0,00","","","","1","5","",""
"2471","2529"," ","11","","1","1","USR","897","EML","207","","","24/05/2024 15:47:13","NETO.PRADO","06/09/2024 11:40:48","MATHEUS.AUGUSTO","","","0","0,00","","","","1","5","",""
"2472","2529"," ","","","1","1","USR","656","EML","207","","","24/05/2024 15:53:37","NETO.PRADO","","","","","0","0,00","","","","1","5","",""
"2474","2387"," ","","","1","1","USR","1048","EML","207","","","11/06/2024 16:08:24","NETO.PRADO","12/06/2024 11:15:58","NETO.PRADO","","","0","0,00","","","","1","5","",""
"2475","2157"," ","","","1","1","USR","1048","EML","207","","","11/06/2024 16:09:45","NETO.PRADO","12/06/2024 11:14:18","NETO.PRADO","","","0","0,00","","","","1","5","",""
"2530","2595"," ","9","","1","1","USR","1123","EML","202","","","17/09/2024 10:11:15","MATHEUS.AUGUSTO","17/09/2024 10:29:58","MATHEUS.AUGUSTO","","","0","0,00","","","","1","5","",""
"2531","2595"," ","3","","1","1","USR","1124","EML","202","","","17/09/2024 10:11:15","MATHEUS.AUGUSTO","17/09/2024 10:29:58","MATHEUS.AUGUSTO","","","0","0,00","","","","1","5","",""
"2532","2595"," ","2","","1","1","USR","1126","EML","202","","","17/09/2024 10:11:16","MATHEUS.AUGUSTO","17/09/2024 10:29:58","MATHEUS.AUGUSTO","","","0","0,00","","","","1","5","",""
"2533","2596"," ","","","1","1","USR","853","EML","201","","","17/09/2024 10:20:42","MATHEUS.AUGUSTO","26/09/2024 11:17:13","VTCCONS","","","0","0,00","368","","","1","5","",""
"2534","2849"," ","","","1","1","USR","1145","EML","207","","","23/09/2024 14:02:46","NETO.PRADO","","","","","0","0,00","","","","1","5","",""
"2535","2853"," ","","Araraquara","","","USR","952","EML","207","","","23/09/2024 14:18:00","NETO.PRADO","","","","","0","0,00","","","","1","5","",""
"2536","2853"," ","","Barretos","","","USR","953","EML","207","","","23/09/2024 14:18:01","NETO.PRADO","","","","","0","0,00","","","","1","5","",""
"2537","2853"," ","","Bebedouro","","","USR","957","EML","207","","","23/09/2024 14:18:01","NETO.PRADO","","","","","0","0,00","","","","1","5","",""
"2538","2853"," ","","Franca","","","USR","959","EML","207","","","23/09/2024 14:18:02","NETO.PRADO","","","","","0","0,00","","","","1","5","",""
"2539","2853"," ","","Guaíra","","","USR","954","EML","207","","","23/09/2024 14:18:02","NETO.PRADO","","","","","0","0,00","","","","1","5","",""
"2540","2853"," ","","Itápolis","","","USR","960","EML","207","","","23/09/2024 14:18:03","NETO.PRADO","","","","","0","0,00","","","","1","5","",""
"2541","2853"," ","","Ituverava","","","USR","955","EML","207","","","23/09/2024 14:18:03","NETO.PRADO","","","","","0","0,00","","","","1","5","",""
"2542","2853"," ","","Monte Alto","","","USR","958","EML","207","","","23/09/2024 14:18:04","NETO.PRADO","","","","","0","0,00","","","","1","5","",""
"2543","2853"," ","","Orlândia","","","USR","956","EML","207","","","23/09/2024 14:18:05","NETO.PRADO","","","","","0","0,00","","","","1","5","",""
"2544","2853"," ","","Ribeirão Preto","","","USR","951","EML","207","","","23/09/2024 14:18:05","NETO.PRADO","","","","","0","0,00","","","","1","5","",""
"2545","2854"," ","","","1","1","USR","-6","EML","207","","","23/09/2024 14:25:50","NETO.PRADO","","","","","0","0,00","","","","1","5","",""
"2546","2864"," ","","","1","1","USR","-6","EML","207","","","23/09/2024 15:00:43","NETO.PRADO","","","","","0","0,00","","","","1","5","",""
"2548","2872"," ","","Araraquara","","","USR","952","EML","207","","","23/09/2024 16:23:29","NETO.PRADO","","","","","0","0,00","","","","1","5","",""
"2549","2872"," ","","Barretos","","","USR","953","EML","207","","","23/09/2024 16:23:29","NETO.PRADO","","","","","0","0,00","","","","1","5","",""
"2550","2872"," ","","Bebedouro","","","USR","957","EML","207","","","23/09/2024 16:23:30","NETO.PRADO","","","","","0","0,00","","","","1","5","",""
"2551","2872"," ","","Franca","","","USR","959","EML","207","","","23/09/2024 16:23:30","NETO.PRADO","","","","","0","0,00","","","","1","5","",""
"2552","2872"," ","","Guaíra","","","USR","954","EML","207","","","23/09/2024 16:23:30","NETO.PRADO","","","","","0","0,00","","","","1","5","",""
"2553","2872"," ","","Itápolis","","","USR","960","EML","207","","","23/09/2024 16:23:31","NETO.PRADO","","","","","0","0,00","","","","1","5","",""
"2554","2872"," ","","Ituverava","","","USR","955","EML","207","","","23/09/2024 16:23:31","NETO.PRADO","","","","","0","0,00","","","","1","5","",""
"2555","2872"," ","","Monte Alto","","","USR","958","EML","207","","","23/09/2024 16:23:32","NETO.PRADO","","","","","0","0,00","","","","1","5","",""
"2556","2872"," ","","Orlândia","","","USR","956","EML","207","","","23/09/2024 16:23:32","NETO.PRADO","","","","","0","0,00","","","","1","5","",""
"2557","2872"," ","","Ribeirão Preto","","","USR","951","EML","207","","","23/09/2024 16:23:32","NETO.PRADO","","","","","0","0,00","","","","1","5","",""
"2560","3137"," ","","Licenças/Ativações","1","1","USR","811","EML","207","","","26/11/2024 15:18:21","NETO.PRADO","","","","","0","0,00","","","","1","5","",""
"2561","3135"," ","","Licenças/Ativações","1","1","USR","811","EML","207","","","26/11/2024 17:18:40","NETO.PRADO","","","","","0","0,00","","","","1","5","",""
"2562","3005"," ","","","1","1","USR","1048","EML","207","","","27/11/2024 09:11:32","MATHEUS.AUGUSTO","","","","","0","0,00","","","","1","5","",""
"2563","2582"," ","13","","","","USR","1255","EML","202","","","04/12/2024 09:13:53","NETO.PRADO","","","","","0","0,00","","","","1","5","",""
"2564","2582"," ","14","","","","USR","1256","EML","202","","","04/12/2024 09:13:53","NETO.PRADO","","","","","0","0,00","","","","1","5","",""
"2565","2582"," ","15","","","","USR","1257","EML","202","","","04/12/2024 09:13:54","NETO.PRADO","","","","","0","0,00","","","","1","5","",""
"2566","2582"," ","16","","","","USR","1258","EML","202","","","04/12/2024 09:13:54","NETO.PRADO","","","","","0","0,00","","","","1","5","",""
"2567","2582"," ","17","","","","USR","1259","EML","202","","","04/12/2024 09:13:55","NETO.PRADO","","","","","0","0,00","","","","1","5","",""
"2568","2582"," ","18","","","","USR","1260","EML","202","","","04/12/2024 09:13:55","NETO.PRADO","","","","","0","0,00","","","","1","5","",""
"2569","2595"," ","13","","","","USR","1255","EML","202","","","04/12/2024 09:20:58","NETO.PRADO","","","","","0","0,00","","","","1","5","",""
"2570","2595"," ","14","","","","USR","1256","EML","202","","","04/12/2024 09:20:59","NETO.PRADO","","","","","0","0,00","","","","1","5","",""
"2571","2595"," ","15","","","","USR","1257","EML","202","","","04/12/2024 09:20:59","NETO.PRADO","","","","","0","0,00","","","","1","5","",""
"2572","2595"," ","16","","","","USR","1258","EML","202","","","04/12/2024 09:21:00","NETO.PRADO","","","","","0","0,00","","","","1","5","",""
"2573","2595"," ","17","","","","USR","1259","EML","202","","","04/12/2024 09:21:00","NETO.PRADO","","","","","0","0,00","","","","1","5","",""
"2574","2595"," ","18","","","","USR","1260","EML","202","","","04/12/2024 09:21:00","NETO.PRADO","","","","","0","0,00","","","","1","5","",""
"2575","2529"," ","13","","1","1","USR","1255","EML","207","","","04/12/2024 09:23:39","MATHEUS.AUGUSTO","","","","","0","0,00","","","","1","5","",""
"2576","2529"," ","14","","1","1","USR","1256","EML","207","","","04/12/2024 09:23:51","MATHEUS.AUGUSTO","","","","","0","0,00","","","","1","5","",""
"2577","2529"," ","15","","1","1","USR","1257","EML","207","","","04/12/2024 09:23:52","MATHEUS.AUGUSTO","","","","","0","0,00","","","","1","5","",""
"2578","2529"," ","16","","1","1","USR","1258","EML","207","","","04/12/2024 09:23:52","MATHEUS.AUGUSTO","","","","","0","0,00","","","","1","5","",""
"2579","2529"," ","17","","1","1","USR","1259","EML","207","","","04/12/2024 09:23:53","MATHEUS.AUGUSTO","","","","","0","0,00","","","","1","5","",""
"2580","2529"," ","18","","1","1","USR","1260","EML","207","","","04/12/2024 09:23:53","MATHEUS.AUGUSTO","","","","","0","0,00","","","","1","5","",""
"2581","2853"," ","","São José Do Rio Pret","","","USR","961","EML","207","","","05/12/2024 09:14:53","MATHEUS.AUGUSTO","","","","","0","0,00","","","","1","5","",""
"2582","2853"," ","","Catanduva","","","USR","962","EML","207","","","05/12/2024 09:14:55","MATHEUS.AUGUSTO","","","","","0","0,00","","","","1","5","",""
"2503","2582"," ","9","","","","USR","1123","EML","202","","","08/08/2024 09:39:45","MATHEUS.AUGUSTO","04/12/2024 09:11:19","NETO.PRADO","","","0","0,00","","","","1","5","",""
"2504","2582"," ","3","","","","USR","1124","EML","202","","","08/08/2024 09:39:48","MATHEUS.AUGUSTO","04/12/2024 09:11:19","NETO.PRADO","","","0","0,00","","","","1","5","",""
"2505","2582"," ","11","","","","USR","1125","EML","202","","","08/08/2024 09:40:52","MATHEUS.AUGUSTO","04/12/2024 09:11:19","NETO.PRADO","","","0","0,00","","","","1","5","",""
"2506","2582"," ","12","","","","USR","1127","EML","202","","","08/08/2024 09:40:52","MATHEUS.AUGUSTO","04/12/2024 09:11:19","NETO.PRADO","","","0","0,00","","","","1","5","",""
"2507","2582"," ","2","","","","USR","1126","EML","202","","","08/08/2024 09:40:53","MATHEUS.AUGUSTO","04/12/2024 09:11:19","NETO.PRADO","","","0","0,00","","","","1","5","",""
"2508","2587"," ","9","","","","USR","909","EML","206","","","08/08/2024 09:48:00","MATHEUS.AUGUSTO","08/08/2024 09:51:34","MATHEUS.AUGUSTO","","","0","0,00","","","","1","5","",""
"2509","2587"," ","3","","","","USR","909","EML","206","","","08/08/2024 09:48:00","MATHEUS.AUGUSTO","08/08/2024 09:51:34","MATHEUS.AUGUSTO","","","0","0,00","","","","1","5","",""
"2510","2587"," ","11","","","","USR","1125","EML","206","","","08/08/2024 09:49:07","MATHEUS.AUGUSTO","20/01/2025 11:59:43","MATHEUS.AUGUSTO","","","0","0,00","","","","1","5","",""
"2511","2587"," ","12","","","","USR","1127","EML","206","","","08/08/2024 09:49:07","MATHEUS.AUGUSTO","20/01/2025 11:59:43","MATHEUS.AUGUSTO","","","0","0,00","","","","1","5","",""
"2512","2587"," ","2","","","","USR","1126","EML","206","","","08/08/2024 09:49:08","MATHEUS.AUGUSTO","20/01/2025 11:59:44","MATHEUS.AUGUSTO","","","0","0,00","","","","1","5","",""
"2513","1613"," ","1","","1","1","USR","606","EML","55","","","03/09/2024 10:57:41","MATHEUS.AUGUSTO","","","","","0","0,00","","","","1","5","",""
"2514","2712"," ","","","1","1","USR","991","EML","207","","","12/09/2024 12:04:36","NETO.PRADO","","","","","0","0,00","","","","1","5","",""
"2515","2718"," ","1","","1","1","USR","1107","EML","207","","","12/09/2024 14:27:32","NETO.PRADO","","","","","0","0,00","","","","1","5","",""
"2516","2718"," ","2","","1","1","USR","1108","EML","207","","","12/09/2024 14:39:36","NETO.PRADO","","","","","0","0,00","","","","1","5","",""
"2517","2718"," ","3","","1","1","USR","1109","EML","207","","","12/09/2024 14:39:55","NETO.PRADO","","","","","0","0,00","","","","1","5","",""
"2518","2718"," ","4","","1","1","USR","1110","EML","207","","","12/09/2024 14:39:56","NETO.PRADO","","","","","0","0,00","","","","1","5","",""
"2519","2718"," ","7","","1","1","USR","1111","EML","207","","","12/09/2024 14:39:56","NETO.PRADO","","","","","0","0,00","","","","1","5","",""
"2520","2718"," ","10","","1","1","USR","1112","EML","207","","","12/09/2024 14:39:57","NETO.PRADO","","","","","0","0,00","","","","1","5","",""
"2521","2718"," ","11","","1","1","USR","1113","EML","207","","","12/09/2024 14:39:58","NETO.PRADO","","","","","0","0,00","","","","1","5","",""
"2522","2718"," ","9","","1","1","USR","1114","EML","207","","","12/09/2024 14:39:58","NETO.PRADO","","","","","0","0,00","","","","1","5","",""
"2523","2595"," ","1","","1","1","USR","1121","EML","202","","","17/09/2024 10:10:57","MATHEUS.AUGUSTO","17/09/2024 10:29:58","MATHEUS.AUGUSTO","","","0","0,00","","","","1","5","",""
"2524","2595"," ","7","","1","1","USR","1122","EML","202","","","17/09/2024 10:11:10","MATHEUS.AUGUSTO","17/09/2024 10:29:58","MATHEUS.AUGUSTO","","","0","0,00","","","","1","5","",""
"2525","2595"," ","10","","1","1","USR","0","EML","202","","","17/09/2024 10:11:11","MATHEUS.AUGUSTO","17/09/2024 10:29:58","MATHEUS.AUGUSTO","","","0","0,00","","","","0","5","",""
"2526","2595"," ","5","","1","1","USR","0","EML","202","","","17/09/2024 10:11:12","MATHEUS.AUGUSTO","17/09/2024 10:29:58","MATHEUS.AUGUSTO","","","0","0,00","","","","0","5","",""
"2527","2595"," ","12","","1","1","USR","1127","EML","202","","","17/09/2024 10:11:13","MATHEUS.AUGUSTO","17/09/2024 10:29:58","MATHEUS.AUGUSTO","","","0","0,00","","","","1","5","",""
"2528","2595"," ","4","","1","1","USR","0","EML","202","","","17/09/2024 10:11:13","MATHEUS.AUGUSTO","17/09/2024 10:29:58","MATHEUS.AUGUSTO","","","0","0,00","","","","0","5","",""
"2529","2595"," ","11","","1","1","USR","1125","EML","202","","","17/09/2024 10:11:14","MATHEUS.AUGUSTO","17/09/2024 10:29:58","MATHEUS.AUGUSTO","","","0","0,00","","","","1","5","",""
"2583","2853"," ","","Jales","","","USR","963","EML","207","","","05/12/2024 09:14:56","MATHEUS.AUGUSTO","","","","","0","0,00","","","","1","5","",""
"2584","2853"," ","","Votuporanga","","","USR","964","EML","207","","","05/12/2024 09:14:57","MATHEUS.AUGUSTO","","","","","0","0,00","","","","1","5","",""
"2585","2853"," ","","Tupã","","","USR","965","EML","207","","","05/12/2024 09:14:57","MATHEUS.AUGUSTO","","","","","0","0,00","","","","1","5","",""
"2586","2853"," ","","Márilia","","","USR","966","EML","207","","","05/12/2024 09:14:57","MATHEUS.AUGUSTO","","","","","0","0,00","","","","1","5","",""
"2587","2872"," ","","S. J. do Rio Preto","","","USR","961","EML","207","","","05/12/2024 09:41:54","NETO.PRADO","","","","","0","0,00","","","","1","5","",""
"2588","2872"," ","","Catanduva","","","USR","962","EML","207","","","05/12/2024 09:41:55","NETO.PRADO","","","","","0","0,00","","","","1","5","",""
"2589","2872"," ","","Jales","","","USR","963","EML","207","","","05/12/2024 09:41:55","NETO.PRADO","","","","","0","0,00","","","","1","5","",""
"2590","2872"," ","","Votuporanga","","","USR","964","EML","207","","","05/12/2024 09:41:56","NETO.PRADO","","","","","0","0,00","","","","1","5","",""
"2591","2872"," ","","Tupã","","","USR","965","EML","207","","","05/12/2024 09:41:56","NETO.PRADO","","","","","0","0,00","","","","1","5","",""
"2592","2872"," ","","Marília","","","USR","966","EML","207","","","05/12/2024 09:41:56","NETO.PRADO","","","","","0","0,00","","","","1","5","",""
"2595","3147"," ","","","1","1","USR","875","EML","207","","","15/01/2025 08:57:38","NETO.PRADO","","","","","0","0,00","","","","1","5","",""
"2596","2548"," ","2","","1","1","USR","952","EML","207","","","20/01/2025 14:13:29","MATHEUS.AUGUSTO","","","","","0","0,00","","","","1","5","",""
"2597","2548"," ","3","","1","1","USR","953","EML","207","","","20/01/2025 14:13:55","MATHEUS.AUGUSTO","","","","","0","0,00","","","","1","5","",""
"2598","2548"," ","9","","1","1","USR","957","EML","207","","","20/01/2025 14:14:15","MATHEUS.AUGUSTO","","","","","0","0,00","","","","1","5","",""
"2599","2548"," ","14","","1","1","USR","962","EML","207","","","20/01/2025 14:15:38","MATHEUS.AUGUSTO","","","","","0","0,00","","","","1","5","",""
"2600","2548"," ","11","","1","1","USR","959","EML","207","","","20/01/2025 14:15:39","MATHEUS.AUGUSTO","","","","","0","0,00","","","","1","5","",""
"2601","2548"," ","4","","1","1","USR","954","EML","207","","","20/01/2025 14:15:40","MATHEUS.AUGUSTO","","","","","0","0,00","","","","1","5","",""
"2602","2548"," ","12","","1","1","USR","960","EML","207","","","20/01/2025 14:15:40","MATHEUS.AUGUSTO","","","","","0","0,00","","","","1","5","",""
"2603","2548"," ","5","","1","1","USR","955","EML","207","","","20/01/2025 14:15:40","MATHEUS.AUGUSTO","","","","","0","0,00","","","","1","5","",""
"2604","2548"," ","15","","1","1","USR","963","EML","207","","","20/01/2025 14:15:41","MATHEUS.AUGUSTO","","","","","0","0,00","","","","1","5","",""
"2605","2548"," ","10","","1","1","USR","958","EML","207","","","20/01/2025 14:15:41","MATHEUS.AUGUSTO","","","","","0","0,00","","","","1","5","",""
"2606","2548"," ","18","","1","1","USR","966","EML","207","","","20/01/2025 14:15:41","MATHEUS.AUGUSTO","","","","","0","0,00","","","","1","5","",""
"2607","2548"," ","7","","1","1","USR","956","EML","207","","","20/01/2025 14:15:42","MATHEUS.AUGUSTO","","","","","0","0,00","","","","1","5","",""
"2608","2548"," ","1","","1","1","USR","951","EML","207","","","20/01/2025 14:15:43","MATHEUS.AUGUSTO","","","","","0","0,00","","","","1","5","",""
"2609","2548"," ","13","","1","1","USR","961","EML","207","","","20/01/2025 14:16:15","MATHEUS.AUGUSTO","","","","","0","0,00","","","","1","5","",""
"2610","2548"," ","17","","1","1","USR","965","EML","207","","","20/01/2025 14:16:15","MATHEUS.AUGUSTO","","","","","0","0,00","","","","1","5","",""
"2611","2548"," ","16","","1","1","USR","964","EML","207","","","20/01/2025 14:16:16","MATHEUS.AUGUSTO","","","","","0","0,00","","","","1","5","",""
"2612","2550"," ","2","","1","1","USR","952","EML","207","","","20/01/2025 14:21:38","MATHEUS.AUGUSTO","","","","","0","0,00","","","","1","5","",""
"2613","2550"," ","3","","1","1","USR","953","EML","207","","","20/01/2025 14:21:48","MATHEUS.AUGUSTO","","","","","0","0,00","","","","1","5","",""
"2614","2550"," ","9","","1","1","USR","957","EML","207","","","20/01/2025 14:21:51","MATHEUS.AUGUSTO","","","","","0","0,00","","","","1","5","",""
"2615","2550"," ","14","","1","1","USR","962","EML","207","","","20/01/2025 14:21:51","MATHEUS.AUGUSTO","","","","","0","0,00","","","","1","5","",""
"2616","2550"," ","11","","1","1","USR","959","EML","207","","","20/01/2025 14:21:52","MATHEUS.AUGUSTO","","","","","0","0,00","","","","1","5","",""
"2617","2550"," ","4","","1","1","USR","954","EML","207","","","20/01/2025 14:21:52","MATHEUS.AUGUSTO","","","","","0","0,00","","","","1","5","",""
"2618","2550"," ","12","","1","1","USR","960","EML","207","","","20/01/2025 14:21:52","MATHEUS.AUGUSTO","","","","","0","0,00","","","","1","5","",""
"2619","2550"," ","5","","1","1","USR","955","EML","207","","","20/01/2025 14:21:52","MATHEUS.AUGUSTO","","","","","0","0,00","","","","1","5","",""
"2620","2550"," ","15","","1","1","USR","963","EML","207","","","20/01/2025 14:21:53","MATHEUS.AUGUSTO","","","","","0","0,00","","","","1","5","",""
"2621","2550"," ","10","","1","1","USR","958","EML","207","","","20/01/2025 14:21:53","MATHEUS.AUGUSTO","","","","","0","0,00","","","","1","5","",""
"2622","2550"," ","18","","1","1","USR","966","EML","207","","","20/01/2025 14:21:53","MATHEUS.AUGUSTO","","","","","0","0,00","","","","1","5","",""
"2623","2550"," ","7","","1","1","USR","956","EML","207","","","20/01/2025 14:21:53","MATHEUS.AUGUSTO","","","","","0","0,00","","","","1","5","",""
"2624","2550"," ","1","","1","1","USR","951","EML","207","","","20/01/2025 14:21:53","MATHEUS.AUGUSTO","","","","","0","0,00","","","","1","5","",""
"2625","2550"," ","13","","1","1","USR","961","EML","207","","","20/01/2025 14:21:54","MATHEUS.AUGUSTO","","","","","0","0,00","","","","1","5","",""
"2626","2550"," ","17","","1","1","USR","965","EML","207","","","20/01/2025 14:21:54","MATHEUS.AUGUSTO","","","","","0","0,00","","","","1","5","",""
"2627","2550"," ","16","","1","1","USR","964","EML","207","","","20/01/2025 14:22:29","MATHEUS.AUGUSTO","","","","","0","0,00","","","","1","5","",""
"2628","3258"," ","","AMS","1","1","USR","811","EML","211","","","21/01/2025 15:46:00","NETO.PRADO","22/08/2025 10:12:00","MATHEUS.AUGUSTO","","","0","0,00","","","0","1","5","Envio EML para LAYNE.SOUZA",""
"2629","3258"," ","","Peças","1","1","USR","354","EML","211","","","21/01/2025 15:46:39","NETO.PRADO","","","","","0","0,00","","","","1","5","",""
"2631","3259"," ","","","1","1","USR","811","EML","212","","","21/01/2025 15:51:00","NETO.PRADO","22/08/2025 09:59:51","MATHEUS.AUGUSTO","","","0","0,00","","","0","1","5","Ams",""
"2632","3259"," ","","Peças","1","1","USR","354","EML","212","","","21/01/2025 15:51:38","NETO.PRADO","","","","","0","0,00","","","","1","5","",""
"2634","2519"," ","13","","1","1","USR","961","EML","207","","","22/01/2025 07:41:44","NETO.PRADO","22/01/2025 07:43:09","NETO.PRADO","","","0","0,00","","","","1","5","",""
"2635","2515"," ","2","","1","1","USR","952","EML","207","","","22/01/2025 07:41:10","MATHEUS.AUGUSTO","","","","","0","0,00","","","","1","5","",""
"2636","2515"," ","3","","1","1","USR","953","EML","207","","","22/01/2025 07:41:12","MATHEUS.AUGUSTO","","","","","0","0,00","","","","1","5","",""
"2866","2578","","7","","1","1","USR","956","EML","207","","","05/08/2025 14:27:11","MATHEUS.AUGUSTO","05/08/2025 14:27:11","MATHEUS.AUGUSTO","","","0","0,00","","","0","1","0","ger","MsCtr_Andamento_EML"
"2867","2578","","1","","1","1","USR","951","EML","207","","","05/08/2025 14:27:33","MATHEUS.AUGUSTO","05/08/2025 14:27:33","MATHEUS.AUGUSTO","","","0","0,00","","","0","1","0","ger","MsCtr_Andamento_EML"
"2868","2578","","13","","1","1","USR","961","EML","207","","","05/08/2025 14:27:49","MATHEUS.AUGUSTO","05/08/2025 14:27:49","MATHEUS.AUGUSTO","","","0","0,00","","","0","1","0","ger","MsCtr_Andamento_EML"
"2869","2578","","17","","1","1","USR","965","EML","207","","","05/08/2025 14:28:07","MATHEUS.AUGUSTO","05/08/2025 14:28:07","MATHEUS.AUGUSTO","","","0","0,00","","","0","1","0","ger","MsCtr_Andamento_EML"
"2870","2578","","16","","1","1","USR","964","EML","207","","","05/08/2025 14:31:03","MATHEUS.AUGUSTO","05/08/2025 14:31:03","MATHEUS.AUGUSTO","","","0","0,00","","","0","1","0","ger","MsCtr_Andamento_EML"
"2871","2582","","16","","1","1","USR","964","EML","207","","","05/08/2025 14:33:56","MATHEUS.AUGUSTO","05/08/2025 14:33:56","MATHEUS.AUGUSTO","","","0","0,00","","","0","1","0","ger","MsCtr_Andamento_EML"
"2872","2582","","17","","1","1","USR","965","EML","207","","","05/08/2025 14:35:32","MATHEUS.AUGUSTO","05/08/2025 14:35:32","MATHEUS.AUGUSTO","","","0","0,00","","","0","1","0","ger","MsCtr_Andamento_EML"
"2873","2582","","18","","1","1","USR","966","EML","207","","","05/08/2025 14:35:58","MATHEUS.AUGUSTO","05/08/2025 14:35:58","MATHEUS.AUGUSTO","","","0","0,00","","","0","1","0","ger","MsCtr_Andamento_EML"
"2874","3447","","2","","1","1","USR","952","EML","207","","","05/08/2025 14:36:31","MATHEUS.AUGUSTO","05/08/2025 14:36:31","MATHEUS.AUGUSTO","","","0","0,00","","","0","1","0","ger","MsCtr_Andamento_EML"
"2875","3447","","3","","1","1","USR","953","EML","207","","","05/08/2025 14:45:03","MATHEUS.AUGUSTO","05/08/2025 14:45:03","MATHEUS.AUGUSTO","","","0","0,00","","","0","1","0","ger","MsCtr_Andamento_EML"
"2876","3447","","9","","1","1","USR","957","EML","207","","","05/08/2025 14:45:35","MATHEUS.AUGUSTO","05/08/2025 14:45:35","MATHEUS.AUGUSTO","","","0","0,00","","","0","1","0","ger","MsCtr_Andamento_EML"
"2877","3447","","14","","1","1","USR","962","EML","207","","","05/08/2025 14:45:57","MATHEUS.AUGUSTO","05/08/2025 14:45:57","MATHEUS.AUGUSTO","","","0","0,00","","","0","1","0","ger","MsCtr_Andamento_EML"
"2878","3447","","11","","1","1","USR","959","EML","207","","","05/08/2025 14:46:13","MATHEUS.AUGUSTO","05/08/2025 14:46:13","MATHEUS.AUGUSTO","","","0","0,00","","","0","1","0","ger","MsCtr_Andamento_EML"
"2879","3447","","12","","1","1","USR","960","EML","207","","","05/08/2025 14:46:37","MATHEUS.AUGUSTO","05/08/2025 14:46:37","MATHEUS.AUGUSTO","","","0","0,00","","","0","1","0","ger","MsCtr_Andamento_EML"
"2880","3447","","15","","1","1","USR","963","EML","207","","","05/08/2025 14:47:04","MATHEUS.AUGUSTO","05/08/2025 14:47:04","MATHEUS.AUGUSTO","","","0","0,00","","","0","1","0","ger","MsCtr_Andamento_EML"
"2881","3447","","18","","1","1","USR","966","EML","207","","","05/08/2025 14:47:22","MATHEUS.AUGUSTO","05/08/2025 14:47:22","MATHEUS.AUGUSTO","","","0","0,00","","","0","1","0","ger","MsCtr_Andamento_EML"
"2882","3447","","7","","1","1","USR","956","EML","207","","","05/08/2025 14:47:43","MATHEUS.AUGUSTO","05/08/2025 14:47:43","MATHEUS.AUGUSTO","","","0","0,00","","","0","1","0","ger","MsCtr_Andamento_EML"
"2883","3447","","1","","1","1","USR","951","EML","207","","","05/08/2025 14:48:00","MATHEUS.AUGUSTO","05/08/2025 14:48:00","MATHEUS.AUGUSTO","","","0","0,00","","","0","1","0","ger","MsCtr_Andamento_EML"
"2884","3447","","13","","1","1","USR","961","EML","207","","","05/08/2025 14:48:17","MATHEUS.AUGUSTO","05/08/2025 14:48:17","MATHEUS.AUGUSTO","","","0","0,00","","","0","1","0","ger","MsCtr_Andamento_EML"
"2885","3447","","17","","1","1","USR","965","EML","207","","","05/08/2025 14:48:32","MATHEUS.AUGUSTO","05/08/2025 14:48:32","MATHEUS.AUGUSTO","","","0","0,00","","","0","1","0","ger","MsCtr_Andamento_EML"
"2886","3447","","16","","1","1","USR","964","EML","207","","","05/08/2025 14:48:49","MATHEUS.AUGUSTO","05/08/2025 14:48:49","MATHEUS.AUGUSTO","","","0","0,00","","","0","1","0","ger","MsCtr_Andamento_EML"
"2887","3447","","2","","1","1","USR","1126","EML","207","","","05/08/2025 14:49:10","MATHEUS.AUGUSTO","05/08/2025 14:49:10","MATHEUS.AUGUSTO","","","0","0,00","","","0","1","0","assist","MsCtr_Andamento_EML"
"2888","3447","","3","","1","1","USR","1124","EML","207","","","05/08/2025 15:44:47","MATHEUS.AUGUSTO","05/08/2025 15:44:47","MATHEUS.AUGUSTO","","","0","0,00","","","0","1","0","assist ven","MsCtr_Andamento_EML"
"2889","3447","","9","","1","1","USR","1123","EML","207","","","05/08/2025 15:46:34","MATHEUS.AUGUSTO","05/08/2025 15:46:34","MATHEUS.AUGUSTO","","","0","0,00","","","0","1","0","assist ven","MsCtr_Andamento_EML"
"2890","3447","","9","","1","1","USR","1123","EML","207","","","05/08/2025 15:46:54","MATHEUS.AUGUSTO","05/08/2025 15:46:54","MATHEUS.AUGUSTO","","","0","0,00","","","0","1","0","assist ven","MsCtr_Andamento_EML"
"2891","3447","","14","","1","1","USR","1256","EML","207","","","05/08/2025 15:47:10","MATHEUS.AUGUSTO","05/08/2025 15:47:10","MATHEUS.AUGUSTO","","","0","0,00","","","0","1","0","assist ven","MsCtr_Andamento_EML"
"2892","3447","","11","","1","1","USR","1125","EML","207","","","05/08/2025 15:47:25","MATHEUS.AUGUSTO","05/08/2025 15:47:25","MATHEUS.AUGUSTO","","","0","0,00","","","0","1","0","assist ven","MsCtr_Andamento_EML"
"2893","3447","","4","","1","1","USR","1158","EML","207","","","05/08/2025 15:47:40","MATHEUS.AUGUSTO","05/08/2025 15:47:40","MATHEUS.AUGUSTO","","","0","0,00","","","0","1","0","assist ven","MsCtr_Andamento_EML"
"2894","3447","","12","","1","1","USR","1127","EML","207","","","05/08/2025 15:47:56","MATHEUS.AUGUSTO","05/08/2025 15:47:56","MATHEUS.AUGUSTO","","","0","0,00","","","0","1","0","assist ven","MsCtr_Andamento_EML"
"2895","3447","","5","","1","1","USR","1159","EML","207","","","05/08/2025 15:48:12","MATHEUS.AUGUSTO","05/08/2025 15:48:12","MATHEUS.AUGUSTO","","","0","0,00","","","0","1","0","assist ven","MsCtr_Andamento_EML"
"2896","3447","","15","","1","1","USR","1257","EML","207","","","05/08/2025 15:48:27","MATHEUS.AUGUSTO","05/08/2025 15:48:27","MATHEUS.AUGUSTO","","","0","0,00","","","0","1","0","assist ven","MsCtr_Andamento_EML"
"2897","3447","","10","","1","1","USR","1160","EML","207","","","05/08/2025 15:48:42","MATHEUS.AUGUSTO","05/08/2025 15:48:42","MATHEUS.AUGUSTO","","","0","0,00","","","0","1","0","assist ven","MsCtr_Andamento_EML"
"2898","3447","","18","","1","1","USR","1260","EML","207","","","05/08/2025 15:49:04","MATHEUS.AUGUSTO","05/08/2025 15:49:04","MATHEUS.AUGUSTO","","","0","0,00","","","0","1","0","assist ven","MsCtr_Andamento_EML"
"2899","3447","","7","","1","1","USR","1122","EML","207","","","05/08/2025 15:49:22","MATHEUS.AUGUSTO","05/08/2025 15:49:22","MATHEUS.AUGUSTO","","","0","0,00","","","0","1","0","assist ven","MsCtr_Andamento_EML"
"2900","3447","","1","","1","1","USR","1121","EML","207","","","05/08/2025 15:49:36","MATHEUS.AUGUSTO","05/08/2025 15:49:36","MATHEUS.AUGUSTO","","","0","0,00","","","0","1","0","assist ven","MsCtr_Andamento_EML"
"2901","3447","","13","","1","1","USR","1255","EML","207","","","05/08/2025 15:49:49","MATHEUS.AUGUSTO","05/08/2025 15:49:49","MATHEUS.AUGUSTO","","","0","0,00","","","0","1","0","assist ven","MsCtr_Andamento_EML"
"2902","3447","","17","","1","1","USR","1259","EML","207","","","05/08/2025 15:50:06","MATHEUS.AUGUSTO","05/08/2025 15:50:06","MATHEUS.AUGUSTO","","","0","0,00","","","0","1","0","assist ven","MsCtr_Andamento_EML"
"2903","3447","","16","","1","1","USR","1258","EML","207","","","05/08/2025 15:50:22","MATHEUS.AUGUSTO","05/08/2025 15:50:22","MATHEUS.AUGUSTO","","","0","0,00","","","0","1","0","assist ven","MsCtr_Andamento_EML"
"2904","3417","","2","","1","1","USR","952","EML","207","","","06/08/2025 09:10:00","MATHEUS.AUGUSTO","06/08/2025 09:10:00","MATHEUS.AUGUSTO","","","0","0,00","","","0","1","0","GER","MsCtr_Andamento_EML"
"2905","3417","","3","","1","1","USR","953","EML","207","","","06/08/2025 09:19:00","MATHEUS.AUGUSTO","06/08/2025 09:19:00","MATHEUS.AUGUSTO","","","0","0,00","","","0","1","0","ger","MsCtr_Andamento_EML"
"2906","3417","","9","","1","1","USR","957","EML","207","","","06/08/2025 09:19:00","MATHEUS.AUGUSTO","06/08/2025 09:19:00","MATHEUS.AUGUSTO","","","0","0,00","","","0","1","0","ger","MsCtr_Andamento_EML"
"2907","3417","","14","","1","1","USR","962","EML","207","","","06/08/2025 09:20:00","MATHEUS.AUGUSTO","06/08/2025 09:20:00","MATHEUS.AUGUSTO","","","0","0,00","","","0","1","0","ger","MsCtr_Andamento_EML"
"2908","3417","","11","","1","1","USR","959","EML","207","","","06/08/2025 09:21:00","MATHEUS.AUGUSTO","06/08/2025 09:21:00","MATHEUS.AUGUSTO","","","0","0,00","","","0","1","0","ger","MsCtr_Andamento_EML"
"2909","3417","","4","","1","1","USR","954","EML","207","","","06/08/2025 09:21:00","MATHEUS.AUGUSTO","06/08/2025 09:21:00","MATHEUS.AUGUSTO","","","0","0,00","","","0","1","0","ger","MsCtr_Andamento_EML"
"2910","3417","","12","","1","1","USR","960","EML","207","","","06/08/2025 09:21:00","MATHEUS.AUGUSTO","06/08/2025 09:21:00","MATHEUS.AUGUSTO","","","0","0,00","","","0","1","0","ger","MsCtr_Andamento_EML"
"2911","3417","","5","","1","1","USR","955","EML","207","","","06/08/2025 09:21:00","MATHEUS.AUGUSTO","06/08/2025 09:21:00","MATHEUS.AUGUSTO","","","0","0,00","","","0","1","0","ger","MsCtr_Andamento_EML"
"2912","3417","","15","","1","1","USR","963","EML","207","","","06/08/2025 09:22:00","MATHEUS.AUGUSTO","06/08/2025 09:22:00","MATHEUS.AUGUSTO","","","0","0,00","","","0","1","0","ger","MsCtr_Andamento_EML"
"2913","3417","","10","","1","1","USR","958","EML","207","","","06/08/2025 09:22:00","MATHEUS.AUGUSTO","06/08/2025 09:22:00","MATHEUS.AUGUSTO","","","0","0,00","","","0","1","0","ger","MsCtr_Andamento_EML"
"2914","3417","","18","","1","1","USR","966","EML","207","","","06/08/2025 09:22:00","MATHEUS.AUGUSTO","06/08/2025 09:22:00","MATHEUS.AUGUSTO","","","0","0,00","","","0","1","0","ger","MsCtr_Andamento_EML"
"2915","3417","","7","","1","1","USR","956","EML","207","","","06/08/2025 09:23:00","MATHEUS.AUGUSTO","06/08/2025 09:23:00","MATHEUS.AUGUSTO","","","0","0,00","","","0","1","0","ger","MsCtr_Andamento_EML"
"2916","3417","","1","","1","1","USR","951","EML","207","","","06/08/2025 09:23:00","MATHEUS.AUGUSTO","06/08/2025 09:23:00","MATHEUS.AUGUSTO","","","0","0,00","","","0","1","0","ger","MsCtr_Andamento_EML"
"2917","3417","","13","","1","1","USR","961","EML","207","","","06/08/2025 09:23:00","MATHEUS.AUGUSTO","06/08/2025 09:23:00","MATHEUS.AUGUSTO","","","0","0,00","","","0","1","0","ger","MsCtr_Andamento_EML"
"2918","3417","","17","","1","1","USR","965","EML","207","","","06/08/2025 09:23:00","MATHEUS.AUGUSTO","06/08/2025 09:23:00","MATHEUS.AUGUSTO","","","0","0,00","","","0","1","0","ger","MsCtr_Andamento_EML"
"2919","3417","","16","","1","1","USR","964","EML","207","","","06/08/2025 09:24:00","MATHEUS.AUGUSTO","06/08/2025 09:24:00","MATHEUS.AUGUSTO","","","0","0,00","","","0","1","0","ger","MsCtr_Andamento_EML"
"2920","3417","","2","","1","1","USR","1126","EML","207","","","06/08/2025 09:24:00","MATHEUS.AUGUSTO","06/08/2025 09:24:00","MATHEUS.AUGUSTO","","","0","0,00","","","0","1","0","assist","MsCtr_Andamento_EML"
"2921","3417","","3","","1","1","USR","1124","EML","207","","","06/08/2025 09:29:00","MATHEUS.AUGUSTO","06/08/2025 09:29:00","MATHEUS.AUGUSTO","","","0","0,00","","","0","1","0","assist ven","MsCtr_Andamento_EML"
"2922","3417","","9","","1","1","USR","1123","EML","207","","","06/08/2025 09:30:00","MATHEUS.AUGUSTO","06/08/2025 09:30:00","MATHEUS.AUGUSTO","","","0","0,00","","","0","1","0","assist ven","MsCtr_Andamento_EML"
"2923","3417","","14","","1","1","USR","1256","EML","207","","","06/08/2025 09:33:00","MATHEUS.AUGUSTO","06/08/2025 09:33:00","MATHEUS.AUGUSTO","","","0","0,00","","","0","1","0","assist ven","MsCtr_Andamento_EML"
"2924","3417","","11","","1","1","USR","1125","EML","207","","","06/08/2025 09:33:00","MATHEUS.AUGUSTO","06/08/2025 09:33:00","MATHEUS.AUGUSTO","","","0","0,00","","","0","1","0","assist ven","MsCtr_Andamento_EML"
"2925","3417","","4","","1","1","USR","1158","EML","207","","","06/08/2025 09:33:00","MATHEUS.AUGUSTO","06/08/2025 09:33:00","MATHEUS.AUGUSTO","","","0","0,00","","","0","1","0","assist ven","MsCtr_Andamento_EML"
"2926","3417","","12","","1","1","USR","1127","EML","207","","","06/08/2025 09:34:00","MATHEUS.AUGUSTO","06/08/2025 09:34:00","MATHEUS.AUGUSTO","","","0","0,00","","","0","1","0","assist ven","MsCtr_Andamento_EML"
"2927","3417","","5","","1","1","USR","1159","EML","207","","","06/08/2025 09:34:00","MATHEUS.AUGUSTO","06/08/2025 09:34:00","MATHEUS.AUGUSTO","","","0","0,00","","","0","1","0","assist ven","MsCtr_Andamento_EML"
"2928","3417","","15","","1","1","USR","1257","EML","207","","","06/08/2025 09:34:00","MATHEUS.AUGUSTO","06/08/2025 09:34:00","MATHEUS.AUGUSTO","","","0","0,00","","","0","1","0","assist ven","MsCtr_Andamento_EML"
"2929","3417","","10","","1","1","USR","1160","EML","207","","","06/08/2025 09:35:00","MATHEUS.AUGUSTO","06/08/2025 09:35:00","MATHEUS.AUGUSTO","","","0","0,00","","","0","1","0","assist ven","MsCtr_Andamento_EML"
"2930","3417","","18","","1","1","USR","1260","EML","207","","","06/08/2025 09:35:00","MATHEUS.AUGUSTO","06/08/2025 09:35:00","MATHEUS.AUGUSTO","","","0","0,00","","","0","1","0","assist ven","MsCtr_Andamento_EML"
"2931","3417","","7","","1","1","USR","1122","EML","207","","","06/08/2025 09:35:00","MATHEUS.AUGUSTO","06/08/2025 09:35:00","MATHEUS.AUGUSTO","","","0","0,00","","","0","1","0","assist ven","MsCtr_Andamento_EML"
"2932","3417","","1","","1","1","USR","1121","EML","207","","","06/08/2025 09:35:00","MATHEUS.AUGUSTO","06/08/2025 09:35:00","MATHEUS.AUGUSTO","","","0","0,00","","","0","1","0","assist ven","MsCtr_Andamento_EML"
"2933","3417","","13","","1","1","USR","1255","EML","207","","","06/08/2025 09:36:00","MATHEUS.AUGUSTO","06/08/2025 09:36:00","MATHEUS.AUGUSTO","","","0","0,00","","","0","1","0","assist ven","MsCtr_Andamento_EML"
"2934","3417","","17","","1","1","USR","1259","EML","207","","","06/08/2025 09:37:00","MATHEUS.AUGUSTO","06/08/2025 09:37:00","MATHEUS.AUGUSTO","","","0","0,00","","","0","1","0","assist ven","MsCtr_Andamento_EML"
"2935","3417","","16","","1","1","USR","1258","EML","207","","","06/08/2025 09:37:00","MATHEUS.AUGUSTO","06/08/2025 09:37:00","MATHEUS.AUGUSTO","","","0","0,00","","","0","1","0","assist ven","MsCtr_Andamento_EML"
"2936","3412","","","","1","1","USR","863","EML","207","","","07/08/2025 15:33:14","RICARDO.MORETTI","07/08/2025 15:33:14","RICARDO.MORETTI","","","0","0,00","","","0","1","0","lorelaine","MsCtr_Andamento_EML"
"2937","3401","","","","1","1","USR","-5","EML","207","","","18/08/2025 08:09:00","MATHEUS.AUGUSTO","18/08/2025 08:09:00","MATHEUS.AUGUSTO","","","0","0,00","","","0","1","0","Vendedor","MsCtr_Andamento_EML"
"2938","3402","","","","1","1","USR","-5","EML","207","","","18/08/2025 08:22:00","MATHEUS.AUGUSTO","18/08/2025 08:22:00","MATHEUS.AUGUSTO","","","0","0,00","","","0","1","0","Vendedor","MsCtr_Andamento_EML"
"2939","3406","","","","1","1","USR","-5","EML","207","","","18/08/2025 08:24:35","MATHEUS.AUGUSTO","18/08/2025 08:24:35","MATHEUS.AUGUSTO","","","0","0,00","","","0","1","0","Vendedor","MsCtr_Andamento_EML"
"2940","3412","","","","1","1","USR","-5","EML","207","","","18/08/2025 08:26:54","MATHEUS.AUGUSTO","18/08/2025 08:26:54","MATHEUS.AUGUSTO","","","0","0,00","","","0","1","0","Vendedor","MsCtr_Andamento_EML"
"2941","3413","","","","1","1","USR","-5","EML","207","","","18/08/2025 08:27:39","MATHEUS.AUGUSTO","18/08/2025 08:27:39","MATHEUS.AUGUSTO","","","0","0,00","","","0","1","0","Vendedor","MsCtr_Andamento_EML"
"2942","3447","","","","1","1","USR","-5","EML","207","","","18/08/2025 08:28:10","MATHEUS.AUGUSTO","18/08/2025 08:28:10","MATHEUS.AUGUSTO","","","0","0,00","","","0","1","0","Vendedor","MsCtr_Andamento_EML"
"2943","3440","","","","1","1","USR","-5","EML","207","","","18/08/2025 08:28:52","MATHEUS.AUGUSTO","18/08/2025 08:28:52","MATHEUS.AUGUSTO","","","0","0,00","","","0","1","0","Vendedor","MsCtr_Andamento_EML"
"2944","2994","","","","1","1","USR","-5","EML","207","","","18/08/2025 08:29:36","MATHEUS.AUGUSTO","18/08/2025 08:29:36","MATHEUS.AUGUSTO","","","0","0,00","","","0","1","0","Vendedor","MsCtr_Andamento_EML"
"2945","3455","","","","1","1","USR","-5","EML","207","","","18/08/2025 08:30:56","MATHEUS.AUGUSTO","18/08/2025 08:30:56","MATHEUS.AUGUSTO","","","0","0,00","","","0","1","0","Vendedor","MsCtr_Andamento_EML"
"2946","3456","","","","1","1","USR","-5","EML","207","","","18/08/2025 08:31:31","MATHEUS.AUGUSTO","18/08/2025 08:31:31","MATHEUS.AUGUSTO","","","0","0,00","","","0","1","0","Vendedor","MsCtr_Andamento_EML"
"2947","2968","","","","1","1","USR","-5","EML","207","","","21/08/2025 09:48:28","MATHEUS.AUGUSTO","21/08/2025 09:48:28","MATHEUS.AUGUSTO","","","0","0,00","","","0","1","0","Vendedor","MsCtr_Andamento_EML"
"2948","3673","","","","","","USR","255","EML","207","","","21/08/2025 10:51:00","NETO.PRADO","21/08/2025 10:51:00","NETO.PRADO","","","0","0,00","","","0","1","0","TESTE ENVIO DE E-MAIL","MsCtr_Andamento_EML"
"2949","3440","","2","","1","1","USR","1126","EML","207","","","21/08/2025 09:48:59","MATHEUS.AUGUSTO","21/08/2025 09:48:59","MATHEUS.AUGUSTO","","","0","0,00","","","0","1","0","assist ven","MsCtr_Andamento_EML"
"2950","3440","","3","","1","1","USR","1124","EML","207","","","21/08/2025 11:10:58","MATHEUS.AUGUSTO","21/08/2025 11:10:58","MATHEUS.AUGUSTO","","","0","0,00","","","0","1","0","assist ven","MsCtr_Andamento_EML"
"2951","3440","","9","","1","1","USR","1123","EML","207","","","21/08/2025 11:11:18","MATHEUS.AUGUSTO","21/08/2025 11:11:18","MATHEUS.AUGUSTO","","","0","0,00","","","0","1","0","assist ven","MsCtr_Andamento_EML"
"2952","3440","","14","","1","1","USR","1256","EML","207","","","21/08/2025 11:11:35","MATHEUS.AUGUSTO","21/08/2025 11:11:35","MATHEUS.AUGUSTO","","","0","0,00","","","0","1","0","assist ven","MsCtr_Andamento_EML"
"2953","3440","","12","","1","1","USR","1127","EML","207","","","21/08/2025 11:12:00","MATHEUS.AUGUSTO","21/08/2025 11:12:00","MATHEUS.AUGUSTO","","","0","0,00","","","0","1","0","assist ven","MsCtr_Andamento_EML"
"2954","3440","","4","","1","1","USR","1158","EML","207","","","21/08/2025 11:12:27","MATHEUS.AUGUSTO","21/08/2025 11:12:27","MATHEUS.AUGUSTO","","","0","0,00","","","0","1","0","assist ven","MsCtr_Andamento_EML"
"2955","3440","","5","","1","1","USR","1159","EML","207","","","21/08/2025 11:13:10","MATHEUS.AUGUSTO","21/08/2025 11:13:10","MATHEUS.AUGUSTO","","","0","0,00","","","0","1","0","assist ven","MsCtr_Andamento_EML"
"2956","3440","","15","","1","1","USR","1257","EML","207","","","21/08/2025 11:13:28","MATHEUS.AUGUSTO","21/08/2025 11:13:28","MATHEUS.AUGUSTO","","","0","0,00","","","0","1","0","assist ven","MsCtr_Andamento_EML"
"2957","3440","","10","","1","1","USR","1160","EML","207","","","21/08/2025 11:13:52","MATHEUS.AUGUSTO","21/08/2025 11:13:52","MATHEUS.AUGUSTO","","","0","0,00","","","0","1","0","assist ven","MsCtr_Andamento_EML"
"2958","3440","","18","","1","1","USR","1260","EML","207","","","21/08/2025 11:14:10","MATHEUS.AUGUSTO","21/08/2025 11:14:10","MATHEUS.AUGUSTO","","","0","0,00","","","0","1","0","assist ven","MsCtr_Andamento_EML"
"2959","3440","","7","","1","1","USR","1122","EML","207","","","21/08/2025 11:14:33","MATHEUS.AUGUSTO","21/08/2025 11:14:33","MATHEUS.AUGUSTO","","","0","0,00","","","0","1","0","assist ven","MsCtr_Andamento_EML"
"2960","3440","","1","","1","1","USR","1121","EML","207","","","21/08/2025 11:14:51","MATHEUS.AUGUSTO","21/08/2025 11:14:51","MATHEUS.AUGUSTO","","","0","0,00","","","0","1","0","assist ven","MsCtr_Andamento_EML"
"2961","3440","","13","","1","1","USR","1255","EML","207","","","21/08/2025 11:15:11","MATHEUS.AUGUSTO","21/08/2025 11:15:11","MATHEUS.AUGUSTO","","","0","0,00","","","0","1","0","assist ven","MsCtr_Andamento_EML"
"2962","3440","","17","","1","1","USR","1259","EML","207","","","21/08/2025 11:15:35","MATHEUS.AUGUSTO","21/08/2025 11:15:35","MATHEUS.AUGUSTO","","","0","0,00","","","0","1","0","assist ven","MsCtr_Andamento_EML"
"2963","3440","","16","","1","1","USR","1258","EML","207","","","21/08/2025 11:15:57","MATHEUS.AUGUSTO","21/08/2025 11:15:57","MATHEUS.AUGUSTO","","","0","0,00","","","0","1","0","assist ven","MsCtr_Andamento_EML"
"2964","3440","","","","1","1","USR","869","EML","207","","","21/08/2025 11:16:52","MATHEUS.AUGUSTO","21/08/2025 11:16:52","MATHEUS.AUGUSTO","","","0","0,00","","","0","1","0","Adm Vendas","MsCtr_Andamento_EML"
"2965","3440","","2","","1","1","USR","952","EML","207","","","21/08/2025 11:20:32","MATHEUS.AUGUSTO","21/08/2025 11:20:32","MATHEUS.AUGUSTO","","","0","0,00","","","0","1","0","ger maq","MsCtr_Andamento_EML"
"2966","3440","","3","","1","1","USR","953","EML","207","","","21/08/2025 11:28:54","MATHEUS.AUGUSTO","21/08/2025 11:28:54","MATHEUS.AUGUSTO","","","0","0,00","","","0","1","0","ger maq","MsCtr_Andamento_EML"
"2967","3440","","9","","1","1","USR","957","EML","207","","","21/08/2025 11:29:16","MATHEUS.AUGUSTO","21/08/2025 11:29:16","MATHEUS.AUGUSTO","","","0","0,00","","","0","1","0","ger maq","MsCtr_Andamento_EML"
"2968","3440","","14","","1","1","USR","962","EML","207","","","21/08/2025 11:29:33","MATHEUS.AUGUSTO","21/08/2025 11:29:33","MATHEUS.AUGUSTO","","","0","0,00","","","0","1","0","ger maq","MsCtr_Andamento_EML"
"2969","3440","","11","","1","1","USR","959","EML","207","","","21/08/2025 11:29:52","MATHEUS.AUGUSTO","21/08/2025 11:29:52","MATHEUS.AUGUSTO","","","0","0,00","","","0","1","0","ger maq","MsCtr_Andamento_EML"
"2970","3440","","4","","1","1","USR","954","EML","207","","","21/08/2025 11:30:10","MATHEUS.AUGUSTO","21/08/2025 11:30:10","MATHEUS.AUGUSTO","","","0","0,00","","","0","1","0","ger maq","MsCtr_Andamento_EML"
"2971","3440","","12","","1","1","USR","960","EML","207","","","21/08/2025 11:30:31","MATHEUS.AUGUSTO","21/08/2025 11:30:31","MATHEUS.AUGUSTO","","","0","0,00","","","0","1","0","ger maq","MsCtr_Andamento_EML"
"2972","3440","","5","","1","1","USR","955","EML","207","","","21/08/2025 11:30:46","MATHEUS.AUGUSTO","21/08/2025 11:30:46","MATHEUS.AUGUSTO","","","0","0,00","","","0","1","0","ger maq","MsCtr_Andamento_EML"
"2973","3440","","15","","1","1","USR","963","EML","207","","","21/08/2025 11:31:01","MATHEUS.AUGUSTO","21/08/2025 11:31:01","MATHEUS.AUGUSTO","","","0","0,00","","","0","1","0","ger maq","MsCtr_Andamento_EML"
"2974","3440","","10","","1","1","USR","958","EML","207","","","21/08/2025 11:31:24","MATHEUS.AUGUSTO","21/08/2025 11:31:24","MATHEUS.AUGUSTO","","","0","0,00","","","0","1","0","ger maq","MsCtr_Andamento_EML"
"2975","3440","","18","","1","1","USR","966","EML","207","","","21/08/2025 11:31:43","MATHEUS.AUGUSTO","21/08/2025 11:31:43","MATHEUS.AUGUSTO","","","0","0,00","","","0","1","0","ger maq","MsCtr_Andamento_EML"
"2976","3440","","7","","1","1","USR","956","EML","207","","","21/08/2025 11:32:01","MATHEUS.AUGUSTO","21/08/2025 11:32:01","MATHEUS.AUGUSTO","","","0","0,00","","","0","1","0","ger maq","MsCtr_Andamento_EML"
"2977","3440","","1","","1","1","USR","951","EML","207","","","21/08/2025 11:32:18","MATHEUS.AUGUSTO","21/08/2025 11:32:18","MATHEUS.AUGUSTO","","","0","0,00","","","0","1","0","ger maq","MsCtr_Andamento_EML"
"2978","3440","","13","","1","1","USR","961","EML","207","","","21/08/2025 11:32:40","MATHEUS.AUGUSTO","21/08/2025 11:32:40","MATHEUS.AUGUSTO","","","0","0,00","","","0","1","0","ger maq","MsCtr_Andamento_EML"
"2979","3440","","17","","1","1","USR","965","EML","207","","","21/08/2025 11:33:01","MATHEUS.AUGUSTO","21/08/2025 11:33:01","MATHEUS.AUGUSTO","","","0","0,00","","","0","1","0","ger maq","MsCtr_Andamento_EML"
"2980","3440","","16","","1","1","USR","964","EML","207","","","21/08/2025 11:33:22","MATHEUS.AUGUSTO","21/08/2025 11:33:22","MATHEUS.AUGUSTO","","","0","0,00","","","0","1","0","ger maq","MsCtr_Andamento_EML"
"2981","2869","","","","1","1","USR","-5","EML","207","","","20/08/2025 15:55:47","MATHEUS.AUGUSTO","20/08/2025 15:55:47","MATHEUS.AUGUSTO","","","0","0,00","","","0","1","0","Vendedor","MsCtr_Andamento_EML"
"2982","3412","","2","","1","1","USR","952","EML","207","","","22/08/2025 09:18:26","MATHEUS.AUGUSTO","22/08/2025 09:18:26","MATHEUS.AUGUSTO","","","0","0,00","","","0","1","0","ger maq","MsCtr_Andamento_EML"
"2983","3412","","3","","1","1","USR","953","EML","207","","","22/08/2025 09:22:18","MATHEUS.AUGUSTO","22/08/2025 09:22:18","MATHEUS.AUGUSTO","","","0","0,00","","","0","1","0","ger maq","MsCtr_Andamento_EML"
"2984","3412","","9","","1","1","USR","957","EML","207","","","22/08/2025 09:22:34","MATHEUS.AUGUSTO","22/08/2025 09:22:34","MATHEUS.AUGUSTO","","","0","0,00","","","0","1","0","ger maq","MsCtr_Andamento_EML"
"2985","3412","","14","","1","1","USR","962","EML","207","","","22/08/2025 09:22:57","MATHEUS.AUGUSTO","22/08/2025 09:22:57","MATHEUS.AUGUSTO","","","0","0,00","","","0","1","0","ger maq","MsCtr_Andamento_EML"
"2986","3412","","11","","1","1","USR","959","EML","207","","","22/08/2025 09:23:13","MATHEUS.AUGUSTO","22/08/2025 09:23:13","MATHEUS.AUGUSTO","","","0","0,00","","","0","1","0","ger maq","MsCtr_Andamento_EML"
"2987","3412","","4","","1","1","USR","954","EML","207","","","22/08/2025 09:23:35","MATHEUS.AUGUSTO","22/08/2025 09:23:35","MATHEUS.AUGUSTO","","","0","0,00","","","0","1","0","ger maq","MsCtr_Andamento_EML"
"2988","3412","","12","","1","1","USR","960","EML","207","","","22/08/2025 09:23:51","MATHEUS.AUGUSTO","22/08/2025 09:23:51","MATHEUS.AUGUSTO","","","0","0,00","","","0","1","0","ger maq","MsCtr_Andamento_EML"
"2989","3412","","5","","1","1","USR","955","EML","207","","","22/08/2025 09:24:13","MATHEUS.AUGUSTO","22/08/2025 09:24:13","MATHEUS.AUGUSTO","","","0","0,00","","","0","1","0","ger maq","MsCtr_Andamento_EML"
"2990","3412","","15","","1","1","USR","963","EML","207","","","22/08/2025 09:24:28","MATHEUS.AUGUSTO","22/08/2025 09:24:28","MATHEUS.AUGUSTO","","","0","0,00","","","0","1","0","ger maq","MsCtr_Andamento_EML"
"2991","3412","","10","","1","1","USR","958","EML","207","","","22/08/2025 09:24:47","MATHEUS.AUGUSTO","22/08/2025 09:24:47","MATHEUS.AUGUSTO","","","0","0,00","","","0","1","0","ger maq","MsCtr_Andamento_EML"
"2992","3412","","18","","1","1","USR","966","EML","207","","","22/08/2025 09:25:01","MATHEUS.AUGUSTO","22/08/2025 09:25:01","MATHEUS.AUGUSTO","","","0","0,00","","","0","1","0","ger maq","MsCtr_Andamento_EML"
"2993","3412","","7","","1","1","USR","956","EML","207","","","22/08/2025 09:25:14","MATHEUS.AUGUSTO","22/08/2025 09:25:14","MATHEUS.AUGUSTO","","","0","0,00","","","0","1","0","ger maq","MsCtr_Andamento_EML"
"2994","3412","","1","","1","1","USR","951","EML","207","","","22/08/2025 09:25:33","MATHEUS.AUGUSTO","22/08/2025 09:25:33","MATHEUS.AUGUSTO","","","0","0,00","","","0","1","0","ger maq","MsCtr_Andamento_EML"
"2995","3412","","13","","1","1","USR","961","EML","207","","","22/08/2025 09:25:48","MATHEUS.AUGUSTO","22/08/2025 09:25:48","MATHEUS.AUGUSTO","","","0","0,00","","","0","1","0","ger maq","MsCtr_Andamento_EML"
"2996","3412","","17","","1","1","USR","965","EML","207","","","22/08/2025 09:26:04","MATHEUS.AUGUSTO","22/08/2025 09:26:04","MATHEUS.AUGUSTO","","","0","0,00","","","0","1","0","ger maq","MsCtr_Andamento_EML"
"2997","3412","","16","","1","1","USR","964","EML","207","","","22/08/2025 09:26:20","MATHEUS.AUGUSTO","22/08/2025 09:26:20","MATHEUS.AUGUSTO","","","0","0,00","","","0","1","0","ger maq","MsCtr_Andamento_EML"
"2998","3258","","","Serviços","1","1","USR","785","EML","207","","","22/08/2025 10:13:26","MATHEUS.AUGUSTO","22/08/2025 10:13:26","MATHEUS.AUGUSTO","","","0","0,00","","","0","1","0","Serviços","MsCtr_Andamento_EML"
"2999","3259","","","Serviços","1","1","USR","785","EML","207","","","22/08/2025 10:14:41","MATHEUS.AUGUSTO","22/08/2025 10:14:41","MATHEUS.AUGUSTO","","","0","0,00","","","0","1","0","Serviços","MsCtr_Andamento_EML"
"3000","3659","","","","1","1","USR","863","EML","207","","","22/08/2025 14:14:55","MATHEUS.AUGUSTO","22/08/2025 14:14:55","MATHEUS.AUGUSTO","","","0","0,00","","","0","1","0","Lorelaine","MsCtr_Andamento_EML"
"3001","3231","","","","1","1","USR","652","EML","207","","","02/09/2025 10:35:11","RICARDO.MORETTI","02/09/2025 10:35:11","RICARDO.MORETTI","","","0","0,00","","","0","1","0","Fran","MsCtr_Andamento_EML"
"3002","3641","","","","1","1","USR","1365","EML","207","","","08/09/2025 08:18:41","MATHEUS.AUGUSTO","08/09/2025 08:18:41","MATHEUS.AUGUSTO","","","0","0,00","","","0","1","0","Adm de Vendas","MsCtr_Andamento_EML"
"3003","3234","","","","1","1","USR","-3","EML","207","","","12/09/2025 10:57:32","MATHEUS.AUGUSTO","12/09/2025 10:57:32","MATHEUS.AUGUSTO","","","0","0,00","","","0","1","0","Gerente","MsCtr_Andamento_EML"
"3004","3233","","","","1","1","USR","-3","EML","207","","","12/09/2025 11:00:32","MATHEUS.AUGUSTO","12/09/2025 11:00:32","MATHEUS.AUGUSTO","","","0","0,00","","","0","1","0","Gerentes","MsCtr_Andamento_EML"
"3005","3235","","","","1","1","USR","-3","EML","207","","","12/09/2025 11:01:08","MATHEUS.AUGUSTO","12/09/2025 11:01:08","MATHEUS.AUGUSTO","","","0","0,00","","","0","1","0","Gerente","MsCtr_Andamento_EML"
"3006","3236","","","","1","1","USR","-3","EML","207","","","12/09/2025 11:02:28","MATHEUS.AUGUSTO","12/09/2025 11:02:28","MATHEUS.AUGUSTO","","","0","0,00","","","0","1","0","Gerente","MsCtr_Andamento_EML"
"3007","3664","","","","1","1","USR","1365","EML","207","","","29/09/2025 09:45:10","MATHEUS.AUGUSTO","29/09/2025 09:45:10","MATHEUS.AUGUSTO","","","0","0,00","","","0","1","0","Adm de Vendas","MsCtr_Andamento_EML"
"3008","3445","","2","","1","1","USR","1126","EML","207","","","29/09/2025 14:00:00","MATHEUS.AUGUSTO","29/09/2025 14:00:00","MATHEUS.AUGUSTO","","","0","0,00","","","0","1","0","assist ven","MsCtr_Andamento_EML"
"3009","3445","","3","","1","1","USR","1124","EML","207","","","29/09/2025 14:11:00","MATHEUS.AUGUSTO","29/09/2025 14:11:00","MATHEUS.AUGUSTO","","","0","0,00","","","0","1","0","assist ven","MsCtr_Andamento_EML"
"3010","3445","","9","","1","1","USR","1123","EML","207","","","29/09/2025 15:05:00","MATHEUS.AUGUSTO","29/09/2025 15:05:00","MATHEUS.AUGUSTO","","","0","0,00","","","0","1","0","assist ven","MsCtr_Andamento_EML"
"3011","3445","","14","","1","1","USR","1256","EML","207","","","29/09/2025 15:05:00","MATHEUS.AUGUSTO","29/09/2025 15:05:00","MATHEUS.AUGUSTO","","","0","0,00","","","0","1","0","assist ven","MsCtr_Andamento_EML"
"3012","3445","","11","","1","1","USR","1125","EML","207","","","29/09/2025 15:06:00","MATHEUS.AUGUSTO","29/09/2025 15:06:00","MATHEUS.AUGUSTO","","","0","0,00","","","0","1","0","assist ven","MsCtr_Andamento_EML"
"3013","3445","","4","","1","1","USR","1158","EML","207","","","29/09/2025 15:06:00","MATHEUS.AUGUSTO","29/09/2025 15:06:00","MATHEUS.AUGUSTO","","","0","0,00","","","0","1","0","assist ven","MsCtr_Andamento_EML"
"3014","3445","","12","","1","1","USR","1127","EML","207","","","29/09/2025 15:06:00","MATHEUS.AUGUSTO","29/09/2025 15:06:00","MATHEUS.AUGUSTO","","","0","0,00","","","0","1","0","assist ven","MsCtr_Andamento_EML"
"3015","3445","","5","","1","1","USR","1159","EML","207","","","29/09/2025 15:06:00","MATHEUS.AUGUSTO","29/09/2025 15:06:00","MATHEUS.AUGUSTO","","","0","0,00","","","0","1","0","assist ven","MsCtr_Andamento_EML"
"3016","3445","","15","","1","1","USR","1257","EML","207","","","29/09/2025 15:07:00","MATHEUS.AUGUSTO","29/09/2025 15:07:00","MATHEUS.AUGUSTO","","","0","0,00","","","0","1","0","assist ven","MsCtr_Andamento_EML"
"3017","3445","","10","","1","1","USR","1160","EML","207","","","29/09/2025 15:07:00","MATHEUS.AUGUSTO","29/09/2025 15:07:00","MATHEUS.AUGUSTO","","","0","0,00","","","0","1","0","assist ven","MsCtr_Andamento_EML"
"3018","3445","","18","","1","1","USR","1260","EML","207","","","29/09/2025 15:07:00","MATHEUS.AUGUSTO","29/09/2025 15:07:00","MATHEUS.AUGUSTO","","","0","0,00","","","0","1","0","assist ven","MsCtr_Andamento_EML"
"3019","3445","","7","","1","1","USR","1122","EML","207","","","29/09/2025 15:08:00","MATHEUS.AUGUSTO","29/09/2025 15:08:00","MATHEUS.AUGUSTO","","","0","0,00","","","0","1","0","assist ven","MsCtr_Andamento_EML"
"3020","3445","","1","","1","1","USR","1121","EML","207","","","29/09/2025 15:08:00","MATHEUS.AUGUSTO","29/09/2025 15:08:00","MATHEUS.AUGUSTO","","","0","0,00","","","0","1","0","assist ven","MsCtr_Andamento_EML"
"3021","3445","","13","","1","1","USR","1255","EML","207","","","29/09/2025 15:08:00","MATHEUS.AUGUSTO","29/09/2025 15:08:00","MATHEUS.AUGUSTO","","","0","0,00","","","0","1","0","assist ven","MsCtr_Andamento_EML"
"3022","3445","","17","","1","1","USR","1259","EML","207","","","29/09/2025 15:09:00","MATHEUS.AUGUSTO","29/09/2025 15:09:00","MATHEUS.AUGUSTO","","","0","0,00","","","0","1","0","assist ven","MsCtr_Andamento_EML"
"3023","3445","","16","","1","1","USR","1258","EML","207","","","29/09/2025 15:09:00","MATHEUS.AUGUSTO","29/09/2025 15:09:00","MATHEUS.AUGUSTO","","","0","0,00","","","0","1","0","assist ven","MsCtr_Andamento_EML"
"3024","3675","","","","1","1","USR","1348","EML","207","","","30/09/2025 08:45:00","MATHEUS.AUGUSTO","30/09/2025 08:45:00","MATHEUS.AUGUSTO","","","0","0,00","","","0","1","0","Adm_vendas","MsCtr_Andamento_EML"
"3025","3425","","","","1","1","USR","1348","EML","207","","","01/10/2025 09:36:00","MATHEUS.AUGUSTO","01/10/2025 09:36:00","MATHEUS.AUGUSTO","","","0","0,00","","","0","1","0","adm_vendas","MsCtr_Andamento_EML"
"3026","3675","","","","1","1","USR","853","EML","207","","","01/10/2025 10:40:28","MATHEUS.AUGUSTO","01/10/2025 10:40:28","MATHEUS.AUGUSTO","","","0","0,00","","","0","1","0","adm_vendas","MsCtr_Andamento_EML"
"3027","3675","","","","1","1","USR","723","EML","207","","","01/10/2025 10:40:46","MATHEUS.AUGUSTO","01/10/2025 10:40:46","MATHEUS.AUGUSTO","","","0","0,00","","","0","1","0","adm_vendas","MsCtr_Andamento_EML"
"3028","3425","","","","1","1","USR","723","EML","207","","","01/10/2025 10:43:56","MATHEUS.AUGUSTO","01/10/2025 10:43:56","MATHEUS.AUGUSTO","","","0","0,00","","","0","1","0","adm_vendas","MsCtr_Andamento_EML"
"3029","3425","","","","1","1","USR","853","EML","207","","","01/10/2025 10:44:13","MATHEUS.AUGUSTO","01/10/2025 10:44:13","MATHEUS.AUGUSTO","","","0","0,00","","","0","1","0","adm_vendas","MsCtr_Andamento_EML"
"3030","3417","","","Sem Pendência","1","1","USR","853","EML","207","","","01/10/2025 16:12:35","MATHEUS.AUGUSTO","01/10/2025 16:12:35","MATHEUS.AUGUSTO","","","0","0,00","","","0","1","0","adm_vendas","MsCtr_Andamento_EML"
"3031","3417","","","Sem Pendência","1","1","USR","723","EML","207","","","01/10/2025 16:17:15","MATHEUS.AUGUSTO","01/10/2025 16:17:15","MATHEUS.AUGUSTO","","","0","0,00","","","0","1","0","adm_vendas","MsCtr_Andamento_EML"
"3032","3417","","","Sem Pendência","1","1","USR","1348","EML","207","","","01/10/2025 16:17:34","MATHEUS.AUGUSTO","01/10/2025 16:17:34","MATHEUS.AUGUSTO","","","0","0,00","","","0","1","0","adm_vendas","MsCtr_Andamento_EML"
"3033","3445","","","Sem Pendência","1","1","USR","853","EML","207","","","01/10/2025 16:18:50","MATHEUS.AUGUSTO","01/10/2025 16:18:50","MATHEUS.AUGUSTO","","","0","0,00","","","0","1","0","adm_vendas","MsCtr_Andamento_EML"
"3034","3445","","","Sem Pendência","1","1","USR","723","EML","207","","","01/10/2025 16:19:08","MATHEUS.AUGUSTO","01/10/2025 16:19:08","MATHEUS.AUGUSTO","","","0","0,00","","","0","1","0","adm_vendas","MsCtr_Andamento_EML"
"3035","3445","","","Sem Pendência","1","1","USR","1348","EML","207","","","01/10/2025 16:19:26","MATHEUS.AUGUSTO","01/10/2025 16:19:26","MATHEUS.AUGUSTO","","","0","0,00","","","0","1","0","adm_vendas","MsCtr_Andamento_EML"
"3036","3445","","2","","1","1","USR","952","EML","207","","","01/10/2025 16:25:18","MATHEUS.AUGUSTO","01/10/2025 16:25:18","MATHEUS.AUGUSTO","","","0","0,00","","","0","1","0","ger maq","MsCtr_Andamento_EML"
"3037","3445","","3","","1","1","USR","953","EML","207","","","01/10/2025 16:29:28","MATHEUS.AUGUSTO","01/10/2025 16:29:28","MATHEUS.AUGUSTO","","","0","0,00","","","0","1","0","ger maq","MsCtr_Andamento_EML"
"3038","3445","","9","","1","1","USR","957","EML","207","","","01/10/2025 16:33:30","MATHEUS.AUGUSTO","01/10/2025 16:33:30","MATHEUS.AUGUSTO","","","0","0,00","","","0","1","0","ger maq","MsCtr_Andamento_EML"
"3039","3445","","14","","1","1","USR","962","EML","207","","","01/10/2025 16:34:21","MATHEUS.AUGUSTO","01/10/2025 16:34:21","MATHEUS.AUGUSTO","","","0","0,00","","","0","1","0","ger maq","MsCtr_Andamento_EML"
"3040","3445","","11","","1","1","USR","959","EML","207","","","01/10/2025 16:34:42","MATHEUS.AUGUSTO","01/10/2025 16:34:42","MATHEUS.AUGUSTO","","","0","0,00","","","0","1","0","ger maq","MsCtr_Andamento_EML"
"3041","3445","","4","","1","1","USR","954","EML","207","","","01/10/2025 16:34:58","MATHEUS.AUGUSTO","01/10/2025 16:34:58","MATHEUS.AUGUSTO","","","0","0,00","","","0","1","0","ger maq","MsCtr_Andamento_EML"
"3042","3445","","12","","1","1","USR","960","EML","207","","","01/10/2025 16:35:26","MATHEUS.AUGUSTO","01/10/2025 16:35:26","MATHEUS.AUGUSTO","","","0","0,00","","","0","1","0","ger maq","MsCtr_Andamento_EML"
"3043","3445","","5","","1","1","USR","955","EML","207","","","01/10/2025 16:35:46","MATHEUS.AUGUSTO","01/10/2025 16:35:46","MATHEUS.AUGUSTO","","","0","0,00","","","0","1","0","ger maq","MsCtr_Andamento_EML"
"3044","3445","","15","","1","1","USR","963","EML","207","","","01/10/2025 16:36:05","MATHEUS.AUGUSTO","01/10/2025 16:36:05","MATHEUS.AUGUSTO","","","0","0,00","","","0","1","0","ger maq","MsCtr_Andamento_EML"
"3045","3445","","10","","1","1","USR","958","EML","207","","","01/10/2025 16:36:20","MATHEUS.AUGUSTO","01/10/2025 16:36:20","MATHEUS.AUGUSTO","","","0","0,00","","","0","1","0","ger maq","MsCtr_Andamento_EML"
"3046","3445","","18","","1","1","USR","966","EML","207","","","01/10/2025 16:36:47","MATHEUS.AUGUSTO","01/10/2025 16:36:47","MATHEUS.AUGUSTO","","","0","0,00","","","0","1","0","ger maq","MsCtr_Andamento_EML"
"3047","3445","","7","","1","1","USR","956","EML","207","","","01/10/2025 16:37:06","MATHEUS.AUGUSTO","01/10/2025 16:37:06","MATHEUS.AUGUSTO","","","0","0,00","","","0","1","0","ger maq","MsCtr_Andamento_EML"
"3048","3445","","1","","1","1","USR","951","EML","207","","","01/10/2025 16:37:23","MATHEUS.AUGUSTO","01/10/2025 16:37:23","MATHEUS.AUGUSTO","","","0","0,00","","","0","1","0","ger maq","MsCtr_Andamento_EML"
"3049","3445","","13","","1","1","USR","961","EML","207","","","01/10/2025 16:37:44","MATHEUS.AUGUSTO","01/10/2025 16:37:44","MATHEUS.AUGUSTO","","","0","0,00","","","0","1","0","ger maq","MsCtr_Andamento_EML"
"3050","3445","","17","","1","1","USR","965","EML","207","","","01/10/2025 16:38:04","MATHEUS.AUGUSTO","01/10/2025 16:38:04","MATHEUS.AUGUSTO","","","0","0,00","","","0","1","0","ger maq","MsCtr_Andamento_EML"
"3051","3445","","16","","1","1","USR","964","EML","207","","","01/10/2025 16:38:27","MATHEUS.AUGUSTO","01/10/2025 16:38:27","MATHEUS.AUGUSTO","","","0","0,00","","","0","1","0","ger maq","MsCtr_Andamento_EML"
"3052","3241","","","","1","1","USR","-5","EML","207","","","13/10/2025 14:49:22","MATHEUS.AUGUSTO","13/10/2025 14:49:22","MATHEUS.AUGUSTO","","","0","0,00","","","0","1","0","Vendedor","MsCtr_Andamento_EML"
"3053","3446","","","","1","1","USR","-5","EML","207","","","11/11/2025 13:55:49","MATHEUS.AUGUSTO","11/11/2025 13:55:49","MATHEUS.AUGUSTO","","","0","0,00","","","0","1","0","Vendedor","MsCtr_Andamento_EML"
"3054","3445","","","","1","1","USR","-5","EML","207","","","11/11/2025 13:56:42","MATHEUS.AUGUSTO","11/11/2025 13:56:42","MATHEUS.AUGUSTO","","","0","0,00","","","0","1","0","Vendedor","MsCtr_Andamento_EML"
"3055","3407","","","","1","1","USR","-5","EML","207","","","11/11/2025 13:57:17","MATHEUS.AUGUSTO","11/11/2025 13:57:17","MATHEUS.AUGUSTO","","","0","0,00","","","0","1","0","Vendedor","MsCtr_Andamento_EML"
"3056","3417","","","","1","1","USR","-5","EML","207","","","11/11/2025 13:58:48","MATHEUS.AUGUSTO","11/11/2025 13:58:48","MATHEUS.AUGUSTO","","","0","0,00","","","0","1","0","Vendedor","MsCtr_Andamento_EML"
"3057","3479","","","","1","1","USR","-5","EML","207","","","11/11/2025 13:59:40","MATHEUS.AUGUSTO","11/11/2025 13:59:40","MATHEUS.AUGUSTO","","","0","0,00","","","0","1","0","Vendedor","MsCtr_Andamento_EML"
"3058","3482","","","","1","1","USR","-5","EML","207","","","11/11/2025 14:00:09","MATHEUS.AUGUSTO","11/11/2025 14:00:09","MATHEUS.AUGUSTO","","","0","0,00","","","0","1","0","Vendedor","MsCtr_Andamento_EML"
"3059","3675","","","","1","1","USR","-5","EML","207","","","11/11/2025 14:02:00","MATHEUS.AUGUSTO","11/11/2025 14:02:00","MATHEUS.AUGUSTO","","","0","0,00","","","0","1","0","Vendedor","MsCtr_Andamento_EML"
"3060","3425","","","","1","1","USR","-5","EML","207","","","11/11/2025 14:04:43","MATHEUS.AUGUSTO","11/11/2025 14:04:43","MATHEUS.AUGUSTO","","","0","0,00","","","0","1","0","Vendedor","MsCtr_Andamento_EML"
"3061","3433","","","","1","1","USR","-5","EML","207","","","11/11/2025 14:05:13","MATHEUS.AUGUSTO","11/11/2025 14:05:13","MATHEUS.AUGUSTO","","","0","0,00","","","0","1","0","Vendedor","MsCtr_Andamento_EML"
"3062","3502","","","","1","1","USR","-5","EML","207","","","11/11/2025 14:10:41","MATHEUS.AUGUSTO","11/11/2025 14:10:41","MATHEUS.AUGUSTO","","","0","0,00","","","0","1","0","Vendedor","MsCtr_Andamento_EML"
"3063","3716","","","","1","1","USR","-5","EML","207","","","09/01/2026 12:54:20","MATHEUS.AUGUSTO","09/01/2026 12:54:20","MATHEUS.AUGUSTO","","","0","0,00","","","0","1","0","CEN","MsCtr_Andamento_EML"
"3064","3746","","","","1","1","USR","-5","EML","207","","","09/01/2026 16:13:14","MATHEUS.AUGUSTO","09/01/2026 16:13:14","MATHEUS.AUGUSTO","","","0","0,00","","","0","1","0","CEN","MsCtr_Andamento_EML"
"3065","3746","","","","1","1","USR","1448","EML","207","","","09/01/2026 16:14:27","MATHEUS.AUGUSTO","09/01/2026 16:14:27","MATHEUS.AUGUSTO","","","0","0,00","","","0","1","0","Marketing Tático","MsCtr_Andamento_EML"
"3066","3721","","","","1","1","USR","1448","EML","207","","","09/01/2026 16:15:37","MATHEUS.AUGUSTO","09/01/2026 16:15:37","MATHEUS.AUGUSTO","","","0","0,00","","","0","1","0","Marketing Tático","MsCtr_Andamento_EML"
"3067","3715","","","","1","1","USR","1448","EML","207","","","09/01/2026 16:16:35","MATHEUS.AUGUSTO","09/01/2026 16:16:35","MATHEUS.AUGUSTO","","","0","0,00","","","0","1","0","Marketing Tático","MsCtr_Andamento_EML"
"3068","3784","","","","1","1","USR","1450","EML","207","","","30/01/2026 16:24:56","MATHEUS.AUGUSTO","30/01/2026 16:24:56","MATHEUS.AUGUSTO","","","0","0,00","","","0","1","0","adm_puk","MsCtr_Andamento_EML"
"3069","3785","","","","1","1","USR","1450","EML","207","","","30/01/2026 17:04:50","MATHEUS.AUGUSTO","30/01/2026 17:04:50","MATHEUS.AUGUSTO","","","0","0,00","","","0","1","0","adm_puk","MsCtr_Andamento_EML"
"3070","3231","","","","1","1","OBDYN","230","EML","186","","","11/02/2026 15:37:44","MATHEUS.AUGUSTO","11/02/2026 15:37:44","MATHEUS.AUGUSTO","","","0","0,00","","","0","1","0","Desconto Incondicional","MsCtr_Andamento_EML"
"3071","3785","","","","1","1","USR","-5","EML","207","","","12/02/2026 08:48:10","MATHEUS.AUGUSTO","12/02/2026 08:48:10","MATHEUS.AUGUSTO","","","0","0,00","","","0","1","0","Vendedor","MsCtr_Andamento_EML"
"3072","3790","","","","1","1","USR","1272","EML","207","","","13/02/2026 11:08:41","MATHEUS.AUGUSTO","13/02/2026 11:08:41","MATHEUS.AUGUSTO","","","0","0,00","","","0","1","0","csc","MsCtr_Andamento_EML"
"3073","3440","","","","1","","USR","1272","EML","214","","","18/02/2026 10:54:00","NETO.PRADO","18/02/2026 10:54:00","NETO.PRADO","","","0","0,00","","","0","1","0","Ativação de Licenças (CSC)","MsCtr_Andamento_EML"
"3074","3494","","","","1","","USR","1272","EML","214","","","18/02/2026 10:57:00","NETO.PRADO","18/02/2026 10:57:00","NETO.PRADO","","","0","0,00","","","0","1","0","Ativação de Licenças (CSC)","MsCtr_Andamento_EML"
"3075","3813","","","","1","1","USR","-5","EML","207","","","16/03/2026 10:16:58","MATHEUS.AUGUSTO","16/03/2026 10:16:58","MATHEUS.AUGUSTO","","","0","0,00","","","0","1","0","Aviso","MsCtr_Andamento_EML"
"3076","3223","","","","1","1","USR","-3","EML","207","","","14/04/2026 08:03:27","MATHEUS.AUGUSTO","14/04/2026 08:03:27","MATHEUS.AUGUSTO","","","0","0,00","","","0","1","0","Gerentes","MsCtr_Andamento_EML"
"3077","3829","","","","","","USR","255","EML","207","","","23/04/2026 17:20:06","NETO.PRADO","23/04/2026 17:20:06","NETO.PRADO","","","0","0,00","","","0","1","0","TESTE CENTRO DE MENSAGEM","MsCtr_Andamento_EML"
"3078","3440","","","","1","1","OBDYN","231","EML","207","","","27/05/2026 09:40:13","MATHEUS.AUGUSTO","27/05/2026 09:40:13","MATHEUS.AUGUSTO","","","0","0,00","","","0","1","0","E-mail Faturamento PUK","MsCtr_Andamento_EML"
